[{"__type__":"cc.SpriteFrame","content":{"name":"guanqia109","texture":"22fHKvtNxEmI5SkADmWDef","rect":[1,0,831,1920],"offset":[0,0],"originalSize":[833,1920],"capInsets":[0,1828,0,0]}},[{"__type__":"cc.Prefab","_name":"UIDerived89","data":{"__id__":1}},{"__type__":"cc.Node","_name":"UIDerived89","_children":[{"__type__":"cc.Node","_name":"bule_node","_parent":{"__id__":1},"_prefab":{"__type__":"cc.PrefabInfo","root":{"__id__":1},"asset":{"__uuid__":"b8bJcf57ZCbqdi3omZIwxZ"},"fileId":"3a2CUehQVMw4IhuHSkvstj"},"_trs":{"__type__":"TypedArray","ctor":"Float64Array","array":[0,0,0,0,0,0,1,1,1,1]}},{"__type__":"cc.Node","_name":"greenwater_node","_parent":{"__id__":1},"_prefab":{"__type__":"cc.PrefabInfo","root":{"__id__":1},"asset":{"__uuid__":"b8bJcf57ZCbqdi3omZIwxZ"},"fileId":"8f1KPCqxVKZ6XSsmXZivea"},"_trs":{"__type__":"TypedArray","ctor":"Float64Array","array":[0,0,0,0,0,0,1,1,1,1]}},{"__type__":"cc.Node","_name":"redwater_node","_parent":{"__id__":1},"_prefab":{"__type__":"cc.PrefabInfo","root":{"__id__":1},"asset":{"__uuid__":"b8bJcf57ZCbqdi3omZIwxZ"},"fileId":"68CqGa8ElHWqACwQgkktiz"},"_trs":{"__type__":"TypedArray","ctor":"Float64Array","array":[0,0,0,0,0,0,1,1,1,1]}},{"__id__":2},{"__id__":3},{"__id__":4},{"__type__":"cc.Node","_name":"redPos_node","_parent":{"__id__":1},"_prefab":{"__type__":"cc.PrefabInfo","root":{"__id__":1},"asset":{"__uuid__":"b8bJcf57ZCbqdi3omZIwxZ"},"fileId":"02eQnWjxhAV6HApB6LkjQl"},"_trs":{"__type__":"TypedArray","ctor":"Float64Array","array":[0,0,0,0,0,0,1,1,1,1]}},{"__type__":"cc.Node","_name":"greenPos_node","_parent":{"__id__":1},"_prefab":{"__type__":"cc.PrefabInfo","root":{"__id__":1},"asset":{"__uuid__":"b8bJcf57ZCbqdi3omZIwxZ"},"fileId":"2dHkjIykNCDaPEGa/F6oGo"},"_trs":{"__type__":"TypedArray","ctor":"Float64Array","array":[0,0,0,0,0,0,1,1,1,1]}},{"__id__":5},{"__id__":7},{"__id__":9},{"__id__":11},{"__id__":13},{"__id__":14},{"__id__":15},{"__type__":"cc.Node","_name":"player","_parent":{"__id__":1},"_prefab":{"__type__":"cc.PrefabInfo","root":{"__id__":1},"asset":{"__uuid__":"b8bJcf57ZCbqdi3omZIwxZ"},"fileId":"72fSqOigVAMp3Raw9rUE7V"},"_trs":{"__type__":"TypedArray","ctor":"Float64Array","array":[43.501,-687.25,0,0,0,0,1,-0.7,0.7,1]}}],"_components":[{"__type__":"cc.Sprite","node":{"__id__":1},"_materials":[{"__uuid__":"ecpdLyjvZBwrvm+cedCcQy"}],"_spriteFrame":{"__uuid__":"41vuf5J0BJAbT3UqCO0LFZ"}},{"__type__":"1100eDGpRlLMYp5CrYQGpcQ","node":{"__id__":1}},{"__type__":"cc.RigidBody","node":{"__id__":1},"_type":0},{"__type__":"cc.PhysicsPolygonCollider","node":{"__id__":1},"_offset":{"__type__":"cc.Vec2","x":-422,"y":914},"points":[{"__type__":"cc.Vec2","x":7,"y":-1873},{"__type__":"cc.Vec2","x":49,"y":-1874},{"__type__":"cc.Vec2","x":47,"y":-1071},{"__type__":"cc.Vec2","x":59.3,"y":-1040.8},{"__type__":"cc.Vec2","x":78.9,"y":-1023.4},{"__type__":"cc.Vec2","x":86.3,"y":-1007.9},{"__type__":"cc.Vec2","x":89.7,"y":-847.7},{"__type__":"cc.Vec2","x":53,"y":-802},{"__type__":"cc.Vec2","x":48,"y":45.7},{"__type__":"cc.Vec2","x":4.6,"y":46.2}]},{"__type__":"cc.PhysicsPolygonCollider","node":{"__id__":1},"_offset":{"__type__":"cc.Vec2","x":-167,"y":914},"points":[{"__type__":"cc.Vec2","x":-50,"y":-505.9},{"__type__":"cc.Vec2","x":-31.8,"y":-521.8},{"__type__":"cc.Vec2","x":-6.4,"y":-527.5},{"__type__":"cc.Vec2","x":16.4,"y":-528.6},{"__type__":"cc.Vec2","x":40.3,"y":-515.4},{"__type__":"cc.Vec2","x":49.5,"y":-497.5},{"__type__":"cc.Vec2","x":49,"y":46},{"__type__":"cc.Vec2","x":-52,"y":46}]},{"__type__":"cc.PhysicsPolygonCollider","node":{"__id__":1},"_offset":{"__type__":"cc.Vec2","x":415,"y":914},"points":[{"__type__":"cc.Vec2","x":-42,"y":-746},{"__type__":"cc.Vec2","x":-71,"y":-777},{"__type__":"cc.Vec2","x":-143,"y":-797},{"__type__":"cc.Vec2","x":-606,"y":-870},{"__type__":"cc.Vec2","x":-622,"y":-882},{"__type__":"cc.Vec2","x":-621,"y":-963},{"__type__":"cc.Vec2","x":-604.5,"y":-975.9},{"__type__":"cc.Vec2","x":-486.6,"y":-989.8},{"__type__":"cc.Vec2","x":-111,"y":-1057},{"__type__":"cc.Vec2","x":-90,"y":-1096},{"__type__":"cc.Vec2","x":-90,"y":-1270},{"__type__":"cc.Vec2","x":-42,"y":-1320},{"__type__":"cc.Vec2","x":-41.7,"y":-1874},{"__type__":"cc.Vec2","x":1.6,"y":-1874.7},{"__type__":"cc.Vec2","x":1.2,"y":46.3},{"__type__":"cc.Vec2","x":-51,"y":47}]},{"__type__":"cc.PhysicsPolygonCollider","node":{"__id__":1},"_offset":{"__type__":"cc.Vec2","x":-275,"y":-909},"points":[{"__type__":"cc.Vec2","x":-50,"y":-50},{"__type__":"cc.Vec2","x":59.9,"y":-50.7},{"__type__":"cc.Vec2","x":61.2,"y":487.8},{"__type__":"cc.Vec2","x":74,"y":505.8},{"__type__":"cc.Vec2","x":100.2,"y":511.7},{"__type__":"cc.Vec2","x":201.1,"y":525.3},{"__type__":"cc.Vec2","x":445.8,"y":539.7},{"__type__":"cc.Vec2","x":466.1,"y":551.5},{"__type__":"cc.Vec2","x":473.9,"y":565.2},{"__type__":"cc.Vec2","x":478.2,"y":583.2},{"__type__":"cc.Vec2","x":479.9,"y":606.2},{"__type__":"cc.Vec2","x":480.2,"y":628.4},{"__type__":"cc.Vec2","x":474.3,"y":644.4},{"__type__":"cc.Vec2","x":455.7,"y":662.4},{"__type__":"cc.Vec2","x":357.9,"y":689.4},{"__type__":"cc.Vec2","x":182.9,"y":717},{"__type__":"cc.Vec2","x":-22,"y":734.3},{"__type__":"cc.Vec2","x":-31.7,"y":728.3},{"__type__":"cc.Vec2","x":-39.5,"y":715.2},{"__type__":"cc.Vec2","x":-50.9,"y":685.6}]},{"__type__":"cc.PhysicsPolygonCollider","node":{"__id__":1},"_offset":{"__type__":"cc.Vec2","x":-134,"y":-909},"points":[{"__type__":"cc.Vec2","x":-39.8,"y":-50},{"__type__":"cc.Vec2","x":414,"y":-52},{"__type__":"cc.Vec2","x":419,"y":423},{"__type__":"cc.Vec2","x":412.4,"y":437.8},{"__type__":"cc.Vec2","x":395.7,"y":460.5},{"__type__":"cc.Vec2","x":215.2,"y":452.1},{"__type__":"cc.Vec2","x":107.5,"y":443.5},{"__type__":"cc.Vec2","x":35.8,"y":427.7},{"__type__":"cc.Vec2","x":6.4,"y":414.8},{"__type__":"cc.Vec2","x":2.8,"y":402.5},{"__type__":"cc.Vec2","x":6.4,"y":391.9},{"__type__":"cc.Vec2","x":21.5,"y":384.2},{"__type__":"cc.Vec2","x":39.5,"y":379.7},{"__type__":"cc.Vec2","x":222.3,"y":374.6},{"__type__":"cc.Vec2","x":252.9,"y":357.9},{"__type__":"cc.Vec2","x":276.4,"y":335.5},{"__type__":"cc.Vec2","x":289,"y":279.3},{"__type__":"cc.Vec2","x":285.5,"y":214.3},{"__type__":"cc.Vec2","x":272.1,"y":182.3},{"__type__":"cc.Vec2","x":237.6,"y":161.4},{"__type__":"cc.Vec2","x":204.3,"y":156.5},{"__type__":"cc.Vec2","x":155.2,"y":159.4},{"__type__":"cc.Vec2","x":104.9,"y":172.8},{"__type__":"cc.Vec2","x":84.4,"y":194.1},{"__type__":"cc.Vec2","x":74.6,"y":218.4},{"__type__":"cc.Vec2","x":65.6,"y":294.4},{"__type__":"cc.Vec2","x":60.1,"y":304.6},{"__type__":"cc.Vec2","x":44,"y":309.8},{"__type__":"cc.Vec2","x":19.7,"y":309.7},{"__type__":"cc.Vec2","x":-1.2,"y":303.4},{"__type__":"cc.Vec2","x":-25.2,"y":288.6},{"__type__":"cc.Vec2","x":-34,"y":266.2}]}],"_prefab":{"__type__":"cc.PrefabInfo","root":{"__id__":1},"asset":{"__uuid__":"81ZCu9YVNG4oJq/pyr3YLd"},"fileId":"921LoQKmpJR6EViETaslD2"},"_contentSize":{"__type__":"cc.Size","width":833,"height":1920},"_trs":{"__type__":"TypedArray","ctor":"Float64Array","array":[0,0,0,0,0,0,1,1,1,1]}},{"__type__":"cc.Node","_name":"black_node","_parent":{"__id__":1},"_components":[{"__type__":"6c0e8KZwr5L34azTYX21stu","node":{"__id__":2}}],"_prefab":{"__type__":"cc.PrefabInfo","root":{"__id__":1},"asset":{"__uuid__":"b8bJcf57ZCbqdi3omZIwxZ"},"fileId":"28VPxzJdVAhpLHomlWkTZC"},"_trs":{"__type__":"TypedArray","ctor":"Float64Array","array":[0,0,0,0,0,0,1,1,1,1]}},{"__type__":"cc.Node","_name":"gray_node","_parent":{"__id__":1},"_components":[{"__type__":"3400dF2d2tHLK8+En9baGXY","node":{"__id__":3},"grey_prefab":{"__uuid__":"13FEeEL1NMaK5TFGpFQpJr"}}],"_prefab":{"__type__":"cc.PrefabInfo","root":{"__id__":1},"asset":{"__uuid__":"b8bJcf57ZCbqdi3omZIwxZ"},"fileId":"7aQJlqsO5MvJgvp4DTrzqh"},"_trs":{"__type__":"TypedArray","ctor":"Float64Array","array":[0,0,0,0,0,0,1,1,1,1]}},{"__type__":"cc.Node","_name":"bulePos_node","_parent":{"__id__":1},"_children":[{"__type__":"cc.Node","_name":"New Node","_parent":{"__id__":4},"_prefab":{"__type__":"cc.PrefabInfo","root":{"__id__":1},"asset":{"__uuid__":"b8bJcf57ZCbqdi3omZIwxZ"},"fileId":"0fLMWeP4RLa739YoRg/2Ui"},"_trs":{"__type__":"TypedArray","ctor":"Float64Array","array":[-298.595,658.051,0,0,0,0,1,1,1,1]}}],"_prefab":{"__type__":"cc.PrefabInfo","root":{"__id__":1},"asset":{"__uuid__":"b8bJcf57ZCbqdi3omZIwxZ"},"fileId":"d0L/Ymx+pLCquonAoYmqw9"},"_trs":{"__type__":"TypedArray","ctor":"Float64Array","array":[0,0,0,0,0,0,1,1,1,1]}},{"__type__":"cc.Node","_name":"zhenNode","_parent":{"__id__":1},"_children":[{"__id__":6}],"_prefab":{"__type__":"cc.PrefabInfo","root":{"__id__":1},"asset":{"__uuid__":"b8bJcf57ZCbqdi3omZIwxZ"},"fileId":"e22VCWzThJKogtD1qkH3j0"},"_trs":{"__type__":"TypedArray","ctor":"Float64Array","array":[-338.239,465.922,0,0,0,-1,6.123233995736766e-17,1,1,1]},"_eulerAngles":{"__type__":"cc.Vec3","z":-180},"_groupIndex":8,"groupIndex":8},{"__type__":"cc.Node","_name":"zhen","_objFlags":512,"_parent":{"__id__":5},"_components":[{"__type__":"cc.Sprite","node":{"__id__":6},"_materials":[{"__uuid__":"ecpdLyjvZBwrvm+cedCcQy"}],"_spriteFrame":{"__uuid__":"81u1O4l2lM2IGXbUA/0aw7"},"_type":1,"_sizeMode":0},{"__type__":"cc.RigidBody","node":{"__id__":6},"_type":3,"_allowSleep":false,"_gravityScale":0,"_fixedRotation":true,"enabledContactListener":true,"bullet":true},{"__type__":"cc.PhysicsPolygonCollider","node":{"__id__":6},"tag":222,"_offset":{"__type__":"cc.Vec2","x":241,"y":-1},"points":[{"__type__":"cc.Vec2","x":-125.1,"y":-53.1},{"__type__":"cc.Vec2","x":-15.6,"y":-55},{"__type__":"cc.Vec2","x":-15.8,"y":59.1},{"__type__":"cc.Vec2","x":-128.3,"y":56.8},{"__type__":"cc.Vec2","x":-135,"y":33.6},{"__type__":"cc.Vec2","x":-468,"y":37},{"__type__":"cc.Vec2","x":-467,"y":-34},{"__type__":"cc.Vec2","x":-129,"y":-31}]},{"__type__":"72555Q9muRD1505Zi2fOOxm","node":{"__id__":6},"linevelocityX":500}],"_prefab":{"__type__":"cc.PrefabInfo","root":{"__id__":1},"asset":{"__uuid__":"b8bJcf57ZCbqdi3omZIwxZ"},"fileId":"63RCJw4Q5DfoPZ5X6WRS5g"},"_contentSize":{"__type__":"cc.Size","width":450,"height":111},"_trs":{"__type__":"TypedArray","ctor":"Float64Array","array":[0,0,0,0,0,0,1,0.8,0.8,0.8]},"_groupIndex":8,"groupIndex":8},{"__type__":"cc.Node","_name":"zhenNode","_parent":{"__id__":1},"_children":[{"__id__":8}],"_prefab":{"__type__":"cc.PrefabInfo","root":{"__id__":1},"asset":{"__uuid__":"b8bJcf57ZCbqdi3omZIwxZ"},"fileId":"a4HMh3tUVEdJdB1s3RXmPb"},"_trs":{"__type__":"TypedArray","ctor":"Float64Array","array":[192.379,566.879,0,0,0,-0.043619387365336,0.9990482215818578,1,1,1]},"_eulerAngles":{"__type__":"cc.Vec3","z":-5},"_groupIndex":8,"groupIndex":8},{"__type__":"cc.Node","_name":"zhen","_objFlags":512,"_parent":{"__id__":7},"_components":[{"__type__":"cc.Sprite","node":{"__id__":8},"_materials":[{"__uuid__":"ecpdLyjvZBwrvm+cedCcQy"}],"_spriteFrame":{"__uuid__":"81u1O4l2lM2IGXbUA/0aw7"},"_type":1,"_sizeMode":0},{"__type__":"cc.RigidBody","node":{"__id__":8},"_type":3,"_allowSleep":false,"_gravityScale":0,"_fixedRotation":true,"enabledContactListener":true,"bullet":true},{"__type__":"cc.PhysicsPolygonCollider","node":{"__id__":8},"tag":222,"_offset":{"__type__":"cc.Vec2","x":241,"y":-1},"points":[{"__type__":"cc.Vec2","x":53.9,"y":19.1},{"__type__":"cc.Vec2","x":-640.8,"y":20.5},{"__type__":"cc.Vec2","x":-641.6,"y":-16.7},{"__type__":"cc.Vec2","x":53.3,"y":-17.2}]},{"__type__":"72555Q9muRD1505Zi2fOOxm","node":{"__id__":8},"linevelocityX":500}],"_prefab":{"__type__":"cc.PrefabInfo","root":{"__id__":1},"asset":{"__uuid__":"b8bJcf57ZCbqdi3omZIwxZ"},"fileId":"45og6pV7VDtaVg2ycmOmP9"},"_contentSize":{"__type__":"cc.Size","width":800,"height":111},"_trs":{"__type__":"TypedArray","ctor":"Float64Array","array":[0,0,0,0,0,0,1,0.8,0.8,0.8]},"_groupIndex":8,"groupIndex":8},{"__type__":"cc.Node","_name":"zhenNode","_parent":{"__id__":1},"_children":[{"__id__":10}],"_prefab":{"__type__":"cc.PrefabInfo","root":{"__id__":1},"asset":{"__uuid__":"b8bJcf57ZCbqdi3omZIwxZ"},"fileId":"45l0VwJNNKGpQqN4YfV06l"},"_trs":{"__type__":"TypedArray","ctor":"Float64Array","array":[269.561,385.848,0,0,0,-0.043619387365336,0.9990482215818578,1,1,1]},"_eulerAngles":{"__type__":"cc.Vec3","z":-5},"_groupIndex":8,"groupIndex":8},{"__type__":"cc.Node","_name":"zhen","_objFlags":512,"_parent":{"__id__":9},"_components":[{"__type__":"cc.Sprite","node":{"__id__":10},"_materials":[{"__uuid__":"ecpdLyjvZBwrvm+cedCcQy"}],"_spriteFrame":{"__uuid__":"81u1O4l2lM2IGXbUA/0aw7"},"_type":1,"_sizeMode":0},{"__type__":"cc.RigidBody","node":{"__id__":10},"_type":3,"_allowSleep":false,"_gravityScale":0,"_fixedRotation":true,"enabledContactListener":true,"bullet":true},{"__type__":"cc.PhysicsPolygonCollider","node":{"__id__":10},"tag":222,"_offset":{"__type__":"cc.Vec2","x":241,"y":-1},"points":[{"__type__":"cc.Vec2","x":-48.9,"y":-15.4},{"__type__":"cc.Vec2","x":-46.1,"y":20.4},{"__type__":"cc.Vec2","x":-541.3,"y":18.4},{"__type__":"cc.Vec2","x":-541,"y":-15.2}]},{"__type__":"72555Q9muRD1505Zi2fOOxm","node":{"__id__":10},"linevelocityX":500}],"_prefab":{"__type__":"cc.PrefabInfo","root":{"__id__":1},"asset":{"__uuid__":"b8bJcf57ZCbqdi3omZIwxZ"},"fileId":"80lhf2cP5GPbob+zi2vvy+"},"_contentSize":{"__type__":"cc.Size","width":600,"height":111},"_trs":{"__type__":"TypedArray","ctor":"Float64Array","array":[0,0,0,0,0,0,1,0.8,0.8,0.8]},"_groupIndex":8,"groupIndex":8},{"__type__":"cc.Node","_name":"zhenNode","_parent":{"__id__":1},"_children":[{"__id__":12}],"_prefab":{"__type__":"cc.PrefabInfo","root":{"__id__":1},"asset":{"__uuid__":"b8bJcf57ZCbqdi3omZIwxZ"},"fileId":"64TtGmTHhI+YbaZUtPWbHF"},"_trs":{"__type__":"TypedArray","ctor":"Float64Array","array":[352.415,170.791,0,0,0,-0.043619387365336,0.9990482215818578,1,1,1]},"_eulerAngles":{"__type__":"cc.Vec3","z":-5},"_groupIndex":8,"groupIndex":8},{"__type__":"cc.Node","_name":"zhen","_objFlags":512,"_parent":{"__id__":11},"_components":[{"__type__":"cc.Sprite","node":{"__id__":12},"_materials":[{"__uuid__":"ecpdLyjvZBwrvm+cedCcQy"}],"_spriteFrame":{"__uuid__":"81u1O4l2lM2IGXbUA/0aw7"},"_type":1,"_sizeMode":0},{"__type__":"cc.RigidBody","node":{"__id__":12},"_type":3,"_allowSleep":false,"_gravityScale":0,"_fixedRotation":true,"enabledContactListener":true,"bullet":true},{"__type__":"cc.PhysicsPolygonCollider","node":{"__id__":12},"tag":222,"_offset":{"__type__":"cc.Vec2","x":241,"y":-1},"points":[{"__type__":"cc.Vec2","x":-146.7,"y":18.9},{"__type__":"cc.Vec2","x":-441.4,"y":17.5},{"__type__":"cc.Vec2","x":-441.2,"y":-15.2},{"__type__":"cc.Vec2","x":-148.1,"y":-15}]},{"__type__":"72555Q9muRD1505Zi2fOOxm","node":{"__id__":12},"linevelocityX":500}],"_prefab":{"__type__":"cc.PrefabInfo","root":{"__id__":1},"asset":{"__uuid__":"b8bJcf57ZCbqdi3omZIwxZ"},"fileId":"1bW1YSYZFC6rMHs7t5BAj6"},"_contentSize":{"__type__":"cc.Size","width":400,"height":111},"_trs":{"__type__":"TypedArray","ctor":"Float64Array","array":[0,0,0,0,0,0,1,0.8,0.8,0.8]},"_groupIndex":8,"groupIndex":8},{"__type__":"cc.Node","_name":"img_st","_parent":{"__id__":1},"_components":[{"__type__":"cc.Sprite","node":{"__id__":13},"_materials":[{"__uuid__":"ecpdLyjvZBwrvm+cedCcQy"}],"_spriteFrame":{"__uuid__":"b4NoaY1X5Oap1nEiG9VED3"}},{"__type__":"cc.RigidBody","node":{"__id__":13},"_gravityScale":5},{"__type__":"cc.PhysicsCircleCollider","node":{"__id__":13},"_friction":0.1,"_radius":65}],"_prefab":{"__type__":"cc.PrefabInfo","root":{"__id__":1},"asset":{"__uuid__":"b8bJcf57ZCbqdi3omZIwxZ"},"fileId":"47oQoArOZF3ZCETfEJSe/9"},"_contentSize":{"__type__":"cc.Size","width":135,"height":126},"_trs":{"__type__":"TypedArray","ctor":"Float64Array","array":[294.67,264.124,0,0,0,0,1,0.8,0.8,1]},"_groupIndex":13,"groupIndex":13},{"__type__":"cc.Node","_name":"img_st copy","_parent":{"__id__":1},"_components":[{"__type__":"cc.Sprite","node":{"__id__":14},"_materials":[{"__uuid__":"ecpdLyjvZBwrvm+cedCcQy"}],"_spriteFrame":{"__uuid__":"b4NoaY1X5Oap1nEiG9VED3"}},{"__type__":"cc.RigidBody","node":{"__id__":14},"_gravityScale":5},{"__type__":"cc.PhysicsCircleCollider","node":{"__id__":14},"_friction":0.1,"_radius":65}],"_prefab":{"__type__":"cc.PrefabInfo","root":{"__id__":1},"asset":{"__uuid__":"b8bJcf57ZCbqdi3omZIwxZ"},"fileId":"6avGXangVHlZ0OPqDkcSxh"},"_contentSize":{"__type__":"cc.Size","width":135,"height":126},"_trs":{"__type__":"TypedArray","ctor":"Float64Array","array":[309.6,453.619,0,0,0,0,1,0.6,0.6,1]},"_groupIndex":13,"groupIndex":13},{"__type__":"cc.Node","_name":"img_st copy","_parent":{"__id__":1},"_components":[{"__type__":"cc.Sprite","node":{"__id__":15},"_materials":[{"__uuid__":"ecpdLyjvZBwrvm+cedCcQy"}],"_spriteFrame":{"__uuid__":"b4NoaY1X5Oap1nEiG9VED3"}},{"__type__":"cc.RigidBody","node":{"__id__":15},"_gravityScale":5},{"__type__":"cc.PhysicsCircleCollider","node":{"__id__":15},"_friction":0.1,"_radius":65}],"_prefab":{"__type__":"cc.PrefabInfo","root":{"__id__":1},"asset":{"__uuid__":"b8bJcf57ZCbqdi3omZIwxZ"},"fileId":"adivPIjKVA0aNcPXtkbuGC"},"_contentSize":{"__type__":"cc.Size","width":135,"height":126},"_trs":{"__type__":"TypedArray","ctor":"Float64Array","array":[309.6,621.875,0,0,0,0,1,0.5,0.5,1]},"_groupIndex":13,"groupIndex":13}]]