[[{"__type__":"cc.Prefab","_name":"player","data":{"__id__":1}},{"__type__":"cc.Node","_name":"player","_components":[{"__type__":"cc.Sprite","node":{"__id__":1},"_materials":[{"__uuid__":"ecpdLyjvZBwrvm+cedCcQy"}],"_spriteFrame":{"__uuid__":"b4HMPOfyVDDrEA9pQGDtXA"}},{"__type__":"01f289XMctJip07hmhMcMgM","node":{"__id__":1}}],"_prefab":{"__type__":"cc.PrefabInfo","root":{"__id__":1},"asset":{"__uuid__":"39fScwm89LLIyRwoOZs9vT"},"fileId":"85SEH6lZhDrqzdVf9mbLXe"},"_contentSize":{"__type__":"cc.Size","width":122,"height":86},"_trs":{"__type__":"TypedArray","ctor":"Float64Array","array":[0,0,0,0,0,0,1,2,2,1]},"_groupIndex":159,"groupIndex":159}],{"__type__":"cc.SpriteFrame","content":{"name":"player","texture":"cfhVU/qjBFTJD50UxTDCIX","rect":[0,0,122,86],"offset":[0,0],"originalSize":[122,86],"capInsets":[0,0,0,0]}}]