[{"__type__":"cc.SpriteFrame","content":{"name":"guanqia64","texture":"e2FJpOkWpGRota8kp6Q2Qd","rect":[2,1,941,1499],"offset":[1,0],"originalSize":[943,1501],"capInsets":[0,0,0,0]}},[{"__type__":"cc.Prefab","_name":"UIDerived74","data":{"__id__":1}},{"__type__":"cc.Node","_name":"UIDerived56","_children":[{"__type__":"cc.Node","_name":"bule_node","_parent":{"__id__":1},"_prefab":{"__type__":"cc.PrefabInfo","root":{"__id__":1},"asset":{"__uuid__":"eewBBAuN9EvYhHxC5bDUiL"},"fileId":"17a9pIsFZIG7JdNui6Mz8Z"},"_trs":{"__type__":"TypedArray","ctor":"Float64Array","array":[0,0,0,0,0,0,1,1,1,1]}},{"__type__":"cc.Node","_name":"greenwater_node","_parent":{"__id__":1},"_prefab":{"__type__":"cc.PrefabInfo","root":{"__id__":1},"asset":{"__uuid__":"eewBBAuN9EvYhHxC5bDUiL"},"fileId":"f5Gu/8G0hNwr5eswM/Qa4I"},"_trs":{"__type__":"TypedArray","ctor":"Float64Array","array":[0,0,0,0,0,0,1,1,1,1]}},{"__type__":"cc.Node","_name":"redwater_node","_parent":{"__id__":1},"_prefab":{"__type__":"cc.PrefabInfo","root":{"__id__":1},"asset":{"__uuid__":"eewBBAuN9EvYhHxC5bDUiL"},"fileId":"17mtzFDkZGjY3QLBBDJCxM"},"_trs":{"__type__":"TypedArray","ctor":"Float64Array","array":[0,0,0,0,0,0,1,1,1,1]}},{"__id__":2},{"__id__":3},{"__id__":4},{"__id__":5},{"__type__":"cc.Node","_name":"greenPos_node","_parent":{"__id__":1},"_prefab":{"__type__":"cc.PrefabInfo","root":{"__id__":1},"asset":{"__uuid__":"eewBBAuN9EvYhHxC5bDUiL"},"fileId":"69Arq3X9dEBqB4gvSeLZtZ"},"_trs":{"__type__":"TypedArray","ctor":"Float64Array","array":[0,0,0,0,0,0,1,1,1,1]}},{"__type__":"cc.Node","_name":"player","_parent":{"__id__":1},"_prefab":{"__type__":"cc.PrefabInfo","root":{"__id__":1},"asset":{"__uuid__":"eewBBAuN9EvYhHxC5bDUiL"},"fileId":"f51NKpRoVAT4Un/KY9Cs0M"},"_contentSize":{"__type__":"cc.Size","width":240,"height":140},"_trs":{"__type__":"TypedArray","ctor":"Float64Array","array":[-215.48,-622.265,0,0,0,0,1,-0.7,0.7,1]}},{"__id__":6},{"__id__":8},{"__id__":10},{"__id__":14}],"_components":[{"__type__":"cc.Sprite","node":{"__id__":1},"_materials":[{"__uuid__":"ecpdLyjvZBwrvm+cedCcQy"}],"_spriteFrame":{"__uuid__":"e9RKOIFVBJYYtvw8AvSyPu"}},{"__type__":"cc.RigidBody","node":{"__id__":1},"_type":0},{"__type__":"cc.PhysicsPolygonCollider","node":{"__id__":1},"_offset":{"__type__":"cc.Vec2","x":-423,"y":729},"points":[{"__type__":"cc.Vec2","x":-40,"y":-1486},{"__type__":"cc.Vec2","x":901,"y":-1471},{"__type__":"cc.Vec2","x":1341.6,"y":-1670.8},{"__type__":"cc.Vec2","x":2278,"y":-1600},{"__type__":"cc.Vec2","x":2498,"y":-523},{"__type__":"cc.Vec2","x":901,"y":50},{"__type__":"cc.Vec2","x":-48.3,"y":51.7},{"__type__":"cc.Vec2","x":2.7,"y":-24},{"__type__":"cc.Vec2","x":364.4,"y":-19.1},{"__type__":"cc.Vec2","x":359.9,"y":-182.5},{"__type__":"cc.Vec2","x":378.6,"y":-237.6},{"__type__":"cc.Vec2","x":800.8,"y":-663.5},{"__type__":"cc.Vec2","x":567,"y":-901},{"__type__":"cc.Vec2","x":496.9,"y":-837.5},{"__type__":"cc.Vec2","x":170.2,"y":-518.4},{"__type__":"cc.Vec2","x":134.5,"y":-509.6},{"__type__":"cc.Vec2","x":90.9,"y":-520.6},{"__type__":"cc.Vec2","x":68.7,"y":-552.1},{"__type__":"cc.Vec2","x":63.5,"y":-579.9},{"__type__":"cc.Vec2","x":66.1,"y":-617.4},{"__type__":"cc.Vec2","x":87.7,"y":-667.4},{"__type__":"cc.Vec2","x":247.6,"y":-831.7},{"__type__":"cc.Vec2","x":279,"y":-892},{"__type__":"cc.Vec2","x":281.1,"y":-923.5},{"__type__":"cc.Vec2","x":269,"y":-970.8},{"__type__":"cc.Vec2","x":265.3,"y":-995.2},{"__type__":"cc.Vec2","x":274.1,"y":-1009.1},{"__type__":"cc.Vec2","x":925,"y":-1173},{"__type__":"cc.Vec2","x":2085,"y":-645},{"__type__":"cc.Vec2","x":2251,"y":-1561},{"__type__":"cc.Vec2","x":1308,"y":-1635},{"__type__":"cc.Vec2","x":899,"y":-1280},{"__type__":"cc.Vec2","x":289.1,"y":-1114.8},{"__type__":"cc.Vec2","x":272.1,"y":-1130.8},{"__type__":"cc.Vec2","x":268.4,"y":-1147.8},{"__type__":"cc.Vec2","x":279.6,"y":-1171.7},{"__type__":"cc.Vec2","x":346,"y":-1236.7},{"__type__":"cc.Vec2","x":377.1,"y":-1310.2},{"__type__":"cc.Vec2","x":322.9,"y":-1411.6},{"__type__":"cc.Vec2","x":216,"y":-1436},{"__type__":"cc.Vec2","x":127.3,"y":-1413.2},{"__type__":"cc.Vec2","x":78.2,"y":-1328.1},{"__type__":"cc.Vec2","x":79.8,"y":-1229.9},{"__type__":"cc.Vec2","x":119.4,"y":-1073.2},{"__type__":"cc.Vec2","x":123.9,"y":-1007.8},{"__type__":"cc.Vec2","x":121,"y":-934},{"__type__":"cc.Vec2","x":96,"y":-886},{"__type__":"cc.Vec2","x":51.4,"y":-845.6},{"__type__":"cc.Vec2","x":14.7,"y":-818.3},{"__type__":"cc.Vec2","x":-4.1,"y":-772.5},{"__type__":"cc.Vec2","x":-5.9,"y":-366.5},{"__type__":"cc.Vec2","x":7.8,"y":-351},{"__type__":"cc.Vec2","x":159.2,"y":-348.2},{"__type__":"cc.Vec2","x":189.9,"y":-365.3},{"__type__":"cc.Vec2","x":547.2,"y":-719.7},{"__type__":"cc.Vec2","x":577,"y":-722.4},{"__type__":"cc.Vec2","x":627.9,"y":-676.4},{"__type__":"cc.Vec2","x":619.8,"y":-637.4},{"__type__":"cc.Vec2","x":194.8,"y":-216.6},{"__type__":"cc.Vec2","x":167.2,"y":-204.9},{"__type__":"cc.Vec2","x":-1.5,"y":-201.7},{"__type__":"cc.Vec2","x":0.7,"y":-22.5},{"__type__":"cc.Vec2","x":-50,"y":50}]},{"__type__":"1100eDGpRlLMYp5CrYQGpcQ","node":{"__id__":1}}],"_prefab":{"__type__":"cc.PrefabInfo","root":{"__id__":1},"asset":{"__uuid__":"eewBBAuN9EvYhHxC5bDUiL"},"fileId":"1bAWuynZpIgb7JV6il2CGF"},"_contentSize":{"__type__":"cc.Size","width":941,"height":1499},"_trs":{"__type__":"TypedArray","ctor":"Float64Array","array":[96.944,0,0,0,0,0,1,1,1,1]}},{"__type__":"cc.Node","_name":"black_node","_parent":{"__id__":1},"_components":[{"__type__":"6c0e8KZwr5L34azTYX21stu","node":{"__id__":2}}],"_prefab":{"__type__":"cc.PrefabInfo","root":{"__id__":1},"asset":{"__uuid__":"eewBBAuN9EvYhHxC5bDUiL"},"fileId":"1e1x3Dx09JM5hXTOcpw/vN"},"_trs":{"__type__":"TypedArray","ctor":"Float64Array","array":[0,0,0,0,0,0,1,1,1,1]}},{"__type__":"cc.Node","_name":"gray_node","_parent":{"__id__":1},"_components":[{"__type__":"3400dF2d2tHLK8+En9baGXY","node":{"__id__":3},"grey_prefab":{"__uuid__":"13FEeEL1NMaK5TFGpFQpJr"}}],"_prefab":{"__type__":"cc.PrefabInfo","root":{"__id__":1},"asset":{"__uuid__":"eewBBAuN9EvYhHxC5bDUiL"},"fileId":"bao0jNmDVLTZznPMSg6Lv1"},"_trs":{"__type__":"TypedArray","ctor":"Float64Array","array":[0,0,0,0,0,0,1,1,1,1]}},{"__type__":"cc.Node","_name":"bulePos_node","_parent":{"__id__":1},"_children":[{"__type__":"cc.Node","_name":"New Node","_parent":{"__id__":4},"_prefab":{"__type__":"cc.PrefabInfo","root":{"__id__":1},"asset":{"__uuid__":"eewBBAuN9EvYhHxC5bDUiL"},"fileId":"fdLwcxWURHGZWVR9Fpe05q"},"_trs":{"__type__":"TypedArray","ctor":"Float64Array","array":[-153.637,664.709,0,0,0,0,1,1,1,1]}}],"_prefab":{"__type__":"cc.PrefabInfo","root":{"__id__":1},"asset":{"__uuid__":"eewBBAuN9EvYhHxC5bDUiL"},"fileId":"9bhIIQIgNDPbkWrSs6ihUQ"},"_trs":{"__type__":"TypedArray","ctor":"Float64Array","array":[0,0,0,0,0,0,1,1,1,1]}},{"__type__":"cc.Node","_name":"redPos_node","_parent":{"__id__":1},"_children":[{"__type__":"cc.Node","_name":"New Node","_parent":{"__id__":5},"_prefab":{"__type__":"cc.PrefabInfo","root":{"__id__":1},"asset":{"__uuid__":"eewBBAuN9EvYhHxC5bDUiL"},"fileId":"aeREZJGnhGe7rN7568ZgMn"},"_trs":{"__type__":"TypedArray","ctor":"Float64Array","array":[19.49,364.864,0,0,0,0,1,1,1,1]}}],"_prefab":{"__type__":"cc.PrefabInfo","root":{"__id__":1},"asset":{"__uuid__":"eewBBAuN9EvYhHxC5bDUiL"},"fileId":"279uvMTwhC2LZWnBjQExgb"},"_trs":{"__type__":"TypedArray","ctor":"Float64Array","array":[0,0,0,0,0,0,1,1,1,1]}},{"__type__":"cc.Node","_name":"zhenNode","_parent":{"__id__":1},"_children":[{"__id__":7}],"_prefab":{"__type__":"cc.PrefabInfo","root":{"__id__":1},"asset":{"__uuid__":"eewBBAuN9EvYhHxC5bDUiL"},"fileId":"c0/TmockBK8qW+Peq08jFg"},"_trs":{"__type__":"TypedArray","ctor":"Float64Array","array":[-154.819,293.009,0,0,0,-0.9141443204343628,0.40538890144846956,1,1,1]},"_eulerAngles":{"__type__":"cc.Vec3","z":-132.16899999999998},"_groupIndex":8,"groupIndex":8},{"__type__":"cc.Node","_name":"zhen","_parent":{"__id__":6},"_components":[{"__type__":"cc.Sprite","node":{"__id__":7},"_materials":[{"__uuid__":"ecpdLyjvZBwrvm+cedCcQy"}],"_spriteFrame":{"__uuid__":"81u1O4l2lM2IGXbUA/0aw7"},"_type":1},{"__type__":"cc.RigidBody","node":{"__id__":7},"_type":3,"_allowSleep":false,"_gravityScale":0,"_fixedRotation":true,"enabledContactListener":true,"bullet":true},{"__type__":"cc.PhysicsPolygonCollider","node":{"__id__":7},"tag":222,"_offset":{"__type__":"cc.Vec2","x":241,"y":-1},"points":[{"__type__":"cc.Vec2","x":-48.9,"y":-66.3},{"__type__":"cc.Vec2","x":62.5,"y":-66.3},{"__type__":"cc.Vec2","x":63,"y":67.4},{"__type__":"cc.Vec2","x":-48.4,"y":69},{"__type__":"cc.Vec2","x":-52.2,"y":41.4},{"__type__":"cc.Vec2","x":-533.6,"y":43.1},{"__type__":"cc.Vec2","x":-532.1,"y":-35.8},{"__type__":"cc.Vec2","x":-49.2,"y":-34.3}]},{"__type__":"72555Q9muRD1505Zi2fOOxm","node":{"__id__":7},"linevelocityX":500}],"_prefab":{"__type__":"cc.PrefabInfo","root":{"__id__":1},"asset":{"__uuid__":"eewBBAuN9EvYhHxC5bDUiL"},"fileId":"9f+HBJmQFH0qGSViLb8uxT"},"_contentSize":{"__type__":"cc.Size","width":587,"height":111},"_trs":{"__type__":"TypedArray","ctor":"Float64Array","array":[0,0,0,0,0,0,1,0.8,0.8,0.8]},"_groupIndex":8,"groupIndex":8},{"__type__":"cc.Node","_name":"zhenNode","_parent":{"__id__":1},"_children":[{"__id__":9}],"_prefab":{"__type__":"cc.PrefabInfo","root":{"__id__":1},"asset":{"__uuid__":"eewBBAuN9EvYhHxC5bDUiL"},"fileId":"3ctSIWDIpGS68B4KIL3SF9"},"_trs":{"__type__":"TypedArray","ctor":"Float64Array","array":[-188.675,-363.037,0,0,0,-0.9926763916505049,-0.12080389670757045,1,1,1]},"_eulerAngles":{"__type__":"cc.Vec3","z":-193.87699999999998},"_groupIndex":8,"groupIndex":8},{"__type__":"cc.Node","_name":"zhen","_parent":{"__id__":8},"_components":[{"__type__":"cc.Sprite","node":{"__id__":9},"_materials":[{"__uuid__":"ecpdLyjvZBwrvm+cedCcQy"}],"_spriteFrame":{"__uuid__":"81u1O4l2lM2IGXbUA/0aw7"},"_type":1},{"__type__":"cc.RigidBody","node":{"__id__":9},"_type":3,"_allowSleep":false,"_gravityScale":0,"_fixedRotation":true,"enabledContactListener":true,"bullet":true},{"__type__":"cc.PhysicsPolygonCollider","node":{"__id__":9},"tag":222,"_offset":{"__type__":"cc.Vec2","x":241,"y":-1},"points":[{"__type__":"cc.Vec2","x":-48.9,"y":-66.3},{"__type__":"cc.Vec2","x":62.5,"y":-66.3},{"__type__":"cc.Vec2","x":63,"y":67.4},{"__type__":"cc.Vec2","x":-48.4,"y":69},{"__type__":"cc.Vec2","x":-52.2,"y":41.4},{"__type__":"cc.Vec2","x":-533.6,"y":43.1},{"__type__":"cc.Vec2","x":-532.1,"y":-35.8},{"__type__":"cc.Vec2","x":-49.2,"y":-34.3}]},{"__type__":"72555Q9muRD1505Zi2fOOxm","node":{"__id__":9},"linevelocityX":500}],"_prefab":{"__type__":"cc.PrefabInfo","root":{"__id__":1},"asset":{"__uuid__":"eewBBAuN9EvYhHxC5bDUiL"},"fileId":"38fYe1YBdGCIgrEaM/FeBL"},"_contentSize":{"__type__":"cc.Size","width":587,"height":111},"_trs":{"__type__":"TypedArray","ctor":"Float64Array","array":[0,0,0,0,0,0,1,0.8,0.8,0.8]},"_groupIndex":8,"groupIndex":8},{"__type__":"cc.Node","_name":"zhenNodeTwo","_parent":{"__id__":1},"_children":[{"__id__":11},{"__id__":12},{"__id__":13}],"_prefab":{"__type__":"cc.PrefabInfo","root":{"__id__":1},"asset":{"__uuid__":"eewBBAuN9EvYhHxC5bDUiL"},"fileId":"47RZZ6/f1K1pRE9hsSex7M"},"_trs":{"__type__":"TypedArray","ctor":"Float64Array","array":[213.403,243.479,0,0,0,0.9304175679820246,-0.3665012267242972,1,1,1]},"_eulerAngles":{"__type__":"cc.Vec3","z":223}},{"__type__":"cc.Node","_name":"zhen","_parent":{"__id__":10},"_components":[{"__type__":"cc.Sprite","node":{"__id__":11},"_materials":[{"__uuid__":"ecpdLyjvZBwrvm+cedCcQy"}],"_spriteFrame":{"__uuid__":"14vJwyNH1OspMXFimJtxkW"},"_type":1,"_sizeMode":0},{"__type__":"cc.RigidBody","node":{"__id__":11},"_type":3,"_gravityScale":0,"_fixedRotation":true,"enabledContactListener":true,"bullet":true},{"__type__":"cc.PhysicsPolygonCollider","node":{"__id__":11},"_offset":{"__type__":"cc.Vec2","x":199.9,"y":0.6},"points":[{"__type__":"cc.Vec2","x":-346.7,"y":-79.8},{"__type__":"cc.Vec2","x":-208.7,"y":-78.5},{"__type__":"cc.Vec2","x":-207.7,"y":-38.1},{"__type__":"cc.Vec2","x":-74.5,"y":-36.7},{"__type__":"cc.Vec2","x":-73.7,"y":36.5},{"__type__":"cc.Vec2","x":-209.4,"y":33.8},{"__type__":"cc.Vec2","x":-207,"y":81.7},{"__type__":"cc.Vec2","x":-345.4,"y":83.3}]},{"__type__":"1cb3eoIRdhJWZayW7A68Y7j","node":{"__id__":11},"applyUpsensor":true}],"_prefab":{"__type__":"cc.PrefabInfo","root":{"__id__":1},"asset":{"__uuid__":"eewBBAuN9EvYhHxC5bDUiL"},"fileId":"34I/wSXlZAJ44555c25B2k"},"_contentSize":{"__type__":"cc.Size","width":253,"height":111},"_trs":{"__type__":"TypedArray","ctor":"Float64Array","array":[0,0,0,0,0,0,1,1,1,1]}},{"__type__":"cc.Node","_name":"zhenup","_parent":{"__id__":10},"_components":[{"__type__":"cc.RigidBody","node":{"__id__":12},"_type":0,"_gravityScale":0,"bullet":true}],"_prefab":{"__type__":"cc.PrefabInfo","root":{"__id__":1},"asset":{"__uuid__":"eewBBAuN9EvYhHxC5bDUiL"},"fileId":"28ZZDHhIxJMY5Y0IPb/n1/"},"_trs":{"__type__":"TypedArray","ctor":"Float64Array","array":[0,234.509,0,0,0,0,1,1,1,1]}},{"__type__":"cc.Node","_name":"zhendown","_parent":{"__id__":10},"_components":[{"__type__":"cc.RigidBody","node":{"__id__":13},"_type":0,"_gravityScale":0,"bullet":true}],"_prefab":{"__type__":"cc.PrefabInfo","root":{"__id__":1},"asset":{"__uuid__":"eewBBAuN9EvYhHxC5bDUiL"},"fileId":"d0q1QTvmJOxInk0BTYefrk"},"_trs":{"__type__":"TypedArray","ctor":"Float64Array","array":[0,-192.499,0,0,0,0,1,1,1,1]}},{"__type__":"cc.Node","_name":"zhenNodeTwo","_parent":{"__id__":1},"_children":[{"__id__":15},{"__id__":16},{"__id__":17}],"_prefab":{"__type__":"cc.PrefabInfo","root":{"__id__":1},"asset":{"__uuid__":"eewBBAuN9EvYhHxC5bDUiL"},"fileId":"618LWzUVxLGq4D7l8kpmiM"},"_trs":{"__type__":"TypedArray","ctor":"Float64Array","array":[-42.851,4.519,0,0,0,0.3665012267242973,0.9304175679820246,1,1,1]},"_eulerAngles":{"__type__":"cc.Vec3","z":43}},{"__type__":"cc.Node","_name":"zhen","_parent":{"__id__":14},"_components":[{"__type__":"cc.Sprite","node":{"__id__":15},"_materials":[{"__uuid__":"ecpdLyjvZBwrvm+cedCcQy"}],"_spriteFrame":{"__uuid__":"14vJwyNH1OspMXFimJtxkW"},"_type":1,"_sizeMode":0},{"__type__":"cc.RigidBody","node":{"__id__":15},"_type":3,"_gravityScale":0,"_fixedRotation":true,"enabledContactListener":true,"bullet":true},{"__type__":"cc.PhysicsPolygonCollider","node":{"__id__":15},"_offset":{"__type__":"cc.Vec2","x":199.9,"y":0.6},"points":[{"__type__":"cc.Vec2","x":-346.7,"y":-79.8},{"__type__":"cc.Vec2","x":-208.7,"y":-78.5},{"__type__":"cc.Vec2","x":-207.7,"y":-38.1},{"__type__":"cc.Vec2","x":-74.5,"y":-36.7},{"__type__":"cc.Vec2","x":-73.7,"y":36.5},{"__type__":"cc.Vec2","x":-209.4,"y":33.8},{"__type__":"cc.Vec2","x":-207,"y":81.7},{"__type__":"cc.Vec2","x":-345.4,"y":83.3}]},{"__type__":"1cb3eoIRdhJWZayW7A68Y7j","node":{"__id__":15},"applyDownsensor":true}],"_prefab":{"__type__":"cc.PrefabInfo","root":{"__id__":1},"asset":{"__uuid__":"eewBBAuN9EvYhHxC5bDUiL"},"fileId":"35z904qr5Jnaoa9fw1GUGN"},"_contentSize":{"__type__":"cc.Size","width":253,"height":111},"_trs":{"__type__":"TypedArray","ctor":"Float64Array","array":[0,0,0,0,0,0,1,1,1,1]}},{"__type__":"cc.Node","_name":"zhenup","_parent":{"__id__":14},"_components":[{"__type__":"cc.RigidBody","node":{"__id__":16},"_type":0,"_gravityScale":0,"bullet":true}],"_prefab":{"__type__":"cc.PrefabInfo","root":{"__id__":1},"asset":{"__uuid__":"eewBBAuN9EvYhHxC5bDUiL"},"fileId":"950hXB1K1GsJOx3+wAFOzn"},"_trs":{"__type__":"TypedArray","ctor":"Float64Array","array":[-12.424,155.303,0,0,0,0,1,1,1,1]}},{"__type__":"cc.Node","_name":"zhendown","_parent":{"__id__":14},"_components":[{"__type__":"cc.RigidBody","node":{"__id__":17},"_type":0,"_gravityScale":0,"bullet":true}],"_prefab":{"__type__":"cc.PrefabInfo","root":{"__id__":1},"asset":{"__uuid__":"eewBBAuN9EvYhHxC5bDUiL"},"fileId":"e9hdFNoiVLjJ5PHNInsXeH"},"_trs":{"__type__":"TypedArray","ctor":"Float64Array","array":[0,-251.023,0,0,0,0,1,1,1,1]}}]]