[{"__type__":"cc.SpriteFrame","content":{"name":"image_guang1","texture":"9aQSa++5xLsazh3uMpsiOo","rect":[7,10,794,798],"offset":[-0.5,-4.5],"originalSize":[809,809],"capInsets":[0,0,0,0]}},{"__type__":"cc.SpriteFrame","content":{"name":"pifumianfeishiyong-en","texture":"8cB57/o/FGf6nzivM3X/C5","rect":[0,0,821,116],"offset":[0,0],"originalSize":[821,116],"capInsets":[0,0,0,0]}},{"__type__":"cc.SpriteFrame","content":{"name":"upbg","texture":"a49f4HEPBF7Y1Z11kON3KP","rect":[0,0,1080,962],"offset":[0,0],"originalSize":[1080,962],"capInsets":[0,0,0,0]}},[{"__type__":"cc.Prefab","_name":"UITrialSkinPanel","data":{"__id__":1}},{"__type__":"cc.Node","_name":"UITrialSkinPanel","_children":[{"__id__":2},{"__id__":3}],"_components":[{"__type__":"cc.Widget","node":{"__id__":1},"_alignFlags":45}],"_prefab":{"__type__":"cc.PrefabInfo","root":{"__id__":1},"asset":{"__uuid__":"a4xlbPoRFGnq5ff4quEGLJ"},"fileId":"66Mxx9OVVFMKAZu2kSPsVj"},"_contentSize":{"__type__":"cc.Size","width":1080,"height":1920},"_trs":{"__type__":"TypedArray","ctor":"Float64Array","array":[540,960,0,0,0,0,1,1,1,1]}},{"__type__":"cc.Node","_name":"Mask","_parent":{"__id__":1},"_components":[{"__type__":"cc.Sprite","node":{"__id__":2},"_materials":[{"__uuid__":"ecpdLyjvZBwrvm+cedCcQy"}],"_spriteFrame":{"__uuid__":"a2MjXRFdtLlYQ5ouAFv/+R"},"_sizeMode":0},{"__type__":"cc.Widget","node":{"__id__":2},"_alignFlags":45,"_originalWidth":100,"_originalHeight":100},{"__type__":"cc.BlockInputEvents","node":{"__id__":2}}],"_prefab":{"__type__":"cc.PrefabInfo","root":{"__id__":1},"asset":{"__uuid__":"a4xlbPoRFGnq5ff4quEGLJ"},"fileId":"25bHNfW65Gqp9fjg6akaHx"},"_opacity":120,"_color":{"__type__":"cc.Color"},"_contentSize":{"__type__":"cc.Size","width":1080,"height":1920},"_trs":{"__type__":"TypedArray","ctor":"Float64Array","array":[0,0,0,0,0,0,1,1,1,1]}},{"__type__":"cc.Node","_name":"Panel","_parent":{"__id__":1},"_children":[{"__id__":4},{"__id__":5},{"__id__":6},{"__id__":14},{"__id__":15},{"__id__":16}],"_components":[{"__type__":"cc.Widget","node":{"__id__":3},"_alignFlags":45,"_left":540,"_right":540,"_top":960,"_bottom":960}],"_prefab":{"__type__":"cc.PrefabInfo","root":{"__id__":1},"asset":{"__uuid__":"a4xlbPoRFGnq5ff4quEGLJ"},"fileId":"eeUxdSHsFKrIS7e0v9dLP4"},"_trs":{"__type__":"TypedArray","ctor":"Float64Array","array":[0,0,0,0,0,0,1,1,1,1]}},{"__type__":"cc.Node","_name":"titleLable","_parent":{"__id__":3},"_active":false,"_components":[{"__type__":"cc.Label","node":{"__id__":4},"_materials":[{"__uuid__":"ecpdLyjvZBwrvm+cedCcQy"}],"_useOriginalSize":false,"_string":"皮肤免费试用！","_N$string":"皮肤免费试用！","_N$horizontalAlign":1,"_N$verticalAlign":1}],"_prefab":{"__type__":"cc.PrefabInfo","root":{"__id__":1},"asset":{"__uuid__":"a4xlbPoRFGnq5ff4quEGLJ"},"fileId":"07u4xVjsVLF7SiMQlDEPJf"},"_contentSize":{"__type__":"cc.Size","width":280,"height":50.4},"_trs":{"__type__":"TypedArray","ctor":"Float64Array","array":[0,558.652,0,0,0,0,1,2,2,1]}},{"__type__":"cc.Node","_name":"bg","_parent":{"__id__":3},"_active":false,"_components":[{"__type__":"cc.Sprite","node":{"__id__":5},"_materials":[{"__uuid__":"ecpdLyjvZBwrvm+cedCcQy"}],"_sizeMode":0},{"__type__":"cc.Widget","node":{"__id__":5},"_alignFlags":41,"_left":-540,"_right":-540,"_top":-960,"_bottom":-2,"_originalWidth":100,"_originalHeight":962}],"_prefab":{"__type__":"cc.PrefabInfo","root":{"__id__":1},"asset":{"__uuid__":"a4xlbPoRFGnq5ff4quEGLJ"},"fileId":"d7QRuJ9ZhArohcNOweFJUA"},"_contentSize":{"__type__":"cc.Size","width":1080,"height":962},"_trs":{"__type__":"TypedArray","ctor":"Float64Array","array":[0,479,0,0,0,0,1,1,1,1]}},{"__type__":"cc.Node","_name":"Preview","_parent":{"__id__":3},"_children":[{"__id__":7},{"__id__":8}],"_components":[{"__type__":"cc.Widget","node":{"__id__":6},"_target":{"__id__":1},"_alignFlags":45,"_originalWidth":1080,"_originalHeight":1920},{"__type__":"cc.BlockInputEvents","node":{"__id__":6}}],"_prefab":{"__type__":"cc.PrefabInfo","root":{"__id__":1},"asset":{"__uuid__":"a4xlbPoRFGnq5ff4quEGLJ"},"fileId":"d5+s6sL/FL+oWqRA5KmjYR"},"_contentSize":{"__type__":"cc.Size","width":1080,"height":1920},"_trs":{"__type__":"TypedArray","ctor":"Float64Array","array":[0,0,0,0,0,0,1,1,1,1]}},{"__type__":"cc.Node","_name":"Light","_parent":{"__id__":6},"_active":false,"_components":[{"__type__":"cc.Sprite","node":{"__id__":7},"_materials":[{"__uuid__":"ecpdLyjvZBwrvm+cedCcQy"}],"_spriteFrame":{"__uuid__":"14WdlZln5LGY2olecRybqH"}}],"_prefab":{"__type__":"cc.PrefabInfo","root":{"__id__":1},"asset":{"__uuid__":"a4xlbPoRFGnq5ff4quEGLJ"},"fileId":"64eLs5+blL648xB6IEfeYg"},"_contentSize":{"__type__":"cc.Size","width":802,"height":801},"_trs":{"__type__":"TypedArray","ctor":"Float64Array","array":[0,0,0,0,0,0,1,2,2,1]}},{"__type__":"cc.Node","_name":"iconbg","_parent":{"__id__":6},"_children":[{"__id__":9},{"__id__":10},{"__id__":11}],"_components":[{"__type__":"cc.Widget","node":{"__id__":8},"_alignFlags":41,"_left":540,"_right":540,"_top":518.0350000000001}],"_prefab":{"__type__":"cc.PrefabInfo","root":{"__id__":1},"asset":{"__uuid__":"a4xlbPoRFGnq5ff4quEGLJ"},"fileId":"d7wClo2lZOlblGb+nGOuG0"},"_trs":{"__type__":"TypedArray","ctor":"Float64Array","array":[0,441.9649999999999,0,0,0,0,1,1,1,1]}},{"__type__":"cc.Node","_name":"bg","_parent":{"__id__":8},"_components":[{"__type__":"cc.Sprite","node":{"__id__":9},"_materials":[{"__uuid__":"ecpdLyjvZBwrvm+cedCcQy"}],"_spriteFrame":{"__uuid__":"74zkTL/v1CbopmLAu1NV7c"},"_sizeMode":0}],"_prefab":{"__type__":"cc.PrefabInfo","root":{"__id__":1},"asset":{"__uuid__":"a4xlbPoRFGnq5ff4quEGLJ"},"fileId":"0ffGSJ6ehLGqob4sEj1kB0"},"_contentSize":{"__type__":"cc.Size","width":1080,"height":962},"_trs":{"__type__":"TypedArray","ctor":"Float64Array","array":[0,40,0,0,0,0,1,1,1,1]}},{"__type__":"cc.Node","_name":"star","_parent":{"__id__":8},"_components":[{"__type__":"cc.Sprite","node":{"__id__":10},"_materials":[{"__uuid__":"ecpdLyjvZBwrvm+cedCcQy"}],"_spriteFrame":{"__uuid__":"cfVi7ksRNEn6REVRZQLkzb"}}],"_prefab":{"__type__":"cc.PrefabInfo","root":{"__id__":1},"asset":{"__uuid__":"a4xlbPoRFGnq5ff4quEGLJ"},"fileId":"ccHxnqQAtH3rlIdvOhG5dk"},"_contentSize":{"__type__":"cc.Size","width":731,"height":806},"_trs":{"__type__":"TypedArray","ctor":"Float64Array","array":[0,-99.018,0,0,0,0,1,1,1,1]}},{"__type__":"cc.Node","_name":"Panel","_parent":{"__id__":8},"_children":[{"__id__":12},{"__id__":13}],"_prefab":{"__type__":"cc.PrefabInfo","root":{"__id__":1},"asset":{"__uuid__":"a4xlbPoRFGnq5ff4quEGLJ"},"fileId":"91ZfGzKIBH0q/4tH2EYVFn"},"_trs":{"__type__":"TypedArray","ctor":"Float64Array","array":[0,-209.063,0,0,0,0,1,2,2,1]}},{"__type__":"cc.Node","_name":"Icon","_parent":{"__id__":11},"_components":[{"__type__":"cc.Sprite","node":{"__id__":12},"_materials":[{"__uuid__":"ecpdLyjvZBwrvm+cedCcQy"}],"_spriteFrame":{"__uuid__":"f8sZDO8P5AUr0ozilV5ccn"}}],"_prefab":{"__type__":"cc.PrefabInfo","root":{"__id__":1},"asset":{"__uuid__":"a4xlbPoRFGnq5ff4quEGLJ"},"fileId":"94Tmcv8UtJTZH2hhUjW5sD"},"_contentSize":{"__type__":"cc.Size","width":122,"height":71},"_trs":{"__type__":"TypedArray","ctor":"Float64Array","array":[0,46.818,0,0,0,0,1,0.65,0.65,0.65]}},{"__type__":"cc.Node","_name":"wenzi","_parent":{"__id__":11},"_components":[{"__type__":"cc.Sprite","node":{"__id__":13},"_materials":[{"__uuid__":"ecpdLyjvZBwrvm+cedCcQy"}],"_spriteFrame":{"__uuid__":"20X62KC9dBYKD3X8kKQkYp"},"_sizeMode":0}],"_prefab":{"__type__":"cc.PrefabInfo","root":{"__id__":1},"asset":{"__uuid__":"a4xlbPoRFGnq5ff4quEGLJ"},"fileId":"bbiZCjMkpCNow2Q2YoggJ5"},"_contentSize":{"__type__":"cc.Size","width":505,"height":98},"_trs":{"__type__":"TypedArray","ctor":"Float64Array","array":[0,-82,0,0,0,0,1,0.5,0.5,0.5]}},{"__type__":"cc.Node","_name":"BtnVideo","_parent":{"__id__":3},"_components":[{"__type__":"cc.Sprite","node":{"__id__":14},"_materials":[{"__uuid__":"ecpdLyjvZBwrvm+cedCcQy"}],"_spriteFrame":{"__uuid__":"dazKOuQk5MSqE2f7qYS6eq"}},{"__type__":"cc.Button","node":{"__id__":14},"_normalMaterial":{"__uuid__":"ecpdLyjvZBwrvm+cedCcQy"},"_N$transition":3,"transition":3,"_N$normalColor":{"__type__":"cc.Color","r":230,"g":230,"b":230},"_N$pressedColor":{"__type__":"cc.Color","r":200,"g":200,"b":200},"pressedColor":{"__type__":"cc.Color","r":200,"g":200,"b":200},"_N$disabledColor":{"__type__":"cc.Color","r":120,"g":120,"b":120,"a":200},"_N$normalSprite":{"__uuid__":"004UlGpEpG6qfe85l5n0Rx"},"_N$pressedSprite":{"__uuid__":"e97GVMl6JHh5Ml5qEDdSGa"},"pressedSprite":{"__uuid__":"e97GVMl6JHh5Ml5qEDdSGa"},"_N$hoverSprite":{"__uuid__":"f0BIwQ8D5Ml7nTNQbh1YlS"},"hoverSprite":{"__uuid__":"f0BIwQ8D5Ml7nTNQbh1YlS"},"_N$disabledSprite":{"__uuid__":"29FYIk+N1GYaeWH/q1NxQO"}}],"_prefab":{"__type__":"cc.PrefabInfo","root":{"__id__":1},"asset":{"__uuid__":"a4xlbPoRFGnq5ff4quEGLJ"},"fileId":"1fDrV86clA7pGdZ6dWoiA6"},"_contentSize":{"__type__":"cc.Size","width":443,"height":157},"_trs":{"__type__":"TypedArray","ctor":"Float64Array","array":[0,-150,0,0,0,0,1,1,1,0]}},{"__type__":"cc.Node","_name":"BtnClose","_parent":{"__id__":3},"_components":[{"__type__":"cc.Sprite","node":{"__id__":15},"_materials":[{"__uuid__":"ecpdLyjvZBwrvm+cedCcQy"}],"_spriteFrame":{"__uuid__":"d78bDJij5Dq6jFqgSCmSWK"}},{"__type__":"cc.Button","node":{"__id__":15},"_normalMaterial":{"__uuid__":"ecpdLyjvZBwrvm+cedCcQy"},"_N$transition":3,"transition":3,"_N$normalColor":{"__type__":"cc.Color","r":230,"g":230,"b":230},"_N$pressedColor":{"__type__":"cc.Color","r":200,"g":200,"b":200},"pressedColor":{"__type__":"cc.Color","r":200,"g":200,"b":200},"_N$disabledColor":{"__type__":"cc.Color","r":120,"g":120,"b":120,"a":200},"_N$normalSprite":{"__uuid__":"004UlGpEpG6qfe85l5n0Rx"},"_N$pressedSprite":{"__uuid__":"e97GVMl6JHh5Ml5qEDdSGa"},"pressedSprite":{"__uuid__":"e97GVMl6JHh5Ml5qEDdSGa"},"_N$hoverSprite":{"__uuid__":"f0BIwQ8D5Ml7nTNQbh1YlS"},"hoverSprite":{"__uuid__":"f0BIwQ8D5Ml7nTNQbh1YlS"},"_N$disabledSprite":{"__uuid__":"29FYIk+N1GYaeWH/q1NxQO"}}],"_prefab":{"__type__":"cc.PrefabInfo","root":{"__id__":1},"asset":{"__uuid__":"a4xlbPoRFGnq5ff4quEGLJ"},"fileId":"58g3EOTftFbpZV/i7H0G6T"},"_contentSize":{"__type__":"cc.Size","width":443,"height":157},"_trs":{"__type__":"TypedArray","ctor":"Float64Array","array":[0,-350,0,0,0,0,1,1,1,0]}},{"__type__":"cc.Node","_name":"BtnShare","_parent":{"__id__":3},"_active":false,"_components":[{"__type__":"cc.Sprite","node":{"__id__":16},"_materials":[{"__uuid__":"ecpdLyjvZBwrvm+cedCcQy"}],"_spriteFrame":{"__uuid__":"ddqeBbKJlJ4IAAif0CN8lv"}},{"__type__":"cc.Button","node":{"__id__":16},"_normalMaterial":{"__uuid__":"ecpdLyjvZBwrvm+cedCcQy"},"_N$transition":3,"transition":3,"_N$normalColor":{"__type__":"cc.Color","r":230,"g":230,"b":230},"_N$pressedColor":{"__type__":"cc.Color","r":200,"g":200,"b":200},"pressedColor":{"__type__":"cc.Color","r":200,"g":200,"b":200},"_N$disabledColor":{"__type__":"cc.Color","r":120,"g":120,"b":120,"a":200},"_N$normalSprite":{"__uuid__":"004UlGpEpG6qfe85l5n0Rx"},"_N$pressedSprite":{"__uuid__":"e97GVMl6JHh5Ml5qEDdSGa"},"pressedSprite":{"__uuid__":"e97GVMl6JHh5Ml5qEDdSGa"},"_N$hoverSprite":{"__uuid__":"f0BIwQ8D5Ml7nTNQbh1YlS"},"hoverSprite":{"__uuid__":"f0BIwQ8D5Ml7nTNQbh1YlS"},"_N$disabledSprite":{"__uuid__":"29FYIk+N1GYaeWH/q1NxQO"}}],"_prefab":{"__type__":"cc.PrefabInfo","root":{"__id__":1},"asset":{"__uuid__":"a4xlbPoRFGnq5ff4quEGLJ"},"fileId":"f0FYdC/ONPzLt5pJs/9dCJ"},"_contentSize":{"__type__":"cc.Size","width":443,"height":157},"_trs":{"__type__":"TypedArray","ctor":"Float64Array","array":[0,-150,0,0,0,0,1,1,1,1]}}],{"__type__":"cc.SpriteFrame","content":{"name":"star","texture":"98+wlUKA9Db6zcgYIIsLB9","rect":[38,1,731,806],"offset":[0,-0.5],"originalSize":[807,807],"capInsets":[0,0,0,0]}},{"__type__":"cc.SpriteFrame","content":{"name":"sy_tiaoguo-en","texture":"612QfRpWdOCrHrC6Uzxw1V","rect":[0,0,443,157],"offset":[0,0],"originalSize":[443,157],"capInsets":[0,0,0,0]}},{"__type__":"cc.SpriteFrame","content":{"name":"sy_shiyong-en","texture":"13S92U82FJKbYk6P1E9PhS","rect":[0,0,443,157],"offset":[0,0],"originalSize":[443,157],"capInsets":[0,0,0,0]}},{"__type__":"cc.SpriteFrame","content":{"name":"shareSkin","texture":"8ep8YAKcVEFrUA1bFnQJiI","rect":[0,0,443,157],"offset":[0,0],"originalSize":[443,157],"capInsets":[0,0,0,0]}}]