[[{"__type__":"cc.Prefab","_name":"UIDerived8","data":{"__id__":1}},{"__type__":"cc.Node","_name":"UIDerived8","_children":[{"__type__":"cc.Node","_name":"player","_parent":{"__id__":1},"_prefab":{"__type__":"cc.PrefabInfo","root":{"__id__":1},"asset":{"__uuid__":"04rbXXKPVBqrtUDoDAv7m+"},"fileId":"e5NONS35pAgpB38p9vZlwR"},"_contentSize":{"__type__":"cc.Size","width":234.2,"height":136},"_trs":{"__type__":"TypedArray","ctor":"Float64Array","array":[267.923,-378.273,0,0,0,0,1,-0.7,0.7,1]}},{"__type__":"cc.Node","_name":"enemy","_parent":{"__id__":1},"_prefab":{"__type__":"cc.PrefabInfo","root":{"__id__":1},"asset":{"__uuid__":"04rbXXKPVBqrtUDoDAv7m+"},"fileId":"e9hY+axM5LUrsjKeWzpMz8"},"_trs":{"__type__":"TypedArray","ctor":"Float64Array","array":[-130.108,-566.029,0,0,0,0,1,-0.7,0.7,1]}},{"__type__":"cc.Node","_name":"greenPos_node","_parent":{"__id__":1},"_prefab":{"__type__":"cc.PrefabInfo","root":{"__id__":1},"asset":{"__uuid__":"04rbXXKPVBqrtUDoDAv7m+"},"fileId":"0d1BwrNgtAXIFjVIcHVagZ"},"_trs":{"__type__":"TypedArray","ctor":"Float64Array","array":[0,0,0,0,0,0,1,1,1,1]}},{"__id__":2},{"__id__":3},{"__type__":"cc.Node","_name":"gray_node","_parent":{"__id__":1},"_prefab":{"__type__":"cc.PrefabInfo","root":{"__id__":1},"asset":{"__uuid__":"04rbXXKPVBqrtUDoDAv7m+"},"fileId":"ecLnVH499BNr7jTs015QcX"},"_trs":{"__type__":"TypedArray","ctor":"Float64Array","array":[0,0,0,0,0,0,1,1,1,1]}},{"__id__":4},{"__type__":"cc.Node","_name":"redwater_node","_parent":{"__id__":1},"_prefab":{"__type__":"cc.PrefabInfo","root":{"__id__":1},"asset":{"__uuid__":"04rbXXKPVBqrtUDoDAv7m+"},"fileId":"0a8DCEO+5BKoeOH8N2VBZ2"},"_trs":{"__type__":"TypedArray","ctor":"Float64Array","array":[0,0,0,0,0,0,1,1,1,1]}},{"__type__":"cc.Node","_name":"greenwater_node","_parent":{"__id__":1},"_prefab":{"__type__":"cc.PrefabInfo","root":{"__id__":1},"asset":{"__uuid__":"04rbXXKPVBqrtUDoDAv7m+"},"fileId":"c4sBaubNtByo7cIq7w6zKc"},"_trs":{"__type__":"TypedArray","ctor":"Float64Array","array":[0,0,0,0,0,0,1,1,1,1]}},{"__type__":"cc.Node","_name":"bule_node","_parent":{"__id__":1},"_prefab":{"__type__":"cc.PrefabInfo","root":{"__id__":1},"asset":{"__uuid__":"04rbXXKPVBqrtUDoDAv7m+"},"fileId":"7fQnsIEGROZL42Bhfj0WBa"},"_trs":{"__type__":"TypedArray","ctor":"Float64Array","array":[0,0,0,0,0,0,1,1,1,1]}},{"__id__":5},{"__id__":7}],"_components":[{"__type__":"cc.Sprite","node":{"__id__":1},"_materials":[{"__uuid__":"ecpdLyjvZBwrvm+cedCcQy"}],"_spriteFrame":{"__uuid__":"64CSIyMRJOBawvVC8bElfs"}},{"__type__":"1100eDGpRlLMYp5CrYQGpcQ","node":{"__id__":1},"player_happy":true},{"__type__":"cc.PhysicsPolygonCollider","node":{"__id__":1},"points":[{"__type__":"cc.Vec2","x":-369.9,"y":-254},{"__type__":"cc.Vec2","x":-365.3,"y":117},{"__type__":"cc.Vec2","x":123.4,"y":119.4},{"__type__":"cc.Vec2","x":133,"y":642},{"__type__":"cc.Vec2","x":111,"y":646},{"__type__":"cc.Vec2","x":100,"y":143},{"__type__":"cc.Vec2","x":-394,"y":142},{"__type__":"cc.Vec2","x":-390.2,"y":-266},{"__type__":"cc.Vec2","x":-282.6,"y":-344},{"__type__":"cc.Vec2","x":-284.4,"y":-655.9},{"__type__":"cc.Vec2","x":57.5,"y":-656.5},{"__type__":"cc.Vec2","x":61,"y":-189},{"__type__":"cc.Vec2","x":118.9,"y":-159.1},{"__type__":"cc.Vec2","x":125.3,"y":-465.7},{"__type__":"cc.Vec2","x":387.4,"y":-466},{"__type__":"cc.Vec2","x":391.3,"y":656.3},{"__type__":"cc.Vec2","x":125.2,"y":653},{"__type__":"cc.Vec2","x":133.6,"y":633.9},{"__type__":"cc.Vec2","x":369.4,"y":633.8},{"__type__":"cc.Vec2","x":368.8,"y":-440.4},{"__type__":"cc.Vec2","x":147.5,"y":-441.6},{"__type__":"cc.Vec2","x":146.3,"y":-229.2},{"__type__":"cc.Vec2","x":145.9,"y":-180.2},{"__type__":"cc.Vec2","x":143.6,"y":-157.9},{"__type__":"cc.Vec2","x":133.6,"y":-134.6},{"__type__":"cc.Vec2","x":118.6,"y":-130.2},{"__type__":"cc.Vec2","x":77.5,"y":-151.6},{"__type__":"cc.Vec2","x":30.8,"y":-182.8},{"__type__":"cc.Vec2","x":33,"y":-635.4},{"__type__":"cc.Vec2","x":-259.6,"y":-632.7},{"__type__":"cc.Vec2","x":-259.5,"y":-331.4}]},{"__type__":"cc.RigidBody","node":{"__id__":1},"_type":0}],"_prefab":{"__type__":"cc.PrefabInfo","root":{"__id__":1},"asset":{"__uuid__":"04rbXXKPVBqrtUDoDAv7m+"},"fileId":"44XY/SP9tGw6zaYX1g/AqK"},"_contentSize":{"__type__":"cc.Size","width":813,"height":1343},"_trs":{"__type__":"TypedArray","ctor":"Float64Array","array":[0,9.549,0,0,0,0,1,1,1,1]}},{"__type__":"cc.Node","_name":"redPos_node","_parent":{"__id__":1},"_children":[{"__type__":"cc.Node","_name":"New Node","_parent":{"__id__":2},"_prefab":{"__type__":"cc.PrefabInfo","root":{"__id__":1},"asset":{"__uuid__":"04rbXXKPVBqrtUDoDAv7m+"},"fileId":"depbD4wexCKLnCD51k4xCp"},"_trs":{"__type__":"TypedArray","ctor":"Float64Array","array":[217.414,156.004,0,0,0,0,1,1,1,1]}}],"_prefab":{"__type__":"cc.PrefabInfo","root":{"__id__":1},"asset":{"__uuid__":"04rbXXKPVBqrtUDoDAv7m+"},"fileId":"51mC4HrzpF2rQ6F1v1aam2"},"_trs":{"__type__":"TypedArray","ctor":"Float64Array","array":[0,0,0,0,0,0,1,1,1,1]}},{"__type__":"cc.Node","_name":"bulePos_node","_parent":{"__id__":1},"_children":[{"__type__":"cc.Node","_name":"New Node","_parent":{"__id__":3},"_prefab":{"__type__":"cc.PrefabInfo","root":{"__id__":1},"asset":{"__uuid__":"04rbXXKPVBqrtUDoDAv7m+"},"fileId":"71iEAFmshJfpG6zlR9A6MF"},"_trs":{"__type__":"TypedArray","ctor":"Float64Array","array":[202.104,-230.848,0,0,0,0,1,1,1,1]}},{"__type__":"cc.Node","_name":"New Node","_parent":{"__id__":3},"_prefab":{"__type__":"cc.PrefabInfo","root":{"__id__":1},"asset":{"__uuid__":"04rbXXKPVBqrtUDoDAv7m+"},"fileId":"1dT2Yh5Q9E/q4lFFg6BQql"},"_trs":{"__type__":"TypedArray","ctor":"Float64Array","array":[-119.536,-444.766,0,0,0,0,1,1,1,1]}}],"_prefab":{"__type__":"cc.PrefabInfo","root":{"__id__":1},"asset":{"__uuid__":"04rbXXKPVBqrtUDoDAv7m+"},"fileId":"f2oXhSblBM85rvFpZeAHVE"},"_trs":{"__type__":"TypedArray","ctor":"Float64Array","array":[0,0,0,0,0,0,1,1,1,1]}},{"__type__":"cc.Node","_name":"black_node","_parent":{"__id__":1},"_components":[{"__type__":"6c0e8KZwr5L34azTYX21stu","node":{"__id__":4}}],"_prefab":{"__type__":"cc.PrefabInfo","root":{"__id__":1},"asset":{"__uuid__":"04rbXXKPVBqrtUDoDAv7m+"},"fileId":"a4futQu+1FNYSzz6H5o0Bf"},"_trs":{"__type__":"TypedArray","ctor":"Float64Array","array":[0,0,0,0,0,0,1,1,1,1]}},{"__type__":"cc.Node","_name":"zhenNode","_parent":{"__id__":1},"_children":[{"__id__":6}],"_prefab":{"__type__":"cc.PrefabInfo","root":{"__id__":1},"asset":{"__uuid__":"04rbXXKPVBqrtUDoDAv7m+"},"fileId":"f2L5uZJr1I2boQhTQ3JViI"},"_trs":{"__type__":"TypedArray","ctor":"Float64Array","array":[108.038,-115.961,0,0,0,0.27525984798806213,0.9613698643527313,1,1,1]},"_eulerAngles":{"__type__":"cc.Vec3","z":31.955},"_groupIndex":8,"groupIndex":8},{"__type__":"cc.Node","_name":"zhen","_parent":{"__id__":5},"_components":[{"__type__":"cc.Sprite","node":{"__id__":6},"_materials":[{"__uuid__":"ecpdLyjvZBwrvm+cedCcQy"}],"_spriteFrame":{"__uuid__":"81u1O4l2lM2IGXbUA/0aw7"},"_type":1,"_sizeMode":0},{"__type__":"cc.RigidBody","node":{"__id__":6},"_type":3,"_allowSleep":false,"_gravityScale":0,"_fixedRotation":true,"enabledContactListener":true},{"__type__":"cc.PhysicsPolygonCollider","node":{"__id__":6},"tag":222,"points":[{"__type__":"cc.Vec2","x":597.9,"y":50.9},{"__type__":"cc.Vec2","x":492.4,"y":48.3},{"__type__":"cc.Vec2","x":489.7,"y":31.4},{"__type__":"cc.Vec2","x":-586.7,"y":28.3},{"__type__":"cc.Vec2","x":-595,"y":-15},{"__type__":"cc.Vec2","x":494,"y":-17},{"__type__":"cc.Vec2","x":494.3,"y":-54.6},{"__type__":"cc.Vec2","x":599.1,"y":-56.1}]},{"__type__":"72555Q9muRD1505Zi2fOOxm","node":{"__id__":6},"linevelocityX":1300}],"_prefab":{"__type__":"cc.PrefabInfo","root":{"__id__":1},"asset":{"__uuid__":"04rbXXKPVBqrtUDoDAv7m+"},"fileId":"33fmW8ViRLOrtd7CjkqoXj"},"_contentSize":{"__type__":"cc.Size","width":1197,"height":111},"_trs":{"__type__":"TypedArray","ctor":"Float64Array","array":[0,0,0,0,0,0,1,0.8,0.8,0.8]},"_groupIndex":8,"groupIndex":8},{"__type__":"cc.Node","_name":"zhenNode","_parent":{"__id__":1},"_children":[{"__id__":8}],"_prefab":{"__type__":"cc.PrefabInfo","root":{"__id__":1},"asset":{"__uuid__":"04rbXXKPVBqrtUDoDAv7m+"},"fileId":"b8o6YZLE1Fw7AABeaIdFa2"},"_trs":{"__type__":"TypedArray","ctor":"Float64Array","array":[14.918,109.388,0,0,0,0.8409068028588603,0.5411799598153002,1,1,1]},"_eulerAngles":{"__type__":"cc.Vec3","z":114.472},"_groupIndex":8,"groupIndex":8},{"__type__":"cc.Node","_name":"zhen","_parent":{"__id__":7},"_components":[{"__type__":"cc.Sprite","node":{"__id__":8},"_materials":[{"__uuid__":"ecpdLyjvZBwrvm+cedCcQy"}],"_spriteFrame":{"__uuid__":"81u1O4l2lM2IGXbUA/0aw7"},"_type":1},{"__type__":"cc.RigidBody","node":{"__id__":8},"_type":3,"_allowSleep":false,"_gravityScale":0,"_fixedRotation":true,"enabledContactListener":true},{"__type__":"cc.PhysicsPolygonCollider","node":{"__id__":8},"tag":222,"points":[{"__type__":"cc.Vec2","x":293.6,"y":54.6},{"__type__":"cc.Vec2","x":193.6,"y":55.7},{"__type__":"cc.Vec2","x":186.1,"y":17.9},{"__type__":"cc.Vec2","x":-278.3,"y":24.8},{"__type__":"cc.Vec2","x":-269.9,"y":-29.7},{"__type__":"cc.Vec2","x":184.3,"y":-28.6},{"__type__":"cc.Vec2","x":187,"y":-56.4},{"__type__":"cc.Vec2","x":293.4,"y":-56.4}]},{"__type__":"72555Q9muRD1505Zi2fOOxm","node":{"__id__":8},"linevelocityX":500}],"_prefab":{"__type__":"cc.PrefabInfo","root":{"__id__":1},"asset":{"__uuid__":"04rbXXKPVBqrtUDoDAv7m+"},"fileId":"50CHx5Z39F+IuLR0IDEqvY"},"_contentSize":{"__type__":"cc.Size","width":587,"height":111},"_trs":{"__type__":"TypedArray","ctor":"Float64Array","array":[0,0,0,0,0,0,1,0.8,0.8,0.8]},"_groupIndex":8,"groupIndex":8}],{"__type__":"cc.SpriteFrame","content":{"name":"guanqia8","texture":"29K+YvhwZJv4k2U+dFlMFj","rect":[1,1,813,1343],"offset":[0,0],"originalSize":[815,1345],"capInsets":[0,0,0,0]}}]