[{"__type__":"cc.SpriteFrame","content":{"name":"10","texture":"dfDY6feWZEA5TXGnkY2Zsv","rect":[0,0,1003,1144],"offset":[0,0],"originalSize":[1003,1144],"capInsets":[0,0,0,0]}},[{"__type__":"cc.Prefab","_name":"level_9","data":{"__id__":1}},{"__type__":"cc.Node","_name":"level_9","_children":[{"__id__":2},{"__id__":3},{"__id__":4},{"__id__":5},{"__id__":10},{"__id__":15},{"__id__":36},{"__id__":37},{"__id__":38},{"__id__":39}],"_components":[{"__type__":"4838b+53xxFzqpx8PzDaqPs","node":{"__id__":1},"keyNode":[{"__id__":20},{"__id__":25},{"__id__":30},{"__id__":35}],"player":{"__id__":36},"enemy":{"__id__":37},"pubuOne":{"__id__":5},"pubuToo":{"__id__":12},"closeNdoe":{"__id__":39},"pubuNode":{"__id__":10}}],"_prefab":{"__type__":"cc.PrefabInfo","root":{"__id__":1},"asset":{"__uuid__":"c1qgcZjkpEfY0kvMPMUUgH"},"fileId":"975W0v9hBGNJJ4za5Pm+jJ"},"_trs":{"__type__":"TypedArray","ctor":"Float64Array","array":[0,0,0,0,0,0,1,1,1,1]}},{"__type__":"cc.Node","_name":"bg","_parent":{"__id__":1},"_components":[{"__type__":"cc.Sprite","node":{"__id__":2},"_materials":[{"__uuid__":"ecpdLyjvZBwrvm+cedCcQy"}],"_spriteFrame":{"__uuid__":"d7GS5gF9lJfZrC+TNLxX2R"}}],"_prefab":{"__type__":"cc.PrefabInfo","root":{"__id__":1},"asset":{"__uuid__":"c1qgcZjkpEfY0kvMPMUUgH"},"fileId":"91ASBjAv5GzI4t98v8clXM"},"_contentSize":{"__type__":"cc.Size","width":956,"height":1144},"_trs":{"__type__":"TypedArray","ctor":"Float64Array","array":[0,0,0,0,0,0,1,1,1,1]}},{"__type__":"cc.Node","_name":"bg1","_parent":{"__id__":1},"_components":[{"__type__":"cc.Sprite","node":{"__id__":3},"_materials":[{"__uuid__":"ecpdLyjvZBwrvm+cedCcQy"}],"_spriteFrame":{"__uuid__":"06Zvrs471CtqaBiCnAOXKe"}}],"_prefab":{"__type__":"cc.PrefabInfo","root":{"__id__":1},"asset":{"__uuid__":"c1qgcZjkpEfY0kvMPMUUgH"},"fileId":"81oNvZpTdNKKZ71mm2xZ8Q"},"_contentSize":{"__type__":"cc.Size","width":1003,"height":1144},"_trs":{"__type__":"TypedArray","ctor":"Float64Array","array":[978.174,0,0,0,0,0,1,1,1,1]}},{"__type__":"cc.Node","_name":"xianjing","_parent":{"__id__":1},"_components":[{"__type__":"cc.Sprite","node":{"__id__":4},"_materials":[{"__uuid__":"ecpdLyjvZBwrvm+cedCcQy"}],"_spriteFrame":{"__uuid__":"85ZF3Y7YFKSp80zPlrdxlK"}},{"__type__":"cc.BoxCollider","node":{"__id__":4},"_size":{"__type__":"cc.Size","width":238,"height":146}}],"_prefab":{"__type__":"cc.PrefabInfo","root":{"__id__":1},"asset":{"__uuid__":"c1qgcZjkpEfY0kvMPMUUgH"},"fileId":"b4vJF+sQBLvIGSwZU+sp0n"},"_contentSize":{"__type__":"cc.Size","width":238,"height":146},"_trs":{"__type__":"TypedArray","ctor":"Float64Array","array":[49.275,-467.447,0,0,0,0,1,1,1,1]},"_groupIndex":24,"groupIndex":24},{"__type__":"cc.Node","_name":"pubu","_parent":{"__id__":1},"_children":[{"__id__":6},{"__id__":8}],"_prefab":{"__type__":"cc.PrefabInfo","root":{"__id__":1},"asset":{"__uuid__":"c1qgcZjkpEfY0kvMPMUUgH"},"fileId":"87pjzR5odOp5G9CsumYZGe"},"_trs":{"__type__":"TypedArray","ctor":"Float64Array","array":[0,0,0,0,0,0,1,1,1,1]}},{"__type__":"cc.Node","_name":"mask","_parent":{"__id__":5},"_children":[{"__id__":7}],"_components":[{"__type__":"cc.Mask","node":{"__id__":6},"_materials":[{"__uuid__":"ecpdLyjvZBwrvm+cedCcQy"}],"_spriteFrame":{"__uuid__":"afK7nMglFP8JPVv6rVFwok"},"_type":2,"_N$inverted":true}],"_prefab":{"__type__":"cc.PrefabInfo","root":{"__id__":1},"asset":{"__uuid__":"c1qgcZjkpEfY0kvMPMUUgH"},"fileId":"7cMM1rIS9Ox5NldJkMTbIt"},"_contentSize":{"__type__":"cc.Size","width":372,"height":128},"_trs":{"__type__":"TypedArray","ctor":"Float64Array","array":[38.32,609.389,0,0,0,0,1,1,1,1]}},{"__type__":"cc.Node","_name":"sldh","_parent":{"__id__":6},"_components":[{"__type__":"sp.Skeleton","node":{"__id__":7},"_materials":[{"__uuid__":"7a/QZLET9IDreTiBfRn2PD"}],"defaultAnimation":"animation","_preCacheMode":0,"premultipliedAlpha":false,"_animationName":"animation","_N$skeletonData":{"__uuid__":"20LpqFfx5CipgKbp4Y0zEU"}},{"__type__":"cc.BoxCollider","node":{"__id__":7},"_offset":{"__type__":"cc.Vec2","x":10},"_size":{"__type__":"cc.Size","width":173,"height":1206}}],"_prefab":{"__type__":"cc.PrefabInfo","root":{"__id__":1},"asset":{"__uuid__":"c1qgcZjkpEfY0kvMPMUUgH"},"fileId":"c7C4ZlDH1NSreNvIfSCfKj"},"_contentSize":{"__type__":"cc.Size","width":749.41,"height":1206},"_trs":{"__type__":"TypedArray","ctor":"Float64Array","array":[2.827,-594.524,0,0,0,0,1,1,0.9,1]},"_groupIndex":25,"groupIndex":25},{"__type__":"cc.Node","_name":"pu2","_parent":{"__id__":5},"_children":[{"__id__":9}],"_active":false,"_components":[{"__type__":"cc.Mask","node":{"__id__":8},"_materials":[{"__uuid__":"ecpdLyjvZBwrvm+cedCcQy"}],"_spriteFrame":{"__uuid__":"afK7nMglFP8JPVv6rVFwok"},"_type":2,"_N$inverted":true}],"_prefab":{"__type__":"cc.PrefabInfo","root":{"__id__":1},"asset":{"__uuid__":"c1qgcZjkpEfY0kvMPMUUgH"},"fileId":"e66/+DPKJPRYOMlDMBpTek"},"_contentSize":{"__type__":"cc.Size","width":372,"height":128},"_trs":{"__type__":"TypedArray","ctor":"Float64Array","array":[887.638,609.389,0,0,0,0,1,1,1,1]}},{"__type__":"cc.Node","_name":"sldh","_parent":{"__id__":8},"_components":[{"__type__":"sp.Skeleton","node":{"__id__":9},"_materials":[{"__uuid__":"7a/QZLET9IDreTiBfRn2PD"}],"defaultAnimation":"animation","_preCacheMode":0,"premultipliedAlpha":false,"_animationName":"animation","_N$skeletonData":{"__uuid__":"20LpqFfx5CipgKbp4Y0zEU"}}],"_prefab":{"__type__":"cc.PrefabInfo","root":{"__id__":1},"asset":{"__uuid__":"c1qgcZjkpEfY0kvMPMUUgH"},"fileId":"b45QhvnuBG4pvmfHwL9TyR"},"_contentSize":{"__type__":"cc.Size","width":749.41,"height":1206},"_trs":{"__type__":"TypedArray","ctor":"Float64Array","array":[2.827,-520.743,0,0,0,0,1,1,1,1]}},{"__type__":"cc.Node","_name":"pubu copy","_parent":{"__id__":1},"_children":[{"__id__":11},{"__id__":13}],"_prefab":{"__type__":"cc.PrefabInfo","root":{"__id__":1},"asset":{"__uuid__":"c1qgcZjkpEfY0kvMPMUUgH"},"fileId":"a02OuTLyVHG7Tts9Cydgxm"},"_trs":{"__type__":"TypedArray","ctor":"Float64Array","array":[858.248,0,0,0,0,0,1,1,1,1]}},{"__type__":"cc.Node","_name":"mask","_parent":{"__id__":10},"_children":[{"__id__":12}],"_components":[{"__type__":"cc.Mask","node":{"__id__":11},"_materials":[{"__uuid__":"ecpdLyjvZBwrvm+cedCcQy"}],"_spriteFrame":{"__uuid__":"afK7nMglFP8JPVv6rVFwok"},"_type":2,"_N$inverted":true}],"_prefab":{"__type__":"cc.PrefabInfo","root":{"__id__":1},"asset":{"__uuid__":"c1qgcZjkpEfY0kvMPMUUgH"},"fileId":"d4BmWviAVEOoOvkifSQzSv"},"_contentSize":{"__type__":"cc.Size","width":372,"height":128},"_trs":{"__type__":"TypedArray","ctor":"Float64Array","array":[38.32,609.389,0,0,0,0,1,1,1,1]}},{"__type__":"cc.Node","_name":"sldh","_parent":{"__id__":11},"_components":[{"__type__":"sp.Skeleton","node":{"__id__":12},"_materials":[{"__uuid__":"7a/QZLET9IDreTiBfRn2PD"}],"defaultAnimation":"animation","_preCacheMode":0,"premultipliedAlpha":false,"_animationName":"animation","_N$skeletonData":{"__uuid__":"20LpqFfx5CipgKbp4Y0zEU"}},{"__type__":"cc.BoxCollider","node":{"__id__":12},"_offset":{"__type__":"cc.Vec2","x":9},"_size":{"__type__":"cc.Size","width":176,"height":1206}}],"_prefab":{"__type__":"cc.PrefabInfo","root":{"__id__":1},"asset":{"__uuid__":"c1qgcZjkpEfY0kvMPMUUgH"},"fileId":"98OTf6ptdFBYHiVRtOkJ5M"},"_contentSize":{"__type__":"cc.Size","width":749.41,"height":1206},"_trs":{"__type__":"TypedArray","ctor":"Float64Array","array":[2.827,-602.722,0,0,0,0,1,1,0.9,1]},"_groupIndex":25,"groupIndex":25},{"__type__":"cc.Node","_name":"pu2","_parent":{"__id__":10},"_children":[{"__id__":14}],"_active":false,"_components":[{"__type__":"cc.Mask","node":{"__id__":13},"_materials":[{"__uuid__":"ecpdLyjvZBwrvm+cedCcQy"}],"_spriteFrame":{"__uuid__":"afK7nMglFP8JPVv6rVFwok"},"_type":2,"_N$inverted":true}],"_prefab":{"__type__":"cc.PrefabInfo","root":{"__id__":1},"asset":{"__uuid__":"c1qgcZjkpEfY0kvMPMUUgH"},"fileId":"0cpfMH8m5FoYmhpN6xotn3"},"_contentSize":{"__type__":"cc.Size","width":372,"height":128},"_trs":{"__type__":"TypedArray","ctor":"Float64Array","array":[887.638,609.389,0,0,0,0,1,1,1,1]}},{"__type__":"cc.Node","_name":"sldh","_parent":{"__id__":13},"_components":[{"__type__":"sp.Skeleton","node":{"__id__":14},"_materials":[{"__uuid__":"7a/QZLET9IDreTiBfRn2PD"}],"defaultAnimation":"animation","_preCacheMode":0,"premultipliedAlpha":false,"_animationName":"animation","_N$skeletonData":{"__uuid__":"20LpqFfx5CipgKbp4Y0zEU"}}],"_prefab":{"__type__":"cc.PrefabInfo","root":{"__id__":1},"asset":{"__uuid__":"c1qgcZjkpEfY0kvMPMUUgH"},"fileId":"b9C5yzyVNKJ63x44O0wx1L"},"_contentSize":{"__type__":"cc.Size","width":749.41,"height":1206},"_trs":{"__type__":"TypedArray","ctor":"Float64Array","array":[2.827,-520.743,0,0,0,0,1,1,1,1]}},{"__type__":"cc.Node","_name":"key","_parent":{"__id__":1},"_children":[{"__id__":16},{"__id__":21},{"__id__":26},{"__id__":31}],"_prefab":{"__type__":"cc.PrefabInfo","root":{"__id__":1},"asset":{"__uuid__":"c1qgcZjkpEfY0kvMPMUUgH"},"fileId":"784d+PYxdNzawkrCVp6NEQ"},"_trs":{"__type__":"TypedArray","ctor":"Float64Array","array":[0,0,0,0,0,0,1,1,1,1]}},{"__type__":"cc.Node","_name":"key","_parent":{"__id__":15},"_children":[{"__id__":17},{"__id__":18},{"__id__":19}],"_prefab":{"__type__":"cc.PrefabInfo","root":{"__id__":1},"asset":{"__uuid__":"c1qgcZjkpEfY0kvMPMUUgH"},"fileId":"d8BtGGlHlPdp2F4knfR2L6"},"_trs":{"__type__":"TypedArray","ctor":"Float64Array","array":[-7.757,387.326,0,0,0,-0.7071067811865475,0.7071067811865476,1,1,1]},"_eulerAngles":{"__type__":"cc.Vec3","z":-90}},{"__type__":"cc.Node","_name":"lock","_parent":{"__id__":16},"_components":[{"__type__":"cc.Sprite","node":{"__id__":17},"_materials":[{"__uuid__":"ecpdLyjvZBwrvm+cedCcQy"}],"_spriteFrame":{"__uuid__":"ebm9zOQlFI4IGgCc9Owdfe"}},{"__type__":"15b42uAdtxGLJO3hSFb7eHo","node":{"__id__":17}}],"_prefab":{"__type__":"cc.PrefabInfo","root":{"__id__":1},"asset":{"__uuid__":"c1qgcZjkpEfY0kvMPMUUgH"},"fileId":"f7zBxBC/xAvrzPsZVOigqS"},"_contentSize":{"__type__":"cc.Size","width":56,"height":55},"_trs":{"__type__":"TypedArray","ctor":"Float64Array","array":[-1.086,-119.382,0,0,0,0,1,1,1,1]}},{"__type__":"cc.Node","_name":"lock","_parent":{"__id__":16},"_components":[{"__type__":"cc.Sprite","node":{"__id__":18},"_materials":[{"__uuid__":"ecpdLyjvZBwrvm+cedCcQy"}],"_spriteFrame":{"__uuid__":"ebm9zOQlFI4IGgCc9Owdfe"}},{"__type__":"15b42uAdtxGLJO3hSFb7eHo","node":{"__id__":18}}],"_prefab":{"__type__":"cc.PrefabInfo","root":{"__id__":1},"asset":{"__uuid__":"c1qgcZjkpEfY0kvMPMUUgH"},"fileId":"bdsO5PgMdFGJZ0tTb5Y4AX"},"_contentSize":{"__type__":"cc.Size","width":56,"height":55},"_trs":{"__type__":"TypedArray","ctor":"Float64Array","array":[-1.086,215.554,0,0,0,0,1,1,1,1]}},{"__type__":"cc.Node","_name":"key","_parent":{"__id__":16},"_children":[{"__id__":20}],"_prefab":{"__type__":"cc.PrefabInfo","root":{"__id__":1},"asset":{"__uuid__":"c1qgcZjkpEfY0kvMPMUUgH"},"fileId":"f4bkEZ59RKtaWC/Jzj4REm"},"_contentSize":{"__type__":"cc.Size","width":100,"height":200},"_trs":{"__type__":"TypedArray","ctor":"Float64Array","array":[0,0,0,0,0,0,1,1,1,1]},"_groupIndex":15,"groupIndex":15},{"__type__":"cc.Node","_name":"icon","_parent":{"__id__":19},"_components":[{"__type__":"fcf5apGFRJIEZkZJ9CwiT4c","node":{"__id__":20}},{"__type__":"cc.Sprite","node":{"__id__":20},"_materials":[{"__uuid__":"ecpdLyjvZBwrvm+cedCcQy"}],"_spriteFrame":{"__uuid__":"6dXBYrBNtEiKJQUnopu+Lk"},"_type":1},{"__type__":"cc.RigidBody","node":{"__id__":20},"_type":0,"_allowSleep":false,"enabledContactListener":true},{"__type__":"cc.BoxCollider","node":{"__id__":20},"_offset":{"__type__":"cc.Vec2","y":1},"_size":{"__type__":"cc.Size","width":15,"height":299}}],"_prefab":{"__type__":"cc.PrefabInfo","root":{"__id__":1},"asset":{"__uuid__":"c1qgcZjkpEfY0kvMPMUUgH"},"fileId":"c6/FbBnMtLpYRBhxxJsg6y"},"_contentSize":{"__type__":"cc.Size","width":76,"height":504},"_trs":{"__type__":"TypedArray","ctor":"Float64Array","array":[0,-197.219,0,0,0,0,1,1,1,1]},"_groupIndex":15,"groupIndex":15},{"__type__":"cc.Node","_name":"key copy","_parent":{"__id__":15},"_children":[{"__id__":22},{"__id__":23},{"__id__":24}],"_prefab":{"__type__":"cc.PrefabInfo","root":{"__id__":1},"asset":{"__uuid__":"c1qgcZjkpEfY0kvMPMUUgH"},"fileId":"4fztetl9lJuJsar12MmhJp"},"_trs":{"__type__":"TypedArray","ctor":"Float64Array","array":[345.492,-64.833,0,0,0,1,6.123233995736766e-17,1,1,1]},"_eulerAngles":{"__type__":"cc.Vec3","z":180}},{"__type__":"cc.Node","_name":"lock","_parent":{"__id__":21},"_components":[{"__type__":"cc.Sprite","node":{"__id__":22},"_materials":[{"__uuid__":"ecpdLyjvZBwrvm+cedCcQy"}],"_spriteFrame":{"__uuid__":"ebm9zOQlFI4IGgCc9Owdfe"}},{"__type__":"15b42uAdtxGLJO3hSFb7eHo","node":{"__id__":22}}],"_prefab":{"__type__":"cc.PrefabInfo","root":{"__id__":1},"asset":{"__uuid__":"c1qgcZjkpEfY0kvMPMUUgH"},"fileId":"cbk/OuroVELpb23jbYs8vW"},"_contentSize":{"__type__":"cc.Size","width":56,"height":55},"_trs":{"__type__":"TypedArray","ctor":"Float64Array","array":[-1.086,-448.409,0,0,0,0,1,1,1,1]}},{"__type__":"cc.Node","_name":"lock","_parent":{"__id__":21},"_components":[{"__type__":"cc.Sprite","node":{"__id__":23},"_materials":[{"__uuid__":"ecpdLyjvZBwrvm+cedCcQy"}],"_spriteFrame":{"__uuid__":"ebm9zOQlFI4IGgCc9Owdfe"}},{"__type__":"15b42uAdtxGLJO3hSFb7eHo","node":{"__id__":23}}],"_prefab":{"__type__":"cc.PrefabInfo","root":{"__id__":1},"asset":{"__uuid__":"c1qgcZjkpEfY0kvMPMUUgH"},"fileId":"2eZh7EblJCFZFPpJSZtKM3"},"_contentSize":{"__type__":"cc.Size","width":56,"height":55},"_trs":{"__type__":"TypedArray","ctor":"Float64Array","array":[-1.086,215.554,0,0,0,0,1,1,1,1]}},{"__type__":"cc.Node","_name":"key","_parent":{"__id__":21},"_children":[{"__id__":25}],"_prefab":{"__type__":"cc.PrefabInfo","root":{"__id__":1},"asset":{"__uuid__":"c1qgcZjkpEfY0kvMPMUUgH"},"fileId":"5aq2+TX19PsoDKRCbY7RIP"},"_contentSize":{"__type__":"cc.Size","width":100,"height":200},"_trs":{"__type__":"TypedArray","ctor":"Float64Array","array":[0,0,0,0,0,0,1,1,1,1]},"_groupIndex":15,"groupIndex":15},{"__type__":"cc.Node","_name":"icon","_parent":{"__id__":24},"_components":[{"__type__":"fcf5apGFRJIEZkZJ9CwiT4c","node":{"__id__":25},"keyType":1,"where":1,"isGone":true,"isGonex":-500},{"__type__":"cc.Sprite","node":{"__id__":25},"_materials":[{"__uuid__":"ecpdLyjvZBwrvm+cedCcQy"}],"_spriteFrame":{"__uuid__":"6dXBYrBNtEiKJQUnopu+Lk"},"_type":1,"_sizeMode":0},{"__type__":"cc.RigidBody","node":{"__id__":25},"_type":0,"_allowSleep":false,"enabledContactListener":true},{"__type__":"cc.BoxCollider","node":{"__id__":25},"_offset":{"__type__":"cc.Vec2","y":1},"_size":{"__type__":"cc.Size","width":15,"height":299}}],"_prefab":{"__type__":"cc.PrefabInfo","root":{"__id__":1},"asset":{"__uuid__":"c1qgcZjkpEfY0kvMPMUUgH"},"fileId":"192UAJTyRNJ5wJnb1qVS3p"},"_contentSize":{"__type__":"cc.Size","width":76,"height":837},"_trs":{"__type__":"TypedArray","ctor":"Float64Array","array":[-4.037,-166.918,0,0,0,0,1,1,1,1]},"_groupIndex":15,"groupIndex":15},{"__type__":"cc.Node","_name":"key copy","_parent":{"__id__":15},"_children":[{"__id__":27},{"__id__":28},{"__id__":29}],"_prefab":{"__type__":"cc.PrefabInfo","root":{"__id__":1},"asset":{"__uuid__":"c1qgcZjkpEfY0kvMPMUUgH"},"fileId":"a77VTOpJBE4IRWAZkXH8Dr"},"_trs":{"__type__":"TypedArray","ctor":"Float64Array","array":[954.694,387.326,0,0,0,0.7071067811865475,0.7071067811865476,1,1,1]},"_eulerAngles":{"__type__":"cc.Vec3","z":90}},{"__type__":"cc.Node","_name":"lock","_parent":{"__id__":26},"_components":[{"__type__":"cc.Sprite","node":{"__id__":27},"_materials":[{"__uuid__":"ecpdLyjvZBwrvm+cedCcQy"}],"_spriteFrame":{"__uuid__":"ebm9zOQlFI4IGgCc9Owdfe"}},{"__type__":"15b42uAdtxGLJO3hSFb7eHo","node":{"__id__":27}}],"_prefab":{"__type__":"cc.PrefabInfo","root":{"__id__":1},"asset":{"__uuid__":"c1qgcZjkpEfY0kvMPMUUgH"},"fileId":"fdH74KNWlJPaXlRnRCZ7yZ"},"_contentSize":{"__type__":"cc.Size","width":56,"height":55},"_trs":{"__type__":"TypedArray","ctor":"Float64Array","array":[-1.086,-119.382,0,0,0,0,1,1,1,1]}},{"__type__":"cc.Node","_name":"lock","_parent":{"__id__":26},"_components":[{"__type__":"cc.Sprite","node":{"__id__":28},"_materials":[{"__uuid__":"ecpdLyjvZBwrvm+cedCcQy"}],"_spriteFrame":{"__uuid__":"ebm9zOQlFI4IGgCc9Owdfe"}},{"__type__":"15b42uAdtxGLJO3hSFb7eHo","node":{"__id__":28}}],"_prefab":{"__type__":"cc.PrefabInfo","root":{"__id__":1},"asset":{"__uuid__":"c1qgcZjkpEfY0kvMPMUUgH"},"fileId":"da1jitR89IJYyteWSPLVms"},"_contentSize":{"__type__":"cc.Size","width":56,"height":55},"_trs":{"__type__":"TypedArray","ctor":"Float64Array","array":[-1.086,215.554,0,0,0,0,1,1,1,1]}},{"__type__":"cc.Node","_name":"key","_parent":{"__id__":26},"_children":[{"__id__":30}],"_prefab":{"__type__":"cc.PrefabInfo","root":{"__id__":1},"asset":{"__uuid__":"c1qgcZjkpEfY0kvMPMUUgH"},"fileId":"e9tdlG9s5EWpiSHp8XH+9Y"},"_contentSize":{"__type__":"cc.Size","width":100,"height":200},"_trs":{"__type__":"TypedArray","ctor":"Float64Array","array":[0,0,0,0,0,0,1,1,1,1]},"_groupIndex":15,"groupIndex":15},{"__type__":"cc.Node","_name":"icon","_parent":{"__id__":29},"_components":[{"__type__":"fcf5apGFRJIEZkZJ9CwiT4c","node":{"__id__":30},"where":1.1},{"__type__":"cc.Sprite","node":{"__id__":30},"_materials":[{"__uuid__":"ecpdLyjvZBwrvm+cedCcQy"}],"_spriteFrame":{"__uuid__":"6dXBYrBNtEiKJQUnopu+Lk"},"_type":1},{"__type__":"cc.RigidBody","node":{"__id__":30},"_type":0,"_allowSleep":false,"enabledContactListener":true},{"__type__":"cc.BoxCollider","node":{"__id__":30},"_offset":{"__type__":"cc.Vec2","y":1},"_size":{"__type__":"cc.Size","width":15,"height":299}}],"_prefab":{"__type__":"cc.PrefabInfo","root":{"__id__":1},"asset":{"__uuid__":"c1qgcZjkpEfY0kvMPMUUgH"},"fileId":"bdGYBSgPhLtpb7ccdb0ESB"},"_contentSize":{"__type__":"cc.Size","width":76,"height":504},"_trs":{"__type__":"TypedArray","ctor":"Float64Array","array":[0,-287.053,0,0,0,0,1,1,1,1]},"_groupIndex":15,"groupIndex":15},{"__type__":"cc.Node","_name":"key copy","_parent":{"__id__":15},"_children":[{"__id__":32},{"__id__":33},{"__id__":34}],"_prefab":{"__type__":"cc.PrefabInfo","root":{"__id__":1},"asset":{"__uuid__":"c1qgcZjkpEfY0kvMPMUUgH"},"fileId":"d2BLm4V7VOCLu70WOIvwYQ"},"_trs":{"__type__":"TypedArray","ctor":"Float64Array","array":[954.694,-271.788,0,0,0,0.7071067811865475,0.7071067811865476,1,1,1]},"_eulerAngles":{"__type__":"cc.Vec3","z":90}},{"__type__":"cc.Node","_name":"lock","_parent":{"__id__":31},"_components":[{"__type__":"cc.Sprite","node":{"__id__":32},"_materials":[{"__uuid__":"ecpdLyjvZBwrvm+cedCcQy"}],"_spriteFrame":{"__uuid__":"ebm9zOQlFI4IGgCc9Owdfe"}},{"__type__":"15b42uAdtxGLJO3hSFb7eHo","node":{"__id__":32}}],"_prefab":{"__type__":"cc.PrefabInfo","root":{"__id__":1},"asset":{"__uuid__":"c1qgcZjkpEfY0kvMPMUUgH"},"fileId":"6epDiciaRIc7CLjrykjyyS"},"_contentSize":{"__type__":"cc.Size","width":56,"height":55},"_trs":{"__type__":"TypedArray","ctor":"Float64Array","array":[0,-279.061,0,0,0,0,1,1,1,1]}},{"__type__":"cc.Node","_name":"lock","_parent":{"__id__":31},"_components":[{"__type__":"cc.Sprite","node":{"__id__":33},"_materials":[{"__uuid__":"ecpdLyjvZBwrvm+cedCcQy"}],"_spriteFrame":{"__uuid__":"ebm9zOQlFI4IGgCc9Owdfe"}},{"__type__":"15b42uAdtxGLJO3hSFb7eHo","node":{"__id__":33}}],"_prefab":{"__type__":"cc.PrefabInfo","root":{"__id__":1},"asset":{"__uuid__":"c1qgcZjkpEfY0kvMPMUUgH"},"fileId":"01HcYMCcRL25qJ+2fHqQK9"},"_contentSize":{"__type__":"cc.Size","width":56,"height":55},"_trs":{"__type__":"TypedArray","ctor":"Float64Array","array":[-1.086,215.554,0,0,0,0,1,1,1,1]}},{"__type__":"cc.Node","_name":"key","_parent":{"__id__":31},"_children":[{"__id__":35}],"_prefab":{"__type__":"cc.PrefabInfo","root":{"__id__":1},"asset":{"__uuid__":"c1qgcZjkpEfY0kvMPMUUgH"},"fileId":"2ex3Hvn61F4IP8iYwfs+13"},"_contentSize":{"__type__":"cc.Size","width":100,"height":200},"_trs":{"__type__":"TypedArray","ctor":"Float64Array","array":[0,0,0,0,0,0,1,1,1,1]},"_groupIndex":15,"groupIndex":15},{"__type__":"cc.Node","_name":"icon","_parent":{"__id__":34},"_components":[{"__type__":"fcf5apGFRJIEZkZJ9CwiT4c","node":{"__id__":35},"where":1.1},{"__type__":"cc.Sprite","node":{"__id__":35},"_materials":[{"__uuid__":"ecpdLyjvZBwrvm+cedCcQy"}],"_spriteFrame":{"__uuid__":"6dXBYrBNtEiKJQUnopu+Lk"},"_type":1},{"__type__":"cc.RigidBody","node":{"__id__":35},"_type":0,"_allowSleep":false,"enabledContactListener":true},{"__type__":"cc.BoxCollider","node":{"__id__":35},"_offset":{"__type__":"cc.Vec2","y":1},"_size":{"__type__":"cc.Size","width":15,"height":299}}],"_prefab":{"__type__":"cc.PrefabInfo","root":{"__id__":1},"asset":{"__uuid__":"c1qgcZjkpEfY0kvMPMUUgH"},"fileId":"a540gn1hJOzZj1UXsS6L1u"},"_contentSize":{"__type__":"cc.Size","width":76,"height":504},"_trs":{"__type__":"TypedArray","ctor":"Float64Array","array":[0,-312.761,0,0,0,0,1,1,1,1]},"_groupIndex":15,"groupIndex":15},{"__type__":"cc.Node","_name":"pifu","_parent":{"__id__":1},"_components":[{"__type__":"sp.Skeleton","node":{"__id__":36},"_materials":[{"__uuid__":"7a/QZLET9IDreTiBfRn2PD"}],"defaultAnimation":"jy1","_preCacheMode":0,"premultipliedAlpha":false,"_animationName":"jy1","_N$skeletonData":{"__uuid__":"7eXUSETlJAmq9Nf/NmhP+m"}},{"__type__":"cc.BoxCollider","node":{"__id__":36},"_offset":{"__type__":"cc.Vec2","x":2.1},"_size":{"__type__":"cc.Size","width":118.1,"height":72.6}},{"__type__":"01f289XMctJip07hmhMcMgM","node":{"__id__":36}}],"_prefab":{"__type__":"cc.PrefabInfo","root":{"__id__":1},"asset":{"__uuid__":"c1qgcZjkpEfY0kvMPMUUgH"},"fileId":"36ZpGRTxdCVKCt5aiTBVZd"},"_contentSize":{"__type__":"cc.Size","width":298.26,"height":205.43},"_trs":{"__type__":"TypedArray","ctor":"Float64Array","array":[-319.72,49.827,0,0,0,0,1,1,1,1]},"_groupIndex":19,"groupIndex":19},{"__type__":"cc.Node","_name":"qlyv","_parent":{"__id__":1},"_components":[{"__type__":"sp.Skeleton","node":{"__id__":37},"_materials":[{"__uuid__":"7a/QZLET9IDreTiBfRn2PD"}],"defaultAnimation":"zcdz2","_preCacheMode":0,"premultipliedAlpha":false,"_animationName":"zcdz2","_N$skeletonData":{"__uuid__":"e1DcgF+MJNYqVd0TpYVkVc"}},{"__type__":"cc.BoxCollider","node":{"__id__":37},"_offset":{"__type__":"cc.Vec2","x":-3,"y":-33},"_size":{"__type__":"cc.Size","width":120,"height":101}}],"_prefab":{"__type__":"cc.PrefabInfo","root":{"__id__":1},"asset":{"__uuid__":"c1qgcZjkpEfY0kvMPMUUgH"},"fileId":"69k6paV/9IB71LQW8hQJVg"},"_contentSize":{"__type__":"cc.Size","width":199,"height":189.38},"_trs":{"__type__":"TypedArray","ctor":"Float64Array","array":[905.052,-419.734,0,0,0,0,1,-1,1,1]},"_groupIndex":22,"groupIndex":22},{"__type__":"cc.Node","_name":"jt","_parent":{"__id__":1},"_components":[{"__type__":"sp.Skeleton","node":{"__id__":38},"_materials":[{"__uuid__":"7a/QZLET9IDreTiBfRn2PD"}],"defaultAnimation":"animation","_preCacheMode":0,"premultipliedAlpha":false,"_animationName":"animation","_N$skeletonData":{"__uuid__":"19+H+W/p9BsLNUbqevx73X"}},{"__type__":"cc.BoxCollider","node":{"__id__":38},"_size":{"__type__":"cc.Size","width":118,"height":77}},{"__type__":"8129dBaWYFCnbCuQ9KTwNkc","node":{"__id__":38}}],"_prefab":{"__type__":"cc.PrefabInfo","root":{"__id__":1},"asset":{"__uuid__":"c1qgcZjkpEfY0kvMPMUUgH"},"fileId":"afNKAmDlxPR50kY+Mj80V1"},"_contentSize":{"__type__":"cc.Size","width":118,"height":77},"_trs":{"__type__":"TypedArray","ctor":"Float64Array","array":[1255.55,52.483,0,0,0,0.7071067811865475,0.7071067811865476,1,1,1]},"_eulerAngles":{"__type__":"cc.Vec3","z":90},"_groupIndex":18,"groupIndex":18},{"__type__":"cc.Node","_name":"clos","_parent":{"__id__":1},"_components":[{"__type__":"cc.BoxCollider","node":{"__id__":39}}],"_prefab":{"__type__":"cc.PrefabInfo","root":{"__id__":1},"asset":{"__uuid__":"c1qgcZjkpEfY0kvMPMUUgH"},"fileId":"73rxv3Qi5BYZTcnXYg/PQf"},"_trs":{"__type__":"TypedArray","ctor":"Float64Array","array":[1379.599,48.944,0,0,0,0,1,1,1,1]},"_groupIndex":23,"groupIndex":23}],{"__type__":"cc.SpriteFrame","content":{"name":"10","texture":"b8DJjisKxPppGAnr5Y5Ltr","rect":[0,0,956,1144],"offset":[0,0],"originalSize":[956,1144],"capInsets":[0,0,0,0]}}]