[[{"__type__":"cc.Prefab","_name":"UIDerived69","data":{"__id__":1}},{"__type__":"cc.Node","_name":"UIDerived79","_children":[{"__type__":"cc.Node","_name":"bule_node","_parent":{"__id__":1},"_prefab":{"__type__":"cc.PrefabInfo","root":{"__id__":1},"asset":{"__uuid__":"72mpLr7vZLGYF+/Hy28+79"},"fileId":"554kUqPi9O+bF8gbLaDpFP"},"_trs":{"__type__":"TypedArray","ctor":"Float64Array","array":[0,0,0,0,0,0,1,1,1,1]}},{"__type__":"cc.Node","_name":"greenwater_node","_parent":{"__id__":1},"_prefab":{"__type__":"cc.PrefabInfo","root":{"__id__":1},"asset":{"__uuid__":"72mpLr7vZLGYF+/Hy28+79"},"fileId":"68CoFXgARAK7W/hEE/0PzS"},"_trs":{"__type__":"TypedArray","ctor":"Float64Array","array":[0,0,0,0,0,0,1,1,1,1]}},{"__type__":"cc.Node","_name":"redwater_node","_parent":{"__id__":1},"_prefab":{"__type__":"cc.PrefabInfo","root":{"__id__":1},"asset":{"__uuid__":"72mpLr7vZLGYF+/Hy28+79"},"fileId":"cfVbIX8dVJJZC627ZbF3aD"},"_trs":{"__type__":"TypedArray","ctor":"Float64Array","array":[0,0,0,0,0,0,1,1,1,1]}},{"__id__":2},{"__id__":3},{"__id__":4},{"__id__":5},{"__type__":"cc.Node","_name":"greenPos_node","_parent":{"__id__":1},"_prefab":{"__type__":"cc.PrefabInfo","root":{"__id__":1},"asset":{"__uuid__":"72mpLr7vZLGYF+/Hy28+79"},"fileId":"73XfPB8phEcL6DX3ewH+5I"},"_trs":{"__type__":"TypedArray","ctor":"Float64Array","array":[0,0,0,0,0,0,1,1,1,1]}},{"__type__":"cc.Node","_name":"player","_parent":{"__id__":1},"_prefab":{"__type__":"cc.PrefabInfo","root":{"__id__":1},"asset":{"__uuid__":"72mpLr7vZLGYF+/Hy28+79"},"fileId":"f0wHIbv4hFSY+Mm2AZvRCm"},"_contentSize":{"__type__":"cc.Size","width":240,"height":140},"_trs":{"__type__":"TypedArray","ctor":"Float64Array","array":[303.237,157.333,0,0,0,0,1,-0.7,0.7,1]}},{"__id__":6},{"__id__":10},{"__id__":16},{"__id__":20},{"__id__":26}],"_components":[{"__type__":"cc.Sprite","node":{"__id__":1},"_materials":[{"__uuid__":"ecpdLyjvZBwrvm+cedCcQy"}],"_spriteFrame":{"__uuid__":"deu5LiL29BkZmDvDdfkOZN"}},{"__type__":"cc.RigidBody","node":{"__id__":1},"_type":0},{"__type__":"cc.PhysicsPolygonCollider","node":{"__id__":1},"_offset":{"__type__":"cc.Vec2","x":441.7,"y":623.7},"points":[{"__type__":"cc.Vec2","x":-60.1,"y":-25.1},{"__type__":"cc.Vec2","x":-60.3,"y":-78.4},{"__type__":"cc.Vec2","x":-96.7,"y":-104},{"__type__":"cc.Vec2","x":-98.5,"y":-130.8},{"__type__":"cc.Vec2","x":-17.5,"y":-189.7},{"__type__":"cc.Vec2","x":50.7,"y":-215},{"__type__":"cc.Vec2","x":50,"y":50},{"__type__":"cc.Vec2","x":-50,"y":50},{"__type__":"cc.Vec2","x":-290,"y":47},{"__type__":"cc.Vec2","x":-1061,"y":-801},{"__type__":"cc.Vec2","x":-399,"y":-1375},{"__type__":"cc.Vec2","x":108,"y":-872},{"__type__":"cc.Vec2","x":50,"y":-297},{"__type__":"cc.Vec2","x":-82.6,"y":-241.5},{"__type__":"cc.Vec2","x":-102.1,"y":-250.9},{"__type__":"cc.Vec2","x":-45,"y":-423.3},{"__type__":"cc.Vec2","x":-36.2,"y":-506.3},{"__type__":"cc.Vec2","x":-60,"y":-550.2},{"__type__":"cc.Vec2","x":-125.4,"y":-575.8},{"__type__":"cc.Vec2","x":-185.3,"y":-566.4},{"__type__":"cc.Vec2","x":-227,"y":-523},{"__type__":"cc.Vec2","x":-249,"y":-443},{"__type__":"cc.Vec2","x":-232,"y":-319},{"__type__":"cc.Vec2","x":-201,"y":-280},{"__type__":"cc.Vec2","x":-181,"y":-247},{"__type__":"cc.Vec2","x":-202,"y":-208},{"__type__":"cc.Vec2","x":-242,"y":-220},{"__type__":"cc.Vec2","x":-802,"y":-786},{"__type__":"cc.Vec2","x":-427,"y":-1151},{"__type__":"cc.Vec2","x":-302,"y":-1035},{"__type__":"cc.Vec2","x":-157.7,"y":-885.1},{"__type__":"cc.Vec2","x":-353.4,"y":-690.1},{"__type__":"cc.Vec2","x":-440.2,"y":-781.4},{"__type__":"cc.Vec2","x":-297.7,"y":-927.6},{"__type__":"cc.Vec2","x":-350.4,"y":-981.9},{"__type__":"cc.Vec2","x":-544,"y":-788},{"__type__":"cc.Vec2","x":-358,"y":-597},{"__type__":"cc.Vec2","x":-64,"y":-885},{"__type__":"cc.Vec2","x":-429,"y":-1252},{"__type__":"cc.Vec2","x":-893,"y":-790},{"__type__":"cc.Vec2","x":-144,"y":-8},{"__type__":"cc.Vec2","x":-73.7,"y":-2.4}]},{"__type__":"1100eDGpRlLMYp5CrYQGpcQ","node":{"__id__":1}}],"_prefab":{"__type__":"cc.PrefabInfo","root":{"__id__":1},"asset":{"__uuid__":"72mpLr7vZLGYF+/Hy28+79"},"fileId":"a5pre2Ws9LiIYIq2qY/Yfq"},"_contentSize":{"__type__":"cc.Size","width":984,"height":1345},"_trs":{"__type__":"TypedArray","ctor":"Float64Array","array":[48.909,0,0,0,0,0,1,1,1,1]}},{"__type__":"cc.Node","_name":"black_node","_parent":{"__id__":1},"_components":[{"__type__":"6c0e8KZwr5L34azTYX21stu","node":{"__id__":2}}],"_prefab":{"__type__":"cc.PrefabInfo","root":{"__id__":1},"asset":{"__uuid__":"72mpLr7vZLGYF+/Hy28+79"},"fileId":"57wAupYYBBpYkvQrHGHMmj"},"_trs":{"__type__":"TypedArray","ctor":"Float64Array","array":[0,0,0,0,0,0,1,1,1,1]}},{"__type__":"cc.Node","_name":"gray_node","_parent":{"__id__":1},"_components":[{"__type__":"3400dF2d2tHLK8+En9baGXY","node":{"__id__":3},"grey_prefab":{"__uuid__":"13FEeEL1NMaK5TFGpFQpJr"}}],"_prefab":{"__type__":"cc.PrefabInfo","root":{"__id__":1},"asset":{"__uuid__":"72mpLr7vZLGYF+/Hy28+79"},"fileId":"e1kfIUF8tM9b/B/C8Ahu+b"},"_trs":{"__type__":"TypedArray","ctor":"Float64Array","array":[0,0,0,0,0,0,1,1,1,1]}},{"__type__":"cc.Node","_name":"bulePos_node","_parent":{"__id__":1},"_children":[{"__type__":"cc.Node","_name":"New Node","_parent":{"__id__":4},"_prefab":{"__type__":"cc.PrefabInfo","root":{"__id__":1},"asset":{"__uuid__":"72mpLr7vZLGYF+/Hy28+79"},"fileId":"73CysB0GhEbLw7E7w/1kEv"},"_trs":{"__type__":"TypedArray","ctor":"Float64Array","array":[-37.957,-172.638,0,0,0,0,1,1,1,1]}}],"_prefab":{"__type__":"cc.PrefabInfo","root":{"__id__":1},"asset":{"__uuid__":"72mpLr7vZLGYF+/Hy28+79"},"fileId":"72Snagp49EubykV/Z1Ztx8"},"_trs":{"__type__":"TypedArray","ctor":"Float64Array","array":[0,0,0,0,0,0,1,1,1,1]}},{"__type__":"cc.Node","_name":"redPos_node","_parent":{"__id__":1},"_children":[{"__type__":"cc.Node","_name":"New Node","_parent":{"__id__":5},"_prefab":{"__type__":"cc.PrefabInfo","root":{"__id__":1},"asset":{"__uuid__":"72mpLr7vZLGYF+/Hy28+79"},"fileId":"cbDD1XcoBI866/B9gk/uLS"},"_trs":{"__type__":"TypedArray","ctor":"Float64Array","array":[-386,-132,0,0,0,0,1,1,1,1]}}],"_prefab":{"__type__":"cc.PrefabInfo","root":{"__id__":1},"asset":{"__uuid__":"72mpLr7vZLGYF+/Hy28+79"},"fileId":"cfktTzSRZEIoOCXrAduS5d"},"_trs":{"__type__":"TypedArray","ctor":"Float64Array","array":[0,0,0,0,0,0,1,1,1,1]}},{"__type__":"cc.Node","_name":"zhenNodeTwo","_parent":{"__id__":1},"_children":[{"__id__":7},{"__id__":8},{"__id__":14},{"__id__":15}],"_prefab":{"__type__":"cc.PrefabInfo","root":{"__id__":1},"asset":{"__uuid__":"72mpLr7vZLGYF+/Hy28+79"},"fileId":"1eZLPdDbdCb4FGgRpPYu2/"},"_trs":{"__type__":"TypedArray","ctor":"Float64Array","array":[68.368,-349.173,0,0,0,0.3808202486373556,0.924649089237524,1,1,1]},"_eulerAngles":{"__type__":"cc.Vec3","z":44.769}},{"__type__":"cc.Node","_name":"huagui","_parent":{"__id__":6},"_components":[{"__type__":"cc.Sprite","node":{"__id__":7},"_materials":[{"__uuid__":"ecpdLyjvZBwrvm+cedCcQy"}],"_spriteFrame":{"__uuid__":"72AklVCzBN/asPCzYF9Gl5"},"_type":2,"_sizeMode":0}],"_prefab":{"__type__":"cc.PrefabInfo","root":{"__id__":1},"asset":{"__uuid__":"72mpLr7vZLGYF+/Hy28+79"},"fileId":"481kobzytPPaN2t3ifDNt2"},"_contentSize":{"__type__":"cc.Size","width":52,"height":286.6},"_trs":{"__type__":"TypedArray","ctor":"Float64Array","array":[-9.505,116.613,0,0,0,0,1,0.5,1,0.5]}},{"__type__":"cc.Node","_name":"zhen","_parent":{"__id__":6},"_components":[{"__type__":"cc.Sprite","node":{"__id__":8},"_materials":[{"__uuid__":"ecpdLyjvZBwrvm+cedCcQy"}],"_spriteFrame":{"__uuid__":"14vJwyNH1OspMXFimJtxkW"},"_type":1,"_sizeMode":0},{"__type__":"cc.RigidBody","node":{"__id__":8},"_type":3,"_gravityScale":0,"_fixedRotation":true,"enabledContactListener":true,"bullet":true},{"__type__":"cc.PhysicsPolygonCollider","node":{"__id__":8},"_offset":{"__type__":"cc.Vec2","x":214,"y":6},"points":[{"__type__":"cc.Vec2","x":-301.7,"y":-65.9},{"__type__":"cc.Vec2","x":-219.4,"y":-60.8},{"__type__":"cc.Vec2","x":-205.1,"y":-29.5},{"__type__":"cc.Vec2","x":-107,"y":-23},{"__type__":"cc.Vec2","x":-109,"y":19},{"__type__":"cc.Vec2","x":-206.7,"y":25.8},{"__type__":"cc.Vec2","x":-228.4,"y":53.8},{"__type__":"cc.Vec2","x":-305.2,"y":57.6},{"__type__":"cc.Vec2","x":-322.7,"y":28.9},{"__type__":"cc.Vec2","x":-323.3,"y":-49.8}]},{"__type__":"1cb3eoIRdhJWZayW7A68Y7j","node":{"__id__":8},"applyUpsensor":true,"applyDownsensor":true,"allzhen":[{"__id__":9}]}],"_prefab":{"__type__":"cc.PrefabInfo","root":{"__id__":1},"asset":{"__uuid__":"72mpLr7vZLGYF+/Hy28+79"},"fileId":"d1yaaCkU5HubiRwBhFbHlO"},"_contentSize":{"__type__":"cc.Size","width":212,"height":111},"_trs":{"__type__":"TypedArray","ctor":"Float64Array","array":[0,0,0,0,0,0,1,1,1,1]}},{"__type__":"cc.Node","_name":"zhen","_parent":{"__id__":10},"_components":[{"__type__":"cc.Sprite","node":{"__id__":9},"_materials":[{"__uuid__":"ecpdLyjvZBwrvm+cedCcQy"}],"_spriteFrame":{"__uuid__":"14vJwyNH1OspMXFimJtxkW"},"_type":1,"_sizeMode":0},{"__type__":"cc.RigidBody","node":{"__id__":9},"_type":3,"_gravityScale":0,"_fixedRotation":true,"enabledContactListener":true,"bullet":true},{"__type__":"cc.PhysicsPolygonCollider","node":{"__id__":9},"_offset":{"__type__":"cc.Vec2","x":214,"y":6},"points":[{"__type__":"cc.Vec2","x":-301.7,"y":-65.9},{"__type__":"cc.Vec2","x":-219.4,"y":-60.8},{"__type__":"cc.Vec2","x":-205.1,"y":-29.5},{"__type__":"cc.Vec2","x":-107,"y":-23},{"__type__":"cc.Vec2","x":-109,"y":19},{"__type__":"cc.Vec2","x":-206.7,"y":25.8},{"__type__":"cc.Vec2","x":-228.4,"y":53.8},{"__type__":"cc.Vec2","x":-305.2,"y":57.6},{"__type__":"cc.Vec2","x":-322.7,"y":28.9},{"__type__":"cc.Vec2","x":-323.3,"y":-49.8}]},{"__type__":"1cb3eoIRdhJWZayW7A68Y7j","node":{"__id__":9},"applyUpsensor":true,"applyDownsensor":true,"allzhen":[{"__id__":8}]}],"_prefab":{"__type__":"cc.PrefabInfo","root":{"__id__":1},"asset":{"__uuid__":"72mpLr7vZLGYF+/Hy28+79"},"fileId":"0bipwyOxdFWLnrvl0cECpC"},"_contentSize":{"__type__":"cc.Size","width":212,"height":111},"_trs":{"__type__":"TypedArray","ctor":"Float64Array","array":[0,0,0,0,0,0,1,1,1,1]}},{"__type__":"cc.Node","_name":"zhenNodeTwo","_parent":{"__id__":1},"_children":[{"__id__":11},{"__id__":9},{"__id__":12},{"__id__":13}],"_prefab":{"__type__":"cc.PrefabInfo","root":{"__id__":1},"asset":{"__uuid__":"72mpLr7vZLGYF+/Hy28+79"},"fileId":"e67DRvXz5N6KRhQpAipGUB"},"_trs":{"__type__":"TypedArray","ctor":"Float64Array","array":[-22.909,-46.566,0,0,0,-0.3830300873185248,0.9237358671226117,1,1,1]},"_eulerAngles":{"__type__":"cc.Vec3","z":-45.043000000000006}},{"__type__":"cc.Node","_name":"huagui","_parent":{"__id__":10},"_components":[{"__type__":"cc.Sprite","node":{"__id__":11},"_materials":[{"__uuid__":"ecpdLyjvZBwrvm+cedCcQy"}],"_spriteFrame":{"__uuid__":"72AklVCzBN/asPCzYF9Gl5"},"_type":2,"_sizeMode":0}],"_prefab":{"__type__":"cc.PrefabInfo","root":{"__id__":1},"asset":{"__uuid__":"72mpLr7vZLGYF+/Hy28+79"},"fileId":"ffgF5riYdKVoSD1gcesZrD"},"_contentSize":{"__type__":"cc.Size","width":52,"height":292},"_trs":{"__type__":"TypedArray","ctor":"Float64Array","array":[7.74,-8.897,0,0,0,0,1,0.5,1,0.5]}},{"__type__":"cc.Node","_name":"zhenup","_parent":{"__id__":10},"_components":[{"__type__":"cc.RigidBody","node":{"__id__":12},"_type":0,"_gravityScale":0,"bullet":true}],"_prefab":{"__type__":"cc.PrefabInfo","root":{"__id__":1},"asset":{"__uuid__":"72mpLr7vZLGYF+/Hy28+79"},"fileId":"aadlYJEdNA5qYRAH1aVIMj"},"_trs":{"__type__":"TypedArray","ctor":"Float64Array","array":[5.359,125.678,0,0,0,0,1,1,1,1]}},{"__type__":"cc.Node","_name":"zhendown","_parent":{"__id__":10},"_components":[{"__type__":"cc.RigidBody","node":{"__id__":13},"_type":0,"_gravityScale":0,"bullet":true}],"_prefab":{"__type__":"cc.PrefabInfo","root":{"__id__":1},"asset":{"__uuid__":"72mpLr7vZLGYF+/Hy28+79"},"fileId":"2az4rV789F7JJhlySK7bCc"},"_trs":{"__type__":"TypedArray","ctor":"Float64Array","array":[6.847,-139.529,0,0,0,0,1,1,1,1]}},{"__type__":"cc.Node","_name":"zhenup","_parent":{"__id__":6},"_components":[{"__type__":"cc.RigidBody","node":{"__id__":14},"_type":0,"_gravityScale":0,"bullet":true}],"_prefab":{"__type__":"cc.PrefabInfo","root":{"__id__":1},"asset":{"__uuid__":"72mpLr7vZLGYF+/Hy28+79"},"fileId":"4dEMdJlDxE/IHnlvcgsBJf"},"_trs":{"__type__":"TypedArray","ctor":"Float64Array","array":[5.359,248.694,0,0,0,0,1,1,1,1]}},{"__type__":"cc.Node","_name":"zhendown","_parent":{"__id__":6},"_components":[{"__type__":"cc.RigidBody","node":{"__id__":15},"_type":0,"_gravityScale":0,"bullet":true}],"_prefab":{"__type__":"cc.PrefabInfo","root":{"__id__":1},"asset":{"__uuid__":"72mpLr7vZLGYF+/Hy28+79"},"fileId":"fakMtPaXZEwY/1ioDlUYzt"},"_trs":{"__type__":"TypedArray","ctor":"Float64Array","array":[6.847,-20.024,0,0,0,0,1,1,1,1]}},{"__type__":"cc.Node","_name":"zhenNodeTwo","_parent":{"__id__":1},"_children":[{"__id__":17},{"__id__":18},{"__id__":24},{"__id__":25}],"_prefab":{"__type__":"cc.PrefabInfo","root":{"__id__":1},"asset":{"__uuid__":"72mpLr7vZLGYF+/Hy28+79"},"fileId":"a9fWjPd/pBLqCQ+RKLVKHf"},"_trs":{"__type__":"TypedArray","ctor":"Float64Array","array":[-61.285,-567.31,0,0,0,0.3808202486373556,0.924649089237524,1,1,1]},"_eulerAngles":{"__type__":"cc.Vec3","z":44.769}},{"__type__":"cc.Node","_name":"huagui","_parent":{"__id__":16},"_components":[{"__type__":"cc.Sprite","node":{"__id__":17},"_materials":[{"__uuid__":"ecpdLyjvZBwrvm+cedCcQy"}],"_spriteFrame":{"__uuid__":"72AklVCzBN/asPCzYF9Gl5"},"_type":2,"_sizeMode":0}],"_prefab":{"__type__":"cc.PrefabInfo","root":{"__id__":1},"asset":{"__uuid__":"72mpLr7vZLGYF+/Hy28+79"},"fileId":"b2sBFkNgJMmJS3asa1UW2+"},"_contentSize":{"__type__":"cc.Size","width":52,"height":676},"_trs":{"__type__":"TypedArray","ctor":"Float64Array","array":[-6.4,225.104,0,0,0,0,1,0.5,1,0.5]}},{"__type__":"cc.Node","_name":"zhen","_parent":{"__id__":16},"_components":[{"__type__":"cc.Sprite","node":{"__id__":18},"_materials":[{"__uuid__":"ecpdLyjvZBwrvm+cedCcQy"}],"_spriteFrame":{"__uuid__":"14vJwyNH1OspMXFimJtxkW"},"_type":1,"_sizeMode":0},{"__type__":"cc.RigidBody","node":{"__id__":18},"_type":3,"_gravityScale":0,"_fixedRotation":true,"enabledContactListener":true,"bullet":true},{"__type__":"cc.PhysicsPolygonCollider","node":{"__id__":18},"_offset":{"__type__":"cc.Vec2","x":214,"y":6},"points":[{"__type__":"cc.Vec2","x":-301.7,"y":-65.9},{"__type__":"cc.Vec2","x":-219.4,"y":-60.8},{"__type__":"cc.Vec2","x":-205.1,"y":-29.5},{"__type__":"cc.Vec2","x":-107,"y":-23},{"__type__":"cc.Vec2","x":-109,"y":19},{"__type__":"cc.Vec2","x":-206.7,"y":25.8},{"__type__":"cc.Vec2","x":-228.4,"y":53.8},{"__type__":"cc.Vec2","x":-305.2,"y":57.6},{"__type__":"cc.Vec2","x":-322.7,"y":28.9},{"__type__":"cc.Vec2","x":-323.3,"y":-49.8}]},{"__type__":"1cb3eoIRdhJWZayW7A68Y7j","node":{"__id__":18},"applyUpsensor":true,"applyDownsensor":true,"allzhen":[{"__id__":19}]}],"_prefab":{"__type__":"cc.PrefabInfo","root":{"__id__":1},"asset":{"__uuid__":"72mpLr7vZLGYF+/Hy28+79"},"fileId":"746dcH3ElOo7NAqGp8jBnV"},"_contentSize":{"__type__":"cc.Size","width":212,"height":111},"_trs":{"__type__":"TypedArray","ctor":"Float64Array","array":[0,0,0,0,0,0,1,1,1,1]}},{"__type__":"cc.Node","_name":"zhen","_parent":{"__id__":20},"_components":[{"__type__":"cc.Sprite","node":{"__id__":19},"_materials":[{"__uuid__":"ecpdLyjvZBwrvm+cedCcQy"}],"_spriteFrame":{"__uuid__":"14vJwyNH1OspMXFimJtxkW"},"_type":1,"_sizeMode":0},{"__type__":"cc.RigidBody","node":{"__id__":19},"_type":3,"_gravityScale":0,"_fixedRotation":true,"enabledContactListener":true,"bullet":true},{"__type__":"cc.PhysicsPolygonCollider","node":{"__id__":19},"_offset":{"__type__":"cc.Vec2","x":214,"y":6},"points":[{"__type__":"cc.Vec2","x":-301.7,"y":-65.9},{"__type__":"cc.Vec2","x":-219.4,"y":-60.8},{"__type__":"cc.Vec2","x":-205.1,"y":-29.5},{"__type__":"cc.Vec2","x":-107,"y":-23},{"__type__":"cc.Vec2","x":-109,"y":19},{"__type__":"cc.Vec2","x":-206.7,"y":25.8},{"__type__":"cc.Vec2","x":-228.4,"y":53.8},{"__type__":"cc.Vec2","x":-305.2,"y":57.6},{"__type__":"cc.Vec2","x":-322.7,"y":28.9},{"__type__":"cc.Vec2","x":-323.3,"y":-49.8}]},{"__type__":"1cb3eoIRdhJWZayW7A68Y7j","node":{"__id__":19},"applyDownsensor":true,"allzhen":[{"__id__":18}]}],"_prefab":{"__type__":"cc.PrefabInfo","root":{"__id__":1},"asset":{"__uuid__":"72mpLr7vZLGYF+/Hy28+79"},"fileId":"55/uYJzzhJQKohSSRXRDhR"},"_contentSize":{"__type__":"cc.Size","width":212,"height":111},"_trs":{"__type__":"TypedArray","ctor":"Float64Array","array":[0,0,0,0,0,0,1,1,1,1]}},{"__type__":"cc.Node","_name":"zhenNodeTwo","_parent":{"__id__":1},"_children":[{"__id__":21},{"__id__":19},{"__id__":22},{"__id__":23}],"_prefab":{"__type__":"cc.PrefabInfo","root":{"__id__":1},"asset":{"__uuid__":"72mpLr7vZLGYF+/Hy28+79"},"fileId":"a6+MURGR9MJ5nO09IO/jMC"},"_trs":{"__type__":"TypedArray","ctor":"Float64Array","array":[-199.547,134.992,0,0,0,-0.3773317058018714,0.9260781736962869,1,1,1]},"_eulerAngles":{"__type__":"cc.Vec3","z":-44.337}},{"__type__":"cc.Node","_name":"huagui","_parent":{"__id__":20},"_components":[{"__type__":"cc.Sprite","node":{"__id__":21},"_materials":[{"__uuid__":"ecpdLyjvZBwrvm+cedCcQy"}],"_spriteFrame":{"__uuid__":"72AklVCzBN/asPCzYF9Gl5"},"_type":2,"_sizeMode":0}],"_prefab":{"__type__":"cc.PrefabInfo","root":{"__id__":1},"asset":{"__uuid__":"72mpLr7vZLGYF+/Hy28+79"},"fileId":"adWXFtncdK5K03Huqm58l0"},"_contentSize":{"__type__":"cc.Size","width":52,"height":909},"_trs":{"__type__":"TypedArray","ctor":"Float64Array","array":[15,55,0,0,0,0,1,0.5,1,0.5]}},{"__type__":"cc.Node","_name":"zhenup","_parent":{"__id__":20},"_components":[{"__type__":"cc.RigidBody","node":{"__id__":22},"_type":0,"_gravityScale":0,"bullet":true}],"_prefab":{"__type__":"cc.PrefabInfo","root":{"__id__":1},"asset":{"__uuid__":"72mpLr7vZLGYF+/Hy28+79"},"fileId":"1ftR0x3S5L1aqSJ/Ecu/ni"},"_trs":{"__type__":"TypedArray","ctor":"Float64Array","array":[5.359,505.404,0,0,0,0,1,1,1,1]}},{"__type__":"cc.Node","_name":"zhendown","_parent":{"__id__":20},"_components":[{"__type__":"cc.RigidBody","node":{"__id__":23},"_type":0,"_gravityScale":0,"bullet":true}],"_prefab":{"__type__":"cc.PrefabInfo","root":{"__id__":1},"asset":{"__uuid__":"72mpLr7vZLGYF+/Hy28+79"},"fileId":"93KzF2frJJDJhYR9qPwA0/"},"_trs":{"__type__":"TypedArray","ctor":"Float64Array","array":[6.847,-398.439,0,0,0,0,1,1,1,1]}},{"__type__":"cc.Node","_name":"zhenup","_parent":{"__id__":16},"_components":[{"__type__":"cc.RigidBody","node":{"__id__":24},"_type":0,"_gravityScale":0,"bullet":true}],"_prefab":{"__type__":"cc.PrefabInfo","root":{"__id__":1},"asset":{"__uuid__":"72mpLr7vZLGYF+/Hy28+79"},"fileId":"77XFyitQ5LmIJxvmhTTE5y"},"_trs":{"__type__":"TypedArray","ctor":"Float64Array","array":[5.359,560.74,0,0,0,0,1,1,1,1]}},{"__type__":"cc.Node","_name":"zhendown","_parent":{"__id__":16},"_components":[{"__type__":"cc.RigidBody","node":{"__id__":25},"_type":0,"_gravityScale":0,"bullet":true}],"_prefab":{"__type__":"cc.PrefabInfo","root":{"__id__":1},"asset":{"__uuid__":"72mpLr7vZLGYF+/Hy28+79"},"fileId":"00UGCQxv9K6Jk1yktX7WW8"},"_trs":{"__type__":"TypedArray","ctor":"Float64Array","array":[6.847,-94.716,0,0,0,0,1,1,1,1]}},{"__type__":"cc.Node","_name":"rotationStage","_parent":{"__id__":1},"_components":[{"__type__":"cc.Sprite","node":{"__id__":26},"_materials":[{"__uuid__":"ecpdLyjvZBwrvm+cedCcQy"}],"_spriteFrame":{"__uuid__":"7cQ9AZ2ihAL7w7j2iXN4dt"}},{"__type__":"ae444naYU1I/IZzwhFmo0bP","node":{"__id__":26}},{"__type__":"cc.RigidBody","node":{"__id__":26},"_type":0},{"__type__":"cc.PhysicsBoxCollider","node":{"__id__":26},"_offset":{"__type__":"cc.Vec2","y":2.6},"_size":{"__type__":"cc.Size","width":555,"height":86.5}},{"__type__":"cc.PhysicsBoxCollider","node":{"__id__":26},"_offset":{"__type__":"cc.Vec2","x":1.8},"_size":{"__type__":"cc.Size","width":95.4,"height":555}}],"_prefab":{"__type__":"cc.PrefabInfo","root":{"__id__":1},"asset":{"__uuid__":"72mpLr7vZLGYF+/Hy28+79"},"fileId":"3eRi50vzpKrKIoVX3ZA4/x"},"_contentSize":{"__type__":"cc.Size","width":555,"height":555},"_trs":{"__type__":"TypedArray","ctor":"Float64Array","array":[355,363,0,0,0,0.3007057995042731,0.9537169507482269,0.4,0.4,1]},"_eulerAngles":{"__type__":"cc.Vec3","z":35}}],{"__type__":"cc.SpriteFrame","content":{"name":"guanqia81","texture":"659ClXSUROJaccO5GOGD76","rect":[1,0,984,1345],"offset":[0.5,0.5],"originalSize":[985,1346],"capInsets":[0,0,0,0]}}]