{"__type__":"sp.SkeletonData","_name":"dydh","_skeletonJson":{"skeleton":{"hash":"VKnVo7FEU+zDgSY7JvIyF0XT8hQ","spine":"3.7.94","width":245,"height":124,"images":"./images/","audio":"/Users/zhongzhihao/Documents/深圳市优智信息有限公司/临时处理文件/项目/救救小金鱼/spine/毒液动画/images"},"bones":[{"name":"root"},{"name":"ds","parent":"root"}],"slots":[{"name":"ds","bone":"ds","attachment":"1"}],"skins":{"default":{"ds":{"1":{"x":14.3,"y":135.15,"width":245,"height":124},"2":{"x":14.3,"y":109.15,"width":265,"height":176},"3":{"x":-0.74,"y":89.15,"width":268,"height":216},"4":{"x":-0.74,"y":69.15,"width":274,"height":256},"5":{"x":-1.24,"y":56.15,"width":285,"height":282},"6":{"x":-0.74,"y":43.15,"width":288,"height":308},"7":{"x":-0.74,"y":30.15,"width":288,"height":334},"8":{"x":0.26,"y":23.15,"width":292,"height":348},"9":{"x":0.76,"y":12.65,"width":285,"height":369},"10":{"x":-0.24,"y":4.15,"width":243,"height":386},"11":{"x":-1.24,"y":-1.35,"width":245,"height":397},"12":{"x":-0.74,"y":-5.85,"width":248,"height":406},"13":{"x":-1.24,"y":-10.35,"width":251,"height":415},"14":{"x":-0.74,"y":-12.85,"width":254,"height":420},"15":{"x":-0.74,"y":-14.35,"width":254,"height":423},"16":{"x":-1.24,"y":-15.85,"width":253,"height":426},"17":{"x":-1.24,"y":-20.35,"width":251,"height":435},"18":{"x":0.76,"y":-23.35,"width":247,"height":441},"19":{"x":0.26,"y":-25.85,"width":248,"height":446},"20":{"x":-0.74,"y":-27.35,"width":248,"height":449},"21":{"x":-1.74,"y":-30.35,"width":230,"height":455},"22":{"x":-0.74,"y":-60.35,"width":156,"height":395}}}},"animations":{"animation":{"slots":{"ds":{"attachment":[{"time":0,"name":"1"},{"time":0.0333,"name":"2"},{"time":0.0667,"name":"3"},{"time":0.1,"name":"4"},{"time":0.1333,"name":"5"},{"time":0.1667,"name":"6"},{"time":0.2,"name":"7"},{"time":0.2333,"name":"8"},{"time":0.2667,"name":"9"},{"time":0.3,"name":"10"},{"time":0.3333,"name":"11"},{"time":0.3667,"name":"12"},{"time":0.4,"name":"13"},{"time":0.4333,"name":"14"},{"time":0.4667,"name":"15"},{"time":0.5,"name":"16"},{"time":0.5333,"name":"17"},{"time":0.5667,"name":"18"},{"time":0.6,"name":"19"},{"time":0.6333,"name":"20"},{"time":0.6667,"name":"21"},{"time":0.7,"name":"22"}]}}}}},"_atlasText":"\r\ndydh.png\r\nsize: 2048,2048\r\nformat: RGBA8888\r\nfilter: Linear,Linear\r\nrepeat: none\r\n1\r\n  rotate: false\r\n  xy: 392, 762\r\n  size: 245, 124\r\n  orig: 245, 124\r\n  offset: 0, 0\r\n  index: -1\r\n10\r\n  rotate: false\r\n  xy: 2, 296\r\n  size: 243, 386\r\n  orig: 243, 386\r\n  offset: 0, 0\r\n  index: -1\r\n11\r\n  rotate: false\r\n  xy: 252, 1198\r\n  size: 245, 397\r\n  orig: 245, 397\r\n  offset: 0, 0\r\n  index: -1\r\n12\r\n  rotate: false\r\n  xy: 1774, 1632\r\n  size: 248, 406\r\n  orig: 248, 406\r\n  offset: 0, 0\r\n  index: -1\r\n13\r\n  rotate: false\r\n  xy: 1521, 1623\r\n  size: 251, 415\r\n  orig: 251, 415\r\n  offset: 0, 0\r\n  index: -1\r\n14\r\n  rotate: false\r\n  xy: 1265, 1618\r\n  size: 254, 420\r\n  orig: 254, 420\r\n  offset: 0, 0\r\n  index: -1\r\n15\r\n  rotate: false\r\n  xy: 1009, 1615\r\n  size: 254, 423\r\n  orig: 254, 423\r\n  offset: 0, 0\r\n  index: -1\r\n16\r\n  rotate: false\r\n  xy: 754, 1612\r\n  size: 253, 426\r\n  orig: 253, 426\r\n  offset: 0, 0\r\n  index: -1\r\n17\r\n  rotate: false\r\n  xy: 501, 1603\r\n  size: 251, 435\r\n  orig: 251, 435\r\n  offset: 0, 0\r\n  index: -1\r\n18\r\n  rotate: false\r\n  xy: 252, 1597\r\n  size: 247, 441\r\n  orig: 247, 441\r\n  offset: 0, 0\r\n  index: -1\r\n19\r\n  rotate: false\r\n  xy: 2, 1141\r\n  size: 248, 446\r\n  orig: 248, 446\r\n  offset: 0, 0\r\n  index: -1\r\n2\r\n  rotate: false\r\n  xy: 642, 21\r\n  size: 265, 176\r\n  orig: 265, 176\r\n  offset: 0, 0\r\n  index: -1\r\n20\r\n  rotate: false\r\n  xy: 2, 1589\r\n  size: 248, 449\r\n  orig: 248, 449\r\n  offset: 0, 0\r\n  index: -1\r\n21\r\n  rotate: false\r\n  xy: 2, 684\r\n  size: 230, 455\r\n  orig: 230, 455\r\n  offset: 0, 0\r\n  index: -1\r\n22\r\n  rotate: false\r\n  xy: 234, 744\r\n  size: 156, 395\r\n  orig: 156, 395\r\n  offset: 0, 0\r\n  index: -1\r\n3\r\n  rotate: true\r\n  xy: 499, 1327\r\n  size: 268, 216\r\n  orig: 268, 216\r\n  offset: 0, 0\r\n  index: -1\r\n4\r\n  rotate: true\r\n  xy: 642, 199\r\n  size: 274, 256\r\n  orig: 274, 256\r\n  offset: 0, 0\r\n  index: -1\r\n5\r\n  rotate: true\r\n  xy: 534, 475\r\n  size: 285, 282\r\n  orig: 285, 282\r\n  offset: 0, 0\r\n  index: -1\r\n6\r\n  rotate: false\r\n  xy: 392, 888\r\n  size: 288, 308\r\n  orig: 288, 308\r\n  offset: 0, 0\r\n  index: -1\r\n7\r\n  rotate: false\r\n  xy: 352, 37\r\n  size: 288, 334\r\n  orig: 288, 334\r\n  offset: 0, 0\r\n  index: -1\r\n8\r\n  rotate: true\r\n  xy: 2, 2\r\n  size: 292, 348\r\n  orig: 292, 348\r\n  offset: 0, 0\r\n  index: -1\r\n9\r\n  rotate: false\r\n  xy: 247, 373\r\n  size: 285, 369\r\n  orig: 285, 369\r\n  offset: 0, 0\r\n  index: -1\r\n","textures":[{"__uuid__":"f2/3vcItJPYateIurf2ohH"}],"textureNames":["dydh.png"]}