{"__type__":"sp.SkeletonData","_name":"hydh","_skeletonJson":{"skeleton":{"hash":"OdQ/1QUzPc/TAw/+njhlVi+9XgI","spine":"3.7.94","width":631,"height":343,"images":"./images/","audio":"/Users/zhongzhihao/Documents/深圳市优智信息有限公司/临时处理文件/项目/救救小金鱼/spine/火焰动画/images"},"bones":[{"name":"root"},{"name":"h","parent":"root"}],"slots":[{"name":"h","bone":"h","attachment":"1"}],"skins":{"default":{"h":{"1":{"y":38.65,"width":631,"height":343},"2":{"y":40.15,"width":631,"height":346},"3":{"y":41.15,"width":631,"height":348},"4":{"y":41.15,"width":631,"height":348},"5":{"y":41.15,"width":631,"height":348},"6":{"y":41.15,"width":631,"height":348},"7":{"y":41.15,"width":631,"height":348},"8":{"y":44.15,"width":631,"height":354},"9":{"y":44.15,"width":631,"height":354},"10":{"y":44.15,"width":631,"height":354},"11":{"y":42.65,"width":631,"height":351},"12":{"y":40.15,"width":631,"height":346},"13":{"y":42.65,"width":631,"height":351},"14":{"y":44.15,"width":631,"height":354},"15":{"y":44.15,"width":631,"height":354},"16":{"y":44.15,"width":631,"height":354},"17":{"y":42.65,"width":631,"height":351},"18":{"y":41.15,"width":631,"height":348},"19":{"y":42.65,"width":631,"height":351},"20":{"y":44.15,"width":631,"height":354},"21":{"y":42.65,"width":631,"height":351},"22":{"y":42.65,"width":631,"height":351},"23":{"y":40.15,"width":631,"height":346}}}},"animations":{"animation":{"slots":{"h":{"attachment":[{"time":0,"name":"1"},{"time":0.0333,"name":"2"},{"time":0.0667,"name":"3"},{"time":0.1,"name":"4"},{"time":0.1333,"name":"5"},{"time":0.1667,"name":"6"},{"time":0.2,"name":"7"},{"time":0.2333,"name":"8"},{"time":0.2667,"name":"9"},{"time":0.3,"name":"10"},{"time":0.3333,"name":"11"},{"time":0.3667,"name":"12"},{"time":0.4,"name":"13"},{"time":0.4333,"name":"14"},{"time":0.4667,"name":"15"},{"time":0.5,"name":"16"},{"time":0.5333,"name":"17"},{"time":0.5667,"name":"18"},{"time":0.6,"name":"19"},{"time":0.6333,"name":"20"},{"time":0.6667,"name":"21"},{"time":0.7,"name":"22"},{"time":0.7333,"name":"23"},{"time":0.7667,"name":"1"}]}}}}},"_atlasText":"\r\nhydh.png\r\nsize: 2048,2048\r\nformat: RGBA8888\r\nfilter: Linear,Linear\r\nrepeat: none\r\n1\r\n  rotate: false\r\n  xy: 509, 14\r\n  size: 505, 274\r\n  orig: 505, 274\r\n  offset: 0, 0\r\n  index: -1\r\n10\r\n  rotate: false\r\n  xy: 2, 1700\r\n  size: 505, 283\r\n  orig: 505, 283\r\n  offset: 0, 0\r\n  index: -1\r\n11\r\n  rotate: false\r\n  xy: 509, 1132\r\n  size: 505, 281\r\n  orig: 505, 281\r\n  offset: 0, 0\r\n  index: -1\r\n12\r\n  rotate: false\r\n  xy: 509, 290\r\n  size: 505, 277\r\n  orig: 505, 277\r\n  offset: 0, 0\r\n  index: -1\r\n13\r\n  rotate: false\r\n  xy: 1016, 1417\r\n  size: 505, 281\r\n  orig: 505, 281\r\n  offset: 0, 0\r\n  index: -1\r\n14\r\n  rotate: false\r\n  xy: 2, 1415\r\n  size: 505, 283\r\n  orig: 505, 283\r\n  offset: 0, 0\r\n  index: -1\r\n15\r\n  rotate: false\r\n  xy: 509, 1700\r\n  size: 505, 283\r\n  orig: 505, 283\r\n  offset: 0, 0\r\n  index: -1\r\n16\r\n  rotate: false\r\n  xy: 2, 1130\r\n  size: 505, 283\r\n  orig: 505, 283\r\n  offset: 0, 0\r\n  index: -1\r\n17\r\n  rotate: false\r\n  xy: 1523, 1702\r\n  size: 505, 281\r\n  orig: 505, 281\r\n  offset: 0, 0\r\n  index: -1\r\n18\r\n  rotate: false\r\n  xy: 1523, 1422\r\n  size: 505, 278\r\n  orig: 505, 278\r\n  offset: 0, 0\r\n  index: -1\r\n19\r\n  rotate: false\r\n  xy: 2, 562\r\n  size: 505, 281\r\n  orig: 505, 281\r\n  offset: 0, 0\r\n  index: -1\r\n2\r\n  rotate: false\r\n  xy: 1016, 575\r\n  size: 505, 277\r\n  orig: 505, 277\r\n  offset: 0, 0\r\n  index: -1\r\n20\r\n  rotate: false\r\n  xy: 509, 1415\r\n  size: 505, 283\r\n  orig: 505, 283\r\n  offset: 0, 0\r\n  index: -1\r\n21\r\n  rotate: false\r\n  xy: 509, 849\r\n  size: 505, 281\r\n  orig: 505, 281\r\n  offset: 0, 0\r\n  index: -1\r\n22\r\n  rotate: false\r\n  xy: 1016, 1134\r\n  size: 505, 281\r\n  orig: 505, 281\r\n  offset: 0, 0\r\n  index: -1\r\n23\r\n  rotate: false\r\n  xy: 1523, 863\r\n  size: 505, 277\r\n  orig: 505, 277\r\n  offset: 0, 0\r\n  index: -1\r\n3\r\n  rotate: false\r\n  xy: 2, 282\r\n  size: 505, 278\r\n  orig: 505, 278\r\n  offset: 0, 0\r\n  index: -1\r\n4\r\n  rotate: false\r\n  xy: 509, 569\r\n  size: 505, 278\r\n  orig: 505, 278\r\n  offset: 0, 0\r\n  index: -1\r\n5\r\n  rotate: false\r\n  xy: 1016, 854\r\n  size: 505, 278\r\n  orig: 505, 278\r\n  offset: 0, 0\r\n  index: -1\r\n6\r\n  rotate: false\r\n  xy: 1523, 1142\r\n  size: 505, 278\r\n  orig: 505, 278\r\n  offset: 0, 0\r\n  index: -1\r\n7\r\n  rotate: false\r\n  xy: 2, 2\r\n  size: 505, 278\r\n  orig: 505, 278\r\n  offset: 0, 0\r\n  index: -1\r\n8\r\n  rotate: false\r\n  xy: 1016, 1700\r\n  size: 505, 283\r\n  orig: 505, 283\r\n  offset: 0, 0\r\n  index: -1\r\n9\r\n  rotate: false\r\n  xy: 2, 845\r\n  size: 505, 283\r\n  orig: 505, 283\r\n  offset: 0, 0\r\n  index: -1\r\n","textures":[{"__uuid__":"3dAv4kI45HeaXmrqC9hROO"}],"textureNames":["hydh.png"]}