[{"__type__":"cc.SpriteFrame","content":{"name":"select","texture":"ffW/1nTulHm7qmdTsdyXqc","rect":[0,0,269,319],"offset":[0,0],"originalSize":[269,319],"capInsets":[0,0,0,0]}},{"__type__":"cc.SpriteFrame","content":{"name":"leftKuang","texture":"5518SOBjFHHJIYYyfCOTp6","rect":[0,0,191,69],"offset":[0,0],"originalSize":[191,69],"capInsets":[0,0,0,0]}},{"__type__":"cc.SpriteFrame","content":{"name":"suo","texture":"86bg4HeCBPZbV8eHIhTuJd","rect":[0,0,90,120],"offset":[0,0],"originalSize":[90,120],"capInsets":[0,0,0,0]}},{"__type__":"cc.SpriteFrame","content":{"name":"mask","texture":"ffv0bSDd9JnJ28RHeA4hyr","rect":[0,0,263,312],"offset":[0,0],"originalSize":[263,312],"capInsets":[0,0,0,0]}},{"__type__":"cc.SpriteFrame","content":{"name":"kuang","texture":"f9puYOOexDFYGMFR/8uvMG","rect":[0,0,263,312],"offset":[0,0],"originalSize":[263,312],"capInsets":[0,0,0,0]}},{"__type__":"cc.SpriteFrame","content":{"name":"skin_1","texture":"8fFx6S2AZH9qq8BFCbimav","rect":[0,0,160,113],"offset":[0,0],"originalSize":[160,113],"capInsets":[0,0,0,0]}},[{"__type__":"cc.Prefab","_name":"fishSkin","data":{"__id__":1}},{"__type__":"cc.Node","_name":"fishSkin","_children":[{"__id__":2},{"__id__":3},{"__id__":4},{"__id__":5}],"_components":[{"__type__":"0f096gs49VK3IIagjg2Q4m9","node":{"__id__":1},"goneNode":{"__id__":5},"fishNode":{"__id__":4},"goldNode":{"__id__":9}},{"__type__":"cc.Button","node":{"__id__":1},"clickEvents":[{"__type__":"cc.ClickEvent","target":{"__id__":1},"_componentId":"0f096gs49VK3IIagjg2Q4m9","handler":"buy"}]}],"_prefab":{"__type__":"cc.PrefabInfo","root":{"__id__":1},"asset":{"__uuid__":"f0PgbuZcJBd6Ah+uw1rZle"},"fileId":"10kX7XXXNPKZnC236grmds"},"_contentSize":{"__type__":"cc.Size","width":263,"height":312},"_trs":{"__type__":"TypedArray","ctor":"Float64Array","array":[0,0,0,0,0,0,1,1,1,1]}},{"__type__":"cc.Node","_name":"select","_parent":{"__id__":1},"_active":false,"_components":[{"__type__":"cc.Sprite","node":{"__id__":2},"_materials":[{"__uuid__":"ecpdLyjvZBwrvm+cedCcQy"}],"_spriteFrame":{"__uuid__":"02NYkxmaNCQqxNQz5VRnng"}}],"_prefab":{"__type__":"cc.PrefabInfo","root":{"__id__":1},"asset":{"__uuid__":"f0PgbuZcJBd6Ah+uw1rZle"},"fileId":"19R7AZ81BPJbbjSUa8+TI5"},"_contentSize":{"__type__":"cc.Size","width":269,"height":319},"_trs":{"__type__":"TypedArray","ctor":"Float64Array","array":[0,0,0,0,0,0,1,1,1,1]}},{"__type__":"cc.Node","_name":"kuang","_parent":{"__id__":1},"_components":[{"__type__":"cc.Sprite","node":{"__id__":3},"_materials":[{"__uuid__":"ecpdLyjvZBwrvm+cedCcQy"}],"_spriteFrame":{"__uuid__":"c0IFKlV/pHjI7o9qBDnjZR"}}],"_prefab":{"__type__":"cc.PrefabInfo","root":{"__id__":1},"asset":{"__uuid__":"f0PgbuZcJBd6Ah+uw1rZle"},"fileId":"75Q33HSMRJhK0RJxB5DNWn"},"_contentSize":{"__type__":"cc.Size","width":263,"height":312},"_trs":{"__type__":"TypedArray","ctor":"Float64Array","array":[0,0,0,0,0,0,1,1,1,1]}},{"__type__":"cc.Node","_name":"fish","_parent":{"__id__":1},"_components":[{"__type__":"cc.Sprite","node":{"__id__":4},"_materials":[{"__uuid__":"ecpdLyjvZBwrvm+cedCcQy"}],"_spriteFrame":{"__uuid__":"e7+/Qp865Axbi6sOXM5RJx"}}],"_prefab":{"__type__":"cc.PrefabInfo","root":{"__id__":1},"asset":{"__uuid__":"f0PgbuZcJBd6Ah+uw1rZle"},"fileId":"f8oTOGyy1Ak5ptDJ/G8zUc"},"_contentSize":{"__type__":"cc.Size","width":160,"height":113},"_trs":{"__type__":"TypedArray","ctor":"Float64Array","array":[0,39.34,0,0,0,0,1,1,1,1]}},{"__type__":"cc.Node","_name":"gone","_parent":{"__id__":1},"_children":[{"__id__":6},{"__id__":8},{"__id__":9}],"_prefab":{"__type__":"cc.PrefabInfo","root":{"__id__":1},"asset":{"__uuid__":"f0PgbuZcJBd6Ah+uw1rZle"},"fileId":"e7vorPuINNAY1pe9MhIIOR"},"_trs":{"__type__":"TypedArray","ctor":"Float64Array","array":[0,0,0,0,0,0,1,1,1,1]}},{"__type__":"cc.Node","_name":"mask","_parent":{"__id__":5},"_children":[{"__id__":7}],"_components":[{"__type__":"cc.Sprite","node":{"__id__":6},"_materials":[{"__uuid__":"ecpdLyjvZBwrvm+cedCcQy"}],"_spriteFrame":{"__uuid__":"77oyBFICJMiqmzEvl2Au81"}}],"_prefab":{"__type__":"cc.PrefabInfo","root":{"__id__":1},"asset":{"__uuid__":"f0PgbuZcJBd6Ah+uw1rZle"},"fileId":"f72vtYlDlP0bR7p1JE5gzP"},"_contentSize":{"__type__":"cc.Size","width":263,"height":312},"_trs":{"__type__":"TypedArray","ctor":"Float64Array","array":[0,0,0,0,0,0,1,1,1,1]}},{"__type__":"cc.Node","_name":"suo","_parent":{"__id__":6},"_components":[{"__type__":"cc.Sprite","node":{"__id__":7},"_materials":[{"__uuid__":"ecpdLyjvZBwrvm+cedCcQy"}],"_spriteFrame":{"__uuid__":"339F9ixH9KfLpQBv6Gww3L"}}],"_prefab":{"__type__":"cc.PrefabInfo","root":{"__id__":1},"asset":{"__uuid__":"f0PgbuZcJBd6Ah+uw1rZle"},"fileId":"731q0h+WdKuYQsxL+Njzom"},"_contentSize":{"__type__":"cc.Size","width":90,"height":120},"_trs":{"__type__":"TypedArray","ctor":"Float64Array","array":[0,0,0,0,0,0,1,1,1,1]}},{"__type__":"cc.Node","_name":"leftKuang","_parent":{"__id__":5},"_components":[{"__type__":"cc.Sprite","node":{"__id__":8},"_materials":[{"__uuid__":"ecpdLyjvZBwrvm+cedCcQy"}],"_spriteFrame":{"__uuid__":"12NHqQYRFPBrimC8w7S++D"}}],"_prefab":{"__type__":"cc.PrefabInfo","root":{"__id__":1},"asset":{"__uuid__":"f0PgbuZcJBd6Ah+uw1rZle"},"fileId":"ddu1PSv3xG0Lx/7s0RA/j+"},"_contentSize":{"__type__":"cc.Size","width":191,"height":69},"_trs":{"__type__":"TypedArray","ctor":"Float64Array","array":[-3.337,-75.514,0,0,0,0,1,1,1,1]}},{"__type__":"cc.Node","_name":"gold","_parent":{"__id__":5},"_components":[{"__type__":"cc.Label","node":{"__id__":9},"_materials":[{"__uuid__":"ecpdLyjvZBwrvm+cedCcQy"}],"_string":"100","_N$string":"100","_N$horizontalAlign":1,"_N$verticalAlign":1}],"_prefab":{"__type__":"cc.PrefabInfo","root":{"__id__":1},"asset":{"__uuid__":"f0PgbuZcJBd6Ah+uw1rZle"},"fileId":"1a/fhZ6o1Nvr34lpXC15vf"},"_contentSize":{"__type__":"cc.Size","width":66.74,"height":50.4},"_trs":{"__type__":"TypedArray","ctor":"Float64Array","array":[16.574,-71.637,0,0,0,0,1,1,1,1]}}]]