[[{"__type__":"cc.Prefab","_name":"UIDerived38","data":{"__id__":1}},{"__type__":"cc.Node","_name":"UIDerived63","_children":[{"__type__":"cc.Node","_name":"bule_node","_parent":{"__id__":1},"_prefab":{"__type__":"cc.PrefabInfo","root":{"__id__":1},"asset":{"__uuid__":"26k4PTz9dHLZy/UiZB3WBu"},"fileId":"617zijPTFJi5pJfSNgK8K7"},"_trs":{"__type__":"TypedArray","ctor":"Float64Array","array":[0,0,0,0,0,0,1,1,1,1]}},{"__type__":"cc.Node","_name":"greenwater_node","_parent":{"__id__":1},"_prefab":{"__type__":"cc.PrefabInfo","root":{"__id__":1},"asset":{"__uuid__":"26k4PTz9dHLZy/UiZB3WBu"},"fileId":"24TPYbubBNnYu8OjzmNMIq"},"_trs":{"__type__":"TypedArray","ctor":"Float64Array","array":[0,0,0,0,0,0,1,1,1,1]}},{"__type__":"cc.Node","_name":"redwater_node","_parent":{"__id__":1},"_prefab":{"__type__":"cc.PrefabInfo","root":{"__id__":1},"asset":{"__uuid__":"26k4PTz9dHLZy/UiZB3WBu"},"fileId":"3dbEktoLtLN7ykJc2Elde7"},"_trs":{"__type__":"TypedArray","ctor":"Float64Array","array":[0,0,0,0,0,0,1,1,1,1]}},{"__id__":2},{"__id__":3},{"__id__":4},{"__id__":5},{"__type__":"cc.Node","_name":"greenPos_node","_parent":{"__id__":1},"_prefab":{"__type__":"cc.PrefabInfo","root":{"__id__":1},"asset":{"__uuid__":"26k4PTz9dHLZy/UiZB3WBu"},"fileId":"59WL3WBxlKjrKVNq1riRWs"},"_trs":{"__type__":"TypedArray","ctor":"Float64Array","array":[0,0,0,0,0,0,1,1,1,1]}},{"__type__":"cc.Node","_name":"player","_parent":{"__id__":1},"_prefab":{"__type__":"cc.PrefabInfo","root":{"__id__":1},"asset":{"__uuid__":"26k4PTz9dHLZy/UiZB3WBu"},"fileId":"b0++ZGNlVOxYSt+u5UbDat"},"_contentSize":{"__type__":"cc.Size","width":240,"height":140},"_trs":{"__type__":"TypedArray","ctor":"Float64Array","array":[-315.88,-576.931,0,0,0,0,1,-0.7,0.7,1]}},{"__id__":6},{"__id__":8},{"__id__":10},{"__id__":12},{"__id__":14}],"_components":[{"__type__":"cc.Sprite","node":{"__id__":1},"_materials":[{"__uuid__":"ecpdLyjvZBwrvm+cedCcQy"}],"_spriteFrame":{"__uuid__":"28Y92YqLJP5ZzUhy8MXQz1"}},{"__type__":"cc.RigidBody","node":{"__id__":1},"_type":0},{"__type__":"cc.PhysicsPolygonCollider","node":{"__id__":1},"_offset":{"__type__":"cc.Vec2","x":-433,"y":688},"points":[{"__type__":"cc.Vec2","x":-47,"y":-1413},{"__type__":"cc.Vec2","x":929,"y":-1409},{"__type__":"cc.Vec2","x":913,"y":37},{"__type__":"cc.Vec2","x":608.6,"y":-8},{"__type__":"cc.Vec2","x":606.4,"y":-235},{"__type__":"cc.Vec2","x":622.4,"y":-256.4},{"__type__":"cc.Vec2","x":865,"y":-267},{"__type__":"cc.Vec2","x":859.9,"y":-1052.3},{"__type__":"cc.Vec2","x":483,"y":-1064},{"__type__":"cc.Vec2","x":298.6,"y":-1071.1},{"__type__":"cc.Vec2","x":251,"y":-1086.3},{"__type__":"cc.Vec2","x":223.7,"y":-1124.3},{"__type__":"cc.Vec2","x":226,"y":-1195.8},{"__type__":"cc.Vec2","x":237.2,"y":-1307.6},{"__type__":"cc.Vec2","x":221.6,"y":-1351.2},{"__type__":"cc.Vec2","x":118.1,"y":-1371},{"__type__":"cc.Vec2","x":20,"y":-1353},{"__type__":"cc.Vec2","x":-2.3,"y":-1313.2},{"__type__":"cc.Vec2","x":27.5,"y":-1084},{"__type__":"cc.Vec2","x":74,"y":-1004},{"__type__":"cc.Vec2","x":168,"y":-977},{"__type__":"cc.Vec2","x":318,"y":-977},{"__type__":"cc.Vec2","x":397.3,"y":-967.1},{"__type__":"cc.Vec2","x":436.6,"y":-952.4},{"__type__":"cc.Vec2","x":461.1,"y":-930.7},{"__type__":"cc.Vec2","x":472.7,"y":-903.3},{"__type__":"cc.Vec2","x":470,"y":-841},{"__type__":"cc.Vec2","x":408.7,"y":-814.5},{"__type__":"cc.Vec2","x":345.1,"y":-813.3},{"__type__":"cc.Vec2","x":131.4,"y":-812.5},{"__type__":"cc.Vec2","x":59.3,"y":-782.6},{"__type__":"cc.Vec2","x":27.4,"y":-736.9},{"__type__":"cc.Vec2","x":13.3,"y":-683.4},{"__type__":"cc.Vec2","x":19.9,"y":-633.9},{"__type__":"cc.Vec2","x":56,"y":-569.9},{"__type__":"cc.Vec2","x":118.7,"y":-542},{"__type__":"cc.Vec2","x":176.9,"y":-554.2},{"__type__":"cc.Vec2","x":265.7,"y":-635.3},{"__type__":"cc.Vec2","x":327.1,"y":-640.6},{"__type__":"cc.Vec2","x":385,"y":-605},{"__type__":"cc.Vec2","x":385,"y":-371},{"__type__":"cc.Vec2","x":223,"y":-238},{"__type__":"cc.Vec2","x":219.9,"y":-14.8},{"__type__":"cc.Vec2","x":600,"y":-9},{"__type__":"cc.Vec2","x":915,"y":40},{"__type__":"cc.Vec2","x":-46.1,"y":38.4}]},{"__type__":"cc.PhysicsPolygonCollider","node":{"__id__":1},"_offset":{"__type__":"cc.Vec2","x":204,"y":278},"points":[{"__type__":"cc.Vec2","x":-50,"y":-560},{"__type__":"cc.Vec2","x":124,"y":-565},{"__type__":"cc.Vec2","x":124,"y":47},{"__type__":"cc.Vec2","x":-50,"y":50}]},{"__type__":"1100eDGpRlLMYp5CrYQGpcQ","node":{"__id__":1}}],"_prefab":{"__type__":"cc.PrefabInfo","root":{"__id__":1},"asset":{"__uuid__":"26k4PTz9dHLZy/UiZB3WBu"},"fileId":"ef65gYl6xMTZ3POsyKo0LK"},"_contentSize":{"__type__":"cc.Size","width":954,"height":1442},"_trs":{"__type__":"TypedArray","ctor":"Float64Array","array":[0,0,0,0,0,0,1,1,1,1]}},{"__type__":"cc.Node","_name":"black_node","_parent":{"__id__":1},"_components":[{"__type__":"6c0e8KZwr5L34azTYX21stu","node":{"__id__":2}}],"_prefab":{"__type__":"cc.PrefabInfo","root":{"__id__":1},"asset":{"__uuid__":"26k4PTz9dHLZy/UiZB3WBu"},"fileId":"a13pkPXbxOYItvWXUInlch"},"_trs":{"__type__":"TypedArray","ctor":"Float64Array","array":[0,0,0,0,0,0,1,1,1,1]}},{"__type__":"cc.Node","_name":"gray_node","_parent":{"__id__":1},"_components":[{"__type__":"3400dF2d2tHLK8+En9baGXY","node":{"__id__":3},"grey_prefab":{"__uuid__":"13FEeEL1NMaK5TFGpFQpJr"}}],"_prefab":{"__type__":"cc.PrefabInfo","root":{"__id__":1},"asset":{"__uuid__":"26k4PTz9dHLZy/UiZB3WBu"},"fileId":"66erzJGbhAT5ehD8a5yAZ8"},"_trs":{"__type__":"TypedArray","ctor":"Float64Array","array":[0,0,0,0,0,0,1,1,1,1]}},{"__type__":"cc.Node","_name":"bulePos_node","_parent":{"__id__":1},"_children":[{"__type__":"cc.Node","_name":"New Node","_parent":{"__id__":4},"_prefab":{"__type__":"cc.PrefabInfo","root":{"__id__":1},"asset":{"__uuid__":"26k4PTz9dHLZy/UiZB3WBu"},"fileId":"284Tos8htJQaXLUBzy2Yye"},"_trs":{"__type__":"TypedArray","ctor":"Float64Array","array":[-17.505,590.411,0,0,0,0,1,1,1,1]}}],"_prefab":{"__type__":"cc.PrefabInfo","root":{"__id__":1},"asset":{"__uuid__":"26k4PTz9dHLZy/UiZB3WBu"},"fileId":"1btdSOaExJn4Xj0dYYwACq"},"_trs":{"__type__":"TypedArray","ctor":"Float64Array","array":[0,0,0,0,0,0,1,1,1,1]}},{"__type__":"cc.Node","_name":"redPos_node","_parent":{"__id__":1},"_children":[{"__type__":"cc.Node","_name":"New Node","_parent":{"__id__":5},"_prefab":{"__type__":"cc.PrefabInfo","root":{"__id__":1},"asset":{"__uuid__":"26k4PTz9dHLZy/UiZB3WBu"},"fileId":"1bjKIsUyNAx6f5oQgVuw8k"},"_trs":{"__type__":"TypedArray","ctor":"Float64Array","array":[-321,76.008,0,0,0,0,1,1,1,1]}}],"_prefab":{"__type__":"cc.PrefabInfo","root":{"__id__":1},"asset":{"__uuid__":"26k4PTz9dHLZy/UiZB3WBu"},"fileId":"b8K1EXrZJAgpUoA/Bleobx"},"_trs":{"__type__":"TypedArray","ctor":"Float64Array","array":[0,0,0,0,0,0,1,1,1,1]}},{"__type__":"cc.Node","_name":"zhenNode","_parent":{"__id__":1},"_children":[{"__id__":7}],"_prefab":{"__type__":"cc.PrefabInfo","root":{"__id__":1},"asset":{"__uuid__":"26k4PTz9dHLZy/UiZB3WBu"},"fileId":"e0GKmZ2FhJ/rdFIGYwsDey"},"_trs":{"__type__":"TypedArray","ctor":"Float64Array","array":[-139.077,-210.521,0,0,0,0.7071067811865475,0.7071067811865476,1,1,1]},"_eulerAngles":{"__type__":"cc.Vec3","z":90},"_groupIndex":8,"groupIndex":8},{"__type__":"cc.Node","_name":"zhen","_parent":{"__id__":6},"_components":[{"__type__":"cc.Sprite","node":{"__id__":7},"_materials":[{"__uuid__":"ecpdLyjvZBwrvm+cedCcQy"}],"_spriteFrame":{"__uuid__":"81u1O4l2lM2IGXbUA/0aw7"},"_type":1,"_sizeMode":0},{"__type__":"cc.RigidBody","node":{"__id__":7},"_type":3,"_allowSleep":false,"_gravityScale":0,"_fixedRotation":true,"enabledContactListener":true,"bullet":true},{"__type__":"cc.PhysicsPolygonCollider","node":{"__id__":7},"tag":222,"_offset":{"__type__":"cc.Vec2","x":471,"y":4},"points":[{"__type__":"cc.Vec2","x":-48.9,"y":-66.3},{"__type__":"cc.Vec2","x":62.5,"y":-66.3},{"__type__":"cc.Vec2","x":63,"y":67.4},{"__type__":"cc.Vec2","x":-48.4,"y":69},{"__type__":"cc.Vec2","x":-52.2,"y":41.4},{"__type__":"cc.Vec2","x":-999,"y":30},{"__type__":"cc.Vec2","x":-1003,"y":-32},{"__type__":"cc.Vec2","x":-49.2,"y":-34.3}]},{"__type__":"72555Q9muRD1505Zi2fOOxm","node":{"__id__":7},"linevelocityX":500}],"_prefab":{"__type__":"cc.PrefabInfo","root":{"__id__":1},"asset":{"__uuid__":"26k4PTz9dHLZy/UiZB3WBu"},"fileId":"13aslgrRBPhJSFGpcQ0QUf"},"_contentSize":{"__type__":"cc.Size","width":1062,"height":111},"_trs":{"__type__":"TypedArray","ctor":"Float64Array","array":[0,0,0,0,0,0,1,0.8,0.8,0.8]},"_groupIndex":8,"groupIndex":8},{"__type__":"cc.Node","_name":"zhenNode","_parent":{"__id__":1},"_children":[{"__id__":9}],"_prefab":{"__type__":"cc.PrefabInfo","root":{"__id__":1},"asset":{"__uuid__":"26k4PTz9dHLZy/UiZB3WBu"},"fileId":"f4/jndbiVIdpfsGJO4Zr5g"},"_trs":{"__type__":"TypedArray","ctor":"Float64Array","array":[-16.26,306.872,0,0,0,1,6.123233995736766e-17,1,1,1]},"_eulerAngles":{"__type__":"cc.Vec3","z":180},"_groupIndex":8,"groupIndex":8},{"__type__":"cc.Node","_name":"zhen","_parent":{"__id__":8},"_components":[{"__type__":"cc.Sprite","node":{"__id__":9},"_materials":[{"__uuid__":"ecpdLyjvZBwrvm+cedCcQy"}],"_spriteFrame":{"__uuid__":"81u1O4l2lM2IGXbUA/0aw7"},"_type":1,"_sizeMode":0},{"__type__":"cc.RigidBody","node":{"__id__":9},"_type":3,"_allowSleep":false,"_gravityScale":0,"_fixedRotation":true,"enabledContactListener":true,"bullet":true},{"__type__":"cc.PhysicsPolygonCollider","node":{"__id__":9},"tag":222,"_offset":{"__type__":"cc.Vec2","x":206,"y":-6},"points":[{"__type__":"cc.Vec2","x":-46,"y":-55},{"__type__":"cc.Vec2","x":61,"y":-58},{"__type__":"cc.Vec2","x":53,"y":57},{"__type__":"cc.Vec2","x":-46,"y":59},{"__type__":"cc.Vec2","x":-52.2,"y":41.4},{"__type__":"cc.Vec2","x":-475,"y":44},{"__type__":"cc.Vec2","x":-471,"y":-31},{"__type__":"cc.Vec2","x":-49.2,"y":-34.3}]},{"__type__":"72555Q9muRD1505Zi2fOOxm","node":{"__id__":9},"linevelocityX":500}],"_prefab":{"__type__":"cc.PrefabInfo","root":{"__id__":1},"asset":{"__uuid__":"26k4PTz9dHLZy/UiZB3WBu"},"fileId":"6e1GCdk8tJoa1h4LVxkKMz"},"_contentSize":{"__type__":"cc.Size","width":531,"height":111},"_trs":{"__type__":"TypedArray","ctor":"Float64Array","array":[-23,0,0,0,0,0,1,0.8,0.8,0.8]},"_groupIndex":8,"groupIndex":8},{"__type__":"cc.Node","_name":"zhenNode","_parent":{"__id__":1},"_children":[{"__id__":11}],"_prefab":{"__type__":"cc.PrefabInfo","root":{"__id__":1},"asset":{"__uuid__":"26k4PTz9dHLZy/UiZB3WBu"},"fileId":"05IBhxdjlPZ5lBd9YMJDFF"},"_trs":{"__type__":"TypedArray","ctor":"Float64Array","array":[259.3,418.639,0,0,0,0.7071067811865475,0.7071067811865476,1,1,1]},"_eulerAngles":{"__type__":"cc.Vec3","z":90},"_groupIndex":8,"groupIndex":8},{"__type__":"cc.Node","_name":"zhen","_parent":{"__id__":10},"_components":[{"__type__":"cc.Sprite","node":{"__id__":11},"_materials":[{"__uuid__":"ecpdLyjvZBwrvm+cedCcQy"}],"_spriteFrame":{"__uuid__":"81u1O4l2lM2IGXbUA/0aw7"},"_type":1,"_sizeMode":0},{"__type__":"cc.RigidBody","node":{"__id__":11},"_type":3,"_allowSleep":false,"_gravityScale":0,"_fixedRotation":true,"enabledContactListener":true,"bullet":true},{"__type__":"cc.PhysicsPolygonCollider","node":{"__id__":11},"tag":222,"_offset":{"__type__":"cc.Vec2","x":111,"y":-1},"points":[{"__type__":"cc.Vec2","x":-48.9,"y":-61},{"__type__":"cc.Vec2","x":35.9,"y":-62.4},{"__type__":"cc.Vec2","x":61.2,"y":-38.2},{"__type__":"cc.Vec2","x":57.2,"y":47.6},{"__type__":"cc.Vec2","x":32.9,"y":67.8},{"__type__":"cc.Vec2","x":-50.3,"y":63.7},{"__type__":"cc.Vec2","x":-50.8,"y":29.8},{"__type__":"cc.Vec2","x":-278,"y":31},{"__type__":"cc.Vec2","x":-282,"y":-34},{"__type__":"cc.Vec2","x":-52.6,"y":-27.1}]},{"__type__":"72555Q9muRD1505Zi2fOOxm","node":{"__id__":11},"linevelocityX":500}],"_prefab":{"__type__":"cc.PrefabInfo","root":{"__id__":1},"asset":{"__uuid__":"26k4PTz9dHLZy/UiZB3WBu"},"fileId":"3dUaC6zTxM1Zfct7wDC6wC"},"_contentSize":{"__type__":"cc.Size","width":338,"height":111},"_trs":{"__type__":"TypedArray","ctor":"Float64Array","array":[0,0,0,0,0,0,1,0.8,0.8,0.8]},"_groupIndex":8,"groupIndex":8},{"__type__":"cc.Node","_name":"zhenNode","_parent":{"__id__":1},"_children":[{"__id__":13}],"_prefab":{"__type__":"cc.PrefabInfo","root":{"__id__":1},"asset":{"__uuid__":"26k4PTz9dHLZy/UiZB3WBu"},"fileId":"68lN6x9tVHG7lGiErc66T2"},"_trs":{"__type__":"TypedArray","ctor":"Float64Array","array":[82.492,-81.149,0,0,0,0.9413263149013527,-0.3374978057324811,1,1,1]},"_eulerAngles":{"__type__":"cc.Vec3","z":219.44899999999998},"_groupIndex":8,"groupIndex":8},{"__type__":"cc.Node","_name":"zhen","_parent":{"__id__":12},"_components":[{"__type__":"cc.Sprite","node":{"__id__":13},"_materials":[{"__uuid__":"ecpdLyjvZBwrvm+cedCcQy"}],"_spriteFrame":{"__uuid__":"81u1O4l2lM2IGXbUA/0aw7"},"_type":1},{"__type__":"cc.RigidBody","node":{"__id__":13},"_type":3,"_allowSleep":false,"_gravityScale":0,"_fixedRotation":true,"enabledContactListener":true,"bullet":true},{"__type__":"cc.PhysicsPolygonCollider","node":{"__id__":13},"tag":222,"_offset":{"__type__":"cc.Vec2","x":241,"y":-1},"points":[{"__type__":"cc.Vec2","x":-48.9,"y":-66.3},{"__type__":"cc.Vec2","x":62.5,"y":-66.3},{"__type__":"cc.Vec2","x":63,"y":67.4},{"__type__":"cc.Vec2","x":-48.4,"y":69},{"__type__":"cc.Vec2","x":-52.2,"y":41.4},{"__type__":"cc.Vec2","x":-533.6,"y":43.1},{"__type__":"cc.Vec2","x":-532.1,"y":-35.8},{"__type__":"cc.Vec2","x":-49.2,"y":-34.3}]},{"__type__":"72555Q9muRD1505Zi2fOOxm","node":{"__id__":13},"linevelocityX":500}],"_prefab":{"__type__":"cc.PrefabInfo","root":{"__id__":1},"asset":{"__uuid__":"26k4PTz9dHLZy/UiZB3WBu"},"fileId":"93LIaVR3NG/ZEM9sHrasSO"},"_contentSize":{"__type__":"cc.Size","width":587,"height":111},"_trs":{"__type__":"TypedArray","ctor":"Float64Array","array":[0,0,0,0,0,0,1,0.8,0.8,0.8]},"_groupIndex":8,"groupIndex":8},{"__type__":"cc.Node","_name":"zhenNode","_parent":{"__id__":1},"_children":[{"__id__":15}],"_prefab":{"__type__":"cc.PrefabInfo","root":{"__id__":1},"asset":{"__uuid__":"26k4PTz9dHLZy/UiZB3WBu"},"fileId":"bdwVuhebpDLb2BE69Afuk2"},"_trs":{"__type__":"TypedArray","ctor":"Float64Array","array":[198.344,-272.416,0,0,0,0.7071067811865476,-0.7071067811865475,1,1,1]},"_eulerAngles":{"__type__":"cc.Vec3","z":270},"_groupIndex":8,"groupIndex":8},{"__type__":"cc.Node","_name":"zhen","_parent":{"__id__":14},"_components":[{"__type__":"cc.Sprite","node":{"__id__":15},"_materials":[{"__uuid__":"ecpdLyjvZBwrvm+cedCcQy"}],"_spriteFrame":{"__uuid__":"81u1O4l2lM2IGXbUA/0aw7"},"_type":1},{"__type__":"cc.RigidBody","node":{"__id__":15},"_type":3,"_allowSleep":false,"_gravityScale":0,"_fixedRotation":true,"enabledContactListener":true,"bullet":true},{"__type__":"cc.PhysicsPolygonCollider","node":{"__id__":15},"tag":222,"_offset":{"__type__":"cc.Vec2","x":241,"y":-1},"points":[{"__type__":"cc.Vec2","x":-48.9,"y":-66.3},{"__type__":"cc.Vec2","x":62.5,"y":-66.3},{"__type__":"cc.Vec2","x":63,"y":67.4},{"__type__":"cc.Vec2","x":-48.4,"y":69},{"__type__":"cc.Vec2","x":-52.2,"y":41.4},{"__type__":"cc.Vec2","x":-533.6,"y":43.1},{"__type__":"cc.Vec2","x":-532.1,"y":-35.8},{"__type__":"cc.Vec2","x":-49.2,"y":-34.3}]},{"__type__":"72555Q9muRD1505Zi2fOOxm","node":{"__id__":15},"linevelocityX":500}],"_prefab":{"__type__":"cc.PrefabInfo","root":{"__id__":1},"asset":{"__uuid__":"26k4PTz9dHLZy/UiZB3WBu"},"fileId":"2bQASFygJL2oLtjRnz4TZq"},"_contentSize":{"__type__":"cc.Size","width":587,"height":111},"_trs":{"__type__":"TypedArray","ctor":"Float64Array","array":[0,0,0,0,0,0,1,0.8,0.8,0.8]},"_groupIndex":8,"groupIndex":8}],{"__type__":"cc.SpriteFrame","content":{"name":"guanqia78","texture":"e3ljlN/dNNw6zjQOf90rGd","rect":[1,1,954,1442],"offset":[-0.5,0],"originalSize":[957,1444],"capInsets":[0,0,0,0]}}]