[[{"__type__":"cc.Prefab","_name":"UIDerived103","data":{"__id__":1}},{"__type__":"cc.Node","_name":"UIDerived80","_children":[{"__type__":"cc.Node","_name":"player","_parent":{"__id__":1},"_prefab":{"__type__":"cc.PrefabInfo","root":{"__id__":1},"asset":{"__uuid__":"db/Hmo4SlDp7Z6/EUHQFYK"},"fileId":"895U+mp7xIu6VdeONoPcay"},"_contentSize":{"__type__":"cc.Size","width":240,"height":140},"_trs":{"__type__":"TypedArray","ctor":"Float64Array","array":[307.322,145.292,0,0,0,0,1,-0.7,0.7,1]}},{"__type__":"cc.Node","_name":"bule_node","_parent":{"__id__":1},"_prefab":{"__type__":"cc.PrefabInfo","root":{"__id__":1},"asset":{"__uuid__":"db/Hmo4SlDp7Z6/EUHQFYK"},"fileId":"04mbwQEj9KmLSklOmnXttf"},"_trs":{"__type__":"TypedArray","ctor":"Float64Array","array":[0,0,0,0,0,0,1,1,1,1]}},{"__type__":"cc.Node","_name":"greenwater_node","_parent":{"__id__":1},"_prefab":{"__type__":"cc.PrefabInfo","root":{"__id__":1},"asset":{"__uuid__":"db/Hmo4SlDp7Z6/EUHQFYK"},"fileId":"d0mYtm5KBBsITSmLWuqM9m"},"_trs":{"__type__":"TypedArray","ctor":"Float64Array","array":[0,0,0,0,0,0,1,1,1,1]}},{"__type__":"cc.Node","_name":"redwater_node","_parent":{"__id__":1},"_prefab":{"__type__":"cc.PrefabInfo","root":{"__id__":1},"asset":{"__uuid__":"db/Hmo4SlDp7Z6/EUHQFYK"},"fileId":"3crHpVf+dIXpDRimbswJXM"},"_trs":{"__type__":"TypedArray","ctor":"Float64Array","array":[0,0,0,0,0,0,1,1,1,1]}},{"__id__":2},{"__id__":3},{"__id__":4},{"__id__":5},{"__type__":"cc.Node","_name":"greenPos_node","_parent":{"__id__":1},"_prefab":{"__type__":"cc.PrefabInfo","root":{"__id__":1},"asset":{"__uuid__":"db/Hmo4SlDp7Z6/EUHQFYK"},"fileId":"6bGcfHXgVISJFZi8zLsevq"},"_trs":{"__type__":"TypedArray","ctor":"Float64Array","array":[0,0,0,0,0,0,1,1,1,1]}},{"__id__":6},{"__id__":10},{"__id__":14},{"__id__":18},{"__id__":22}],"_components":[{"__type__":"cc.Sprite","node":{"__id__":1},"_materials":[{"__uuid__":"ecpdLyjvZBwrvm+cedCcQy"}],"_spriteFrame":{"__uuid__":"e8+tLHWF1LS6vWiT3ktLFX"}},{"__type__":"1100eDGpRlLMYp5CrYQGpcQ","node":{"__id__":1}},{"__type__":"cc.RigidBody","node":{"__id__":1},"_type":0},{"__type__":"cc.PhysicsPolygonCollider","node":{"__id__":1},"_offset":{"__type__":"cc.Vec2","x":194,"y":-363},"points":[{"__type__":"cc.Vec2","x":162.9,"y":762.4},{"__type__":"cc.Vec2","x":331.7,"y":697.6},{"__type__":"cc.Vec2","x":1189,"y":-305},{"__type__":"cc.Vec2","x":1186,"y":711},{"__type__":"cc.Vec2","x":336,"y":790},{"__type__":"cc.Vec2","x":1236,"y":776},{"__type__":"cc.Vec2","x":1236,"y":-426},{"__type__":"cc.Vec2","x":330,"y":667},{"__type__":"cc.Vec2","x":333,"y":-334},{"__type__":"cc.Vec2","x":-720,"y":-336},{"__type__":"cc.Vec2","x":-716,"y":1054},{"__type__":"cc.Vec2","x":330.8,"y":1059.3},{"__type__":"cc.Vec2","x":330.9,"y":791.5},{"__type__":"cc.Vec2","x":264.3,"y":808.8},{"__type__":"cc.Vec2","x":230.2,"y":825.6},{"__type__":"cc.Vec2","x":156.1,"y":880.9},{"__type__":"cc.Vec2","x":153.2,"y":902.1},{"__type__":"cc.Vec2","x":157.9,"y":910.7},{"__type__":"cc.Vec2","x":189,"y":931.1},{"__type__":"cc.Vec2","x":196.4,"y":943.7},{"__type__":"cc.Vec2","x":190.4,"y":1000.2},{"__type__":"cc.Vec2","x":181.1,"y":1015.5},{"__type__":"cc.Vec2","x":158.1,"y":1019.8},{"__type__":"cc.Vec2","x":123.8,"y":1016.6},{"__type__":"cc.Vec2","x":99.2,"y":1006.1},{"__type__":"cc.Vec2","x":33,"y":920},{"__type__":"cc.Vec2","x":-678,"y":194},{"__type__":"cc.Vec2","x":-192,"y":-294},{"__type__":"cc.Vec2","x":194,"y":94},{"__type__":"cc.Vec2","x":-122,"y":398},{"__type__":"cc.Vec2","x":-316,"y":194},{"__type__":"cc.Vec2","x":-111,"y":-7},{"__type__":"cc.Vec2","x":-56,"y":49},{"__type__":"cc.Vec2","x":-204,"y":200},{"__type__":"cc.Vec2","x":-112,"y":296},{"__type__":"cc.Vec2","x":89,"y":91},{"__type__":"cc.Vec2","x":-191,"y":-184},{"__type__":"cc.Vec2","x":-577,"y":195},{"__type__":"cc.Vec2","x":-0.4,"y":782.3},{"__type__":"cc.Vec2","x":28.6,"y":793.1},{"__type__":"cc.Vec2","x":44.9,"y":792.3},{"__type__":"cc.Vec2","x":54.4,"y":781.6},{"__type__":"cc.Vec2","x":59.4,"y":766.9},{"__type__":"cc.Vec2","x":58.7,"y":749.7},{"__type__":"cc.Vec2","x":27.6,"y":715.1},{"__type__":"cc.Vec2","x":7.3,"y":685.1},{"__type__":"cc.Vec2","x":-4.8,"y":606.9},{"__type__":"cc.Vec2","x":-4.4,"y":541.3},{"__type__":"cc.Vec2","x":2.8,"y":491.8},{"__type__":"cc.Vec2","x":21.8,"y":455.5},{"__type__":"cc.Vec2","x":48.5,"y":432.8},{"__type__":"cc.Vec2","x":88.8,"y":419},{"__type__":"cc.Vec2","x":131.3,"y":418.1},{"__type__":"cc.Vec2","x":172.7,"y":428.1},{"__type__":"cc.Vec2","x":200.6,"y":446.7},{"__type__":"cc.Vec2","x":216.5,"y":475},{"__type__":"cc.Vec2","x":220.2,"y":519.7},{"__type__":"cc.Vec2","x":214.5,"y":549.7},{"__type__":"cc.Vec2","x":149.7,"y":750.6}]}],"_prefab":{"__type__":"cc.PrefabInfo","root":{"__id__":1},"asset":{"__uuid__":"db/Hmo4SlDp7Z6/EUHQFYK"},"fileId":"acZjchZotHIbt+WaEnZ9u4"},"_contentSize":{"__type__":"cc.Size","width":1050,"height":1393},"_trs":{"__type__":"TypedArray","ctor":"Float64Array","array":[50,0,0,0,0,0,1,1,1,1]}},{"__type__":"cc.Node","_name":"black_node","_parent":{"__id__":1},"_components":[{"__type__":"6c0e8KZwr5L34azTYX21stu","node":{"__id__":2}}],"_prefab":{"__type__":"cc.PrefabInfo","root":{"__id__":1},"asset":{"__uuid__":"db/Hmo4SlDp7Z6/EUHQFYK"},"fileId":"8dLz2phG1Ca40h6hqtGjvB"},"_trs":{"__type__":"TypedArray","ctor":"Float64Array","array":[0,0,0,0,0,0,1,1,1,1]}},{"__type__":"cc.Node","_name":"gray_node","_parent":{"__id__":1},"_components":[{"__type__":"3400dF2d2tHLK8+En9baGXY","node":{"__id__":3},"grey_prefab":{"__uuid__":"13FEeEL1NMaK5TFGpFQpJr"}}],"_prefab":{"__type__":"cc.PrefabInfo","root":{"__id__":1},"asset":{"__uuid__":"db/Hmo4SlDp7Z6/EUHQFYK"},"fileId":"9062AEyrtO96zjJfuUq6wi"},"_trs":{"__type__":"TypedArray","ctor":"Float64Array","array":[0,0,0,0,0,0,1,1,1,1]}},{"__type__":"cc.Node","_name":"bulePos_node","_parent":{"__id__":1},"_children":[{"__type__":"cc.Node","_name":"New Node","_parent":{"__id__":4},"_prefab":{"__type__":"cc.PrefabInfo","root":{"__id__":1},"asset":{"__uuid__":"db/Hmo4SlDp7Z6/EUHQFYK"},"fileId":"31Wz2H3XFGca4zFxYiH2nD"},"_trs":{"__type__":"TypedArray","ctor":"Float64Array","array":[21.026,-254.132,0,0,0,0,1,1,1,1]}}],"_prefab":{"__type__":"cc.PrefabInfo","root":{"__id__":1},"asset":{"__uuid__":"db/Hmo4SlDp7Z6/EUHQFYK"},"fileId":"e5wIkFhr5An4F+8t/dLni3"},"_trs":{"__type__":"TypedArray","ctor":"Float64Array","array":[0,0,0,0,0,0,1,1,1,1]}},{"__type__":"cc.Node","_name":"redPos_node","_parent":{"__id__":1},"_children":[{"__type__":"cc.Node","_name":"New Node","_parent":{"__id__":5},"_prefab":{"__type__":"cc.PrefabInfo","root":{"__id__":1},"asset":{"__uuid__":"db/Hmo4SlDp7Z6/EUHQFYK"},"fileId":"4dT3hdkaxEEaaawThvjtRz"},"_trs":{"__type__":"TypedArray","ctor":"Float64Array","array":[43.775,-44.694,0,0,0,0,1,1,1,1]}}],"_prefab":{"__type__":"cc.PrefabInfo","root":{"__id__":1},"asset":{"__uuid__":"db/Hmo4SlDp7Z6/EUHQFYK"},"fileId":"bd1VEF6PxLU49gJwYdxsAf"},"_trs":{"__type__":"TypedArray","ctor":"Float64Array","array":[0,0,0,0,0,0,1,1,1,1]}},{"__type__":"cc.Node","_name":"zhenNodeTwo","_parent":{"__id__":1},"_children":[{"__id__":7},{"__id__":8},{"__id__":9}],"_prefab":{"__type__":"cc.PrefabInfo","root":{"__id__":1},"asset":{"__uuid__":"db/Hmo4SlDp7Z6/EUHQFYK"},"fileId":"5alSKoB39Pxqs8vST6zF7I"},"_trs":{"__type__":"TypedArray","ctor":"Float64Array","array":[148.203,-313.33,0,0,0,0.9238795325112867,-0.3826834323650897,1,1,1]},"_eulerAngles":{"__type__":"cc.Vec3","z":225}},{"__type__":"cc.Node","_name":"zhen","_parent":{"__id__":6},"_components":[{"__type__":"cc.Sprite","node":{"__id__":7},"_materials":[{"__uuid__":"ecpdLyjvZBwrvm+cedCcQy"}],"_spriteFrame":{"__uuid__":"14vJwyNH1OspMXFimJtxkW"},"_type":1,"_sizeMode":0},{"__type__":"cc.RigidBody","node":{"__id__":7},"_type":3,"_gravityScale":0,"_fixedRotation":true,"enabledContactListener":true,"bullet":true},{"__type__":"cc.PhysicsPolygonCollider","node":{"__id__":7},"_offset":{"__type__":"cc.Vec2","x":206.1,"y":0.9},"points":[{"__type__":"cc.Vec2","x":-296.4,"y":-17.9},{"__type__":"cc.Vec2","x":-84,"y":-18.2},{"__type__":"cc.Vec2","x":-83.2,"y":17.5},{"__type__":"cc.Vec2","x":-297,"y":17.3}]},{"__type__":"1cb3eoIRdhJWZayW7A68Y7j","node":{"__id__":7},"applyUpsensor":true}],"_prefab":{"__type__":"cc.PrefabInfo","root":{"__id__":1},"asset":{"__uuid__":"db/Hmo4SlDp7Z6/EUHQFYK"},"fileId":"70Ff9MVoRGsIiIQCCfZgzd"},"_contentSize":{"__type__":"cc.Size","width":244.9,"height":111},"_trs":{"__type__":"TypedArray","ctor":"Float64Array","array":[0,0,0,0,0,0,1,1,1,1]}},{"__type__":"cc.Node","_name":"zhenup","_parent":{"__id__":6},"_components":[{"__type__":"cc.RigidBody","node":{"__id__":8},"_type":0,"_gravityScale":0,"bullet":true}],"_prefab":{"__type__":"cc.PrefabInfo","root":{"__id__":1},"asset":{"__uuid__":"db/Hmo4SlDp7Z6/EUHQFYK"},"fileId":"efqTjiF6pGq5nKjkAjEKcD"},"_trs":{"__type__":"TypedArray","ctor":"Float64Array","array":[0,0,0,0,0,0,1,1,1,1]}},{"__type__":"cc.Node","_name":"zhendown","_parent":{"__id__":6},"_components":[{"__type__":"cc.RigidBody","node":{"__id__":9},"_type":0,"_gravityScale":0,"bullet":true}],"_prefab":{"__type__":"cc.PrefabInfo","root":{"__id__":1},"asset":{"__uuid__":"db/Hmo4SlDp7Z6/EUHQFYK"},"fileId":"8a8VXPcO1AeLcHz5/qBd2b"},"_trs":{"__type__":"TypedArray","ctor":"Float64Array","array":[10.141,-206.91,0,0,0,0,1,1,1,1]}},{"__type__":"cc.Node","_name":"zhenNodeTwo","_parent":{"__id__":1},"_children":[{"__id__":11},{"__id__":12},{"__id__":13}],"_prefab":{"__type__":"cc.PrefabInfo","root":{"__id__":1},"asset":{"__uuid__":"db/Hmo4SlDp7Z6/EUHQFYK"},"fileId":"56c+ji+JhPo5PodtXc9VIf"},"_trs":{"__type__":"TypedArray","ctor":"Float64Array","array":[-66.581,-83.326,0,0,0,-0.3826834323650898,0.9238795325112867,1,1,1]},"_eulerAngles":{"__type__":"cc.Vec3","z":-45}},{"__type__":"cc.Node","_name":"zhen","_parent":{"__id__":10},"_components":[{"__type__":"cc.Sprite","node":{"__id__":11},"_materials":[{"__uuid__":"ecpdLyjvZBwrvm+cedCcQy"}],"_spriteFrame":{"__uuid__":"14vJwyNH1OspMXFimJtxkW"},"_type":1,"_sizeMode":0},{"__type__":"cc.RigidBody","node":{"__id__":11},"_type":3,"_gravityScale":0,"_fixedRotation":true,"enabledContactListener":true,"bullet":true},{"__type__":"cc.PhysicsPolygonCollider","node":{"__id__":11},"_offset":{"__type__":"cc.Vec2","x":206.1,"y":0.9},"points":[{"__type__":"cc.Vec2","x":-296.7,"y":-17.3},{"__type__":"cc.Vec2","x":-84.5,"y":-16.3},{"__type__":"cc.Vec2","x":-83.4,"y":19.5},{"__type__":"cc.Vec2","x":-297.3,"y":17.9}]},{"__type__":"1cb3eoIRdhJWZayW7A68Y7j","node":{"__id__":11},"applyUpsensor":true,"applyDownsensor":true}],"_prefab":{"__type__":"cc.PrefabInfo","root":{"__id__":1},"asset":{"__uuid__":"db/Hmo4SlDp7Z6/EUHQFYK"},"fileId":"8ef9Y8TE9FpJFJ+/AHhEAY"},"_contentSize":{"__type__":"cc.Size","width":244.9,"height":111},"_trs":{"__type__":"TypedArray","ctor":"Float64Array","array":[-18.909,0,0,0,0,0,1,1,1,1]}},{"__type__":"cc.Node","_name":"zhenup","_parent":{"__id__":10},"_components":[{"__type__":"cc.RigidBody","node":{"__id__":12},"_type":0,"_gravityScale":0,"bullet":true}],"_prefab":{"__type__":"cc.PrefabInfo","root":{"__id__":1},"asset":{"__uuid__":"db/Hmo4SlDp7Z6/EUHQFYK"},"fileId":"fc4HopygpM6Kp6FKNwcboY"},"_trs":{"__type__":"TypedArray","ctor":"Float64Array","array":[0,193.521,0,0,0,0,1,1,1,1]}},{"__type__":"cc.Node","_name":"zhendown","_parent":{"__id__":10},"_components":[{"__type__":"cc.RigidBody","node":{"__id__":13},"_type":0,"_gravityScale":0,"bullet":true}],"_prefab":{"__type__":"cc.PrefabInfo","root":{"__id__":1},"asset":{"__uuid__":"db/Hmo4SlDp7Z6/EUHQFYK"},"fileId":"f73/HDS+dBrak86R4kJTYb"},"_trs":{"__type__":"TypedArray","ctor":"Float64Array","array":[10.141,-115.61,0,0,0,0,1,1,1,1]}},{"__type__":"cc.Node","_name":"zhenNodeTwo","_parent":{"__id__":1},"_children":[{"__id__":15},{"__id__":16},{"__id__":17}],"_prefab":{"__type__":"cc.PrefabInfo","root":{"__id__":1},"asset":{"__uuid__":"db/Hmo4SlDp7Z6/EUHQFYK"},"fileId":"53HmAenWFM/KGo7KGwiWYE"},"_trs":{"__type__":"TypedArray","ctor":"Float64Array","array":[1.154,-675.012,0,0,0,0.3826834323650898,0.9238795325112867,1,1,1]},"_eulerAngles":{"__type__":"cc.Vec3","z":45}},{"__type__":"cc.Node","_name":"zhen","_parent":{"__id__":14},"_components":[{"__type__":"cc.Sprite","node":{"__id__":15},"_materials":[{"__uuid__":"ecpdLyjvZBwrvm+cedCcQy"}],"_spriteFrame":{"__uuid__":"14vJwyNH1OspMXFimJtxkW"},"_type":1,"_sizeMode":0},{"__type__":"cc.RigidBody","node":{"__id__":15},"_type":3,"_gravityScale":0,"_fixedRotation":true,"enabledContactListener":true,"bullet":true},{"__type__":"cc.PhysicsPolygonCollider","node":{"__id__":15},"_offset":{"__type__":"cc.Vec2","x":206.1,"y":0.9},"points":[{"__type__":"cc.Vec2","x":-345.8,"y":-68.8},{"__type__":"cc.Vec2","x":-207.5,"y":-67.2},{"__type__":"cc.Vec2","x":-206.1,"y":-19.2},{"__type__":"cc.Vec2","x":-80.4,"y":-18.3},{"__type__":"cc.Vec2","x":-80.4,"y":19.2},{"__type__":"cc.Vec2","x":-208,"y":20.4},{"__type__":"cc.Vec2","x":-210.7,"y":65.4},{"__type__":"cc.Vec2","x":-346.9,"y":67}]},{"__type__":"1cb3eoIRdhJWZayW7A68Y7j","node":{"__id__":15},"applyDownsensor":true}],"_prefab":{"__type__":"cc.PrefabInfo","root":{"__id__":1},"asset":{"__uuid__":"db/Hmo4SlDp7Z6/EUHQFYK"},"fileId":"eab5x44A9KV7BWGroWzqj1"},"_contentSize":{"__type__":"cc.Size","width":244.9,"height":111},"_trs":{"__type__":"TypedArray","ctor":"Float64Array","array":[0,0,0,0,0,0,1,1,1,1]}},{"__type__":"cc.Node","_name":"zhenup","_parent":{"__id__":14},"_components":[{"__type__":"cc.RigidBody","node":{"__id__":16},"_type":0,"_gravityScale":0,"bullet":true}],"_prefab":{"__type__":"cc.PrefabInfo","root":{"__id__":1},"asset":{"__uuid__":"db/Hmo4SlDp7Z6/EUHQFYK"},"fileId":"6bi+95Y3BLurNbQ8hzawi/"},"_trs":{"__type__":"TypedArray","ctor":"Float64Array","array":[0,614.57,0,0,0,0,1,1,1,1]}},{"__type__":"cc.Node","_name":"zhendown","_parent":{"__id__":14},"_components":[{"__type__":"cc.RigidBody","node":{"__id__":17},"_type":0,"_gravityScale":0,"bullet":true}],"_prefab":{"__type__":"cc.PrefabInfo","root":{"__id__":1},"asset":{"__uuid__":"db/Hmo4SlDp7Z6/EUHQFYK"},"fileId":"f02UhRRlxCNLpxadPv+fnW"},"_trs":{"__type__":"TypedArray","ctor":"Float64Array","array":[4.398,0,0,0,0,0,1,1,1,1]}},{"__type__":"cc.Node","_name":"zhenNodeTwo","_parent":{"__id__":1},"_children":[{"__id__":19},{"__id__":20},{"__id__":21}],"_prefab":{"__type__":"cc.PrefabInfo","root":{"__id__":1},"asset":{"__uuid__":"db/Hmo4SlDp7Z6/EUHQFYK"},"fileId":"a2nqd1D2VG+IBRCnsw+Zvf"},"_trs":{"__type__":"TypedArray","ctor":"Float64Array","array":[-116.632,241.052,0,0,0,-0.3826834323650898,0.9238795325112867,1,1,1]},"_eulerAngles":{"__type__":"cc.Vec3","z":-45}},{"__type__":"cc.Node","_name":"zhen","_parent":{"__id__":18},"_components":[{"__type__":"cc.Sprite","node":{"__id__":19},"_materials":[{"__uuid__":"ecpdLyjvZBwrvm+cedCcQy"}],"_spriteFrame":{"__uuid__":"14vJwyNH1OspMXFimJtxkW"},"_type":1,"_sizeMode":0},{"__type__":"cc.RigidBody","node":{"__id__":19},"_type":3,"_gravityScale":0,"_fixedRotation":true,"enabledContactListener":true,"bullet":true},{"__type__":"cc.PhysicsPolygonCollider","node":{"__id__":19},"_offset":{"__type__":"cc.Vec2","x":206.1,"y":0.9},"points":[{"__type__":"cc.Vec2","x":-345.8,"y":-68.8},{"__type__":"cc.Vec2","x":-207.5,"y":-67.2},{"__type__":"cc.Vec2","x":-207.3,"y":-19.9},{"__type__":"cc.Vec2","x":-83.5,"y":-18.8},{"__type__":"cc.Vec2","x":-84.6,"y":19.8},{"__type__":"cc.Vec2","x":-208.8,"y":20.7},{"__type__":"cc.Vec2","x":-210.7,"y":65.4},{"__type__":"cc.Vec2","x":-346.9,"y":67}]},{"__type__":"1cb3eoIRdhJWZayW7A68Y7j","node":{"__id__":19},"applyDownsensor":true}],"_prefab":{"__type__":"cc.PrefabInfo","root":{"__id__":1},"asset":{"__uuid__":"db/Hmo4SlDp7Z6/EUHQFYK"},"fileId":"feVNOgT/pMWoM4O+t+Hv0W"},"_contentSize":{"__type__":"cc.Size","width":244.9,"height":111},"_trs":{"__type__":"TypedArray","ctor":"Float64Array","array":[-14.182,0,0,0,0,0,1,1,1,1]}},{"__type__":"cc.Node","_name":"zhenup","_parent":{"__id__":18},"_components":[{"__type__":"cc.RigidBody","node":{"__id__":20},"_type":0,"_gravityScale":0,"bullet":true}],"_prefab":{"__type__":"cc.PrefabInfo","root":{"__id__":1},"asset":{"__uuid__":"db/Hmo4SlDp7Z6/EUHQFYK"},"fileId":"6bJ11dLPBDb6qYQX5xA+fK"},"_trs":{"__type__":"TypedArray","ctor":"Float64Array","array":[0,346.745,0,0,0,0,1,1,1,1]}},{"__type__":"cc.Node","_name":"zhendown","_parent":{"__id__":18},"_components":[{"__type__":"cc.RigidBody","node":{"__id__":21},"_type":0,"_gravityScale":0,"bullet":true}],"_prefab":{"__type__":"cc.PrefabInfo","root":{"__id__":1},"asset":{"__uuid__":"db/Hmo4SlDp7Z6/EUHQFYK"},"fileId":"d3F75V/8RLf5bBN4GP7XXJ"},"_trs":{"__type__":"TypedArray","ctor":"Float64Array","array":[10.141,-563.668,0,0,0,0,1,1,1,1]}},{"__type__":"cc.Node","_name":"rotationStage","_parent":{"__id__":1},"_components":[{"__type__":"cc.Sprite","node":{"__id__":22},"_materials":[{"__uuid__":"ecpdLyjvZBwrvm+cedCcQy"}],"_spriteFrame":{"__uuid__":"7cQ9AZ2ihAL7w7j2iXN4dt"}},{"__type__":"ae444naYU1I/IZzwhFmo0bP","node":{"__id__":22}},{"__type__":"cc.RigidBody","node":{"__id__":22},"_type":0},{"__type__":"cc.PhysicsBoxCollider","node":{"__id__":22},"_offset":{"__type__":"cc.Vec2","y":2.6},"_size":{"__type__":"cc.Size","width":555,"height":86.5}},{"__type__":"cc.PhysicsBoxCollider","node":{"__id__":22},"_offset":{"__type__":"cc.Vec2","x":1.8},"_size":{"__type__":"cc.Size","width":95.4,"height":555}}],"_prefab":{"__type__":"cc.PrefabInfo","root":{"__id__":1},"asset":{"__uuid__":"db/Hmo4SlDp7Z6/EUHQFYK"},"fileId":"9aKRi2cNFBgYwkAeCCsx4O"},"_contentSize":{"__type__":"cc.Size","width":555,"height":555},"_trs":{"__type__":"TypedArray","ctor":"Float64Array","array":[342.037,397.105,0,0,0,0,1,0.5,0.5,1]}}],{"__type__":"cc.SpriteFrame","content":{"name":"guanqia123","texture":"36mx4GpsNJO5Mh/+xJsZwl","rect":[1,1,1050,1393],"offset":[0.5,0.5],"originalSize":[1051,1396],"capInsets":[0,0,0,0]}}]