[[{"__type__":"cc.Prefab","_name":"UIDerived97","data":{"__id__":1}},{"__type__":"cc.Node","_name":"UIDerived97","_children":[{"__type__":"cc.Node","_name":"bule_node","_parent":{"__id__":1},"_prefab":{"__type__":"cc.PrefabInfo","root":{"__id__":1},"asset":{"__uuid__":"3eao/TfxpBfJ5XxBpzmMFe"},"fileId":"34Nf4Zaw5Pe609Je9gabrR"},"_trs":{"__type__":"TypedArray","ctor":"Float64Array","array":[0,0,0,0,0,0,1,1,1,1]}},{"__type__":"cc.Node","_name":"greenwater_node","_parent":{"__id__":1},"_prefab":{"__type__":"cc.PrefabInfo","root":{"__id__":1},"asset":{"__uuid__":"3eao/TfxpBfJ5XxBpzmMFe"},"fileId":"39fN9SyS5LSL2WLyHxPKOM"},"_trs":{"__type__":"TypedArray","ctor":"Float64Array","array":[0,0,0,0,0,0,1,1,1,1]}},{"__type__":"cc.Node","_name":"redwater_node","_parent":{"__id__":1},"_prefab":{"__type__":"cc.PrefabInfo","root":{"__id__":1},"asset":{"__uuid__":"3eao/TfxpBfJ5XxBpzmMFe"},"fileId":"bdAFDHUMdH25qwxfjptHnC"},"_trs":{"__type__":"TypedArray","ctor":"Float64Array","array":[0,0,0,0,0,0,1,1,1,1]}},{"__id__":2},{"__id__":3},{"__type__":"cc.Node","_name":"bulePos_node","_parent":{"__id__":1},"_prefab":{"__type__":"cc.PrefabInfo","root":{"__id__":1},"asset":{"__uuid__":"3eao/TfxpBfJ5XxBpzmMFe"},"fileId":"4fjpdI+DtJAJovSWzavIeH"},"_trs":{"__type__":"TypedArray","ctor":"Float64Array","array":[0,0,0,0,0,0,1,1,1,1]}},{"__id__":4},{"__type__":"cc.Node","_name":"greenPos_node","_parent":{"__id__":1},"_prefab":{"__type__":"cc.PrefabInfo","root":{"__id__":1},"asset":{"__uuid__":"3eao/TfxpBfJ5XxBpzmMFe"},"fileId":"3fhTp0Qw1Lz6bek5dlr/RD"},"_trs":{"__type__":"TypedArray","ctor":"Float64Array","array":[0,0,0,0,0,0,1,1,1,1]}},{"__id__":5},{"__id__":7},{"__id__":10},{"__type__":"cc.Node","_name":"player","_parent":{"__id__":1},"_prefab":{"__type__":"cc.PrefabInfo","root":{"__id__":1},"asset":{"__uuid__":"3eao/TfxpBfJ5XxBpzmMFe"},"fileId":"76wGvkwXpBGJzrEuJBFkIO"},"_trs":{"__type__":"TypedArray","ctor":"Float64Array","array":[273,-586,0,0,0,0,1,-0.7,0.7,1]}},{"__type__":"cc.Node","_name":"enemy","_parent":{"__id__":1},"_prefab":{"__type__":"cc.PrefabInfo","root":{"__id__":1},"asset":{"__uuid__":"3eao/TfxpBfJ5XxBpzmMFe"},"fileId":"63oOioAyJLm6Qu18R3N+7f"},"_trs":{"__type__":"TypedArray","ctor":"Float64Array","array":[-293,-586,0,0,0,0,1,1,1,1]}}],"_components":[{"__type__":"cc.Sprite","node":{"__id__":1},"_materials":[{"__uuid__":"ecpdLyjvZBwrvm+cedCcQy"}],"_spriteFrame":{"__uuid__":"acnEnELKRJyKkFqX3gIfiF"}},{"__type__":"1100eDGpRlLMYp5CrYQGpcQ","node":{"__id__":1}},{"__type__":"cc.RigidBody","node":{"__id__":1},"_type":0},{"__type__":"cc.PhysicsPolygonCollider","node":{"__id__":1},"_offset":{"__type__":"cc.Vec2","x":-360,"y":-705},"points":[{"__type__":"cc.Vec2","x":-50,"y":-50},{"__type__":"cc.Vec2","x":770,"y":-50},{"__type__":"cc.Vec2","x":767,"y":1148},{"__type__":"cc.Vec2","x":767.4,"y":1457.9},{"__type__":"cc.Vec2","x":-41.1,"y":1458.5},{"__type__":"cc.Vec2","x":105.4,"y":1419.1},{"__type__":"cc.Vec2","x":611.9,"y":1417.1},{"__type__":"cc.Vec2","x":616.9,"y":1298.9},{"__type__":"cc.Vec2","x":605.8,"y":1264.2},{"__type__":"cc.Vec2","x":584.8,"y":1232.4},{"__type__":"cc.Vec2","x":540.5,"y":1207.7},{"__type__":"cc.Vec2","x":472.3,"y":1193.8},{"__type__":"cc.Vec2","x":440,"y":1181.9},{"__type__":"cc.Vec2","x":411.9,"y":1155.6},{"__type__":"cc.Vec2","x":404.3,"y":1131.7},{"__type__":"cc.Vec2","x":402.3,"y":1090.4},{"__type__":"cc.Vec2","x":406.5,"y":1019.6},{"__type__":"cc.Vec2","x":416.9,"y":1003.9},{"__type__":"cc.Vec2","x":430.7,"y":991.8},{"__type__":"cc.Vec2","x":455.1,"y":984.3},{"__type__":"cc.Vec2","x":586.5,"y":984.3},{"__type__":"cc.Vec2","x":665.4,"y":969.9},{"__type__":"cc.Vec2","x":700.9,"y":944.8},{"__type__":"cc.Vec2","x":719.5,"y":909.7},{"__type__":"cc.Vec2","x":725.7,"y":854.4},{"__type__":"cc.Vec2","x":717.8,"y":797.9},{"__type__":"cc.Vec2","x":695.2,"y":729.8},{"__type__":"cc.Vec2","x":665.2,"y":687.9},{"__type__":"cc.Vec2","x":616.4,"y":653.2},{"__type__":"cc.Vec2","x":527.6,"y":621.8},{"__type__":"cc.Vec2","x":507.5,"y":602.9},{"__type__":"cc.Vec2","x":507.1,"y":570.5},{"__type__":"cc.Vec2","x":524.7,"y":553},{"__type__":"cc.Vec2","x":599,"y":548.7},{"__type__":"cc.Vec2","x":636,"y":538.7},{"__type__":"cc.Vec2","x":677.2,"y":512.4},{"__type__":"cc.Vec2","x":711,"y":439.3},{"__type__":"cc.Vec2","x":724.2,"y":348.4},{"__type__":"cc.Vec2","x":722.3,"y":123.7},{"__type__":"cc.Vec2","x":707.5,"y":70.7},{"__type__":"cc.Vec2","x":674.6,"y":15.7},{"__type__":"cc.Vec2","x":636.8,"y":-5.6},{"__type__":"cc.Vec2","x":602.2,"y":-2.9},{"__type__":"cc.Vec2","x":575.1,"y":24.6},{"__type__":"cc.Vec2","x":545.6,"y":85.2},{"__type__":"cc.Vec2","x":511.4,"y":215.2},{"__type__":"cc.Vec2","x":490,"y":232.1},{"__type__":"cc.Vec2","x":457.9,"y":232.3},{"__type__":"cc.Vec2","x":442.6,"y":209},{"__type__":"cc.Vec2","x":411.4,"y":33.8},{"__type__":"cc.Vec2","x":374,"y":2.2},{"__type__":"cc.Vec2","x":337.3,"y":4.2},{"__type__":"cc.Vec2","x":308.7,"y":27.8},{"__type__":"cc.Vec2","x":290.8,"y":118.8},{"__type__":"cc.Vec2","x":280.7,"y":232.4},{"__type__":"cc.Vec2","x":260.9,"y":251.8},{"__type__":"cc.Vec2","x":230.1,"y":251.4},{"__type__":"cc.Vec2","x":211.8,"y":234.7},{"__type__":"cc.Vec2","x":180.6,"y":75},{"__type__":"cc.Vec2","x":159.6,"y":29},{"__type__":"cc.Vec2","x":103.9,"y":5},{"__type__":"cc.Vec2","x":64.9,"y":4.5},{"__type__":"cc.Vec2","x":22.8,"y":26.6},{"__type__":"cc.Vec2","x":-0.4,"y":70.3},{"__type__":"cc.Vec2","x":-7.1,"y":107.8},{"__type__":"cc.Vec2","x":1.1,"y":444.8},{"__type__":"cc.Vec2","x":10.5,"y":490.2},{"__type__":"cc.Vec2","x":34.1,"y":525},{"__type__":"cc.Vec2","x":72.9,"y":542.9},{"__type__":"cc.Vec2","x":118.1,"y":552.1},{"__type__":"cc.Vec2","x":197.8,"y":552.5},{"__type__":"cc.Vec2","x":216.4,"y":571.1},{"__type__":"cc.Vec2","x":216.1,"y":602.3},{"__type__":"cc.Vec2","x":199.8,"y":618.3},{"__type__":"cc.Vec2","x":119.1,"y":647.4},{"__type__":"cc.Vec2","x":65.4,"y":681},{"__type__":"cc.Vec2","x":34.1,"y":711.7},{"__type__":"cc.Vec2","x":10.9,"y":758.8},{"__type__":"cc.Vec2","x":0.9,"y":815.5},{"__type__":"cc.Vec2","x":-2.2,"y":891.2},{"__type__":"cc.Vec2","x":7.6,"y":935.4},{"__type__":"cc.Vec2","x":27.7,"y":969.8},{"__type__":"cc.Vec2","x":62.7,"y":988},{"__type__":"cc.Vec2","x":267.9,"y":991},{"__type__":"cc.Vec2","x":301.9,"y":1004.6},{"__type__":"cc.Vec2","x":316.5,"y":1026.5},{"__type__":"cc.Vec2","x":316.8,"y":1143.4},{"__type__":"cc.Vec2","x":282,"y":1179.2},{"__type__":"cc.Vec2","x":227.2,"y":1197.3},{"__type__":"cc.Vec2","x":172.8,"y":1210.7},{"__type__":"cc.Vec2","x":129.2,"y":1232.5},{"__type__":"cc.Vec2","x":107.2,"y":1272.4},{"__type__":"cc.Vec2","x":107.3,"y":1416.1},{"__type__":"cc.Vec2","x":-46.4,"y":1458.3}]},{"__type__":"cc.PhysicsPolygonCollider","node":{"__id__":1},"_offset":{"__type__":"cc.Vec2","x":7,"y":162},"points":[{"__type__":"cc.Vec2","x":253,"y":-47.4},{"__type__":"cc.Vec2","x":276.2,"y":-23.9},{"__type__":"cc.Vec2","x":276.2,"y":31.1},{"__type__":"cc.Vec2","x":256.2,"y":50},{"__type__":"cc.Vec2","x":-193.8,"y":48.9},{"__type__":"cc.Vec2","x":-272.3,"y":37},{"__type__":"cc.Vec2","x":-293.5,"y":16.5},{"__type__":"cc.Vec2","x":-293.3,"y":-18.8},{"__type__":"cc.Vec2","x":-268.7,"y":-40.7},{"__type__":"cc.Vec2","x":-236.6,"y":-47.2}]}],"_prefab":{"__type__":"cc.PrefabInfo","root":{"__id__":1},"asset":{"__uuid__":"3eao/TfxpBfJ5XxBpzmMFe"},"fileId":"4edjQlTgNDALbintxiiXsF"},"_contentSize":{"__type__":"cc.Size","width":814,"height":1507},"_trs":{"__type__":"TypedArray","ctor":"Float64Array","array":[48.746,0,0,0,0,0,1,1,1,1]}},{"__type__":"cc.Node","_name":"black_node","_parent":{"__id__":1},"_components":[{"__type__":"6c0e8KZwr5L34azTYX21stu","node":{"__id__":2}}],"_prefab":{"__type__":"cc.PrefabInfo","root":{"__id__":1},"asset":{"__uuid__":"3eao/TfxpBfJ5XxBpzmMFe"},"fileId":"eaEcOj8oVCzID4Ybo1Lnng"},"_trs":{"__type__":"TypedArray","ctor":"Float64Array","array":[0,0,0,0,0,0,1,1,1,1]}},{"__type__":"cc.Node","_name":"gray_node","_parent":{"__id__":1},"_components":[{"__type__":"3400dF2d2tHLK8+En9baGXY","node":{"__id__":3},"grey_prefab":{"__uuid__":"13FEeEL1NMaK5TFGpFQpJr"}}],"_prefab":{"__type__":"cc.PrefabInfo","root":{"__id__":1},"asset":{"__uuid__":"3eao/TfxpBfJ5XxBpzmMFe"},"fileId":"d2Ktw65PhAdphtfEVwUKvo"},"_trs":{"__type__":"TypedArray","ctor":"Float64Array","array":[0,0,0,0,0,0,1,1,1,1]}},{"__type__":"cc.Node","_name":"redPos_node","_parent":{"__id__":1},"_children":[{"__type__":"cc.Node","_name":"New Node","_parent":{"__id__":4},"_prefab":{"__type__":"cc.PrefabInfo","root":{"__id__":1},"asset":{"__uuid__":"3eao/TfxpBfJ5XxBpzmMFe"},"fileId":"e37W5XXSZMMJbdfIgrbWt8"},"_trs":{"__type__":"TypedArray","ctor":"Float64Array","array":[0,537.387,0,0,0,0,1,1,1,1]}}],"_prefab":{"__type__":"cc.PrefabInfo","root":{"__id__":1},"asset":{"__uuid__":"3eao/TfxpBfJ5XxBpzmMFe"},"fileId":"49vBpim/lB/bQxWnDrnYbF"},"_trs":{"__type__":"TypedArray","ctor":"Float64Array","array":[0,0,0,0,0,0,1,1,1,1]}},{"__type__":"cc.Node","_name":"zhenNode","_parent":{"__id__":1},"_children":[{"__id__":6}],"_prefab":{"__type__":"cc.PrefabInfo","root":{"__id__":1},"asset":{"__uuid__":"3eao/TfxpBfJ5XxBpzmMFe"},"fileId":"16llXf3zxBPZSAF+0D001C"},"_trs":{"__type__":"TypedArray","ctor":"Float64Array","array":[34.316,384.701,0,0,0,0,1,1,1,1]},"_groupIndex":8,"groupIndex":8},{"__type__":"cc.Node","_name":"zhen","_parent":{"__id__":5},"_components":[{"__type__":"cc.Sprite","node":{"__id__":6},"_materials":[{"__uuid__":"ecpdLyjvZBwrvm+cedCcQy"}],"_spriteFrame":{"__uuid__":"81u1O4l2lM2IGXbUA/0aw7"},"_type":1,"_sizeMode":0},{"__type__":"cc.RigidBody","node":{"__id__":6},"_type":3,"_allowSleep":false,"_gravityScale":0,"_fixedRotation":true,"enabledContactListener":true,"bullet":true},{"__type__":"cc.PhysicsPolygonCollider","node":{"__id__":6},"tag":222,"_offset":{"__type__":"cc.Vec2","x":241,"y":-1},"points":[{"__type__":"cc.Vec2","x":-125.1,"y":-53.1},{"__type__":"cc.Vec2","x":-41.8,"y":-55},{"__type__":"cc.Vec2","x":-41.5,"y":57.3},{"__type__":"cc.Vec2","x":-128.3,"y":56.8},{"__type__":"cc.Vec2","x":-154.7,"y":27.2},{"__type__":"cc.Vec2","x":-441.8,"y":26.8},{"__type__":"cc.Vec2","x":-441.7,"y":-26.1},{"__type__":"cc.Vec2","x":-155.6,"y":-23.9}]},{"__type__":"72555Q9muRD1505Zi2fOOxm","node":{"__id__":6},"linevelocityX":500}],"_prefab":{"__type__":"cc.PrefabInfo","root":{"__id__":1},"asset":{"__uuid__":"3eao/TfxpBfJ5XxBpzmMFe"},"fileId":"1cjgRtloNJyo+XhUG1oaUv"},"_contentSize":{"__type__":"cc.Size","width":400,"height":111},"_trs":{"__type__":"TypedArray","ctor":"Float64Array","array":[0,0,0,0,0,0,1,0.8,0.8,0.8]},"_groupIndex":8,"groupIndex":8},{"__type__":"cc.Node","_name":"zhenNodeTwo","_parent":{"__id__":1},"_children":[{"__id__":8},{"__id__":13},{"__id__":14}],"_prefab":{"__type__":"cc.PrefabInfo","root":{"__id__":1},"asset":{"__uuid__":"3eao/TfxpBfJ5XxBpzmMFe"},"fileId":"b7Pj22z6JBjY2kOFrjB0jR"},"_trs":{"__type__":"TypedArray","ctor":"Float64Array","array":[-72.758,189.068,0,0,0,0.7071067811865475,0.7071067811865476,1,1,1]},"_eulerAngles":{"__type__":"cc.Vec3","z":90}},{"__type__":"cc.Node","_name":"zhen","_parent":{"__id__":7},"_components":[{"__type__":"cc.Sprite","node":{"__id__":8},"_materials":[{"__uuid__":"ecpdLyjvZBwrvm+cedCcQy"}],"_spriteFrame":{"__uuid__":"14vJwyNH1OspMXFimJtxkW"},"_type":1,"_sizeMode":0},{"__type__":"cc.RigidBody","node":{"__id__":8},"_type":3,"_gravityScale":0,"_fixedRotation":true,"enabledContactListener":true,"bullet":true},{"__type__":"cc.PhysicsPolygonCollider","node":{"__id__":8},"_offset":{"__type__":"cc.Vec2","x":151.5,"y":5.7},"points":[{"__type__":"cc.Vec2","x":-275.7,"y":-37.8},{"__type__":"cc.Vec2","x":-249.4,"y":-61.6},{"__type__":"cc.Vec2","x":-184.7,"y":-52.8},{"__type__":"cc.Vec2","x":-168.3,"y":-20.6},{"__type__":"cc.Vec2","x":-26.2,"y":-22.6},{"__type__":"cc.Vec2","x":-26.5,"y":13.5},{"__type__":"cc.Vec2","x":-170.5,"y":13.4},{"__type__":"cc.Vec2","x":-181.5,"y":39.2},{"__type__":"cc.Vec2","x":-244.7,"y":48.8},{"__type__":"cc.Vec2","x":-276.5,"y":27.3}]},{"__type__":"1cb3eoIRdhJWZayW7A68Y7j","node":{"__id__":8},"allzhen":[{"__id__":9}]}],"_prefab":{"__type__":"cc.PrefabInfo","root":{"__id__":1},"asset":{"__uuid__":"3eao/TfxpBfJ5XxBpzmMFe"},"fileId":"de0WOiHi1L0pGO0Kb5xLf1"},"_contentSize":{"__type__":"cc.Size","width":250,"height":111},"_trs":{"__type__":"TypedArray","ctor":"Float64Array","array":[0,0,0,0,0,0,1,1,1,1]}},{"__type__":"cc.Node","_name":"zhen","_parent":{"__id__":10},"_components":[{"__type__":"cc.Sprite","node":{"__id__":9},"_materials":[{"__uuid__":"ecpdLyjvZBwrvm+cedCcQy"}],"_spriteFrame":{"__uuid__":"14vJwyNH1OspMXFimJtxkW"},"_type":1,"_sizeMode":0},{"__type__":"cc.RigidBody","node":{"__id__":9},"_type":3,"_gravityScale":0,"_fixedRotation":true,"enabledContactListener":true,"bullet":true},{"__type__":"cc.PhysicsPolygonCollider","node":{"__id__":9},"_offset":{"__type__":"cc.Vec2","x":151.5,"y":5.7},"points":[{"__type__":"cc.Vec2","x":-275.7,"y":-37.8},{"__type__":"cc.Vec2","x":-249.4,"y":-61.6},{"__type__":"cc.Vec2","x":-184.7,"y":-52.8},{"__type__":"cc.Vec2","x":-168.3,"y":-20.6},{"__type__":"cc.Vec2","x":-26.2,"y":-22.6},{"__type__":"cc.Vec2","x":-26.5,"y":13.5},{"__type__":"cc.Vec2","x":-170.5,"y":13.4},{"__type__":"cc.Vec2","x":-181.5,"y":39.2},{"__type__":"cc.Vec2","x":-244.7,"y":48.8},{"__type__":"cc.Vec2","x":-276.5,"y":27.3}]},{"__type__":"1cb3eoIRdhJWZayW7A68Y7j","node":{"__id__":9},"allzhen":[{"__id__":8}]}],"_prefab":{"__type__":"cc.PrefabInfo","root":{"__id__":1},"asset":{"__uuid__":"3eao/TfxpBfJ5XxBpzmMFe"},"fileId":"94z4xtKMJDTpmH/Y8yD6JF"},"_contentSize":{"__type__":"cc.Size","width":250,"height":111},"_trs":{"__type__":"TypedArray","ctor":"Float64Array","array":[0,0,0,0,0,0,1,1,1,1]}},{"__type__":"cc.Node","_name":"zhenNodeTwo","_parent":{"__id__":1},"_children":[{"__id__":9},{"__id__":11},{"__id__":12}],"_prefab":{"__type__":"cc.PrefabInfo","root":{"__id__":1},"asset":{"__uuid__":"3eao/TfxpBfJ5XxBpzmMFe"},"fileId":"deCUlYDUZMTLnYjfa2Pexs"},"_trs":{"__type__":"TypedArray","ctor":"Float64Array","array":[90.4,189.068,0,0,0,0.7071067811865475,0.7071067811865476,1,1,1]},"_eulerAngles":{"__type__":"cc.Vec3","z":90}},{"__type__":"cc.Node","_name":"zhenup","_parent":{"__id__":10},"_components":[{"__type__":"cc.RigidBody","node":{"__id__":11},"_type":0,"_gravityScale":0,"bullet":true}],"_prefab":{"__type__":"cc.PrefabInfo","root":{"__id__":1},"asset":{"__uuid__":"3eao/TfxpBfJ5XxBpzmMFe"},"fileId":"7f+r1RgjdMwLOnFKa6foEd"},"_trs":{"__type__":"TypedArray","ctor":"Float64Array","array":[0,360.089,0,0,0,0,1,1,1,1]}},{"__type__":"cc.Node","_name":"zhendown","_parent":{"__id__":10},"_components":[{"__type__":"cc.RigidBody","node":{"__id__":12},"_type":0,"_gravityScale":0,"bullet":true}],"_prefab":{"__type__":"cc.PrefabInfo","root":{"__id__":1},"asset":{"__uuid__":"3eao/TfxpBfJ5XxBpzmMFe"},"fileId":"a4A8V5cqtAmpFNCV6mGNkR"},"_trs":{"__type__":"TypedArray","ctor":"Float64Array","array":[0,-172.074,0,0,0,0,1,1,1,1]}},{"__type__":"cc.Node","_name":"zhenup","_parent":{"__id__":7},"_components":[{"__type__":"cc.RigidBody","node":{"__id__":13},"_type":0,"_gravityScale":0,"bullet":true}],"_prefab":{"__type__":"cc.PrefabInfo","root":{"__id__":1},"asset":{"__uuid__":"3eao/TfxpBfJ5XxBpzmMFe"},"fileId":"1bbvDQCMxC0L8QVgGHKj9i"},"_trs":{"__type__":"TypedArray","ctor":"Float64Array","array":[0,188.907,0,0,0,0,1,1,1,1]}},{"__type__":"cc.Node","_name":"zhendown","_parent":{"__id__":7},"_components":[{"__type__":"cc.RigidBody","node":{"__id__":14},"_type":0,"_gravityScale":0,"bullet":true}],"_prefab":{"__type__":"cc.PrefabInfo","root":{"__id__":1},"asset":{"__uuid__":"3eao/TfxpBfJ5XxBpzmMFe"},"fileId":"ee7dXzt3JPBpZfF1trQ/nY"},"_trs":{"__type__":"TypedArray","ctor":"Float64Array","array":[0,-337.015,0,0,0,0,1,1,1,1]}}],{"__type__":"cc.SpriteFrame","content":{"name":"guanqia117","texture":"c8jf2FZ/dAspOSLWko+cgL","rect":[1,1,812,1506],"offset":[0,-0.5],"originalSize":[814,1507],"capInsets":[0,0,0,0]}}]