[{"__type__":"cc.SpriteFrame","content":{"name":"js_jixuyouxi-en","texture":"e1otL6m3xAu5n365PiTicj","rect":[0,0,443,157],"offset":[0,0],"originalSize":[443,157],"capInsets":[0,0,0,0]}},{"__type__":"cc.ParticleAsset","_name":"penquan","_native":".plist"},{"__type__":"cc.SpriteFrame","content":{"name":"img5","texture":"f8vUpP8CJCS6xZNgbBrl68","rect":[0,0,30,36],"offset":[0,0],"originalSize":[30,36],"capInsets":[0,0,0,0]}},{"__type__":"cc.SpriteFrame","content":{"name":"js_jianglifanbei-en","texture":"b4ubRj6GFO44zWQaL55dYQ","rect":[0,0,443,157],"offset":[0,0],"originalSize":[443,157],"capInsets":[0,0,0,0]}},{"__type__":"cc.SpriteFrame","content":{"name":"img1","texture":"00kzPmDJtABqY8P4Ep1De9","rect":[0,0,30,36],"offset":[0,0],"originalSize":[30,36],"capInsets":[0,0,0,0]}},[{"__type__":"cc.Prefab","_name":"UIWinPage","data":{"__id__":1}},{"__type__":"cc.Node","_name":"UIWinPage","_children":[{"__id__":2},{"__id__":3},{"__id__":7},{"__id__":17},{"__id__":27},{"__id__":30},{"__id__":40},{"__id__":41},{"__id__":42},{"__id__":48}],"_components":[{"__type__":"cc.Widget","node":{"__id__":1},"_alignFlags":45},{"__type__":"cc.BlockInputEvents","node":{"__id__":1}}],"_prefab":{"__type__":"cc.PrefabInfo","root":{"__id__":1},"asset":{"__uuid__":"c3JL3BJd5Pp6iADTv+vnEW"},"fileId":"00EFFxM29EyLRfAE17uKvY"},"_contentSize":{"__type__":"cc.Size","width":1080,"height":1920},"_trs":{"__type__":"TypedArray","ctor":"Float64Array","array":[540,960,0,0,0,0,1,1,1,1]}},{"__type__":"cc.Node","_name":"Bg","_parent":{"__id__":1},"_components":[{"__type__":"cc.Sprite","node":{"__id__":2},"_materials":[{"__uuid__":"ecpdLyjvZBwrvm+cedCcQy"}],"_spriteFrame":{"__uuid__":"a2MjXRFdtLlYQ5ouAFv/+R"},"_sizeMode":0},{"__type__":"cc.Widget","node":{"__id__":2},"_alignFlags":45,"_originalWidth":100,"_originalHeight":100}],"_prefab":{"__type__":"cc.PrefabInfo","root":{"__id__":1},"asset":{"__uuid__":"c3JL3BJd5Pp6iADTv+vnEW"},"fileId":"a4IC+1a2tKr4BhmdJ2CIHC"},"_opacity":204,"_color":{"__type__":"cc.Color"},"_contentSize":{"__type__":"cc.Size","width":1080,"height":1920},"_trs":{"__type__":"TypedArray","ctor":"Float64Array","array":[0,0,0,0,0,0,1,1,1,1]}},{"__type__":"cc.Node","_name":"CoinLabel","_parent":{"__id__":1},"_children":[{"__id__":4},{"__id__":5},{"__id__":6}],"_active":false,"_components":[{"__type__":"cc.Widget","node":{"__id__":3},"_alignFlags":9,"_left":44.27499999999998,"_top":76.45500000000004},{"__type__":"96bb6h8GYdOW47cjyMPjHjl","node":{"__id__":3}}],"_prefab":{"__type__":"cc.PrefabInfo","root":{"__id__":1},"asset":{"__uuid__":"c3JL3BJd5Pp6iADTv+vnEW"},"fileId":"dcD3evz2ZNVZzVqW9qK7lu"},"_contentSize":{"__type__":"cc.Size","width":239,"height":97},"_trs":{"__type__":"TypedArray","ctor":"Float64Array","array":[-376.225,835.045,0,0,0,0,1,1,1,1]}},{"__type__":"cc.Node","_name":"image_zuanshi","_parent":{"__id__":3},"_components":[{"__type__":"cc.Sprite","node":{"__id__":4},"_materials":[{"__uuid__":"ecpdLyjvZBwrvm+cedCcQy"}],"_spriteFrame":{"__uuid__":"82SYWWwghBw75IL2ICOj37"},"_type":1}],"_prefab":{"__type__":"cc.PrefabInfo","root":{"__id__":1},"asset":{"__uuid__":"c3JL3BJd5Pp6iADTv+vnEW"},"fileId":"eb+dQ/RLNIgZVdKnLAr1k1"},"_contentSize":{"__type__":"cc.Size","width":239,"height":97},"_trs":{"__type__":"TypedArray","ctor":"Float64Array","array":[0,0,0,0,0,0,1,1,1,1]}},{"__type__":"cc.Node","_name":"Icon","_parent":{"__id__":3},"_components":[{"__type__":"cc.Sprite","node":{"__id__":5},"_materials":[{"__uuid__":"ecpdLyjvZBwrvm+cedCcQy"}],"_spriteFrame":{"__uuid__":"56mhXMF3hA+aZ2Eeu7DSBw"},"_sizeMode":0}],"_prefab":{"__type__":"cc.PrefabInfo","root":{"__id__":1},"asset":{"__uuid__":"c3JL3BJd5Pp6iADTv+vnEW"},"fileId":"06ufswQutBUqhZXBJ2ixud"},"_contentSize":{"__type__":"cc.Size","width":88,"height":65},"_trs":{"__type__":"TypedArray","ctor":"Float64Array","array":[-72.387,-3.436,0,0,0,0,1,0.8,0.8,1]}},{"__type__":"cc.Node","_name":"Label","_parent":{"__id__":3},"_components":[{"__type__":"cc.Label","node":{"__id__":6},"_materials":[{"__uuid__":"ecpdLyjvZBwrvm+cedCcQy"}],"_useOriginalSize":false,"_string":"66666","_N$string":"66666","_fontSize":45,"_lineHeight":50,"_N$horizontalAlign":1,"_N$verticalAlign":1}],"_prefab":{"__type__":"cc.PrefabInfo","root":{"__id__":1},"asset":{"__uuid__":"c3JL3BJd5Pp6iADTv+vnEW"},"fileId":"32noA2tQtOkaHu/itx5qE7"},"_contentSize":{"__type__":"cc.Size","width":125.13,"height":63},"_trs":{"__type__":"TypedArray","ctor":"Float64Array","array":[31.371,1.23,0,0,0,0,1,1,1,1]}},{"__type__":"cc.Node","_name":"shengli","_parent":{"__id__":1},"_children":[{"__id__":8},{"__id__":14}],"_components":[{"__type__":"sp.Skeleton","node":{"__id__":7},"_materials":[{"__uuid__":"7a/QZLET9IDreTiBfRn2PD"}],"_preCacheMode":0,"loop":false,"premultipliedAlpha":false,"_animationName":"chenggongkaishi","_playTimes":1},{"__type__":"cc.Widget","node":{"__id__":7},"_alignFlags":1,"_top":17.30499999999995}],"_prefab":{"__type__":"cc.PrefabInfo","root":{"__id__":1},"asset":{"__uuid__":"c3JL3BJd5Pp6iADTv+vnEW"},"fileId":"a9ARzAHwNFKZIgnogeeddc"},"_contentSize":{"__type__":"cc.Size","width":953,"height":1045.39},"_trs":{"__type__":"TypedArray","ctor":"Float64Array","array":[0,420,0,0,0,0,1,1,1,1]}},{"__type__":"cc.Node","_name":"particles","_parent":{"__id__":7},"_children":[{"__id__":9},{"__id__":10},{"__id__":11},{"__id__":12},{"__id__":13}],"_prefab":{"__type__":"cc.PrefabInfo","root":{"__id__":1},"asset":{"__uuid__":"c3JL3BJd5Pp6iADTv+vnEW"},"fileId":"81AHhalnhBCrFoAlZdvFgE"},"_trs":{"__type__":"TypedArray","ctor":"Float64Array","array":[66.054,-307.501,0,0,0,0,1,1,1,1]}},{"__type__":"cc.Node","_name":"penquan","_parent":{"__id__":8},"_components":[{"__type__":"cc.ParticleSystem","node":{"__id__":9},"_materials":[{"__uuid__":"ecpdLyjvZBwrvm+cedCcQy"}],"_custom":true,"_file":{"__uuid__":"11SADF4rZPQbzQ8J7YShGn"},"_spriteFrame":{"__uuid__":"754iMDIddPmpalu6wAp5+q"},"autoRemoveOnFinish":true,"totalParticles":100,"duration":0.2,"emissionRate":1000,"life":4,"lifeVar":0.5,"_startColor":{"__type__":"cc.Color","r":255,"g":255,"b":255},"_startColorVar":{"__type__":"cc.Color","a":0},"_endColor":{"__type__":"cc.Color","r":255,"g":255,"b":255},"_endColorVar":{"__type__":"cc.Color","a":0},"angle":-90,"angleVar":360,"startSize":10,"startSizeVar":30,"endSize":20,"startSpin":360,"endSpin":360,"endSpinVar":720,"_positionType":1,"positionType":1,"gravity":{"__type__":"cc.Vec2","y":-20},"speed":500,"speedVar":450,"tangentialAccel":0}],"_prefab":{"__type__":"cc.PrefabInfo","root":{"__id__":1},"asset":{"__uuid__":"c3JL3BJd5Pp6iADTv+vnEW"},"fileId":"96p63Wsm9E3Y411G/PHoQ6"},"_trs":{"__type__":"TypedArray","ctor":"Float64Array","array":[-248.695,600,0,0,0,0,1,1,1,1]}},{"__type__":"cc.Node","_name":"penquan","_parent":{"__id__":8},"_components":[{"__type__":"cc.ParticleSystem","node":{"__id__":10},"_materials":[{"__uuid__":"ecpdLyjvZBwrvm+cedCcQy"}],"_custom":true,"_file":{"__uuid__":"11SADF4rZPQbzQ8J7YShGn"},"_spriteFrame":{"__uuid__":"f0zb0NqNVLIpLtOE9RYgUI"},"autoRemoveOnFinish":true,"totalParticles":100,"duration":0.2,"emissionRate":1000,"life":4,"lifeVar":0.5,"_startColor":{"__type__":"cc.Color","r":255,"g":255,"b":255},"_startColorVar":{"__type__":"cc.Color","a":0},"_endColor":{"__type__":"cc.Color","r":255,"g":255,"b":255},"_endColorVar":{"__type__":"cc.Color","a":0},"angle":-90,"angleVar":360,"startSize":10,"startSizeVar":30,"endSize":20,"startSpin":360,"endSpin":360,"endSpinVar":720,"_positionType":1,"positionType":1,"gravity":{"__type__":"cc.Vec2","y":-20},"speed":500,"speedVar":450,"tangentialAccel":0}],"_prefab":{"__type__":"cc.PrefabInfo","root":{"__id__":1},"asset":{"__uuid__":"c3JL3BJd5Pp6iADTv+vnEW"},"fileId":"aa5wTLUJpE66mJiMYQtdfr"},"_trs":{"__type__":"TypedArray","ctor":"Float64Array","array":[-176.9,619,0,0,0,0,1,1,1,1]}},{"__type__":"cc.Node","_name":"penquan","_parent":{"__id__":8},"_components":[{"__type__":"cc.ParticleSystem","node":{"__id__":11},"_materials":[{"__uuid__":"ecpdLyjvZBwrvm+cedCcQy"}],"_custom":true,"_file":{"__uuid__":"11SADF4rZPQbzQ8J7YShGn"},"_spriteFrame":{"__uuid__":"f0F0KpoQxCSKpcOJdoERDA"},"autoRemoveOnFinish":true,"totalParticles":100,"duration":0.2,"emissionRate":1000,"life":4,"lifeVar":0.5,"_startColor":{"__type__":"cc.Color","r":255,"g":255,"b":255},"_startColorVar":{"__type__":"cc.Color","a":0},"_endColor":{"__type__":"cc.Color","r":255,"g":255,"b":255},"_endColorVar":{"__type__":"cc.Color","a":0},"angle":-90,"angleVar":360,"startSize":10,"startSizeVar":30,"endSize":20,"startSpin":180,"startSpinVar":360,"endSpin":360,"endSpinVar":720,"_positionType":1,"positionType":1,"gravity":{"__type__":"cc.Vec2","y":-20},"speed":500,"speedVar":450,"tangentialAccel":0,"startRadius":100}],"_prefab":{"__type__":"cc.PrefabInfo","root":{"__id__":1},"asset":{"__uuid__":"c3JL3BJd5Pp6iADTv+vnEW"},"fileId":"26zOTjoZxInLSDsm9lAYJ6"},"_trs":{"__type__":"TypedArray","ctor":"Float64Array","array":[-76.9,654.516,0,0,0,0,1,1,1,1]}},{"__type__":"cc.Node","_name":"penquan","_parent":{"__id__":8},"_components":[{"__type__":"cc.ParticleSystem","node":{"__id__":12},"_materials":[{"__uuid__":"ecpdLyjvZBwrvm+cedCcQy"}],"_custom":true,"_file":{"__uuid__":"11SADF4rZPQbzQ8J7YShGn"},"_spriteFrame":{"__uuid__":"dfFgoY4/FCCrI3nyX2ziiF"},"autoRemoveOnFinish":true,"totalParticles":100,"duration":0.2,"emissionRate":1000,"life":4,"lifeVar":0.5,"_startColor":{"__type__":"cc.Color","r":255,"g":255,"b":255},"_startColorVar":{"__type__":"cc.Color","a":0},"_endColor":{"__type__":"cc.Color","r":255,"g":255,"b":255},"_endColorVar":{"__type__":"cc.Color","a":0},"angle":-90,"angleVar":360,"startSize":10,"startSizeVar":30,"endSize":20,"startSpin":180,"startSpinVar":360,"endSpin":360,"endSpinVar":720,"_positionType":1,"positionType":1,"gravity":{"__type__":"cc.Vec2","y":-20},"speed":500,"speedVar":450,"tangentialAccel":0,"startRadius":100}],"_prefab":{"__type__":"cc.PrefabInfo","root":{"__id__":1},"asset":{"__uuid__":"c3JL3BJd5Pp6iADTv+vnEW"},"fileId":"41sXoVkLREOKGrF0cSleTL"},"_trs":{"__type__":"TypedArray","ctor":"Float64Array","array":[52.1,641.516,0,0,0,0,1,1,1,1]}},{"__type__":"cc.Node","_name":"penquan","_parent":{"__id__":8},"_components":[{"__type__":"cc.ParticleSystem","node":{"__id__":13},"_materials":[{"__uuid__":"ecpdLyjvZBwrvm+cedCcQy"}],"_custom":true,"_file":{"__uuid__":"11SADF4rZPQbzQ8J7YShGn"},"_spriteFrame":{"__uuid__":"1fLmrpWMVAZZ/PTN55ditz"},"autoRemoveOnFinish":true,"totalParticles":100,"duration":0.2,"emissionRate":1000,"life":4,"lifeVar":0.5,"_startColor":{"__type__":"cc.Color","r":255,"g":255,"b":255},"_startColorVar":{"__type__":"cc.Color","a":0},"_endColor":{"__type__":"cc.Color","r":255,"g":255,"b":255},"_endColorVar":{"__type__":"cc.Color","a":0},"angle":-90,"angleVar":360,"startSize":10,"startSizeVar":30,"endSize":20,"startSpin":180,"startSpinVar":360,"endSpin":360,"endSpinVar":720,"_positionType":1,"positionType":1,"gravity":{"__type__":"cc.Vec2","y":-20},"speed":500,"speedVar":450,"tangentialAccel":0,"startRadius":100}],"_prefab":{"__type__":"cc.PrefabInfo","root":{"__id__":1},"asset":{"__uuid__":"c3JL3BJd5Pp6iADTv+vnEW"},"fileId":"c7mYV6n4xPUb3QpciFa1Qv"},"_trs":{"__type__":"TypedArray","ctor":"Float64Array","array":[153.1,655.516,0,0,0,0,1,1,1,1]}},{"__type__":"cc.Node","_name":"CoinCount","_parent":{"__id__":7},"_children":[{"__id__":15},{"__id__":16}],"_components":[{"__type__":"cc.Layout","node":{"__id__":14},"_layoutSize":{"__type__":"cc.Size","width":162.4,"height":200},"_resize":1,"_N$layoutType":1,"_N$spacingX":3.300000000000002}],"_prefab":{"__type__":"cc.PrefabInfo","root":{"__id__":1},"asset":{"__uuid__":"c3JL3BJd5Pp6iADTv+vnEW"},"fileId":"b01prxT19AiqmRzj4mPLvL"},"_contentSize":{"__type__":"cc.Size","width":162.4,"height":200},"_trs":{"__type__":"TypedArray","ctor":"Float64Array","array":[-9.607,123.879,0,0,0,0,1,0.911,0.911,0.911]}},{"__type__":"cc.Node","_name":"image_hbzs","_parent":{"__id__":14},"_components":[{"__type__":"cc.Sprite","node":{"__id__":15},"_materials":[{"__uuid__":"ecpdLyjvZBwrvm+cedCcQy"}],"_spriteFrame":{"__uuid__":"56mhXMF3hA+aZ2Eeu7DSBw"},"_sizeMode":0}],"_prefab":{"__type__":"cc.PrefabInfo","root":{"__id__":1},"asset":{"__uuid__":"c3JL3BJd5Pp6iADTv+vnEW"},"fileId":"5fBcNMyD5Hd4VPVoGOiMNu"},"_contentSize":{"__type__":"cc.Size","width":61.6,"height":65.4},"_trs":{"__type__":"TypedArray","ctor":"Float64Array","array":[-50.4,-9.955,0,0,0,0,1,1,1,1]}},{"__type__":"cc.Node","_name":"Label","_parent":{"__id__":14},"_components":[{"__type__":"cc.Label","node":{"__id__":16},"_materials":[{"__uuid__":"ecpdLyjvZBwrvm+cedCcQy"}],"_useOriginalSize":false,"_string":"+30","_N$string":"+30","_fontSize":45,"_lineHeight":70,"_N$file":{"__uuid__":"a85NczcUdLhIVJT3+7aBOb"},"_isSystemFontUsed":false,"_N$horizontalAlign":1,"_N$verticalAlign":1}],"_prefab":{"__type__":"cc.PrefabInfo","root":{"__id__":1},"asset":{"__uuid__":"c3JL3BJd5Pp6iADTv+vnEW"},"fileId":"56yh8nQY9PVLHNA+tz/8QR"},"_contentSize":{"__type__":"cc.Size","width":97.5,"height":70},"_trs":{"__type__":"TypedArray","ctor":"Float64Array","array":[32.45,0,0,0,0,0,1,1,1,1]}},{"__type__":"cc.Node","_name":"shengli_en","_parent":{"__id__":1},"_children":[{"__id__":18},{"__id__":24}],"_components":[{"__type__":"sp.Skeleton","node":{"__id__":17},"_materials":[{"__uuid__":"7a/QZLET9IDreTiBfRn2PD"}],"defaultSkin":"default","defaultAnimation":"chenggong-kaishi","_preCacheMode":0,"loop":false,"premultipliedAlpha":false,"_animationName":"chenggong-kaishi","_playTimes":1,"_N$skeletonData":{"__uuid__":"8brL5jHjFJk60dm2V2MTmx"}},{"__type__":"cc.Widget","node":{"__id__":17},"_alignFlags":1,"_top":17.30499999999995}],"_prefab":{"__type__":"cc.PrefabInfo","root":{"__id__":1},"asset":{"__uuid__":"c3JL3BJd5Pp6iADTv+vnEW"},"fileId":"aeKhDygmlAkp4N9BmMe4Mk"},"_contentSize":{"__type__":"cc.Size","width":953,"height":1045.39},"_trs":{"__type__":"TypedArray","ctor":"Float64Array","array":[0,420,0,0,0,0,1,1,1,1]}},{"__type__":"cc.Node","_name":"particles","_parent":{"__id__":17},"_children":[{"__id__":19},{"__id__":20},{"__id__":21},{"__id__":22},{"__id__":23}],"_prefab":{"__type__":"cc.PrefabInfo","root":{"__id__":1},"asset":{"__uuid__":"c3JL3BJd5Pp6iADTv+vnEW"},"fileId":"c2Uml4gK1EgK4HZvlA84gd"},"_trs":{"__type__":"TypedArray","ctor":"Float64Array","array":[66.054,-307.501,0,0,0,0,1,1,1,1]}},{"__type__":"cc.Node","_name":"penquan","_parent":{"__id__":18},"_components":[{"__type__":"cc.ParticleSystem","node":{"__id__":19},"_materials":[{"__uuid__":"ecpdLyjvZBwrvm+cedCcQy"}],"_custom":true,"_file":{"__uuid__":"11SADF4rZPQbzQ8J7YShGn"},"_spriteFrame":{"__uuid__":"754iMDIddPmpalu6wAp5+q"},"autoRemoveOnFinish":true,"totalParticles":100,"duration":0.2,"emissionRate":1000,"life":4,"lifeVar":0.5,"_startColor":{"__type__":"cc.Color","r":255,"g":255,"b":255},"_startColorVar":{"__type__":"cc.Color","a":0},"_endColor":{"__type__":"cc.Color","r":255,"g":255,"b":255},"_endColorVar":{"__type__":"cc.Color","a":0},"angle":-90,"angleVar":360,"startSize":10,"startSizeVar":30,"endSize":20,"startSpin":360,"endSpin":360,"endSpinVar":720,"_positionType":1,"positionType":1,"gravity":{"__type__":"cc.Vec2","y":-20},"speed":500,"speedVar":450,"tangentialAccel":0}],"_prefab":{"__type__":"cc.PrefabInfo","root":{"__id__":1},"asset":{"__uuid__":"c3JL3BJd5Pp6iADTv+vnEW"},"fileId":"7cbPeYSVpLeZd3ytsuLqS1"},"_trs":{"__type__":"TypedArray","ctor":"Float64Array","array":[-248.695,600,0,0,0,0,1,1,1,1]}},{"__type__":"cc.Node","_name":"penquan","_parent":{"__id__":18},"_components":[{"__type__":"cc.ParticleSystem","node":{"__id__":20},"_materials":[{"__uuid__":"ecpdLyjvZBwrvm+cedCcQy"}],"_custom":true,"_file":{"__uuid__":"11SADF4rZPQbzQ8J7YShGn"},"_spriteFrame":{"__uuid__":"f0zb0NqNVLIpLtOE9RYgUI"},"autoRemoveOnFinish":true,"totalParticles":100,"duration":0.2,"emissionRate":1000,"life":4,"lifeVar":0.5,"_startColor":{"__type__":"cc.Color","r":255,"g":255,"b":255},"_startColorVar":{"__type__":"cc.Color","a":0},"_endColor":{"__type__":"cc.Color","r":255,"g":255,"b":255},"_endColorVar":{"__type__":"cc.Color","a":0},"angle":-90,"angleVar":360,"startSize":10,"startSizeVar":30,"endSize":20,"startSpin":360,"endSpin":360,"endSpinVar":720,"_positionType":1,"positionType":1,"gravity":{"__type__":"cc.Vec2","y":-20},"speed":500,"speedVar":450,"tangentialAccel":0}],"_prefab":{"__type__":"cc.PrefabInfo","root":{"__id__":1},"asset":{"__uuid__":"c3JL3BJd5Pp6iADTv+vnEW"},"fileId":"e3OKPbPzNPnrLTsNE3DZQw"},"_trs":{"__type__":"TypedArray","ctor":"Float64Array","array":[-176.9,619,0,0,0,0,1,1,1,1]}},{"__type__":"cc.Node","_name":"penquan","_parent":{"__id__":18},"_components":[{"__type__":"cc.ParticleSystem","node":{"__id__":21},"_materials":[{"__uuid__":"ecpdLyjvZBwrvm+cedCcQy"}],"_custom":true,"_file":{"__uuid__":"11SADF4rZPQbzQ8J7YShGn"},"_spriteFrame":{"__uuid__":"f0F0KpoQxCSKpcOJdoERDA"},"autoRemoveOnFinish":true,"totalParticles":100,"duration":0.2,"emissionRate":1000,"life":4,"lifeVar":0.5,"_startColor":{"__type__":"cc.Color","r":255,"g":255,"b":255},"_startColorVar":{"__type__":"cc.Color","a":0},"_endColor":{"__type__":"cc.Color","r":255,"g":255,"b":255},"_endColorVar":{"__type__":"cc.Color","a":0},"angle":-90,"angleVar":360,"startSize":10,"startSizeVar":30,"endSize":20,"startSpin":180,"startSpinVar":360,"endSpin":360,"endSpinVar":720,"_positionType":1,"positionType":1,"gravity":{"__type__":"cc.Vec2","y":-20},"speed":500,"speedVar":450,"tangentialAccel":0,"startRadius":100}],"_prefab":{"__type__":"cc.PrefabInfo","root":{"__id__":1},"asset":{"__uuid__":"c3JL3BJd5Pp6iADTv+vnEW"},"fileId":"40AfmEfGRMh4bEegSiTYDm"},"_trs":{"__type__":"TypedArray","ctor":"Float64Array","array":[-76.9,654.516,0,0,0,0,1,1,1,1]}},{"__type__":"cc.Node","_name":"penquan","_parent":{"__id__":18},"_components":[{"__type__":"cc.ParticleSystem","node":{"__id__":22},"_materials":[{"__uuid__":"ecpdLyjvZBwrvm+cedCcQy"}],"_custom":true,"_file":{"__uuid__":"11SADF4rZPQbzQ8J7YShGn"},"_spriteFrame":{"__uuid__":"dfFgoY4/FCCrI3nyX2ziiF"},"autoRemoveOnFinish":true,"totalParticles":100,"duration":0.2,"emissionRate":1000,"life":4,"lifeVar":0.5,"_startColor":{"__type__":"cc.Color","r":255,"g":255,"b":255},"_startColorVar":{"__type__":"cc.Color","a":0},"_endColor":{"__type__":"cc.Color","r":255,"g":255,"b":255},"_endColorVar":{"__type__":"cc.Color","a":0},"angle":-90,"angleVar":360,"startSize":10,"startSizeVar":30,"endSize":20,"startSpin":180,"startSpinVar":360,"endSpin":360,"endSpinVar":720,"_positionType":1,"positionType":1,"gravity":{"__type__":"cc.Vec2","y":-20},"speed":500,"speedVar":450,"tangentialAccel":0,"startRadius":100}],"_prefab":{"__type__":"cc.PrefabInfo","root":{"__id__":1},"asset":{"__uuid__":"c3JL3BJd5Pp6iADTv+vnEW"},"fileId":"29jfrkcTtISLJefkExA4U2"},"_trs":{"__type__":"TypedArray","ctor":"Float64Array","array":[52.1,641.516,0,0,0,0,1,1,1,1]}},{"__type__":"cc.Node","_name":"penquan","_parent":{"__id__":18},"_components":[{"__type__":"cc.ParticleSystem","node":{"__id__":23},"_materials":[{"__uuid__":"ecpdLyjvZBwrvm+cedCcQy"}],"_custom":true,"_file":{"__uuid__":"11SADF4rZPQbzQ8J7YShGn"},"_spriteFrame":{"__uuid__":"1fLmrpWMVAZZ/PTN55ditz"},"autoRemoveOnFinish":true,"totalParticles":100,"duration":0.2,"emissionRate":1000,"life":4,"lifeVar":0.5,"_startColor":{"__type__":"cc.Color","r":255,"g":255,"b":255},"_startColorVar":{"__type__":"cc.Color","a":0},"_endColor":{"__type__":"cc.Color","r":255,"g":255,"b":255},"_endColorVar":{"__type__":"cc.Color","a":0},"angle":-90,"angleVar":360,"startSize":10,"startSizeVar":30,"endSize":20,"startSpin":180,"startSpinVar":360,"endSpin":360,"endSpinVar":720,"_positionType":1,"positionType":1,"gravity":{"__type__":"cc.Vec2","y":-20},"speed":500,"speedVar":450,"tangentialAccel":0,"startRadius":100}],"_prefab":{"__type__":"cc.PrefabInfo","root":{"__id__":1},"asset":{"__uuid__":"c3JL3BJd5Pp6iADTv+vnEW"},"fileId":"78R2D4PCVFwbqX0VuhlA4K"},"_trs":{"__type__":"TypedArray","ctor":"Float64Array","array":[153.1,655.516,0,0,0,0,1,1,1,1]}},{"__type__":"cc.Node","_name":"CoinCount","_parent":{"__id__":17},"_children":[{"__id__":25},{"__id__":26}],"_components":[{"__type__":"cc.Layout","node":{"__id__":24},"_layoutSize":{"__type__":"cc.Size","width":162.4,"height":200},"_resize":1,"_N$layoutType":1,"_N$spacingX":3.300000000000002}],"_prefab":{"__type__":"cc.PrefabInfo","root":{"__id__":1},"asset":{"__uuid__":"c3JL3BJd5Pp6iADTv+vnEW"},"fileId":"27ZK9AXPpGYL/n793Rk9BX"},"_contentSize":{"__type__":"cc.Size","width":162.4,"height":200},"_trs":{"__type__":"TypedArray","ctor":"Float64Array","array":[-9.607,123.879,0,0,0,0,1,0.911,0.911,0.911]}},{"__type__":"cc.Node","_name":"image_hbzs","_parent":{"__id__":24},"_components":[{"__type__":"cc.Sprite","node":{"__id__":25},"_materials":[{"__uuid__":"ecpdLyjvZBwrvm+cedCcQy"}],"_spriteFrame":{"__uuid__":"56mhXMF3hA+aZ2Eeu7DSBw"},"_sizeMode":0}],"_prefab":{"__type__":"cc.PrefabInfo","root":{"__id__":1},"asset":{"__uuid__":"c3JL3BJd5Pp6iADTv+vnEW"},"fileId":"96OzfhCj1Go6xAdgu0VdRY"},"_contentSize":{"__type__":"cc.Size","width":61.6,"height":65.4},"_trs":{"__type__":"TypedArray","ctor":"Float64Array","array":[-50.4,-9.955,0,0,0,0,1,1,1,1]}},{"__type__":"cc.Node","_name":"Label","_parent":{"__id__":24},"_components":[{"__type__":"cc.Label","node":{"__id__":26},"_materials":[{"__uuid__":"ecpdLyjvZBwrvm+cedCcQy"}],"_useOriginalSize":false,"_string":"+30","_N$string":"+30","_fontSize":45,"_lineHeight":70,"_N$file":{"__uuid__":"a85NczcUdLhIVJT3+7aBOb"},"_isSystemFontUsed":false,"_N$horizontalAlign":1,"_N$verticalAlign":1}],"_prefab":{"__type__":"cc.PrefabInfo","root":{"__id__":1},"asset":{"__uuid__":"c3JL3BJd5Pp6iADTv+vnEW"},"fileId":"c2yyaxlehEP5QZP9oTewpq"},"_contentSize":{"__type__":"cc.Size","width":97.5,"height":70},"_trs":{"__type__":"TypedArray","ctor":"Float64Array","array":[32.45,0,0,0,0,0,1,1,1,1]}},{"__type__":"cc.Node","_name":"btn","_parent":{"__id__":1},"_children":[{"__id__":28},{"__id__":29}],"_components":[{"__type__":"cc.Widget","node":{"__id__":27},"_alignFlags":45,"_verticalCenter":-300,"_horizontalCenter":37.321}],"_prefab":{"__type__":"cc.PrefabInfo","root":{"__id__":1},"asset":{"__uuid__":"c3JL3BJd5Pp6iADTv+vnEW"},"fileId":"3foseSWj9KhJiutmkOR6zS"},"_contentSize":{"__type__":"cc.Size","width":1080,"height":1920},"_trs":{"__type__":"TypedArray","ctor":"Float64Array","array":[0,0,0,0,0,0,1,1,1,1]}},{"__type__":"cc.Node","_name":"BtnDouble","_parent":{"__id__":27},"_components":[{"__type__":"cc.Button","node":{"__id__":28},"_N$transition":3,"transition":3,"_N$normalColor":{"__type__":"cc.Color","r":230,"g":230,"b":230},"_N$pressedColor":{"__type__":"cc.Color","r":200,"g":200,"b":200},"pressedColor":{"__type__":"cc.Color","r":200,"g":200,"b":200},"_N$disabledColor":{"__type__":"cc.Color","r":120,"g":120,"b":120,"a":200},"_N$normalSprite":{"__uuid__":"f0BIwQ8D5Ml7nTNQbh1YlS"},"_N$pressedSprite":{"__uuid__":"e97GVMl6JHh5Ml5qEDdSGa"},"pressedSprite":{"__uuid__":"e97GVMl6JHh5Ml5qEDdSGa"},"_N$hoverSprite":{"__uuid__":"f0BIwQ8D5Ml7nTNQbh1YlS"},"hoverSprite":{"__uuid__":"f0BIwQ8D5Ml7nTNQbh1YlS"},"_N$disabledSprite":{"__uuid__":"29FYIk+N1GYaeWH/q1NxQO"},"_N$target":{"__id__":28}},{"__type__":"cc.Sprite","node":{"__id__":28},"_materials":[{"__uuid__":"ecpdLyjvZBwrvm+cedCcQy"}],"_spriteFrame":{"__uuid__":"30S4ZQ6UhN86iWk5Cfw7Ae"}}],"_prefab":{"__type__":"cc.PrefabInfo","root":{"__id__":1},"asset":{"__uuid__":"c3JL3BJd5Pp6iADTv+vnEW"},"fileId":"06bpW8wTBJM40d7fXiFlqh"},"_contentSize":{"__type__":"cc.Size","width":443,"height":157},"_trs":{"__type__":"TypedArray","ctor":"Float64Array","array":[0,-350,0,0,0,0,1,1,1,0]}},{"__type__":"cc.Node","_name":"BtnNext","_parent":{"__id__":27},"_components":[{"__type__":"cc.Button","node":{"__id__":29},"_N$transition":3,"transition":3,"_N$normalColor":{"__type__":"cc.Color","r":230,"g":230,"b":230},"_N$pressedColor":{"__type__":"cc.Color","r":200,"g":200,"b":200},"pressedColor":{"__type__":"cc.Color","r":200,"g":200,"b":200},"_N$disabledColor":{"__type__":"cc.Color","r":120,"g":120,"b":120,"a":200},"_N$normalSprite":{"__uuid__":"f0BIwQ8D5Ml7nTNQbh1YlS"},"_N$pressedSprite":{"__uuid__":"e97GVMl6JHh5Ml5qEDdSGa"},"pressedSprite":{"__uuid__":"e97GVMl6JHh5Ml5qEDdSGa"},"_N$hoverSprite":{"__uuid__":"f0BIwQ8D5Ml7nTNQbh1YlS"},"hoverSprite":{"__uuid__":"f0BIwQ8D5Ml7nTNQbh1YlS"},"_N$disabledSprite":{"__uuid__":"29FYIk+N1GYaeWH/q1NxQO"},"_N$target":{"__id__":29}},{"__type__":"cc.Sprite","node":{"__id__":29},"_materials":[{"__uuid__":"ecpdLyjvZBwrvm+cedCcQy"}],"_spriteFrame":{"__uuid__":"0a6tXqU1VDrKVVbaXQGiFD"}}],"_prefab":{"__type__":"cc.PrefabInfo","root":{"__id__":1},"asset":{"__uuid__":"c3JL3BJd5Pp6iADTv+vnEW"},"fileId":"83hw6S4HNGL4murGzm5Awu"},"_contentSize":{"__type__":"cc.Size","width":443,"height":157},"_trs":{"__type__":"TypedArray","ctor":"Float64Array","array":[0,-520,0,0,0,0,1,1,1,0]}},{"__type__":"cc.Node","_name":"poweradd","_parent":{"__id__":1},"_children":[{"__id__":31},{"__id__":32},{"__id__":33},{"__id__":34},{"__id__":35},{"__id__":38},{"__id__":39}],"_components":[{"__type__":"cc.Widget","node":{"__id__":30},"_alignFlags":9,"_left":117.06999999999994,"_right":962.9300000000001,"_top":460},{"__type__":"09dcasLtOtIIKzJFdVhkbnv","node":{"__id__":30}}],"_prefab":{"__type__":"cc.PrefabInfo","root":{"__id__":1},"asset":{"__uuid__":"c3JL3BJd5Pp6iADTv+vnEW"},"fileId":"6dhNGQsTdIzJbdbrS5HBH1"},"_trs":{"__type__":"TypedArray","ctor":"Float64Array","array":[-422.93000000000006,500,0,0,0,0,1,1,1,1]}},{"__type__":"cc.Node","_name":"coinframe","_parent":{"__id__":30},"_components":[{"__type__":"cc.Sprite","node":{"__id__":31},"_materials":[{"__uuid__":"ecpdLyjvZBwrvm+cedCcQy"}],"_spriteFrame":{"__uuid__":"cboPgQsHlCL5tMnf5UibRC"},"_sizeMode":2}],"_prefab":{"__type__":"cc.PrefabInfo","root":{"__id__":1},"asset":{"__uuid__":"c3JL3BJd5Pp6iADTv+vnEW"},"fileId":"71l92siYpJYbQYeUD0y4Hq"},"_contentSize":{"__type__":"cc.Size","width":233,"height":68},"_trs":{"__type__":"TypedArray","ctor":"Float64Array","array":[0,0,0,0,0,0,1,1,1,1]}},{"__type__":"cc.Node","_name":"iconPower","_parent":{"__id__":30},"_components":[{"__type__":"cc.Sprite","node":{"__id__":32},"_materials":[{"__uuid__":"ecpdLyjvZBwrvm+cedCcQy"}],"_spriteFrame":{"__uuid__":"e53vqpVStGzbGZvSTT6L2A"},"_sizeMode":2}],"_prefab":{"__type__":"cc.PrefabInfo","root":{"__id__":1},"asset":{"__uuid__":"c3JL3BJd5Pp6iADTv+vnEW"},"fileId":"38/0YGueFPZ665HQEVas5H"},"_contentSize":{"__type__":"cc.Size","width":54,"height":79},"_trs":{"__type__":"TypedArray","ctor":"Float64Array","array":[-91,-2.968,0,0,0,0,1,0.8,0.8,1]}},{"__type__":"cc.Node","_name":"powerBg","_parent":{"__id__":30},"_components":[{"__type__":"cc.Sprite","node":{"__id__":33},"_materials":[{"__uuid__":"ecpdLyjvZBwrvm+cedCcQy"}],"_spriteFrame":{"__uuid__":"915GI8QTZHX7G/vRQLQvqC"},"_sizeMode":0}],"_prefab":{"__type__":"cc.PrefabInfo","root":{"__id__":1},"asset":{"__uuid__":"c3JL3BJd5Pp6iADTv+vnEW"},"fileId":"absLyu59FIQbQRr/0J8Blk"},"_contentSize":{"__type__":"cc.Size","width":150,"height":48},"_trs":{"__type__":"TypedArray","ctor":"Float64Array","array":[7.293,0,0,0,0,0,1,1,1,1]}},{"__type__":"cc.Node","_name":"powerloading","_parent":{"__id__":30},"_components":[{"__type__":"cc.Sprite","node":{"__id__":34},"_materials":[{"__uuid__":"ecpdLyjvZBwrvm+cedCcQy"}],"_spriteFrame":{"__uuid__":"fdY3GL42lNeJ0j6U8FHYcM"},"_type":3,"_sizeMode":0,"_fillRange":0.5}],"_prefab":{"__type__":"cc.PrefabInfo","root":{"__id__":1},"asset":{"__uuid__":"c3JL3BJd5Pp6iADTv+vnEW"},"fileId":"d2eB/IvPxOMoJeUqgAqV+G"},"_contentSize":{"__type__":"cc.Size","width":150,"height":48},"_anchorPoint":{"__type__":"cc.Vec2","x":0.01,"y":0.5},"_trs":{"__type__":"TypedArray","ctor":"Float64Array","array":[-66.333,0,0,0,0,0,1,1,1,1]}},{"__type__":"cc.Node","_name":"btn","_parent":{"__id__":30},"_children":[{"__id__":36}],"_components":[{"__type__":"cc.Button","node":{"__id__":35},"_N$transition":3,"transition":3,"_N$normalColor":{"__type__":"cc.Color","r":230,"g":230,"b":230},"_N$pressedColor":{"__type__":"cc.Color","r":200,"g":200,"b":200},"pressedColor":{"__type__":"cc.Color","r":200,"g":200,"b":200},"_N$disabledColor":{"__type__":"cc.Color","r":120,"g":120,"b":120,"a":200},"_N$normalSprite":{"__uuid__":"f0BIwQ8D5Ml7nTNQbh1YlS"},"_N$pressedSprite":{"__uuid__":"e97GVMl6JHh5Ml5qEDdSGa"},"pressedSprite":{"__uuid__":"e97GVMl6JHh5Ml5qEDdSGa"},"_N$hoverSprite":{"__uuid__":"f0BIwQ8D5Ml7nTNQbh1YlS"},"hoverSprite":{"__uuid__":"f0BIwQ8D5Ml7nTNQbh1YlS"},"_N$disabledSprite":{"__uuid__":"29FYIk+N1GYaeWH/q1NxQO"},"_N$target":{"__id__":36}}],"_prefab":{"__type__":"cc.PrefabInfo","root":{"__id__":1},"asset":{"__uuid__":"c3JL3BJd5Pp6iADTv+vnEW"},"fileId":"ecgPt8SoRGoozQtA1+IIVX"},"_contentSize":{"__type__":"cc.Size","width":80,"height":80},"_trs":{"__type__":"TypedArray","ctor":"Float64Array","array":[120.229,-7.298,0,0,0,0,1,1,1,1]}},{"__type__":"cc.Node","_name":"Background","_objFlags":512,"_parent":{"__id__":35},"_children":[{"__id__":37}],"_components":[{"__type__":"cc.Sprite","node":{"__id__":36},"_materials":[{"__uuid__":"ecpdLyjvZBwrvm+cedCcQy"}],"_spriteFrame":{"__uuid__":"5fAyuotRhM4a78xMSVX5qX"},"_type":1,"_sizeMode":0},{"__type__":"cc.Widget","node":{"__id__":36},"alignMode":0,"_alignFlags":45,"_left":-3,"_right":-3,"_top":-3,"_bottom":-3,"_originalWidth":100,"_originalHeight":40}],"_prefab":{"__type__":"cc.PrefabInfo","root":{"__id__":1},"asset":{"__uuid__":"c3JL3BJd5Pp6iADTv+vnEW"},"fileId":"faTQGO08ZMtrmNxCfGCEge"},"_contentSize":{"__type__":"cc.Size","width":86,"height":86},"_trs":{"__type__":"TypedArray","ctor":"Float64Array","array":[0,0,0,0,0,0,1,1,1,0]}},{"__type__":"cc.Node","_name":"Label","_objFlags":512,"_parent":{"__id__":36},"_components":[{"__type__":"cc.Label","node":{"__id__":37},"_materials":[{"__uuid__":"ecpdLyjvZBwrvm+cedCcQy"}],"_useOriginalSize":false,"_string":"\n","_N$string":"\n","_fontSize":20,"_enableWrapText":false,"_N$horizontalAlign":1,"_N$verticalAlign":1,"_N$overflow":1,"_N$cacheMode":1}],"_prefab":{"__type__":"cc.PrefabInfo","root":{"__id__":1},"asset":{"__uuid__":"c3JL3BJd5Pp6iADTv+vnEW"},"fileId":"2enYl3ALRCnaHjUVyRIUlp"},"_color":{"__type__":"cc.Color"},"_contentSize":{"__type__":"cc.Size","width":100,"height":40},"_trs":{"__type__":"TypedArray","ctor":"Float64Array","array":[0,0,0,0,0,0,1,1,1,1]}},{"__type__":"cc.Node","_name":"powerLabel","_parent":{"__id__":30},"_components":[{"__type__":"cc.Label","node":{"__id__":38},"_materials":[{"__uuid__":"ecpdLyjvZBwrvm+cedCcQy"}],"_useOriginalSize":false,"_string":"1/10","_N$string":"1/10","_N$file":{"__uuid__":"a85NczcUdLhIVJT3+7aBOb"},"_isSystemFontUsed":false,"_styleFlags":1,"_N$horizontalAlign":1,"_N$verticalAlign":1}],"_prefab":{"__type__":"cc.PrefabInfo","root":{"__id__":1},"asset":{"__uuid__":"c3JL3BJd5Pp6iADTv+vnEW"},"fileId":"bbfrBP9CtHs4+klYYWa1+b"},"_contentSize":{"__type__":"cc.Size","width":115.56,"height":40},"_trs":{"__type__":"TypedArray","ctor":"Float64Array","array":[7.628,-0.367,0,0,0,0,1,1,1,1]}},{"__type__":"cc.Node","_name":"timelabel","_parent":{"__id__":30},"_components":[{"__type__":"cc.Label","node":{"__id__":39},"_materials":[{"__uuid__":"ecpdLyjvZBwrvm+cedCcQy"}],"_useOriginalSize":false,"_string":"02:00","_N$string":"02:00","_fontSize":25,"_lineHeight":25,"_N$file":{"__uuid__":"a85NczcUdLhIVJT3+7aBOb"},"_isSystemFontUsed":false,"_styleFlags":1,"_N$horizontalAlign":1,"_N$verticalAlign":1}],"_prefab":{"__type__":"cc.PrefabInfo","root":{"__id__":1},"asset":{"__uuid__":"c3JL3BJd5Pp6iADTv+vnEW"},"fileId":"fep8LI28JE4Il8NVZHIm6y"},"_contentSize":{"__type__":"cc.Size","width":90.28,"height":25},"_trs":{"__type__":"TypedArray","ctor":"Float64Array","array":[-1.073,-47.09,0,0,0,0,1,1,1,1]}},{"__type__":"cc.Node","_name":"CrossWidget6","_parent":{"__id__":1},"_components":[{"__type__":"cc.Widget","node":{"__id__":40},"_top":460.98899841308594}],"_prefab":{"__type__":"cc.PrefabInfo","root":{"__id__":1},"asset":{"__uuid__":"c3JL3BJd5Pp6iADTv+vnEW"},"fileId":"c3c+XkaDBLp55boZFAHBls"},"_contentSize":{"__type__":"cc.Size","width":880,"height":750},"_trs":{"__type__":"TypedArray","ctor":"Float64Array","array":[0,100,0,0,0,0,1,1,1,1]}},{"__type__":"cc.Node","_name":"RecommendGamesBar","_parent":{"__id__":1},"_components":[{"__type__":"cc.Widget","node":{"__id__":41},"alignMode":2,"_left":66,"_bottom":248.15}],"_prefab":{"__type__":"cc.PrefabInfo","root":{"__id__":1},"asset":{"__uuid__":"c3JL3BJd5Pp6iADTv+vnEW"},"fileId":"4byseDenlPPIaWiDSs78RO"},"_contentSize":{"__type__":"cc.Size","width":995.2,"height":230.2},"_trs":{"__type__":"TypedArray","ctor":"Float64Array","array":[0,100,0,0,0,0,1,1,1,1]}},{"__type__":"cc.Node","_name":"particles","_parent":{"__id__":1},"_children":[{"__id__":43},{"__id__":44},{"__id__":45},{"__id__":46},{"__id__":47}],"_prefab":{"__type__":"cc.PrefabInfo","root":{"__id__":1},"asset":{"__uuid__":"c3JL3BJd5Pp6iADTv+vnEW"},"fileId":"73tT8ezYBNNpR2m9+s55+Y"},"_trs":{"__type__":"TypedArray","ctor":"Float64Array","array":[66.054,-307.501,0,0,0,0,1,1,1,1]}},{"__type__":"cc.Node","_name":"penquan","_parent":{"__id__":42},"_components":[{"__type__":"cc.ParticleSystem","node":{"__id__":43},"_materials":[{"__uuid__":"ecpdLyjvZBwrvm+cedCcQy"}],"_custom":true,"_file":{"__uuid__":"11SADF4rZPQbzQ8J7YShGn"},"_spriteFrame":{"__uuid__":"754iMDIddPmpalu6wAp5+q"},"autoRemoveOnFinish":true,"totalParticles":100,"duration":0.2,"emissionRate":1000,"life":4,"lifeVar":0.5,"_startColor":{"__type__":"cc.Color","r":255,"g":255,"b":255},"_startColorVar":{"__type__":"cc.Color","a":0},"_endColor":{"__type__":"cc.Color","r":255,"g":255,"b":255},"_endColorVar":{"__type__":"cc.Color","a":0},"angle":-90,"angleVar":360,"startSize":10,"startSizeVar":30,"endSize":20,"startSpin":360,"endSpin":360,"endSpinVar":720,"_positionType":1,"positionType":1,"gravity":{"__type__":"cc.Vec2","y":-20},"speed":500,"speedVar":450,"tangentialAccel":0}],"_prefab":{"__type__":"cc.PrefabInfo","root":{"__id__":1},"asset":{"__uuid__":"c3JL3BJd5Pp6iADTv+vnEW"},"fileId":"92SRR2/+tK25/xYDyr4RmD"},"_trs":{"__type__":"TypedArray","ctor":"Float64Array","array":[-248.695,600,0,0,0,0,1,1,1,1]}},{"__type__":"cc.Node","_name":"penquan","_parent":{"__id__":42},"_components":[{"__type__":"cc.ParticleSystem","node":{"__id__":44},"_materials":[{"__uuid__":"ecpdLyjvZBwrvm+cedCcQy"}],"_custom":true,"_file":{"__uuid__":"11SADF4rZPQbzQ8J7YShGn"},"_spriteFrame":{"__uuid__":"f0zb0NqNVLIpLtOE9RYgUI"},"autoRemoveOnFinish":true,"totalParticles":100,"duration":0.2,"emissionRate":1000,"life":4,"lifeVar":0.5,"_startColor":{"__type__":"cc.Color","r":255,"g":255,"b":255},"_startColorVar":{"__type__":"cc.Color","a":0},"_endColor":{"__type__":"cc.Color","r":255,"g":255,"b":255},"_endColorVar":{"__type__":"cc.Color","a":0},"angle":-90,"angleVar":360,"startSize":10,"startSizeVar":30,"endSize":20,"startSpin":360,"endSpin":360,"endSpinVar":720,"_positionType":1,"positionType":1,"gravity":{"__type__":"cc.Vec2","y":-20},"speed":500,"speedVar":450,"tangentialAccel":0}],"_prefab":{"__type__":"cc.PrefabInfo","root":{"__id__":1},"asset":{"__uuid__":"c3JL3BJd5Pp6iADTv+vnEW"},"fileId":"b3t6K+bXtPz4+soeVNHrv2"},"_trs":{"__type__":"TypedArray","ctor":"Float64Array","array":[-176.9,619,0,0,0,0,1,1,1,1]}},{"__type__":"cc.Node","_name":"penquan","_parent":{"__id__":42},"_components":[{"__type__":"cc.ParticleSystem","node":{"__id__":45},"_materials":[{"__uuid__":"ecpdLyjvZBwrvm+cedCcQy"}],"_custom":true,"_file":{"__uuid__":"11SADF4rZPQbzQ8J7YShGn"},"_spriteFrame":{"__uuid__":"f0F0KpoQxCSKpcOJdoERDA"},"autoRemoveOnFinish":true,"totalParticles":100,"duration":0.2,"emissionRate":1000,"life":4,"lifeVar":0.5,"_startColor":{"__type__":"cc.Color","r":255,"g":255,"b":255},"_startColorVar":{"__type__":"cc.Color","a":0},"_endColor":{"__type__":"cc.Color","r":255,"g":255,"b":255},"_endColorVar":{"__type__":"cc.Color","a":0},"angle":-90,"angleVar":360,"startSize":10,"startSizeVar":30,"endSize":20,"startSpin":180,"startSpinVar":360,"endSpin":360,"endSpinVar":720,"_positionType":1,"positionType":1,"gravity":{"__type__":"cc.Vec2","y":-20},"speed":500,"speedVar":450,"tangentialAccel":0,"startRadius":100}],"_prefab":{"__type__":"cc.PrefabInfo","root":{"__id__":1},"asset":{"__uuid__":"c3JL3BJd5Pp6iADTv+vnEW"},"fileId":"daDQ5eYhpKgrW+AG7+LLJ1"},"_trs":{"__type__":"TypedArray","ctor":"Float64Array","array":[-76.9,654.516,0,0,0,0,1,1,1,1]}},{"__type__":"cc.Node","_name":"penquan","_parent":{"__id__":42},"_components":[{"__type__":"cc.ParticleSystem","node":{"__id__":46},"_materials":[{"__uuid__":"ecpdLyjvZBwrvm+cedCcQy"}],"_custom":true,"_file":{"__uuid__":"11SADF4rZPQbzQ8J7YShGn"},"_spriteFrame":{"__uuid__":"dfFgoY4/FCCrI3nyX2ziiF"},"autoRemoveOnFinish":true,"totalParticles":100,"duration":0.2,"emissionRate":1000,"life":4,"lifeVar":0.5,"_startColor":{"__type__":"cc.Color","r":255,"g":255,"b":255},"_startColorVar":{"__type__":"cc.Color","a":0},"_endColor":{"__type__":"cc.Color","r":255,"g":255,"b":255},"_endColorVar":{"__type__":"cc.Color","a":0},"angle":-90,"angleVar":360,"startSize":10,"startSizeVar":30,"endSize":20,"startSpin":180,"startSpinVar":360,"endSpin":360,"endSpinVar":720,"_positionType":1,"positionType":1,"gravity":{"__type__":"cc.Vec2","y":-20},"speed":500,"speedVar":450,"tangentialAccel":0,"startRadius":100}],"_prefab":{"__type__":"cc.PrefabInfo","root":{"__id__":1},"asset":{"__uuid__":"c3JL3BJd5Pp6iADTv+vnEW"},"fileId":"93NQX5tS5LBatgJmTUpFrI"},"_trs":{"__type__":"TypedArray","ctor":"Float64Array","array":[52.1,641.516,0,0,0,0,1,1,1,1]}},{"__type__":"cc.Node","_name":"penquan","_parent":{"__id__":42},"_components":[{"__type__":"cc.ParticleSystem","node":{"__id__":47},"_materials":[{"__uuid__":"ecpdLyjvZBwrvm+cedCcQy"}],"_custom":true,"_file":{"__uuid__":"11SADF4rZPQbzQ8J7YShGn"},"_spriteFrame":{"__uuid__":"1fLmrpWMVAZZ/PTN55ditz"},"autoRemoveOnFinish":true,"totalParticles":100,"duration":0.2,"emissionRate":1000,"life":4,"lifeVar":0.5,"_startColor":{"__type__":"cc.Color","r":255,"g":255,"b":255},"_startColorVar":{"__type__":"cc.Color","a":0},"_endColor":{"__type__":"cc.Color","r":255,"g":255,"b":255},"_endColorVar":{"__type__":"cc.Color","a":0},"angle":-90,"angleVar":360,"startSize":10,"startSizeVar":30,"endSize":20,"startSpin":180,"startSpinVar":360,"endSpin":360,"endSpinVar":720,"_positionType":1,"positionType":1,"gravity":{"__type__":"cc.Vec2","y":-20},"speed":500,"speedVar":450,"tangentialAccel":0,"startRadius":100}],"_prefab":{"__type__":"cc.PrefabInfo","root":{"__id__":1},"asset":{"__uuid__":"c3JL3BJd5Pp6iADTv+vnEW"},"fileId":"c5mY3EaNFCGbHAA92LL6jI"},"_trs":{"__type__":"TypedArray","ctor":"Float64Array","array":[153.1,655.516,0,0,0,0,1,1,1,1]}},{"__type__":"cc.Node","_name":"CoinCount","_parent":{"__id__":1},"_children":[{"__id__":49},{"__id__":50}],"_active":false,"_components":[{"__type__":"cc.Layout","node":{"__id__":48},"_layoutSize":{"__type__":"cc.Size","width":162.4,"height":200},"_resize":1,"_N$layoutType":1,"_N$spacingX":3.300000000000002}],"_prefab":{"__type__":"cc.PrefabInfo","root":{"__id__":1},"asset":{"__uuid__":"c3JL3BJd5Pp6iADTv+vnEW"},"fileId":"b2q/QyGVdBmbCqYoo76awZ"},"_contentSize":{"__type__":"cc.Size","width":162.4,"height":200},"_trs":{"__type__":"TypedArray","ctor":"Float64Array","array":[-9.607,123.879,0,0,0,0,1,0.911,0.911,0.911]}},{"__type__":"cc.Node","_name":"image_hbzs","_parent":{"__id__":48},"_components":[{"__type__":"cc.Sprite","node":{"__id__":49},"_materials":[{"__uuid__":"ecpdLyjvZBwrvm+cedCcQy"}],"_spriteFrame":{"__uuid__":"56mhXMF3hA+aZ2Eeu7DSBw"},"_sizeMode":0}],"_prefab":{"__type__":"cc.PrefabInfo","root":{"__id__":1},"asset":{"__uuid__":"c3JL3BJd5Pp6iADTv+vnEW"},"fileId":"edvHhUu31ETLss0uynvD/t"},"_contentSize":{"__type__":"cc.Size","width":61.6,"height":65.4},"_trs":{"__type__":"TypedArray","ctor":"Float64Array","array":[-50.4,-9.955,0,0,0,0,1,1,1,1]}},{"__type__":"cc.Node","_name":"Label","_parent":{"__id__":48},"_components":[{"__type__":"cc.Label","node":{"__id__":50},"_materials":[{"__uuid__":"ecpdLyjvZBwrvm+cedCcQy"}],"_useOriginalSize":false,"_string":"+30","_N$string":"+30","_fontSize":45,"_lineHeight":70,"_N$file":{"__uuid__":"a85NczcUdLhIVJT3+7aBOb"},"_isSystemFontUsed":false,"_N$horizontalAlign":1,"_N$verticalAlign":1}],"_prefab":{"__type__":"cc.PrefabInfo","root":{"__id__":1},"asset":{"__uuid__":"c3JL3BJd5Pp6iADTv+vnEW"},"fileId":"a1rCdvTPpEP74w5/HpjuY2"},"_contentSize":{"__type__":"cc.Size","width":97.5,"height":70},"_trs":{"__type__":"TypedArray","ctor":"Float64Array","array":[32.45,0,0,0,0,0,1,1,1,1]}}],{"__type__":"cc.SpriteFrame","content":{"name":"img4","texture":"fb1l9d/vhNmI8dlWkXLl8q","rect":[0,0,30,36],"offset":[0,0],"originalSize":[30,36],"capInsets":[0,0,0,0]}},{"__type__":"cc.SpriteFrame","content":{"name":"img3","texture":"48EbZbIedIoL0t9DrpTrok","rect":[0,0,30,36],"offset":[0,0],"originalSize":[30,36],"capInsets":[0,0,0,0]}},{"__type__":"cc.SpriteFrame","content":{"name":"img2","texture":"a6Vs5wF8NJoodaFjXaonz2","rect":[0,0,46,96],"offset":[0,0],"originalSize":[46,96],"capInsets":[0,0,0,0]}}]