[{"__type__":"cc.SpriteFrame","content":{"name":"6","texture":"acquDkWBdIUJQqTqsvqm0x","rect":[0,0,833,1379],"offset":[0,0],"originalSize":[833,1379],"capInsets":[0,0,0,0]}},{"__type__":"cc.SpriteFrame","content":{"name":"evilFish","texture":"66qGeHE2hHfZUn4f7kILeZ","rect":[0,0,200,140],"offset":[0,0],"originalSize":[200,140],"capInsets":[0,0,0,0]}},[{"__type__":"cc.Prefab","_name":"level_5","data":{"__id__":1}},{"__type__":"cc.Node","_name":"level_6","_children":[{"__id__":2},{"__id__":3},{"__id__":8},{"__id__":12},{"__id__":16},{"__id__":18},{"__id__":19},{"__type__":"cc.Node","_name":"dsGoal","_parent":{"__id__":1},"_prefab":{"__type__":"cc.PrefabInfo","root":{"__id__":1},"asset":{"__uuid__":"4aZ0HHzqxMYZc7HeyTHM9s"},"fileId":"dfBzcTffJGc4NXhEI0amcj"},"_trs":{"__type__":"TypedArray","ctor":"Float64Array","array":[0,138.745,0,0,0,0,1,1,1,1]}},{"__type__":"cc.Node","_name":"goalOne","_parent":{"__id__":1},"_prefab":{"__type__":"cc.PrefabInfo","root":{"__id__":1},"asset":{"__uuid__":"4aZ0HHzqxMYZc7HeyTHM9s"},"fileId":"566WBPAANJXJUQQvBn2NPP"},"_trs":{"__type__":"TypedArray","ctor":"Float64Array","array":[18.263,-355.217,0,0,0,0,1,1,1,1]}},{"__type__":"cc.Node","_name":"goalTwo","_parent":{"__id__":1},"_prefab":{"__type__":"cc.PrefabInfo","root":{"__id__":1},"asset":{"__uuid__":"4aZ0HHzqxMYZc7HeyTHM9s"},"fileId":"5ePyVa8C5AKrSIjkbIbpbL"},"_trs":{"__type__":"TypedArray","ctor":"Float64Array","array":[-272.494,-371.274,0,0,0,0,1,1,1,1]}},{"__id__":20},{"__id__":21},{"__id__":22},{"__id__":26},{"__id__":30},{"__id__":34},{"__id__":36},{"__id__":38},{"__type__":"cc.Node","_name":"strike","_parent":{"__id__":1},"_prefab":{"__type__":"cc.PrefabInfo","root":{"__id__":1},"asset":{"__uuid__":"4aZ0HHzqxMYZc7HeyTHM9s"},"fileId":"e6XhTvAm1HDJSUj/6b3mBf"},"_trs":{"__type__":"TypedArray","ctor":"Float64Array","array":[0,0,0,0,0,0,1,1,1,1]}}],"_components":[{"__type__":"c5bd7wtEWNOdqNRj82Ijkv3","node":{"__id__":1},"evilFishNode":{"__id__":36},"playerNode":{"__id__":19},"drumstickNode":{"__id__":18},"keyArr":[{"__id__":15},{"__id__":11},{"__id__":28},{"__id__":7}]}],"_prefab":{"__type__":"cc.PrefabInfo","root":{"__id__":1},"asset":{"__uuid__":"4aZ0HHzqxMYZc7HeyTHM9s"},"fileId":"806Dyb2iZAZYHE5Gn8suEF"},"_trs":{"__type__":"TypedArray","ctor":"Float64Array","array":[0,0,0,0,0,0,1,1,1,1]}},{"__type__":"cc.Node","_name":"bg","_parent":{"__id__":1},"_components":[{"__type__":"cc.Sprite","node":{"__id__":2},"_materials":[{"__uuid__":"ecpdLyjvZBwrvm+cedCcQy"}],"_spriteFrame":{"__uuid__":"32EHM/wQlCuKA9M6TB/TpD"}}],"_prefab":{"__type__":"cc.PrefabInfo","root":{"__id__":1},"asset":{"__uuid__":"4aZ0HHzqxMYZc7HeyTHM9s"},"fileId":"ff1OoLvVdHrpldJ/5WCx8+"},"_contentSize":{"__type__":"cc.Size","width":833,"height":1379},"_trs":{"__type__":"TypedArray","ctor":"Float64Array","array":[0,0,0,0,0,0,1,1,1,1]}},{"__type__":"cc.Node","_name":"key","_parent":{"__id__":1},"_children":[{"__id__":4},{"__id__":5},{"__id__":6}],"_prefab":{"__type__":"cc.PrefabInfo","root":{"__id__":1},"asset":{"__uuid__":"4aZ0HHzqxMYZc7HeyTHM9s"},"fileId":"18nVLqlW5LKp4UBiDmgM/2"},"_trs":{"__type__":"TypedArray","ctor":"Float64Array","array":[-14.458,-429.308,0,0,0,0.9063077870366499,0.42261826174069944,1,1,1]},"_eulerAngles":{"__type__":"cc.Vec3","z":130}},{"__type__":"cc.Node","_name":"lock","_parent":{"__id__":3},"_components":[{"__type__":"cc.Sprite","node":{"__id__":4},"_materials":[{"__uuid__":"ecpdLyjvZBwrvm+cedCcQy"}],"_spriteFrame":{"__uuid__":"ebm9zOQlFI4IGgCc9Owdfe"}},{"__type__":"15b42uAdtxGLJO3hSFb7eHo","node":{"__id__":4}}],"_prefab":{"__type__":"cc.PrefabInfo","root":{"__id__":1},"asset":{"__uuid__":"4aZ0HHzqxMYZc7HeyTHM9s"},"fileId":"dcpL6Qz7FGqJERY9LWGPL4"},"_contentSize":{"__type__":"cc.Size","width":56,"height":55},"_trs":{"__type__":"TypedArray","ctor":"Float64Array","array":[-1.086,-241.313,0,0,0,0,1,1,1,1]}},{"__type__":"cc.Node","_name":"lock","_parent":{"__id__":3},"_components":[{"__type__":"cc.Sprite","node":{"__id__":5},"_materials":[{"__uuid__":"ecpdLyjvZBwrvm+cedCcQy"}],"_spriteFrame":{"__uuid__":"ebm9zOQlFI4IGgCc9Owdfe"}},{"__type__":"15b42uAdtxGLJO3hSFb7eHo","node":{"__id__":5}}],"_prefab":{"__type__":"cc.PrefabInfo","root":{"__id__":1},"asset":{"__uuid__":"4aZ0HHzqxMYZc7HeyTHM9s"},"fileId":"771IIrQ0pNM6z0gEIcCkgm"},"_contentSize":{"__type__":"cc.Size","width":56,"height":55},"_trs":{"__type__":"TypedArray","ctor":"Float64Array","array":[-1.086,322.226,0,0,0,0,1,1,1,1]}},{"__type__":"cc.Node","_name":"key","_parent":{"__id__":3},"_children":[{"__id__":7}],"_prefab":{"__type__":"cc.PrefabInfo","root":{"__id__":1},"asset":{"__uuid__":"4aZ0HHzqxMYZc7HeyTHM9s"},"fileId":"57UMd7pu5Ob79xgKqN84Sn"},"_contentSize":{"__type__":"cc.Size","width":100,"height":200},"_trs":{"__type__":"TypedArray","ctor":"Float64Array","array":[0,0,0,0,0,0,1,1,1,1]},"_groupIndex":15,"groupIndex":15},{"__type__":"cc.Node","_name":"icon","_parent":{"__id__":6},"_components":[{"__type__":"fcf5apGFRJIEZkZJ9CwiT4c","node":{"__id__":7},"where":1,"isGone":true,"isGonex":-300},{"__type__":"cc.Sprite","node":{"__id__":7},"_materials":[{"__uuid__":"ecpdLyjvZBwrvm+cedCcQy"}],"_spriteFrame":{"__uuid__":"6dXBYrBNtEiKJQUnopu+Lk"},"_type":1,"_sizeMode":0},{"__type__":"cc.RigidBody","node":{"__id__":7},"_type":0,"_allowSleep":false},{"__type__":"cc.PhysicsBoxCollider","node":{"__id__":7},"_offset":{"__type__":"cc.Vec2","x":1,"y":34},"_size":{"__type__":"cc.Size","width":17,"height":627}},{"__type__":"cc.BoxCollider","node":{"__id__":7},"_size":{"__type__":"cc.Size","width":76,"height":700}}],"_prefab":{"__type__":"cc.PrefabInfo","root":{"__id__":1},"asset":{"__uuid__":"4aZ0HHzqxMYZc7HeyTHM9s"},"fileId":"15tDPHhBhIErRY1mgv/KCu"},"_contentSize":{"__type__":"cc.Size","width":76,"height":700},"_trs":{"__type__":"TypedArray","ctor":"Float64Array","array":[0,0,0,0,0,0,1,1,1,1]},"_groupIndex":15,"groupIndex":15},{"__type__":"cc.Node","_name":"key","_parent":{"__id__":1},"_children":[{"__id__":9},{"__id__":10}],"_prefab":{"__type__":"cc.PrefabInfo","root":{"__id__":1},"asset":{"__uuid__":"4aZ0HHzqxMYZc7HeyTHM9s"},"fileId":"17CB7a0bBOOr1HzR+0Mlkj"},"_trs":{"__type__":"TypedArray","ctor":"Float64Array","array":[-27.654,259.223,0,0,0,0.8660254037844386,0.5000000000000001,1,1,1]},"_eulerAngles":{"__type__":"cc.Vec3","z":120}},{"__type__":"cc.Node","_name":"lock","_parent":{"__id__":8},"_components":[{"__type__":"cc.Sprite","node":{"__id__":9},"_materials":[{"__uuid__":"ecpdLyjvZBwrvm+cedCcQy"}],"_spriteFrame":{"__uuid__":"ebm9zOQlFI4IGgCc9Owdfe"}},{"__type__":"15b42uAdtxGLJO3hSFb7eHo","node":{"__id__":9}}],"_prefab":{"__type__":"cc.PrefabInfo","root":{"__id__":1},"asset":{"__uuid__":"4aZ0HHzqxMYZc7HeyTHM9s"},"fileId":"6d+8K9qWBFYbvJdmFT2XE5"},"_contentSize":{"__type__":"cc.Size","width":56,"height":55},"_trs":{"__type__":"TypedArray","ctor":"Float64Array","array":[-1.086,-190.26,0,0,0,0,1,1,1,1]}},{"__type__":"cc.Node","_name":"key","_parent":{"__id__":8},"_children":[{"__id__":11}],"_prefab":{"__type__":"cc.PrefabInfo","root":{"__id__":1},"asset":{"__uuid__":"4aZ0HHzqxMYZc7HeyTHM9s"},"fileId":"cflDxqhrJANo3YXREEJLa2"},"_contentSize":{"__type__":"cc.Size","width":100,"height":200},"_trs":{"__type__":"TypedArray","ctor":"Float64Array","array":[0,0,0,0,0,0,1,1,1,1]},"_groupIndex":15,"groupIndex":15},{"__type__":"cc.Node","_name":"icon","_parent":{"__id__":10},"_components":[{"__type__":"fcf5apGFRJIEZkZJ9CwiT4c","node":{"__id__":11},"where":1,"isGone":true,"isGonex":-260},{"__type__":"cc.Sprite","node":{"__id__":11},"_materials":[{"__uuid__":"ecpdLyjvZBwrvm+cedCcQy"}],"_spriteFrame":{"__uuid__":"6dXBYrBNtEiKJQUnopu+Lk"},"_type":1,"_sizeMode":0},{"__type__":"cc.RigidBody","node":{"__id__":11},"_type":0},{"__type__":"cc.PhysicsBoxCollider","node":{"__id__":11},"_offset":{"__type__":"cc.Vec2","x":1,"y":34},"_size":{"__type__":"cc.Size","width":17,"height":627}}],"_prefab":{"__type__":"cc.PrefabInfo","root":{"__id__":1},"asset":{"__uuid__":"4aZ0HHzqxMYZc7HeyTHM9s"},"fileId":"c2vutUHF9JgIndMoYP9SiM"},"_contentSize":{"__type__":"cc.Size","width":76,"height":600},"_trs":{"__type__":"TypedArray","ctor":"Float64Array","array":[0,0,0,0,0,0,1,1,1,1]},"_groupIndex":15,"groupIndex":15},{"__type__":"cc.Node","_name":"key copy","_parent":{"__id__":1},"_children":[{"__id__":13},{"__id__":14}],"_prefab":{"__type__":"cc.PrefabInfo","root":{"__id__":1},"asset":{"__uuid__":"4aZ0HHzqxMYZc7HeyTHM9s"},"fileId":"759PKsHbFLBasJprGvZ8/9"},"_trs":{"__type__":"TypedArray","ctor":"Float64Array","array":[-288.187,316.513,0,0,0,1,6.123233995736766e-17,1,1,1]},"_eulerAngles":{"__type__":"cc.Vec3","z":180}},{"__type__":"cc.Node","_name":"lock","_parent":{"__id__":12},"_components":[{"__type__":"cc.Sprite","node":{"__id__":13},"_materials":[{"__uuid__":"ecpdLyjvZBwrvm+cedCcQy"}],"_spriteFrame":{"__uuid__":"ebm9zOQlFI4IGgCc9Owdfe"}},{"__type__":"15b42uAdtxGLJO3hSFb7eHo","node":{"__id__":13}}],"_prefab":{"__type__":"cc.PrefabInfo","root":{"__id__":1},"asset":{"__uuid__":"4aZ0HHzqxMYZc7HeyTHM9s"},"fileId":"c7EJ+bfYFFnLk5MNlicZCn"},"_contentSize":{"__type__":"cc.Size","width":56,"height":55},"_trs":{"__type__":"TypedArray","ctor":"Float64Array","array":[-1.086,-190.26,0,0,0,0,1,1,1,1]}},{"__type__":"cc.Node","_name":"key","_parent":{"__id__":12},"_children":[{"__id__":15}],"_prefab":{"__type__":"cc.PrefabInfo","root":{"__id__":1},"asset":{"__uuid__":"4aZ0HHzqxMYZc7HeyTHM9s"},"fileId":"85Rg397w9JJYel0HV0OHPL"},"_contentSize":{"__type__":"cc.Size","width":100,"height":200},"_trs":{"__type__":"TypedArray","ctor":"Float64Array","array":[0,0,0,0,0,0,1,1,1,1]},"_groupIndex":15,"groupIndex":15},{"__type__":"cc.Node","_name":"icon","_parent":{"__id__":14},"_components":[{"__type__":"fcf5apGFRJIEZkZJ9CwiT4c","node":{"__id__":15},"keyType":1,"where":1,"isGone":true,"isGonex":-260},{"__type__":"cc.Sprite","node":{"__id__":15},"_materials":[{"__uuid__":"ecpdLyjvZBwrvm+cedCcQy"}],"_spriteFrame":{"__uuid__":"6dXBYrBNtEiKJQUnopu+Lk"},"_type":1,"_sizeMode":0},{"__type__":"cc.RigidBody","node":{"__id__":15},"_type":0},{"__type__":"cc.PhysicsBoxCollider","node":{"__id__":15},"_offset":{"__type__":"cc.Vec2","x":1,"y":34},"_size":{"__type__":"cc.Size","width":17,"height":627}}],"_prefab":{"__type__":"cc.PrefabInfo","root":{"__id__":1},"asset":{"__uuid__":"4aZ0HHzqxMYZc7HeyTHM9s"},"fileId":"ccu051BkBKZ7FEVXq8qTr1"},"_contentSize":{"__type__":"cc.Size","width":76,"height":600},"_trs":{"__type__":"TypedArray","ctor":"Float64Array","array":[0,0,0,0,0,0,1,1,1,1]},"_groupIndex":15,"groupIndex":15},{"__type__":"cc.Node","_name":"player","_parent":{"__id__":1},"_children":[{"__id__":17}],"_prefab":{"__type__":"cc.PrefabInfo","root":{"__id__":1},"asset":{"__uuid__":"4aZ0HHzqxMYZc7HeyTHM9s"},"fileId":"6cmek4Sa5LXL84tjBnPhGq"},"_contentSize":{"__type__":"cc.Size","width":245,"height":292},"_trs":{"__type__":"TypedArray","ctor":"Float64Array","array":[236.65,-512.997,0,0,0,0,1,0.5,0.5,1]}},{"__type__":"cc.Node","_name":"word","_parent":{"__id__":16},"_components":[{"__type__":"cc.Label","node":{"__id__":17},"_materials":[{"__uuid__":"ecpdLyjvZBwrvm+cedCcQy"}],"_N$horizontalAlign":1,"_N$verticalAlign":1}],"_prefab":{"__type__":"cc.PrefabInfo","root":{"__id__":1},"asset":{"__uuid__":"4aZ0HHzqxMYZc7HeyTHM9s"},"fileId":"5fEabmAGVKE4KCvpSRzY2z"},"_contentSize":{"__type__":"cc.Size","height":50.4},"_trs":{"__type__":"TypedArray","ctor":"Float64Array","array":[55.46,195.121,0,0,0,0,1,1,1,1]}},{"__type__":"cc.Node","_name":"drumstick","_parent":{"__id__":1},"_components":[{"__type__":"cc.Sprite","node":{"__id__":18},"_materials":[{"__uuid__":"ecpdLyjvZBwrvm+cedCcQy"}],"_spriteFrame":{"__uuid__":"41In5eFZZAcrgFboYtZCx8"}},{"__type__":"cc.RigidBody","node":{"__id__":18},"_type":0,"_allowSleep":false,"enabledContactListener":true},{"__type__":"cc.PhysicsPolygonCollider","node":{"__id__":18},"points":[{"__type__":"cc.Vec2","x":-50,"y":-50},{"__type__":"cc.Vec2","x":50,"y":-50},{"__type__":"cc.Vec2","x":50,"y":50},{"__type__":"cc.Vec2","x":-50,"y":50}]},{"__type__":"8129dBaWYFCnbCuQ9KTwNkc","node":{"__id__":18}},{"__type__":"cc.BoxCollider","node":{"__id__":18},"_offset":{"__type__":"cc.Vec2","x":-2.2,"y":-1.1},"_size":{"__type__":"cc.Size","width":87.3,"height":96.8}}],"_prefab":{"__type__":"cc.PrefabInfo","root":{"__id__":1},"asset":{"__uuid__":"4aZ0HHzqxMYZc7HeyTHM9s"},"fileId":"0bq3HfVSJN7pwAo3MCHlP4"},"_contentSize":{"__type__":"cc.Size","width":137,"height":175},"_trs":{"__type__":"TypedArray","ctor":"Float64Array","array":[-151.78,-450.819,0,0,0,0,1,1,1,1]},"_groupIndex":18,"groupIndex":18},{"__type__":"cc.Node","_name":"player","_parent":{"__id__":1},"_components":[{"__type__":"01f289XMctJip07hmhMcMgM","node":{"__id__":19}},{"__type__":"cc.BoxCollider","node":{"__id__":19},"_size":{"__type__":"cc.Size","width":122,"height":86}},{"__type__":"sp.Skeleton","node":{"__id__":19},"_materials":[{"__uuid__":"7a/QZLET9IDreTiBfRn2PD"}],"defaultAnimation":"jy1","_preCacheMode":0,"premultipliedAlpha":false,"_animationName":"jy1","_N$skeletonData":{"__uuid__":"7eXUSETlJAmq9Nf/NmhP+m"}}],"_prefab":{"__type__":"cc.PrefabInfo","root":{"__id__":1},"asset":{"__uuid__":"4aZ0HHzqxMYZc7HeyTHM9s"},"fileId":"9f7pkyaOtCca3MtoqWK5om"},"_contentSize":{"__type__":"cc.Size","width":298.26,"height":205.43},"_trs":{"__type__":"TypedArray","ctor":"Float64Array","array":[236.65,-441.6455,0,0,0,0,1,-1,1,1]},"_groupIndex":19,"groupIndex":19},{"__type__":"cc.Node","_name":"lock","_parent":{"__id__":1},"_active":false,"_components":[{"__type__":"cc.Sprite","node":{"__id__":20},"_materials":[{"__uuid__":"ecpdLyjvZBwrvm+cedCcQy"}],"_spriteFrame":{"__uuid__":"ebm9zOQlFI4IGgCc9Owdfe"}},{"__type__":"15b42uAdtxGLJO3hSFb7eHo","node":{"__id__":20}}],"_prefab":{"__type__":"cc.PrefabInfo","root":{"__id__":1},"asset":{"__uuid__":"4aZ0HHzqxMYZc7HeyTHM9s"},"fileId":"cabkIMvxVOZ7mMCaW5zoCL"},"_contentSize":{"__type__":"cc.Size","width":56,"height":55},"_trs":{"__type__":"TypedArray","ctor":"Float64Array","array":[-294.49,382.422,0,0,0,1,6.123233995736766e-17,1,1,1]},"_eulerAngles":{"__type__":"cc.Vec3","z":180}},{"__type__":"cc.Node","_name":"lock","_parent":{"__id__":1},"_components":[{"__type__":"cc.Sprite","node":{"__id__":21},"_materials":[{"__uuid__":"ecpdLyjvZBwrvm+cedCcQy"}],"_spriteFrame":{"__uuid__":"ebm9zOQlFI4IGgCc9Owdfe"}},{"__type__":"15b42uAdtxGLJO3hSFb7eHo","node":{"__id__":21}}],"_prefab":{"__type__":"cc.PrefabInfo","root":{"__id__":1},"asset":{"__uuid__":"4aZ0HHzqxMYZc7HeyTHM9s"},"fileId":"18pVrP1KRBhbCh9CiGwU5t"},"_contentSize":{"__type__":"cc.Size","width":56,"height":55},"_trs":{"__type__":"TypedArray","ctor":"Float64Array","array":[145.66208,-101.36746,0,0,0,0.5372996083468239,0.8433914458128857,1,1,1]},"_eulerAngles":{"__type__":"cc.Vec3","z":65}},{"__type__":"cc.Node","_name":"lvkey","_parent":{"__id__":1},"_children":[{"__id__":23}],"_active":false,"_prefab":{"__type__":"cc.PrefabInfo","root":{"__id__":1},"asset":{"__uuid__":"4aZ0HHzqxMYZc7HeyTHM9s"},"fileId":"89trGkln5JR7v0sid8xB/c"},"_trs":{"__type__":"TypedArray","ctor":"Float64Array","array":[-295.576,313.037,0,0,0,1,6.123233995736766e-17,1,1,1]},"_eulerAngles":{"__type__":"cc.Vec3","z":180}},{"__type__":"cc.Node","_name":"key","_parent":{"__id__":22},"_children":[{"__id__":24}],"_prefab":{"__type__":"cc.PrefabInfo","root":{"__id__":1},"asset":{"__uuid__":"4aZ0HHzqxMYZc7HeyTHM9s"},"fileId":"1bKuwzIdBPH4WYQpNv4hpG"},"_contentSize":{"__type__":"cc.Size","width":100,"height":200},"_trs":{"__type__":"TypedArray","ctor":"Float64Array","array":[0,0,0,0,0,0,1,1,1,1]},"_groupIndex":15,"groupIndex":15},{"__type__":"cc.Node","_name":"icon","_parent":{"__id__":23},"_children":[{"__id__":25}],"_components":[{"__type__":"cc.Sprite","node":{"__id__":24},"_materials":[{"__uuid__":"ecpdLyjvZBwrvm+cedCcQy"}],"_spriteFrame":{"__uuid__":"30qAHbQeJDb6X7c2KQsWDy"},"_type":1},{"__type__":"fcf5apGFRJIEZkZJ9CwiT4c","node":{"__id__":24},"keyType":1,"where":1,"isGone":true,"isGonex":-234.487,"ishuan":true,"type":2},{"__type__":"cc.RigidBody","node":{"__id__":24},"_type":0,"_allowSleep":false},{"__type__":"cc.PhysicsBoxCollider","node":{"__id__":24},"_size":{"__type__":"cc.Size","width":15,"height":418}}],"_prefab":{"__type__":"cc.PrefabInfo","root":{"__id__":1},"asset":{"__uuid__":"4aZ0HHzqxMYZc7HeyTHM9s"},"fileId":"c0aoA8WH9EvpJR+KT8hxfT"},"_contentSize":{"__type__":"cc.Size","width":15,"height":418},"_trs":{"__type__":"TypedArray","ctor":"Float64Array","array":[0,0,0,0,0,0,1,1,1,1]},"_groupIndex":15,"groupIndex":15},{"__type__":"cc.Node","_name":"leftHuan","_parent":{"__id__":24},"_components":[{"__type__":"cc.Sprite","node":{"__id__":25},"_enabled":false,"_materials":[{"__uuid__":"ecpdLyjvZBwrvm+cedCcQy"}],"_spriteFrame":{"__uuid__":"8bDdjobnRGvIRoO5ufIAEq"}},{"__type__":"cc.BoxCollider","node":{"__id__":25},"tag":2,"_offset":{"__type__":"cc.Vec2","x":-1.7},"_size":{"__type__":"cc.Size","width":17.8,"height":97}}],"_prefab":{"__type__":"cc.PrefabInfo","root":{"__id__":1},"asset":{"__uuid__":"4aZ0HHzqxMYZc7HeyTHM9s"},"fileId":"f8QfoBVFVHDaklZgx6NJMT"},"_contentSize":{"__type__":"cc.Size","width":76,"height":97},"_trs":{"__type__":"TypedArray","ctor":"Float64Array","array":[-0.344,-253.365,0,0,0,1,6.123233995736766e-17,1,1,1]},"_eulerAngles":{"__type__":"cc.Vec3","z":180},"_groupIndex":27,"groupIndex":27},{"__type__":"cc.Node","_name":"lvkey","_parent":{"__id__":1},"_children":[{"__id__":27}],"_active":false,"_prefab":{"__type__":"cc.PrefabInfo","root":{"__id__":1},"asset":{"__uuid__":"4aZ0HHzqxMYZc7HeyTHM9s"},"fileId":"97FBuWP8lNJ6QQCgJ+rXKl"},"_trs":{"__type__":"TypedArray","ctor":"Float64Array","array":[-17.099,-28.206,0,0,0,0.5372996083468239,0.8433914458128857,1,1,1]},"_eulerAngles":{"__type__":"cc.Vec3","z":65}},{"__type__":"cc.Node","_name":"key","_parent":{"__id__":26},"_children":[{"__id__":28}],"_prefab":{"__type__":"cc.PrefabInfo","root":{"__id__":1},"asset":{"__uuid__":"4aZ0HHzqxMYZc7HeyTHM9s"},"fileId":"eads2s2XRPBrCU0eEZz9yK"},"_contentSize":{"__type__":"cc.Size","width":100,"height":200},"_trs":{"__type__":"TypedArray","ctor":"Float64Array","array":[0,0,0,0,0,0,1,1,1,1]},"_groupIndex":15,"groupIndex":15},{"__type__":"cc.Node","_name":"icon","_parent":{"__id__":27},"_children":[{"__id__":29}],"_components":[{"__type__":"cc.Sprite","node":{"__id__":28},"_materials":[{"__uuid__":"ecpdLyjvZBwrvm+cedCcQy"}],"_spriteFrame":{"__uuid__":"30qAHbQeJDb6X7c2KQsWDy"},"_type":1,"_sizeMode":0},{"__type__":"fcf5apGFRJIEZkZJ9CwiT4c","node":{"__id__":28},"keyType":1,"isGone":true,"isGonex":-300,"ishuan":true,"type":2},{"__type__":"cc.RigidBody","node":{"__id__":28},"_type":0,"_allowSleep":false},{"__type__":"cc.PhysicsBoxCollider","node":{"__id__":28},"_size":{"__type__":"cc.Size","width":15,"height":600}},{"__type__":"cc.BoxCollider","node":{"__id__":28},"_size":{"__type__":"cc.Size","width":15,"height":600}}],"_prefab":{"__type__":"cc.PrefabInfo","root":{"__id__":1},"asset":{"__uuid__":"4aZ0HHzqxMYZc7HeyTHM9s"},"fileId":"4bC3qKyClDXbf2Oq/gF+hh"},"_contentSize":{"__type__":"cc.Size","width":15,"height":600},"_trs":{"__type__":"TypedArray","ctor":"Float64Array","array":[0,0,0,0,0,0,1,1,1,1]},"_groupIndex":15,"groupIndex":15},{"__type__":"cc.Node","_name":"rightHuan","_parent":{"__id__":28},"_components":[{"__type__":"cc.Sprite","node":{"__id__":29},"_enabled":false,"_materials":[{"__uuid__":"ecpdLyjvZBwrvm+cedCcQy"}],"_spriteFrame":{"__uuid__":"8bDdjobnRGvIRoO5ufIAEq"}},{"__type__":"cc.BoxCollider","node":{"__id__":29},"tag":2,"_offset":{"__type__":"cc.Vec2","x":-0.9,"y":4.4},"_size":{"__type__":"cc.Size","width":24.3,"height":97}}],"_prefab":{"__type__":"cc.PrefabInfo","root":{"__id__":1},"asset":{"__uuid__":"4aZ0HHzqxMYZc7HeyTHM9s"},"fileId":"83vX3IkttN9IikinhWmmi1"},"_contentSize":{"__type__":"cc.Size","width":76,"height":97},"_trs":{"__type__":"TypedArray","ctor":"Float64Array","array":[-4.706,-342.462,0,0,0,0.9990482215818578,0.04361938736533601,1,1,1]},"_eulerAngles":{"__type__":"cc.Vec3","z":175},"_groupIndex":27,"groupIndex":27},{"__type__":"cc.Node","_name":"lvhuan","_parent":{"__id__":1},"_children":[{"__type__":"cc.Node","_name":"huan","_parent":{"__id__":30},"_prefab":{"__type__":"cc.PrefabInfo","root":{"__id__":1},"asset":{"__uuid__":"4aZ0HHzqxMYZc7HeyTHM9s"},"fileId":"64tn6e2/FLTrDbyR0YJK23"},"_trs":{"__type__":"TypedArray","ctor":"Float64Array","array":[540,960,0,0,0,0,1,1,1,1]}},{"__id__":31},{"__id__":32},{"__id__":33}],"_active":false,"_components":[{"__type__":"cc.Sprite","node":{"__id__":30},"_materials":[{"__uuid__":"ecpdLyjvZBwrvm+cedCcQy"}],"_spriteFrame":{"__uuid__":"8bDdjobnRGvIRoO5ufIAEq"}},{"__type__":"e8057lgm4hIxroPDFEdZwco","node":{"__id__":30},"rightNode":{"__id__":33},"leftNode":{"__id__":32},"showNode":{"__id__":31},"singlePrefab":{"__uuid__":"a5kV9mPg1CA4s842SNsecY"},"keyNumber":2}],"_prefab":{"__type__":"cc.PrefabInfo","root":{"__id__":1},"asset":{"__uuid__":"4aZ0HHzqxMYZc7HeyTHM9s"},"fileId":"12pZt+1uZHhq/DINSqPneo"},"_contentSize":{"__type__":"cc.Size","width":76,"height":97},"_trs":{"__type__":"TypedArray","ctor":"Float64Array","array":[1.709,580.777,0,0,0,0,1,1,1,1]}},{"__type__":"cc.Node","_name":"show","_parent":{"__id__":30},"_components":[{"__type__":"cc.Label","node":{"__id__":31},"_materials":[{"__uuid__":"ecpdLyjvZBwrvm+cedCcQy"}],"_string":"1","_N$string":"1","_N$horizontalAlign":1,"_N$verticalAlign":1}],"_prefab":{"__type__":"cc.PrefabInfo","root":{"__id__":1},"asset":{"__uuid__":"4aZ0HHzqxMYZc7HeyTHM9s"},"fileId":"060FFjE3ZL0oTZiLhIyGUs"},"_contentSize":{"__type__":"cc.Size","width":22.25,"height":50.4},"_trs":{"__type__":"TypedArray","ctor":"Float64Array","array":[36.443,-40.833,0,0,0,0,1,1,1,1]}},{"__type__":"cc.Node","_name":"left","_parent":{"__id__":30},"_prefab":{"__type__":"cc.PrefabInfo","root":{"__id__":1},"asset":{"__uuid__":"4aZ0HHzqxMYZc7HeyTHM9s"},"fileId":"99XggXGC9KcKwhQ/k/cWWm"},"_trs":{"__type__":"TypedArray","ctor":"Float64Array","array":[-304.881,-69.735,0,0,0,0,1,1,1,1]}},{"__type__":"cc.Node","_name":"right","_parent":{"__id__":30},"_prefab":{"__type__":"cc.PrefabInfo","root":{"__id__":1},"asset":{"__uuid__":"4aZ0HHzqxMYZc7HeyTHM9s"},"fileId":"01Qg67abNJVpefp92FkyZV"},"_trs":{"__type__":"TypedArray","ctor":"Float64Array","array":[265.451,-749.486,0,0,0,0,1,1,1,1]}},{"__type__":"cc.Node","_name":"stone","_parent":{"__id__":1},"_children":[{"__id__":35}],"_prefab":{"__type__":"cc.PrefabInfo","root":{"__id__":1},"asset":{"__uuid__":"4aZ0HHzqxMYZc7HeyTHM9s"},"fileId":"ef7JYuI2ZFP6cRer0SYBSL"},"_trs":{"__type__":"TypedArray","ctor":"Float64Array","array":[-193.261,185.405,0,0,0,0,1,1,1,1]}},{"__type__":"cc.Node","_name":"stone","_parent":{"__id__":34},"_components":[{"__type__":"cc.Sprite","node":{"__id__":35},"_materials":[{"__uuid__":"ecpdLyjvZBwrvm+cedCcQy"}],"_spriteFrame":{"__uuid__":"07vB93/6VNYZBOhtwfULcI"},"_sizeMode":0},{"__type__":"cc.RigidBody","node":{"__id__":35},"_allowSleep":false},{"__type__":"cc.PhysicsPolygonCollider","node":{"__id__":35},"points":[{"__type__":"cc.Vec2","x":33.272727272727266,"y":180},{"__type__":"cc.Vec2","x":-37.63636363636364,"y":175.63636363636363},{"__type__":"cc.Vec2","x":-50.727272727272734,"y":173.45454545454544},{"__type__":"cc.Vec2","x":-90,"y":116.72727272727272},{"__type__":"cc.Vec2","x":-87.81818181818181,"y":51.272727272727266},{"__type__":"cc.Vec2","x":-85.63636363636364,"y":44.72727272727273},{"__type__":"cc.Vec2","x":-81.27272727272728,"y":40.36363636363636},{"__type__":"cc.Vec2","x":-79.0909090909091,"y":40.36363636363636},{"__type__":"cc.Vec2","x":-70.36363636363637,"y":30.545454545454543},{"__type__":"cc.Vec2","x":-68.18181818181819,"y":30.545454545454543},{"__type__":"cc.Vec2","x":-42,"y":5.454545454545454},{"__type__":"cc.Vec2","x":19.09090909090908},{"__type__":"cc.Vec2","x":36.54545454545453},{"__type__":"cc.Vec2","x":42,"y":5.454545454545454},{"__type__":"cc.Vec2","x":50.72727272727272,"y":9.818181818181817},{"__type__":"cc.Vec2","x":52.90909090909091,"y":13.09090909090909},{"__type__":"cc.Vec2","x":55.09090909090909,"y":13.09090909090909},{"__type__":"cc.Vec2","x":57.27272727272725,"y":16.363636363636363},{"__type__":"cc.Vec2","x":59.45454545454544,"y":16.363636363636363},{"__type__":"cc.Vec2","x":66,"y":22.909090909090907},{"__type__":"cc.Vec2","x":69.27272727272725,"y":24},{"__type__":"cc.Vec2","x":75.81818181818181,"y":42.54545454545454},{"__type__":"cc.Vec2","x":78,"y":44.72727272727273},{"__type__":"cc.Vec2","x":78,"y":48},{"__type__":"cc.Vec2","x":80.18181818181816,"y":50.18181818181818},{"__type__":"cc.Vec2","x":81.27272727272725,"y":56.72727272727272},{"__type__":"cc.Vec2","x":83.45454545454544,"y":58.90909090909091},{"__type__":"cc.Vec2","x":83.45454545454544,"y":62.18181818181818},{"__type__":"cc.Vec2","x":85.63636363636363,"y":64.36363636363636},{"__type__":"cc.Vec2","x":85.63636363636363,"y":67.63636363636363},{"__type__":"cc.Vec2","x":87.81818181818181,"y":69.81818181818181},{"__type__":"cc.Vec2","x":87.81818181818181,"y":73.09090909090908},{"__type__":"cc.Vec2","x":90,"y":75.27272727272727},{"__type__":"cc.Vec2","x":90,"y":82.9090909090909},{"__type__":"cc.Vec2","x":80.18181818181816,"y":136.36363636363635},{"__type__":"cc.Vec2","x":38.72727272727272,"y":177.8181818181818}]}],"_prefab":{"__type__":"cc.PrefabInfo","root":{"__id__":1},"asset":{"__uuid__":"4aZ0HHzqxMYZc7HeyTHM9s"},"fileId":"8brmidzWBED7vr6oqEWmPn"},"_contentSize":{"__type__":"cc.Size","width":180,"height":180},"_anchorPoint":{"__type__":"cc.Vec2","x":0.5},"_trs":{"__type__":"TypedArray","ctor":"Float64Array","array":[5.477,9.029,0,0,0,0,1,1,1,1]},"_groupIndex":20,"groupIndex":20},{"__type__":"cc.Node","_name":"evilFish","_parent":{"__id__":1},"_children":[{"__id__":37}],"_components":[{"__type__":"cc.BoxCollider","node":{"__id__":36}}],"_prefab":{"__type__":"cc.PrefabInfo","root":{"__id__":1},"asset":{"__uuid__":"4aZ0HHzqxMYZc7HeyTHM9s"},"fileId":"7c2kGkIiZA24ugrOhQuuWP"},"_trs":{"__type__":"TypedArray","ctor":"Float64Array","array":[-527.973,-398.568,0,0,0,0,1,1,1,1]},"_groupIndex":22,"groupIndex":22},{"__type__":"cc.Node","_name":"evilFish","_parent":{"__id__":36},"_components":[{"__type__":"cc.Sprite","node":{"__id__":37},"_materials":[{"__uuid__":"ecpdLyjvZBwrvm+cedCcQy"}],"_spriteFrame":{"__uuid__":"44E/4SGYZLvq1IVzAcFSkJ"}}],"_prefab":{"__type__":"cc.PrefabInfo","root":{"__id__":1},"asset":{"__uuid__":"4aZ0HHzqxMYZc7HeyTHM9s"},"fileId":"3dtW6fUGtPnZFLn6Zkz3qv"},"_contentSize":{"__type__":"cc.Size","width":200,"height":140},"_trs":{"__type__":"TypedArray","ctor":"Float64Array","array":[19.451,-8.304,0,0,0,0,1,1,1,1]}},{"__type__":"cc.Node","_name":"wall","_parent":{"__id__":1},"_components":[{"__type__":"cc.RigidBody","node":{"__id__":38},"_type":0},{"__type__":"cc.PhysicsChainCollider","node":{"__id__":38},"points":[{"__type__":"cc.Vec2","x":-377,"y":-17},{"__type__":"cc.Vec2","x":-381,"y":-658},{"__type__":"cc.Vec2","x":-371,"y":-718},{"__type__":"cc.Vec2","x":-335,"y":-757},{"__type__":"cc.Vec2","x":-259,"y":-758},{"__type__":"cc.Vec2","x":240,"y":-760},{"__type__":"cc.Vec2","x":285.6,"y":-744.6},{"__type__":"cc.Vec2","x":305.4,"y":-706},{"__type__":"cc.Vec2","x":301,"y":-431},{"__type__":"cc.Vec2","x":285,"y":-410},{"__type__":"cc.Vec2","x":251,"y":-396},{"__type__":"cc.Vec2","x":83,"y":-398},{"__type__":"cc.Vec2","x":53,"y":-371},{"__type__":"cc.Vec2","x":51.3,"y":-130.2},{"__type__":"cc.Vec2","x":50,"y":50},{"__type__":"cc.Vec2","x":50,"y":207}]}],"_prefab":{"__type__":"cc.PrefabInfo","root":{"__id__":1},"asset":{"__uuid__":"4aZ0HHzqxMYZc7HeyTHM9s"},"fileId":"edvOXbQ0JHVbGlMBjjo+3/"},"_trs":{"__type__":"TypedArray","ctor":"Float64Array","array":[89.139,101.113,0,0,0,0,1,1,1,1]},"_groupIndex":17,"groupIndex":17}]]