[{"__type__":"cc.SpriteFrame","content":{"name":"13","texture":"fbiXCo0dlBMru4bunkGG5A","rect":[0,0,521,591],"offset":[0,0],"originalSize":[521,591],"capInsets":[0,0,0,0]}},{"__type__":"cc.SpriteFrame","content":{"name":"1","texture":"d0NvKJHntOrYpjK3LWud2z","rect":[0,0,105,298],"offset":[0,0],"originalSize":[105,298],"capInsets":[0,0,0,0]}},{"__type__":"cc.SpriteFrame","content":{"name":"13","texture":"f1mOOMH5BMVq0ffGngyp1M","rect":[0,0,1080,591],"offset":[0,0],"originalSize":[1080,591],"capInsets":[0,0,0,0]}},{"__type__":"cc.SpriteFrame","content":{"name":"1","texture":"fbckhyByRIIIuMKBkUGyf7","rect":[0,0,152,129],"offset":[0,0],"originalSize":[152,129],"capInsets":[0,0,0,0]}},{"__type__":"cc.SpriteFrame","content":{"name":"3","texture":"70UX4hQ8dNFZzFPEyLS/LU","rect":[0,0,326,109],"offset":[0,0],"originalSize":[326,109],"capInsets":[0,0,0,0]}},{"__type__":"cc.SpriteFrame","content":{"name":"3","texture":"39wCqoaghDK4y/iQMG67ZS","rect":[0,0,199,84],"offset":[-0.5,0],"originalSize":[200,84],"capInsets":[0,0,0,0]}},[{"__type__":"cc.Prefab","_name":"level_13","data":{"__id__":1}},{"__type__":"cc.Node","_name":"level_13","_children":[{"__id__":2},{"__id__":3},{"__id__":6},{"__id__":7},{"__id__":12},{"__id__":47},{"__id__":48},{"__id__":49},{"__id__":50},{"__id__":51},{"__id__":52},{"__id__":53}],"_components":[{"__type__":"5f9c3fdQS5EXq9/7wOCNQ3f","node":{"__id__":1},"keyNode":[{"__id__":17},{"__id__":27},{"__id__":42},{"__id__":46},{"__id__":22},{"__id__":32},{"__id__":37}],"player":{"__id__":6},"closeNdoe":{"__id__":52},"enemyOne":{"__id__":47},"enemyToo":{"__id__":48},"pubuNode":{"__id__":9},"one_zhaong_sha":{"__id__":55},"one_left_liusha":{"__id__":56},"one_left_disha":{"__id__":57},"one_right_liusha":{"__id__":58},"one_righe_dishsa":{"__id__":59},"too_zhong_sha":{"__id__":61},"too_left_liusha":{"__id__":62},"too_left_disha":{"__id__":63},"too_right_liusha":{"__id__":64},"too_righe_dishsa":{"__id__":65}}],"_prefab":{"__type__":"cc.PrefabInfo","root":{"__id__":1},"asset":{"__uuid__":"dbwS1eXUhMCqcGOd9x01MB"},"fileId":"1f8J0kWvlJ6ZsJRvMf4ja+"},"_trs":{"__type__":"TypedArray","ctor":"Float64Array","array":[0,0,0,0,0,0,1,1,1,1]}},{"__type__":"cc.Node","_name":"bgdi","_parent":{"__id__":1},"_components":[{"__type__":"cc.Sprite","node":{"__id__":2},"_materials":[{"__uuid__":"ecpdLyjvZBwrvm+cedCcQy"}],"_spriteFrame":{"__uuid__":"66ddyBgLBDiqUlOw22J7ah"},"_sizeMode":0}],"_prefab":{"__type__":"cc.PrefabInfo","root":{"__id__":1},"asset":{"__uuid__":"dbwS1eXUhMCqcGOd9x01MB"},"fileId":"d6PQcIOghIkI7w5tL3ar23"},"_contentSize":{"__type__":"cc.Size","width":1209,"height":3002},"_trs":{"__type__":"TypedArray","ctor":"Float64Array","array":[2222,21,0,0,0,0,1,1,1,1]}},{"__type__":"cc.Node","_name":"bg","_parent":{"__id__":1},"_children":[{"__id__":4},{"__id__":5}],"_components":[{"__type__":"cc.Sprite","node":{"__id__":3},"_materials":[{"__uuid__":"ecpdLyjvZBwrvm+cedCcQy"}],"_spriteFrame":{"__uuid__":"dcMGbML29CVJ+e8Y7ivDbS"}}],"_prefab":{"__type__":"cc.PrefabInfo","root":{"__id__":1},"asset":{"__uuid__":"dbwS1eXUhMCqcGOd9x01MB"},"fileId":"89BM7JdaRIyqGVRT7Sli8T"},"_contentSize":{"__type__":"cc.Size","width":1080,"height":853},"_trs":{"__type__":"TypedArray","ctor":"Float64Array","array":[0,0,0,0,0,0,1,1,1,1]}},{"__type__":"cc.Node","_name":"New Sprite","_parent":{"__id__":3},"_components":[{"__type__":"cc.Sprite","node":{"__id__":4},"_materials":[{"__uuid__":"ecpdLyjvZBwrvm+cedCcQy"}],"_spriteFrame":{"__uuid__":"9eILn90iBISp20PTYT/fq+"}}],"_prefab":{"__type__":"cc.PrefabInfo","root":{"__id__":1},"asset":{"__uuid__":"dbwS1eXUhMCqcGOd9x01MB"},"fileId":"45M91jO1RKwo8BiuxRcfqF"},"_contentSize":{"__type__":"cc.Size","width":1080,"height":591},"_trs":{"__type__":"TypedArray","ctor":"Float64Array","array":[1077.403,130.279,0,0,0,0,1,1,1,1]}},{"__type__":"cc.Node","_name":"New Sprite","_parent":{"__id__":3},"_components":[{"__type__":"cc.Sprite","node":{"__id__":5},"_materials":[{"__uuid__":"ecpdLyjvZBwrvm+cedCcQy"}],"_spriteFrame":{"__uuid__":"1ae7jY59lCIJdAicY7OZJR"}}],"_prefab":{"__type__":"cc.PrefabInfo","root":{"__id__":1},"asset":{"__uuid__":"dbwS1eXUhMCqcGOd9x01MB"},"fileId":"9918YUOv1AO4YvXPhWaB68"},"_contentSize":{"__type__":"cc.Size","width":521,"height":591},"_trs":{"__type__":"TypedArray","ctor":"Float64Array","array":[1875.436,130.102,0,0,0,0,1,1,1,1]}},{"__type__":"cc.Node","_name":"players","_parent":{"__id__":1},"_components":[{"__type__":"sp.Skeleton","node":{"__id__":6},"_materials":[{"__uuid__":"7a/QZLET9IDreTiBfRn2PD"}],"defaultAnimation":"youdong1","_preCacheMode":0,"premultipliedAlpha":false,"_animationName":"youdong1","_N$skeletonData":{"__uuid__":"7eXUSETlJAmq9Nf/NmhP+m"}},{"__type__":"01f289XMctJip07hmhMcMgM","node":{"__id__":6},"left":-500,"right":500},{"__type__":"cc.PolygonCollider","node":{"__id__":6},"points":[{"__type__":"cc.Vec2","x":-40.9,"y":-33.1},{"__type__":"cc.Vec2","x":45.8,"y":-35.2},{"__type__":"cc.Vec2","x":69.4,"y":-8.6},{"__type__":"cc.Vec2","x":33.6,"y":39.6},{"__type__":"cc.Vec2","x":-32.6,"y":32.4},{"__type__":"cc.Vec2","x":-57,"y":5.7}]}],"_prefab":{"__type__":"cc.PrefabInfo","root":{"__id__":1},"asset":{"__uuid__":"dbwS1eXUhMCqcGOd9x01MB"},"fileId":"21E9Ex5ydBj7JVnoJEmMom"},"_contentSize":{"__type__":"cc.Size","width":298.26,"height":205.43},"_trs":{"__type__":"TypedArray","ctor":"Float64Array","array":[-430,114.121,0,0,0,0,1,1,1,1]},"_groupIndex":19,"groupIndex":19},{"__type__":"cc.Node","_name":"pubu","_parent":{"__id__":1},"_children":[{"__id__":8},{"__id__":10}],"_prefab":{"__type__":"cc.PrefabInfo","root":{"__id__":1},"asset":{"__uuid__":"dbwS1eXUhMCqcGOd9x01MB"},"fileId":"51FA+SNGJC049tzFHp6iku"},"_trs":{"__type__":"TypedArray","ctor":"Float64Array","array":[215.92,-160.922,0,0,0,0,1,1,1,1]}},{"__type__":"cc.Node","_name":"mask","_parent":{"__id__":7},"_children":[{"__id__":9}],"_components":[{"__type__":"cc.Mask","node":{"__id__":8},"_materials":[{"__uuid__":"ecpdLyjvZBwrvm+cedCcQy"}],"_spriteFrame":{"__uuid__":"afK7nMglFP8JPVv6rVFwok"},"_type":2,"_N$inverted":true}],"_prefab":{"__type__":"cc.PrefabInfo","root":{"__id__":1},"asset":{"__uuid__":"dbwS1eXUhMCqcGOd9x01MB"},"fileId":"9cJwLdzKZMRoVws+uV63y2"},"_contentSize":{"__type__":"cc.Size","width":726,"height":458},"_trs":{"__type__":"TypedArray","ctor":"Float64Array","array":[69.337,776.037,0,0,0,0,1,1,1,1]}},{"__type__":"cc.Node","_name":"sldh","_parent":{"__id__":8},"_active":false,"_components":[{"__type__":"sp.Skeleton","node":{"__id__":9},"_materials":[{"__uuid__":"7a/QZLET9IDreTiBfRn2PD"}],"defaultAnimation":"animation","_preCacheMode":0,"premultipliedAlpha":false,"_animationName":"animation","_N$skeletonData":{"__uuid__":"20LpqFfx5CipgKbp4Y0zEU"}},{"__type__":"cc.BoxCollider","node":{"__id__":9},"_offset":{"__type__":"cc.Vec2","x":7,"y":-224},"_size":{"__type__":"cc.Size","width":256,"height":757}}],"_prefab":{"__type__":"cc.PrefabInfo","root":{"__id__":1},"asset":{"__uuid__":"dbwS1eXUhMCqcGOd9x01MB"},"fileId":"f7RwLTld5LpqSKCCEqJrpu"},"_contentSize":{"__type__":"cc.Size","width":749.41,"height":1206},"_trs":{"__type__":"TypedArray","ctor":"Float64Array","array":[-17.543,-400.561,0,0,0,0,1,1.304,1,1]},"_groupIndex":25,"groupIndex":25},{"__type__":"cc.Node","_name":"pu2","_parent":{"__id__":7},"_children":[{"__id__":11}],"_active":false,"_components":[{"__type__":"cc.Mask","node":{"__id__":10},"_materials":[{"__uuid__":"ecpdLyjvZBwrvm+cedCcQy"}],"_spriteFrame":{"__uuid__":"afK7nMglFP8JPVv6rVFwok"},"_type":2,"_N$inverted":true}],"_prefab":{"__type__":"cc.PrefabInfo","root":{"__id__":1},"asset":{"__uuid__":"dbwS1eXUhMCqcGOd9x01MB"},"fileId":"ceV4k94rFDRJ2QCxnLtBmZ"},"_contentSize":{"__type__":"cc.Size","width":372,"height":128},"_trs":{"__type__":"TypedArray","ctor":"Float64Array","array":[887.638,609.389,0,0,0,0,1,1,1,1]}},{"__type__":"cc.Node","_name":"sldh","_parent":{"__id__":10},"_components":[{"__type__":"sp.Skeleton","node":{"__id__":11},"_materials":[{"__uuid__":"7a/QZLET9IDreTiBfRn2PD"}],"defaultAnimation":"animation","_preCacheMode":0,"premultipliedAlpha":false,"_animationName":"animation","_N$skeletonData":{"__uuid__":"20LpqFfx5CipgKbp4Y0zEU"}}],"_prefab":{"__type__":"cc.PrefabInfo","root":{"__id__":1},"asset":{"__uuid__":"dbwS1eXUhMCqcGOd9x01MB"},"fileId":"15isdNv+xMKJ7IsJFf3YRU"},"_contentSize":{"__type__":"cc.Size","width":749.41,"height":1206},"_trs":{"__type__":"TypedArray","ctor":"Float64Array","array":[2.827,-520.743,0,0,0,0,1,1,1,1]}},{"__type__":"cc.Node","_name":"key","_parent":{"__id__":1},"_children":[{"__id__":13},{"__id__":18},{"__id__":23},{"__id__":28},{"__id__":33},{"__id__":38},{"__id__":43}],"_prefab":{"__type__":"cc.PrefabInfo","root":{"__id__":1},"asset":{"__uuid__":"dbwS1eXUhMCqcGOd9x01MB"},"fileId":"5d5nV3f4VMkYFcEDCYaCyP"},"_trs":{"__type__":"TypedArray","ctor":"Float64Array","array":[0,0,0,0,0,0,1,1,1,1]}},{"__type__":"cc.Node","_name":"key","_parent":{"__id__":12},"_children":[{"__id__":14},{"__id__":15},{"__id__":16}],"_prefab":{"__type__":"cc.PrefabInfo","root":{"__id__":1},"asset":{"__uuid__":"dbwS1eXUhMCqcGOd9x01MB"},"fileId":"7fv9SZQnJBFpBLPTSAcdRq"},"_trs":{"__type__":"TypedArray","ctor":"Float64Array","array":[-289.73,247.521,0,0,0,1,6.123233995736766e-17,1,1,1]},"_eulerAngles":{"__type__":"cc.Vec3","z":180}},{"__type__":"cc.Node","_name":"lock","_parent":{"__id__":13},"_components":[{"__type__":"cc.Sprite","node":{"__id__":14},"_materials":[{"__uuid__":"ecpdLyjvZBwrvm+cedCcQy"}],"_spriteFrame":{"__uuid__":"ebm9zOQlFI4IGgCc9Owdfe"}},{"__type__":"15b42uAdtxGLJO3hSFb7eHo","node":{"__id__":14}}],"_prefab":{"__type__":"cc.PrefabInfo","root":{"__id__":1},"asset":{"__uuid__":"dbwS1eXUhMCqcGOd9x01MB"},"fileId":"21Uro4Cr9K/5HTID3mStin"},"_contentSize":{"__type__":"cc.Size","width":56,"height":55},"_trs":{"__type__":"TypedArray","ctor":"Float64Array","array":[0.258,-166.419,0,0,0,0,1,1,1,1]}},{"__type__":"cc.Node","_name":"lock","_parent":{"__id__":13},"_components":[{"__type__":"cc.Sprite","node":{"__id__":15},"_materials":[{"__uuid__":"ecpdLyjvZBwrvm+cedCcQy"}],"_spriteFrame":{"__uuid__":"ebm9zOQlFI4IGgCc9Owdfe"}},{"__type__":"15b42uAdtxGLJO3hSFb7eHo","node":{"__id__":15}}],"_prefab":{"__type__":"cc.PrefabInfo","root":{"__id__":1},"asset":{"__uuid__":"dbwS1eXUhMCqcGOd9x01MB"},"fileId":"7e4y3Wb9VCo6jpt4m+WXVu"},"_contentSize":{"__type__":"cc.Size","width":56,"height":55},"_trs":{"__type__":"TypedArray","ctor":"Float64Array","array":[1.602,382.199,0,0,0,0,1,1,1,1]}},{"__type__":"cc.Node","_name":"key","_parent":{"__id__":13},"_children":[{"__id__":17}],"_prefab":{"__type__":"cc.PrefabInfo","root":{"__id__":1},"asset":{"__uuid__":"dbwS1eXUhMCqcGOd9x01MB"},"fileId":"0aF6aCnFNNhp4xPmQDXmNC"},"_contentSize":{"__type__":"cc.Size","width":100,"height":200},"_trs":{"__type__":"TypedArray","ctor":"Float64Array","array":[0,0,0,0,0,0,1,1,1,1]},"_groupIndex":15,"groupIndex":15},{"__type__":"cc.Node","_name":"icon","_parent":{"__id__":16},"_components":[{"__type__":"fcf5apGFRJIEZkZJ9CwiT4c","node":{"__id__":17},"keyType":1,"where":1},{"__type__":"cc.Sprite","node":{"__id__":17},"_materials":[{"__uuid__":"ecpdLyjvZBwrvm+cedCcQy"}],"_spriteFrame":{"__uuid__":"6dXBYrBNtEiKJQUnopu+Lk"},"_type":1,"_sizeMode":0},{"__type__":"cc.RigidBody","node":{"__id__":17},"_type":0,"_allowSleep":false,"enabledContactListener":true},{"__type__":"cc.BoxCollider","node":{"__id__":17},"_offset":{"__type__":"cc.Vec2","y":1},"_size":{"__type__":"cc.Size","width":15,"height":299}}],"_prefab":{"__type__":"cc.PrefabInfo","root":{"__id__":1},"asset":{"__uuid__":"dbwS1eXUhMCqcGOd9x01MB"},"fileId":"5dipdKRKtH+b7yt4u/X4o8"},"_contentSize":{"__type__":"cc.Size","width":76,"height":712},"_trs":{"__type__":"TypedArray","ctor":"Float64Array","array":[-2.183,74.161,0,0,0,0,1,1,1,1]},"_groupIndex":15,"groupIndex":15},{"__type__":"cc.Node","_name":"key copy","_parent":{"__id__":12},"_children":[{"__id__":19},{"__id__":20},{"__id__":21}],"_prefab":{"__type__":"cc.PrefabInfo","root":{"__id__":1},"asset":{"__uuid__":"dbwS1eXUhMCqcGOd9x01MB"},"fileId":"d4AYybTxpGuJqoMWyIeraN"},"_trs":{"__type__":"TypedArray","ctor":"Float64Array","array":[1078.86,255.682,0,0,0,0.9702957262759965,0.24192189559966767,1,1,1]},"_eulerAngles":{"__type__":"cc.Vec3","z":152}},{"__type__":"cc.Node","_name":"lock","_parent":{"__id__":18},"_components":[{"__type__":"cc.Sprite","node":{"__id__":19},"_materials":[{"__uuid__":"ecpdLyjvZBwrvm+cedCcQy"}],"_spriteFrame":{"__uuid__":"ebm9zOQlFI4IGgCc9Owdfe"}},{"__type__":"15b42uAdtxGLJO3hSFb7eHo","node":{"__id__":19}}],"_prefab":{"__type__":"cc.PrefabInfo","root":{"__id__":1},"asset":{"__uuid__":"dbwS1eXUhMCqcGOd9x01MB"},"fileId":"1a3n6OSy5L8L6eMxXXzoGr"},"_contentSize":{"__type__":"cc.Size","width":56,"height":55},"_trs":{"__type__":"TypedArray","ctor":"Float64Array","array":[-7.321,-173.704,0,0,0,0,1,1,1,1]}},{"__type__":"cc.Node","_name":"lock","_parent":{"__id__":18},"_components":[{"__type__":"cc.Sprite","node":{"__id__":20},"_materials":[{"__uuid__":"ecpdLyjvZBwrvm+cedCcQy"}],"_spriteFrame":{"__uuid__":"ebm9zOQlFI4IGgCc9Owdfe"}},{"__type__":"15b42uAdtxGLJO3hSFb7eHo","node":{"__id__":20}}],"_prefab":{"__type__":"cc.PrefabInfo","root":{"__id__":1},"asset":{"__uuid__":"dbwS1eXUhMCqcGOd9x01MB"},"fileId":"d1OKnsawBDNYN4kzkcoRG6"},"_contentSize":{"__type__":"cc.Size","width":56,"height":55},"_trs":{"__type__":"TypedArray","ctor":"Float64Array","array":[-7.587,441.413,0,0,0,0,1,1,1,1]}},{"__type__":"cc.Node","_name":"key","_parent":{"__id__":18},"_children":[{"__id__":22}],"_prefab":{"__type__":"cc.PrefabInfo","root":{"__id__":1},"asset":{"__uuid__":"dbwS1eXUhMCqcGOd9x01MB"},"fileId":"3dLsDdKdRLoZjrdDBQTyK/"},"_contentSize":{"__type__":"cc.Size","width":100,"height":200},"_trs":{"__type__":"TypedArray","ctor":"Float64Array","array":[0,0,0,0,0,0,1,1,1,1]},"_groupIndex":15,"groupIndex":15},{"__type__":"cc.Node","_name":"icon","_parent":{"__id__":21},"_components":[{"__type__":"fcf5apGFRJIEZkZJ9CwiT4c","node":{"__id__":22},"keyType":1,"where":1},{"__type__":"cc.Sprite","node":{"__id__":22},"_materials":[{"__uuid__":"ecpdLyjvZBwrvm+cedCcQy"}],"_spriteFrame":{"__uuid__":"6dXBYrBNtEiKJQUnopu+Lk"},"_type":1,"_sizeMode":0},{"__type__":"cc.RigidBody","node":{"__id__":22},"_type":0,"_allowSleep":false,"enabledContactListener":true},{"__type__":"cc.BoxCollider","node":{"__id__":22},"_offset":{"__type__":"cc.Vec2","y":1},"_size":{"__type__":"cc.Size","width":15,"height":299}}],"_prefab":{"__type__":"cc.PrefabInfo","root":{"__id__":1},"asset":{"__uuid__":"dbwS1eXUhMCqcGOd9x01MB"},"fileId":"c22UgwZCtBFK/dRGV1N4ik"},"_contentSize":{"__type__":"cc.Size","width":76,"height":712},"_trs":{"__type__":"TypedArray","ctor":"Float64Array","array":[-8.801,90.706,0,0,0,0,1,1,1,1]},"_groupIndex":15,"groupIndex":15},{"__type__":"cc.Node","_name":"key copy","_parent":{"__id__":12},"_children":[{"__id__":24},{"__id__":25},{"__id__":26}],"_prefab":{"__type__":"cc.PrefabInfo","root":{"__id__":1},"asset":{"__uuid__":"dbwS1eXUhMCqcGOd9x01MB"},"fileId":"8cItB3hdRNdZNYaEHssfgr"},"_trs":{"__type__":"TypedArray","ctor":"Float64Array","array":[3.908,247.521,0,0,0,1,6.123233995736766e-17,1,1,1]},"_eulerAngles":{"__type__":"cc.Vec3","z":180}},{"__type__":"cc.Node","_name":"lock","_parent":{"__id__":23},"_components":[{"__type__":"cc.Sprite","node":{"__id__":24},"_materials":[{"__uuid__":"ecpdLyjvZBwrvm+cedCcQy"}],"_spriteFrame":{"__uuid__":"ebm9zOQlFI4IGgCc9Owdfe"}},{"__type__":"15b42uAdtxGLJO3hSFb7eHo","node":{"__id__":24}}],"_prefab":{"__type__":"cc.PrefabInfo","root":{"__id__":1},"asset":{"__uuid__":"dbwS1eXUhMCqcGOd9x01MB"},"fileId":"86FPktsyBIKo3NyAStsZlz"},"_contentSize":{"__type__":"cc.Size","width":56,"height":55},"_trs":{"__type__":"TypedArray","ctor":"Float64Array","array":[0.258,-166.419,0,0,0,0,1,1,1,1]}},{"__type__":"cc.Node","_name":"lock","_parent":{"__id__":23},"_components":[{"__type__":"cc.Sprite","node":{"__id__":25},"_materials":[{"__uuid__":"ecpdLyjvZBwrvm+cedCcQy"}],"_spriteFrame":{"__uuid__":"ebm9zOQlFI4IGgCc9Owdfe"}},{"__type__":"15b42uAdtxGLJO3hSFb7eHo","node":{"__id__":25}}],"_prefab":{"__type__":"cc.PrefabInfo","root":{"__id__":1},"asset":{"__uuid__":"dbwS1eXUhMCqcGOd9x01MB"},"fileId":"cfBcG/GsBJPqRUEgyjuRd7"},"_contentSize":{"__type__":"cc.Size","width":56,"height":55},"_trs":{"__type__":"TypedArray","ctor":"Float64Array","array":[1.602,382.199,0,0,0,0,1,1,1,1]}},{"__type__":"cc.Node","_name":"key","_parent":{"__id__":23},"_children":[{"__id__":27}],"_prefab":{"__type__":"cc.PrefabInfo","root":{"__id__":1},"asset":{"__uuid__":"dbwS1eXUhMCqcGOd9x01MB"},"fileId":"8dS3AVn5lOQ7zCcg/hAz/n"},"_contentSize":{"__type__":"cc.Size","width":100,"height":200},"_trs":{"__type__":"TypedArray","ctor":"Float64Array","array":[0,0,0,0,0,0,1,1,1,1]},"_groupIndex":15,"groupIndex":15},{"__type__":"cc.Node","_name":"icon","_parent":{"__id__":26},"_components":[{"__type__":"fcf5apGFRJIEZkZJ9CwiT4c","node":{"__id__":27},"keyType":1,"where":1},{"__type__":"cc.Sprite","node":{"__id__":27},"_materials":[{"__uuid__":"ecpdLyjvZBwrvm+cedCcQy"}],"_spriteFrame":{"__uuid__":"6dXBYrBNtEiKJQUnopu+Lk"},"_type":1,"_sizeMode":0},{"__type__":"cc.RigidBody","node":{"__id__":27},"_type":0,"_allowSleep":false,"enabledContactListener":true},{"__type__":"cc.BoxCollider","node":{"__id__":27},"_offset":{"__type__":"cc.Vec2","y":1},"_size":{"__type__":"cc.Size","width":15,"height":299}}],"_prefab":{"__type__":"cc.PrefabInfo","root":{"__id__":1},"asset":{"__uuid__":"dbwS1eXUhMCqcGOd9x01MB"},"fileId":"500jyiXHpM0bdfUIHWfrIZ"},"_contentSize":{"__type__":"cc.Size","width":76,"height":712},"_trs":{"__type__":"TypedArray","ctor":"Float64Array","array":[-2.183,74.161,0,0,0,0,1,1,1,1]},"_groupIndex":15,"groupIndex":15},{"__type__":"cc.Node","_name":"key copy","_parent":{"__id__":12},"_children":[{"__id__":29},{"__id__":30},{"__id__":31}],"_prefab":{"__type__":"cc.PrefabInfo","root":{"__id__":1},"asset":{"__uuid__":"dbwS1eXUhMCqcGOd9x01MB"},"fileId":"b8E3tjRRhFrKCv5+3rtCaC"},"_trs":{"__type__":"TypedArray","ctor":"Float64Array","array":[1506.109,247.521,0,0,0,1,6.123233995736766e-17,1,1,1]},"_eulerAngles":{"__type__":"cc.Vec3","z":180}},{"__type__":"cc.Node","_name":"lock","_parent":{"__id__":28},"_components":[{"__type__":"cc.Sprite","node":{"__id__":29},"_materials":[{"__uuid__":"ecpdLyjvZBwrvm+cedCcQy"}],"_spriteFrame":{"__uuid__":"ebm9zOQlFI4IGgCc9Owdfe"}},{"__type__":"15b42uAdtxGLJO3hSFb7eHo","node":{"__id__":29}}],"_prefab":{"__type__":"cc.PrefabInfo","root":{"__id__":1},"asset":{"__uuid__":"dbwS1eXUhMCqcGOd9x01MB"},"fileId":"06zb2POZ5BSY8PvWGZb0pF"},"_contentSize":{"__type__":"cc.Size","width":56,"height":55},"_trs":{"__type__":"TypedArray","ctor":"Float64Array","array":[0.258,-166.419,0,0,0,0,1,1,1,1]}},{"__type__":"cc.Node","_name":"lock","_parent":{"__id__":28},"_components":[{"__type__":"cc.Sprite","node":{"__id__":30},"_materials":[{"__uuid__":"ecpdLyjvZBwrvm+cedCcQy"}],"_spriteFrame":{"__uuid__":"ebm9zOQlFI4IGgCc9Owdfe"}},{"__type__":"15b42uAdtxGLJO3hSFb7eHo","node":{"__id__":30}}],"_prefab":{"__type__":"cc.PrefabInfo","root":{"__id__":1},"asset":{"__uuid__":"dbwS1eXUhMCqcGOd9x01MB"},"fileId":"9ckxA6Nw5Lo7ancIvMDwIJ"},"_contentSize":{"__type__":"cc.Size","width":56,"height":55},"_trs":{"__type__":"TypedArray","ctor":"Float64Array","array":[1.602,382.199,0,0,0,0,1,1,1,1]}},{"__type__":"cc.Node","_name":"key","_parent":{"__id__":28},"_children":[{"__id__":32}],"_prefab":{"__type__":"cc.PrefabInfo","root":{"__id__":1},"asset":{"__uuid__":"dbwS1eXUhMCqcGOd9x01MB"},"fileId":"2c83Mf+hxL2aKTtIRK4JOG"},"_contentSize":{"__type__":"cc.Size","width":100,"height":200},"_trs":{"__type__":"TypedArray","ctor":"Float64Array","array":[0,0,0,0,0,0,1,1,1,1]},"_groupIndex":15,"groupIndex":15},{"__type__":"cc.Node","_name":"icon","_parent":{"__id__":31},"_components":[{"__type__":"fcf5apGFRJIEZkZJ9CwiT4c","node":{"__id__":32},"keyType":1,"where":1},{"__type__":"cc.Sprite","node":{"__id__":32},"_materials":[{"__uuid__":"ecpdLyjvZBwrvm+cedCcQy"}],"_spriteFrame":{"__uuid__":"6dXBYrBNtEiKJQUnopu+Lk"},"_type":1,"_sizeMode":0},{"__type__":"cc.RigidBody","node":{"__id__":32},"_type":0,"_allowSleep":false,"enabledContactListener":true},{"__type__":"cc.BoxCollider","node":{"__id__":32},"_offset":{"__type__":"cc.Vec2","y":1},"_size":{"__type__":"cc.Size","width":15,"height":299}}],"_prefab":{"__type__":"cc.PrefabInfo","root":{"__id__":1},"asset":{"__uuid__":"dbwS1eXUhMCqcGOd9x01MB"},"fileId":"c9bxYk87pMqbPZxSURdZnj"},"_contentSize":{"__type__":"cc.Size","width":76,"height":712},"_trs":{"__type__":"TypedArray","ctor":"Float64Array","array":[-2.183,74.161,0,0,0,0,1,1,1,1]},"_groupIndex":15,"groupIndex":15},{"__type__":"cc.Node","_name":"key copy","_parent":{"__id__":12},"_children":[{"__id__":34},{"__id__":35},{"__id__":36}],"_prefab":{"__type__":"cc.PrefabInfo","root":{"__id__":1},"asset":{"__uuid__":"dbwS1eXUhMCqcGOd9x01MB"},"fileId":"85TessrMdLGq0cfypgWZMo"},"_trs":{"__type__":"TypedArray","ctor":"Float64Array","array":[1702.815,247.521,0,0,0,1,6.123233995736766e-17,1,1,1]},"_eulerAngles":{"__type__":"cc.Vec3","z":180}},{"__type__":"cc.Node","_name":"lock","_parent":{"__id__":33},"_components":[{"__type__":"cc.Sprite","node":{"__id__":34},"_materials":[{"__uuid__":"ecpdLyjvZBwrvm+cedCcQy"}],"_spriteFrame":{"__uuid__":"ebm9zOQlFI4IGgCc9Owdfe"}},{"__type__":"15b42uAdtxGLJO3hSFb7eHo","node":{"__id__":34}}],"_prefab":{"__type__":"cc.PrefabInfo","root":{"__id__":1},"asset":{"__uuid__":"dbwS1eXUhMCqcGOd9x01MB"},"fileId":"faybLSj95EbYiQQFS+Iw5t"},"_contentSize":{"__type__":"cc.Size","width":56,"height":55},"_trs":{"__type__":"TypedArray","ctor":"Float64Array","array":[0.258,-166.419,0,0,0,0,1,1,1,1]}},{"__type__":"cc.Node","_name":"lock","_parent":{"__id__":33},"_components":[{"__type__":"cc.Sprite","node":{"__id__":35},"_materials":[{"__uuid__":"ecpdLyjvZBwrvm+cedCcQy"}],"_spriteFrame":{"__uuid__":"ebm9zOQlFI4IGgCc9Owdfe"}},{"__type__":"15b42uAdtxGLJO3hSFb7eHo","node":{"__id__":35}}],"_prefab":{"__type__":"cc.PrefabInfo","root":{"__id__":1},"asset":{"__uuid__":"dbwS1eXUhMCqcGOd9x01MB"},"fileId":"969iq8AR9Hao3VjQRIPaLa"},"_contentSize":{"__type__":"cc.Size","width":56,"height":55},"_trs":{"__type__":"TypedArray","ctor":"Float64Array","array":[1.602,382.199,0,0,0,0,1,1,1,1]}},{"__type__":"cc.Node","_name":"key","_parent":{"__id__":33},"_children":[{"__id__":37}],"_prefab":{"__type__":"cc.PrefabInfo","root":{"__id__":1},"asset":{"__uuid__":"dbwS1eXUhMCqcGOd9x01MB"},"fileId":"8di6isXXpIK4sGxYQx8Bib"},"_contentSize":{"__type__":"cc.Size","width":100,"height":200},"_trs":{"__type__":"TypedArray","ctor":"Float64Array","array":[0,0,0,0,0,0,1,1,1,1]},"_groupIndex":15,"groupIndex":15},{"__type__":"cc.Node","_name":"icon","_parent":{"__id__":36},"_components":[{"__type__":"fcf5apGFRJIEZkZJ9CwiT4c","node":{"__id__":37},"keyType":1,"where":1},{"__type__":"cc.Sprite","node":{"__id__":37},"_materials":[{"__uuid__":"ecpdLyjvZBwrvm+cedCcQy"}],"_spriteFrame":{"__uuid__":"6dXBYrBNtEiKJQUnopu+Lk"},"_type":1,"_sizeMode":0},{"__type__":"cc.RigidBody","node":{"__id__":37},"_type":0,"_allowSleep":false,"enabledContactListener":true},{"__type__":"cc.BoxCollider","node":{"__id__":37},"_offset":{"__type__":"cc.Vec2","y":1},"_size":{"__type__":"cc.Size","width":15,"height":299}}],"_prefab":{"__type__":"cc.PrefabInfo","root":{"__id__":1},"asset":{"__uuid__":"dbwS1eXUhMCqcGOd9x01MB"},"fileId":"4bnu4zLjBN/aWVYfX41I3l"},"_contentSize":{"__type__":"cc.Size","width":76,"height":712},"_trs":{"__type__":"TypedArray","ctor":"Float64Array","array":[-2.183,74.161,0,0,0,0,1,1,1,1]},"_groupIndex":15,"groupIndex":15},{"__type__":"cc.Node","_name":"key","_parent":{"__id__":12},"_children":[{"__id__":39},{"__id__":40},{"__id__":41}],"_prefab":{"__type__":"cc.PrefabInfo","root":{"__id__":1},"asset":{"__uuid__":"dbwS1eXUhMCqcGOd9x01MB"},"fileId":"76O5h0QxhAWJNfRPdlm02V"},"_trs":{"__type__":"TypedArray","ctor":"Float64Array","array":[277.224,-158.979,0,0,0,0.7071067811865475,0.7071067811865476,1,1,1]},"_eulerAngles":{"__type__":"cc.Vec3","z":90}},{"__type__":"cc.Node","_name":"lock","_parent":{"__id__":38},"_components":[{"__type__":"cc.Sprite","node":{"__id__":39},"_materials":[{"__uuid__":"ecpdLyjvZBwrvm+cedCcQy"}],"_spriteFrame":{"__uuid__":"ebm9zOQlFI4IGgCc9Owdfe"}},{"__type__":"15b42uAdtxGLJO3hSFb7eHo","node":{"__id__":39}}],"_prefab":{"__type__":"cc.PrefabInfo","root":{"__id__":1},"asset":{"__uuid__":"dbwS1eXUhMCqcGOd9x01MB"},"fileId":"68/Z5CRa9AlIGOz58uJ7c9"},"_contentSize":{"__type__":"cc.Size","width":56,"height":55},"_trs":{"__type__":"TypedArray","ctor":"Float64Array","array":[-1.086,-119.382,0,0,0,0,1,1,1,1]}},{"__type__":"cc.Node","_name":"lock","_parent":{"__id__":38},"_components":[{"__type__":"cc.Sprite","node":{"__id__":40},"_materials":[{"__uuid__":"ecpdLyjvZBwrvm+cedCcQy"}],"_spriteFrame":{"__uuid__":"ebm9zOQlFI4IGgCc9Owdfe"}},{"__type__":"15b42uAdtxGLJO3hSFb7eHo","node":{"__id__":40}}],"_prefab":{"__type__":"cc.PrefabInfo","root":{"__id__":1},"asset":{"__uuid__":"dbwS1eXUhMCqcGOd9x01MB"},"fileId":"bde6surWBJspmjx8ztweB5"},"_contentSize":{"__type__":"cc.Size","width":56,"height":55},"_trs":{"__type__":"TypedArray","ctor":"Float64Array","array":[-1.086,215.554,0,0,0,0,1,1,1,1]}},{"__type__":"cc.Node","_name":"key","_parent":{"__id__":38},"_children":[{"__id__":42}],"_prefab":{"__type__":"cc.PrefabInfo","root":{"__id__":1},"asset":{"__uuid__":"dbwS1eXUhMCqcGOd9x01MB"},"fileId":"b4jF+tgyFOk5c2k2Vqm7EK"},"_contentSize":{"__type__":"cc.Size","width":100,"height":200},"_trs":{"__type__":"TypedArray","ctor":"Float64Array","array":[0,0,0,0,0,0,1,1,1,1]},"_groupIndex":15,"groupIndex":15},{"__type__":"cc.Node","_name":"icon","_parent":{"__id__":41},"_components":[{"__type__":"fcf5apGFRJIEZkZJ9CwiT4c","node":{"__id__":42},"where":1},{"__type__":"cc.Sprite","node":{"__id__":42},"_materials":[{"__uuid__":"ecpdLyjvZBwrvm+cedCcQy"}],"_spriteFrame":{"__uuid__":"6dXBYrBNtEiKJQUnopu+Lk"},"_type":1},{"__type__":"cc.RigidBody","node":{"__id__":42},"_type":0,"_allowSleep":false,"enabledContactListener":true},{"__type__":"cc.BoxCollider","node":{"__id__":42},"_offset":{"__type__":"cc.Vec2","y":1},"_size":{"__type__":"cc.Size","width":15,"height":299}}],"_prefab":{"__type__":"cc.PrefabInfo","root":{"__id__":1},"asset":{"__uuid__":"dbwS1eXUhMCqcGOd9x01MB"},"fileId":"770GEv7uFI0qms57jfHWwy"},"_contentSize":{"__type__":"cc.Size","width":76,"height":504},"_trs":{"__type__":"TypedArray","ctor":"Float64Array","array":[0,0,0,0,0,0,1,1,1,1]},"_groupIndex":15,"groupIndex":15},{"__type__":"cc.Node","_name":"key copy","_parent":{"__id__":12},"_children":[{"__id__":44},{"__id__":45}],"_prefab":{"__type__":"cc.PrefabInfo","root":{"__id__":1},"asset":{"__uuid__":"dbwS1eXUhMCqcGOd9x01MB"},"fileId":"f21v8WDOlHuJ+9h85Uv4ew"},"_trs":{"__type__":"TypedArray","ctor":"Float64Array","array":[944.435,256.805,0,0,0,-0.9762960071199334,0.2164396139381029,1,1,1]},"_eulerAngles":{"__type__":"cc.Vec3","z":-155}},{"__type__":"cc.Node","_name":"lock","_parent":{"__id__":43},"_components":[{"__type__":"cc.Sprite","node":{"__id__":44},"_materials":[{"__uuid__":"ecpdLyjvZBwrvm+cedCcQy"}],"_spriteFrame":{"__uuid__":"ebm9zOQlFI4IGgCc9Owdfe"}},{"__type__":"15b42uAdtxGLJO3hSFb7eHo","node":{"__id__":44}}],"_prefab":{"__type__":"cc.PrefabInfo","root":{"__id__":1},"asset":{"__uuid__":"dbwS1eXUhMCqcGOd9x01MB"},"fileId":"ebhr7TDqFEvpA2qvqwqIV1"},"_contentSize":{"__type__":"cc.Size","width":56,"height":55},"_trs":{"__type__":"TypedArray","ctor":"Float64Array","array":[-1.086,-119.382,0,0,0,0,1,1,1,1]}},{"__type__":"cc.Node","_name":"key","_parent":{"__id__":43},"_children":[{"__id__":46}],"_prefab":{"__type__":"cc.PrefabInfo","root":{"__id__":1},"asset":{"__uuid__":"dbwS1eXUhMCqcGOd9x01MB"},"fileId":"6frkPjGKNEmYBgIFI4mskB"},"_contentSize":{"__type__":"cc.Size","width":100,"height":200},"_trs":{"__type__":"TypedArray","ctor":"Float64Array","array":[0,0,0,0,0,0,1,1,1,1]},"_groupIndex":15,"groupIndex":15},{"__type__":"cc.Node","_name":"icon","_parent":{"__id__":45},"_components":[{"__type__":"fcf5apGFRJIEZkZJ9CwiT4c","node":{"__id__":46},"keyType":1,"where":1},{"__type__":"cc.Sprite","node":{"__id__":46},"_materials":[{"__uuid__":"ecpdLyjvZBwrvm+cedCcQy"}],"_spriteFrame":{"__uuid__":"6dXBYrBNtEiKJQUnopu+Lk"},"_type":1,"_sizeMode":0},{"__type__":"cc.RigidBody","node":{"__id__":46},"_type":0,"_allowSleep":false,"enabledContactListener":true},{"__type__":"cc.BoxCollider","node":{"__id__":46},"_offset":{"__type__":"cc.Vec2","y":1},"_size":{"__type__":"cc.Size","width":15,"height":299}}],"_prefab":{"__type__":"cc.PrefabInfo","root":{"__id__":1},"asset":{"__uuid__":"dbwS1eXUhMCqcGOd9x01MB"},"fileId":"bcYqKTtFRGVYDsHSseNnay"},"_contentSize":{"__type__":"cc.Size","width":76,"height":414.7},"_trs":{"__type__":"TypedArray","ctor":"Float64Array","array":[0,-44.7,0,0,0,0,1,1,1,1]},"_groupIndex":15,"groupIndex":15},{"__type__":"cc.Node","_name":"qlyv","_parent":{"__id__":1},"_components":[{"__type__":"sp.Skeleton","node":{"__id__":47},"_materials":[{"__uuid__":"7a/QZLET9IDreTiBfRn2PD"}],"defaultAnimation":"zcdz","_preCacheMode":0,"premultipliedAlpha":false,"timeScale":0.6,"_animationName":"zcdz","_N$skeletonData":{"__uuid__":"e1DcgF+MJNYqVd0TpYVkVc"}},{"__type__":"cc.BoxCollider","node":{"__id__":47},"_offset":{"__type__":"cc.Vec2","x":1.4,"y":-0.4},"_size":{"__type__":"cc.Size","width":109.5,"height":62.5}},{"__type__":"c2552Oxe7xA7b1+4Q3u+MW7","node":{"__id__":47}}],"_prefab":{"__type__":"cc.PrefabInfo","root":{"__id__":1},"asset":{"__uuid__":"dbwS1eXUhMCqcGOd9x01MB"},"fileId":"2a+MrDEU5Jw4E50JEt6EUi"},"_contentSize":{"__type__":"cc.Size","width":199,"height":189.38},"_trs":{"__type__":"TypedArray","ctor":"Float64Array","array":[-159.882,130.317,0,0,0,0,1,1,1,1]},"_groupIndex":30,"groupIndex":30},{"__type__":"cc.Node","_name":"qlyv copy","_parent":{"__id__":1},"_components":[{"__type__":"sp.Skeleton","node":{"__id__":48},"_materials":[{"__uuid__":"7a/QZLET9IDreTiBfRn2PD"}],"defaultAnimation":"zcdz2","_preCacheMode":0,"premultipliedAlpha":false,"timeScale":0.8,"_animationName":"zcdz2","_N$skeletonData":{"__uuid__":"e1DcgF+MJNYqVd0TpYVkVc"}},{"__type__":"c2552Oxe7xA7b1+4Q3u+MW7","node":{"__id__":48}},{"__type__":"cc.BoxCollider","node":{"__id__":48},"_offset":{"__type__":"cc.Vec2","x":-7,"y":-3},"_size":{"__type__":"cc.Size","width":152,"height":102}}],"_prefab":{"__type__":"cc.PrefabInfo","root":{"__id__":1},"asset":{"__uuid__":"dbwS1eXUhMCqcGOd9x01MB"},"fileId":"c9uGRIFopHKpkO1SMUDgTr"},"_contentSize":{"__type__":"cc.Size","width":199,"height":189.38},"_trs":{"__type__":"TypedArray","ctor":"Float64Array","array":[310.442,-20.159,0,0,0,0,1,-1,1,1]},"_groupIndex":30,"groupIndex":30},{"__type__":"cc.Node","_name":"sddh","_parent":{"__id__":1},"_components":[{"__type__":"sp.Skeleton","node":{"__id__":49},"_materials":[{"__uuid__":"7a/QZLET9IDreTiBfRn2PD"}],"defaultAnimation":"animation","_preCacheMode":0,"premultipliedAlpha":false,"_animationName":"animation","_N$skeletonData":{"__uuid__":"2aOSRv5SFHuowqH5zz7fG1"}},{"__type__":"cc.BoxCollider","node":{"__id__":49},"_offset":{"__type__":"cc.Vec2","x":13,"y":157},"_size":{"__type__":"cc.Size","width":138,"height":342}},{"__type__":"74351X921RPAISvNBb0KS39","node":{"__id__":49}}],"_prefab":{"__type__":"cc.PrefabInfo","root":{"__id__":1},"asset":{"__uuid__":"dbwS1eXUhMCqcGOd9x01MB"},"fileId":"c5TLrTYO1OzbNZWbxAUguy"},"_contentSize":{"__type__":"cc.Size","width":164,"height":161},"_trs":{"__type__":"TypedArray","ctor":"Float64Array","array":[1185.212,-133.642,0,0,0,0,1,1,1,1]},"_groupIndex":28,"groupIndex":28},{"__type__":"cc.Node","_name":"sddh copy","_parent":{"__id__":1},"_components":[{"__type__":"sp.Skeleton","node":{"__id__":50},"_materials":[{"__uuid__":"7a/QZLET9IDreTiBfRn2PD"}],"defaultAnimation":"animation","_preCacheMode":0,"premultipliedAlpha":false,"_animationName":"animation","_N$skeletonData":{"__uuid__":"2aOSRv5SFHuowqH5zz7fG1"}},{"__type__":"cc.BoxCollider","node":{"__id__":50},"_offset":{"__type__":"cc.Vec2","x":13,"y":157},"_size":{"__type__":"cc.Size","width":138,"height":342}},{"__type__":"74351X921RPAISvNBb0KS39","node":{"__id__":50}}],"_prefab":{"__type__":"cc.PrefabInfo","root":{"__id__":1},"asset":{"__uuid__":"dbwS1eXUhMCqcGOd9x01MB"},"fileId":"4cL2IRT3RJ95Gw87svjV1S"},"_contentSize":{"__type__":"cc.Size","width":164,"height":161},"_trs":{"__type__":"TypedArray","ctor":"Float64Array","array":[1849.784,-133.642,0,0,0,0,1,1,1,1]},"_groupIndex":28,"groupIndex":28},{"__type__":"cc.Node","_name":"jt","_parent":{"__id__":1},"_components":[{"__type__":"sp.Skeleton","node":{"__id__":51},"_materials":[{"__uuid__":"7a/QZLET9IDreTiBfRn2PD"}],"defaultAnimation":"animation","_preCacheMode":0,"premultipliedAlpha":false,"_animationName":"animation","_N$skeletonData":{"__uuid__":"19+H+W/p9BsLNUbqevx73X"}},{"__type__":"8129dBaWYFCnbCuQ9KTwNkc","node":{"__id__":51}},{"__type__":"cc.BoxCollider","node":{"__id__":51},"_size":{"__type__":"cc.Size","width":118,"height":77}}],"_prefab":{"__type__":"cc.PrefabInfo","root":{"__id__":1},"asset":{"__uuid__":"dbwS1eXUhMCqcGOd9x01MB"},"fileId":"3f/PxhdIlCcYmKTAkmnpGV"},"_contentSize":{"__type__":"cc.Size","width":118,"height":77},"_trs":{"__type__":"TypedArray","ctor":"Float64Array","array":[1965.687,152.774,0,0,0,0,1,1,1,1]},"_groupIndex":18,"groupIndex":18},{"__type__":"cc.Node","_name":"close","_parent":{"__id__":1},"_components":[{"__type__":"cc.BoxCollider","node":{"__id__":52}}],"_prefab":{"__type__":"cc.PrefabInfo","root":{"__id__":1},"asset":{"__uuid__":"dbwS1eXUhMCqcGOd9x01MB"},"fileId":"bcdNNvzXFLN7J0HSHXSOMd"},"_trs":{"__type__":"TypedArray","ctor":"Float64Array","array":[2133.453,138.937,0,0,0,0,1,1,1,1]},"_groupIndex":23,"groupIndex":23},{"__type__":"cc.Node","_name":"shazi","_parent":{"__id__":1},"_children":[{"__id__":54},{"__id__":60}],"_prefab":{"__type__":"cc.PrefabInfo","root":{"__id__":1},"asset":{"__uuid__":"dbwS1eXUhMCqcGOd9x01MB"},"fileId":"04dMGHPbFAIbyc6+gKXMdl"},"_trs":{"__type__":"TypedArray","ctor":"Float64Array","array":[0,0,0,0,0,0,1,1,1,1]}},{"__type__":"cc.Node","_name":"1","_parent":{"__id__":53},"_children":[{"__id__":55},{"__id__":56},{"__id__":57},{"__id__":58},{"__id__":59}],"_prefab":{"__type__":"cc.PrefabInfo","root":{"__id__":1},"asset":{"__uuid__":"dbwS1eXUhMCqcGOd9x01MB"},"fileId":"fatnSUBxlKKK2iDCHcmYT7"},"_trs":{"__type__":"TypedArray","ctor":"Float64Array","array":[0,0,0,0,0,0,1,1,1,1]}},{"__type__":"cc.Node","_name":"j1","_parent":{"__id__":54},"_components":[{"__type__":"cc.Sprite","node":{"__id__":55},"_materials":[{"__uuid__":"ecpdLyjvZBwrvm+cedCcQy"}],"_spriteFrame":{"__uuid__":"a5qkuaY2xEwZ0bqD19VLOo"},"_sizeMode":0}],"_prefab":{"__type__":"cc.PrefabInfo","root":{"__id__":1},"asset":{"__uuid__":"dbwS1eXUhMCqcGOd9x01MB"},"fileId":"a5WnHRd7RDxYxxBjFcFwpF"},"_contentSize":{"__type__":"cc.Size","width":262,"height":237},"_trs":{"__type__":"TypedArray","ctor":"Float64Array","array":[1013,254,0,0,0,0,1,1,1,1]}},{"__type__":"cc.Node","_name":"szdh","_parent":{"__id__":54},"_active":false,"_components":[{"__type__":"sp.Skeleton","node":{"__id__":56},"_materials":[{"__uuid__":"7a/QZLET9IDreTiBfRn2PD"}],"defaultAnimation":"animation","_preCacheMode":0,"loop":false,"premultipliedAlpha":false,"_animationName":"animation","_N$skeletonData":{"__uuid__":"5dG5hneu1FI68jNTSjUzFv"}}],"_prefab":{"__type__":"cc.PrefabInfo","root":{"__id__":1},"asset":{"__uuid__":"dbwS1eXUhMCqcGOd9x01MB"},"fileId":"e2Z3VHPUNMN6l3EUGHi/HJ"},"_contentSize":{"__type__":"cc.Size","width":190,"height":167},"_trs":{"__type__":"TypedArray","ctor":"Float64Array","array":[899.995,135.511,0,0,0,0,1,1.56,1.696,1.696]}},{"__type__":"cc.Node","_name":"d1","_parent":{"__id__":54},"_active":false,"_components":[{"__type__":"cc.Sprite","node":{"__id__":57},"_materials":[{"__uuid__":"ecpdLyjvZBwrvm+cedCcQy"}],"_spriteFrame":{"__uuid__":"d3iNtSk0xJWqvL9DzXGpEg"},"_sizeMode":0},{"__type__":"cc.BoxCollider","node":{"__id__":57},"_size":{"__type__":"cc.Size","width":306,"height":210}}],"_prefab":{"__type__":"cc.PrefabInfo","root":{"__id__":1},"asset":{"__uuid__":"dbwS1eXUhMCqcGOd9x01MB"},"fileId":"286jse4SVPD6syrJHOyDS6"},"_contentSize":{"__type__":"cc.Size","width":306,"height":210},"_trs":{"__type__":"TypedArray","ctor":"Float64Array","array":[815,-35,0,0,0,0,1,1,1,1]},"_groupIndex":29,"groupIndex":29},{"__type__":"cc.Node","_name":"szdh copy","_parent":{"__id__":54},"_active":false,"_components":[{"__type__":"sp.Skeleton","node":{"__id__":58},"_materials":[{"__uuid__":"7a/QZLET9IDreTiBfRn2PD"}],"defaultAnimation":"animation","_preCacheMode":0,"loop":false,"premultipliedAlpha":false,"_animationName":"animation","_playTimes":1,"_N$skeletonData":{"__uuid__":"5dG5hneu1FI68jNTSjUzFv"}}],"_prefab":{"__type__":"cc.PrefabInfo","root":{"__id__":1},"asset":{"__uuid__":"dbwS1eXUhMCqcGOd9x01MB"},"fileId":"a5dEgO2jNHtK7o4Eb7s9W5"},"_contentSize":{"__type__":"cc.Size","width":190,"height":167},"_trs":{"__type__":"TypedArray","ctor":"Float64Array","array":[1112.21,104.227,0,0,0,0,1,1.56,2.374,1.696]}},{"__type__":"cc.Node","_name":"d1 copy","_parent":{"__id__":54},"_active":false,"_components":[{"__type__":"cc.Sprite","node":{"__id__":59},"_materials":[{"__uuid__":"ecpdLyjvZBwrvm+cedCcQy"}],"_spriteFrame":{"__uuid__":"d3iNtSk0xJWqvL9DzXGpEg"},"_sizeMode":0},{"__type__":"cc.BoxCollider","node":{"__id__":59},"_size":{"__type__":"cc.Size","width":347,"height":228}}],"_prefab":{"__type__":"cc.PrefabInfo","root":{"__id__":1},"asset":{"__uuid__":"dbwS1eXUhMCqcGOd9x01MB"},"fileId":"19F/7yXIhOcamjF1GOgT6N"},"_contentSize":{"__type__":"cc.Size","width":347,"height":228},"_trs":{"__type__":"TypedArray","ctor":"Float64Array","array":[1132,-31,0,0,0,0,1,1,1,1]},"_groupIndex":29,"groupIndex":29},{"__type__":"cc.Node","_name":"2","_parent":{"__id__":53},"_children":[{"__id__":61},{"__id__":62},{"__id__":63},{"__id__":64},{"__id__":65}],"_prefab":{"__type__":"cc.PrefabInfo","root":{"__id__":1},"asset":{"__uuid__":"dbwS1eXUhMCqcGOd9x01MB"},"fileId":"85KJ96xYJOCqQ88hW0AJ01"},"_trs":{"__type__":"TypedArray","ctor":"Float64Array","array":[0,0,0,0,0,0,1,1,1,1]}},{"__type__":"cc.Node","_name":"jing","_parent":{"__id__":60},"_components":[{"__type__":"cc.Sprite","node":{"__id__":61},"_materials":[{"__uuid__":"ecpdLyjvZBwrvm+cedCcQy"}],"_spriteFrame":{"__uuid__":"94Jo8rKhhHZ6Ex72jyehBQ"},"_sizeMode":0}],"_prefab":{"__type__":"cc.PrefabInfo","root":{"__id__":1},"asset":{"__uuid__":"dbwS1eXUhMCqcGOd9x01MB"},"fileId":"292MAO7zVFzKWbNiReAgwf"},"_contentSize":{"__type__":"cc.Size","width":187,"height":435},"_trs":{"__type__":"TypedArray","ctor":"Float64Array","array":[1605,98,0,0,0,0,1,1,1,1]}},{"__type__":"cc.Node","_name":"szdh","_parent":{"__id__":60},"_active":false,"_components":[{"__type__":"sp.Skeleton","node":{"__id__":62},"_materials":[{"__uuid__":"7a/QZLET9IDreTiBfRn2PD"}],"defaultAnimation":"animation","_preCacheMode":0,"loop":false,"premultipliedAlpha":false,"_animationName":"animation","_N$skeletonData":{"__uuid__":"5dG5hneu1FI68jNTSjUzFv"}}],"_prefab":{"__type__":"cc.PrefabInfo","root":{"__id__":1},"asset":{"__uuid__":"dbwS1eXUhMCqcGOd9x01MB"},"fileId":"d5tzh7Af1Ey4Yy5nXX+/ZI"},"_contentSize":{"__type__":"cc.Size","width":190,"height":167},"_trs":{"__type__":"TypedArray","ctor":"Float64Array","array":[1455.816,68.533,0,0,0,0,1,1.414,1.414,1.414]}},{"__type__":"cc.Node","_name":"3","_parent":{"__id__":60},"_active":false,"_components":[{"__type__":"cc.Sprite","node":{"__id__":63},"_materials":[{"__uuid__":"ecpdLyjvZBwrvm+cedCcQy"}],"_spriteFrame":{"__uuid__":"ceRmH844NOvokgXcJ0e7gZ"},"_sizeMode":0},{"__type__":"cc.BoxCollider","node":{"__id__":63},"_size":{"__type__":"cc.Size","width":392,"height":213}}],"_prefab":{"__type__":"cc.PrefabInfo","root":{"__id__":1},"asset":{"__uuid__":"dbwS1eXUhMCqcGOd9x01MB"},"fileId":"dapJeNxWRJMKEUu2V/b7uk"},"_contentSize":{"__type__":"cc.Size","width":392,"height":213},"_trs":{"__type__":"TypedArray","ctor":"Float64Array","array":[1307,-31,0,0,0,0,1,1,1,1]},"_groupIndex":29,"groupIndex":29},{"__type__":"cc.Node","_name":"szdh copy","_parent":{"__id__":60},"_active":false,"_components":[{"__type__":"sp.Skeleton","node":{"__id__":64},"_materials":[{"__uuid__":"7a/QZLET9IDreTiBfRn2PD"}],"defaultAnimation":"animation","_preCacheMode":0,"loop":false,"premultipliedAlpha":false,"_animationName":"animation","_playTimes":1,"_N$skeletonData":{"__uuid__":"5dG5hneu1FI68jNTSjUzFv"}}],"_prefab":{"__type__":"cc.PrefabInfo","root":{"__id__":1},"asset":{"__uuid__":"dbwS1eXUhMCqcGOd9x01MB"},"fileId":"219k+vz+lO76XXlxG320od"},"_contentSize":{"__type__":"cc.Size","width":190,"height":167},"_trs":{"__type__":"TypedArray","ctor":"Float64Array","array":[1734.103,64.379,0,0,0,0,1,1.414,1.414,1.414]}},{"__type__":"cc.Node","_name":"3 copy","_parent":{"__id__":60},"_active":false,"_components":[{"__type__":"cc.Sprite","node":{"__id__":65},"_materials":[{"__uuid__":"ecpdLyjvZBwrvm+cedCcQy"}],"_spriteFrame":{"__uuid__":"ceRmH844NOvokgXcJ0e7gZ"},"_sizeMode":0},{"__type__":"cc.BoxCollider","node":{"__id__":65},"_size":{"__type__":"cc.Size","width":392,"height":213}}],"_prefab":{"__type__":"cc.PrefabInfo","root":{"__id__":1},"asset":{"__uuid__":"dbwS1eXUhMCqcGOd9x01MB"},"fileId":"2cR8ULjBxErZy2ltdYDft2"},"_contentSize":{"__type__":"cc.Size","width":392,"height":213},"_trs":{"__type__":"TypedArray","ctor":"Float64Array","array":[1799.195,-28.923,0,0,0,0,1,1,1,1]},"_groupIndex":29,"groupIndex":29}],{"__type__":"cc.SpriteFrame","content":{"name":"13","texture":"dfCaFZG+FGYaLf+UwdGJVj","rect":[0,0,1080,853],"offset":[0,0],"originalSize":[1080,853],"capInsets":[0,0,0,0]}}]