[{"__type__":"cc.SpriteFrame","content":{"name":"15zz1","texture":"52hvXJyJlBvJS2X4M9/0Rb","rect":[0,0,388,359],"offset":[0,0],"originalSize":[388,359],"capInsets":[0,0,0,0]}},{"__type__":"cc.SpriteFrame","content":{"name":"15","texture":"80kxlopzRH+LKVyh9Oomot","rect":[0,0,1080,1669],"offset":[0,0],"originalSize":[1080,1669],"capInsets":[0,0,0,0]}},{"__type__":"cc.SpriteFrame","content":{"name":"t204","texture":"7bQGCufq1OUqCKV3c6NvMt","rect":[0,0,715,669],"offset":[0,0],"originalSize":[715,669],"capInsets":[0,0,0,0]}},{"__type__":"cc.SpriteFrame","content":{"name":"15","texture":"41D8/YLbdL05ug2mQrp8xX","rect":[0,0,979,1328],"offset":[0,0],"originalSize":[979,1328],"capInsets":[0,0,0,0]}},[{"__type__":"cc.Prefab","_name":"level_15","data":{"__id__":1}},{"__type__":"cc.Node","_name":"level_15","_children":[{"__id__":2},{"__id__":4},{"__id__":5},{"__id__":6},{"__id__":18},{"__id__":52},{"__id__":54},{"__id__":55},{"__id__":56},{"__id__":57}],"_components":[{"__type__":"81527qX50pJ357GbrSLxYUt","node":{"__id__":1},"player":{"__id__":4},"enemyNode":{"__id__":5},"keyNode":[{"__id__":22},{"__id__":27},{"__id__":32},{"__id__":37},{"__id__":42},{"__id__":49}],"jitui":{"__id__":54},"closNode":{"__id__":55},"liuyanjing":{"__id__":56},"dainjv":{"__id__":52},"jingyanjiang":{"__id__":7}}],"_prefab":{"__type__":"cc.PrefabInfo","root":{"__id__":1},"asset":{"__uuid__":"d2uOJdPGxFyKpLbyCQHFEL"},"fileId":"0bqOlIeldFqY09f17PNsY6"},"_trs":{"__type__":"TypedArray","ctor":"Float64Array","array":[0,96.958,0,0,0,0,1,1,1,1]}},{"__type__":"cc.Node","_name":"bg","_parent":{"__id__":1},"_children":[{"__id__":3}],"_components":[{"__type__":"cc.Sprite","node":{"__id__":2},"_materials":[{"__uuid__":"ecpdLyjvZBwrvm+cedCcQy"}],"_spriteFrame":{"__uuid__":"64Zdo4qTBIu5EzuxaO+v06"}},{"__type__":"cc.RigidBody","node":{"__id__":2},"_type":0},{"__type__":"cc.PhysicsBoxCollider","node":{"__id__":2},"_offset":{"__type__":"cc.Vec2","y":-536},"_size":{"__type__":"cc.Size","width":979,"height":74}}],"_prefab":{"__type__":"cc.PrefabInfo","root":{"__id__":1},"asset":{"__uuid__":"d2uOJdPGxFyKpLbyCQHFEL"},"fileId":"40d1elTqBEZ7rRzC6LdrED"},"_contentSize":{"__type__":"cc.Size","width":979,"height":1328},"_trs":{"__type__":"TypedArray","ctor":"Float64Array","array":[49.247,0,0,0,0,0,1,1,1,1]},"_groupIndex":17,"groupIndex":17},{"__type__":"cc.Node","_name":"1","_parent":{"__id__":2},"_components":[{"__type__":"cc.Sprite","node":{"__id__":3},"_materials":[{"__uuid__":"ecpdLyjvZBwrvm+cedCcQy"}],"_spriteFrame":{"__uuid__":"37sTRAbPxNz6ejh4sXlCzg"}}],"_prefab":{"__type__":"cc.PrefabInfo","root":{"__id__":1},"asset":{"__uuid__":"d2uOJdPGxFyKpLbyCQHFEL"},"fileId":"0buhjmFPpL168ojTd2lhEc"},"_contentSize":{"__type__":"cc.Size","width":1080,"height":1669},"_trs":{"__type__":"TypedArray","ctor":"Float64Array","array":[1029.068,50,0,0,0,0,1,1,1,1]}},{"__type__":"cc.Node","_name":"players","_parent":{"__id__":1},"_components":[{"__type__":"sp.Skeleton","node":{"__id__":4},"_materials":[{"__uuid__":"7a/QZLET9IDreTiBfRn2PD"}],"defaultAnimation":"youdong1","_preCacheMode":0,"premultipliedAlpha":false,"_animationName":"youdong1","_N$skeletonData":{"__uuid__":"7eXUSETlJAmq9Nf/NmhP+m"}},{"__type__":"01f289XMctJip07hmhMcMgM","node":{"__id__":4},"left":-500,"right":500},{"__type__":"cc.PolygonCollider","node":{"__id__":4},"points":[{"__type__":"cc.Vec2","x":-40.9,"y":-33.1},{"__type__":"cc.Vec2","x":45.8,"y":-35.2},{"__type__":"cc.Vec2","x":69.4,"y":-8.6},{"__type__":"cc.Vec2","x":33.6,"y":39.6},{"__type__":"cc.Vec2","x":-32.6,"y":32.4},{"__type__":"cc.Vec2","x":-57,"y":5.7}]}],"_prefab":{"__type__":"cc.PrefabInfo","root":{"__id__":1},"asset":{"__uuid__":"d2uOJdPGxFyKpLbyCQHFEL"},"fileId":"97ejZN70xMpLuevXcQk45W"},"_contentSize":{"__type__":"cc.Size","width":298.26,"height":205.43},"_trs":{"__type__":"TypedArray","ctor":"Float64Array","array":[1391.434,-511.214,0,0,0,0,1,-1,1,1]},"_groupIndex":19,"groupIndex":19},{"__type__":"cc.Node","_name":"evilFish","_parent":{"__id__":1},"_active":false,"_components":[{"__type__":"sp.Skeleton","node":{"__id__":5},"_materials":[{"__uuid__":"7a/QZLET9IDreTiBfRn2PD"}],"defaultAnimation":"animation1","_preCacheMode":0,"premultipliedAlpha":false,"_animationName":"animation1","_N$skeletonData":{"__uuid__":"2dpI0oihRHGrJT4rUVPvz4"}},{"__type__":"66137pFLtNEVJCAqJ1GJ27J","node":{"__id__":5}},{"__type__":"cc.BoxCollider","node":{"__id__":5},"_offset":{"__type__":"cc.Vec2","x":-22.3,"y":13.6},"_size":{"__type__":"cc.Size","width":188,"height":80.1}}],"_prefab":{"__type__":"cc.PrefabInfo","root":{"__id__":1},"asset":{"__uuid__":"d2uOJdPGxFyKpLbyCQHFEL"},"fileId":"31lh6RK4lKpaL/eCzECVvI"},"_opacity":0,"_contentSize":{"__type__":"cc.Size","width":242.6,"height":165},"_trs":{"__type__":"TypedArray","ctor":"Float64Array","array":[1483.079,-531.88,0,0,0,0,1,-0.8,0.8,1]},"_groupIndex":22,"groupIndex":22},{"__type__":"cc.Node","_name":"donghua","_parent":{"__id__":1},"_children":[{"__id__":7},{"__id__":9},{"__id__":11}],"_prefab":{"__type__":"cc.PrefabInfo","root":{"__id__":1},"asset":{"__uuid__":"d2uOJdPGxFyKpLbyCQHFEL"},"fileId":"6dtwYSwwxHE6F/+tLUBzgL"},"_trs":{"__type__":"TypedArray","ctor":"Float64Array","array":[0,0,0,0,0,0,1,1,1,1]}},{"__type__":"cc.Node","_name":"yanjign","_parent":{"__id__":6},"_children":[{"__id__":8}],"_components":[{"__type__":"cc.Mask","node":{"__id__":7},"_materials":[{"__uuid__":"ecpdLyjvZBwrvm+cedCcQy"}],"_spriteFrame":{"__uuid__":"d3lr2V8gBHvoin24as+QRO"},"_type":2,"_N$alphaThreshold":0.2},{"__type__":"cc.BoxCollider","node":{"__id__":7},"_size":{"__type__":"cc.Size","width":345.6,"height":164.5}}],"_prefab":{"__type__":"cc.PrefabInfo","root":{"__id__":1},"asset":{"__uuid__":"d2uOJdPGxFyKpLbyCQHFEL"},"fileId":"c4Ql9U6IhNjqThvOL+INDV"},"_contentSize":{"__type__":"cc.Size","width":345.6,"height":164.5},"_trs":{"__type__":"TypedArray","ctor":"Float64Array","array":[-241.7,138.6,0,0,0,0,1,1,1,1]},"_groupIndex":26,"groupIndex":26},{"__type__":"cc.Node","_name":"yjdh","_parent":{"__id__":7},"_components":[{"__type__":"sp.Skeleton","node":{"__id__":8},"_materials":[{"__uuid__":"7a/QZLET9IDreTiBfRn2PD"}],"defaultAnimation":"m","_preCacheMode":0,"premultipliedAlpha":false,"_animationName":"m","_N$skeletonData":{"__uuid__":"c3VGNJO75D/4nsedQPqEKJ"}}],"_prefab":{"__type__":"cc.PrefabInfo","root":{"__id__":1},"asset":{"__uuid__":"d2uOJdPGxFyKpLbyCQHFEL"},"fileId":"76olX3fE9E2atB0854rhcK"},"_contentSize":{"__type__":"cc.Size","width":3240,"height":3072.9},"_trs":{"__type__":"TypedArray","ctor":"Float64Array","array":[-11.382,1.626,0,0,0,0,1,1,1,1]}},{"__type__":"cc.Node","_name":"duwu","_parent":{"__id__":6},"_children":[{"__id__":10}],"_components":[{"__type__":"cc.Mask","node":{"__id__":9},"_materials":[{"__uuid__":"ecpdLyjvZBwrvm+cedCcQy"}],"_spriteFrame":{"__uuid__":"1axrNj6MxKvqB4oCwSVnHV"},"_type":2}],"_prefab":{"__type__":"cc.PrefabInfo","root":{"__id__":1},"asset":{"__uuid__":"d2uOJdPGxFyKpLbyCQHFEL"},"fileId":"bbLWzYNd9EH5a8rHrYWXSq"},"_contentSize":{"__type__":"cc.Size","width":388,"height":359},"_trs":{"__type__":"TypedArray","ctor":"Float64Array","array":[153.584,465.268,0,0,0,0,1,1,1,1]}},{"__type__":"cc.Node","_name":"dsdh","_parent":{"__id__":9},"_components":[{"__type__":"sp.Skeleton","node":{"__id__":10},"_materials":[{"__uuid__":"7a/QZLET9IDreTiBfRn2PD"}],"defaultAnimation":"m","_preCacheMode":0,"premultipliedAlpha":false,"_animationName":"m","_N$skeletonData":{"__uuid__":"36kv17fgBCoaksls3Yv/7r"}}],"_prefab":{"__type__":"cc.PrefabInfo","root":{"__id__":1},"asset":{"__uuid__":"d2uOJdPGxFyKpLbyCQHFEL"},"fileId":"dafjPqw5hHULK+0YiW9P4f"},"_contentSize":{"__type__":"cc.Size","width":3240,"height":2803.73},"_trs":{"__type__":"TypedArray","ctor":"Float64Array","array":[-56.763000000000005,8.119000000000028,0,0,0,0,1,1,1,1]}},{"__type__":"cc.Node","_name":"ks","_parent":{"__id__":6},"_children":[{"__id__":12},{"__id__":14},{"__id__":16}],"_prefab":{"__type__":"cc.PrefabInfo","root":{"__id__":1},"asset":{"__uuid__":"d2uOJdPGxFyKpLbyCQHFEL"},"fileId":"b0QezoiFxKB5Er7O+nyHHh"},"_trs":{"__type__":"TypedArray","ctor":"Float64Array","array":[0,0,0,0,0,0,1,1,1,1]}},{"__type__":"cc.Node","_name":"l1","_parent":{"__id__":11},"_children":[{"__id__":13}],"_active":false,"_components":[{"__type__":"cc.Mask","node":{"__id__":12},"_materials":[{"__uuid__":"ecpdLyjvZBwrvm+cedCcQy"}],"_spriteFrame":{"__uuid__":"d7q8NwCO1PhqxEyyhJkVGo"},"_type":2}],"_prefab":{"__type__":"cc.PrefabInfo","root":{"__id__":1},"asset":{"__uuid__":"d2uOJdPGxFyKpLbyCQHFEL"},"fileId":"bfSWGUJz5LE7U7QsSr0IwA"},"_contentSize":{"__type__":"cc.Size","width":480,"height":292},"_trs":{"__type__":"TypedArray","ctor":"Float64Array","array":[-179.214,329.653,0,0,0,0,1,1,1,1]},"_groupIndex":24,"groupIndex":24},{"__type__":"cc.Node","_name":"dsdh copy","_parent":{"__id__":12},"_components":[{"__type__":"sp.Skeleton","node":{"__id__":13},"_materials":[{"__uuid__":"7a/QZLET9IDreTiBfRn2PD"}],"_preCacheMode":0,"_N$skeletonData":{"__uuid__":"36kv17fgBCoaksls3Yv/7r"}}],"_prefab":{"__type__":"cc.PrefabInfo","root":{"__id__":1},"asset":{"__uuid__":"d2uOJdPGxFyKpLbyCQHFEL"},"fileId":"f63DfceoJPgZKE0AWPnMYq"},"_contentSize":{"__type__":"cc.Size","width":3240,"height":2803.73},"_trs":{"__type__":"TypedArray","ctor":"Float64Array","array":[96.821,473.387,0,0,0,0,1,1,1,1]}},{"__type__":"cc.Node","_name":"l2","_parent":{"__id__":11},"_children":[{"__id__":15}],"_active":false,"_components":[{"__type__":"cc.Mask","node":{"__id__":14},"_materials":[{"__uuid__":"ecpdLyjvZBwrvm+cedCcQy"}],"_spriteFrame":{"__uuid__":"d3lr2V8gBHvoin24as+QRO"},"_type":2}],"_prefab":{"__type__":"cc.PrefabInfo","root":{"__id__":1},"asset":{"__uuid__":"d2uOJdPGxFyKpLbyCQHFEL"},"fileId":"9d5xTtbl9IUbSJNAHH10Ap"},"_contentSize":{"__type__":"cc.Size","width":351,"height":133},"_trs":{"__type__":"TypedArray","ctor":"Float64Array","array":[-239.69,120.254,0,0,0,0,1,1,1,1]},"_groupIndex":24,"groupIndex":24},{"__type__":"cc.Node","_name":"dsdh copy","_parent":{"__id__":14},"_components":[{"__type__":"sp.Skeleton","node":{"__id__":15},"_materials":[{"__uuid__":"7a/QZLET9IDreTiBfRn2PD"}],"_preCacheMode":0,"_N$skeletonData":{"__uuid__":"36kv17fgBCoaksls3Yv/7r"}}],"_prefab":{"__type__":"cc.PrefabInfo","root":{"__id__":1},"asset":{"__uuid__":"d2uOJdPGxFyKpLbyCQHFEL"},"fileId":"aaXb0pwURGtLkrlmH8rQEb"},"_contentSize":{"__type__":"cc.Size","width":3240,"height":2803.73},"_trs":{"__type__":"TypedArray","ctor":"Float64Array","array":[-82.393,803.04,0,0,0,0,1,1,1,1]}},{"__type__":"cc.Node","_name":"t3","_parent":{"__id__":11},"_children":[{"__id__":17}],"_active":false,"_components":[{"__type__":"cc.Mask","node":{"__id__":16},"_materials":[{"__uuid__":"ecpdLyjvZBwrvm+cedCcQy"}],"_spriteFrame":{"__uuid__":"601mSIU5ZGsrMqOpR8J+Ko"},"_type":2}],"_prefab":{"__type__":"cc.PrefabInfo","root":{"__id__":1},"asset":{"__uuid__":"d2uOJdPGxFyKpLbyCQHFEL"},"fileId":"46rBuC0/tIDIyPZHZZCVln"},"_contentSize":{"__type__":"cc.Size","width":715,"height":669},"_trs":{"__type__":"TypedArray","ctor":"Float64Array","array":[-61.092,-297.539,0,0,0,0,1,1,1,1]},"_groupIndex":24,"groupIndex":24},{"__type__":"cc.Node","_name":"dsdh copy","_parent":{"__id__":16},"_components":[{"__type__":"sp.Skeleton","node":{"__id__":17},"_materials":[{"__uuid__":"7a/QZLET9IDreTiBfRn2PD"}],"defaultAnimation":"m","_preCacheMode":0,"premultipliedAlpha":false,"_animationName":"m","_N$skeletonData":{"__uuid__":"36kv17fgBCoaksls3Yv/7r"}}],"_prefab":{"__type__":"cc.PrefabInfo","root":{"__id__":1},"asset":{"__uuid__":"d2uOJdPGxFyKpLbyCQHFEL"},"fileId":"38WuAPqK5LyanlI+NuFXMp"},"_contentSize":{"__type__":"cc.Size","width":3240,"height":2803.73},"_trs":{"__type__":"TypedArray","ctor":"Float64Array","array":[65.925,962.095,0,0,0,0,1,1,1,1]}},{"__type__":"cc.Node","_name":"key","_parent":{"__id__":1},"_children":[{"__id__":19},{"__id__":23},{"__id__":28},{"__id__":33},{"__id__":38},{"__id__":43}],"_prefab":{"__type__":"cc.PrefabInfo","root":{"__id__":1},"asset":{"__uuid__":"d2uOJdPGxFyKpLbyCQHFEL"},"fileId":"dfhje9HE9I3JzIf95uxKAX"},"_trs":{"__type__":"TypedArray","ctor":"Float64Array","array":[0,0,0,0,0,0,1,1,1,1]}},{"__type__":"cc.Node","_name":"key","_parent":{"__id__":18},"_children":[{"__id__":20},{"__id__":21},{"__type__":"cc.Node","_name":"key","_parent":{"__id__":19},"_prefab":{"__type__":"cc.PrefabInfo","root":{"__id__":1},"asset":{"__uuid__":"d2uOJdPGxFyKpLbyCQHFEL"},"fileId":"48f5R5tDJGT4XiLUDBUTt4"},"_contentSize":{"__type__":"cc.Size","width":100,"height":200},"_trs":{"__type__":"TypedArray","ctor":"Float64Array","array":[0,0,0,0,0,0,1,1,1,1]},"_groupIndex":15,"groupIndex":15},{"__id__":22}],"_prefab":{"__type__":"cc.PrefabInfo","root":{"__id__":1},"asset":{"__uuid__":"d2uOJdPGxFyKpLbyCQHFEL"},"fileId":"e9Wgz+zHxD74I3odDD0a87"},"_trs":{"__type__":"TypedArray","ctor":"Float64Array","array":[1096.746,-517.578,0,0,0,1,6.123233995736766e-17,1,1,1]},"_eulerAngles":{"__type__":"cc.Vec3","z":180}},{"__type__":"cc.Node","_name":"lock","_parent":{"__id__":19},"_components":[{"__type__":"cc.Sprite","node":{"__id__":20},"_materials":[{"__uuid__":"ecpdLyjvZBwrvm+cedCcQy"}],"_spriteFrame":{"__uuid__":"ebm9zOQlFI4IGgCc9Owdfe"}},{"__type__":"15b42uAdtxGLJO3hSFb7eHo","node":{"__id__":20}}],"_prefab":{"__type__":"cc.PrefabInfo","root":{"__id__":1},"asset":{"__uuid__":"d2uOJdPGxFyKpLbyCQHFEL"},"fileId":"62lN0G5lpDvK6RmGxfdg1L"},"_contentSize":{"__type__":"cc.Size","width":56,"height":55},"_trs":{"__type__":"TypedArray","ctor":"Float64Array","array":[4.018,-131.631,0,0,0,0,1,1,1,1]}},{"__type__":"cc.Node","_name":"lock","_parent":{"__id__":19},"_components":[{"__type__":"cc.Sprite","node":{"__id__":21},"_materials":[{"__uuid__":"ecpdLyjvZBwrvm+cedCcQy"}],"_spriteFrame":{"__uuid__":"ebm9zOQlFI4IGgCc9Owdfe"}},{"__type__":"15b42uAdtxGLJO3hSFb7eHo","node":{"__id__":21}}],"_prefab":{"__type__":"cc.PrefabInfo","root":{"__id__":1},"asset":{"__uuid__":"d2uOJdPGxFyKpLbyCQHFEL"},"fileId":"00f5V1bXVGCZVYdgTd0+5Z"},"_contentSize":{"__type__":"cc.Size","width":56,"height":55},"_trs":{"__type__":"TypedArray","ctor":"Float64Array","array":[1.976,125.727,0,0,0,0,1,1,1,1]}},{"__type__":"cc.Node","_name":"icon","_parent":{"__id__":19},"_components":[{"__type__":"fcf5apGFRJIEZkZJ9CwiT4c","node":{"__id__":22},"keyType":1,"where":1},{"__type__":"cc.Sprite","node":{"__id__":22},"_materials":[{"__uuid__":"ecpdLyjvZBwrvm+cedCcQy"}],"_spriteFrame":{"__uuid__":"6dXBYrBNtEiKJQUnopu+Lk"},"_type":1,"_sizeMode":0},{"__type__":"cc.RigidBody","node":{"__id__":22},"_type":0,"_allowSleep":false,"enabledContactListener":true},{"__type__":"cc.BoxCollider","node":{"__id__":22},"_offset":{"__type__":"cc.Vec2","y":1},"_size":{"__type__":"cc.Size","width":15,"height":299}}],"_prefab":{"__type__":"cc.PrefabInfo","root":{"__id__":1},"asset":{"__uuid__":"d2uOJdPGxFyKpLbyCQHFEL"},"fileId":"b7kd8+iatDbadmrGL6EYYJ"},"_contentSize":{"__type__":"cc.Size","width":76,"height":420},"_trs":{"__type__":"TypedArray","ctor":"Float64Array","array":[0,-25.371,0,0,0,0,1,1,1,1]},"_groupIndex":15,"groupIndex":15},{"__type__":"cc.Node","_name":"key copy","_parent":{"__id__":18},"_children":[{"__id__":24},{"__id__":25},{"__id__":26}],"_prefab":{"__type__":"cc.PrefabInfo","root":{"__id__":1},"asset":{"__uuid__":"d2uOJdPGxFyKpLbyCQHFEL"},"fileId":"8e8MDa41RMWorpU6TgFuFA"},"_trs":{"__type__":"TypedArray","ctor":"Float64Array","array":[862.998,-767.233,0,0,0,0.7071067811865475,0.7071067811865476,1,1,1]},"_eulerAngles":{"__type__":"cc.Vec3","z":90}},{"__type__":"cc.Node","_name":"lock","_parent":{"__id__":23},"_components":[{"__type__":"cc.Sprite","node":{"__id__":24},"_materials":[{"__uuid__":"ecpdLyjvZBwrvm+cedCcQy"}],"_spriteFrame":{"__uuid__":"ebm9zOQlFI4IGgCc9Owdfe"}},{"__type__":"15b42uAdtxGLJO3hSFb7eHo","node":{"__id__":24}}],"_prefab":{"__type__":"cc.PrefabInfo","root":{"__id__":1},"asset":{"__uuid__":"d2uOJdPGxFyKpLbyCQHFEL"},"fileId":"9cdYuyFqlD5ZWnu98Hpr6m"},"_contentSize":{"__type__":"cc.Size","width":56,"height":55},"_trs":{"__type__":"TypedArray","ctor":"Float64Array","array":[4.018,-131.631,0,0,0,0,1,1,1,1]}},{"__type__":"cc.Node","_name":"lock","_parent":{"__id__":23},"_components":[{"__type__":"cc.Sprite","node":{"__id__":25},"_materials":[{"__uuid__":"ecpdLyjvZBwrvm+cedCcQy"}],"_spriteFrame":{"__uuid__":"ebm9zOQlFI4IGgCc9Owdfe"}},{"__type__":"15b42uAdtxGLJO3hSFb7eHo","node":{"__id__":25}}],"_prefab":{"__type__":"cc.PrefabInfo","root":{"__id__":1},"asset":{"__uuid__":"d2uOJdPGxFyKpLbyCQHFEL"},"fileId":"508Nc4bFJO5q+9hAd5UfC9"},"_contentSize":{"__type__":"cc.Size","width":56,"height":55},"_trs":{"__type__":"TypedArray","ctor":"Float64Array","array":[1.976,211.929,0,0,0,0,1,1,1,1]}},{"__type__":"cc.Node","_name":"key","_parent":{"__id__":23},"_children":[{"__id__":27}],"_prefab":{"__type__":"cc.PrefabInfo","root":{"__id__":1},"asset":{"__uuid__":"d2uOJdPGxFyKpLbyCQHFEL"},"fileId":"73OMuYZLhGgp96rQ+AeN08"},"_contentSize":{"__type__":"cc.Size","width":100,"height":200},"_trs":{"__type__":"TypedArray","ctor":"Float64Array","array":[0,0,0,0,0,0,1,1,1,1]},"_groupIndex":15,"groupIndex":15},{"__type__":"cc.Node","_name":"icon","_parent":{"__id__":26},"_components":[{"__type__":"fcf5apGFRJIEZkZJ9CwiT4c","node":{"__id__":27},"where":1},{"__type__":"cc.Sprite","node":{"__id__":27},"_materials":[{"__uuid__":"ecpdLyjvZBwrvm+cedCcQy"}],"_spriteFrame":{"__uuid__":"6dXBYrBNtEiKJQUnopu+Lk"},"_type":1,"_sizeMode":0},{"__type__":"cc.RigidBody","node":{"__id__":27},"_type":0,"_allowSleep":false,"enabledContactListener":true},{"__type__":"cc.BoxCollider","node":{"__id__":27},"_offset":{"__type__":"cc.Vec2","x":0.5,"y":56.1},"_size":{"__type__":"cc.Size","width":15,"height":486.5}}],"_prefab":{"__type__":"cc.PrefabInfo","root":{"__id__":1},"asset":{"__uuid__":"d2uOJdPGxFyKpLbyCQHFEL"},"fileId":"85WtGdpZ5B74kFzo4O82/t"},"_contentSize":{"__type__":"cc.Size","width":76,"height":605.7},"_trs":{"__type__":"TypedArray","ctor":"Float64Array","array":[0,0,0,0,0,0,1,1,1,1]},"_groupIndex":15,"groupIndex":15},{"__type__":"cc.Node","_name":"key copy","_parent":{"__id__":18},"_children":[{"__id__":29},{"__id__":30},{"__id__":31}],"_prefab":{"__type__":"cc.PrefabInfo","root":{"__id__":1},"asset":{"__uuid__":"d2uOJdPGxFyKpLbyCQHFEL"},"fileId":"439+iER35InoBXk0bZpi2B"},"_trs":{"__type__":"TypedArray","ctor":"Float64Array","array":[592.372,-501.246,0,0,0,0,1,1,1,1]}},{"__type__":"cc.Node","_name":"lock","_parent":{"__id__":28},"_components":[{"__type__":"cc.Sprite","node":{"__id__":29},"_materials":[{"__uuid__":"ecpdLyjvZBwrvm+cedCcQy"}],"_spriteFrame":{"__uuid__":"ebm9zOQlFI4IGgCc9Owdfe"}},{"__type__":"15b42uAdtxGLJO3hSFb7eHo","node":{"__id__":29}}],"_prefab":{"__type__":"cc.PrefabInfo","root":{"__id__":1},"asset":{"__uuid__":"d2uOJdPGxFyKpLbyCQHFEL"},"fileId":"c7yyd/qFZOKK97eSZvKhwh"},"_contentSize":{"__type__":"cc.Size","width":56,"height":55},"_trs":{"__type__":"TypedArray","ctor":"Float64Array","array":[2.997,-132.652,0,0,0,0,1,1,1,1]}},{"__type__":"cc.Node","_name":"lock","_parent":{"__id__":28},"_components":[{"__type__":"cc.Sprite","node":{"__id__":30},"_materials":[{"__uuid__":"ecpdLyjvZBwrvm+cedCcQy"}],"_spriteFrame":{"__uuid__":"ebm9zOQlFI4IGgCc9Owdfe"}},{"__type__":"15b42uAdtxGLJO3hSFb7eHo","node":{"__id__":30}}],"_prefab":{"__type__":"cc.PrefabInfo","root":{"__id__":1},"asset":{"__uuid__":"d2uOJdPGxFyKpLbyCQHFEL"},"fileId":"970X+nbCxPVa67/owXLRcU"},"_contentSize":{"__type__":"cc.Size","width":56,"height":55},"_trs":{"__type__":"TypedArray","ctor":"Float64Array","array":[1.976,125.727,0,0,0,0,1,1,1,1]}},{"__type__":"cc.Node","_name":"key","_parent":{"__id__":28},"_children":[{"__id__":32}],"_prefab":{"__type__":"cc.PrefabInfo","root":{"__id__":1},"asset":{"__uuid__":"d2uOJdPGxFyKpLbyCQHFEL"},"fileId":"574yGcKjtLWYPTBdwjJ18l"},"_contentSize":{"__type__":"cc.Size","width":100,"height":200},"_trs":{"__type__":"TypedArray","ctor":"Float64Array","array":[0,0,0,0,0,0,1,1,1,1]},"_groupIndex":15,"groupIndex":15},{"__type__":"cc.Node","_name":"icon","_parent":{"__id__":31},"_components":[{"__type__":"fcf5apGFRJIEZkZJ9CwiT4c","node":{"__id__":32},"keyType":1},{"__type__":"cc.Sprite","node":{"__id__":32},"_materials":[{"__uuid__":"ecpdLyjvZBwrvm+cedCcQy"}],"_spriteFrame":{"__uuid__":"6dXBYrBNtEiKJQUnopu+Lk"},"_type":1},{"__type__":"cc.RigidBody","node":{"__id__":32},"_type":0,"_allowSleep":false,"enabledContactListener":true},{"__type__":"cc.BoxCollider","node":{"__id__":32},"_offset":{"__type__":"cc.Vec2","x":1,"y":-51},"_size":{"__type__":"cc.Size","width":15,"height":381}}],"_prefab":{"__type__":"cc.PrefabInfo","root":{"__id__":1},"asset":{"__uuid__":"d2uOJdPGxFyKpLbyCQHFEL"},"fileId":"b3lYOMnPxKYKRDWmX8QZ4u"},"_contentSize":{"__type__":"cc.Size","width":76,"height":504},"_trs":{"__type__":"TypedArray","ctor":"Float64Array","array":[0,0,0,0,0,0,1,1,1,1]},"_groupIndex":15,"groupIndex":15},{"__type__":"cc.Node","_name":"key copy","_parent":{"__id__":18},"_children":[{"__id__":34},{"__id__":35},{"__id__":36}],"_prefab":{"__type__":"cc.PrefabInfo","root":{"__id__":1},"asset":{"__uuid__":"d2uOJdPGxFyKpLbyCQHFEL"},"fileId":"496813EEtCeJayKQBoouGV"},"_trs":{"__type__":"TypedArray","ctor":"Float64Array","array":[-245.338,57.609,0,0,0,0.7071067811865475,0.7071067811865476,1,1,1]},"_eulerAngles":{"__type__":"cc.Vec3","z":90}},{"__type__":"cc.Node","_name":"lock","_parent":{"__id__":33},"_components":[{"__type__":"cc.Sprite","node":{"__id__":34},"_materials":[{"__uuid__":"ecpdLyjvZBwrvm+cedCcQy"}],"_spriteFrame":{"__uuid__":"ebm9zOQlFI4IGgCc9Owdfe"}},{"__type__":"15b42uAdtxGLJO3hSFb7eHo","node":{"__id__":34}}],"_prefab":{"__type__":"cc.PrefabInfo","root":{"__id__":1},"asset":{"__uuid__":"d2uOJdPGxFyKpLbyCQHFEL"},"fileId":"d2fNE8LslCH7M+2qF04rTj"},"_contentSize":{"__type__":"cc.Size","width":56,"height":55},"_trs":{"__type__":"TypedArray","ctor":"Float64Array","array":[4.018,-131.631,0,0,0,0,1,1,1,1]}},{"__type__":"cc.Node","_name":"lock","_parent":{"__id__":33},"_components":[{"__type__":"cc.Sprite","node":{"__id__":35},"_materials":[{"__uuid__":"ecpdLyjvZBwrvm+cedCcQy"}],"_spriteFrame":{"__uuid__":"ebm9zOQlFI4IGgCc9Owdfe"}},{"__type__":"15b42uAdtxGLJO3hSFb7eHo","node":{"__id__":35}}],"_prefab":{"__type__":"cc.PrefabInfo","root":{"__id__":1},"asset":{"__uuid__":"d2uOJdPGxFyKpLbyCQHFEL"},"fileId":"24W9aqSrlMcpCqoAZN9eJ8"},"_contentSize":{"__type__":"cc.Size","width":56,"height":55},"_trs":{"__type__":"TypedArray","ctor":"Float64Array","array":[1.976,125.727,0,0,0,0,1,1,1,1]}},{"__type__":"cc.Node","_name":"key","_parent":{"__id__":33},"_children":[{"__id__":37}],"_prefab":{"__type__":"cc.PrefabInfo","root":{"__id__":1},"asset":{"__uuid__":"d2uOJdPGxFyKpLbyCQHFEL"},"fileId":"5apqVz+CBMKI0MGN0J4sTW"},"_contentSize":{"__type__":"cc.Size","width":100,"height":200},"_trs":{"__type__":"TypedArray","ctor":"Float64Array","array":[0,0,0,0,0,0,1,1,1,1]},"_groupIndex":15,"groupIndex":15},{"__type__":"cc.Node","_name":"icon","_parent":{"__id__":36},"_components":[{"__type__":"fcf5apGFRJIEZkZJ9CwiT4c","node":{"__id__":37},"where":1,"isGone":true,"isGonex":-200},{"__type__":"cc.Sprite","node":{"__id__":37},"_materials":[{"__uuid__":"ecpdLyjvZBwrvm+cedCcQy"}],"_spriteFrame":{"__uuid__":"6dXBYrBNtEiKJQUnopu+Lk"},"_type":1,"_sizeMode":0},{"__type__":"cc.RigidBody","node":{"__id__":37},"_type":0,"_allowSleep":false,"enabledContactListener":true},{"__type__":"cc.BoxCollider","node":{"__id__":37},"_offset":{"__type__":"cc.Vec2","y":1},"_size":{"__type__":"cc.Size","width":15,"height":299}},{"__type__":"cc.PhysicsBoxCollider","node":{"__id__":37},"_offset":{"__type__":"cc.Vec2","x":0.8,"y":31.3},"_size":{"__type__":"cc.Size","width":15.6,"height":353.6}}],"_prefab":{"__type__":"cc.PrefabInfo","root":{"__id__":1},"asset":{"__uuid__":"d2uOJdPGxFyKpLbyCQHFEL"},"fileId":"acQhSCDdxIpq3nsaKpoDJq"},"_contentSize":{"__type__":"cc.Size","width":76,"height":420},"_trs":{"__type__":"TypedArray","ctor":"Float64Array","array":[0,-25.371,0,0,0,0,1,1,1,1]},"_groupIndex":15,"groupIndex":15},{"__type__":"cc.Node","_name":"key copy","_parent":{"__id__":18},"_children":[{"__id__":39},{"__id__":40},{"__id__":41}],"_prefab":{"__type__":"cc.PrefabInfo","root":{"__id__":1},"asset":{"__uuid__":"d2uOJdPGxFyKpLbyCQHFEL"},"fileId":"b9uuvDc1dHUrAEiR3ZWkby"},"_trs":{"__type__":"TypedArray","ctor":"Float64Array","array":[-198.19,225.005,0,0,0,0.7071067811865475,0.7071067811865476,1,1,1]},"_eulerAngles":{"__type__":"cc.Vec3","z":90}},{"__type__":"cc.Node","_name":"lock","_parent":{"__id__":38},"_components":[{"__type__":"cc.Sprite","node":{"__id__":39},"_materials":[{"__uuid__":"ecpdLyjvZBwrvm+cedCcQy"}],"_spriteFrame":{"__uuid__":"ebm9zOQlFI4IGgCc9Owdfe"}},{"__type__":"15b42uAdtxGLJO3hSFb7eHo","node":{"__id__":39}}],"_prefab":{"__type__":"cc.PrefabInfo","root":{"__id__":1},"asset":{"__uuid__":"d2uOJdPGxFyKpLbyCQHFEL"},"fileId":"28qMcfZ8dM6pDR+DOnmmpB"},"_contentSize":{"__type__":"cc.Size","width":56,"height":55},"_trs":{"__type__":"TypedArray","ctor":"Float64Array","array":[-1.645,-162.049,0,0,0,0,1,1,1,1]}},{"__type__":"cc.Node","_name":"lock","_parent":{"__id__":38},"_components":[{"__type__":"cc.Sprite","node":{"__id__":40},"_materials":[{"__uuid__":"ecpdLyjvZBwrvm+cedCcQy"}],"_spriteFrame":{"__uuid__":"ebm9zOQlFI4IGgCc9Owdfe"}},{"__type__":"15b42uAdtxGLJO3hSFb7eHo","node":{"__id__":40}}],"_prefab":{"__type__":"cc.PrefabInfo","root":{"__id__":1},"asset":{"__uuid__":"d2uOJdPGxFyKpLbyCQHFEL"},"fileId":"703Y2/H0hLuaoksRmLHe5p"},"_contentSize":{"__type__":"cc.Size","width":56,"height":55},"_trs":{"__type__":"TypedArray","ctor":"Float64Array","array":[1.976,220.106,0,0,0,0,1,1,1,1]}},{"__type__":"cc.Node","_name":"key","_parent":{"__id__":38},"_children":[{"__id__":42}],"_prefab":{"__type__":"cc.PrefabInfo","root":{"__id__":1},"asset":{"__uuid__":"d2uOJdPGxFyKpLbyCQHFEL"},"fileId":"81BV3+ugxB8p0Rdkv2awnN"},"_contentSize":{"__type__":"cc.Size","width":100,"height":200},"_trs":{"__type__":"TypedArray","ctor":"Float64Array","array":[0,0,0,0,0,0,1,1,1,1]},"_groupIndex":15,"groupIndex":15},{"__type__":"cc.Node","_name":"icon","_parent":{"__id__":41},"_components":[{"__type__":"fcf5apGFRJIEZkZJ9CwiT4c","node":{"__id__":42},"where":1,"isGone":true,"isGonex":-270},{"__type__":"cc.Sprite","node":{"__id__":42},"_materials":[{"__uuid__":"ecpdLyjvZBwrvm+cedCcQy"}],"_spriteFrame":{"__uuid__":"6dXBYrBNtEiKJQUnopu+Lk"},"_type":1},{"__type__":"cc.RigidBody","node":{"__id__":42},"_type":0,"_allowSleep":false,"enabledContactListener":true},{"__type__":"cc.BoxCollider","node":{"__id__":42},"_offset":{"__type__":"cc.Vec2","x":1,"y":-51},"_size":{"__type__":"cc.Size","width":15,"height":381}},{"__type__":"cc.PhysicsBoxCollider","node":{"__id__":42},"_offset":{"__type__":"cc.Vec2","x":0.8,"y":1.6},"_size":{"__type__":"cc.Size","width":15,"height":504}}],"_prefab":{"__type__":"cc.PrefabInfo","root":{"__id__":1},"asset":{"__uuid__":"d2uOJdPGxFyKpLbyCQHFEL"},"fileId":"f0fvsjVuJNqYlnRy6SAv3I"},"_contentSize":{"__type__":"cc.Size","width":76,"height":504},"_trs":{"__type__":"TypedArray","ctor":"Float64Array","array":[0,0,0,0,0,0,1,1,1,1]},"_groupIndex":15,"groupIndex":15},{"__type__":"cc.Node","_name":"lvkeyxin","_parent":{"__id__":18},"_children":[{"__id__":44},{"__id__":48}],"_prefab":{"__type__":"cc.PrefabInfo","root":{"__id__":1},"asset":{"__uuid__":"d2uOJdPGxFyKpLbyCQHFEL"},"fileId":"abdv+ChHhK540YlYIVAlLh"},"_trs":{"__type__":"TypedArray","ctor":"Float64Array","array":[129.228,486.865,0,0,0,0.7071067811865475,0.7071067811865476,1,1,1]},"_eulerAngles":{"__type__":"cc.Vec3","z":90}},{"__type__":"cc.Node","_name":"lvhuan","_parent":{"__id__":43},"_children":[{"__type__":"cc.Node","_name":"huan","_parent":{"__id__":44},"_prefab":{"__type__":"cc.PrefabInfo","root":{"__id__":1},"asset":{"__uuid__":"d2uOJdPGxFyKpLbyCQHFEL"},"fileId":"67QrHzgZRK8I5E1WJ8ncdR"},"_trs":{"__type__":"TypedArray","ctor":"Float64Array","array":[540,960,0,0,0,0,1,1,1,1]}},{"__id__":45},{"__id__":46},{"__id__":47}],"_components":[{"__type__":"cc.Sprite","node":{"__id__":44},"_materials":[{"__uuid__":"ecpdLyjvZBwrvm+cedCcQy"}],"_spriteFrame":{"__uuid__":"8bDdjobnRGvIRoO5ufIAEq"}},{"__type__":"e8057lgm4hIxroPDFEdZwco","node":{"__id__":44},"rightNode":{"__id__":47},"leftNode":{"__id__":46},"showNode":{"__id__":45},"singlePrefab":{"__uuid__":"a5kV9mPg1CA4s842SNsecY"}}],"_prefab":{"__type__":"cc.PrefabInfo","root":{"__id__":1},"asset":{"__uuid__":"d2uOJdPGxFyKpLbyCQHFEL"},"fileId":"79x1Mk9H1OUoSB2/MKIHgZ"},"_contentSize":{"__type__":"cc.Size","width":76,"height":97},"_trs":{"__type__":"TypedArray","ctor":"Float64Array","array":[-348.265,-246.136,0,0,0,-0.7071067811865475,0.7071067811865476,1,1,1]},"_eulerAngles":{"__type__":"cc.Vec3","z":-90}},{"__type__":"cc.Node","_name":"show","_parent":{"__id__":44},"_components":[{"__type__":"cc.Label","node":{"__id__":45},"_materials":[{"__uuid__":"ecpdLyjvZBwrvm+cedCcQy"}],"_string":"1","_N$string":"1","_N$horizontalAlign":1,"_N$verticalAlign":1}],"_prefab":{"__type__":"cc.PrefabInfo","root":{"__id__":1},"asset":{"__uuid__":"d2uOJdPGxFyKpLbyCQHFEL"},"fileId":"b1jRTC0wdLdKWdirayGh/C"},"_contentSize":{"__type__":"cc.Size","width":22.25,"height":50.4},"_trs":{"__type__":"TypedArray","ctor":"Float64Array","array":[36.443,-40.833,0,0,0,0,1,1,1,1]}},{"__type__":"cc.Node","_name":"left","_parent":{"__id__":44},"_prefab":{"__type__":"cc.PrefabInfo","root":{"__id__":1},"asset":{"__uuid__":"d2uOJdPGxFyKpLbyCQHFEL"},"fileId":"fa+Zv3a3FI/q+jglRM7jzA"},"_trs":{"__type__":"TypedArray","ctor":"Float64Array","array":[-765.145,-203.088,0,0,0,0,1,1,1,1]}},{"__type__":"cc.Node","_name":"right","_parent":{"__id__":44},"_prefab":{"__type__":"cc.PrefabInfo","root":{"__id__":1},"asset":{"__uuid__":"d2uOJdPGxFyKpLbyCQHFEL"},"fileId":"31WU1FBThNUbete+uAHx4d"},"_trs":{"__type__":"TypedArray","ctor":"Float64Array","array":[-120.791,-204.415,0,0,0,0,1,1,1,1]}},{"__type__":"cc.Node","_name":"key","_parent":{"__id__":43},"_children":[{"__id__":49}],"_prefab":{"__type__":"cc.PrefabInfo","root":{"__id__":1},"asset":{"__uuid__":"d2uOJdPGxFyKpLbyCQHFEL"},"fileId":"873EeAUBFMzbW8J1ICK0px"},"_contentSize":{"__type__":"cc.Size","width":100,"height":200},"_trs":{"__type__":"TypedArray","ctor":"Float64Array","array":[-137.391,221.663,0,0,0,-0.49999999999999994,0.8660254037844387,1,1,1]},"_eulerAngles":{"__type__":"cc.Vec3","z":-60},"_groupIndex":15,"groupIndex":15},{"__type__":"cc.Node","_name":"icon","_parent":{"__id__":48},"_children":[{"__id__":50},{"__id__":51}],"_components":[{"__type__":"fcf5apGFRJIEZkZJ9CwiT4c","node":{"__id__":49},"where":1,"type":2},{"__type__":"cc.Sprite","node":{"__id__":49},"_materials":[{"__uuid__":"ecpdLyjvZBwrvm+cedCcQy"}],"_spriteFrame":{"__uuid__":"30qAHbQeJDb6X7c2KQsWDy"},"_type":1,"_sizeMode":0},{"__type__":"cc.RigidBody","node":{"__id__":49},"_type":0},{"__type__":"cc.PhysicsBoxCollider","node":{"__id__":49},"_offset":{"__type__":"cc.Vec2","x":-1.6,"y":3.3},"_size":{"__type__":"cc.Size","width":15,"height":369.5}},{"__type__":"cc.BoxCollider","node":{"__id__":49},"_size":{"__type__":"cc.Size","width":15,"height":376.8}}],"_prefab":{"__type__":"cc.PrefabInfo","root":{"__id__":1},"asset":{"__uuid__":"d2uOJdPGxFyKpLbyCQHFEL"},"fileId":"700Vp2Ti9DnpXTJOI2FQ3c"},"_contentSize":{"__type__":"cc.Size","width":15,"height":376.8},"_trs":{"__type__":"TypedArray","ctor":"Float64Array","array":[100.9,54.239,0,0,0,0,1,1,1,1]},"_groupIndex":15,"groupIndex":15},{"__type__":"cc.Node","_name":"leftHuan","_parent":{"__id__":49},"_components":[{"__type__":"cc.Sprite","node":{"__id__":50},"_enabled":false,"_materials":[{"__uuid__":"ecpdLyjvZBwrvm+cedCcQy"}],"_spriteFrame":{"__uuid__":"8bDdjobnRGvIRoO5ufIAEq"}},{"__type__":"cc.BoxCollider","node":{"__id__":50},"tag":2,"_offset":{"__type__":"cc.Vec2","y":-1.7},"_size":{"__type__":"cc.Size","width":25.2,"height":97}}],"_prefab":{"__type__":"cc.PrefabInfo","root":{"__id__":1},"asset":{"__uuid__":"d2uOJdPGxFyKpLbyCQHFEL"},"fileId":"7d8zCvIbpH44YxyeRAt656"},"_contentSize":{"__type__":"cc.Size","width":76,"height":97},"_trs":{"__type__":"TypedArray","ctor":"Float64Array","array":[0,224.646,0,0,0,0,1,1,1,1]},"_groupIndex":27,"groupIndex":27},{"__type__":"cc.Node","_name":"rightHuan","_parent":{"__id__":49},"_components":[{"__type__":"cc.Sprite","node":{"__id__":51},"_enabled":false,"_materials":[{"__uuid__":"ecpdLyjvZBwrvm+cedCcQy"}],"_spriteFrame":{"__uuid__":"8bDdjobnRGvIRoO5ufIAEq"}},{"__type__":"cc.BoxCollider","node":{"__id__":51},"tag":3,"_offset":{"__type__":"cc.Vec2","y":1.3},"_size":{"__type__":"cc.Size","width":24.3,"height":97}}],"_prefab":{"__type__":"cc.PrefabInfo","root":{"__id__":1},"asset":{"__uuid__":"d2uOJdPGxFyKpLbyCQHFEL"},"fileId":"ceLo2jh6RN0aJdbK2p91tF"},"_contentSize":{"__type__":"cc.Size","width":76,"height":97},"_trs":{"__type__":"TypedArray","ctor":"Float64Array","array":[0,-215.674,0,0,0,1,6.123233995736766e-17,1,1,1]},"_eulerAngles":{"__type__":"cc.Vec3","z":180},"_groupIndex":27,"groupIndex":27},{"__type__":"cc.Node","_name":"djdh","_parent":{"__id__":1},"_children":[{"__id__":53}],"_components":[{"__type__":"sp.Skeleton","node":{"__id__":52},"_materials":[{"__uuid__":"7a/QZLET9IDreTiBfRn2PD"}],"_preCacheMode":0,"premultipliedAlpha":false,"_N$skeletonData":{"__uuid__":"c9APhGhgJNHp9LF62/DzZ6"}},{"__type__":"cc.BoxCollider","node":{"__id__":52},"_size":{"__type__":"cc.Size","width":422.63,"height":235}}],"_prefab":{"__type__":"cc.PrefabInfo","root":{"__id__":1},"asset":{"__uuid__":"d2uOJdPGxFyKpLbyCQHFEL"},"fileId":"3ecBlatk9O16wP2MqjQNEU"},"_contentSize":{"__type__":"cc.Size","width":422.63,"height":235},"_trs":{"__type__":"TypedArray","ctor":"Float64Array","array":[-228.743,-519.009,0,0,0,0,1,1,1,1]},"_groupIndex":24,"groupIndex":24},{"__type__":"cc.Node","_name":"x","_parent":{"__id__":52},"_components":[{"__type__":"cc.Sprite","node":{"__id__":53},"_materials":[{"__uuid__":"ecpdLyjvZBwrvm+cedCcQy"}],"_spriteFrame":{"__uuid__":"2doVS6rvdFDI80wAKn819J"},"_sizeMode":0}],"_prefab":{"__type__":"cc.PrefabInfo","root":{"__id__":1},"asset":{"__uuid__":"d2uOJdPGxFyKpLbyCQHFEL"},"fileId":"d0W+De+fRAzpdgoM/BvWjF"},"_contentSize":{"__type__":"cc.Size","width":69,"height":235},"_trs":{"__type__":"TypedArray","ctor":"Float64Array","array":[-155.257,10.009,0,0,0,0,1,-1,1,-1]}},{"__type__":"cc.Node","_name":"jt","_parent":{"__id__":1},"_components":[{"__type__":"sp.Skeleton","node":{"__id__":54},"_materials":[{"__uuid__":"7a/QZLET9IDreTiBfRn2PD"}],"defaultAnimation":"animation","_preCacheMode":0,"premultipliedAlpha":false,"_animationName":"animation","_N$skeletonData":{"__uuid__":"19+H+W/p9BsLNUbqevx73X"}},{"__type__":"cc.BoxCollider","node":{"__id__":54},"_size":{"__type__":"cc.Size","width":118,"height":77}},{"__type__":"cc.RigidBody","node":{"__id__":54},"_allowSleep":false},{"__type__":"cc.PhysicsBoxCollider","node":{"__id__":54},"_size":{"__type__":"cc.Size","width":118,"height":77}},{"__type__":"8129dBaWYFCnbCuQ9KTwNkc","node":{"__id__":54}}],"_prefab":{"__type__":"cc.PrefabInfo","root":{"__id__":1},"asset":{"__uuid__":"d2uOJdPGxFyKpLbyCQHFEL"},"fileId":"dahDSSGJlIuIt/82BkfTvI"},"_contentSize":{"__type__":"cc.Size","width":118,"height":77},"_trs":{"__type__":"TypedArray","ctor":"Float64Array","array":[-248.08,270.633,0,0,0,0,1,1,1,1]},"_groupIndex":18,"groupIndex":18},{"__type__":"cc.Node","_name":"close","_parent":{"__id__":1},"_components":[{"__type__":"cc.BoxCollider","node":{"__id__":55}}],"_prefab":{"__type__":"cc.PrefabInfo","root":{"__id__":1},"asset":{"__uuid__":"d2uOJdPGxFyKpLbyCQHFEL"},"fileId":"bdP1voH2hMAZAS25IZA2YA"},"_trs":{"__type__":"TypedArray","ctor":"Float64Array","array":[-361.03,-317.415,0,0,0,0,1,1,1,1]},"_groupIndex":23,"groupIndex":23},{"__type__":"cc.Node","_name":"yjldh","_parent":{"__id__":1},"_active":false,"_components":[{"__type__":"sp.Skeleton","node":{"__id__":56},"_materials":[{"__uuid__":"7a/QZLET9IDreTiBfRn2PD"}],"defaultAnimation":"animation","_preCacheMode":0,"loop":false,"premultipliedAlpha":false,"_animationName":"animation","_playTimes":1,"_N$skeletonData":{"__uuid__":"5avDKONUBOzL81rnHGYM2G"}}],"_prefab":{"__type__":"cc.PrefabInfo","root":{"__id__":1},"asset":{"__uuid__":"d2uOJdPGxFyKpLbyCQHFEL"},"fileId":"c3fyVIa5xJPq5JVUmMN1Jw"},"_contentSize":{"__type__":"cc.Size","width":448,"height":111},"_trs":{"__type__":"TypedArray","ctor":"Float64Array","array":[19.998,0,0,0,0,0,1,1,1,1]}},{"__type__":"cc.Node","_name":"t204","_parent":{"__id__":1},"_active":false,"_components":[{"__type__":"cc.Sprite","node":{"__id__":57},"_materials":[{"__uuid__":"ecpdLyjvZBwrvm+cedCcQy"}],"_spriteFrame":{"__uuid__":"601mSIU5ZGsrMqOpR8J+Ko"}}],"_prefab":{"__type__":"cc.PrefabInfo","root":{"__id__":1},"asset":{"__uuid__":"d2uOJdPGxFyKpLbyCQHFEL"},"fileId":"512qiaGSRAr6sTsZQ5cPrR"},"_contentSize":{"__type__":"cc.Size","width":715,"height":669},"_trs":{"__type__":"TypedArray","ctor":"Float64Array","array":[0,0,0,0,0,0,1,1,1,1]}}],{"__type__":"cc.SpriteFrame","content":{"name":"15zz3","texture":"7cqGO6fiRAFKIZeLkqsyA1","rect":[0,0,351,133],"offset":[0,0],"originalSize":[351,133],"capInsets":[0,0,0,0]}},{"__type__":"cc.SpriteFrame","content":{"name":"15zz2","texture":"39X7TcsMtIQJdKTmrwRxkn","rect":[0,0,480,292],"offset":[0,0],"originalSize":[480,292],"capInsets":[0,0,0,0]}}]