[{"__type__":"cc.SpriteFrame","content":{"name":"7","texture":"24/3mlGw9F9qiOtZYUXP0z","rect":[0,0,447,172],"offset":[-1.5,0],"originalSize":[450,172],"capInsets":[0,0,0,0]}},{"__type__":"cc.SpriteFrame","content":{"name":"Layer 34","texture":"fcQda3l9hKXaBOK4wyaGGx","rect":[3,3,432,182],"offset":[0,-0.5],"originalSize":[438,187],"capInsets":[0,0,0,0]}},{"__type__":"cc.SpriteFrame","content":{"name":"di","texture":"afEMd8jRZA+IXCCjAV82io","rect":[0,0,828,979],"offset":[0,0],"originalSize":[828,979],"capInsets":[0,0,0,0]}},{"__type__":"cc.SpriteFrame","content":{"name":"1","texture":"5bRToZHBVNuo34NYP52PrI","rect":[0,0,154,155],"offset":[0,0],"originalSize":[154,155],"capInsets":[0,0,0,0]}},{"__type__":"cc.SpriteFrame","content":{"name":"mask","texture":"49x7GSol5PLozvYnkkjxEu","rect":[0,0,154,155],"offset":[0,0],"originalSize":[154,155],"capInsets":[35,34,21,27]}},{"__type__":"cc.SpriteFrame","content":{"name":"4","texture":"d3OxvokOxN0Zs3AlgF2grZ","rect":[0,0,154,155],"offset":[0,0],"originalSize":[154,155],"capInsets":[0,0,0,0]}},{"__type__":"cc.SpriteFrame","content":{"name":"3","texture":"4brj+DFfBEr4mxWBaPGD+H","rect":[0,0,154,155],"offset":[0,0],"originalSize":[154,155],"capInsets":[0,0,0,0]}},{"__type__":"cc.SpriteFrame","content":{"name":"zjlq","texture":"4bJMULOilNa6iMBfVKTiXu","rect":[3,2,432,183],"offset":[0,0],"originalSize":[438,187],"capInsets":[0,0,0,0]}},{"__type__":"cc.SpriteFrame","content":{"name":"gou","texture":"7fl2zaMm9GzqEF/200kVTS","rect":[0,0,82,57],"offset":[0,0],"originalSize":[82,57],"capInsets":[0,0,0,0]}},{"__type__":"cc.SpriteFrame","content":{"name":"mask_2","texture":"6du+4yvS9CPY/v82txI816","rect":[0,0,1080,1920],"offset":[0,0],"originalSize":[1080,1920],"capInsets":[0,0,0,0]}},[{"__type__":"cc.Prefab","_name":"signBox","data":{"__id__":1}},{"__type__":"cc.Node","_name":"signBox","_children":[{"__id__":2},{"__id__":3},{"__id__":7},{"__id__":8},{"__id__":50},{"__id__":51},{"__id__":53},{"__id__":54},{"__id__":55},{"__id__":61}],"_components":[{"__type__":"7e3837rlLJJcJEhpiEa+ysC","node":{"__id__":1},"doubleNode":{"__id__":51},"contentNode":{"__id__":8},"golsLable":{"__id__":5},"directNode":{"__id__":50},"adYuan":{"__id__":59},"adNode":{"__id__":55},"lqNode":{"__id__":61},"adHint":{"__id__":57},"adLingqvHint":{"__id__":63}},{"__type__":"cc.Widget","node":{"__id__":1},"_alignFlags":45}],"_prefab":{"__type__":"cc.PrefabInfo","root":{"__id__":1},"asset":{"__uuid__":"bcqksIer5Eor3D5uvXXz6M"},"fileId":"d81/17xtlOmaZfFVJ2iYKc"},"_contentSize":{"__type__":"cc.Size","width":1080,"height":1920},"_trs":{"__type__":"TypedArray","ctor":"Float64Array","array":[540,960,0,0,0,0,1,1,1,1]}},{"__type__":"cc.Node","_name":"heidi","_parent":{"__id__":1},"_components":[{"__type__":"cc.Sprite","_name":"heidi<Sprite>","node":{"__id__":2},"_materials":[{"__uuid__":"ecpdLyjvZBwrvm+cedCcQy"}],"_spriteFrame":{"__uuid__":"b72s5v/dZODJFATggFeKpW"},"_sizeMode":0},{"__type__":"cc.BlockInputEvents","node":{"__id__":2}}],"_prefab":{"__type__":"cc.PrefabInfo","root":{"__id__":1},"asset":{"__uuid__":"bcqksIer5Eor3D5uvXXz6M"},"fileId":"3f/OefH3VMyZfCuLy7GqSf"},"_color":{"__type__":"cc.Color"},"_contentSize":{"__type__":"cc.Size","width":1080,"height":3000},"_trs":{"__type__":"TypedArray","ctor":"Float64Array","array":[0,49,0,0,0,0,1,1,1,1]}},{"__type__":"cc.Node","_name":"gold","_parent":{"__id__":1},"_children":[{"__id__":4},{"__id__":6}],"_components":[{"__type__":"cc.Sprite","node":{"__id__":3},"_materials":[{"__uuid__":"ecpdLyjvZBwrvm+cedCcQy"}],"_spriteFrame":{"__uuid__":"e8Va9Dx4dCUYaVbNaM2uJa"}},{"__type__":"cc.Button","node":{"__id__":3},"clickEvents":[{"__type__":"cc.ClickEvent","target":{"__id__":1},"_componentId":"7e3837rlLJJcJEhpiEa+ysC","handler":"voldGold"}]}],"_prefab":{"__type__":"cc.PrefabInfo","root":{"__id__":1},"asset":{"__uuid__":"bcqksIer5Eor3D5uvXXz6M"},"fileId":"e73iUQOOFFpo3qYgb9dCj1"},"_contentSize":{"__type__":"cc.Size","width":290,"height":99},"_trs":{"__type__":"TypedArray","ctor":"Float64Array","array":[359.289,708.06,0,0,0,0,1,1,1,1]}},{"__type__":"cc.Node","_name":"New Label","_parent":{"__id__":3},"_components":[{"__id__":5}],"_prefab":{"__type__":"cc.PrefabInfo","root":{"__id__":1},"asset":{"__uuid__":"bcqksIer5Eor3D5uvXXz6M"},"fileId":"446iQxzcVPu6SLm+x+Urxe"},"_color":{"__type__":"cc.Color","r":255,"g":184,"b":77},"_contentSize":{"__type__":"cc.Size","width":114.48,"height":31.8},"_trs":{"__type__":"TypedArray","ctor":"Float64Array","array":[5.101,16.182,0,0,0,0,1,1,1,1]}},{"__type__":"cc.Label","node":{"__id__":4},"_materials":[{"__uuid__":"ecpdLyjvZBwrvm+cedCcQy"}],"_useOriginalSize":false,"_string":"999","_N$string":"999","_fontSize":31.799999999999976,"_N$file":{"__uuid__":"c7XelTMkBO97aQbLnJ2pmu"},"_isSystemFontUsed":false,"_N$horizontalAlign":1,"_N$verticalAlign":1},{"__type__":"cc.Node","_name":"New Sprite","_parent":{"__id__":3},"_components":[{"__type__":"cc.Sprite","node":{"__id__":6},"_materials":[{"__uuid__":"ecpdLyjvZBwrvm+cedCcQy"}],"_spriteFrame":{"__uuid__":"38IhciNF5Irrj3IY9mCfxQ"}}],"_prefab":{"__type__":"cc.PrefabInfo","root":{"__id__":1},"asset":{"__uuid__":"bcqksIer5Eor3D5uvXXz6M"},"fileId":"f9YqaqxwxBHrqEZcIDKyrb"},"_contentSize":{"__type__":"cc.Size","width":83,"height":86},"_trs":{"__type__":"TypedArray","ctor":"Float64Array","array":[104.111,-3.586,0,0,0,0,1,1,1,1]}},{"__type__":"cc.Node","_name":"sign_bg","_parent":{"__id__":1},"_components":[{"__type__":"cc.Sprite","_name":"sign_bg<Sprite>","node":{"__id__":7},"_materials":[{"__uuid__":"ecpdLyjvZBwrvm+cedCcQy"}],"_spriteFrame":{"__uuid__":"43L3/xOR9Axrfqa+WSbU2D"}}],"_prefab":{"__type__":"cc.PrefabInfo","root":{"__id__":1},"asset":{"__uuid__":"bcqksIer5Eor3D5uvXXz6M"},"fileId":"beMm/XHldHFp55qsQH+5cZ"},"_contentSize":{"__type__":"cc.Size","width":828,"height":979},"_trs":{"__type__":"TypedArray","ctor":"Float64Array","array":[0,115.102,0,0,0,0,1,1,1,1]}},{"__type__":"cc.Node","_name":"content","_parent":{"__id__":1},"_children":[{"__id__":9},{"__id__":15},{"__id__":21},{"__id__":27},{"__id__":33},{"__id__":39},{"__id__":45}],"_components":[{"__type__":"cc.Layout","node":{"__id__":8},"_enabled":false,"_layoutSize":{"__type__":"cc.Size","width":800,"height":717},"_resize":1,"_N$layoutType":3,"_N$paddingLeft":120}],"_prefab":{"__type__":"cc.PrefabInfo","root":{"__id__":1},"asset":{"__uuid__":"bcqksIer5Eor3D5uvXXz6M"},"fileId":"1amJbTqG5Pnp0I1c0VfGnv"},"_contentSize":{"__type__":"cc.Size","width":800,"height":717},"_trs":{"__type__":"TypedArray","ctor":"Float64Array","array":[0,62.503,0,0,0,0,1,1,1,1]}},{"__type__":"cc.Node","_name":"one","_parent":{"__id__":8},"_children":[{"__id__":10},{"__id__":11},{"__id__":12}],"_components":[{"__type__":"cc.Sprite","_name":"one<Sprite>","node":{"__id__":9},"_materials":[{"__uuid__":"ecpdLyjvZBwrvm+cedCcQy"}]}],"_prefab":{"__type__":"cc.PrefabInfo","root":{"__id__":1},"asset":{"__uuid__":"bcqksIer5Eor3D5uvXXz6M"},"fileId":"13b1bH/yhPe4IPMUHic5Wn"},"_contentSize":{"__type__":"cc.Size","width":191,"height":230},"_trs":{"__type__":"TypedArray","ctor":"Float64Array","array":[-184.5,243.5,0,0,0,0,1,1,1,1]}},{"__type__":"cc.Node","_name":"yes","_parent":{"__id__":9},"_components":[{"__type__":"cc.Sprite","_name":"yes<Sprite>","node":{"__id__":10},"_materials":[{"__uuid__":"ecpdLyjvZBwrvm+cedCcQy"}],"_spriteFrame":{"__uuid__":"57OOOHbBFKZ6evAIj5Jvkj"}}],"_prefab":{"__type__":"cc.PrefabInfo","root":{"__id__":1},"asset":{"__uuid__":"bcqksIer5Eor3D5uvXXz6M"},"fileId":"ec3qDVGBhL27SISXXae2QS"},"_contentSize":{"__type__":"cc.Size","width":154,"height":155},"_trs":{"__type__":"TypedArray","ctor":"Float64Array","array":[0,0,0,0,0,0,1,1,1,1]}},{"__type__":"cc.Node","_name":"add","_parent":{"__id__":9},"_active":false,"_components":[{"__type__":"cc.Label","_name":"add<Label>","node":{"__id__":11},"_materials":[{"__uuid__":"ecpdLyjvZBwrvm+cedCcQy"}],"_string":"100","_N$string":"100","_fontSize":30,"_N$horizontalAlign":1,"_N$verticalAlign":1}],"_prefab":{"__type__":"cc.PrefabInfo","root":{"__id__":1},"asset":{"__uuid__":"bcqksIer5Eor3D5uvXXz6M"},"fileId":"15pbBKlDJAI5ZLyUUZNKtO"},"_color":{"__type__":"cc.Color","r":245,"g":182,"b":44},"_contentSize":{"__type__":"cc.Size","width":50.05,"height":50.4},"_trs":{"__type__":"TypedArray","ctor":"Float64Array","array":[51.022,-56.323,0,0,0,0,1,1,1,1]}},{"__type__":"cc.Node","_name":"isYes","_parent":{"__id__":9},"_children":[{"__id__":13},{"__id__":14}],"_prefab":{"__type__":"cc.PrefabInfo","root":{"__id__":1},"asset":{"__uuid__":"bcqksIer5Eor3D5uvXXz6M"},"fileId":"f8aXrjud5CZL3HwpPo39Ru"},"_trs":{"__type__":"TypedArray","ctor":"Float64Array","array":[0,0,0,0,0,0,1,1,1,1]}},{"__type__":"cc.Node","_name":"mask","_parent":{"__id__":12},"_components":[{"__type__":"cc.Sprite","node":{"__id__":13},"_materials":[{"__uuid__":"ecpdLyjvZBwrvm+cedCcQy"}],"_spriteFrame":{"__uuid__":"88pWfl16hDW7uLtiyGGyyF"}}],"_prefab":{"__type__":"cc.PrefabInfo","root":{"__id__":1},"asset":{"__uuid__":"bcqksIer5Eor3D5uvXXz6M"},"fileId":"5aTBXJicBLqJ1hlHn+kQc2"},"_contentSize":{"__type__":"cc.Size","width":154,"height":155},"_trs":{"__type__":"TypedArray","ctor":"Float64Array","array":[0,0,0,0,0,0,1,1,1,1]}},{"__type__":"cc.Node","_name":"gou","_parent":{"__id__":12},"_components":[{"__type__":"cc.Sprite","node":{"__id__":14},"_materials":[{"__uuid__":"ecpdLyjvZBwrvm+cedCcQy"}],"_spriteFrame":{"__uuid__":"aeTBCTSGVIvYzpE/UU8QP+"}}],"_prefab":{"__type__":"cc.PrefabInfo","root":{"__id__":1},"asset":{"__uuid__":"bcqksIer5Eor3D5uvXXz6M"},"fileId":"14IaZnZC1PspuNUpg88pVl"},"_contentSize":{"__type__":"cc.Size","width":82,"height":57},"_trs":{"__type__":"TypedArray","ctor":"Float64Array","array":[0,0,0,0,0,0,1,1,1,1]}},{"__type__":"cc.Node","_name":"two","_parent":{"__id__":8},"_children":[{"__id__":16},{"__id__":17},{"__id__":18}],"_components":[{"__type__":"cc.Sprite","_name":"two<Sprite>","node":{"__id__":15},"_materials":[{"__uuid__":"ecpdLyjvZBwrvm+cedCcQy"}]}],"_prefab":{"__type__":"cc.PrefabInfo","root":{"__id__":1},"asset":{"__uuid__":"bcqksIer5Eor3D5uvXXz6M"},"fileId":"b6xoJosnVJc5FW4DCInSL+"},"_contentSize":{"__type__":"cc.Size","width":190,"height":230},"_trs":{"__type__":"TypedArray","ctor":"Float64Array","array":[6,243.5,0,0,0,0,1,1,1,1]}},{"__type__":"cc.Node","_name":"yes","_parent":{"__id__":15},"_components":[{"__type__":"cc.Sprite","_name":"yes<Sprite>","node":{"__id__":16},"_materials":[{"__uuid__":"ecpdLyjvZBwrvm+cedCcQy"}],"_spriteFrame":{"__uuid__":"caXI2Ty9BD+IOioxRum7kC"}}],"_prefab":{"__type__":"cc.PrefabInfo","root":{"__id__":1},"asset":{"__uuid__":"bcqksIer5Eor3D5uvXXz6M"},"fileId":"b3YFa87zJIUrYVEdHK8nce"},"_contentSize":{"__type__":"cc.Size","width":154,"height":155},"_trs":{"__type__":"TypedArray","ctor":"Float64Array","array":[0,0,0,0,0,0,1,1,1,1]}},{"__type__":"cc.Node","_name":"add","_parent":{"__id__":15},"_active":false,"_components":[{"__type__":"cc.Label","_name":"add<Label>","node":{"__id__":17},"_materials":[{"__uuid__":"ecpdLyjvZBwrvm+cedCcQy"}],"_string":"1","_N$string":"1","_fontSize":30,"_N$horizontalAlign":1,"_N$verticalAlign":1}],"_prefab":{"__type__":"cc.PrefabInfo","root":{"__id__":1},"asset":{"__uuid__":"bcqksIer5Eor3D5uvXXz6M"},"fileId":"c0XW4SrUBOk5/rmB6ysD87"},"_color":{"__type__":"cc.Color","r":141,"g":192,"b":51},"_contentSize":{"__type__":"cc.Size","width":16.68,"height":50.4},"_trs":{"__type__":"TypedArray","ctor":"Float64Array","array":[51.232,-51.132,0,0,0,0,1,1,1,1]}},{"__type__":"cc.Node","_name":"isYes","_parent":{"__id__":15},"_children":[{"__id__":19},{"__id__":20}],"_prefab":{"__type__":"cc.PrefabInfo","root":{"__id__":1},"asset":{"__uuid__":"bcqksIer5Eor3D5uvXXz6M"},"fileId":"9cZN1HSmhNarA8UZOl/c6A"},"_contentSize":{"__type__":"cc.Size","width":120,"height":120},"_trs":{"__type__":"TypedArray","ctor":"Float64Array","array":[-0.842,0,0,0,0,0,1,1,1,1]}},{"__type__":"cc.Node","_name":"mask","_parent":{"__id__":18},"_components":[{"__type__":"cc.Sprite","node":{"__id__":19},"_materials":[{"__uuid__":"ecpdLyjvZBwrvm+cedCcQy"}],"_spriteFrame":{"__uuid__":"88pWfl16hDW7uLtiyGGyyF"}}],"_prefab":{"__type__":"cc.PrefabInfo","root":{"__id__":1},"asset":{"__uuid__":"bcqksIer5Eor3D5uvXXz6M"},"fileId":"4df+V/WCFIyY9uZRc8KVHC"},"_contentSize":{"__type__":"cc.Size","width":154,"height":155},"_trs":{"__type__":"TypedArray","ctor":"Float64Array","array":[0,0,0,0,0,0,1,1,1,1]}},{"__type__":"cc.Node","_name":"gou","_parent":{"__id__":18},"_components":[{"__type__":"cc.Sprite","node":{"__id__":20},"_materials":[{"__uuid__":"ecpdLyjvZBwrvm+cedCcQy"}],"_spriteFrame":{"__uuid__":"aeTBCTSGVIvYzpE/UU8QP+"}}],"_prefab":{"__type__":"cc.PrefabInfo","root":{"__id__":1},"asset":{"__uuid__":"bcqksIer5Eor3D5uvXXz6M"},"fileId":"355psA0ppHhJf2XR8X7ds/"},"_contentSize":{"__type__":"cc.Size","width":82,"height":57},"_trs":{"__type__":"TypedArray","ctor":"Float64Array","array":[0,0,0,0,0,0,1,1,1,1]}},{"__type__":"cc.Node","_name":"three","_parent":{"__id__":8},"_children":[{"__id__":22},{"__id__":23},{"__id__":24}],"_components":[{"__type__":"cc.Sprite","_name":"three<Sprite>","node":{"__id__":21},"_materials":[{"__uuid__":"ecpdLyjvZBwrvm+cedCcQy"}]}],"_prefab":{"__type__":"cc.PrefabInfo","root":{"__id__":1},"asset":{"__uuid__":"bcqksIer5Eor3D5uvXXz6M"},"fileId":"03Zq4Rs7BJM630nBWh4zAt"},"_contentSize":{"__type__":"cc.Size","width":190,"height":230},"_trs":{"__type__":"TypedArray","ctor":"Float64Array","array":[196,243.5,0,0,0,0,1,1,1,1]}},{"__type__":"cc.Node","_name":"yes","_parent":{"__id__":21},"_components":[{"__type__":"cc.Sprite","_name":"yes<Sprite>","node":{"__id__":22},"_materials":[{"__uuid__":"ecpdLyjvZBwrvm+cedCcQy"}],"_spriteFrame":{"__uuid__":"a1Z/KZdLtFWq5Sy0meNv+E"}}],"_prefab":{"__type__":"cc.PrefabInfo","root":{"__id__":1},"asset":{"__uuid__":"bcqksIer5Eor3D5uvXXz6M"},"fileId":"94HYN6kLZJxYb0UTpC54wE"},"_contentSize":{"__type__":"cc.Size","width":154,"height":155},"_trs":{"__type__":"TypedArray","ctor":"Float64Array","array":[0,0,0,0,0,0,1,1,1,1]}},{"__type__":"cc.Node","_name":"add","_parent":{"__id__":21},"_active":false,"_components":[{"__type__":"cc.Label","_name":"add<Label>","node":{"__id__":23},"_materials":[{"__uuid__":"ecpdLyjvZBwrvm+cedCcQy"}],"_string":"200","_N$string":"200","_fontSize":30,"_N$horizontalAlign":1,"_N$verticalAlign":1}],"_prefab":{"__type__":"cc.PrefabInfo","root":{"__id__":1},"asset":{"__uuid__":"bcqksIer5Eor3D5uvXXz6M"},"fileId":"1cQ4TES3BDq7He2wSgQfX6"},"_color":{"__type__":"cc.Color","r":245,"g":182,"b":44},"_contentSize":{"__type__":"cc.Size","width":50.05,"height":50.4},"_trs":{"__type__":"TypedArray","ctor":"Float64Array","array":[61.536,-53.216,0,0,0,0,1,1,1,1]}},{"__type__":"cc.Node","_name":"isYes","_parent":{"__id__":21},"_children":[{"__id__":25},{"__id__":26}],"_prefab":{"__type__":"cc.PrefabInfo","root":{"__id__":1},"asset":{"__uuid__":"bcqksIer5Eor3D5uvXXz6M"},"fileId":"bdvlldn4lL36zSMxKMphxR"},"_contentSize":{"__type__":"cc.Size","width":120,"height":120},"_trs":{"__type__":"TypedArray","ctor":"Float64Array","array":[0.052,0,0,0,0,0,1,1,1,1]}},{"__type__":"cc.Node","_name":"mask","_parent":{"__id__":24},"_components":[{"__type__":"cc.Sprite","node":{"__id__":25},"_materials":[{"__uuid__":"ecpdLyjvZBwrvm+cedCcQy"}],"_spriteFrame":{"__uuid__":"88pWfl16hDW7uLtiyGGyyF"}}],"_prefab":{"__type__":"cc.PrefabInfo","root":{"__id__":1},"asset":{"__uuid__":"bcqksIer5Eor3D5uvXXz6M"},"fileId":"90hQQdjRFCwJNA0NgNCDR0"},"_contentSize":{"__type__":"cc.Size","width":154,"height":155},"_trs":{"__type__":"TypedArray","ctor":"Float64Array","array":[0,0,0,0,0,0,1,1,1,1]}},{"__type__":"cc.Node","_name":"gou","_parent":{"__id__":24},"_components":[{"__type__":"cc.Sprite","node":{"__id__":26},"_materials":[{"__uuid__":"ecpdLyjvZBwrvm+cedCcQy"}],"_spriteFrame":{"__uuid__":"aeTBCTSGVIvYzpE/UU8QP+"}}],"_prefab":{"__type__":"cc.PrefabInfo","root":{"__id__":1},"asset":{"__uuid__":"bcqksIer5Eor3D5uvXXz6M"},"fileId":"15DZkeUwBP+LOblivAIWlm"},"_contentSize":{"__type__":"cc.Size","width":82,"height":57},"_trs":{"__type__":"TypedArray","ctor":"Float64Array","array":[0,0,0,0,0,0,1,1,1,1]}},{"__type__":"cc.Node","_name":"four","_parent":{"__id__":8},"_children":[{"__id__":28},{"__id__":29},{"__id__":30}],"_components":[{"__type__":"cc.Sprite","_name":"four<Sprite>","node":{"__id__":27},"_materials":[{"__uuid__":"ecpdLyjvZBwrvm+cedCcQy"}]}],"_prefab":{"__type__":"cc.PrefabInfo","root":{"__id__":1},"asset":{"__uuid__":"bcqksIer5Eor3D5uvXXz6M"},"fileId":"9aOjBCXepFFKAfQ2mt7Xnk"},"_contentSize":{"__type__":"cc.Size","width":189,"height":230},"_trs":{"__type__":"TypedArray","ctor":"Float64Array","array":[-185.5,46.207,0,0,0,0,1,1,1,1]}},{"__type__":"cc.Node","_name":"yes","_parent":{"__id__":27},"_components":[{"__type__":"cc.Sprite","_name":"yes<Sprite>","node":{"__id__":28},"_materials":[{"__uuid__":"ecpdLyjvZBwrvm+cedCcQy"}],"_spriteFrame":{"__uuid__":"9eS48RSwxCKLyojjwmRN3C"}}],"_prefab":{"__type__":"cc.PrefabInfo","root":{"__id__":1},"asset":{"__uuid__":"bcqksIer5Eor3D5uvXXz6M"},"fileId":"74uOjKN5VA0YIOnAZ+5D/y"},"_contentSize":{"__type__":"cc.Size","width":154,"height":155},"_trs":{"__type__":"TypedArray","ctor":"Float64Array","array":[0,0,0,0,0,0,1,1,1,1]}},{"__type__":"cc.Node","_name":"add","_parent":{"__id__":27},"_active":false,"_components":[{"__type__":"cc.Label","_name":"add<Label>","node":{"__id__":29},"_materials":[{"__uuid__":"ecpdLyjvZBwrvm+cedCcQy"}],"_string":"2","_N$string":"2","_fontSize":30,"_N$horizontalAlign":1,"_N$verticalAlign":1}],"_prefab":{"__type__":"cc.PrefabInfo","root":{"__id__":1},"asset":{"__uuid__":"bcqksIer5Eor3D5uvXXz6M"},"fileId":"92q/h8SxNBR7rP+DmWwWG0"},"_color":{"__type__":"cc.Color","r":141,"g":192,"b":51},"_contentSize":{"__type__":"cc.Size","width":16.68,"height":50.4},"_trs":{"__type__":"TypedArray","ctor":"Float64Array","array":[53.525,-50.686,0,0,0,0,1,1,1,1]}},{"__type__":"cc.Node","_name":"isYes","_parent":{"__id__":27},"_children":[{"__id__":31},{"__id__":32}],"_prefab":{"__type__":"cc.PrefabInfo","root":{"__id__":1},"asset":{"__uuid__":"bcqksIer5Eor3D5uvXXz6M"},"fileId":"4coUgl5khBe4QdfOG37l2S"},"_contentSize":{"__type__":"cc.Size","width":120,"height":120},"_trs":{"__type__":"TypedArray","ctor":"Float64Array","array":[0.216,1.353,0,0,0,0,1,1,1,1]}},{"__type__":"cc.Node","_name":"mask","_parent":{"__id__":30},"_components":[{"__type__":"cc.Sprite","node":{"__id__":31},"_materials":[{"__uuid__":"ecpdLyjvZBwrvm+cedCcQy"}],"_spriteFrame":{"__uuid__":"88pWfl16hDW7uLtiyGGyyF"}}],"_prefab":{"__type__":"cc.PrefabInfo","root":{"__id__":1},"asset":{"__uuid__":"bcqksIer5Eor3D5uvXXz6M"},"fileId":"8e/UamQNJG7KvAx/uxc+VZ"},"_contentSize":{"__type__":"cc.Size","width":154,"height":155},"_trs":{"__type__":"TypedArray","ctor":"Float64Array","array":[0,0,0,0,0,0,1,1,1,1]}},{"__type__":"cc.Node","_name":"gou","_parent":{"__id__":30},"_components":[{"__type__":"cc.Sprite","node":{"__id__":32},"_materials":[{"__uuid__":"ecpdLyjvZBwrvm+cedCcQy"}],"_spriteFrame":{"__uuid__":"aeTBCTSGVIvYzpE/UU8QP+"}}],"_prefab":{"__type__":"cc.PrefabInfo","root":{"__id__":1},"asset":{"__uuid__":"bcqksIer5Eor3D5uvXXz6M"},"fileId":"98UdilzTNM3ragCItFHI1O"},"_contentSize":{"__type__":"cc.Size","width":82,"height":57},"_trs":{"__type__":"TypedArray","ctor":"Float64Array","array":[0,0,0,0,0,0,1,1,1,1]}},{"__type__":"cc.Node","_name":"five","_parent":{"__id__":8},"_children":[{"__id__":34},{"__id__":35},{"__id__":36}],"_components":[{"__type__":"cc.Sprite","_name":"five<Sprite>","node":{"__id__":33},"_materials":[{"__uuid__":"ecpdLyjvZBwrvm+cedCcQy"}]}],"_prefab":{"__type__":"cc.PrefabInfo","root":{"__id__":1},"asset":{"__uuid__":"bcqksIer5Eor3D5uvXXz6M"},"fileId":"a9KBDldRFGC5cmusls7eCt"},"_contentSize":{"__type__":"cc.Size","width":189,"height":230},"_trs":{"__type__":"TypedArray","ctor":"Float64Array","array":[3.5,46.207,0,0,0,0,1,1,1,1]}},{"__type__":"cc.Node","_name":"yes","_parent":{"__id__":33},"_components":[{"__type__":"cc.Sprite","_name":"yes<Sprite>","node":{"__id__":34},"_materials":[{"__uuid__":"ecpdLyjvZBwrvm+cedCcQy"}],"_spriteFrame":{"__uuid__":"c3UkaFGVpBqLJvf1cy9NhN"}}],"_prefab":{"__type__":"cc.PrefabInfo","root":{"__id__":1},"asset":{"__uuid__":"bcqksIer5Eor3D5uvXXz6M"},"fileId":"0d/q179flC6aZ4LyoOwokm"},"_contentSize":{"__type__":"cc.Size","width":154,"height":155},"_trs":{"__type__":"TypedArray","ctor":"Float64Array","array":[0,0,0,0,0,0,1,1,1,1]}},{"__type__":"cc.Node","_name":"add","_parent":{"__id__":33},"_active":false,"_components":[{"__type__":"cc.Label","_name":"add<Label>","node":{"__id__":35},"_materials":[{"__uuid__":"ecpdLyjvZBwrvm+cedCcQy"}],"_string":"300","_N$string":"300","_fontSize":30,"_N$horizontalAlign":1,"_N$verticalAlign":1}],"_prefab":{"__type__":"cc.PrefabInfo","root":{"__id__":1},"asset":{"__uuid__":"bcqksIer5Eor3D5uvXXz6M"},"fileId":"dehse3IOxG4LVPg/sw0WUZ"},"_color":{"__type__":"cc.Color","r":245,"g":182,"b":44},"_contentSize":{"__type__":"cc.Size","width":50.05,"height":50.4},"_trs":{"__type__":"TypedArray","ctor":"Float64Array","array":[62.081,-51.697,0,0,0,0,1,1,1,1]}},{"__type__":"cc.Node","_name":"isYes","_parent":{"__id__":33},"_children":[{"__id__":37},{"__id__":38}],"_prefab":{"__type__":"cc.PrefabInfo","root":{"__id__":1},"asset":{"__uuid__":"bcqksIer5Eor3D5uvXXz6M"},"fileId":"f4srVvp0pEL5uyGOJD+EwN"},"_contentSize":{"__type__":"cc.Size","width":120,"height":120},"_trs":{"__type__":"TypedArray","ctor":"Float64Array","array":[0.176,-0.609,0,0,0,0,1,1,1,1]}},{"__type__":"cc.Node","_name":"mask","_parent":{"__id__":36},"_components":[{"__type__":"cc.Sprite","node":{"__id__":37},"_materials":[{"__uuid__":"ecpdLyjvZBwrvm+cedCcQy"}],"_spriteFrame":{"__uuid__":"88pWfl16hDW7uLtiyGGyyF"}}],"_prefab":{"__type__":"cc.PrefabInfo","root":{"__id__":1},"asset":{"__uuid__":"bcqksIer5Eor3D5uvXXz6M"},"fileId":"2aAsMIhCRE1I1lPUfQImZq"},"_contentSize":{"__type__":"cc.Size","width":154,"height":155},"_trs":{"__type__":"TypedArray","ctor":"Float64Array","array":[0,0,0,0,0,0,1,1,1,1]}},{"__type__":"cc.Node","_name":"gou","_parent":{"__id__":36},"_components":[{"__type__":"cc.Sprite","node":{"__id__":38},"_materials":[{"__uuid__":"ecpdLyjvZBwrvm+cedCcQy"}],"_spriteFrame":{"__uuid__":"aeTBCTSGVIvYzpE/UU8QP+"}}],"_prefab":{"__type__":"cc.PrefabInfo","root":{"__id__":1},"asset":{"__uuid__":"bcqksIer5Eor3D5uvXXz6M"},"fileId":"33YxMJHG1BLZTnggBmYL+W"},"_contentSize":{"__type__":"cc.Size","width":82,"height":57},"_trs":{"__type__":"TypedArray","ctor":"Float64Array","array":[0,0,0,0,0,0,1,1,1,1]}},{"__type__":"cc.Node","_name":"six","_parent":{"__id__":8},"_children":[{"__id__":40},{"__id__":41},{"__id__":42}],"_components":[{"__type__":"cc.Sprite","_name":"six<Sprite>","node":{"__id__":39},"_materials":[{"__uuid__":"ecpdLyjvZBwrvm+cedCcQy"}],"_spriteFrame":{"__uuid__":"fcHUIONPVP7bT47x9m+R+o"}}],"_prefab":{"__type__":"cc.PrefabInfo","root":{"__id__":1},"asset":{"__uuid__":"bcqksIer5Eor3D5uvXXz6M"},"fileId":"4atuIqs8pG8I2u9g6jPUpR"},"_contentSize":{"__type__":"cc.Size","width":154,"height":155},"_trs":{"__type__":"TypedArray","ctor":"Float64Array","array":[175,50.057,0,0,0,0,1,1,1,1]}},{"__type__":"cc.Node","_name":"yes","_parent":{"__id__":39},"_components":[{"__type__":"cc.Sprite","_name":"yes<Sprite>","node":{"__id__":40},"_materials":[{"__uuid__":"ecpdLyjvZBwrvm+cedCcQy"}]}],"_prefab":{"__type__":"cc.PrefabInfo","root":{"__id__":1},"asset":{"__uuid__":"bcqksIer5Eor3D5uvXXz6M"},"fileId":"8a41ZR7/BARJIjWJ0iejmX"},"_contentSize":{"__type__":"cc.Size","width":191,"height":230},"_trs":{"__type__":"TypedArray","ctor":"Float64Array","array":[0,0,0,0,0,0,1,1,1,1]}},{"__type__":"cc.Node","_name":"add","_parent":{"__id__":39},"_active":false,"_components":[{"__type__":"cc.Label","_name":"add<Label>","node":{"__id__":41},"_materials":[{"__uuid__":"ecpdLyjvZBwrvm+cedCcQy"}],"_string":"3","_N$string":"3","_fontSize":30,"_N$horizontalAlign":1,"_N$verticalAlign":1}],"_prefab":{"__type__":"cc.PrefabInfo","root":{"__id__":1},"asset":{"__uuid__":"bcqksIer5Eor3D5uvXXz6M"},"fileId":"90sRbDPRxO0K3igtS9knI4"},"_color":{"__type__":"cc.Color","r":141,"g":192,"b":51},"_contentSize":{"__type__":"cc.Size","width":16.68,"height":50.4},"_trs":{"__type__":"TypedArray","ctor":"Float64Array","array":[60.409,-52.735,0,0,0,0,1,1,1,1]}},{"__type__":"cc.Node","_name":"isYes","_parent":{"__id__":39},"_children":[{"__id__":43},{"__id__":44}],"_prefab":{"__type__":"cc.PrefabInfo","root":{"__id__":1},"asset":{"__uuid__":"bcqksIer5Eor3D5uvXXz6M"},"fileId":"d2cx98wHZCXr9lrJrgtY4D"},"_contentSize":{"__type__":"cc.Size","width":120,"height":120},"_trs":{"__type__":"TypedArray","ctor":"Float64Array","array":[0.23,0.456,0,0,0,0,1,1,1,1]}},{"__type__":"cc.Node","_name":"mask","_parent":{"__id__":42},"_components":[{"__type__":"cc.Sprite","node":{"__id__":43},"_materials":[{"__uuid__":"ecpdLyjvZBwrvm+cedCcQy"}],"_spriteFrame":{"__uuid__":"88pWfl16hDW7uLtiyGGyyF"}}],"_prefab":{"__type__":"cc.PrefabInfo","root":{"__id__":1},"asset":{"__uuid__":"bcqksIer5Eor3D5uvXXz6M"},"fileId":"9fMP4DJdxPHZBilFqLU/s+"},"_contentSize":{"__type__":"cc.Size","width":154,"height":155},"_trs":{"__type__":"TypedArray","ctor":"Float64Array","array":[0,0,0,0,0,0,1,1,1,1]}},{"__type__":"cc.Node","_name":"gou","_parent":{"__id__":42},"_components":[{"__type__":"cc.Sprite","node":{"__id__":44},"_materials":[{"__uuid__":"ecpdLyjvZBwrvm+cedCcQy"}],"_spriteFrame":{"__uuid__":"aeTBCTSGVIvYzpE/UU8QP+"}}],"_prefab":{"__type__":"cc.PrefabInfo","root":{"__id__":1},"asset":{"__uuid__":"bcqksIer5Eor3D5uvXXz6M"},"fileId":"21AzneHnBP65+k45xjPG1/"},"_contentSize":{"__type__":"cc.Size","width":82,"height":57},"_trs":{"__type__":"TypedArray","ctor":"Float64Array","array":[0,0,0,0,0,0,1,1,1,1]}},{"__type__":"cc.Node","_name":"sever","_parent":{"__id__":8},"_children":[{"__id__":46},{"__id__":47}],"_components":[{"__type__":"cc.Sprite","_name":"sever<Sprite>","node":{"__id__":45},"_materials":[{"__uuid__":"ecpdLyjvZBwrvm+cedCcQy"}]}],"_prefab":{"__type__":"cc.PrefabInfo","root":{"__id__":1},"asset":{"__uuid__":"bcqksIer5Eor3D5uvXXz6M"},"fileId":"f46FQjFTJITY/Fdo9qtBe5"},"_contentSize":{"__type__":"cc.Size","width":694,"height":257},"_trs":{"__type__":"TypedArray","ctor":"Float64Array","array":[-52,-230,0,0,0,0,1,1,1,1]}},{"__type__":"cc.Node","_name":"yes","_parent":{"__id__":45},"_components":[{"__type__":"cc.Sprite","_name":"yes<Sprite>","node":{"__id__":46},"_materials":[{"__uuid__":"ecpdLyjvZBwrvm+cedCcQy"}],"_spriteFrame":{"__uuid__":"19SRUvzKJK2p3m4CTZOZn6"}}],"_prefab":{"__type__":"cc.PrefabInfo","root":{"__id__":1},"asset":{"__uuid__":"bcqksIer5Eor3D5uvXXz6M"},"fileId":"bfpROHzZBIsYVpsJKShK7s"},"_contentSize":{"__type__":"cc.Size","width":447,"height":172},"_trs":{"__type__":"TypedArray","ctor":"Float64Array","array":[65.415,66.643,0,0,0,0,1,1,1,1]}},{"__type__":"cc.Node","_name":"isYes","_parent":{"__id__":45},"_children":[{"__id__":48},{"__id__":49}],"_prefab":{"__type__":"cc.PrefabInfo","root":{"__id__":1},"asset":{"__uuid__":"bcqksIer5Eor3D5uvXXz6M"},"fileId":"f2lgAuU5hL3qOZpzifL8nf"},"_contentSize":{"__type__":"cc.Size","width":120,"height":120},"_trs":{"__type__":"TypedArray","ctor":"Float64Array","array":[62.171,53.649,0,0,0,0,1,1,1,1]}},{"__type__":"cc.Node","_name":"mask","_parent":{"__id__":47},"_components":[{"__type__":"cc.Sprite","node":{"__id__":48},"_materials":[{"__uuid__":"ecpdLyjvZBwrvm+cedCcQy"}],"_spriteFrame":{"__uuid__":"88pWfl16hDW7uLtiyGGyyF"},"_sizeMode":0}],"_prefab":{"__type__":"cc.PrefabInfo","root":{"__id__":1},"asset":{"__uuid__":"bcqksIer5Eor3D5uvXXz6M"},"fileId":"a18LkMzCNOYKK13lqArwvz"},"_contentSize":{"__type__":"cc.Size","width":400,"height":155},"_trs":{"__type__":"TypedArray","ctor":"Float64Array","array":[0,3.298,0,0,0,0,1,1,1,1]}},{"__type__":"cc.Node","_name":"gou","_parent":{"__id__":47},"_components":[{"__type__":"cc.Sprite","node":{"__id__":49},"_materials":[{"__uuid__":"ecpdLyjvZBwrvm+cedCcQy"}],"_spriteFrame":{"__uuid__":"aeTBCTSGVIvYzpE/UU8QP+"}}],"_prefab":{"__type__":"cc.PrefabInfo","root":{"__id__":1},"asset":{"__uuid__":"bcqksIer5Eor3D5uvXXz6M"},"fileId":"716VahX8VIDqrSowk5+T42"},"_contentSize":{"__type__":"cc.Size","width":82,"height":57},"_trs":{"__type__":"TypedArray","ctor":"Float64Array","array":[0,0,0,0,0,0,1,1,1,1]}},{"__type__":"cc.Node","_name":"direct","_parent":{"__id__":1},"_components":[{"__type__":"cc.Sprite","_name":"direct<Sprite>","node":{"__id__":50},"_materials":[{"__uuid__":"ecpdLyjvZBwrvm+cedCcQy"}],"_spriteFrame":{"__uuid__":"a7pKQcXFhHva4oef4RvRMh"}},{"__type__":"cc.Button","node":{"__id__":50},"_normalMaterial":{"__uuid__":"ecpdLyjvZBwrvm+cedCcQy"},"clickEvents":[{"__type__":"cc.ClickEvent","target":{"__id__":1},"_componentId":"7e3837rlLJJcJEhpiEa+ysC","handler":"on_direct","customEventData":"1"}],"_N$transition":3,"transition":3,"_N$target":{"__id__":50}}],"_prefab":{"__type__":"cc.PrefabInfo","root":{"__id__":1},"asset":{"__uuid__":"bcqksIer5Eor3D5uvXXz6M"},"fileId":"40eRXRmtJB7I2cX+fqVNrl"},"_contentSize":{"__type__":"cc.Size","width":438,"height":187},"_trs":{"__type__":"TypedArray","ctor":"Float64Array","array":[0,-538.35,0,0,0,0,1,1,1,1]}},{"__type__":"cc.Node","_name":"double","_parent":{"__id__":1},"_children":[{"__id__":52}],"_components":[{"__type__":"cc.Sprite","_name":"double<Sprite>","node":{"__id__":51},"_materials":[{"__uuid__":"ecpdLyjvZBwrvm+cedCcQy"}],"_spriteFrame":{"__uuid__":"2eGa6CpGpL/JHyXzONpPgU"}},{"__type__":"cc.Button","node":{"__id__":51},"_normalMaterial":{"__uuid__":"ecpdLyjvZBwrvm+cedCcQy"},"clickEvents":[{"__type__":"cc.ClickEvent","target":{"__id__":1},"_componentId":"7e3837rlLJJcJEhpiEa+ysC","handler":"on_direct","customEventData":"2"}],"_N$transition":3,"transition":3}],"_prefab":{"__type__":"cc.PrefabInfo","root":{"__id__":1},"asset":{"__uuid__":"bcqksIer5Eor3D5uvXXz6M"},"fileId":"16xaV0mexE1LB8FzY056p8"},"_contentSize":{"__type__":"cc.Size","width":438,"height":187},"_trs":{"__type__":"TypedArray","ctor":"Float64Array","array":[0,-328.253,0,0,0,0,1,1,1,1]}},{"__type__":"cc.Node","_name":"sb","_parent":{"__id__":51},"_components":[{"__type__":"cc.Sprite","node":{"__id__":52},"_materials":[{"__uuid__":"ecpdLyjvZBwrvm+cedCcQy"}],"_spriteFrame":{"__uuid__":"c2YxL7zt9MHb/r0Dc8zuM/"}}],"_prefab":{"__type__":"cc.PrefabInfo","root":{"__id__":1},"asset":{"__uuid__":"bcqksIer5Eor3D5uvXXz6M"},"fileId":"a5WkWQICdN6Zno9TAoPtkT"},"_contentSize":{"__type__":"cc.Size","width":293,"height":60},"_trs":{"__type__":"TypedArray","ctor":"Float64Array","array":[0,12.559,0,0,0,0,1,1,1,1]}},{"__type__":"cc.Node","_name":"everyDay","_parent":{"__id__":1},"_components":[{"__type__":"cc.Sprite","_name":"everyDay<Sprite>","node":{"__id__":53},"_materials":[{"__uuid__":"ecpdLyjvZBwrvm+cedCcQy"}]}],"_prefab":{"__type__":"cc.PrefabInfo","root":{"__id__":1},"asset":{"__uuid__":"bcqksIer5Eor3D5uvXXz6M"},"fileId":"47wdSqll9OBqVGZ5rcKYGG"},"_contentSize":{"__type__":"cc.Size","width":315,"height":61},"_trs":{"__type__":"TypedArray","ctor":"Float64Array","array":[0,765.167,0,0,0,0,1,1,1,1]}},{"__type__":"cc.Node","_name":"back","_parent":{"__id__":1},"_components":[{"__type__":"cc.Sprite","_name":"back<Sprite>","node":{"__id__":54},"_materials":[{"__uuid__":"ecpdLyjvZBwrvm+cedCcQy"}]},{"__type__":"cc.Button","node":{"__id__":54},"_normalMaterial":{"__uuid__":"ecpdLyjvZBwrvm+cedCcQy"},"clickEvents":[{"__type__":"cc.ClickEvent","target":{"__id__":1},"_componentId":"7e3837rlLJJcJEhpiEa+ysC","handler":"closeNode"}],"_N$transition":3,"transition":3,"_N$target":{"__id__":54}}],"_prefab":{"__type__":"cc.PrefabInfo","root":{"__id__":1},"asset":{"__uuid__":"bcqksIer5Eor3D5uvXXz6M"},"fileId":"59NpL8jQhC8K3u49A+VJST"},"_contentSize":{"__type__":"cc.Size","width":105,"height":105},"_trs":{"__type__":"TypedArray","ctor":"Float64Array","array":[331.715,520.638,0,0,0,0,1,1,1,1]}},{"__type__":"cc.Node","_name":"isAdNdoe","_parent":{"__id__":1},"_children":[{"__id__":56},{"__id__":58},{"__id__":59},{"__id__":60}],"_active":false,"_prefab":{"__type__":"cc.PrefabInfo","root":{"__id__":1},"asset":{"__uuid__":"bcqksIer5Eor3D5uvXXz6M"},"fileId":"edYS+ipStF0LsXZNgCgP6F"},"_trs":{"__type__":"TypedArray","ctor":"Float64Array","array":[0,133.531,0,0,0,0,1,1,1,1]}},{"__type__":"cc.Node","_name":"adHint","_parent":{"__id__":55},"_components":[{"__id__":57}],"_prefab":{"__type__":"cc.PrefabInfo","root":{"__id__":1},"asset":{"__uuid__":"bcqksIer5Eor3D5uvXXz6M"},"fileId":"a6KbJ/MitES4Wahcz/Nqm7"},"_contentSize":{"__type__":"cc.Size","width":360,"height":50.4},"_trs":{"__type__":"TypedArray","ctor":"Float64Array","array":[56.766,-352.547,0,0,0,0,1,1,1,1]}},{"__type__":"cc.Label","node":{"__id__":56},"_materials":[{"__uuid__":"ecpdLyjvZBwrvm+cedCcQy"}],"_useOriginalSize":false,"_string":"查看视频双倍领取！","_N$string":"查看视频双倍领取！","_N$horizontalAlign":1,"_N$verticalAlign":1},{"__type__":"cc.Node","_name":"adHuan","_parent":{"__id__":55},"_components":[{"__type__":"cc.Sprite","node":{"__id__":58},"_materials":[{"__uuid__":"ecpdLyjvZBwrvm+cedCcQy"}],"_spriteFrame":{"__uuid__":"c1F6ElOHdB1YVJ0R/OcWHa"}}],"_prefab":{"__type__":"cc.PrefabInfo","root":{"__id__":1},"asset":{"__uuid__":"bcqksIer5Eor3D5uvXXz6M"},"fileId":"b8UEhlPERA6rfaZM/ekryw"},"_contentSize":{"__type__":"cc.Size","width":46,"height":46},"_trs":{"__type__":"TypedArray","ctor":"Float64Array","array":[-183.999,-352.262,0,0,0,0,1,1,1,1]}},{"__type__":"cc.Node","_name":"adYuan","_parent":{"__id__":55},"_active":false,"_components":[{"__type__":"cc.Sprite","node":{"__id__":59},"_materials":[{"__uuid__":"ecpdLyjvZBwrvm+cedCcQy"}],"_spriteFrame":{"__uuid__":"d4W3snNg9Mf5Hn+H6bICRb"}}],"_prefab":{"__type__":"cc.PrefabInfo","root":{"__id__":1},"asset":{"__uuid__":"bcqksIer5Eor3D5uvXXz6M"},"fileId":"e7WrVNIRhMCZ7BzLcVHI0/"},"_contentSize":{"__type__":"cc.Size","width":46,"height":46},"_trs":{"__type__":"TypedArray","ctor":"Float64Array","array":[-184.562,-352.422,0,0,0,0,1,1,1,1]}},{"__type__":"cc.Node","_name":"yuanOnclick","_parent":{"__id__":55},"_components":[{"__type__":"cc.Button","node":{"__id__":60},"clickEvents":[{"__type__":"cc.ClickEvent","target":{"__id__":1},"_componentId":"7e3837rlLJJcJEhpiEa+ysC","handler":"onClickAd"}]}],"_prefab":{"__type__":"cc.PrefabInfo","root":{"__id__":1},"asset":{"__uuid__":"bcqksIer5Eor3D5uvXXz6M"},"fileId":"e91yPT4rpGoIRLnsX20GHO"},"_contentSize":{"__type__":"cc.Size","width":100,"height":100},"_trs":{"__type__":"TypedArray","ctor":"Float64Array","array":[-180.368,-335.315,0,0,0,0,1,1,1,1]}},{"__type__":"cc.Node","_name":"adLingqv","_parent":{"__id__":1},"_children":[{"__id__":62}],"_components":[{"__id__":63},{"__type__":"cc.Widget","node":{"__id__":61},"_alignFlags":4,"_bottom":490.962}],"_prefab":{"__type__":"cc.PrefabInfo","root":{"__id__":1},"asset":{"__uuid__":"bcqksIer5Eor3D5uvXXz6M"},"fileId":"a9bo96bwVErJGDcgzBFV1z"},"_opacity":0,"_contentSize":{"__type__":"cc.Size","width":160,"height":50.4},"_trs":{"__type__":"TypedArray","ctor":"Float64Array","array":[0,-443.838,0,0,0,0,1,1,1,1]}},{"__type__":"cc.Node","_name":"lingqvOnclick","_parent":{"__id__":61},"_components":[{"__type__":"cc.Button","node":{"__id__":62},"clickEvents":[{"__type__":"cc.ClickEvent","target":{"__id__":1},"_componentId":"7e3837rlLJJcJEhpiEa+ysC","handler":"onClickLingqv"}]}],"_prefab":{"__type__":"cc.PrefabInfo","root":{"__id__":1},"asset":{"__uuid__":"bcqksIer5Eor3D5uvXXz6M"},"fileId":"1cjf+lq4NDWoYEDI8LUclW"},"_contentSize":{"__type__":"cc.Size","width":193,"height":100},"_trs":{"__type__":"TypedArray","ctor":"Float64Array","array":[4,-5.792,0,0,0,0,1,1,1,1]}},{"__type__":"cc.Label","node":{"__id__":61},"_materials":[{"__uuid__":"ecpdLyjvZBwrvm+cedCcQy"}],"_useOriginalSize":false,"_string":"直接领取","_N$string":"直接领取","_N$horizontalAlign":1,"_N$verticalAlign":1}],{"__type__":"cc.SpriteFrame","content":{"name":"feizhong","texture":"7e4iaVsjBCsZGIXc15+jYp","rect":[0,0,46,46],"offset":[0,0],"originalSize":[46,46],"capInsets":[0,0,0,0]}},{"__type__":"cc.SpriteFrame","content":{"name":"sb","texture":"81lo1bcc1FvJ6yLj9fTliE","rect":[0,0,293,60],"offset":[0,0],"originalSize":[293,60],"capInsets":[0,0,0,0]}},{"__type__":"cc.SpriteFrame","content":{"name":"5","texture":"7f8IXWmzdAmbWxyKWkYx2c","rect":[0,0,154,155],"offset":[0,0],"originalSize":[154,155],"capInsets":[0,0,0,0]}},{"__type__":"cc.SpriteFrame","content":{"name":"2","texture":"ceSOLKeV1E04ONIG1z046p","rect":[0,0,154,155],"offset":[0,0],"originalSize":[154,155],"capInsets":[0,0,0,0]}},{"__type__":"cc.SpriteFrame","content":{"name":"zhong","texture":"42q4t9aS5GjqzB1RGT7/Js","rect":[0,0,46,46],"offset":[0,0],"originalSize":[46,46],"capInsets":[0,0,0,0]}},{"__type__":"cc.SpriteFrame","content":{"name":"6","texture":"b9T6Wmt1xIeqs29mcOO//w","rect":[0,0,154,155],"offset":[0,0],"originalSize":[154,155],"capInsets":[0,0,0,0]}}]