[{"__type__":"cc.Prefab","_name":"SuccessBox","data":{"__id__":1}},{"__type__":"cc.Node","_name":"SuccessBox","_children":[{"__id__":2},{"__id__":3}],"_components":[{"__type__":"874b1Hm2tJDj6B8Px8qlxEJ","node":{"__id__":1},"r":{"__id__":6}},{"__type__":"cc.Widget","node":{"__id__":1},"_alignFlags":45}],"_prefab":{"__type__":"cc.PrefabInfo","root":{"__id__":1},"asset":{"__uuid__":"51X1DrbYVNEYngNOcRlJuN"},"fileId":"a7IpOog0dNsZub3GpbX3D0"},"_contentSize":{"__type__":"cc.Size","width":1080,"height":1920},"_trs":{"__type__":"TypedArray","ctor":"Float64Array","array":[540,960,0,0,0,0,1,1,1,1]},"_groupIndex":15,"groupIndex":15},{"__type__":"cc.Node","_name":"mask","_parent":{"__id__":1},"_components":[{"__type__":"cc.Sprite","node":{"__id__":2},"_materials":[{"__uuid__":"ecpdLyjvZBwrvm+cedCcQy"}],"_spriteFrame":{"__uuid__":"06bw7P7qVK+61Xqy3Ds1Wl"},"_sizeMode":0},{"__type__":"cc.Widget","node":{"__id__":2},"_alignFlags":45,"_left":-540,"_right":-540,"_top":-960,"_bottom":-960,"_originalWidth":174,"_originalHeight":174}],"_prefab":{"__type__":"cc.PrefabInfo","root":{"__id__":1},"asset":{"__uuid__":"51X1DrbYVNEYngNOcRlJuN"},"fileId":"c12cu6ufNO0JNlHs7YxyfS"},"_contentSize":{"__type__":"cc.Size","width":2160,"height":3840},"_trs":{"__type__":"TypedArray","ctor":"Float64Array","array":[0,0,0,0,0,0,1,1,1,1]},"_groupIndex":15,"groupIndex":15},{"__type__":"cc.Node","_name":"panel","_parent":{"__id__":1},"_children":[{"__id__":4},{"__id__":5},{"__id__":6},{"__id__":7},{"__id__":8},{"__id__":9},{"__id__":10},{"__id__":11},{"__id__":12}],"_prefab":{"__type__":"cc.PrefabInfo","root":{"__id__":1},"asset":{"__uuid__":"51X1DrbYVNEYngNOcRlJuN"},"fileId":"a2ykTcVONEbpBTNZrxbykq"},"_trs":{"__type__":"TypedArray","ctor":"Float64Array","array":[0,0,0,0,0,0,1,1,1,1]},"_groupIndex":15,"groupIndex":15},{"__type__":"cc.Node","_name":"bo","_parent":{"__id__":3},"_components":[{"__type__":"cc.Sprite","node":{"__id__":4},"_materials":[{"__uuid__":"ecpdLyjvZBwrvm+cedCcQy"}],"_spriteFrame":{"__uuid__":"a2MjXRFdtLlYQ5ouAFv/+R"},"_sizeMode":0}],"_prefab":{"__type__":"cc.PrefabInfo","root":{"__id__":1},"asset":{"__uuid__":"51X1DrbYVNEYngNOcRlJuN"},"fileId":"ab0zT19yVEz5lIolyebiAU"},"_color":{"__type__":"cc.Color","r":255,"g":249,"b":212},"_contentSize":{"__type__":"cc.Size","width":893,"height":500},"_trs":{"__type__":"TypedArray","ctor":"Float64Array","array":[3,-76,0,0,0,0,1,1,1,1]},"_groupIndex":15,"groupIndex":15},{"__type__":"cc.Node","_name":"top","_parent":{"__id__":3},"_components":[{"__type__":"cc.Sprite","node":{"__id__":5},"_materials":[{"__uuid__":"ecpdLyjvZBwrvm+cedCcQy"}],"_spriteFrame":{"__uuid__":"a2MjXRFdtLlYQ5ouAFv/+R"},"_sizeMode":0}],"_prefab":{"__type__":"cc.PrefabInfo","root":{"__id__":1},"asset":{"__uuid__":"51X1DrbYVNEYngNOcRlJuN"},"fileId":"e53Usddc1A9a3d+uf0MVjE"},"_color":{"__type__":"cc.Color","r":232,"g":106,"b":58},"_contentSize":{"__type__":"cc.Size","width":893,"height":124},"_trs":{"__type__":"TypedArray","ctor":"Float64Array","array":[3,228,0,0,0,0,1,1,1,1]},"_groupIndex":15,"groupIndex":15},{"__type__":"cc.Node","_name":"gold_view_13","_parent":{"__id__":3},"_components":[{"__type__":"cc.Sprite","node":{"__id__":6},"_materials":[{"__uuid__":"ecpdLyjvZBwrvm+cedCcQy"}],"_spriteFrame":{"__uuid__":"fczxs08mtOSJJnDvEdDzkY"}},{"__type__":"cc.Button","node":{"__id__":6},"clickEvents":[{"__type__":"cc.ClickEvent","target":{"__id__":1},"_componentId":"874b1Hm2tJDj6B8Px8qlxEJ","handler":"onclickRing"}],"_N$target":{"__id__":6}}],"_prefab":{"__type__":"cc.PrefabInfo","root":{"__id__":1},"asset":{"__uuid__":"51X1DrbYVNEYngNOcRlJuN"},"fileId":"a6XJ/UdtRHHqIIMWTJ35MV"},"_contentSize":{"__type__":"cc.Size","width":1078,"height":1104},"_trs":{"__type__":"TypedArray","ctor":"Float64Array","array":[-7,-62,0,0,0,0,1,0.8,0.8,1]},"_groupIndex":15,"groupIndex":15},{"__type__":"cc.Node","_name":"success","_parent":{"__id__":3},"_components":[{"__type__":"cc.Sprite","node":{"__id__":7},"_materials":[{"__uuid__":"ecpdLyjvZBwrvm+cedCcQy"}],"_spriteFrame":{"__uuid__":"07avb3JsVFQ4DT/LfXV0vk"}}],"_prefab":{"__type__":"cc.PrefabInfo","root":{"__id__":1},"asset":{"__uuid__":"51X1DrbYVNEYngNOcRlJuN"},"fileId":"aeX53eKxNFcItA6eOEfv/z"},"_contentSize":{"__type__":"cc.Size","width":588,"height":65},"_trs":{"__type__":"TypedArray","ctor":"Float64Array","array":[12.441,217.926,0,0,0,0,1,1,1,1]},"_groupIndex":15,"groupIndex":15},{"__type__":"cc.Node","_name":"tubiao6","_parent":{"__id__":3},"_components":[{"__type__":"cc.Sprite","node":{"__id__":8},"_materials":[{"__uuid__":"ecpdLyjvZBwrvm+cedCcQy"}],"_spriteFrame":{"__uuid__":"d07tvR77xKm4O704F0EhZD"}}],"_prefab":{"__type__":"cc.PrefabInfo","root":{"__id__":1},"asset":{"__uuid__":"51X1DrbYVNEYngNOcRlJuN"},"fileId":"71aK1j3zNBTaFwtXewb3s+"},"_contentSize":{"__type__":"cc.Size","width":58,"height":56},"_trs":{"__type__":"TypedArray","ctor":"Float64Array","array":[-334.097,224.265,0,0,0,0,1,1,1,1]},"_groupIndex":15,"groupIndex":15},{"__type__":"cc.Node","_name":"chacha","_parent":{"__id__":3},"_components":[{"__type__":"cc.Sprite","node":{"__id__":9},"_materials":[{"__uuid__":"ecpdLyjvZBwrvm+cedCcQy"}],"_spriteFrame":{"__uuid__":"0cFBOyYu5LJaSGisANUXwy"}},{"__type__":"cc.Button","node":{"__id__":9},"clickEvents":[{"__type__":"cc.ClickEvent","target":{"__id__":1},"_componentId":"874b1Hm2tJDj6B8Px8qlxEJ","handler":"onClickClose"}],"_N$target":{"__id__":9}}],"_prefab":{"__type__":"cc.PrefabInfo","root":{"__id__":1},"asset":{"__uuid__":"51X1DrbYVNEYngNOcRlJuN"},"fileId":"f20RjmCVZIS4RRr6ED4wg0"},"_contentSize":{"__type__":"cc.Size","width":37,"height":37},"_trs":{"__type__":"TypedArray","ctor":"Float64Array","array":[382.265,220.796,0,0,0,0,1,1,1,1]},"_groupIndex":15,"groupIndex":15},{"__type__":"cc.Node","_name":"tubiao4","_parent":{"__id__":3},"_components":[{"__type__":"cc.Sprite","node":{"__id__":10},"_materials":[{"__uuid__":"ecpdLyjvZBwrvm+cedCcQy"}],"_spriteFrame":{"__uuid__":"a3EDvgtM1JQ4Pz423qft1c"}}],"_prefab":{"__type__":"cc.PrefabInfo","root":{"__id__":1},"asset":{"__uuid__":"51X1DrbYVNEYngNOcRlJuN"},"fileId":"ceNPsCW+5HVYAqYJq2LePh"},"_contentSize":{"__type__":"cc.Size","width":317,"height":315},"_trs":{"__type__":"TypedArray","ctor":"Float64Array","array":[61.442,-42.381,0,0,0,0,1,1,1,1]},"_groupIndex":15,"groupIndex":15},{"__type__":"cc.Node","_name":"tubiao2","_parent":{"__id__":3},"_components":[{"__type__":"cc.Sprite","node":{"__id__":11},"_materials":[{"__uuid__":"ecpdLyjvZBwrvm+cedCcQy"}],"_spriteFrame":{"__uuid__":"cfkohupuxEKoy/muS2Cmr1"}}],"_prefab":{"__type__":"cc.PrefabInfo","root":{"__id__":1},"asset":{"__uuid__":"51X1DrbYVNEYngNOcRlJuN"},"fileId":"72S0jtZPZEY624Jek4nfko"},"_contentSize":{"__type__":"cc.Size","width":208,"height":158},"_trs":{"__type__":"TypedArray","ctor":"Float64Array","array":[-77.531,-42.743,0,0,0,0,1,1,1,1]},"_groupIndex":15,"groupIndex":15},{"__type__":"cc.Node","_name":"anniu2","_parent":{"__id__":3},"_components":[{"__type__":"cc.Sprite","node":{"__id__":12},"_materials":[{"__uuid__":"ecpdLyjvZBwrvm+cedCcQy"}],"_spriteFrame":{"__uuid__":"acpLnSUMxEk4eDsakCwqAQ"}},{"__type__":"cc.Button","node":{"__id__":12},"clickEvents":[{"__type__":"cc.ClickEvent","target":{"__id__":1},"_componentId":"874b1Hm2tJDj6B8Px8qlxEJ","handler":"onClickBtnVideo"}],"_N$target":{"__id__":12}}],"_prefab":{"__type__":"cc.PrefabInfo","root":{"__id__":1},"asset":{"__uuid__":"51X1DrbYVNEYngNOcRlJuN"},"fileId":"90dQavo65ADL47DWqg6Xqt"},"_contentSize":{"__type__":"cc.Size","width":291,"height":94},"_trs":{"__type__":"TypedArray","ctor":"Float64Array","array":[8.692,-228.886,0,0,0,0,1,1,1,1]},"_groupIndex":15,"groupIndex":15}]