[{"__type__":"cc.SpriteFrame","content":{"name":"1223","texture":"29qw0AmyNFqKIuv/hHTNMn","rect":[0,0,262,299],"offset":[0,0],"originalSize":[262,299],"capInsets":[0,0,0,0]}},{"__type__":"cc.SpriteFrame","content":{"name":"132","texture":"3becYd30tJpLaTQLYg8cCM","rect":[0,0,352,382],"offset":[0,0],"originalSize":[352,382],"capInsets":[0,0,0,0]}},{"__type__":"cc.SpriteFrame","content":{"name":"yuanxie","texture":"c92D6nsfdLn7vZe8bGoaH4","rect":[0,0,288,537],"offset":[0,0],"originalSize":[288,537],"capInsets":[0,0,0,0]}},{"__type__":"cc.SpriteFrame","content":{"name":"124","texture":"a3hrpeVHlCGaw+e/7nvvTz","rect":[0,1,322,665],"offset":[0,-0.5],"originalSize":[322,666],"capInsets":[0,0,0,0]}},{"__type__":"cc.SpriteFrame","content":{"name":"121","texture":"19rWGL/6JJ3IKbqG3yiARO","rect":[0,0,289,329],"offset":[0,0],"originalSize":[289,329],"capInsets":[0,286,0,0]}},{"__type__":"cc.SpriteFrame","content":{"name":"12","texture":"71sLvf0sFLN6zhtcKgq2Q9","rect":[0,0,941,1050],"offset":[0,0],"originalSize":[941,1050],"capInsets":[0,0,0,0]}},[{"__type__":"cc.Prefab","_name":"level_12","data":{"__id__":1}},{"__type__":"cc.Node","_name":"level_12","_children":[{"__id__":2},{"__id__":3},{"__id__":14},{"__id__":35},{"__id__":36},{"__id__":37},{"__id__":38}],"_components":[{"__type__":"5ec4eq7TDtKFpYM4V2asO/C","node":{"__id__":1},"keyarry":[{"__id__":19},{"__id__":24},{"__id__":29},{"__id__":34}],"dushui":[{"__id__":6},{"__id__":8},{"__id__":10},{"__id__":12}],"player":{"__id__":36},"closNode":{"__id__":37}}],"_prefab":{"__type__":"cc.PrefabInfo","root":{"__id__":1},"asset":{"__uuid__":"ffBnuOG3pLCpYZ9+jT16Aj"},"fileId":"0fFZFFzQ9JbLRqVOsYnzRb"},"_trs":{"__type__":"TypedArray","ctor":"Float64Array","array":[-67.46,0,0,0,0,0,1,1,1,1]}},{"__type__":"cc.Node","_name":"bg","_parent":{"__id__":1},"_components":[{"__type__":"cc.Sprite","node":{"__id__":2},"_materials":[{"__uuid__":"ecpdLyjvZBwrvm+cedCcQy"}],"_spriteFrame":{"__uuid__":"8fhBIYrG5HWo2FsMx30nRO"}},{"__type__":"cc.RigidBody","node":{"__id__":2},"_type":0},{"__type__":"cc.PhysicsPolygonCollider","node":{"__id__":2},"points":[{"__type__":"cc.Vec2","x":-251.5,"y":362},{"__type__":"cc.Vec2","x":-257,"y":346.4},{"__type__":"cc.Vec2","x":-254.4,"y":-476.5},{"__type__":"cc.Vec2","x":-243.4,"y":-485.7},{"__type__":"cc.Vec2","x":-234.1,"y":-495.1},{"__type__":"cc.Vec2","x":-218.3,"y":-505.5},{"__type__":"cc.Vec2","x":-195.4,"y":-511.9},{"__type__":"cc.Vec2","x":419.8,"y":-510.7},{"__type__":"cc.Vec2","x":478.2,"y":-459.3},{"__type__":"cc.Vec2","x":466.7,"y":-446.1},{"__type__":"cc.Vec2","x":465,"y":465},{"__type__":"cc.Vec2","x":459.2,"y":495.3},{"__type__":"cc.Vec2","x":418.5,"y":523.5},{"__type__":"cc.Vec2","x":202.7,"y":522.2},{"__type__":"cc.Vec2","x":166.6,"y":509.1},{"__type__":"cc.Vec2","x":144.7,"y":471.5},{"__type__":"cc.Vec2","x":143.2,"y":293.6},{"__type__":"cc.Vec2","x":141.5,"y":-222.3},{"__type__":"cc.Vec2","x":125.9,"y":-242.5},{"__type__":"cc.Vec2","x":59.9,"y":-245.1},{"__type__":"cc.Vec2","x":45.3,"y":-231},{"__type__":"cc.Vec2","x":38.6,"y":-212.1},{"__type__":"cc.Vec2","x":37.9,"y":347.3},{"__type__":"cc.Vec2","x":20.3,"y":345.3},{"__type__":"cc.Vec2","x":20.7,"y":-211.1},{"__type__":"cc.Vec2","x":28.9,"y":-236.1},{"__type__":"cc.Vec2","x":39.6,"y":-251.8},{"__type__":"cc.Vec2","x":57.6,"y":-262},{"__type__":"cc.Vec2","x":117.2,"y":-263.8},{"__type__":"cc.Vec2","x":140.3,"y":-253.7},{"__type__":"cc.Vec2","x":159.9,"y":-224.5},{"__type__":"cc.Vec2","x":163.5,"y":476.4},{"__type__":"cc.Vec2","x":173.9,"y":494.2},{"__type__":"cc.Vec2","x":184.2,"y":501.4},{"__type__":"cc.Vec2","x":194.9,"y":505.6},{"__type__":"cc.Vec2","x":416.9,"y":505.8},{"__type__":"cc.Vec2","x":430.4,"y":502.6},{"__type__":"cc.Vec2","x":441.4,"y":493.2},{"__type__":"cc.Vec2","x":448.1,"y":482.7},{"__type__":"cc.Vec2","x":451,"y":471},{"__type__":"cc.Vec2","x":449.4,"y":-456.7},{"__type__":"cc.Vec2","x":443.7,"y":-469.8},{"__type__":"cc.Vec2","x":434.1,"y":-480.9},{"__type__":"cc.Vec2","x":419.7,"y":-490.9},{"__type__":"cc.Vec2","x":407,"y":-494.9},{"__type__":"cc.Vec2","x":-199.4,"y":-492.8},{"__type__":"cc.Vec2","x":-217.7,"y":-485.5},{"__type__":"cc.Vec2","x":-237,"y":-471},{"__type__":"cc.Vec2","x":-233.6,"y":359.8},{"__type__":"cc.Vec2","x":-217.2,"y":378.4},{"__type__":"cc.Vec2","x":-224.7,"y":392.6}]},{"__type__":"cc.PhysicsPolygonCollider","node":{"__id__":2},"_offset":{"__type__":"cc.Vec2","x":-138,"y":-466},"points":[{"__type__":"cc.Vec2","x":-50,"y":-50},{"__type__":"cc.Vec2","x":152,"y":-10},{"__type__":"cc.Vec2","x":206.3,"y":52.8},{"__type__":"cc.Vec2","x":50,"y":50},{"__type__":"cc.Vec2","x":-83,"y":54}]}],"_prefab":{"__type__":"cc.PrefabInfo","root":{"__id__":1},"asset":{"__uuid__":"ffBnuOG3pLCpYZ9+jT16Aj"},"fileId":"f0ScdmrfRMb6R1AHkHgPBl"},"_contentSize":{"__type__":"cc.Size","width":941,"height":1050},"_trs":{"__type__":"TypedArray","ctor":"Float64Array","array":[0,0,0,0,0,0,1,1,1,1]},"_groupIndex":17,"groupIndex":17},{"__type__":"cc.Node","_name":"duwu","_parent":{"__id__":1},"_children":[{"__id__":4},{"__id__":6},{"__id__":8},{"__id__":10},{"__id__":12}],"_prefab":{"__type__":"cc.PrefabInfo","root":{"__id__":1},"asset":{"__uuid__":"ffBnuOG3pLCpYZ9+jT16Aj"},"fileId":"074RbTumdBJK4JtpID/VoM"},"_trs":{"__type__":"TypedArray","ctor":"Float64Array","array":[0,0,0,0,0,0,1,1,1,1]}},{"__type__":"cc.Node","_name":"yuanxie","_parent":{"__id__":3},"_children":[{"__id__":5}],"_components":[{"__type__":"cc.Mask","node":{"__id__":4},"_materials":[{"__uuid__":"ecpdLyjvZBwrvm+cedCcQy"}],"_spriteFrame":{"__uuid__":"1bWtwVLMVEt60Zftpv90n1"},"_type":2},{"__type__":"cc.PolygonCollider","node":{"__id__":4},"points":[{"__type__":"cc.Vec2","x":-48.8,"y":-76.1},{"__type__":"cc.Vec2","x":145.2,"y":-264.6},{"__type__":"cc.Vec2","x":145.8,"y":245.2},{"__type__":"cc.Vec2","x":-134.3,"y":257.3},{"__type__":"cc.Vec2","x":-144.1,"y":14.8}]}],"_prefab":{"__type__":"cc.PrefabInfo","root":{"__id__":1},"asset":{"__uuid__":"ffBnuOG3pLCpYZ9+jT16Aj"},"fileId":"a4D90TwZNLDKF8PFAx0eyp"},"_contentSize":{"__type__":"cc.Size","width":288,"height":556},"_trs":{"__type__":"TypedArray","ctor":"Float64Array","array":[307,228,0,0,0,0,1,1,1,1]},"_groupIndex":24,"groupIndex":24},{"__type__":"cc.Node","_name":"dsdh","_parent":{"__id__":4},"_components":[{"__type__":"sp.Skeleton","node":{"__id__":5},"_materials":[{"__uuid__":"7a/QZLET9IDreTiBfRn2PD"}],"defaultAnimation":"m","_preCacheMode":0,"premultipliedAlpha":false,"_animationName":"m","_N$skeletonData":{"__uuid__":"36kv17fgBCoaksls3Yv/7r"}}],"_prefab":{"__type__":"cc.PrefabInfo","root":{"__id__":1},"asset":{"__uuid__":"ffBnuOG3pLCpYZ9+jT16Aj"},"fileId":"6dTqCdIhtNiKkgaht86lzw"},"_contentSize":{"__type__":"cc.Size","width":3240,"height":2803.73},"_trs":{"__type__":"TypedArray","ctor":"Float64Array","array":[-306.872,407.356,0,0,0,0,1,1,1,1]}},{"__type__":"cc.Node","_name":"yuanxie copy","_parent":{"__id__":3},"_children":[{"__id__":7}],"_active":false,"_components":[{"__type__":"cc.Mask","node":{"__id__":6},"_materials":[{"__uuid__":"ecpdLyjvZBwrvm+cedCcQy"}],"_spriteFrame":{"__uuid__":"5e00kIK1JEmIgOd+SsWbvJ"},"_type":2},{"__type__":"cc.PolygonCollider","node":{"__id__":6},"points":[{"__type__":"cc.Vec2","x":-145.5,"y":-199.3},{"__type__":"cc.Vec2","x":146.5,"y":-200.4},{"__type__":"cc.Vec2","x":144,"y":-135.1},{"__type__":"cc.Vec2","x":-148,"y":150}]}],"_prefab":{"__type__":"cc.PrefabInfo","root":{"__id__":1},"asset":{"__uuid__":"ffBnuOG3pLCpYZ9+jT16Aj"},"fileId":"0bMGGZP2ZMYpmARB95pKFR"},"_opacity":0,"_contentSize":{"__type__":"cc.Size","width":291.7,"height":398},"_trs":{"__type__":"TypedArray","ctor":"Float64Array","array":[306.9,89,0,0,0,0,1,1,1,1]},"_groupIndex":24,"groupIndex":24},{"__type__":"cc.Node","_name":"dsdh","_parent":{"__id__":6},"_components":[{"__type__":"sp.Skeleton","node":{"__id__":7},"_materials":[{"__uuid__":"7a/QZLET9IDreTiBfRn2PD"}],"defaultAnimation":"m","_preCacheMode":0,"premultipliedAlpha":false,"_animationName":"m","_N$skeletonData":{"__uuid__":"36kv17fgBCoaksls3Yv/7r"}}],"_prefab":{"__type__":"cc.PrefabInfo","root":{"__id__":1},"asset":{"__uuid__":"ffBnuOG3pLCpYZ9+jT16Aj"},"fileId":"54azVbukJIob+KRO2Fgqu5"},"_contentSize":{"__type__":"cc.Size","width":3240,"height":2803.73},"_trs":{"__type__":"TypedArray","ctor":"Float64Array","array":[-306.9,555.887,0,0,0,0,1,1,1,1]}},{"__type__":"cc.Node","_name":"yuanxie copy","_parent":{"__id__":3},"_children":[{"__id__":9}],"_active":false,"_components":[{"__type__":"cc.Mask","node":{"__id__":8},"_materials":[{"__uuid__":"ecpdLyjvZBwrvm+cedCcQy"}],"_spriteFrame":{"__uuid__":"17nVtJuqFKYrNHkgnBEF6i"},"_type":2},{"__type__":"cc.PolygonCollider","node":{"__id__":8},"points":[{"__type__":"cc.Vec2","x":-174.1,"y":-186.4},{"__type__":"cc.Vec2","x":178.6,"y":-193.4},{"__type__":"cc.Vec2","x":179.6,"y":185.1},{"__type__":"cc.Vec2","x":-117.7,"y":184.5},{"__type__":"cc.Vec2","x":-117.8,"y":89},{"__type__":"cc.Vec2","x":-118.7,"y":77.5},{"__type__":"cc.Vec2","x":-127.9,"y":57.8},{"__type__":"cc.Vec2","x":-138.7,"y":47.7},{"__type__":"cc.Vec2","x":-153.5,"y":41.2},{"__type__":"cc.Vec2","x":-175.1,"y":35.7}]}],"_prefab":{"__type__":"cc.PrefabInfo","root":{"__id__":1},"asset":{"__uuid__":"ffBnuOG3pLCpYZ9+jT16Aj"},"fileId":"624YcoF/VH4ZqYbNodSOH5"},"_opacity":0,"_contentSize":{"__type__":"cc.Size","width":357,"height":373},"_trs":{"__type__":"TypedArray","ctor":"Float64Array","array":[273,-310,0,0,0,0,1,1,1,1]},"_groupIndex":24,"groupIndex":24},{"__type__":"cc.Node","_name":"dsdh","_parent":{"__id__":8},"_components":[{"__type__":"sp.Skeleton","node":{"__id__":9},"_materials":[{"__uuid__":"7a/QZLET9IDreTiBfRn2PD"}],"defaultAnimation":"m","_preCacheMode":0,"premultipliedAlpha":false,"_animationName":"m","_N$skeletonData":{"__uuid__":"36kv17fgBCoaksls3Yv/7r"}}],"_prefab":{"__type__":"cc.PrefabInfo","root":{"__id__":1},"asset":{"__uuid__":"ffBnuOG3pLCpYZ9+jT16Aj"},"fileId":"35spZEFy9FX5xClc5DFdbF"},"_contentSize":{"__type__":"cc.Size","width":3240,"height":2803.73},"_trs":{"__type__":"TypedArray","ctor":"Float64Array","array":[-273,954.887,0,0,0,0,1,1,1,1]}},{"__type__":"cc.Node","_name":"yuanxie copy","_parent":{"__id__":3},"_children":[{"__id__":11}],"_active":false,"_components":[{"__type__":"cc.Mask","node":{"__id__":10},"_materials":[{"__uuid__":"ecpdLyjvZBwrvm+cedCcQy"}],"_spriteFrame":{"__uuid__":"36H4Q5s+ZGDYsloD90+QNs"},"_type":2},{"__type__":"cc.PolygonCollider","node":{"__id__":10},"points":[{"__type__":"cc.Vec2","x":-165,"y":-325},{"__type__":"cc.Vec2","x":161,"y":-326},{"__type__":"cc.Vec2","x":154,"y":-101},{"__type__":"cc.Vec2","x":118,"y":-86},{"__type__":"cc.Vec2","x":97.3,"y":-56.4},{"__type__":"cc.Vec2","x":103.9,"y":-17.5},{"__type__":"cc.Vec2","x":104.8,"y":41.3},{"__type__":"cc.Vec2","x":103.3,"y":320.2},{"__type__":"cc.Vec2","x":-165.8,"y":228.3}]}],"_prefab":{"__type__":"cc.PrefabInfo","root":{"__id__":1},"asset":{"__uuid__":"ffBnuOG3pLCpYZ9+jT16Aj"},"fileId":"a0Tk/HIYpP0JLTby8MnCP5"},"_opacity":0,"_contentSize":{"__type__":"cc.Size","width":333,"height":652},"_trs":{"__type__":"TypedArray","ctor":"Float64Array","array":[-71,-171,0,0,0,0,1,1,1,1]},"_groupIndex":24,"groupIndex":24},{"__type__":"cc.Node","_name":"dsdh","_parent":{"__id__":10},"_components":[{"__type__":"sp.Skeleton","node":{"__id__":11},"_materials":[{"__uuid__":"7a/QZLET9IDreTiBfRn2PD"}],"defaultAnimation":"m","_preCacheMode":0,"premultipliedAlpha":false,"_animationName":"m","_N$skeletonData":{"__uuid__":"36kv17fgBCoaksls3Yv/7r"}}],"_prefab":{"__type__":"cc.PrefabInfo","root":{"__id__":1},"asset":{"__uuid__":"ffBnuOG3pLCpYZ9+jT16Aj"},"fileId":"11AMhydQFEKJD4PXnKsRk8"},"_contentSize":{"__type__":"cc.Size","width":3240,"height":2803.73},"_trs":{"__type__":"TypedArray","ctor":"Float64Array","array":[71,815.887,0,0,0,0,1,1,1,1]}},{"__type__":"cc.Node","_name":"yuanxie copy","_parent":{"__id__":3},"_children":[{"__id__":13}],"_active":false,"_components":[{"__type__":"cc.Mask","node":{"__id__":12},"_materials":[{"__uuid__":"ecpdLyjvZBwrvm+cedCcQy"}],"_spriteFrame":{"__uuid__":"0fxdi4kLJIppfUV7qq5kvr"},"_type":2},{"__type__":"cc.PolygonCollider","node":{"__id__":12},"points":[{"__type__":"cc.Vec2","x":-134.3,"y":-144},{"__type__":"cc.Vec2","x":134.3,"y":-51.2},{"__type__":"cc.Vec2","x":134.2,"y":145.5},{"__type__":"cc.Vec2","x":-131.7,"y":166.2}]}],"_prefab":{"__type__":"cc.PrefabInfo","root":{"__id__":1},"asset":{"__uuid__":"ffBnuOG3pLCpYZ9+jT16Aj"},"fileId":"d8yqzz9/JN8JfhUAwcsixI"},"_opacity":0,"_contentSize":{"__type__":"cc.Size","width":269,"height":342},"_trs":{"__type__":"TypedArray","ctor":"Float64Array","array":[-107,217,0,0,0,0,1,1,1,1]},"_groupIndex":24,"groupIndex":24},{"__type__":"cc.Node","_name":"dsdh","_parent":{"__id__":12},"_components":[{"__type__":"sp.Skeleton","node":{"__id__":13},"_materials":[{"__uuid__":"7a/QZLET9IDreTiBfRn2PD"}],"defaultAnimation":"m","_preCacheMode":0,"premultipliedAlpha":false,"_animationName":"m","_N$skeletonData":{"__uuid__":"36kv17fgBCoaksls3Yv/7r"}}],"_prefab":{"__type__":"cc.PrefabInfo","root":{"__id__":1},"asset":{"__uuid__":"ffBnuOG3pLCpYZ9+jT16Aj"},"fileId":"1eMw34u0NOUqWXg4760QvS"},"_contentSize":{"__type__":"cc.Size","width":3240,"height":2803.73},"_trs":{"__type__":"TypedArray","ctor":"Float64Array","array":[107,427.887,0,0,0,0,1,1,1,1]}},{"__type__":"cc.Node","_name":"key","_parent":{"__id__":1},"_children":[{"__id__":15},{"__id__":20},{"__id__":25},{"__id__":30}],"_prefab":{"__type__":"cc.PrefabInfo","root":{"__id__":1},"asset":{"__uuid__":"ffBnuOG3pLCpYZ9+jT16Aj"},"fileId":"52K7jDHzFEIIbd0OgTU+cZ"},"_trs":{"__type__":"TypedArray","ctor":"Float64Array","array":[0,0,0,0,0,0,1,1,1,1]}},{"__type__":"cc.Node","_name":"key","_parent":{"__id__":14},"_children":[{"__id__":16},{"__id__":17},{"__id__":18}],"_prefab":{"__type__":"cc.PrefabInfo","root":{"__id__":1},"asset":{"__uuid__":"ffBnuOG3pLCpYZ9+jT16Aj"},"fileId":"254Ut27UZFs7UIxcLceI7v"},"_trs":{"__type__":"TypedArray","ctor":"Float64Array","array":[268.861,139.578,0,0,0,-0.9205048534524404,0.3907311284892737,1,1,1]},"_eulerAngles":{"__type__":"cc.Vec3","z":-134}},{"__type__":"cc.Node","_name":"lock","_parent":{"__id__":15},"_components":[{"__type__":"cc.Sprite","node":{"__id__":16},"_materials":[{"__uuid__":"ecpdLyjvZBwrvm+cedCcQy"}],"_spriteFrame":{"__uuid__":"ebm9zOQlFI4IGgCc9Owdfe"}},{"__type__":"15b42uAdtxGLJO3hSFb7eHo","node":{"__id__":16}}],"_prefab":{"__type__":"cc.PrefabInfo","root":{"__id__":1},"asset":{"__uuid__":"ffBnuOG3pLCpYZ9+jT16Aj"},"fileId":"9fmhGI7/VPvY3s8TR6rFWe"},"_contentSize":{"__type__":"cc.Size","width":56,"height":55},"_trs":{"__type__":"TypedArray","ctor":"Float64Array","array":[2.186,-155.096,0,0,0,0,1,1,1,1]}},{"__type__":"cc.Node","_name":"lock","_parent":{"__id__":15},"_components":[{"__type__":"cc.Sprite","node":{"__id__":17},"_materials":[{"__uuid__":"ecpdLyjvZBwrvm+cedCcQy"}],"_spriteFrame":{"__uuid__":"ebm9zOQlFI4IGgCc9Owdfe"}},{"__type__":"15b42uAdtxGLJO3hSFb7eHo","node":{"__id__":17}}],"_prefab":{"__type__":"cc.PrefabInfo","root":{"__id__":1},"asset":{"__uuid__":"ffBnuOG3pLCpYZ9+jT16Aj"},"fileId":"77m5YUTe1LV5J0uZJ5Y88J"},"_contentSize":{"__type__":"cc.Size","width":56,"height":55},"_trs":{"__type__":"TypedArray","ctor":"Float64Array","array":[1.854,246.665,0,0,0,0,1,1,1,1]}},{"__type__":"cc.Node","_name":"key","_parent":{"__id__":15},"_children":[{"__id__":19}],"_prefab":{"__type__":"cc.PrefabInfo","root":{"__id__":1},"asset":{"__uuid__":"ffBnuOG3pLCpYZ9+jT16Aj"},"fileId":"c57wfC9KZGOJm6kG8i1LEc"},"_contentSize":{"__type__":"cc.Size","width":100,"height":200},"_trs":{"__type__":"TypedArray","ctor":"Float64Array","array":[0,0,0,0,0,0,1,1,1,1]},"_groupIndex":15,"groupIndex":15},{"__type__":"cc.Node","_name":"icon","_parent":{"__id__":18},"_components":[{"__type__":"fcf5apGFRJIEZkZJ9CwiT4c","node":{"__id__":19},"isGone":true,"isGonex":-200},{"__type__":"cc.Sprite","node":{"__id__":19},"_materials":[{"__uuid__":"ecpdLyjvZBwrvm+cedCcQy"}],"_spriteFrame":{"__uuid__":"6dXBYrBNtEiKJQUnopu+Lk"},"_type":1},{"__type__":"cc.RigidBody","node":{"__id__":19},"_type":0,"_allowSleep":false,"enabledContactListener":true},{"__type__":"cc.BoxCollider","node":{"__id__":19},"_offset":{"__type__":"cc.Vec2","y":1},"_size":{"__type__":"cc.Size","width":15,"height":299}},{"__type__":"cc.PhysicsBoxCollider","node":{"__id__":19},"_offset":{"__type__":"cc.Vec2","x":0.2,"y":43.3},"_size":{"__type__":"cc.Size","width":14.1,"height":389.7}}],"_prefab":{"__type__":"cc.PrefabInfo","root":{"__id__":1},"asset":{"__uuid__":"ffBnuOG3pLCpYZ9+jT16Aj"},"fileId":"e6i/xPFg1CJIt17HI7N0wo"},"_contentSize":{"__type__":"cc.Size","width":76,"height":504},"_trs":{"__type__":"TypedArray","ctor":"Float64Array","array":[0,0,0,0,0,0,1,1,1,1]},"_groupIndex":15,"groupIndex":15},{"__type__":"cc.Node","_name":"key copy","_parent":{"__id__":14},"_children":[{"__id__":21},{"__id__":22},{"__id__":23}],"_prefab":{"__type__":"cc.PrefabInfo","root":{"__id__":1},"asset":{"__uuid__":"ffBnuOG3pLCpYZ9+jT16Aj"},"fileId":"c9BXqJyjxMEZkoPlurmD8H"},"_trs":{"__type__":"TypedArray","ctor":"Float64Array","array":[304.035,-117.65,0,0,0,0.7071067811865475,0.7071067811865476,1,1,1]},"_eulerAngles":{"__type__":"cc.Vec3","z":90}},{"__type__":"cc.Node","_name":"lock","_parent":{"__id__":20},"_components":[{"__type__":"cc.Sprite","node":{"__id__":21},"_materials":[{"__uuid__":"ecpdLyjvZBwrvm+cedCcQy"}],"_spriteFrame":{"__uuid__":"ebm9zOQlFI4IGgCc9Owdfe"}},{"__type__":"15b42uAdtxGLJO3hSFb7eHo","node":{"__id__":21}}],"_prefab":{"__type__":"cc.PrefabInfo","root":{"__id__":1},"asset":{"__uuid__":"ffBnuOG3pLCpYZ9+jT16Aj"},"fileId":"1cjOnNlkdO17+dZS0NL0cy"},"_contentSize":{"__type__":"cc.Size","width":56,"height":55},"_trs":{"__type__":"TypedArray","ctor":"Float64Array","array":[2.186,-146.076,0,0,0,0,1,1,1,1]}},{"__type__":"cc.Node","_name":"lock","_parent":{"__id__":20},"_components":[{"__type__":"cc.Sprite","node":{"__id__":22},"_materials":[{"__uuid__":"ecpdLyjvZBwrvm+cedCcQy"}],"_spriteFrame":{"__uuid__":"ebm9zOQlFI4IGgCc9Owdfe"}},{"__type__":"15b42uAdtxGLJO3hSFb7eHo","node":{"__id__":22}}],"_prefab":{"__type__":"cc.PrefabInfo","root":{"__id__":1},"asset":{"__uuid__":"ffBnuOG3pLCpYZ9+jT16Aj"},"fileId":"05iulkSNFKCYDCur54GiWD"},"_contentSize":{"__type__":"cc.Size","width":56,"height":55},"_trs":{"__type__":"TypedArray","ctor":"Float64Array","array":[0.656,144.462,0,0,0,0,1,1,1,1]}},{"__type__":"cc.Node","_name":"key","_parent":{"__id__":20},"_children":[{"__id__":24}],"_prefab":{"__type__":"cc.PrefabInfo","root":{"__id__":1},"asset":{"__uuid__":"ffBnuOG3pLCpYZ9+jT16Aj"},"fileId":"0cIMSt0c9Gu5AasxGE500b"},"_contentSize":{"__type__":"cc.Size","width":100,"height":200},"_trs":{"__type__":"TypedArray","ctor":"Float64Array","array":[0,0,0,0,0,0,1,1,1,1]},"_groupIndex":15,"groupIndex":15},{"__type__":"cc.Node","_name":"icon","_parent":{"__id__":23},"_components":[{"__type__":"fcf5apGFRJIEZkZJ9CwiT4c","node":{"__id__":24},"where":1},{"__type__":"cc.Sprite","node":{"__id__":24},"_materials":[{"__uuid__":"ecpdLyjvZBwrvm+cedCcQy"}],"_spriteFrame":{"__uuid__":"6dXBYrBNtEiKJQUnopu+Lk"},"_type":1},{"__type__":"cc.RigidBody","node":{"__id__":24},"_type":0,"_allowSleep":false,"enabledContactListener":true},{"__type__":"cc.BoxCollider","node":{"__id__":24},"_offset":{"__type__":"cc.Vec2","x":0.6,"y":59.2},"_size":{"__type__":"cc.Size","width":7.7,"height":379}},{"__type__":"cc.PhysicsBoxCollider","node":{"__id__":24},"_offset":{"__type__":"cc.Vec2","y":33.2},"_size":{"__type__":"cc.Size","width":12.6,"height":399.5}}],"_prefab":{"__type__":"cc.PrefabInfo","root":{"__id__":1},"asset":{"__uuid__":"ffBnuOG3pLCpYZ9+jT16Aj"},"fileId":"e8Xyz0uiZBp58zon7yVC5v"},"_contentSize":{"__type__":"cc.Size","width":76,"height":504},"_trs":{"__type__":"TypedArray","ctor":"Float64Array","array":[0,0,0,0,0,0,1,1,1,1]},"_groupIndex":15,"groupIndex":15},{"__type__":"cc.Node","_name":"key copy","_parent":{"__id__":14},"_children":[{"__id__":26},{"__id__":27},{"__id__":28}],"_prefab":{"__type__":"cc.PrefabInfo","root":{"__id__":1},"asset":{"__uuid__":"ffBnuOG3pLCpYZ9+jT16Aj"},"fileId":"a6xNT2+7RMpqrgirvpGlqq"},"_trs":{"__type__":"TypedArray","ctor":"Float64Array","array":[92.149,-390.415,0,0,0,1,6.123233995736766e-17,1,1,1]},"_eulerAngles":{"__type__":"cc.Vec3","z":180}},{"__type__":"cc.Node","_name":"lock","_parent":{"__id__":25},"_components":[{"__type__":"cc.Sprite","node":{"__id__":26},"_materials":[{"__uuid__":"ecpdLyjvZBwrvm+cedCcQy"}],"_spriteFrame":{"__uuid__":"ebm9zOQlFI4IGgCc9Owdfe"}},{"__type__":"15b42uAdtxGLJO3hSFb7eHo","node":{"__id__":26}}],"_prefab":{"__type__":"cc.PrefabInfo","root":{"__id__":1},"asset":{"__uuid__":"ffBnuOG3pLCpYZ9+jT16Aj"},"fileId":"faSE1Xi+pNxLqwqzAOX1OB"},"_contentSize":{"__type__":"cc.Size","width":56,"height":55},"_trs":{"__type__":"TypedArray","ctor":"Float64Array","array":[2.186,-127.892,0,0,0,0,1,1,1,1]}},{"__type__":"cc.Node","_name":"lock","_parent":{"__id__":25},"_components":[{"__type__":"cc.Sprite","node":{"__id__":27},"_materials":[{"__uuid__":"ecpdLyjvZBwrvm+cedCcQy"}],"_spriteFrame":{"__uuid__":"ebm9zOQlFI4IGgCc9Owdfe"}},{"__type__":"15b42uAdtxGLJO3hSFb7eHo","node":{"__id__":27}}],"_prefab":{"__type__":"cc.PrefabInfo","root":{"__id__":1},"asset":{"__uuid__":"ffBnuOG3pLCpYZ9+jT16Aj"},"fileId":"08XTpAyG1OdJYad6oRMfBc"},"_contentSize":{"__type__":"cc.Size","width":56,"height":55},"_trs":{"__type__":"TypedArray","ctor":"Float64Array","array":[-2.939,104.061,0,0,0,0,1,1,1,1]}},{"__type__":"cc.Node","_name":"key","_parent":{"__id__":25},"_children":[{"__id__":29}],"_prefab":{"__type__":"cc.PrefabInfo","root":{"__id__":1},"asset":{"__uuid__":"ffBnuOG3pLCpYZ9+jT16Aj"},"fileId":"a7a4ZD7FdK6K0/QCLlRnTa"},"_contentSize":{"__type__":"cc.Size","width":100,"height":200},"_trs":{"__type__":"TypedArray","ctor":"Float64Array","array":[0,0,0,0,0,0,1,1,1,1]},"_groupIndex":15,"groupIndex":15},{"__type__":"cc.Node","_name":"icon","_parent":{"__id__":28},"_components":[{"__type__":"fcf5apGFRJIEZkZJ9CwiT4c","node":{"__id__":29},"keyType":1,"where":1},{"__type__":"cc.Sprite","node":{"__id__":29},"_materials":[{"__uuid__":"ecpdLyjvZBwrvm+cedCcQy"}],"_spriteFrame":{"__uuid__":"6dXBYrBNtEiKJQUnopu+Lk"},"_type":1},{"__type__":"cc.RigidBody","node":{"__id__":29},"_type":0,"_allowSleep":false,"enabledContactListener":true},{"__type__":"cc.BoxCollider","node":{"__id__":29},"_offset":{"__type__":"cc.Vec2","x":1,"y":31},"_size":{"__type__":"cc.Size","width":17,"height":445}},{"__type__":"cc.PhysicsBoxCollider","node":{"__id__":29},"_offset":{"__type__":"cc.Vec2","x":0.3,"y":-4.9},"_size":{"__type__":"cc.Size","width":16,"height":491.3}}],"_prefab":{"__type__":"cc.PrefabInfo","root":{"__id__":1},"asset":{"__uuid__":"ffBnuOG3pLCpYZ9+jT16Aj"},"fileId":"36iBEo+UNOQJg6kcIM4Cxs"},"_contentSize":{"__type__":"cc.Size","width":76,"height":504},"_trs":{"__type__":"TypedArray","ctor":"Float64Array","array":[0,0,0,0,0,0,1,1,1,1]},"_groupIndex":15,"groupIndex":15},{"__type__":"cc.Node","_name":"key copy","_parent":{"__id__":14},"_children":[{"__id__":31},{"__id__":32},{"__id__":33}],"_prefab":{"__type__":"cc.PrefabInfo","root":{"__id__":1},"asset":{"__uuid__":"ffBnuOG3pLCpYZ9+jT16Aj"},"fileId":"56FwYowv5B75WOF0dcWD8W"},"_trs":{"__type__":"TypedArray","ctor":"Float64Array","array":[-87.605,117.688,0,0,0,0.8141155183563192,0.5807029557109398,1,1,1]},"_eulerAngles":{"__type__":"cc.Vec3","z":109}},{"__type__":"cc.Node","_name":"lock","_parent":{"__id__":30},"_components":[{"__type__":"cc.Sprite","node":{"__id__":31},"_materials":[{"__uuid__":"ecpdLyjvZBwrvm+cedCcQy"}],"_spriteFrame":{"__uuid__":"ebm9zOQlFI4IGgCc9Owdfe"}},{"__type__":"15b42uAdtxGLJO3hSFb7eHo","node":{"__id__":31}}],"_prefab":{"__type__":"cc.PrefabInfo","root":{"__id__":1},"asset":{"__uuid__":"ffBnuOG3pLCpYZ9+jT16Aj"},"fileId":"49dfW9LHZKKawYGmzY9tah"},"_contentSize":{"__type__":"cc.Size","width":56,"height":55},"_trs":{"__type__":"TypedArray","ctor":"Float64Array","array":[-1.113,-127.859,0,0,0,0,1,1,1,1]}},{"__type__":"cc.Node","_name":"lock","_parent":{"__id__":30},"_components":[{"__type__":"cc.Sprite","node":{"__id__":32},"_materials":[{"__uuid__":"ecpdLyjvZBwrvm+cedCcQy"}],"_spriteFrame":{"__uuid__":"ebm9zOQlFI4IGgCc9Owdfe"}},{"__type__":"15b42uAdtxGLJO3hSFb7eHo","node":{"__id__":32}}],"_prefab":{"__type__":"cc.PrefabInfo","root":{"__id__":1},"asset":{"__uuid__":"ffBnuOG3pLCpYZ9+jT16Aj"},"fileId":"15u4smTxNBULgm6n99hrWQ"},"_contentSize":{"__type__":"cc.Size","width":56,"height":55},"_trs":{"__type__":"TypedArray","ctor":"Float64Array","array":[1.033,163.431,0,0,0,0,1,1,1,1]}},{"__type__":"cc.Node","_name":"key","_parent":{"__id__":30},"_children":[{"__id__":34}],"_prefab":{"__type__":"cc.PrefabInfo","root":{"__id__":1},"asset":{"__uuid__":"ffBnuOG3pLCpYZ9+jT16Aj"},"fileId":"19TB1iW7ZEzb5gZ2376z0P"},"_contentSize":{"__type__":"cc.Size","width":100,"height":200},"_trs":{"__type__":"TypedArray","ctor":"Float64Array","array":[0,0,0,0,0,0,1,1,1,1]},"_groupIndex":15,"groupIndex":15},{"__type__":"cc.Node","_name":"icon","_parent":{"__id__":33},"_components":[{"__type__":"fcf5apGFRJIEZkZJ9CwiT4c","node":{"__id__":34},"where":1},{"__type__":"cc.Sprite","node":{"__id__":34},"_materials":[{"__uuid__":"ecpdLyjvZBwrvm+cedCcQy"}],"_spriteFrame":{"__uuid__":"6dXBYrBNtEiKJQUnopu+Lk"},"_type":1},{"__type__":"cc.RigidBody","node":{"__id__":34},"_type":0,"_allowSleep":false,"enabledContactListener":true},{"__type__":"cc.BoxCollider","node":{"__id__":34},"_offset":{"__type__":"cc.Vec2","x":1,"y":1},"_size":{"__type__":"cc.Size","width":15,"height":501}},{"__type__":"cc.PhysicsBoxCollider","node":{"__id__":34},"_offset":{"__type__":"cc.Vec2","x":0.8,"y":18.7},"_size":{"__type__":"cc.Size","width":14.9,"height":380.5}}],"_prefab":{"__type__":"cc.PrefabInfo","root":{"__id__":1},"asset":{"__uuid__":"ffBnuOG3pLCpYZ9+jT16Aj"},"fileId":"8980dTqCVCF4lacQZhLI0q"},"_contentSize":{"__type__":"cc.Size","width":76,"height":504},"_trs":{"__type__":"TypedArray","ctor":"Float64Array","array":[0,0,0,0,0,0,1,1,1,1]},"_groupIndex":15,"groupIndex":15},{"__type__":"cc.Node","_name":"jt","_parent":{"__id__":1},"_components":[{"__type__":"sp.Skeleton","node":{"__id__":35},"_materials":[{"__uuid__":"7a/QZLET9IDreTiBfRn2PD"}],"_preCacheMode":0,"premultipliedAlpha":false,"_N$skeletonData":{"__uuid__":"19+H+W/p9BsLNUbqevx73X"}},{"__type__":"cc.BoxCollider","node":{"__id__":35},"_size":{"__type__":"cc.Size","width":118,"height":77}},{"__type__":"cc.RigidBody","node":{"__id__":35},"_allowSleep":false},{"__type__":"cc.PhysicsBoxCollider","node":{"__id__":35},"_offset":{"__type__":"cc.Vec2","y":30},"_size":{"__type__":"cc.Size","width":118,"height":138}},{"__type__":"8129dBaWYFCnbCuQ9KTwNkc","node":{"__id__":35}}],"_prefab":{"__type__":"cc.PrefabInfo","root":{"__id__":1},"asset":{"__uuid__":"ffBnuOG3pLCpYZ9+jT16Aj"},"fileId":"f5VYj96axEhKy2GJDw/dih"},"_contentSize":{"__type__":"cc.Size","width":118,"height":77},"_trs":{"__type__":"TypedArray","ctor":"Float64Array","array":[-92.47,189.807,0,0,0,0,1,1,1,1]},"_groupIndex":18,"groupIndex":18},{"__type__":"cc.Node","_name":"players","_parent":{"__id__":1},"_components":[{"__type__":"sp.Skeleton","node":{"__id__":36},"_materials":[{"__uuid__":"7a/QZLET9IDreTiBfRn2PD"}],"defaultAnimation":"jy1","_preCacheMode":0,"premultipliedAlpha":false,"_animationName":"jy1","_N$skeletonData":{"__uuid__":"7eXUSETlJAmq9Nf/NmhP+m"}},{"__type__":"01f289XMctJip07hmhMcMgM","node":{"__id__":36},"left":-500,"right":500},{"__type__":"cc.PolygonCollider","node":{"__id__":36},"points":[{"__type__":"cc.Vec2","x":-40.9,"y":-33.1},{"__type__":"cc.Vec2","x":45.8,"y":-35.2},{"__type__":"cc.Vec2","x":69.4,"y":-8.6},{"__type__":"cc.Vec2","x":33.6,"y":39.6},{"__type__":"cc.Vec2","x":-32.6,"y":32.4},{"__type__":"cc.Vec2","x":-57,"y":5.7}]}],"_prefab":{"__type__":"cc.PrefabInfo","root":{"__id__":1},"asset":{"__uuid__":"ffBnuOG3pLCpYZ9+jT16Aj"},"fileId":"9a6hbbq/NKV7TDM+HB44Sj"},"_contentSize":{"__type__":"cc.Size","width":298.26,"height":205.43},"_trs":{"__type__":"TypedArray","ctor":"Float64Array","array":[303.566,-12.873,0,0,0,0,1,-1,1,1]},"_groupIndex":19,"groupIndex":19},{"__type__":"cc.Node","_name":"close","_parent":{"__id__":1},"_components":[{"__type__":"cc.BoxCollider","node":{"__id__":37},"_offset":{"__type__":"cc.Vec2","x":12,"y":-107},"_size":{"__type__":"cc.Size","width":124,"height":315}}],"_prefab":{"__type__":"cc.PrefabInfo","root":{"__id__":1},"asset":{"__uuid__":"ffBnuOG3pLCpYZ9+jT16Aj"},"fileId":"a4NupXi7VCCpWVz6HPE0wT"},"_trs":{"__type__":"TypedArray","ctor":"Float64Array","array":[-278.218,-318.615,0,0,0,0,1,1,1,1]},"_groupIndex":23,"groupIndex":23},{"__type__":"cc.Node","_name":"ball","_parent":{"__id__":1},"_components":[{"__type__":"cc.RigidBody","node":{"__id__":38},"_type":0},{"__type__":"cc.PhysicsPolygonCollider","node":{"__id__":38},"_offset":{"__type__":"cc.Vec2","x":-198,"y":-357},"points":[{"__type__":"cc.Vec2","x":-50,"y":-50},{"__type__":"cc.Vec2","x":308,"y":-50}]}],"_prefab":{"__type__":"cc.PrefabInfo","root":{"__id__":1},"asset":{"__uuid__":"ffBnuOG3pLCpYZ9+jT16Aj"},"fileId":"8dIBb8tJBNHLbuT7+YSzPn"},"_trs":{"__type__":"TypedArray","ctor":"Float64Array","array":[0,0,0,0,0,0,1,1,1,1]},"_groupIndex":17,"groupIndex":17}]]