[{"__type__":"cc.SpriteFrame","content":{"name":"3","texture":"90QsdYWY9Jk4I6uWxCxbjg","rect":[0,0,1016,1238],"offset":[0,0],"originalSize":[1016,1238],"capInsets":[0,0,0,0]}},{"__type__":"cc.SpriteFrame","content":{"name":"level_3_2","texture":"f1zNs6Y2lFe5ZGwvseIzMx","rect":[0,0,316,479],"offset":[0,0],"originalSize":[316,479],"capInsets":[0,0,0,0]}},{"__type__":"cc.SpriteFrame","content":{"name":"level_3_1","texture":"fbMyBcXF5EtaGR46/pDnR1","rect":[0,0,635,398],"offset":[0,0],"originalSize":[635,398],"capInsets":[0,0,0,0]}},[{"__type__":"cc.Prefab","_name":"level_3","data":{"__id__":1}},{"__type__":"cc.Node","_name":"level_3","_children":[{"__id__":2},{"__id__":14},{"__type__":"cc.Node","_name":"goal","_parent":{"__id__":1},"_prefab":{"__type__":"cc.PrefabInfo","root":{"__id__":1},"asset":{"__uuid__":"fbC07jPNtP6Lhcstjp/BIr"},"fileId":"5eMgVfITVFDpV0QjRkqPgR"},"_trs":{"__type__":"TypedArray","ctor":"Float64Array","array":[78.035,0,0,0,0,0,1,1,1,1]}},{"__id__":17},{"__type__":"cc.Node","_name":"dsGoal","_parent":{"__id__":1},"_prefab":{"__type__":"cc.PrefabInfo","root":{"__id__":1},"asset":{"__uuid__":"fbC07jPNtP6Lhcstjp/BIr"},"fileId":"58g/67xJ9EaqnZtC3yAPvQ"},"_trs":{"__type__":"TypedArray","ctor":"Float64Array","array":[78.035,-23.961,0,0,0,0,1,1,1,1]}},{"__id__":19},{"__type__":"cc.Node","_name":"evilFish","_parent":{"__id__":1},"_prefab":{"__type__":"cc.PrefabInfo","root":{"__id__":1},"asset":{"__uuid__":"fbC07jPNtP6Lhcstjp/BIr"},"fileId":"86Tnxnb9VJIoqJtta5eHtl"},"_trs":{"__type__":"TypedArray","ctor":"Float64Array","array":[-140.477,-358.756,0,0,0,0,1,1,1,1]}},{"__type__":"cc.Node","_name":"goalOne","_parent":{"__id__":1},"_prefab":{"__type__":"cc.PrefabInfo","root":{"__id__":1},"asset":{"__uuid__":"fbC07jPNtP6Lhcstjp/BIr"},"fileId":"9bKfR02LRJprw4Pz3NXYpF"},"_trs":{"__type__":"TypedArray","ctor":"Float64Array","array":[-130.026,-409.202,0,0,0,0,1,1,1,1]}},{"__type__":"cc.Node","_name":"goalEvil","_parent":{"__id__":1},"_prefab":{"__type__":"cc.PrefabInfo","root":{"__id__":1},"asset":{"__uuid__":"fbC07jPNtP6Lhcstjp/BIr"},"fileId":"accWcPKApAK4g0TOjgn6qe"},"_trs":{"__type__":"TypedArray","ctor":"Float64Array","array":[223.852,-358.756,0,0,0,0,1,1,1,1]}},{"__type__":"cc.Node","_name":"goalEnd","_parent":{"__id__":1},"_prefab":{"__type__":"cc.PrefabInfo","root":{"__id__":1},"asset":{"__uuid__":"fbC07jPNtP6Lhcstjp/BIr"},"fileId":"f6ApIs6ABNL4AbJw7bauiZ"},"_trs":{"__type__":"TypedArray","ctor":"Float64Array","array":[-130.026,-409.202,0,0,0,0,1,1,1,1]}},{"__id__":43},{"__id__":44},{"__id__":45},{"__id__":46}],"_components":[{"__type__":"815aaoEwSFNaJq0DfeIp0Nt","node":{"__id__":1},"pubu1Node":{"__id__":9},"pubu3Node":{"__id__":11},"pubu4Node":{"__id__":13},"water1Node":{"__id__":6},"water2Node":{"__id__":8},"playerNode":{"__id__":14},"drumstickNode":{"__id__":17},"keyArr":[{"__id__":23},{"__id__":27},{"__id__":32},{"__id__":37},{"__id__":42}],"goalArr":[{"__id__":44},{"__id__":45},{"__id__":46}],"stoneNode":{"__id__":43}}],"_prefab":{"__type__":"cc.PrefabInfo","root":{"__id__":1},"asset":{"__uuid__":"fbC07jPNtP6Lhcstjp/BIr"},"fileId":"b5pjZZA5VJmKGM1IOsmJ+T"},"_trs":{"__type__":"TypedArray","ctor":"Float64Array","array":[0,0,0,0,0,0,1,1,1,1]}},{"__type__":"cc.Node","_name":"bg","_parent":{"__id__":1},"_children":[{"__id__":3},{"__id__":4},{"__id__":5},{"__id__":7},{"__id__":10},{"__id__":12}],"_components":[{"__type__":"cc.Mask","node":{"__id__":2},"_materials":[{"__uuid__":"ecpdLyjvZBwrvm+cedCcQy"}],"_spriteFrame":{"__uuid__":"57CegHEjxKbLg8pdFKX3HO"},"_type":2,"_N$alphaThreshold":1}],"_prefab":{"__type__":"cc.PrefabInfo","root":{"__id__":1},"asset":{"__uuid__":"fbC07jPNtP6Lhcstjp/BIr"},"fileId":"c5boAKXC1Mcp+r0/F5yCZV"},"_contentSize":{"__type__":"cc.Size","width":1016,"height":1238},"_trs":{"__type__":"TypedArray","ctor":"Float64Array","array":[0,0,0,0,0,0,1,1,1,1]}},{"__type__":"cc.Node","_name":"3","_parent":{"__id__":2},"_components":[{"__type__":"cc.Sprite","node":{"__id__":3},"_materials":[{"__uuid__":"ecpdLyjvZBwrvm+cedCcQy"}],"_spriteFrame":{"__uuid__":"57CegHEjxKbLg8pdFKX3HO"}}],"_prefab":{"__type__":"cc.PrefabInfo","root":{"__id__":1},"asset":{"__uuid__":"fbC07jPNtP6Lhcstjp/BIr"},"fileId":"2d7yRIoA1ELKsBJVQYKZsD"},"_contentSize":{"__type__":"cc.Size","width":1016,"height":1238},"_trs":{"__type__":"TypedArray","ctor":"Float64Array","array":[0,0,0,0,0,0,1,1,1,1]}},{"__type__":"cc.Node","_name":"slzsdh","_parent":{"__id__":2},"_components":[{"__type__":"sp.Skeleton","node":{"__id__":4},"_materials":[{"__uuid__":"7a/QZLET9IDreTiBfRn2PD"}],"defaultAnimation":"m","_preCacheMode":0,"premultipliedAlpha":false,"_animationName":"m","_N$skeletonData":{"__uuid__":"a5iZkfJx1Cn7A4f95ah4sw"}}],"_prefab":{"__type__":"cc.PrefabInfo","root":{"__id__":1},"asset":{"__uuid__":"fbC07jPNtP6Lhcstjp/BIr"},"fileId":"24/Sxi1cNMXYFTaoucYNh0"},"_contentSize":{"__type__":"cc.Size","width":3239.86,"height":1213.36},"_trs":{"__type__":"TypedArray","ctor":"Float64Array","array":[0,-454.846,0,0,0,0,1,1,1,1]}},{"__type__":"cc.Node","_name":"water1","_parent":{"__id__":2},"_children":[{"__id__":6}],"_components":[{"__type__":"cc.Mask","node":{"__id__":5},"_materials":[{"__uuid__":"ecpdLyjvZBwrvm+cedCcQy"}],"_spriteFrame":{"__uuid__":"92ffti/95GGYSRCcfQqIyq"},"_type":2}],"_prefab":{"__type__":"cc.PrefabInfo","root":{"__id__":1},"asset":{"__uuid__":"fbC07jPNtP6Lhcstjp/BIr"},"fileId":"bfAPOVh45LwZTddd0lfQiu"},"_contentSize":{"__type__":"cc.Size","width":635,"height":298},"_trs":{"__type__":"TypedArray","ctor":"Float64Array","array":[-21.822,239.097,0,0,0,0,1,1,1,1]}},{"__type__":"cc.Node","_name":"water","_parent":{"__id__":5},"_components":[{"__type__":"sp.Skeleton","node":{"__id__":6},"_materials":[{"__uuid__":"7a/QZLET9IDreTiBfRn2PD"}],"defaultAnimation":"m","_preCacheMode":0,"premultipliedAlpha":false,"_animationName":"m","_N$skeletonData":{"__uuid__":"a5iZkfJx1Cn7A4f95ah4sw"}}],"_prefab":{"__type__":"cc.PrefabInfo","root":{"__id__":1},"asset":{"__uuid__":"fbC07jPNtP6Lhcstjp/BIr"},"fileId":"45dSmILphB8KMIQsXXkp/e"},"_contentSize":{"__type__":"cc.Size","width":3239.86,"height":1213.36},"_trs":{"__type__":"TypedArray","ctor":"Float64Array","array":[0,6.412,0,0,0,0,1,1,1,1]}},{"__type__":"cc.Node","_name":"water2","_parent":{"__id__":2},"_children":[{"__id__":8},{"__id__":9}],"_components":[{"__type__":"cc.Mask","node":{"__id__":7},"_materials":[{"__uuid__":"ecpdLyjvZBwrvm+cedCcQy"}],"_spriteFrame":{"__uuid__":"7aDbGB6uRAQrVR61+Z5wX5"},"_type":2}],"_prefab":{"__type__":"cc.PrefabInfo","root":{"__id__":1},"asset":{"__uuid__":"fbC07jPNtP6Lhcstjp/BIr"},"fileId":"1a9XGioMtFaYJJZ5xViNA0"},"_contentSize":{"__type__":"cc.Size","width":316,"height":479},"_trs":{"__type__":"TypedArray","ctor":"Float64Array","array":[-208.407,27.041,0,0,0,0,1,1,1,1]}},{"__type__":"cc.Node","_name":"water2","_parent":{"__id__":7},"_components":[{"__type__":"sp.Skeleton","node":{"__id__":8},"_materials":[{"__uuid__":"7a/QZLET9IDreTiBfRn2PD"}],"defaultAnimation":"m","_preCacheMode":0,"premultipliedAlpha":false,"_animationName":"m","_N$skeletonData":{"__uuid__":"a5iZkfJx1Cn7A4f95ah4sw"}}],"_prefab":{"__type__":"cc.PrefabInfo","root":{"__id__":1},"asset":{"__uuid__":"fbC07jPNtP6Lhcstjp/BIr"},"fileId":"1902H9eWFCSaK+yrWCWd35"},"_contentSize":{"__type__":"cc.Size","width":3239.86,"height":1213.36},"_trs":{"__type__":"TypedArray","ctor":"Float64Array","array":[0,-340.536,0,0,0,0,1,1,1,1]}},{"__type__":"cc.Node","_name":"pu1","_parent":{"__id__":7},"_active":false,"_components":[{"__type__":"sp.Skeleton","node":{"__id__":9},"_materials":[{"__uuid__":"7a/QZLET9IDreTiBfRn2PD"}],"defaultAnimation":"animation","_preCacheMode":0,"premultipliedAlpha":false,"_animationName":"animation","_N$skeletonData":{"__uuid__":"20LpqFfx5CipgKbp4Y0zEU"}}],"_prefab":{"__type__":"cc.PrefabInfo","root":{"__id__":1},"asset":{"__uuid__":"fbC07jPNtP6Lhcstjp/BIr"},"fileId":"41Z7Rups5K7a6oOSFD3xR/"},"_contentSize":{"__type__":"cc.Size","width":749.41,"height":1206},"_trs":{"__type__":"TypedArray","ctor":"Float64Array","array":[70.058,-385.32,0,0,0,0,1,1,1,1]}},{"__type__":"cc.Node","_name":"water3","_parent":{"__id__":2},"_children":[{"__id__":11}],"_components":[{"__type__":"cc.Mask","node":{"__id__":10},"_materials":[{"__uuid__":"ecpdLyjvZBwrvm+cedCcQy"}],"_spriteFrame":{"__uuid__":"7aDbGB6uRAQrVR61+Z5wX5"},"_type":2}],"_prefab":{"__type__":"cc.PrefabInfo","root":{"__id__":1},"asset":{"__uuid__":"fbC07jPNtP6Lhcstjp/BIr"},"fileId":"a58KP4VDNGSqvE89kBFlzQ"},"_contentSize":{"__type__":"cc.Size","width":316,"height":479},"_trs":{"__type__":"TypedArray","ctor":"Float64Array","array":[-250.943,-270.641,0,0,0,0,1,1,1,1]}},{"__type__":"cc.Node","_name":"pu3","_parent":{"__id__":10},"_active":false,"_components":[{"__type__":"sp.Skeleton","node":{"__id__":11},"_materials":[{"__uuid__":"7a/QZLET9IDreTiBfRn2PD"}],"defaultAnimation":"animation","_preCacheMode":0,"premultipliedAlpha":false,"_animationName":"animation","_N$skeletonData":{"__uuid__":"20LpqFfx5CipgKbp4Y0zEU"}}],"_prefab":{"__type__":"cc.PrefabInfo","root":{"__id__":1},"asset":{"__uuid__":"fbC07jPNtP6Lhcstjp/BIr"},"fileId":"ba811bjYxEiqLkSLePmuPa"},"_contentSize":{"__type__":"cc.Size","width":749.41,"height":1206},"_trs":{"__type__":"TypedArray","ctor":"Float64Array","array":[70.058,-385.32,0,0,0,0,1,1,1,1]}},{"__type__":"cc.Node","_name":"water4","_parent":{"__id__":2},"_children":[{"__id__":13}],"_components":[{"__type__":"cc.Mask","node":{"__id__":12},"_materials":[{"__uuid__":"ecpdLyjvZBwrvm+cedCcQy"}],"_spriteFrame":{"__uuid__":"7aDbGB6uRAQrVR61+Z5wX5"},"_type":2}],"_prefab":{"__type__":"cc.PrefabInfo","root":{"__id__":1},"asset":{"__uuid__":"fbC07jPNtP6Lhcstjp/BIr"},"fileId":"dcC1WfpktJc5qC5ua4tbJJ"},"_contentSize":{"__type__":"cc.Size","width":316,"height":479},"_trs":{"__type__":"TypedArray","ctor":"Float64Array","array":[141.884,19.081,0,0,0,0,1,-1,1,1]}},{"__type__":"cc.Node","_name":"pu4","_parent":{"__id__":12},"_active":false,"_components":[{"__type__":"sp.Skeleton","node":{"__id__":13},"_materials":[{"__uuid__":"7a/QZLET9IDreTiBfRn2PD"}],"defaultAnimation":"animation","_preCacheMode":0,"premultipliedAlpha":false,"_animationName":"animation","_N$skeletonData":{"__uuid__":"20LpqFfx5CipgKbp4Y0zEU"}}],"_prefab":{"__type__":"cc.PrefabInfo","root":{"__id__":1},"asset":{"__uuid__":"fbC07jPNtP6Lhcstjp/BIr"},"fileId":"14CH/AwsNNjLdMkklEVHY1"},"_contentSize":{"__type__":"cc.Size","width":749.41,"height":1206},"_trs":{"__type__":"TypedArray","ctor":"Float64Array","array":[70.058,-421.048,0,0,0,0,1,1,1,1]}},{"__type__":"cc.Node","_name":"player","_parent":{"__id__":1},"_children":[{"__id__":15},{"__id__":16}],"_prefab":{"__type__":"cc.PrefabInfo","root":{"__id__":1},"asset":{"__uuid__":"fbC07jPNtP6Lhcstjp/BIr"},"fileId":"30r+kDT+tAKpQcO7mj+wmB"},"_contentSize":{"__type__":"cc.Size","width":245,"height":292},"_trs":{"__type__":"TypedArray","ctor":"Float64Array","array":[475.972,-422.837,0,0,0,0,1,-1,1,1]}},{"__type__":"cc.Node","_name":"word","_parent":{"__id__":14},"_components":[{"__type__":"cc.Label","node":{"__id__":15},"_materials":[{"__uuid__":"ecpdLyjvZBwrvm+cedCcQy"}],"_N$horizontalAlign":1,"_N$verticalAlign":1}],"_prefab":{"__type__":"cc.PrefabInfo","root":{"__id__":1},"asset":{"__uuid__":"fbC07jPNtP6Lhcstjp/BIr"},"fileId":"c1Z/+DX51OjIo5UElwHz93"},"_contentSize":{"__type__":"cc.Size","height":50.4},"_trs":{"__type__":"TypedArray","ctor":"Float64Array","array":[-277.482,203.036,0,0,0,0,1,-1,1,1]}},{"__type__":"cc.Node","_name":"pifu","_parent":{"__id__":14},"_components":[{"__type__":"sp.Skeleton","node":{"__id__":16},"_materials":[{"__uuid__":"7a/QZLET9IDreTiBfRn2PD"}],"defaultAnimation":"youdong1","_preCacheMode":0,"premultipliedAlpha":false,"_animationName":"youdong1","_N$skeletonData":{"__uuid__":"7eXUSETlJAmq9Nf/NmhP+m"}},{"__type__":"cc.BoxCollider","node":{"__id__":16},"_offset":{"__type__":"cc.Vec2","x":-1,"y":3.4},"_size":{"__type__":"cc.Size","width":132,"height":96.2}},{"__type__":"01f289XMctJip07hmhMcMgM","node":{"__id__":16}}],"_prefab":{"__type__":"cc.PrefabInfo","root":{"__id__":1},"asset":{"__uuid__":"fbC07jPNtP6Lhcstjp/BIr"},"fileId":"d22I4hzopOkb5SyWet5Qdg"},"_contentSize":{"__type__":"cc.Size","width":298.26,"height":205.43},"_trs":{"__type__":"TypedArray","ctor":"Float64Array","array":[-12.566,7.733,0,0,0,0,1,1,1,1]},"_groupIndex":19,"groupIndex":19},{"__type__":"cc.Node","_name":"drumstick","_parent":{"__id__":1},"_children":[{"__id__":18}],"_prefab":{"__type__":"cc.PrefabInfo","root":{"__id__":1},"asset":{"__uuid__":"fbC07jPNtP6Lhcstjp/BIr"},"fileId":"03YIqrAoxIn75h0ocDnF8C"},"_contentSize":{"__type__":"cc.Size","width":146,"height":130},"_trs":{"__type__":"TypedArray","ctor":"Float64Array","array":[-130.026,-110.729,0,0,0,-0.17364817766693033,0.984807753012208,0.5,0.5,1]},"_eulerAngles":{"__type__":"cc.Vec3","z":-20}},{"__type__":"cc.Node","_name":"drumstick","_parent":{"__id__":17},"_components":[{"__type__":"cc.Sprite","node":{"__id__":18},"_materials":[{"__uuid__":"ecpdLyjvZBwrvm+cedCcQy"}],"_spriteFrame":{"__uuid__":"41In5eFZZAcrgFboYtZCx8"}},{"__type__":"8129dBaWYFCnbCuQ9KTwNkc","node":{"__id__":18}},{"__type__":"cc.BoxCollider","node":{"__id__":18},"_size":{"__type__":"cc.Size","width":137,"height":175}}],"_prefab":{"__type__":"cc.PrefabInfo","root":{"__id__":1},"asset":{"__uuid__":"fbC07jPNtP6Lhcstjp/BIr"},"fileId":"7b0g7Q77ZDMptUd+3MT6kW"},"_contentSize":{"__type__":"cc.Size","width":137,"height":175},"_trs":{"__type__":"TypedArray","ctor":"Float64Array","array":[0,0,0,0,0,0,1,2,2,1]},"_groupIndex":18,"groupIndex":18},{"__type__":"cc.Node","_name":"key","_parent":{"__id__":1},"_children":[{"__id__":20},{"__id__":24},{"__id__":28},{"__id__":33},{"__id__":38}],"_prefab":{"__type__":"cc.PrefabInfo","root":{"__id__":1},"asset":{"__uuid__":"fbC07jPNtP6Lhcstjp/BIr"},"fileId":"5e5TLw5JNLLof5n2Ml3dZs"},"_trs":{"__type__":"TypedArray","ctor":"Float64Array","array":[78.035,0,0,0,0,0,1,1,1,1]}},{"__type__":"cc.Node","_name":"key","_parent":{"__id__":19},"_children":[{"__id__":21},{"__id__":22}],"_prefab":{"__type__":"cc.PrefabInfo","root":{"__id__":1},"asset":{"__uuid__":"fbC07jPNtP6Lhcstjp/BIr"},"fileId":"c1UO7/qmRL3KZ3a0fm3iJq"},"_trs":{"__type__":"TypedArray","ctor":"Float64Array","array":[-342.775,185.746,0,0,0,0.8290375725550417,-0.5591929034707467,1,1,1]},"_eulerAngles":{"__type__":"cc.Vec3","z":248}},{"__type__":"cc.Node","_name":"lock","_parent":{"__id__":20},"_components":[{"__type__":"cc.Sprite","node":{"__id__":21},"_materials":[{"__uuid__":"ecpdLyjvZBwrvm+cedCcQy"}],"_spriteFrame":{"__uuid__":"ebm9zOQlFI4IGgCc9Owdfe"}},{"__type__":"15b42uAdtxGLJO3hSFb7eHo","node":{"__id__":21}}],"_prefab":{"__type__":"cc.PrefabInfo","root":{"__id__":1},"asset":{"__uuid__":"fbC07jPNtP6Lhcstjp/BIr"},"fileId":"f0+udf3KRJXpVzoCmq4qOL"},"_contentSize":{"__type__":"cc.Size","width":56,"height":55},"_trs":{"__type__":"TypedArray","ctor":"Float64Array","array":[-1.086,-122.191,0,0,0,0,1,1,1,1]}},{"__type__":"cc.Node","_name":"key","_parent":{"__id__":20},"_children":[{"__id__":23}],"_prefab":{"__type__":"cc.PrefabInfo","root":{"__id__":1},"asset":{"__uuid__":"fbC07jPNtP6Lhcstjp/BIr"},"fileId":"bbJtsaBZ1Aw4DL/JQVw79P"},"_contentSize":{"__type__":"cc.Size","width":100,"height":200},"_trs":{"__type__":"TypedArray","ctor":"Float64Array","array":[0,0,0,0,0,0,1,1,1,1]},"_groupIndex":15,"groupIndex":15},{"__type__":"cc.Node","_name":"icon","_parent":{"__id__":22},"_components":[{"__type__":"fcf5apGFRJIEZkZJ9CwiT4c","node":{"__id__":23},"isGone":true,"isGonex":-260},{"__type__":"cc.Sprite","node":{"__id__":23},"_materials":[{"__uuid__":"ecpdLyjvZBwrvm+cedCcQy"}],"_spriteFrame":{"__uuid__":"6dXBYrBNtEiKJQUnopu+Lk"},"_type":1}],"_prefab":{"__type__":"cc.PrefabInfo","root":{"__id__":1},"asset":{"__uuid__":"fbC07jPNtP6Lhcstjp/BIr"},"fileId":"12dzSspCVPMptKCHSNBjBs"},"_contentSize":{"__type__":"cc.Size","width":76,"height":504},"_trs":{"__type__":"TypedArray","ctor":"Float64Array","array":[0,0,0,0,0,0,1,1,1,1]},"_groupIndex":15,"groupIndex":15},{"__type__":"cc.Node","_name":"key","_parent":{"__id__":19},"_children":[{"__id__":25},{"__id__":26}],"_prefab":{"__type__":"cc.PrefabInfo","root":{"__id__":1},"asset":{"__uuid__":"fbC07jPNtP6Lhcstjp/BIr"},"fileId":"a6sgf3XWVAp45vkVhALdBX"},"_trs":{"__type__":"TypedArray","ctor":"Float64Array","array":[126.991,178.418,0,0,0,-0.8191520442889917,-0.5735764363510462,1,1,1]},"_eulerAngles":{"__type__":"cc.Vec3","z":-250}},{"__type__":"cc.Node","_name":"lock","_parent":{"__id__":24},"_components":[{"__type__":"cc.Sprite","node":{"__id__":25},"_materials":[{"__uuid__":"ecpdLyjvZBwrvm+cedCcQy"}],"_spriteFrame":{"__uuid__":"ebm9zOQlFI4IGgCc9Owdfe"}},{"__type__":"15b42uAdtxGLJO3hSFb7eHo","node":{"__id__":25}}],"_prefab":{"__type__":"cc.PrefabInfo","root":{"__id__":1},"asset":{"__uuid__":"fbC07jPNtP6Lhcstjp/BIr"},"fileId":"03Ol9Jz8ZOprrclZIOdIwo"},"_contentSize":{"__type__":"cc.Size","width":56,"height":55},"_trs":{"__type__":"TypedArray","ctor":"Float64Array","array":[-1.086,-96.682,0,0,0,0,1,1,1,1]}},{"__type__":"cc.Node","_name":"key","_parent":{"__id__":24},"_children":[{"__id__":27}],"_prefab":{"__type__":"cc.PrefabInfo","root":{"__id__":1},"asset":{"__uuid__":"fbC07jPNtP6Lhcstjp/BIr"},"fileId":"78b70xrmpLrYG6SgFHgA3C"},"_contentSize":{"__type__":"cc.Size","width":100,"height":200},"_trs":{"__type__":"TypedArray","ctor":"Float64Array","array":[0,0,0,0,0,0,1,1,1,1]},"_groupIndex":15,"groupIndex":15},{"__type__":"cc.Node","_name":"icon","_parent":{"__id__":26},"_components":[{"__type__":"fcf5apGFRJIEZkZJ9CwiT4c","node":{"__id__":27},"keyType":1,"where":1,"isGone":true,"isGonex":-260},{"__type__":"cc.Sprite","node":{"__id__":27},"_materials":[{"__uuid__":"ecpdLyjvZBwrvm+cedCcQy"}],"_spriteFrame":{"__uuid__":"6dXBYrBNtEiKJQUnopu+Lk"},"_type":1},{"__type__":"cc.BoxCollider","node":{"__id__":27},"_size":{"__type__":"cc.Size","width":61,"height":550}}],"_prefab":{"__type__":"cc.PrefabInfo","root":{"__id__":1},"asset":{"__uuid__":"fbC07jPNtP6Lhcstjp/BIr"},"fileId":"e1Dcr8p9xDiIkEq6a/8vIK"},"_contentSize":{"__type__":"cc.Size","width":76,"height":504},"_trs":{"__type__":"TypedArray","ctor":"Float64Array","array":[0,0,0,0,0,0,1,1,1,1]},"_groupIndex":15,"groupIndex":15},{"__type__":"cc.Node","_name":"key","_parent":{"__id__":19},"_children":[{"__id__":29},{"__id__":30},{"__id__":31}],"_prefab":{"__type__":"cc.PrefabInfo","root":{"__id__":1},"asset":{"__uuid__":"fbC07jPNtP6Lhcstjp/BIr"},"fileId":"a09kpXWYFHIYW4mAW6/hMo"},"_trs":{"__type__":"TypedArray","ctor":"Float64Array","array":[-325.032,-116.023,0,0,0,0.8660254037844387,-0.4999999999999998,1,1,1]},"_eulerAngles":{"__type__":"cc.Vec3","z":240}},{"__type__":"cc.Node","_name":"lock","_parent":{"__id__":28},"_components":[{"__type__":"cc.Sprite","node":{"__id__":29},"_materials":[{"__uuid__":"ecpdLyjvZBwrvm+cedCcQy"}],"_spriteFrame":{"__uuid__":"ebm9zOQlFI4IGgCc9Owdfe"}},{"__type__":"15b42uAdtxGLJO3hSFb7eHo","node":{"__id__":29}}],"_prefab":{"__type__":"cc.PrefabInfo","root":{"__id__":1},"asset":{"__uuid__":"fbC07jPNtP6Lhcstjp/BIr"},"fileId":"85dBJYsMtOHKtkTA2ZkaHO"},"_contentSize":{"__type__":"cc.Size","width":56,"height":55},"_trs":{"__type__":"TypedArray","ctor":"Float64Array","array":[-1.086,-123.833,0,0,0,0,1,1,1,1]}},{"__type__":"cc.Node","_name":"lock","_parent":{"__id__":28},"_components":[{"__type__":"cc.Sprite","node":{"__id__":30},"_materials":[{"__uuid__":"ecpdLyjvZBwrvm+cedCcQy"}],"_spriteFrame":{"__uuid__":"ebm9zOQlFI4IGgCc9Owdfe"}},{"__type__":"15b42uAdtxGLJO3hSFb7eHo","node":{"__id__":30}}],"_prefab":{"__type__":"cc.PrefabInfo","root":{"__id__":1},"asset":{"__uuid__":"fbC07jPNtP6Lhcstjp/BIr"},"fileId":"62GxknTiRFtIResZ0T+Hf3"},"_contentSize":{"__type__":"cc.Size","width":56,"height":55},"_trs":{"__type__":"TypedArray","ctor":"Float64Array","array":[-1.086,196.601,0,0,0,0,1,1,1,1]}},{"__type__":"cc.Node","_name":"key","_parent":{"__id__":28},"_children":[{"__id__":32}],"_prefab":{"__type__":"cc.PrefabInfo","root":{"__id__":1},"asset":{"__uuid__":"fbC07jPNtP6Lhcstjp/BIr"},"fileId":"fbyx5ptchNVqW4D9Cc7K8z"},"_contentSize":{"__type__":"cc.Size","width":100,"height":200},"_trs":{"__type__":"TypedArray","ctor":"Float64Array","array":[0,0,0,0,0,0,1,1,1,1]},"_groupIndex":15,"groupIndex":15},{"__type__":"cc.Node","_name":"icon","_parent":{"__id__":31},"_components":[{"__type__":"fcf5apGFRJIEZkZJ9CwiT4c","node":{"__id__":32},"isGone":true,"isGonex":-260},{"__type__":"cc.Sprite","node":{"__id__":32},"_materials":[{"__uuid__":"ecpdLyjvZBwrvm+cedCcQy"}],"_spriteFrame":{"__uuid__":"6dXBYrBNtEiKJQUnopu+Lk"},"_type":1}],"_prefab":{"__type__":"cc.PrefabInfo","root":{"__id__":1},"asset":{"__uuid__":"fbC07jPNtP6Lhcstjp/BIr"},"fileId":"e4BG0Dw6lAobQgeR1YhdB8"},"_contentSize":{"__type__":"cc.Size","width":76,"height":504},"_trs":{"__type__":"TypedArray","ctor":"Float64Array","array":[0,0,0,0,0,0,1,1,1,1]},"_groupIndex":15,"groupIndex":15},{"__type__":"cc.Node","_name":"key","_parent":{"__id__":19},"_children":[{"__id__":34},{"__id__":35},{"__id__":36}],"_prefab":{"__type__":"cc.PrefabInfo","root":{"__id__":1},"asset":{"__uuid__":"fbC07jPNtP6Lhcstjp/BIr"},"fileId":"57Th89pXJIzonNRXl+u3Vo"},"_trs":{"__type__":"TypedArray","ctor":"Float64Array","array":[114.252,-118.62,0,0,0,-0.8660254037844387,-0.4999999999999998,1,1,1]},"_eulerAngles":{"__type__":"cc.Vec3","z":-240}},{"__type__":"cc.Node","_name":"lock","_parent":{"__id__":33},"_components":[{"__type__":"cc.Sprite","node":{"__id__":34},"_materials":[{"__uuid__":"ecpdLyjvZBwrvm+cedCcQy"}],"_spriteFrame":{"__uuid__":"ebm9zOQlFI4IGgCc9Owdfe"}},{"__type__":"15b42uAdtxGLJO3hSFb7eHo","node":{"__id__":34}}],"_prefab":{"__type__":"cc.PrefabInfo","root":{"__id__":1},"asset":{"__uuid__":"fbC07jPNtP6Lhcstjp/BIr"},"fileId":"37QKeDQ+JFu4JgsCoHYejS"},"_contentSize":{"__type__":"cc.Size","width":56,"height":55},"_trs":{"__type__":"TypedArray","ctor":"Float64Array","array":[0.8,-117.95,0,0,0,0,1,1,1,1]}},{"__type__":"cc.Node","_name":"lock","_parent":{"__id__":33},"_components":[{"__type__":"cc.Sprite","node":{"__id__":35},"_materials":[{"__uuid__":"ecpdLyjvZBwrvm+cedCcQy"}],"_spriteFrame":{"__uuid__":"ebm9zOQlFI4IGgCc9Owdfe"}},{"__type__":"15b42uAdtxGLJO3hSFb7eHo","node":{"__id__":35}}],"_prefab":{"__type__":"cc.PrefabInfo","root":{"__id__":1},"asset":{"__uuid__":"fbC07jPNtP6Lhcstjp/BIr"},"fileId":"36w2Tm29tIsKQkAFHmi+Ce"},"_contentSize":{"__type__":"cc.Size","width":56,"height":55},"_trs":{"__type__":"TypedArray","ctor":"Float64Array","array":[0.8,199.936,0,0,0,0,1,1,1,1]}},{"__type__":"cc.Node","_name":"key","_parent":{"__id__":33},"_children":[{"__id__":37}],"_prefab":{"__type__":"cc.PrefabInfo","root":{"__id__":1},"asset":{"__uuid__":"fbC07jPNtP6Lhcstjp/BIr"},"fileId":"78u4Qd7bpNZaH6YGlRl6Tv"},"_contentSize":{"__type__":"cc.Size","width":100,"height":200},"_trs":{"__type__":"TypedArray","ctor":"Float64Array","array":[0,0,0,0,0,0,1,1,1,1]},"_groupIndex":15,"groupIndex":15},{"__type__":"cc.Node","_name":"icon","_parent":{"__id__":36},"_components":[{"__type__":"fcf5apGFRJIEZkZJ9CwiT4c","node":{"__id__":37},"keyType":1,"where":1,"isGone":true,"isGonex":-260},{"__type__":"cc.Sprite","node":{"__id__":37},"_materials":[{"__uuid__":"ecpdLyjvZBwrvm+cedCcQy"}],"_spriteFrame":{"__uuid__":"6dXBYrBNtEiKJQUnopu+Lk"},"_type":1},{"__type__":"cc.BoxCollider","node":{"__id__":37},"_offset":{"__type__":"cc.Vec2","x":22.8,"y":-1.3},"_size":{"__type__":"cc.Size","width":62.6,"height":506}}],"_prefab":{"__type__":"cc.PrefabInfo","root":{"__id__":1},"asset":{"__uuid__":"fbC07jPNtP6Lhcstjp/BIr"},"fileId":"fe7JpBKS5CG4ynJB0dtU/v"},"_contentSize":{"__type__":"cc.Size","width":76,"height":504},"_trs":{"__type__":"TypedArray","ctor":"Float64Array","array":[0,0,0,0,0,0,1,1,1,1]},"_groupIndex":15,"groupIndex":15},{"__type__":"cc.Node","_name":"key","_parent":{"__id__":19},"_children":[{"__id__":39},{"__id__":40},{"__id__":41}],"_prefab":{"__type__":"cc.PrefabInfo","root":{"__id__":1},"asset":{"__uuid__":"fbC07jPNtP6Lhcstjp/BIr"},"fileId":"f6ZcUk9OlNkqxf6EpgZeo0"},"_trs":{"__type__":"TypedArray","ctor":"Float64Array","array":[295.393,-357.359,0,0,0,1,6.123233995736766e-17,1,1,1]},"_eulerAngles":{"__type__":"cc.Vec3","z":180}},{"__type__":"cc.Node","_name":"lock","_parent":{"__id__":38},"_components":[{"__type__":"cc.Sprite","node":{"__id__":39},"_materials":[{"__uuid__":"ecpdLyjvZBwrvm+cedCcQy"}],"_spriteFrame":{"__uuid__":"ebm9zOQlFI4IGgCc9Owdfe"}},{"__type__":"15b42uAdtxGLJO3hSFb7eHo","node":{"__id__":39}}],"_prefab":{"__type__":"cc.PrefabInfo","root":{"__id__":1},"asset":{"__uuid__":"fbC07jPNtP6Lhcstjp/BIr"},"fileId":"ecPABi7bdJhr9hcPkXQ1db"},"_contentSize":{"__type__":"cc.Size","width":56,"height":55},"_trs":{"__type__":"TypedArray","ctor":"Float64Array","array":[-1.086,-123.602,0,0,0,0,1,1,1,1]}},{"__type__":"cc.Node","_name":"lock","_parent":{"__id__":38},"_components":[{"__type__":"cc.Sprite","node":{"__id__":40},"_materials":[{"__uuid__":"ecpdLyjvZBwrvm+cedCcQy"}],"_spriteFrame":{"__uuid__":"ebm9zOQlFI4IGgCc9Owdfe"}},{"__type__":"15b42uAdtxGLJO3hSFb7eHo","node":{"__id__":40}}],"_prefab":{"__type__":"cc.PrefabInfo","root":{"__id__":1},"asset":{"__uuid__":"fbC07jPNtP6Lhcstjp/BIr"},"fileId":"38rLpt5PlBW7blLCx2EtL1"},"_contentSize":{"__type__":"cc.Size","width":56,"height":55},"_trs":{"__type__":"TypedArray","ctor":"Float64Array","array":[-1.086,225.46,0,0,0,0,1,1,1,1]}},{"__type__":"cc.Node","_name":"key","_parent":{"__id__":38},"_children":[{"__id__":42}],"_prefab":{"__type__":"cc.PrefabInfo","root":{"__id__":1},"asset":{"__uuid__":"fbC07jPNtP6Lhcstjp/BIr"},"fileId":"22ZIrktFtF5LN/o0Bbtv6H"},"_contentSize":{"__type__":"cc.Size","width":100,"height":200},"_trs":{"__type__":"TypedArray","ctor":"Float64Array","array":[0,0,0,0,0,0,1,1,1,1]},"_groupIndex":15,"groupIndex":15},{"__type__":"cc.Node","_name":"icon","_parent":{"__id__":41},"_components":[{"__type__":"fcf5apGFRJIEZkZJ9CwiT4c","node":{"__id__":42},"keyType":1,"where":1},{"__type__":"cc.Sprite","node":{"__id__":42},"_materials":[{"__uuid__":"ecpdLyjvZBwrvm+cedCcQy"}],"_spriteFrame":{"__uuid__":"6dXBYrBNtEiKJQUnopu+Lk"},"_type":1},{"__type__":"cc.BoxCollider","node":{"__id__":42},"_size":{"__type__":"cc.Size","width":61,"height":500}}],"_prefab":{"__type__":"cc.PrefabInfo","root":{"__id__":1},"asset":{"__uuid__":"fbC07jPNtP6Lhcstjp/BIr"},"fileId":"90PHyMWldHKpo3QgScVv/X"},"_contentSize":{"__type__":"cc.Size","width":76,"height":504},"_trs":{"__type__":"TypedArray","ctor":"Float64Array","array":[0,0,0,0,0,0,1,1,1,1]},"_groupIndex":15,"groupIndex":15},{"__type__":"cc.Node","_name":"stone","_parent":{"__id__":1},"_prefab":{"__type__":"cc.PrefabInfo","root":{"__id__":1},"asset":{"__uuid__":"fbC07jPNtP6Lhcstjp/BIr"},"fileId":"18vtkkBnNPE61rJzeKsYkq"},"_contentSize":{"__type__":"cc.Size","width":100,"height":100},"_anchorPoint":{"__type__":"cc.Vec2","x":0.5},"_trs":{"__type__":"TypedArray","ctor":"Float64Array","array":[117.655,-132.229,0,0,0,0,1,1,1,1]}},{"__type__":"cc.Node","_name":"stoneGo","_parent":{"__id__":1},"_prefab":{"__type__":"cc.PrefabInfo","root":{"__id__":1},"asset":{"__uuid__":"fbC07jPNtP6Lhcstjp/BIr"},"fileId":"16zXyuWvBPjaUyFTQrUBpm"},"_trs":{"__type__":"TypedArray","ctor":"Float64Array","array":[117.655,-572.171,0,0,0,0,1,1,1,1]}},{"__type__":"cc.Node","_name":"drumstickGo","_parent":{"__id__":1},"_prefab":{"__type__":"cc.PrefabInfo","root":{"__id__":1},"asset":{"__uuid__":"fbC07jPNtP6Lhcstjp/BIr"},"fileId":"53ZC7aZ3tLzIbtIq9c9qDp"},"_trs":{"__type__":"TypedArray","ctor":"Float64Array","array":[-130.026,-409.202,0,0,0,0,1,1,1,1]}},{"__type__":"cc.Node","_name":"end","_parent":{"__id__":1},"_prefab":{"__type__":"cc.PrefabInfo","root":{"__id__":1},"asset":{"__uuid__":"fbC07jPNtP6Lhcstjp/BIr"},"fileId":"7eqLYrz09H25h4UqwOagFn"},"_trs":{"__type__":"TypedArray","ctor":"Float64Array","array":[-333.235,-422.837,0,0,0,0,1,1,1,1]}}]]