[{"__type__":"cc.SpriteFrame","content":{"name":"guanqia14","texture":"760Uk4nM5H9ZnhYmU0vsUR","rect":[1,1,748,1500],"offset":[0,0],"originalSize":[750,1502],"capInsets":[0,0,0,0]}},[{"__type__":"cc.Prefab","_name":"UIDerived14","data":{"__id__":1}},{"__type__":"cc.Node","_name":"UIDerived14","_children":[{"__type__":"cc.Node","_name":"player","_parent":{"__id__":1},"_prefab":{"__type__":"cc.PrefabInfo","root":{"__id__":1},"asset":{"__uuid__":"cfy6kdcZxOjY9T3EJouiPg"},"fileId":"33VP3koTxHH54tRNR500JI"},"_contentSize":{"__type__":"cc.Size","width":234.2,"height":136},"_trs":{"__type__":"TypedArray","ctor":"Float64Array","array":[-196,-620,0,0,0,0,1,0.7,0.7,0.7]}},{"__type__":"cc.Node","_name":"greenPos_node","_parent":{"__id__":1},"_prefab":{"__type__":"cc.PrefabInfo","root":{"__id__":1},"asset":{"__uuid__":"cfy6kdcZxOjY9T3EJouiPg"},"fileId":"24WIsGEtpKi6TOOHN/pDtx"},"_trs":{"__type__":"TypedArray","ctor":"Float64Array","array":[0,0,0,0,0,0,1,1,1,1]}},{"__type__":"cc.Node","_name":"redPos_node","_parent":{"__id__":1},"_prefab":{"__type__":"cc.PrefabInfo","root":{"__id__":1},"asset":{"__uuid__":"cfy6kdcZxOjY9T3EJouiPg"},"fileId":"057OHCv0dGxprOVXnersJj"},"_trs":{"__type__":"TypedArray","ctor":"Float64Array","array":[0,0,0,0,0,0,1,1,1,1]}},{"__id__":2},{"__type__":"cc.Node","_name":"gray_node","_parent":{"__id__":1},"_prefab":{"__type__":"cc.PrefabInfo","root":{"__id__":1},"asset":{"__uuid__":"cfy6kdcZxOjY9T3EJouiPg"},"fileId":"d5jiK/R7JKb5xzzwUI4O/A"},"_trs":{"__type__":"TypedArray","ctor":"Float64Array","array":[0,0,0,0,0,0,1,1,1,1]}},{"__id__":3},{"__type__":"cc.Node","_name":"redwater_node","_parent":{"__id__":1},"_prefab":{"__type__":"cc.PrefabInfo","root":{"__id__":1},"asset":{"__uuid__":"cfy6kdcZxOjY9T3EJouiPg"},"fileId":"d4pUEB6DdDx4Q+C3mCM6Pl"},"_trs":{"__type__":"TypedArray","ctor":"Float64Array","array":[0,0,0,0,0,0,1,1,1,1]}},{"__type__":"cc.Node","_name":"greenwater_node","_parent":{"__id__":1},"_prefab":{"__type__":"cc.PrefabInfo","root":{"__id__":1},"asset":{"__uuid__":"cfy6kdcZxOjY9T3EJouiPg"},"fileId":"83yWFw7ZJAspMuvgZxikMy"},"_trs":{"__type__":"TypedArray","ctor":"Float64Array","array":[0,0,0,0,0,0,1,1,1,1]}},{"__type__":"cc.Node","_name":"bule_node","_parent":{"__id__":1},"_prefab":{"__type__":"cc.PrefabInfo","root":{"__id__":1},"asset":{"__uuid__":"cfy6kdcZxOjY9T3EJouiPg"},"fileId":"cdxHsFsCVFKYgbC5w9cjje"},"_trs":{"__type__":"TypedArray","ctor":"Float64Array","array":[0,0,0,0,0,0,1,1,1,1]}},{"__id__":4},{"__id__":8}],"_components":[{"__type__":"cc.Sprite","node":{"__id__":1},"_materials":[{"__uuid__":"ecpdLyjvZBwrvm+cedCcQy"}],"_spriteFrame":{"__uuid__":"9bzY9NauNIn5zOaejjy5Fe"}},{"__type__":"cc.PhysicsPolygonCollider","node":{"__id__":1},"points":[{"__type__":"cc.Vec2","x":-232,"y":380},{"__type__":"cc.Vec2","x":-326.9,"y":300.8},{"__type__":"cc.Vec2","x":-120,"y":103.3},{"__type__":"cc.Vec2","x":-252.2,"y":-51.2},{"__type__":"cc.Vec2","x":-278.7,"y":-163.8},{"__type__":"cc.Vec2","x":-219.9,"y":-335.8},{"__type__":"cc.Vec2","x":-312.1,"y":-416},{"__type__":"cc.Vec2","x":-360.5,"y":-533.7},{"__type__":"cc.Vec2","x":-353.8,"y":-625.6},{"__type__":"cc.Vec2","x":-330.5,"y":-680},{"__type__":"cc.Vec2","x":-269.7,"y":-722.9},{"__type__":"cc.Vec2","x":-161,"y":-734.9},{"__type__":"cc.Vec2","x":-85.8,"y":-705.1},{"__type__":"cc.Vec2","x":-45.4,"y":-649.9},{"__type__":"cc.Vec2","x":-7.8,"y":-499.3},{"__type__":"cc.Vec2","x":12.1,"y":-501.3},{"__type__":"cc.Vec2","x":66.9,"y":-662.8},{"__type__":"cc.Vec2","x":109.7,"y":-713.6},{"__type__":"cc.Vec2","x":236.3,"y":-738.4},{"__type__":"cc.Vec2","x":321.8,"y":-699.8},{"__type__":"cc.Vec2","x":356.4,"y":-654.5},{"__type__":"cc.Vec2","x":362.7,"y":-615.4},{"__type__":"cc.Vec2","x":345,"y":-501.9},{"__type__":"cc.Vec2","x":276.2,"y":-395.7},{"__type__":"cc.Vec2","x":167.9,"y":-334.2},{"__type__":"cc.Vec2","x":239.6,"y":-275.3},{"__type__":"cc.Vec2","x":279.6,"y":-204.1},{"__type__":"cc.Vec2","x":289.1,"y":-120.9},{"__type__":"cc.Vec2","x":250.6,"y":-30.3},{"__type__":"cc.Vec2","x":136.3,"y":101.4},{"__type__":"cc.Vec2","x":246.4,"y":187.4},{"__type__":"cc.Vec2","x":334.3,"y":291.6},{"__type__":"cc.Vec2","x":332.6,"y":316},{"__type__":"cc.Vec2","x":248.2,"y":382.5},{"__type__":"cc.Vec2","x":248.7,"y":738.9},{"__type__":"cc.Vec2","x":-226.2,"y":734.3},{"__type__":"cc.Vec2","x":-207.1,"y":712.3},{"__type__":"cc.Vec2","x":223.8,"y":710.9},{"__type__":"cc.Vec2","x":225.1,"y":370.8},{"__type__":"cc.Vec2","x":311.9,"y":301.5},{"__type__":"cc.Vec2","x":233.8,"y":210.2},{"__type__":"cc.Vec2","x":94.3,"y":104.1},{"__type__":"cc.Vec2","x":247.6,"y":-72.4},{"__type__":"cc.Vec2","x":265.8,"y":-145.9},{"__type__":"cc.Vec2","x":256.4,"y":-203.9},{"__type__":"cc.Vec2","x":227.6,"y":-252.1},{"__type__":"cc.Vec2","x":189.1,"y":-287.4},{"__type__":"cc.Vec2","x":99.2,"y":-339.1},{"__type__":"cc.Vec2","x":214.4,"y":-382},{"__type__":"cc.Vec2","x":271.9,"y":-427.3},{"__type__":"cc.Vec2","x":314.4,"y":-495},{"__type__":"cc.Vec2","x":333.6,"y":-562.8},{"__type__":"cc.Vec2","x":336.4,"y":-615.1},{"__type__":"cc.Vec2","x":329,"y":-654.9},{"__type__":"cc.Vec2","x":308.1,"y":-680.3},{"__type__":"cc.Vec2","x":252.8,"y":-709.3},{"__type__":"cc.Vec2","x":180.4,"y":-709.9},{"__type__":"cc.Vec2","x":118.6,"y":-684.7},{"__type__":"cc.Vec2","x":83.7,"y":-643},{"__type__":"cc.Vec2","x":40.1,"y":-504.1},{"__type__":"cc.Vec2","x":4.9,"y":-447.4},{"__type__":"cc.Vec2","x":-30.4,"y":-497.1},{"__type__":"cc.Vec2","x":-60.1,"y":-620.5},{"__type__":"cc.Vec2","x":-86.2,"y":-670.4},{"__type__":"cc.Vec2","x":-112,"y":-693.9},{"__type__":"cc.Vec2","x":-162,"y":-709.8},{"__type__":"cc.Vec2","x":-207,"y":-710.7},{"__type__":"cc.Vec2","x":-259.5,"y":-700.5},{"__type__":"cc.Vec2","x":-310.1,"y":-664.5},{"__type__":"cc.Vec2","x":-323.8,"y":-635.4},{"__type__":"cc.Vec2","x":-333.8,"y":-596.2},{"__type__":"cc.Vec2","x":-334.7,"y":-520.5},{"__type__":"cc.Vec2","x":-317.6,"y":-469.7},{"__type__":"cc.Vec2","x":-263.9,"y":-403.4},{"__type__":"cc.Vec2","x":-202.9,"y":-369.7},{"__type__":"cc.Vec2","x":-85.5,"y":-341},{"__type__":"cc.Vec2","x":-139.1,"y":-310.4},{"__type__":"cc.Vec2","x":-201.9,"y":-264.7},{"__type__":"cc.Vec2","x":-245,"y":-190.8},{"__type__":"cc.Vec2","x":-246.8,"y":-108.7},{"__type__":"cc.Vec2","x":-214.8,"y":-36.5},{"__type__":"cc.Vec2","x":-79.6,"y":105.8},{"__type__":"cc.Vec2","x":-191.1,"y":194},{"__type__":"cc.Vec2","x":-287.3,"y":302.6},{"__type__":"cc.Vec2","x":-208,"y":372.2},{"__type__":"cc.Vec2","x":-205,"y":712.5},{"__type__":"cc.Vec2","x":-227,"y":732}]},{"__type__":"1100eDGpRlLMYp5CrYQGpcQ","node":{"__id__":1}},{"__type__":"cc.RigidBody","node":{"__id__":1},"_type":0},{"__type__":"cc.PhysicsPolygonCollider","node":{"__id__":1},"points":[{"__type__":"cc.Vec2","x":-113.2,"y":296.1},{"__type__":"cc.Vec2","x":8.8,"y":187.8},{"__type__":"cc.Vec2","x":130.6,"y":297.7}]}],"_prefab":{"__type__":"cc.PrefabInfo","root":{"__id__":1},"asset":{"__uuid__":"cfy6kdcZxOjY9T3EJouiPg"},"fileId":"c4W0WqvlZGObJN+j8C2Wu1"},"_contentSize":{"__type__":"cc.Size","width":748,"height":1500},"_trs":{"__type__":"TypedArray","ctor":"Float64Array","array":[0,0,0,0,0,0,1,1,1,1]}},{"__type__":"cc.Node","_name":"bulePos_node","_parent":{"__id__":1},"_children":[{"__type__":"cc.Node","_name":"New Node","_parent":{"__id__":2},"_prefab":{"__type__":"cc.PrefabInfo","root":{"__id__":1},"asset":{"__uuid__":"cfy6kdcZxOjY9T3EJouiPg"},"fileId":"90/9GF3hhOy6/4RNP/0SV1"},"_trs":{"__type__":"TypedArray","ctor":"Float64Array","array":[-31.04,427.643,0,0,0,0,1,1,1,1]}}],"_prefab":{"__type__":"cc.PrefabInfo","root":{"__id__":1},"asset":{"__uuid__":"cfy6kdcZxOjY9T3EJouiPg"},"fileId":"54/Wjsj8hEzYMViHBF+6Dl"},"_trs":{"__type__":"TypedArray","ctor":"Float64Array","array":[0,0,0,0,0,0,1,1,1,1]}},{"__type__":"cc.Node","_name":"black_node","_parent":{"__id__":1},"_components":[{"__type__":"6c0e8KZwr5L34azTYX21stu","node":{"__id__":3}}],"_prefab":{"__type__":"cc.PrefabInfo","root":{"__id__":1},"asset":{"__uuid__":"cfy6kdcZxOjY9T3EJouiPg"},"fileId":"5f4pxp2WZIFot66q8UX1Lf"},"_trs":{"__type__":"TypedArray","ctor":"Float64Array","array":[0,0,0,0,0,0,1,1,1,1]}},{"__type__":"cc.Node","_name":"zhenNodeTwo","_parent":{"__id__":1},"_children":[{"__id__":5},{"__id__":6},{"__id__":7}],"_prefab":{"__type__":"cc.PrefabInfo","root":{"__id__":1},"asset":{"__uuid__":"cfy6kdcZxOjY9T3EJouiPg"},"fileId":"b0ApG6MKNAbZXskIT35R3g"},"_trs":{"__type__":"TypedArray","ctor":"Float64Array","array":[-196.907,378.426,0,0,0,0.3420201433256689,-0.9396926207859083,1,1,1]},"_eulerAngles":{"__type__":"cc.Vec3","z":320}},{"__type__":"cc.Node","_name":"zhen","_parent":{"__id__":4},"_components":[{"__type__":"cc.Sprite","node":{"__id__":5},"_materials":[{"__uuid__":"ecpdLyjvZBwrvm+cedCcQy"}],"_spriteFrame":{"__uuid__":"14vJwyNH1OspMXFimJtxkW"},"_type":1,"_sizeMode":0},{"__type__":"cc.RigidBody","node":{"__id__":5},"_type":3,"_gravityScale":0,"_fixedRotation":true,"enabledContactListener":true,"bullet":true},{"__type__":"cc.PhysicsPolygonCollider","node":{"__id__":5},"_offset":{"__type__":"cc.Vec2","x":172,"y":6},"points":[{"__type__":"cc.Vec2","x":-319,"y":-58},{"__type__":"cc.Vec2","x":-210,"y":-58},{"__type__":"cc.Vec2","x":-212.4,"y":-23.8},{"__type__":"cc.Vec2","x":-33.8,"y":-25.5},{"__type__":"cc.Vec2","x":-31.1,"y":16.3},{"__type__":"cc.Vec2","x":-210.4,"y":18.8},{"__type__":"cc.Vec2","x":-207,"y":52},{"__type__":"cc.Vec2","x":-319,"y":51}]},{"__type__":"1cb3eoIRdhJWZayW7A68Y7j","node":{"__id__":5}}],"_prefab":{"__type__":"cc.PrefabInfo","root":{"__id__":1},"asset":{"__uuid__":"cfy6kdcZxOjY9T3EJouiPg"},"fileId":"98X03xE85Pb4n3Mw8mrxw8"},"_contentSize":{"__type__":"cc.Size","width":294,"height":111},"_trs":{"__type__":"TypedArray","ctor":"Float64Array","array":[0,0,0,0,0,0,1,1,1,1]},"_groupIndex":8,"groupIndex":8},{"__type__":"cc.Node","_name":"zhendown","_parent":{"__id__":4},"_components":[{"__type__":"cc.RigidBody","node":{"__id__":6},"_type":0,"_gravityScale":0,"bullet":true}],"_prefab":{"__type__":"cc.PrefabInfo","root":{"__id__":1},"asset":{"__uuid__":"cfy6kdcZxOjY9T3EJouiPg"},"fileId":"efnU/p/zVGEqP20izcs6v8"},"_trs":{"__type__":"TypedArray","ctor":"Float64Array","array":[0,-146.632,0,0,0,0,1,1,1,1]}},{"__type__":"cc.Node","_name":"zhenup","_parent":{"__id__":4},"_components":[{"__type__":"cc.RigidBody","node":{"__id__":7},"_type":0,"_gravityScale":0,"bullet":true}],"_prefab":{"__type__":"cc.PrefabInfo","root":{"__id__":1},"asset":{"__uuid__":"cfy6kdcZxOjY9T3EJouiPg"},"fileId":"05tZC1wg5BCbkGlQKPTRhD"},"_trs":{"__type__":"TypedArray","ctor":"Float64Array","array":[-33.592,6.921,0,0,0,0,1,1,1,1]}},{"__type__":"cc.Node","_name":"zhenNodeTwo","_parent":{"__id__":1},"_children":[{"__id__":9},{"__id__":10},{"__id__":11}],"_prefab":{"__type__":"cc.PrefabInfo","root":{"__id__":1},"asset":{"__uuid__":"cfy6kdcZxOjY9T3EJouiPg"},"fileId":"cdn58b4mZJ9oRE6PRg7Ycy"},"_trs":{"__type__":"TypedArray","ctor":"Float64Array","array":[211.118,361.254,0,0,0,0.9659258262890683,-0.25881904510252085,1,1,1]},"_eulerAngles":{"__type__":"cc.Vec3","z":210}},{"__type__":"cc.Node","_name":"zhen","_parent":{"__id__":8},"_components":[{"__type__":"cc.Sprite","node":{"__id__":9},"_materials":[{"__uuid__":"ecpdLyjvZBwrvm+cedCcQy"}],"_spriteFrame":{"__uuid__":"14vJwyNH1OspMXFimJtxkW"},"_type":1,"_sizeMode":0},{"__type__":"cc.RigidBody","node":{"__id__":9},"_type":3,"_gravityScale":0,"_fixedRotation":true,"enabledContactListener":true,"bullet":true},{"__type__":"cc.PhysicsPolygonCollider","node":{"__id__":9},"_offset":{"__type__":"cc.Vec2","x":172,"y":6},"points":[{"__type__":"cc.Vec2","x":-319,"y":-58},{"__type__":"cc.Vec2","x":-210,"y":-58},{"__type__":"cc.Vec2","x":-212.3,"y":-26.9},{"__type__":"cc.Vec2","x":-33.2,"y":-27.7},{"__type__":"cc.Vec2","x":-31.1,"y":16.3},{"__type__":"cc.Vec2","x":-210.4,"y":18.8},{"__type__":"cc.Vec2","x":-207,"y":52},{"__type__":"cc.Vec2","x":-319,"y":51}]},{"__type__":"1cb3eoIRdhJWZayW7A68Y7j","node":{"__id__":9}}],"_prefab":{"__type__":"cc.PrefabInfo","root":{"__id__":1},"asset":{"__uuid__":"cfy6kdcZxOjY9T3EJouiPg"},"fileId":"37SuNp0ohD3JPoPNsEueBX"},"_contentSize":{"__type__":"cc.Size","width":294,"height":111},"_trs":{"__type__":"TypedArray","ctor":"Float64Array","array":[0,0,0,0,0,0,1,1,1,1]},"_groupIndex":8,"groupIndex":8},{"__type__":"cc.Node","_name":"zhendown","_parent":{"__id__":8},"_components":[{"__type__":"cc.RigidBody","node":{"__id__":10},"_type":0,"_gravityScale":0,"bullet":true}],"_prefab":{"__type__":"cc.PrefabInfo","root":{"__id__":1},"asset":{"__uuid__":"cfy6kdcZxOjY9T3EJouiPg"},"fileId":"c213H/L/BOEYz/S2DsllVe"},"_trs":{"__type__":"TypedArray","ctor":"Float64Array","array":[-62.926,-16.262,0,0,0,0,1,1,1,1]}},{"__type__":"cc.Node","_name":"zhenup","_parent":{"__id__":8},"_components":[{"__type__":"cc.RigidBody","node":{"__id__":11},"_type":0,"_gravityScale":0,"bullet":true}],"_prefab":{"__type__":"cc.PrefabInfo","root":{"__id__":1},"asset":{"__uuid__":"cfy6kdcZxOjY9T3EJouiPg"},"fileId":"70wzCsoNlAj4CcOikcufat"},"_trs":{"__type__":"TypedArray","ctor":"Float64Array","array":[-80.622,105.576,0,0,0,0,1,1,1,1]}}]]