[[{"__type__":"cc.Prefab","_name":"UIDerived86","data":{"__id__":1}},{"__type__":"cc.Node","_name":"UIDerived86","_children":[{"__type__":"cc.Node","_name":"bule_node","_parent":{"__id__":1},"_prefab":{"__type__":"cc.PrefabInfo","root":{"__id__":1},"asset":{"__uuid__":"9cpgQXhBhEarD9J5p/ph/F"},"fileId":"69+zHdD3tLu4NCvCy+ZgAV"},"_trs":{"__type__":"TypedArray","ctor":"Float64Array","array":[0,0,0,0,0,0,1,1,1,1]}},{"__type__":"cc.Node","_name":"greenwater_node","_parent":{"__id__":1},"_prefab":{"__type__":"cc.PrefabInfo","root":{"__id__":1},"asset":{"__uuid__":"9cpgQXhBhEarD9J5p/ph/F"},"fileId":"cc96at/FBAh5/o0FSCqNBp"},"_trs":{"__type__":"TypedArray","ctor":"Float64Array","array":[0,0,0,0,0,0,1,1,1,1]}},{"__type__":"cc.Node","_name":"redwater_node","_parent":{"__id__":1},"_prefab":{"__type__":"cc.PrefabInfo","root":{"__id__":1},"asset":{"__uuid__":"9cpgQXhBhEarD9J5p/ph/F"},"fileId":"09DiL5poxIWK2M6Vb/9Ndb"},"_trs":{"__type__":"TypedArray","ctor":"Float64Array","array":[0,0,0,0,0,0,1,1,1,1]}},{"__id__":2},{"__id__":3},{"__id__":4},{"__id__":5},{"__type__":"cc.Node","_name":"greenPos_node","_parent":{"__id__":1},"_prefab":{"__type__":"cc.PrefabInfo","root":{"__id__":1},"asset":{"__uuid__":"9cpgQXhBhEarD9J5p/ph/F"},"fileId":"5cBrLxDA1Mf55DJ6UhPZyP"},"_trs":{"__type__":"TypedArray","ctor":"Float64Array","array":[0,0,0,0,0,0,1,1,1,1]}},{"__id__":6},{"__id__":9},{"__id__":12},{"__id__":17},{"__id__":21},{"__type__":"cc.Node","_name":"player","_parent":{"__id__":1},"_prefab":{"__type__":"cc.PrefabInfo","root":{"__id__":1},"asset":{"__uuid__":"9cpgQXhBhEarD9J5p/ph/F"},"fileId":"daqz40kdRO777zlcmPkBx9"},"_trs":{"__type__":"TypedArray","ctor":"Float64Array","array":[51.54,-472.595,0,0,0,0,1,-0.7,0.7,1]}}],"_components":[{"__type__":"cc.Sprite","node":{"__id__":1},"_materials":[{"__uuid__":"ecpdLyjvZBwrvm+cedCcQy"}],"_spriteFrame":{"__uuid__":"bdr+ZIvQZPXKAtzI7xEISB"},"_type":2,"_sizeMode":0},{"__type__":"1100eDGpRlLMYp5CrYQGpcQ","node":{"__id__":1}},{"__type__":"cc.RigidBody","node":{"__id__":1},"_type":0},{"__type__":"cc.PhysicsPolygonCollider","node":{"__id__":1},"_offset":{"__type__":"cc.Vec2","x":-494,"y":547},"points":[{"__type__":"cc.Vec2","x":-50,"y":-758},{"__type__":"cc.Vec2","x":-6,"y":-759},{"__type__":"cc.Vec2","x":527.6,"y":-752.4},{"__type__":"cc.Vec2","x":527.7,"y":-902.6},{"__type__":"cc.Vec2","x":391.7,"y":-902.6},{"__type__":"cc.Vec2","x":389,"y":-1148},{"__type__":"cc.Vec2","x":2135,"y":-1405},{"__type__":"cc.Vec2","x":1943,"y":-542},{"__type__":"cc.Vec2","x":1065,"y":-604},{"__type__":"cc.Vec2","x":1882,"y":-588},{"__type__":"cc.Vec2","x":2032,"y":-1334},{"__type__":"cc.Vec2","x":1043,"y":-856},{"__type__":"cc.Vec2","x":659,"y":-850},{"__type__":"cc.Vec2","x":658,"y":-1099},{"__type__":"cc.Vec2","x":437,"y":-1101},{"__type__":"cc.Vec2","x":433,"y":-940},{"__type__":"cc.Vec2","x":558.7,"y":-934.7},{"__type__":"cc.Vec2","x":559.9,"y":-716.9},{"__type__":"cc.Vec2","x":-2,"y":-707},{"__type__":"cc.Vec2","x":-7,"y":5},{"__type__":"cc.Vec2","x":524,"y":5},{"__type__":"cc.Vec2","x":524,"y":-626},{"__type__":"cc.Vec2","x":1043,"y":-613},{"__type__":"cc.Vec2","x":1035,"y":49},{"__type__":"cc.Vec2","x":-50,"y":50}]},{"__type__":"cc.PhysicsBoxCollider","node":{"__id__":1},"_offset":{"__type__":"cc.Vec2","x":-236,"y":192},"_size":{"__type__":"cc.Size","width":352,"height":537}}],"_prefab":{"__type__":"cc.PrefabInfo","root":{"__id__":1},"asset":{"__uuid__":"9cpgQXhBhEarD9J5p/ph/F"},"fileId":"921LoQKmpJR6EViETaslD2"},"_contentSize":{"__type__":"cc.Size","width":1094,"height":1197},"_trs":{"__type__":"TypedArray","ctor":"Float64Array","array":[156,0,0,0,0,0,1,1,1,1]}},{"__type__":"cc.Node","_name":"black_node","_parent":{"__id__":1},"_components":[{"__type__":"6c0e8KZwr5L34azTYX21stu","node":{"__id__":2}}],"_prefab":{"__type__":"cc.PrefabInfo","root":{"__id__":1},"asset":{"__uuid__":"9cpgQXhBhEarD9J5p/ph/F"},"fileId":"93545tpVlO7bhfDHdJ1eWR"},"_trs":{"__type__":"TypedArray","ctor":"Float64Array","array":[0,0,0,0,0,0,1,1,1,1]}},{"__type__":"cc.Node","_name":"gray_node","_parent":{"__id__":1},"_components":[{"__type__":"3400dF2d2tHLK8+En9baGXY","node":{"__id__":3},"grey_prefab":{"__uuid__":"13FEeEL1NMaK5TFGpFQpJr"}}],"_prefab":{"__type__":"cc.PrefabInfo","root":{"__id__":1},"asset":{"__uuid__":"9cpgQXhBhEarD9J5p/ph/F"},"fileId":"05GhBQ/dZJQ7tXohAv4Ueg"},"_trs":{"__type__":"TypedArray","ctor":"Float64Array","array":[0,0,0,0,0,0,1,1,1,1]}},{"__type__":"cc.Node","_name":"bulePos_node","_parent":{"__id__":1},"_children":[{"__type__":"cc.Node","_name":"New Node","_parent":{"__id__":4},"_prefab":{"__type__":"cc.PrefabInfo","root":{"__id__":1},"asset":{"__uuid__":"9cpgQXhBhEarD9J5p/ph/F"},"fileId":"63IR8T0p9L4LYQBYbfdNWV"},"_trs":{"__type__":"TypedArray","ctor":"Float64Array","array":[89.407,307.242,0,0,0,0,1,1,1,1]}}],"_prefab":{"__type__":"cc.PrefabInfo","root":{"__id__":1},"asset":{"__uuid__":"9cpgQXhBhEarD9J5p/ph/F"},"fileId":"20I+ZPHc9J9r6exLwEedf0"},"_trs":{"__type__":"TypedArray","ctor":"Float64Array","array":[0,0,0,0,0,0,1,1,1,1]}},{"__type__":"cc.Node","_name":"redPos_node","_parent":{"__id__":1},"_children":[{"__type__":"cc.Node","_name":"New Node","_parent":{"__id__":5},"_prefab":{"__type__":"cc.PrefabInfo","root":{"__id__":1},"asset":{"__uuid__":"9cpgQXhBhEarD9J5p/ph/F"},"fileId":"14QRgbOCRMAIbwjOPrtOUK"},"_trs":{"__type__":"TypedArray","ctor":"Float64Array","array":[-285.112,510.296,0,0,0,0,1,1,1,1]}}],"_prefab":{"__type__":"cc.PrefabInfo","root":{"__id__":1},"asset":{"__uuid__":"9cpgQXhBhEarD9J5p/ph/F"},"fileId":"0bbU41QP9Jwb6ajtxgvDSP"},"_trs":{"__type__":"TypedArray","ctor":"Float64Array","array":[0,0,0,0,0,0,1,1,1,1]}},{"__type__":"cc.Node","_name":"MoveProp","_parent":{"__id__":1},"_children":[{"__id__":7},{"__id__":8}],"_prefab":{"__type__":"cc.PrefabInfo","root":{"__id__":1},"asset":{"__uuid__":"9cpgQXhBhEarD9J5p/ph/F"},"fileId":"9373Xa0G5I3KQmoLJ0g0FD"},"_trs":{"__type__":"TypedArray","ctor":"Float64Array","array":[274.573,-35.554,0,0,0,0.7071067811865475,0.7071067811865476,1,1,1]},"_eulerAngles":{"__type__":"cc.Vec3","z":90}},{"__type__":"cc.Node","_name":"Bar","_parent":{"__id__":6},"_components":[{"__type__":"cc.Sprite","node":{"__id__":7},"_materials":[{"__uuid__":"ecpdLyjvZBwrvm+cedCcQy"}],"_spriteFrame":{"__uuid__":"36nyDwRspBQpKV3/57IicC"},"_type":1,"_sizeMode":0},{"__type__":"cc.RigidBody","node":{"__id__":7},"_type":0},{"__type__":"cc.PhysicsPolygonCollider","node":{"__id__":7},"points":[{"__type__":"cc.Vec2","x":-149.8,"y":-32.3},{"__type__":"cc.Vec2","x":150,"y":-32.7},{"__type__":"cc.Vec2","x":149.8,"y":32.7},{"__type__":"cc.Vec2","x":-150.2,"y":32.6}]},{"__type__":"8a64bLvzRlHBakXZIa7SBbN","node":{"__id__":7}}],"_prefab":{"__type__":"cc.PrefabInfo","root":{"__id__":1},"asset":{"__uuid__":"9cpgQXhBhEarD9J5p/ph/F"},"fileId":"65YUe5jIZHi4nsKdcH/rVi"},"_contentSize":{"__type__":"cc.Size","width":300,"height":65},"_trs":{"__type__":"TypedArray","ctor":"Float64Array","array":[-149.271,0,0,0,0,0,1,1,1,1]}},{"__type__":"cc.Node","_name":"BarBG","_parent":{"__id__":6},"_components":[{"__type__":"cc.Sprite","node":{"__id__":8},"_materials":[{"__uuid__":"ecpdLyjvZBwrvm+cedCcQy"}],"_spriteFrame":{"__uuid__":"d8hqEurO5O3r/JLAsbxS//"},"_type":1,"_sizeMode":0}],"_prefab":{"__type__":"cc.PrefabInfo","root":{"__id__":1},"asset":{"__uuid__":"9cpgQXhBhEarD9J5p/ph/F"},"fileId":"f6FDPFPyRGFIrUJykRQCVk"},"_contentSize":{"__type__":"cc.Size","width":600,"height":66},"_trs":{"__type__":"TypedArray","ctor":"Float64Array","array":[0,0,0,0,0,0,1,1,1,1]}},{"__type__":"cc.Node","_name":"zhenNodeTwo","_parent":{"__id__":1},"_children":[{"__id__":10},{"__id__":15},{"__id__":16}],"_prefab":{"__type__":"cc.PrefabInfo","root":{"__id__":1},"asset":{"__uuid__":"9cpgQXhBhEarD9J5p/ph/F"},"fileId":"13ri9V8RBA8rCC6OoCnqF5"},"_trs":{"__type__":"TypedArray","ctor":"Float64Array","array":[52.834,-52.16,0,0,0,1,6.123233995736766e-17,1,1,1]},"_eulerAngles":{"__type__":"cc.Vec3","z":180}},{"__type__":"cc.Node","_name":"zhen","_parent":{"__id__":9},"_components":[{"__type__":"cc.Sprite","node":{"__id__":10},"_materials":[{"__uuid__":"ecpdLyjvZBwrvm+cedCcQy"}],"_spriteFrame":{"__uuid__":"14vJwyNH1OspMXFimJtxkW"},"_type":1,"_sizeMode":0},{"__type__":"cc.RigidBody","node":{"__id__":10},"_type":3,"_gravityScale":0,"_fixedRotation":true,"enabledContactListener":true,"bullet":true},{"__type__":"cc.PhysicsPolygonCollider","node":{"__id__":10},"_offset":{"__type__":"cc.Vec2","x":176,"y":5},"points":[{"__type__":"cc.Vec2","x":-218.9,"y":-23.4},{"__type__":"cc.Vec2","x":-33.9,"y":-22.3},{"__type__":"cc.Vec2","x":-33.9,"y":14.4},{"__type__":"cc.Vec2","x":-219.1,"y":16.7}]},{"__type__":"1cb3eoIRdhJWZayW7A68Y7j","node":{"__id__":10},"applyDownsensor":true,"allzhen":[{"__id__":11}]}],"_prefab":{"__type__":"cc.PrefabInfo","root":{"__id__":1},"asset":{"__uuid__":"9cpgQXhBhEarD9J5p/ph/F"},"fileId":"3868qn6M1DdbenH/0uN2tG"},"_contentSize":{"__type__":"cc.Size","width":284.1,"height":111},"_trs":{"__type__":"TypedArray","ctor":"Float64Array","array":[0,0,0,0,0,0,1,1,1,1]}},{"__type__":"cc.Node","_name":"zhen","_parent":{"__id__":12},"_components":[{"__type__":"cc.Sprite","node":{"__id__":11},"_materials":[{"__uuid__":"ecpdLyjvZBwrvm+cedCcQy"}],"_spriteFrame":{"__uuid__":"14vJwyNH1OspMXFimJtxkW"},"_type":1,"_sizeMode":0},{"__type__":"cc.RigidBody","node":{"__id__":11},"_type":3,"_gravityScale":0,"_fixedRotation":true,"enabledContactListener":true,"bullet":true},{"__type__":"cc.PhysicsPolygonCollider","node":{"__id__":11},"_offset":{"__type__":"cc.Vec2","x":176,"y":5},"points":[{"__type__":"cc.Vec2","x":-218.9,"y":-23.4},{"__type__":"cc.Vec2","x":-33.9,"y":-22.3},{"__type__":"cc.Vec2","x":-33.9,"y":14.4},{"__type__":"cc.Vec2","x":-219.1,"y":16.7}]},{"__type__":"1cb3eoIRdhJWZayW7A68Y7j","node":{"__id__":11},"applyUpsensor":true,"allzhen":[{"__id__":10}]}],"_prefab":{"__type__":"cc.PrefabInfo","root":{"__id__":1},"asset":{"__uuid__":"9cpgQXhBhEarD9J5p/ph/F"},"fileId":"9f5xBJpI9Pcp8Iai7NEWd1"},"_contentSize":{"__type__":"cc.Size","width":284.1,"height":111},"_trs":{"__type__":"TypedArray","ctor":"Float64Array","array":[0,0,0,0,0,0,1,1,1,1]}},{"__type__":"cc.Node","_name":"zhenNodeTwo","_parent":{"__id__":1},"_children":[{"__id__":11},{"__id__":13},{"__id__":14}],"_prefab":{"__type__":"cc.PrefabInfo","root":{"__id__":1},"asset":{"__uuid__":"9cpgQXhBhEarD9J5p/ph/F"},"fileId":"825eFJjj1K3oqHx3bx/8lC"},"_trs":{"__type__":"TypedArray","ctor":"Float64Array","array":[-86.963,591.762,0,0,0,-0.7071067811865475,0.7071067811865476,1,1,1]},"_eulerAngles":{"__type__":"cc.Vec3","z":-90}},{"__type__":"cc.Node","_name":"zhenup","_parent":{"__id__":12},"_components":[{"__type__":"cc.RigidBody","node":{"__id__":13},"_type":0,"_gravityScale":0,"bullet":true}],"_prefab":{"__type__":"cc.PrefabInfo","root":{"__id__":1},"asset":{"__uuid__":"9cpgQXhBhEarD9J5p/ph/F"},"fileId":"284O5mw6NBbqRwA4UvEfuF"},"_trs":{"__type__":"TypedArray","ctor":"Float64Array","array":[0,138.753,0,0,0,0,1,1,1,1]}},{"__type__":"cc.Node","_name":"zhendown","_parent":{"__id__":12},"_components":[{"__type__":"cc.RigidBody","node":{"__id__":14},"_type":0,"_gravityScale":0,"bullet":true}],"_prefab":{"__type__":"cc.PrefabInfo","root":{"__id__":1},"asset":{"__uuid__":"9cpgQXhBhEarD9J5p/ph/F"},"fileId":"5dFImwsL5FbId2N/5EUYq+"},"_trs":{"__type__":"TypedArray","ctor":"Float64Array","array":[0,-299.592,0,0,0,0,1,1,1,1]}},{"__type__":"cc.Node","_name":"zhenup","_parent":{"__id__":9},"_components":[{"__type__":"cc.RigidBody","node":{"__id__":15},"_type":0,"_gravityScale":0,"bullet":true}],"_prefab":{"__type__":"cc.PrefabInfo","root":{"__id__":1},"asset":{"__uuid__":"9cpgQXhBhEarD9J5p/ph/F"},"fileId":"80qjk2P9VNSqSGiZKv1+Ad"},"_trs":{"__type__":"TypedArray","ctor":"Float64Array","array":[0,0,0,0,0,0,1,1,1,1]}},{"__type__":"cc.Node","_name":"zhendown","_parent":{"__id__":9},"_components":[{"__type__":"cc.RigidBody","node":{"__id__":16},"_type":0,"_gravityScale":0,"bullet":true}],"_prefab":{"__type__":"cc.PrefabInfo","root":{"__id__":1},"asset":{"__uuid__":"9cpgQXhBhEarD9J5p/ph/F"},"fileId":"60RgPH7mBDG6+GmwkOVFma"},"_trs":{"__type__":"TypedArray","ctor":"Float64Array","array":[0,-625.85,0,0,0,0,1,1,1,1]}},{"__type__":"cc.Node","_name":"zhenNodeTwo","_parent":{"__id__":1},"_children":[{"__id__":18},{"__id__":19},{"__id__":20}],"_prefab":{"__type__":"cc.PrefabInfo","root":{"__id__":1},"asset":{"__uuid__":"9cpgQXhBhEarD9J5p/ph/F"},"fileId":"a39Uq4ebhCgorpBA/gqiTx"},"_trs":{"__type__":"TypedArray","ctor":"Float64Array","array":[-518.301,217.588,0,0,0,0,1,1,1,1]}},{"__type__":"cc.Node","_name":"zhen","_parent":{"__id__":17},"_components":[{"__type__":"cc.Sprite","node":{"__id__":18},"_materials":[{"__uuid__":"ecpdLyjvZBwrvm+cedCcQy"}],"_spriteFrame":{"__uuid__":"14vJwyNH1OspMXFimJtxkW"},"_type":1,"_sizeMode":0},{"__type__":"cc.RigidBody","node":{"__id__":18},"_type":3,"_gravityScale":0,"_fixedRotation":true,"enabledContactListener":true,"bullet":true},{"__type__":"cc.PhysicsPolygonCollider","node":{"__id__":18},"_offset":{"__type__":"cc.Vec2","x":176,"y":5},"points":[{"__type__":"cc.Vec2","x":-218.9,"y":-23.4},{"__type__":"cc.Vec2","x":-33.9,"y":-22.3},{"__type__":"cc.Vec2","x":-33.9,"y":14.4},{"__type__":"cc.Vec2","x":-219.1,"y":16.7}]},{"__type__":"1cb3eoIRdhJWZayW7A68Y7j","node":{"__id__":18},"applyUpsensor":true}],"_prefab":{"__type__":"cc.PrefabInfo","root":{"__id__":1},"asset":{"__uuid__":"9cpgQXhBhEarD9J5p/ph/F"},"fileId":"9dqTXDh15EOb9ukC+1lESZ"},"_contentSize":{"__type__":"cc.Size","width":284.1,"height":111},"_trs":{"__type__":"TypedArray","ctor":"Float64Array","array":[0,0,0,0,0,0,1,1,1,1]}},{"__type__":"cc.Node","_name":"zhenup","_parent":{"__id__":17},"_components":[{"__type__":"cc.RigidBody","node":{"__id__":19},"_type":0,"_gravityScale":0,"bullet":true}],"_prefab":{"__type__":"cc.PrefabInfo","root":{"__id__":1},"asset":{"__uuid__":"9cpgQXhBhEarD9J5p/ph/F"},"fileId":"1dga6isJ5BDI/S0Ok/unaf"},"_trs":{"__type__":"TypedArray","ctor":"Float64Array","array":[0,339.971,0,0,0,0,1,1,1,1]}},{"__type__":"cc.Node","_name":"zhendown","_parent":{"__id__":17},"_components":[{"__type__":"cc.RigidBody","node":{"__id__":20},"_type":0,"_gravityScale":0,"bullet":true}],"_prefab":{"__type__":"cc.PrefabInfo","root":{"__id__":1},"asset":{"__uuid__":"9cpgQXhBhEarD9J5p/ph/F"},"fileId":"63eOm4k7BOk4sRBS07hl+7"},"_trs":{"__type__":"TypedArray","ctor":"Float64Array","array":[0,-270.527,0,0,0,0,1,1,1,1]}},{"__type__":"cc.Node","_name":"zhenNodeTwo","_parent":{"__id__":1},"_children":[{"__id__":22},{"__id__":23},{"__id__":24}],"_prefab":{"__type__":"cc.PrefabInfo","root":{"__id__":1},"asset":{"__uuid__":"9cpgQXhBhEarD9J5p/ph/F"},"fileId":"9ez/6EV79PiZK7nzdL98e4"},"_trs":{"__type__":"TypedArray","ctor":"Float64Array","array":[-232.278,-188.36,0,0,0,0.7071067811865475,0.7071067811865476,1,1,1]},"_eulerAngles":{"__type__":"cc.Vec3","z":90}},{"__type__":"cc.Node","_name":"zhen","_parent":{"__id__":21},"_components":[{"__type__":"cc.Sprite","node":{"__id__":22},"_materials":[{"__uuid__":"ecpdLyjvZBwrvm+cedCcQy"}],"_spriteFrame":{"__uuid__":"14vJwyNH1OspMXFimJtxkW"},"_type":1,"_sizeMode":0},{"__type__":"cc.RigidBody","node":{"__id__":22},"_type":3,"_gravityScale":0,"_fixedRotation":true,"enabledContactListener":true,"bullet":true},{"__type__":"cc.PhysicsPolygonCollider","node":{"__id__":22},"_offset":{"__type__":"cc.Vec2","x":176,"y":5},"points":[{"__type__":"cc.Vec2","x":-218.9,"y":-23.4},{"__type__":"cc.Vec2","x":-33.9,"y":-22.3},{"__type__":"cc.Vec2","x":-33.9,"y":14.4},{"__type__":"cc.Vec2","x":-219.1,"y":16.7}]},{"__type__":"1cb3eoIRdhJWZayW7A68Y7j","node":{"__id__":22},"applyUpsensor":true}],"_prefab":{"__type__":"cc.PrefabInfo","root":{"__id__":1},"asset":{"__uuid__":"9cpgQXhBhEarD9J5p/ph/F"},"fileId":"ccvy4toWpEZ52xcU8xQQGb"},"_contentSize":{"__type__":"cc.Size","width":284.1,"height":111},"_trs":{"__type__":"TypedArray","ctor":"Float64Array","array":[0,0,0,0,0,0,1,1,1,1]}},{"__type__":"cc.Node","_name":"zhenup","_parent":{"__id__":21},"_components":[{"__type__":"cc.RigidBody","node":{"__id__":23},"_type":0,"_gravityScale":0,"bullet":true}],"_prefab":{"__type__":"cc.PrefabInfo","root":{"__id__":1},"asset":{"__uuid__":"9cpgQXhBhEarD9J5p/ph/F"},"fileId":"e2KLYJfDdPj7w68GoNLCyo"},"_trs":{"__type__":"TypedArray","ctor":"Float64Array","array":[0,278.519,0,0,0,0,1,1,1,1]}},{"__type__":"cc.Node","_name":"zhendown","_parent":{"__id__":21},"_components":[{"__type__":"cc.RigidBody","node":{"__id__":24},"_type":0,"_gravityScale":0,"bullet":true}],"_prefab":{"__type__":"cc.PrefabInfo","root":{"__id__":1},"asset":{"__uuid__":"9cpgQXhBhEarD9J5p/ph/F"},"fileId":"e8tGWsqM9B9r/HS0eotK6O"},"_trs":{"__type__":"TypedArray","ctor":"Float64Array","array":[0,-143.058,0,0,0,0,1,1,1,1]}}],{"__type__":"cc.SpriteFrame","content":{"name":"guanqia106","texture":"d56Y8njfNCBZ1eXhtd+5ve","rect":[1,1,882,1197],"offset":[0.5,-0.5],"originalSize":[883,1198],"capInsets":[784.5,0,33.5,0]}}]