[{"__type__":"cc.SpriteFrame","content":{"name":"NumberBip","texture":"7369PfDOdISqdZx8PtdESC","rect":[1,0,264,216],"offset":[-1,2],"originalSize":[268,220],"capInsets":[0,0,0,0]}},{"__type__":"cc.BitmapFont","_name":"NumberBip","spriteFrame":{"__uuid__":"35nA0xcpNI2bcYHA/yvDU3"},"fontSize":72,"_fntConfig":{"commonHeight":72,"fontSize":72,"atlasName":"NumberBip.png","fontDefDictionary":{"43":{"rect":{"x":0,"y":148,"width":52,"height":72},"xOffset":0,"yOffset":0,"xAdvance":52},"47":{"rect":{"x":108,"y":148,"width":52,"height":72},"xOffset":0,"yOffset":0,"xAdvance":52},"48":{"rect":{"x":0,"y":0,"width":52,"height":72},"xOffset":0,"yOffset":0,"xAdvance":52},"49":{"rect":{"x":54,"y":0,"width":52,"height":72},"xOffset":0,"yOffset":0,"xAdvance":52},"50":{"rect":{"x":108,"y":0,"width":52,"height":72},"xOffset":0,"yOffset":0,"xAdvance":52},"51":{"rect":{"x":0,"y":74,"width":52,"height":72},"xOffset":0,"yOffset":0,"xAdvance":52},"52":{"rect":{"x":54,"y":74,"width":52,"height":72},"xOffset":0,"yOffset":0,"xAdvance":52},"53":{"rect":{"x":108,"y":74,"width":52,"height":72},"xOffset":0,"yOffset":0,"xAdvance":52},"54":{"rect":{"x":162,"y":0,"width":52,"height":72},"xOffset":0,"yOffset":0,"xAdvance":52},"55":{"rect":{"x":162,"y":74,"width":52,"height":72},"xOffset":0,"yOffset":0,"xAdvance":52},"56":{"rect":{"x":216,"y":0,"width":52,"height":72},"xOffset":0,"yOffset":0,"xAdvance":52},"57":{"rect":{"x":216,"y":74,"width":52,"height":72},"xOffset":0,"yOffset":0,"xAdvance":52},"58":{"rect":{"x":54,"y":148,"width":52,"height":72},"xOffset":0,"yOffset":0,"xAdvance":52}},"kerningDict":{}}}]