[[{"__type__":"cc.Prefab","_name":"UIDerived43","data":{"__id__":1}},{"__type__":"cc.Node","_name":"UIDerived49","_children":[{"__type__":"cc.Node","_name":"bule_node","_parent":{"__id__":1},"_prefab":{"__type__":"cc.PrefabInfo","root":{"__id__":1},"asset":{"__uuid__":"16i4XoaVlJaJr/Cl/HBUlS"},"fileId":"0c/OTEUS1EX57Wv/bEs+ow"},"_trs":{"__type__":"TypedArray","ctor":"Float64Array","array":[0,0,0,0,0,0,1,1,1,1]}},{"__type__":"cc.Node","_name":"greenwater_node","_parent":{"__id__":1},"_prefab":{"__type__":"cc.PrefabInfo","root":{"__id__":1},"asset":{"__uuid__":"16i4XoaVlJaJr/Cl/HBUlS"},"fileId":"e35eVo+A5AtK1yroaD1RUc"},"_trs":{"__type__":"TypedArray","ctor":"Float64Array","array":[0,0,0,0,0,0,1,1,1,1]}},{"__type__":"cc.Node","_name":"redwater_node","_parent":{"__id__":1},"_prefab":{"__type__":"cc.PrefabInfo","root":{"__id__":1},"asset":{"__uuid__":"16i4XoaVlJaJr/Cl/HBUlS"},"fileId":"ceEZBPNNpJSocT0K8ag5zz"},"_trs":{"__type__":"TypedArray","ctor":"Float64Array","array":[0,0,0,0,0,0,1,1,1,1]}},{"__id__":2},{"__id__":3},{"__id__":4},{"__id__":5},{"__type__":"cc.Node","_name":"greenPos_node","_parent":{"__id__":1},"_prefab":{"__type__":"cc.PrefabInfo","root":{"__id__":1},"asset":{"__uuid__":"16i4XoaVlJaJr/Cl/HBUlS"},"fileId":"51JX2nUfZL2ay2OOYnmsw4"},"_trs":{"__type__":"TypedArray","ctor":"Float64Array","array":[0,0,0,0,0,0,1,1,1,1]}},{"__type__":"cc.Node","_name":"player","_parent":{"__id__":1},"_prefab":{"__type__":"cc.PrefabInfo","root":{"__id__":1},"asset":{"__uuid__":"16i4XoaVlJaJr/Cl/HBUlS"},"fileId":"afzmDG5OxM7KctbuSGf3wX"},"_contentSize":{"__type__":"cc.Size","width":240,"height":140},"_trs":{"__type__":"TypedArray","ctor":"Float64Array","array":[274.947,-630.156,0,0,0,0,1,0.7,0.7,0.7]}},{"__type__":"cc.Node","_name":"enemy","_parent":{"__id__":1},"_prefab":{"__type__":"cc.PrefabInfo","root":{"__id__":1},"asset":{"__uuid__":"16i4XoaVlJaJr/Cl/HBUlS"},"fileId":"e09VSZYYhPmobTkCKSWH1N"},"_trs":{"__type__":"TypedArray","ctor":"Float64Array","array":[-248.108,-632.029,0,0,0,0,1,-0.7,0.7,-0.7]}},{"__id__":6},{"__id__":9},{"__id__":12},{"__id__":15},{"__id__":18}],"_components":[{"__type__":"cc.Sprite","node":{"__id__":1},"_materials":[{"__uuid__":"ecpdLyjvZBwrvm+cedCcQy"}],"_spriteFrame":{"__uuid__":"ecKvxDwI9CApSF+giVk8BL"}},{"__type__":"cc.RigidBody","node":{"__id__":1},"_type":0},{"__type__":"cc.PhysicsPolygonCollider","node":{"__id__":1},"_offset":{"__type__":"cc.Vec2","x":-353,"y":726},"points":[{"__type__":"cc.Vec2","x":-35.5,"y":-282.3},{"__type__":"cc.Vec2","x":397.1,"y":-286.4},{"__type__":"cc.Vec2","x":410,"y":-468},{"__type__":"cc.Vec2","x":302,"y":-474.3},{"__type__":"cc.Vec2","x":292.1,"y":-357.2},{"__type__":"cc.Vec2","x":200,"y":-299.5},{"__type__":"cc.Vec2","x":-13.3,"y":-293.7},{"__type__":"cc.Vec2","x":-34,"y":-311.4},{"__type__":"cc.Vec2","x":-53.9,"y":-362.6},{"__type__":"cc.Vec2","x":-76,"y":-1339},{"__type__":"cc.Vec2","x":-46.7,"y":-1438.6},{"__type__":"cc.Vec2","x":9.9,"y":-1480.7},{"__type__":"cc.Vec2","x":237.9,"y":-1486},{"__type__":"cc.Vec2","x":325,"y":-1440.3},{"__type__":"cc.Vec2","x":362,"y":-1301},{"__type__":"cc.Vec2","x":290,"y":-1182},{"__type__":"cc.Vec2","x":132.8,"y":-1137.2},{"__type__":"cc.Vec2","x":107,"y":-750},{"__type__":"cc.Vec2","x":100,"y":-481.1},{"__type__":"cc.Vec2","x":109.9,"y":-458.6},{"__type__":"cc.Vec2","x":163.8,"y":-478.5},{"__type__":"cc.Vec2","x":142.5,"y":-635.3},{"__type__":"cc.Vec2","x":151.8,"y":-709.6},{"__type__":"cc.Vec2","x":257.1,"y":-750.7},{"__type__":"cc.Vec2","x":267.8,"y":-804.5},{"__type__":"cc.Vec2","x":244.6,"y":-904.4},{"__type__":"cc.Vec2","x":266,"y":-982},{"__type__":"cc.Vec2","x":329,"y":-1046.5},{"__type__":"cc.Vec2","x":394.4,"y":-1070.7},{"__type__":"cc.Vec2","x":528,"y":-1062.9},{"__type__":"cc.Vec2","x":576.1,"y":-1165.9},{"__type__":"cc.Vec2","x":479.6,"y":-1234.3},{"__type__":"cc.Vec2","x":435.7,"y":-1335.7},{"__type__":"cc.Vec2","x":441.6,"y":-1427},{"__type__":"cc.Vec2","x":469.8,"y":-1471.1},{"__type__":"cc.Vec2","x":608.5,"y":-1501.4},{"__type__":"cc.Vec2","x":732.9,"y":-1473.3},{"__type__":"cc.Vec2","x":770.6,"y":-1402.6},{"__type__":"cc.Vec2","x":785,"y":-1186.7},{"__type__":"cc.Vec2","x":781.7,"y":-997.9},{"__type__":"cc.Vec2","x":763.7,"y":-694.1},{"__type__":"cc.Vec2","x":741.1,"y":-525.4},{"__type__":"cc.Vec2","x":750,"y":59.8},{"__type__":"cc.Vec2","x":-48.7,"y":60.9},{"__type__":"cc.Vec2","x":-6.6,"y":16.6},{"__type__":"cc.Vec2","x":719.9,"y":2.6},{"__type__":"cc.Vec2","x":718.4,"y":-270.9},{"__type__":"cc.Vec2","x":543.6,"y":-271},{"__type__":"cc.Vec2","x":529.7,"y":-285.5},{"__type__":"cc.Vec2","x":530.7,"y":-398.6},{"__type__":"cc.Vec2","x":543.4,"y":-488},{"__type__":"cc.Vec2","x":623.1,"y":-488.2},{"__type__":"cc.Vec2","x":684.5,"y":-506.6},{"__type__":"cc.Vec2","x":714.6,"y":-538.6},{"__type__":"cc.Vec2","x":732.4,"y":-636.7},{"__type__":"cc.Vec2","x":757.1,"y":-1052.3},{"__type__":"cc.Vec2","x":756.8,"y":-1291.3},{"__type__":"cc.Vec2","x":744,"y":-1381.1},{"__type__":"cc.Vec2","x":726,"y":-1445.1},{"__type__":"cc.Vec2","x":683.5,"y":-1465.4},{"__type__":"cc.Vec2","x":609.8,"y":-1470},{"__type__":"cc.Vec2","x":528.5,"y":-1463.6},{"__type__":"cc.Vec2","x":476.1,"y":-1431.2},{"__type__":"cc.Vec2","x":464.3,"y":-1383.3},{"__type__":"cc.Vec2","x":467.3,"y":-1314.4},{"__type__":"cc.Vec2","x":513.5,"y":-1243.9},{"__type__":"cc.Vec2","x":583.3,"y":-1190.9},{"__type__":"cc.Vec2","x":602.5,"y":-1162.3},{"__type__":"cc.Vec2","x":591.7,"y":-1108.9},{"__type__":"cc.Vec2","x":547.8,"y":-1044.3},{"__type__":"cc.Vec2","x":530.1,"y":-1036.4},{"__type__":"cc.Vec2","x":398.3,"y":-1042.8},{"__type__":"cc.Vec2","x":347.8,"y":-1027.6},{"__type__":"cc.Vec2","x":297.4,"y":-975.8},{"__type__":"cc.Vec2","x":270,"y":-934},{"__type__":"cc.Vec2","x":276.4,"y":-865.6},{"__type__":"cc.Vec2","x":295.9,"y":-791.8},{"__type__":"cc.Vec2","x":290.3,"y":-750},{"__type__":"cc.Vec2","x":263.8,"y":-726.2},{"__type__":"cc.Vec2","x":195.8,"y":-705.7},{"__type__":"cc.Vec2","x":174,"y":-690.3},{"__type__":"cc.Vec2","x":167.9,"y":-636},{"__type__":"cc.Vec2","x":187.5,"y":-544.3},{"__type__":"cc.Vec2","x":173.2,"y":-472.1},{"__type__":"cc.Vec2","x":160.5,"y":-443.3},{"__type__":"cc.Vec2","x":128.8,"y":-408.3},{"__type__":"cc.Vec2","x":111.2,"y":-398},{"__type__":"cc.Vec2","x":99.8,"y":-398},{"__type__":"cc.Vec2","x":86.3,"y":-406.9},{"__type__":"cc.Vec2","x":68.8,"y":-432.7},{"__type__":"cc.Vec2","x":57.6,"y":-555.8},{"__type__":"cc.Vec2","x":80.4,"y":-755.5},{"__type__":"cc.Vec2","x":72.2,"y":-930.6},{"__type__":"cc.Vec2","x":90,"y":-1127},{"__type__":"cc.Vec2","x":132.7,"y":-1170.9},{"__type__":"cc.Vec2","x":220.8,"y":-1186.6},{"__type__":"cc.Vec2","x":298.8,"y":-1239.4},{"__type__":"cc.Vec2","x":333,"y":-1314},{"__type__":"cc.Vec2","x":302.7,"y":-1421.1},{"__type__":"cc.Vec2","x":231.6,"y":-1459.3},{"__type__":"cc.Vec2","x":34.5,"y":-1457.6},{"__type__":"cc.Vec2","x":-25.6,"y":-1419.4},{"__type__":"cc.Vec2","x":-51,"y":-1344},{"__type__":"cc.Vec2","x":-27.4,"y":-370},{"__type__":"cc.Vec2","x":-7.2,"y":-320},{"__type__":"cc.Vec2","x":208.6,"y":-331.9},{"__type__":"cc.Vec2","x":263.1,"y":-360.4},{"__type__":"cc.Vec2","x":275.5,"y":-482.4},{"__type__":"cc.Vec2","x":293.2,"y":-499.5},{"__type__":"cc.Vec2","x":410.8,"y":-502.9},{"__type__":"cc.Vec2","x":441.3,"y":-481.1},{"__type__":"cc.Vec2","x":432.2,"y":-291},{"__type__":"cc.Vec2","x":406.3,"y":-261.6},{"__type__":"cc.Vec2","x":-7.1,"y":-247.5},{"__type__":"cc.Vec2","x":-7.1,"y":17.1},{"__type__":"cc.Vec2","x":-49,"y":61.6}]},{"__type__":"cc.PhysicsPolygonCollider","node":{"__id__":1},"_offset":{"__type__":"cc.Vec2","x":102.6,"y":105.5},"points":[{"__type__":"cc.Vec2","x":-102.4,"y":-75.9},{"__type__":"cc.Vec2","x":9.2,"y":-87.4},{"__type__":"cc.Vec2","x":175,"y":-82.7},{"__type__":"cc.Vec2","x":203,"y":-62.8},{"__type__":"cc.Vec2","x":207.1,"y":5.7},{"__type__":"cc.Vec2","x":188.9,"y":37.8},{"__type__":"cc.Vec2","x":154.1,"y":47.7},{"__type__":"cc.Vec2","x":50,"y":50},{"__type__":"cc.Vec2","x":-50,"y":50},{"__type__":"cc.Vec2","x":-130.6,"y":44.8},{"__type__":"cc.Vec2","x":-171.4,"y":30},{"__type__":"cc.Vec2","x":-177.7},{"__type__":"cc.Vec2","x":-154.4,"y":-49.6}]},{"__type__":"cc.PhysicsPolygonCollider","node":{"__id__":1},"_offset":{"__type__":"cc.Vec2","x":96.5,"y":-121.4},"points":[{"__type__":"cc.Vec2","x":-104.2,"y":-80},{"__type__":"cc.Vec2","x":-87.2,"y":-96.5},{"__type__":"cc.Vec2","x":173.7,"y":-106.2},{"__type__":"cc.Vec2","x":196.8,"y":-87.2},{"__type__":"cc.Vec2","x":200.1,"y":31.5},{"__type__":"cc.Vec2","x":170.7,"y":50.5},{"__type__":"cc.Vec2","x":50,"y":50},{"__type__":"cc.Vec2","x":-79.5,"y":49.4},{"__type__":"cc.Vec2","x":-104.7,"y":39}]},{"__type__":"1100eDGpRlLMYp5CrYQGpcQ","node":{"__id__":1},"player_happy":true}],"_prefab":{"__type__":"cc.PrefabInfo","root":{"__id__":1},"asset":{"__uuid__":"16i4XoaVlJaJr/Cl/HBUlS"},"fileId":"b2FsFAjPhNT7jAFsmzrZZ1"},"_contentSize":{"__type__":"cc.Size","width":890,"height":1571},"_trs":{"__type__":"TypedArray","ctor":"Float64Array","array":[0,0,0,0,0,0,1,1,1,1]}},{"__type__":"cc.Node","_name":"black_node","_parent":{"__id__":1},"_components":[{"__type__":"6c0e8KZwr5L34azTYX21stu","node":{"__id__":2}}],"_prefab":{"__type__":"cc.PrefabInfo","root":{"__id__":1},"asset":{"__uuid__":"16i4XoaVlJaJr/Cl/HBUlS"},"fileId":"dfatnb8L5EPKYC2Jq/yXNb"},"_trs":{"__type__":"TypedArray","ctor":"Float64Array","array":[0,0,0,0,0,0,1,1,1,1]}},{"__type__":"cc.Node","_name":"gray_node","_parent":{"__id__":1},"_components":[{"__type__":"3400dF2d2tHLK8+En9baGXY","node":{"__id__":3},"grey_prefab":{"__uuid__":"13FEeEL1NMaK5TFGpFQpJr"}}],"_prefab":{"__type__":"cc.PrefabInfo","root":{"__id__":1},"asset":{"__uuid__":"16i4XoaVlJaJr/Cl/HBUlS"},"fileId":"0fx/0cvXVISpZ1IOETrITf"},"_trs":{"__type__":"TypedArray","ctor":"Float64Array","array":[0,0,0,0,0,0,1,1,1,1]}},{"__type__":"cc.Node","_name":"bulePos_node","_parent":{"__id__":1},"_children":[{"__type__":"cc.Node","_name":"New Node","_parent":{"__id__":4},"_prefab":{"__type__":"cc.PrefabInfo","root":{"__id__":1},"asset":{"__uuid__":"16i4XoaVlJaJr/Cl/HBUlS"},"fileId":"d0EnAwRnhGPYKV/iizv89X"},"_trs":{"__type__":"TypedArray","ctor":"Float64Array","array":[-315.756,-620.644,0,0,0,0,1,1,1,1]}},{"__type__":"cc.Node","_name":"New Node","_parent":{"__id__":4},"_prefab":{"__type__":"cc.PrefabInfo","root":{"__id__":1},"asset":{"__uuid__":"16i4XoaVlJaJr/Cl/HBUlS"},"fileId":"3e5aH2tTBLEp47sdWnoHAC"},"_trs":{"__type__":"TypedArray","ctor":"Float64Array","array":[264.244,-655.644,0,0,0,0,1,1,1,1]}}],"_prefab":{"__type__":"cc.PrefabInfo","root":{"__id__":1},"asset":{"__uuid__":"16i4XoaVlJaJr/Cl/HBUlS"},"fileId":"c3F1WybU5HMqEz59tbWoxS"},"_trs":{"__type__":"TypedArray","ctor":"Float64Array","array":[0,0,0,0,0,0,1,1,1,1]}},{"__type__":"cc.Node","_name":"redPos_node","_parent":{"__id__":1},"_children":[{"__type__":"cc.Node","_name":"New Node","_parent":{"__id__":5},"_prefab":{"__type__":"cc.PrefabInfo","root":{"__id__":1},"asset":{"__uuid__":"16i4XoaVlJaJr/Cl/HBUlS"},"fileId":"fc+PaqyqdBYag8hyH44IGz"},"_trs":{"__type__":"TypedArray","ctor":"Float64Array","array":[-85.498,637.16,0,0,0,0,1,1,1,1]}},{"__type__":"cc.Node","_name":"New Node","_parent":{"__id__":5},"_prefab":{"__type__":"cc.PrefabInfo","root":{"__id__":1},"asset":{"__uuid__":"16i4XoaVlJaJr/Cl/HBUlS"},"fileId":"79GZgsW2JG9rZw0gJCfUqn"},"_trs":{"__type__":"TypedArray","ctor":"Float64Array","array":[289.502,683.16,0,0,0,0,1,1,1,1]}}],"_prefab":{"__type__":"cc.PrefabInfo","root":{"__id__":1},"asset":{"__uuid__":"16i4XoaVlJaJr/Cl/HBUlS"},"fileId":"730wG8+HhEaJRfTHjLxflh"},"_trs":{"__type__":"TypedArray","ctor":"Float64Array","array":[0,0,0,0,0,0,1,1,1,1]}},{"__type__":"cc.Node","_name":"MoveProp","_parent":{"__id__":1},"_children":[{"__id__":7},{"__id__":8}],"_prefab":{"__type__":"cc.PrefabInfo","root":{"__id__":1},"asset":{"__uuid__":"16i4XoaVlJaJr/Cl/HBUlS"},"fileId":"4dczoCckNN2JYAunxiwyqG"},"_trs":{"__type__":"TypedArray","ctor":"Float64Array","array":[147,376,0,0,0,0,1,1,1,1]}},{"__type__":"cc.Node","_name":"Bar","_parent":{"__id__":6},"_components":[{"__type__":"cc.Sprite","node":{"__id__":7},"_materials":[{"__uuid__":"ecpdLyjvZBwrvm+cedCcQy"}],"_spriteFrame":{"__uuid__":"36nyDwRspBQpKV3/57IicC"},"_type":1},{"__type__":"cc.RigidBody","node":{"__id__":7},"_type":0},{"__type__":"cc.PhysicsPolygonCollider","node":{"__id__":7},"points":[{"__type__":"cc.Vec2","x":-114.4,"y":-31.1},{"__type__":"cc.Vec2","x":116,"y":-31.3},{"__type__":"cc.Vec2","x":115.1,"y":31.8},{"__type__":"cc.Vec2","x":-114.2,"y":31.3}]},{"__type__":"8a64bLvzRlHBakXZIa7SBbN","node":{"__id__":7}}],"_prefab":{"__type__":"cc.PrefabInfo","root":{"__id__":1},"asset":{"__uuid__":"16i4XoaVlJaJr/Cl/HBUlS"},"fileId":"a5UZFhCd1INJu9hgromGfr"},"_contentSize":{"__type__":"cc.Size","width":230,"height":65},"_trs":{"__type__":"TypedArray","ctor":"Float64Array","array":[0,0,0,0,0,0,1,1,1,1]}},{"__type__":"cc.Node","_name":"BarBG","_parent":{"__id__":6},"_components":[{"__type__":"cc.Sprite","node":{"__id__":8},"_materials":[{"__uuid__":"ecpdLyjvZBwrvm+cedCcQy"}],"_spriteFrame":{"__uuid__":"d8hqEurO5O3r/JLAsbxS//"},"_type":1}],"_prefab":{"__type__":"cc.PrefabInfo","root":{"__id__":1},"asset":{"__uuid__":"16i4XoaVlJaJr/Cl/HBUlS"},"fileId":"22e8aD2E5L6LjOUvHvBad1"},"_contentSize":{"__type__":"cc.Size","width":427,"height":66},"_trs":{"__type__":"TypedArray","ctor":"Float64Array","array":[82,0,0,0,0,0,1,1,1,1]}},{"__type__":"cc.Node","_name":"MoveProp","_parent":{"__id__":1},"_children":[{"__id__":10},{"__id__":11}],"_prefab":{"__type__":"cc.PrefabInfo","root":{"__id__":1},"asset":{"__uuid__":"16i4XoaVlJaJr/Cl/HBUlS"},"fileId":"9aiaMhu/FAvLsO+EQdfrrq"},"_trs":{"__type__":"TypedArray","ctor":"Float64Array","array":[-360,130,0,0,0,0,1,1,1,1]}},{"__type__":"cc.Node","_name":"Bar","_parent":{"__id__":9},"_components":[{"__type__":"cc.Sprite","node":{"__id__":10},"_materials":[{"__uuid__":"ecpdLyjvZBwrvm+cedCcQy"}],"_spriteFrame":{"__uuid__":"36nyDwRspBQpKV3/57IicC"},"_type":1},{"__type__":"cc.RigidBody","node":{"__id__":10},"_type":0},{"__type__":"cc.PhysicsPolygonCollider","node":{"__id__":10},"points":[{"__type__":"cc.Vec2","x":-114.4,"y":-31.1},{"__type__":"cc.Vec2","x":116,"y":-31.3},{"__type__":"cc.Vec2","x":115.1,"y":31.8},{"__type__":"cc.Vec2","x":-114.2,"y":31.3}]},{"__type__":"8a64bLvzRlHBakXZIa7SBbN","node":{"__id__":10}}],"_prefab":{"__type__":"cc.PrefabInfo","root":{"__id__":1},"asset":{"__uuid__":"16i4XoaVlJaJr/Cl/HBUlS"},"fileId":"75IzhHMAJH+KYKOU5xxP6E"},"_contentSize":{"__type__":"cc.Size","width":230,"height":65},"_trs":{"__type__":"TypedArray","ctor":"Float64Array","array":[0,0,0,0,0,0,1,1,1,1]}},{"__type__":"cc.Node","_name":"BarBG","_parent":{"__id__":9},"_components":[{"__type__":"cc.Sprite","node":{"__id__":11},"_materials":[{"__uuid__":"ecpdLyjvZBwrvm+cedCcQy"}],"_spriteFrame":{"__uuid__":"d8hqEurO5O3r/JLAsbxS//"},"_type":1}],"_prefab":{"__type__":"cc.PrefabInfo","root":{"__id__":1},"asset":{"__uuid__":"16i4XoaVlJaJr/Cl/HBUlS"},"fileId":"864+1En9ZORqRqdsHdYl9d"},"_contentSize":{"__type__":"cc.Size","width":427,"height":66},"_trs":{"__type__":"TypedArray","ctor":"Float64Array","array":[108,0,0,0,0,0,1,1,1,1]}},{"__type__":"cc.Node","_name":"MoveProp","_parent":{"__id__":1},"_children":[{"__id__":13},{"__id__":14}],"_prefab":{"__type__":"cc.PrefabInfo","root":{"__id__":1},"asset":{"__uuid__":"16i4XoaVlJaJr/Cl/HBUlS"},"fileId":"dcziBeg2VPXZ2pIrceFj5m"},"_trs":{"__type__":"TypedArray","ctor":"Float64Array","array":[10,189,0,0,0,0.7071067811865475,0.7071067811865476,1,1,1]},"_eulerAngles":{"__type__":"cc.Vec3","z":90}},{"__type__":"cc.Node","_name":"Bar","_parent":{"__id__":12},"_components":[{"__type__":"cc.Sprite","node":{"__id__":13},"_materials":[{"__uuid__":"ecpdLyjvZBwrvm+cedCcQy"}],"_spriteFrame":{"__uuid__":"36nyDwRspBQpKV3/57IicC"},"_type":1},{"__type__":"cc.RigidBody","node":{"__id__":13},"_type":0},{"__type__":"cc.PhysicsPolygonCollider","node":{"__id__":13},"points":[{"__type__":"cc.Vec2","x":-114.4,"y":-31.1},{"__type__":"cc.Vec2","x":116,"y":-31.3},{"__type__":"cc.Vec2","x":115.1,"y":31.8},{"__type__":"cc.Vec2","x":-114.2,"y":31.3}]},{"__type__":"8a64bLvzRlHBakXZIa7SBbN","node":{"__id__":13}}],"_prefab":{"__type__":"cc.PrefabInfo","root":{"__id__":1},"asset":{"__uuid__":"16i4XoaVlJaJr/Cl/HBUlS"},"fileId":"edsNIjdXRIGrdmYsMx0C8q"},"_contentSize":{"__type__":"cc.Size","width":230,"height":65},"_trs":{"__type__":"TypedArray","ctor":"Float64Array","array":[0,0,0,0,0,0,1,1,1,1]}},{"__type__":"cc.Node","_name":"BarBG","_parent":{"__id__":12},"_components":[{"__type__":"cc.Sprite","node":{"__id__":14},"_materials":[{"__uuid__":"ecpdLyjvZBwrvm+cedCcQy"}],"_spriteFrame":{"__uuid__":"d8hqEurO5O3r/JLAsbxS//"},"_type":1}],"_prefab":{"__type__":"cc.PrefabInfo","root":{"__id__":1},"asset":{"__uuid__":"16i4XoaVlJaJr/Cl/HBUlS"},"fileId":"52WvHLqTxI/7fRYgvASiEX"},"_contentSize":{"__type__":"cc.Size","width":427,"height":66},"_trs":{"__type__":"TypedArray","ctor":"Float64Array","array":[-88,0,0,0,0,0,1,1,1,1]}},{"__type__":"cc.Node","_name":"MoveProp","_parent":{"__id__":1},"_children":[{"__id__":16},{"__id__":17}],"_prefab":{"__type__":"cc.PrefabInfo","root":{"__id__":1},"asset":{"__uuid__":"16i4XoaVlJaJr/Cl/HBUlS"},"fileId":"6coiIbY2BA7pafUKMDXCp7"},"_trs":{"__type__":"TypedArray","ctor":"Float64Array","array":[238,-16,0,0,0,0.7071067811865475,0.7071067811865476,1,1,1]},"_eulerAngles":{"__type__":"cc.Vec3","z":90}},{"__type__":"cc.Node","_name":"Bar","_parent":{"__id__":15},"_components":[{"__type__":"cc.Sprite","node":{"__id__":16},"_materials":[{"__uuid__":"ecpdLyjvZBwrvm+cedCcQy"}],"_spriteFrame":{"__uuid__":"36nyDwRspBQpKV3/57IicC"},"_type":1},{"__type__":"cc.RigidBody","node":{"__id__":16},"_type":0},{"__type__":"cc.PhysicsPolygonCollider","node":{"__id__":16},"points":[{"__type__":"cc.Vec2","x":-114.4,"y":-31.1},{"__type__":"cc.Vec2","x":116,"y":-31.3},{"__type__":"cc.Vec2","x":115.1,"y":31.8},{"__type__":"cc.Vec2","x":-114.2,"y":31.3}]},{"__type__":"8a64bLvzRlHBakXZIa7SBbN","node":{"__id__":16}}],"_prefab":{"__type__":"cc.PrefabInfo","root":{"__id__":1},"asset":{"__uuid__":"16i4XoaVlJaJr/Cl/HBUlS"},"fileId":"2aPjMtiIpD36YlFNu/Ms13"},"_contentSize":{"__type__":"cc.Size","width":230,"height":65},"_trs":{"__type__":"TypedArray","ctor":"Float64Array","array":[0,0,0,0,0,0,1,1,1,1]}},{"__type__":"cc.Node","_name":"BarBG","_parent":{"__id__":15},"_components":[{"__type__":"cc.Sprite","node":{"__id__":17},"_materials":[{"__uuid__":"ecpdLyjvZBwrvm+cedCcQy"}],"_spriteFrame":{"__uuid__":"d8hqEurO5O3r/JLAsbxS//"},"_type":1}],"_prefab":{"__type__":"cc.PrefabInfo","root":{"__id__":1},"asset":{"__uuid__":"16i4XoaVlJaJr/Cl/HBUlS"},"fileId":"74xMuuXBhNuqUgw0SU+xFM"},"_contentSize":{"__type__":"cc.Size","width":427,"height":66},"_trs":{"__type__":"TypedArray","ctor":"Float64Array","array":[86,0,0,0,0,0,1,1,1,1]}},{"__type__":"cc.Node","_name":"helpForce","_parent":{"__id__":1},"_components":[{"__type__":"cc.RigidBody","node":{"__id__":18},"_type":0,"enabledContactListener":true},{"__type__":"cc.PhysicsPolygonCollider","node":{"__id__":18},"_sensor":true,"points":[{"__type__":"cc.Vec2","x":-165.4,"y":143.6},{"__type__":"cc.Vec2","x":-118.5,"y":143.1},{"__type__":"cc.Vec2","x":-46,"y":146},{"__type__":"cc.Vec2","x":-81,"y":259},{"__type__":"cc.Vec2","x":-86,"y":345},{"__type__":"cc.Vec2","x":-111.8,"y":378.1},{"__type__":"cc.Vec2","x":-162.7,"y":397.9},{"__type__":"cc.Vec2","x":-214.3,"y":403},{"__type__":"cc.Vec2","x":-231.3,"y":365.6},{"__type__":"cc.Vec2","x":-226,"y":340},{"__type__":"cc.Vec2","x":-181.3,"y":298.9},{"__type__":"cc.Vec2","x":-163.2,"y":247.6}]},{"__type__":"55f6bMQr7pBrplgeruqgiW2","node":{"__id__":18},"force":{"__type__":"cc.Vec2","x":-5000,"y":8000}}],"_prefab":{"__type__":"cc.PrefabInfo","root":{"__id__":1},"asset":{"__uuid__":"16i4XoaVlJaJr/Cl/HBUlS"},"fileId":"7c2+oar8NGyLR+zaeBVyZy"},"_trs":{"__type__":"TypedArray","ctor":"Float64Array","array":[0,0,0,0,0,0,1,1,1,1]}}],{"__type__":"cc.SpriteFrame","content":{"name":"guanqia25","texture":"0av4z+f8RM3bnkOMyGZgYm","rect":[1,1,890,1571],"offset":[0,0],"originalSize":[892,1573],"capInsets":[0,0,0,0]}}]