[[{"__type__":"cc.Prefab","_name":"UIDerived21","data":{"__id__":1}},{"__type__":"cc.Node","_name":"UIDerived23","_children":[{"__type__":"cc.Node","_name":"player","_parent":{"__id__":1},"_prefab":{"__type__":"cc.PrefabInfo","root":{"__id__":1},"asset":{"__uuid__":"a6qI8OUVJKUaCNAwIu+14B"},"fileId":"94hpHjOitFfpMx0BdYnRhG"},"_contentSize":{"__type__":"cc.Size","width":240,"height":140},"_trs":{"__type__":"TypedArray","ctor":"Float64Array","array":[52.25,-640.248,0,0,0,0,1,0.7,0.7,0.7]}},{"__type__":"cc.Node","_name":"bule_node","_parent":{"__id__":1},"_prefab":{"__type__":"cc.PrefabInfo","root":{"__id__":1},"asset":{"__uuid__":"a6qI8OUVJKUaCNAwIu+14B"},"fileId":"3adOlPDBNNBIcUGYQFZlIm"},"_trs":{"__type__":"TypedArray","ctor":"Float64Array","array":[0,0,0,0,0,0,1,1,1,1]}},{"__type__":"cc.Node","_name":"greenwater_node","_parent":{"__id__":1},"_prefab":{"__type__":"cc.PrefabInfo","root":{"__id__":1},"asset":{"__uuid__":"a6qI8OUVJKUaCNAwIu+14B"},"fileId":"67gXLi7q9K7blXfLJbaIEt"},"_trs":{"__type__":"TypedArray","ctor":"Float64Array","array":[0,0,0,0,0,0,1,1,1,1]}},{"__type__":"cc.Node","_name":"redwater_node","_parent":{"__id__":1},"_prefab":{"__type__":"cc.PrefabInfo","root":{"__id__":1},"asset":{"__uuid__":"a6qI8OUVJKUaCNAwIu+14B"},"fileId":"b2eIW4H6dHIrm6yq6KJ9da"},"_trs":{"__type__":"TypedArray","ctor":"Float64Array","array":[0,0,0,0,0,0,1,1,1,1]}},{"__id__":2},{"__type__":"cc.Node","_name":"gray_node","_parent":{"__id__":1},"_prefab":{"__type__":"cc.PrefabInfo","root":{"__id__":1},"asset":{"__uuid__":"a6qI8OUVJKUaCNAwIu+14B"},"fileId":"c9YwdoYy9BTYE4QW5DEmh+"},"_trs":{"__type__":"TypedArray","ctor":"Float64Array","array":[0,0,0,0,0,0,1,1,1,1]}},{"__id__":3},{"__type__":"cc.Node","_name":"redPos_node","_parent":{"__id__":1},"_prefab":{"__type__":"cc.PrefabInfo","root":{"__id__":1},"asset":{"__uuid__":"a6qI8OUVJKUaCNAwIu+14B"},"fileId":"dberRs2N9CwYdCkAVeK9W0"},"_trs":{"__type__":"TypedArray","ctor":"Float64Array","array":[0,0,0,0,0,0,1,1,1,1]}},{"__type__":"cc.Node","_name":"greenPos_node","_parent":{"__id__":1},"_prefab":{"__type__":"cc.PrefabInfo","root":{"__id__":1},"asset":{"__uuid__":"a6qI8OUVJKUaCNAwIu+14B"},"fileId":"8frj47K45AwKWqz68101bG"},"_trs":{"__type__":"TypedArray","ctor":"Float64Array","array":[0,0,0,0,0,0,1,1,1,1]}},{"__id__":4},{"__id__":9}],"_components":[{"__type__":"cc.Sprite","node":{"__id__":1},"_materials":[{"__uuid__":"ecpdLyjvZBwrvm+cedCcQy"}],"_spriteFrame":{"__uuid__":"d3zEWYkwpCOIQmUT2R8m4t"}},{"__type__":"1100eDGpRlLMYp5CrYQGpcQ","node":{"__id__":1}},{"__type__":"cc.RigidBody","node":{"__id__":1},"_type":0},{"__type__":"cc.PhysicsPolygonCollider","node":{"__id__":1},"points":[{"__type__":"cc.Vec2","x":-471,"y":637},{"__type__":"cc.Vec2","x":-497,"y":-533},{"__type__":"cc.Vec2","x":-181.8,"y":-401.7},{"__type__":"cc.Vec2","x":-274,"y":-235},{"__type__":"cc.Vec2","x":-265,"y":-75},{"__type__":"cc.Vec2","x":-205,"y":57},{"__type__":"cc.Vec2","x":-109,"y":129},{"__type__":"cc.Vec2","x":66,"y":179},{"__type__":"cc.Vec2","x":3,"y":216},{"__type__":"cc.Vec2","x":-198,"y":226},{"__type__":"cc.Vec2","x":-196,"y":589},{"__type__":"cc.Vec2","x":-71,"y":589},{"__type__":"cc.Vec2","x":-72.2,"y":741.3},{"__type__":"cc.Vec2","x":168,"y":739},{"__type__":"cc.Vec2","x":168.7,"y":432.5},{"__type__":"cc.Vec2","x":154.4,"y":420.5},{"__type__":"cc.Vec2","x":-99,"y":420},{"__type__":"cc.Vec2","x":-94.3,"y":336.4},{"__type__":"cc.Vec2","x":-41.3,"y":332},{"__type__":"cc.Vec2","x":135,"y":289.4},{"__type__":"cc.Vec2","x":255.8,"y":224.6},{"__type__":"cc.Vec2","x":286.1,"y":204.6},{"__type__":"cc.Vec2","x":411.5,"y":207.2},{"__type__":"cc.Vec2","x":420.1,"y":193.9},{"__type__":"cc.Vec2","x":423.1,"y":-340.8},{"__type__":"cc.Vec2","x":196,"y":-369},{"__type__":"cc.Vec2","x":-34,"y":-424.8},{"__type__":"cc.Vec2","x":-7.9,"y":-438.1},{"__type__":"cc.Vec2","x":173,"y":-481},{"__type__":"cc.Vec2","x":238,"y":-550},{"__type__":"cc.Vec2","x":235,"y":-623},{"__type__":"cc.Vec2","x":218.7,"y":-673.9},{"__type__":"cc.Vec2","x":167.5,"y":-711.8},{"__type__":"cc.Vec2","x":78.2,"y":-740.3},{"__type__":"cc.Vec2","x":2.3,"y":-735.3},{"__type__":"cc.Vec2","x":-54.2,"y":-698.3},{"__type__":"cc.Vec2","x":-103.4,"y":-634.6},{"__type__":"cc.Vec2","x":-135.8,"y":-520},{"__type__":"cc.Vec2","x":-468.7,"y":-674.4},{"__type__":"cc.Vec2","x":-587.5,"y":-739.2},{"__type__":"cc.Vec2","x":-548,"y":-911},{"__type__":"cc.Vec2","x":541,"y":-857},{"__type__":"cc.Vec2","x":557,"y":287},{"__type__":"cc.Vec2","x":363,"y":782},{"__type__":"cc.Vec2","x":-467,"y":778}]},{"__type__":"cc.PhysicsPolygonCollider","node":{"__id__":1},"points":[{"__type__":"cc.Vec2","x":-109,"y":-64.3},{"__type__":"cc.Vec2","x":-136.1,"y":-131.5},{"__type__":"cc.Vec2","x":-124.7,"y":-206.6},{"__type__":"cc.Vec2","x":-93.2,"y":-249.7},{"__type__":"cc.Vec2","x":-41.1,"y":-271},{"__type__":"cc.Vec2","x":298.1,"y":-228.3},{"__type__":"cc.Vec2","x":299,"y":22.8},{"__type__":"cc.Vec2","x":122,"y":61},{"__type__":"cc.Vec2","x":-28.5,"y":25.2}]}],"_prefab":{"__type__":"cc.PrefabInfo","root":{"__id__":1},"asset":{"__uuid__":"a6qI8OUVJKUaCNAwIu+14B"},"fileId":"0aVCXsT+RFfa1yom9WQyfT"},"_contentSize":{"__type__":"cc.Size","width":937,"height":1560},"_trs":{"__type__":"TypedArray","ctor":"Float64Array","array":[-70,-51.794,0,0,0,0,1,1,1,1]}},{"__type__":"cc.Node","_name":"black_node","_parent":{"__id__":1},"_components":[{"__type__":"6c0e8KZwr5L34azTYX21stu","node":{"__id__":2}}],"_prefab":{"__type__":"cc.PrefabInfo","root":{"__id__":1},"asset":{"__uuid__":"a6qI8OUVJKUaCNAwIu+14B"},"fileId":"132WwPrHdBwpm/MOu92OTD"},"_trs":{"__type__":"TypedArray","ctor":"Float64Array","array":[0,0,0,0,0,0,1,1,1,1]}},{"__type__":"cc.Node","_name":"bulePos_node","_parent":{"__id__":1},"_children":[{"__type__":"cc.Node","_name":"New Node","_parent":{"__id__":3},"_prefab":{"__type__":"cc.PrefabInfo","root":{"__id__":1},"asset":{"__uuid__":"a6qI8OUVJKUaCNAwIu+14B"},"fileId":"0fbJRyFV9CQZN7wjDkYEf4"},"_trs":{"__type__":"TypedArray","ctor":"Float64Array","array":[-34.066,625.735,0,0,0,0,1,1,1,1]}}],"_prefab":{"__type__":"cc.PrefabInfo","root":{"__id__":1},"asset":{"__uuid__":"a6qI8OUVJKUaCNAwIu+14B"},"fileId":"5avcmvKqVOT6mDzyHLfrUQ"},"_trs":{"__type__":"TypedArray","ctor":"Float64Array","array":[0,0,0,0,0,0,1,1,1,1]}},{"__type__":"cc.Node","_name":"zhenNodeTwo","_parent":{"__id__":1},"_children":[{"__id__":5},{"__id__":6},{"__id__":7},{"__id__":8}],"_prefab":{"__type__":"cc.PrefabInfo","root":{"__id__":1},"asset":{"__uuid__":"a6qI8OUVJKUaCNAwIu+14B"},"fileId":"beNISK2WVNIpEaVe5TVCrT"},"_trs":{"__type__":"TypedArray","ctor":"Float64Array","array":[-196.054,357.041,0,0,0,0,1,1,1,1]}},{"__type__":"cc.Node","_name":"huagui","_parent":{"__id__":4},"_components":[{"__type__":"cc.Sprite","node":{"__id__":5},"_materials":[{"__uuid__":"ecpdLyjvZBwrvm+cedCcQy"}],"_spriteFrame":{"__uuid__":"72AklVCzBN/asPCzYF9Gl5"},"_type":2,"_sizeMode":0}],"_prefab":{"__type__":"cc.PrefabInfo","root":{"__id__":1},"asset":{"__uuid__":"a6qI8OUVJKUaCNAwIu+14B"},"fileId":"e9tV+bTbJHiLlJ54vFqGwd"},"_contentSize":{"__type__":"cc.Size","width":52,"height":371.7},"_trs":{"__type__":"TypedArray","ctor":"Float64Array","array":[-18.5,51.083,0,0,0,0,1,0.5,1,0.5]}},{"__type__":"cc.Node","_name":"zhen","_parent":{"__id__":4},"_components":[{"__type__":"cc.Sprite","node":{"__id__":6},"_materials":[{"__uuid__":"ecpdLyjvZBwrvm+cedCcQy"}],"_spriteFrame":{"__uuid__":"14vJwyNH1OspMXFimJtxkW"},"_type":1,"_sizeMode":0},{"__type__":"cc.RigidBody","node":{"__id__":6},"_type":3,"_gravityScale":0,"_fixedRotation":true,"enabledContactListener":true,"bullet":true},{"__type__":"cc.PhysicsPolygonCollider","node":{"__id__":6},"_offset":{"__type__":"cc.Vec2","x":175,"y":2},"points":[{"__type__":"cc.Vec2","x":-319,"y":-58},{"__type__":"cc.Vec2","x":-210,"y":-58},{"__type__":"cc.Vec2","x":-207.8,"y":-22.6},{"__type__":"cc.Vec2","x":-37.7,"y":-22.7},{"__type__":"cc.Vec2","x":-38,"y":24},{"__type__":"cc.Vec2","x":-207.3,"y":24.1},{"__type__":"cc.Vec2","x":-207,"y":52},{"__type__":"cc.Vec2","x":-319,"y":51}]},{"__type__":"1cb3eoIRdhJWZayW7A68Y7j","node":{"__id__":6},"applyUpsensor":true,"applyDownsensor":true}],"_prefab":{"__type__":"cc.PrefabInfo","root":{"__id__":1},"asset":{"__uuid__":"a6qI8OUVJKUaCNAwIu+14B"},"fileId":"1btXpgwM9F6aS9ME3vumHA"},"_contentSize":{"__type__":"cc.Size","width":284,"height":111},"_trs":{"__type__":"TypedArray","ctor":"Float64Array","array":[0,0,0,0,0,0,1,1,1,1]},"_groupIndex":8,"groupIndex":8},{"__type__":"cc.Node","_name":"zhendown","_parent":{"__id__":4},"_components":[{"__type__":"cc.RigidBody","node":{"__id__":7},"_type":0,"_gravityScale":0,"bullet":true}],"_prefab":{"__type__":"cc.PrefabInfo","root":{"__id__":1},"asset":{"__uuid__":"a6qI8OUVJKUaCNAwIu+14B"},"fileId":"5bD2S2IHpP1bYJS94jNXMa"},"_trs":{"__type__":"TypedArray","ctor":"Float64Array","array":[0,-128.506,0,0,0,0,1,1,1,1]}},{"__type__":"cc.Node","_name":"zhenup","_parent":{"__id__":4},"_components":[{"__type__":"cc.RigidBody","node":{"__id__":8},"_type":0,"_gravityScale":0,"bullet":true}],"_prefab":{"__type__":"cc.PrefabInfo","root":{"__id__":1},"asset":{"__uuid__":"a6qI8OUVJKUaCNAwIu+14B"},"fileId":"62ol0GevlNmLQow8nWBgnO"},"_trs":{"__type__":"TypedArray","ctor":"Float64Array","array":[-5,230,0,0,0,0,1,1,1,1]}},{"__type__":"cc.Node","_name":"zhenNodeTwo","_parent":{"__id__":1},"_children":[{"__id__":10},{"__id__":11},{"__id__":12},{"__id__":13}],"_prefab":{"__type__":"cc.PrefabInfo","root":{"__id__":1},"asset":{"__uuid__":"a6qI8OUVJKUaCNAwIu+14B"},"fileId":"3cWaT2rZZJ8K1RHv12a/mO"},"_trs":{"__type__":"TypedArray","ctor":"Float64Array","array":[414.636,-102.427,0,0,0,1,6.123233995736766e-17,1,1,1]},"_eulerAngles":{"__type__":"cc.Vec3","z":180}},{"__type__":"cc.Node","_name":"huagui","_parent":{"__id__":9},"_components":[{"__type__":"cc.Sprite","node":{"__id__":10},"_materials":[{"__uuid__":"ecpdLyjvZBwrvm+cedCcQy"}],"_spriteFrame":{"__uuid__":"72AklVCzBN/asPCzYF9Gl5"},"_type":2,"_sizeMode":0}],"_prefab":{"__type__":"cc.PrefabInfo","root":{"__id__":1},"asset":{"__uuid__":"a6qI8OUVJKUaCNAwIu+14B"},"fileId":"1bqh0eIghP+q34iGhG8ZzE"},"_contentSize":{"__type__":"cc.Size","width":52,"height":552.6},"_trs":{"__type__":"TypedArray","ctor":"Float64Array","array":[-25.272,-32.1,0,0,0,0,1,0.5,1,0.5]}},{"__type__":"cc.Node","_name":"zhen","_parent":{"__id__":9},"_components":[{"__type__":"cc.Sprite","node":{"__id__":11},"_materials":[{"__uuid__":"ecpdLyjvZBwrvm+cedCcQy"}],"_spriteFrame":{"__uuid__":"14vJwyNH1OspMXFimJtxkW"},"_type":1,"_sizeMode":0},{"__type__":"cc.RigidBody","node":{"__id__":11},"_type":3,"_gravityScale":0,"_fixedRotation":true,"enabledContactListener":true,"bullet":true},{"__type__":"cc.PhysicsPolygonCollider","node":{"__id__":11},"_offset":{"__type__":"cc.Vec2","x":175,"y":2},"points":[{"__type__":"cc.Vec2","x":-319,"y":-58},{"__type__":"cc.Vec2","x":-210,"y":-58},{"__type__":"cc.Vec2","x":-208.5,"y":-24.6},{"__type__":"cc.Vec2","x":-39.4,"y":-25.7},{"__type__":"cc.Vec2","x":-40.3,"y":20.6},{"__type__":"cc.Vec2","x":-207.6,"y":21.8},{"__type__":"cc.Vec2","x":-207,"y":52},{"__type__":"cc.Vec2","x":-319,"y":51}]},{"__type__":"1cb3eoIRdhJWZayW7A68Y7j","node":{"__id__":11},"applyUpsensor":true,"applyDownsensor":true}],"_prefab":{"__type__":"cc.PrefabInfo","root":{"__id__":1},"asset":{"__uuid__":"a6qI8OUVJKUaCNAwIu+14B"},"fileId":"12iSswoUtJALv56ZErxVSA"},"_contentSize":{"__type__":"cc.Size","width":284,"height":111},"_trs":{"__type__":"TypedArray","ctor":"Float64Array","array":[0,0,0,0,0,0,1,1,1,1]},"_groupIndex":8,"groupIndex":8},{"__type__":"cc.Node","_name":"zhendown","_parent":{"__id__":9},"_components":[{"__type__":"cc.RigidBody","node":{"__id__":12},"_type":0,"_gravityScale":0,"bullet":true}],"_prefab":{"__type__":"cc.PrefabInfo","root":{"__id__":1},"asset":{"__uuid__":"a6qI8OUVJKUaCNAwIu+14B"},"fileId":"b3L6q5f4hLIYRsJ1S4J5G2"},"_trs":{"__type__":"TypedArray","ctor":"Float64Array","array":[0,-306,0,0,0,0,1,1,1,1]}},{"__type__":"cc.Node","_name":"zhenup","_parent":{"__id__":9},"_components":[{"__type__":"cc.RigidBody","node":{"__id__":13},"_type":0,"_gravityScale":0,"bullet":true}],"_prefab":{"__type__":"cc.PrefabInfo","root":{"__id__":1},"asset":{"__uuid__":"a6qI8OUVJKUaCNAwIu+14B"},"fileId":"e2tgzrvE9HMa0fRrbcxlW5"},"_trs":{"__type__":"TypedArray","ctor":"Float64Array","array":[0,234,0,0,0,0,1,1,1,1]}}],{"__type__":"cc.SpriteFrame","content":{"name":"guanqia17","texture":"91Xno9sQZAtY+0UoxKqDu4","rect":[0,1,937,1560],"offset":[-0.5,0],"originalSize":[938,1562],"capInsets":[0,0,0,0]}}]