[[{"__type__":"cc.Prefab","_name":"UIDerived98","data":{"__id__":1}},{"__type__":"cc.Node","_name":"UIDerived98","_children":[{"__type__":"cc.Node","_name":"bule_node","_parent":{"__id__":1},"_prefab":{"__type__":"cc.PrefabInfo","root":{"__id__":1},"asset":{"__uuid__":"26ZgLtUA9LQruLPJaWyR1J"},"fileId":"aaVqbj+shIgrcUKHiNfnuC"},"_trs":{"__type__":"TypedArray","ctor":"Float64Array","array":[0,0,0,0,0,0,1,1,1,1]}},{"__type__":"cc.Node","_name":"greenwater_node","_parent":{"__id__":1},"_prefab":{"__type__":"cc.PrefabInfo","root":{"__id__":1},"asset":{"__uuid__":"26ZgLtUA9LQruLPJaWyR1J"},"fileId":"b2d3fv+txBFIFDCBV/nQYG"},"_trs":{"__type__":"TypedArray","ctor":"Float64Array","array":[0,0,0,0,0,0,1,1,1,1]}},{"__type__":"cc.Node","_name":"redwater_node","_parent":{"__id__":1},"_prefab":{"__type__":"cc.PrefabInfo","root":{"__id__":1},"asset":{"__uuid__":"26ZgLtUA9LQruLPJaWyR1J"},"fileId":"86sSfUBdpLhKqMXN0t1j51"},"_trs":{"__type__":"TypedArray","ctor":"Float64Array","array":[0,0,0,0,0,0,1,1,1,1]}},{"__id__":2},{"__id__":3},{"__id__":4},{"__type__":"cc.Node","_name":"redPos_node","_parent":{"__id__":1},"_prefab":{"__type__":"cc.PrefabInfo","root":{"__id__":1},"asset":{"__uuid__":"26ZgLtUA9LQruLPJaWyR1J"},"fileId":"cf3CmNVFJFi7QUt8c+YqEm"},"_trs":{"__type__":"TypedArray","ctor":"Float64Array","array":[-127.033,-369.552,0,0,0,0,1,1,1,1]}},{"__type__":"cc.Node","_name":"greenPos_node","_parent":{"__id__":1},"_prefab":{"__type__":"cc.PrefabInfo","root":{"__id__":1},"asset":{"__uuid__":"26ZgLtUA9LQruLPJaWyR1J"},"fileId":"dcZEJi6StJQIzDA4i31FP/"},"_trs":{"__type__":"TypedArray","ctor":"Float64Array","array":[0,0,0,0,0,0,1,1,1,1]}},{"__id__":5},{"__id__":7},{"__id__":9},{"__id__":11},{"__type__":"cc.Node","_name":"player","_parent":{"__id__":1},"_prefab":{"__type__":"cc.PrefabInfo","root":{"__id__":1},"asset":{"__uuid__":"26ZgLtUA9LQruLPJaWyR1J"},"fileId":"f8BICTMA1NTqnZX1PQRiws"},"_trs":{"__type__":"TypedArray","ctor":"Float64Array","array":[-158.097,-477.642,0,0,0,0,1,-0.7,0.7,1]}}],"_components":[{"__type__":"cc.Sprite","node":{"__id__":1},"_materials":[{"__uuid__":"ecpdLyjvZBwrvm+cedCcQy"}],"_spriteFrame":{"__uuid__":"edfF8Ny/tGKbkEIodYqpeU"}},{"__type__":"1100eDGpRlLMYp5CrYQGpcQ","node":{"__id__":1}},{"__type__":"cc.RigidBody","node":{"__id__":1},"_type":0},{"__type__":"cc.PhysicsPolygonCollider","node":{"__id__":1},"_offset":{"__type__":"cc.Vec2","x":-278,"y":-702},"points":[{"__type__":"cc.Vec2","x":-50,"y":-50},{"__type__":"cc.Vec2","x":610,"y":-50},{"__type__":"cc.Vec2","x":606,"y":1449},{"__type__":"cc.Vec2","x":-23.4,"y":1453.3},{"__type__":"cc.Vec2","x":361.6,"y":1408.3},{"__type__":"cc.Vec2","x":565,"y":1408},{"__type__":"cc.Vec2","x":565.8,"y":864.7},{"__type__":"cc.Vec2","x":547,"y":807.8},{"__type__":"cc.Vec2","x":509.8,"y":782.1},{"__type__":"cc.Vec2","x":449,"y":769.7},{"__type__":"cc.Vec2","x":367.6,"y":767.8},{"__type__":"cc.Vec2","x":314.2,"y":788.1},{"__type__":"cc.Vec2","x":301.5,"y":829.2},{"__type__":"cc.Vec2","x":298.1,"y":975},{"__type__":"cc.Vec2","x":279.9,"y":995.1},{"__type__":"cc.Vec2","x":243.3,"y":993.2},{"__type__":"cc.Vec2","x":197.8,"y":975.5},{"__type__":"cc.Vec2","x":140.3,"y":918.2},{"__type__":"cc.Vec2","x":149.4,"y":642.2},{"__type__":"cc.Vec2","x":169.5,"y":593.5},{"__type__":"cc.Vec2","x":201.7,"y":557.7},{"__type__":"cc.Vec2","x":241.3,"y":545.9},{"__type__":"cc.Vec2","x":407.4,"y":543.7},{"__type__":"cc.Vec2","x":491.4,"y":532.6},{"__type__":"cc.Vec2","x":537.1,"y":507.7},{"__type__":"cc.Vec2","x":555.6,"y":479},{"__type__":"cc.Vec2","x":556,"y":89},{"__type__":"cc.Vec2","x":544.3,"y":27.3},{"__type__":"cc.Vec2","x":525.6,"y":4.5},{"__type__":"cc.Vec2","x":499.5,"y":-7.6},{"__type__":"cc.Vec2","x":475,"y":-6.8},{"__type__":"cc.Vec2","x":446.9,"y":3.8},{"__type__":"cc.Vec2","x":428,"y":45},{"__type__":"cc.Vec2","x":421.6,"y":86.2},{"__type__":"cc.Vec2","x":410.9,"y":252.4},{"__type__":"cc.Vec2","x":404.1,"y":273.1},{"__type__":"cc.Vec2","x":380,"y":296.8},{"__type__":"cc.Vec2","x":342.2,"y":320.2},{"__type__":"cc.Vec2","x":289.3,"y":339.7},{"__type__":"cc.Vec2","x":264.1,"y":316.8},{"__type__":"cc.Vec2","x":263.5,"y":257.3},{"__type__":"cc.Vec2","x":266.6,"y":220.4},{"__type__":"cc.Vec2","x":265.5,"y":194.3},{"__type__":"cc.Vec2","x":257.2,"y":162.8},{"__type__":"cc.Vec2","x":241.1,"y":138.4},{"__type__":"cc.Vec2","x":200.7,"y":116.6},{"__type__":"cc.Vec2","x":154,"y":105.1},{"__type__":"cc.Vec2","x":108.1,"y":105.6},{"__type__":"cc.Vec2","x":67.6,"y":114.9},{"__type__":"cc.Vec2","x":26.7,"y":137.6},{"__type__":"cc.Vec2","x":9.8,"y":162},{"__type__":"cc.Vec2","x":0.7,"y":190.5},{"__type__":"cc.Vec2","x":-8,"y":1129},{"__type__":"cc.Vec2","x":-8.1,"y":1129.4},{"__type__":"cc.Vec2","x":-4.3,"y":1176.7},{"__type__":"cc.Vec2","x":10.7,"y":1220.4},{"__type__":"cc.Vec2","x":32.2,"y":1252},{"__type__":"cc.Vec2","x":60.9,"y":1265.3},{"__type__":"cc.Vec2","x":326.7,"y":1265.8},{"__type__":"cc.Vec2","x":366,"y":1301.3},{"__type__":"cc.Vec2","x":364.7,"y":1406.8},{"__type__":"cc.Vec2","x":-49,"y":1453}]}],"_prefab":{"__type__":"cc.PrefabInfo","root":{"__id__":1},"asset":{"__uuid__":"26ZgLtUA9LQruLPJaWyR1J"},"fileId":"a9jop4dQRBWouAtICr/N2V"},"_contentSize":{"__type__":"cc.Size","width":658,"height":1502},"_trs":{"__type__":"TypedArray","ctor":"Float64Array","array":[48.746,0,0,0,0,0,1,1,1,1]}},{"__type__":"cc.Node","_name":"black_node","_parent":{"__id__":1},"_components":[{"__type__":"6c0e8KZwr5L34azTYX21stu","node":{"__id__":2}}],"_prefab":{"__type__":"cc.PrefabInfo","root":{"__id__":1},"asset":{"__uuid__":"26ZgLtUA9LQruLPJaWyR1J"},"fileId":"11RQIzTdlKgJJlikpMgalZ"},"_trs":{"__type__":"TypedArray","ctor":"Float64Array","array":[0,0,0,0,0,0,1,1,1,1]}},{"__type__":"cc.Node","_name":"gray_node","_parent":{"__id__":1},"_components":[{"__type__":"3400dF2d2tHLK8+En9baGXY","node":{"__id__":3},"grey_prefab":{"__uuid__":"13FEeEL1NMaK5TFGpFQpJr"}}],"_prefab":{"__type__":"cc.PrefabInfo","root":{"__id__":1},"asset":{"__uuid__":"26ZgLtUA9LQruLPJaWyR1J"},"fileId":"4d5EfGSwJK8KRjd+OMkRka"},"_trs":{"__type__":"TypedArray","ctor":"Float64Array","array":[0,0,0,0,0,0,1,1,1,1]}},{"__type__":"cc.Node","_name":"bulePos_node","_parent":{"__id__":1},"_children":[{"__type__":"cc.Node","_name":"New Node","_parent":{"__id__":4},"_prefab":{"__type__":"cc.PrefabInfo","root":{"__id__":1},"asset":{"__uuid__":"26ZgLtUA9LQruLPJaWyR1J"},"fileId":"dcKoInWkFCiqsKKKbmbJaO"},"_trs":{"__type__":"TypedArray","ctor":"Float64Array","array":[121.259,473.488,0,0,0,0,1,1,1,1]}}],"_prefab":{"__type__":"cc.PrefabInfo","root":{"__id__":1},"asset":{"__uuid__":"26ZgLtUA9LQruLPJaWyR1J"},"fileId":"09tMi+X5hERod/SagbLizq"},"_trs":{"__type__":"TypedArray","ctor":"Float64Array","array":[0,0,0,0,0,0,1,1,1,1]}},{"__type__":"cc.Node","_name":"zhenNode","_parent":{"__id__":1},"_children":[{"__id__":6}],"_prefab":{"__type__":"cc.PrefabInfo","root":{"__id__":1},"asset":{"__uuid__":"26ZgLtUA9LQruLPJaWyR1J"},"fileId":"52F/S8wONII5yXMgmSr4KK"},"_trs":{"__type__":"TypedArray","ctor":"Float64Array","array":[402.005,435.883,0,0,0,0.17364817766693033,0.984807753012208,1,1,1]},"_eulerAngles":{"__type__":"cc.Vec3","z":20},"_groupIndex":8,"groupIndex":8},{"__type__":"cc.Node","_name":"zhen","_parent":{"__id__":5},"_components":[{"__type__":"cc.Sprite","node":{"__id__":6},"_materials":[{"__uuid__":"ecpdLyjvZBwrvm+cedCcQy"}],"_spriteFrame":{"__uuid__":"81u1O4l2lM2IGXbUA/0aw7"},"_type":1,"_sizeMode":0},{"__type__":"cc.RigidBody","node":{"__id__":6},"_type":3,"_allowSleep":false,"_gravityScale":0,"_fixedRotation":true,"enabledContactListener":true,"bullet":true},{"__type__":"cc.PhysicsPolygonCollider","node":{"__id__":6},"tag":222,"_offset":{"__type__":"cc.Vec2","x":-11},"points":[{"__type__":"cc.Vec2","x":-77.3,"y":-54.8},{"__type__":"cc.Vec2","x":10.1,"y":-55.2},{"__type__":"cc.Vec2","x":9.3,"y":55.7},{"__type__":"cc.Vec2","x":-78.5,"y":57.6},{"__type__":"cc.Vec2","x":-102.2,"y":26.9},{"__type__":"cc.Vec2","x":-940,"y":28},{"__type__":"cc.Vec2","x":-937,"y":-20},{"__type__":"cc.Vec2","x":-104.2,"y":-18.6}]},{"__type__":"72555Q9muRD1505Zi2fOOxm","node":{"__id__":6},"linevelocityX":500}],"_prefab":{"__type__":"cc.PrefabInfo","root":{"__id__":1},"asset":{"__uuid__":"26ZgLtUA9LQruLPJaWyR1J"},"fileId":"68NgU5MKBHZo2zN7/l8qU5"},"_contentSize":{"__type__":"cc.Size","width":950,"height":111},"_anchorPoint":{"__type__":"cc.Vec2","x":1,"y":0.5},"_trs":{"__type__":"TypedArray","ctor":"Float64Array","array":[0,0,0,0,0,0,1,0.8,0.8,0.8]},"_groupIndex":8,"groupIndex":8},{"__type__":"cc.Node","_name":"zhenNode","_parent":{"__id__":1},"_children":[{"__id__":8}],"_prefab":{"__type__":"cc.PrefabInfo","root":{"__id__":1},"asset":{"__uuid__":"26ZgLtUA9LQruLPJaWyR1J"},"fileId":"22OH6ImY1P9JRYxmoU+RWx"},"_trs":{"__type__":"TypedArray","ctor":"Float64Array","array":[-141.223,688.523,0,0,0,0.8191520442889918,0.573576436351046,1,1,1]},"_eulerAngles":{"__type__":"cc.Vec3","z":110},"_groupIndex":8,"groupIndex":8},{"__type__":"cc.Node","_name":"zhen","_parent":{"__id__":7},"_components":[{"__type__":"cc.Sprite","node":{"__id__":8},"_materials":[{"__uuid__":"ecpdLyjvZBwrvm+cedCcQy"}],"_spriteFrame":{"__uuid__":"81u1O4l2lM2IGXbUA/0aw7"},"_type":1,"_sizeMode":0},{"__type__":"cc.RigidBody","node":{"__id__":8},"_type":3,"_allowSleep":false,"_gravityScale":0,"_fixedRotation":true,"enabledContactListener":true,"bullet":true},{"__type__":"cc.PhysicsPolygonCollider","node":{"__id__":8},"tag":222,"_offset":{"__type__":"cc.Vec2","x":-11},"points":[{"__type__":"cc.Vec2","x":-77.3,"y":-54.8},{"__type__":"cc.Vec2","x":10.1,"y":-55.2},{"__type__":"cc.Vec2","x":9.3,"y":55.7},{"__type__":"cc.Vec2","x":-78.5,"y":57.6},{"__type__":"cc.Vec2","x":-102.2,"y":26.9},{"__type__":"cc.Vec2","x":-488.6,"y":27.4},{"__type__":"cc.Vec2","x":-487.8,"y":-19},{"__type__":"cc.Vec2","x":-104.2,"y":-18.6}]},{"__type__":"72555Q9muRD1505Zi2fOOxm","node":{"__id__":8},"linevelocityX":500}],"_prefab":{"__type__":"cc.PrefabInfo","root":{"__id__":1},"asset":{"__uuid__":"26ZgLtUA9LQruLPJaWyR1J"},"fileId":"a06B96Hv9Ix4rUJBEPSBaO"},"_contentSize":{"__type__":"cc.Size","width":500,"height":111},"_anchorPoint":{"__type__":"cc.Vec2","x":1,"y":0.5},"_trs":{"__type__":"TypedArray","ctor":"Float64Array","array":[0,0,0,0,0,0,1,0.8,0.8,0.8]},"_groupIndex":8,"groupIndex":8},{"__type__":"cc.Node","_name":"zhenNode","_parent":{"__id__":1},"_children":[{"__id__":10}],"_prefab":{"__type__":"cc.PrefabInfo","root":{"__id__":1},"asset":{"__uuid__":"26ZgLtUA9LQruLPJaWyR1J"},"fileId":"aa7iW+N4xKWp8NzeyKdpwf"},"_trs":{"__type__":"TypedArray","ctor":"Float64Array","array":[-427.591,-155.18,0,0,0,0.9762960071199334,0.2164396139381029,1,1,1]},"_eulerAngles":{"__type__":"cc.Vec3","z":155},"_groupIndex":8,"groupIndex":8},{"__type__":"cc.Node","_name":"zhen","_parent":{"__id__":9},"_components":[{"__type__":"cc.Sprite","node":{"__id__":10},"_materials":[{"__uuid__":"ecpdLyjvZBwrvm+cedCcQy"}],"_spriteFrame":{"__uuid__":"81u1O4l2lM2IGXbUA/0aw7"},"_type":1,"_sizeMode":0},{"__type__":"cc.RigidBody","node":{"__id__":10},"_type":3,"_allowSleep":false,"_gravityScale":0,"_fixedRotation":true,"enabledContactListener":true,"bullet":true},{"__type__":"cc.PhysicsPolygonCollider","node":{"__id__":10},"tag":222,"_offset":{"__type__":"cc.Vec2","x":-11},"points":[{"__type__":"cc.Vec2","x":-77.3,"y":-54.8},{"__type__":"cc.Vec2","x":10.1,"y":-55.2},{"__type__":"cc.Vec2","x":9.3,"y":55.7},{"__type__":"cc.Vec2","x":-78.5,"y":57.6},{"__type__":"cc.Vec2","x":-102.2,"y":26.9},{"__type__":"cc.Vec2","x":-1088,"y":23},{"__type__":"cc.Vec2","x":-1090,"y":-27},{"__type__":"cc.Vec2","x":-101,"y":-31}]},{"__type__":"72555Q9muRD1505Zi2fOOxm","node":{"__id__":10},"linevelocityX":500}],"_prefab":{"__type__":"cc.PrefabInfo","root":{"__id__":1},"asset":{"__uuid__":"26ZgLtUA9LQruLPJaWyR1J"},"fileId":"3apnHJIxpPXoI+mYbqmtLK"},"_contentSize":{"__type__":"cc.Size","width":1100,"height":111},"_anchorPoint":{"__type__":"cc.Vec2","x":1,"y":0.5},"_trs":{"__type__":"TypedArray","ctor":"Float64Array","array":[0,0,0,0,0,0,1,0.8,0.8,0.8]},"_groupIndex":8,"groupIndex":8},{"__type__":"cc.Node","_name":"zhenNode","_parent":{"__id__":1},"_children":[{"__id__":12}],"_prefab":{"__type__":"cc.PrefabInfo","root":{"__id__":1},"asset":{"__uuid__":"26ZgLtUA9LQruLPJaWyR1J"},"fileId":"0bZPCmpidBhp78uT6ehLD6"},"_trs":{"__type__":"TypedArray","ctor":"Float64Array","array":[129.957,-39.075,0,0,0,0.5372996083468239,0.8433914458128857,1,1,1]},"_eulerAngles":{"__type__":"cc.Vec3","z":65},"_groupIndex":8,"groupIndex":8},{"__type__":"cc.Node","_name":"zhen","_parent":{"__id__":11},"_components":[{"__type__":"cc.Sprite","node":{"__id__":12},"_materials":[{"__uuid__":"ecpdLyjvZBwrvm+cedCcQy"}],"_spriteFrame":{"__uuid__":"81u1O4l2lM2IGXbUA/0aw7"},"_type":1,"_sizeMode":0},{"__type__":"cc.RigidBody","node":{"__id__":12},"_type":3,"_allowSleep":false,"_gravityScale":0,"_fixedRotation":true,"enabledContactListener":true,"bullet":true},{"__type__":"cc.PhysicsPolygonCollider","node":{"__id__":12},"tag":222,"_offset":{"__type__":"cc.Vec2","x":-11},"points":[{"__type__":"cc.Vec2","x":-77.3,"y":-54.8},{"__type__":"cc.Vec2","x":10.1,"y":-55.2},{"__type__":"cc.Vec2","x":9.3,"y":55.7},{"__type__":"cc.Vec2","x":-78.5,"y":57.6},{"__type__":"cc.Vec2","x":-102.2,"y":26.9},{"__type__":"cc.Vec2","x":-388,"y":27.3},{"__type__":"cc.Vec2","x":-388.5,"y":-18.9},{"__type__":"cc.Vec2","x":-104.2,"y":-18.6}]},{"__type__":"72555Q9muRD1505Zi2fOOxm","node":{"__id__":12},"linevelocityX":500}],"_prefab":{"__type__":"cc.PrefabInfo","root":{"__id__":1},"asset":{"__uuid__":"26ZgLtUA9LQruLPJaWyR1J"},"fileId":"daMgaSgtpHAag8moApaaXL"},"_contentSize":{"__type__":"cc.Size","width":400,"height":111},"_anchorPoint":{"__type__":"cc.Vec2","x":1,"y":0.5},"_trs":{"__type__":"TypedArray","ctor":"Float64Array","array":[0,0,0,0,0,0,1,0.8,0.8,0.8]},"_groupIndex":8,"groupIndex":8}],{"__type__":"cc.SpriteFrame","content":{"name":"guanqia118","texture":"70CVM3hfZK5Ieodh5JTCGe","rect":[0,0,658,1502],"offset":[0,0],"originalSize":[658,1502],"capInsets":[0,0,0,0]}}]