[[{"__type__":"cc.Prefab","_name":"UIDerived53","data":{"__id__":1}},{"__type__":"cc.Node","_name":"UIDerived41","_children":[{"__type__":"cc.Node","_name":"player","_parent":{"__id__":1},"_prefab":{"__type__":"cc.PrefabInfo","root":{"__id__":1},"asset":{"__uuid__":"3c4lja+HZHtqPrJrXS3kKg"},"fileId":"97VxxGA3hEwo9pTdcQXsG/"},"_contentSize":{"__type__":"cc.Size","width":240,"height":140},"_trs":{"__type__":"TypedArray","ctor":"Float64Array","array":[-212.053,-601.156,0,0,0,0,1,-0.7,0.7,1]}},{"__type__":"cc.Node","_name":"bule_node","_parent":{"__id__":1},"_prefab":{"__type__":"cc.PrefabInfo","root":{"__id__":1},"asset":{"__uuid__":"3c4lja+HZHtqPrJrXS3kKg"},"fileId":"e9EvC7tuJMbI1Frb2oZLLh"},"_trs":{"__type__":"TypedArray","ctor":"Float64Array","array":[0,0,0,0,0,0,1,1,1,1]}},{"__type__":"cc.Node","_name":"greenwater_node","_parent":{"__id__":1},"_prefab":{"__type__":"cc.PrefabInfo","root":{"__id__":1},"asset":{"__uuid__":"3c4lja+HZHtqPrJrXS3kKg"},"fileId":"e9datPBtNBf5uonw7ArDdL"},"_trs":{"__type__":"TypedArray","ctor":"Float64Array","array":[0,0,0,0,0,0,1,1,1,1]}},{"__type__":"cc.Node","_name":"redwater_node","_parent":{"__id__":1},"_prefab":{"__type__":"cc.PrefabInfo","root":{"__id__":1},"asset":{"__uuid__":"3c4lja+HZHtqPrJrXS3kKg"},"fileId":"0fwE24zbhL7LYZMKGG/SkE"},"_trs":{"__type__":"TypedArray","ctor":"Float64Array","array":[0,0,0,0,0,0,1,1,1,1]}},{"__id__":2},{"__id__":3},{"__id__":4},{"__id__":5},{"__type__":"cc.Node","_name":"greenPos_node","_parent":{"__id__":1},"_prefab":{"__type__":"cc.PrefabInfo","root":{"__id__":1},"asset":{"__uuid__":"3c4lja+HZHtqPrJrXS3kKg"},"fileId":"56tPO3eyNMw7viMBHoHk4f"},"_trs":{"__type__":"TypedArray","ctor":"Float64Array","array":[0,0,0,0,0,0,1,1,1,1]}},{"__id__":6},{"__id__":9},{"__id__":12},{"__id__":15}],"_components":[{"__type__":"cc.Sprite","node":{"__id__":1},"_materials":[{"__uuid__":"ecpdLyjvZBwrvm+cedCcQy"}],"_spriteFrame":{"__uuid__":"54LThvU6dOlpbX86WeprCp"}},{"__type__":"1100eDGpRlLMYp5CrYQGpcQ","node":{"__id__":1}},{"__type__":"cc.RigidBody","node":{"__id__":1},"_type":0},{"__type__":"cc.PhysicsPolygonCollider","node":{"__id__":1},"_offset":{"__type__":"cc.Vec2","x":-236,"y":687},"points":[{"__type__":"cc.Vec2","x":-200,"y":-1434},{"__type__":"cc.Vec2","x":679,"y":-1434},{"__type__":"cc.Vec2","x":686,"y":56},{"__type__":"cc.Vec2","x":452.9,"y":13.9},{"__type__":"cc.Vec2","x":448.4,"y":-139.8},{"__type__":"cc.Vec2","x":290,"y":-188.5},{"__type__":"cc.Vec2","x":272.4,"y":-205.7},{"__type__":"cc.Vec2","x":270,"y":-251.7},{"__type__":"cc.Vec2","x":278.4,"y":-273.9},{"__type__":"cc.Vec2","x":446.1,"y":-329.8},{"__type__":"cc.Vec2","x":444.9,"y":-427.8},{"__type__":"cc.Vec2","x":300,"y":-475.3},{"__type__":"cc.Vec2","x":274.9,"y":-492.9},{"__type__":"cc.Vec2","x":267.4,"y":-526.8},{"__type__":"cc.Vec2","x":272.2,"y":-580.4},{"__type__":"cc.Vec2","x":282.5,"y":-627.7},{"__type__":"cc.Vec2","x":299.6,"y":-653.9},{"__type__":"cc.Vec2","x":377.1,"y":-691.1},{"__type__":"cc.Vec2","x":563.2,"y":-714.8},{"__type__":"cc.Vec2","x":607.1,"y":-738.2},{"__type__":"cc.Vec2","x":632.2,"y":-797.2},{"__type__":"cc.Vec2","x":633.6,"y":-854.7},{"__type__":"cc.Vec2","x":616.5,"y":-915.4},{"__type__":"cc.Vec2","x":532.6,"y":-980.8},{"__type__":"cc.Vec2","x":450.8,"y":-1017.7},{"__type__":"cc.Vec2","x":355.9,"y":-1040},{"__type__":"cc.Vec2","x":347.1,"y":-1084.7},{"__type__":"cc.Vec2","x":371.6,"y":-1109.4},{"__type__":"cc.Vec2","x":474.2,"y":-1117.2},{"__type__":"cc.Vec2","x":538.3,"y":-1139.5},{"__type__":"cc.Vec2","x":584.3,"y":-1191.1},{"__type__":"cc.Vec2","x":593.9,"y":-1261.5},{"__type__":"cc.Vec2","x":568.8,"y":-1311.5},{"__type__":"cc.Vec2","x":520.5,"y":-1342.9},{"__type__":"cc.Vec2","x":442.9,"y":-1371.1},{"__type__":"cc.Vec2","x":329.5,"y":-1358.3},{"__type__":"cc.Vec2","x":284.4,"y":-1320.6},{"__type__":"cc.Vec2","x":247.4,"y":-1242.7},{"__type__":"cc.Vec2","x":239.9,"y":-1140.3},{"__type__":"cc.Vec2","x":257.2,"y":-1059.3},{"__type__":"cc.Vec2","x":255.5,"y":-1029.8},{"__type__":"cc.Vec2","x":227,"y":-1010.1},{"__type__":"cc.Vec2","x":185.4,"y":-1030.4},{"__type__":"cc.Vec2","x":166,"y":-1098},{"__type__":"cc.Vec2","x":166,"y":-1209},{"__type__":"cc.Vec2","x":179.8,"y":-1309.5},{"__type__":"cc.Vec2","x":168.8,"y":-1351.4},{"__type__":"cc.Vec2","x":98.6,"y":-1385.7},{"__type__":"cc.Vec2","x":-29.8,"y":-1389.6},{"__type__":"cc.Vec2","x":-102.1,"y":-1364.4},{"__type__":"cc.Vec2","x":-151.1,"y":-1308.5},{"__type__":"cc.Vec2","x":-165,"y":-1250},{"__type__":"cc.Vec2","x":-150,"y":-1180},{"__type__":"cc.Vec2","x":-44.3,"y":-1072.2},{"__type__":"cc.Vec2","x":95,"y":-959},{"__type__":"cc.Vec2","x":210,"y":-889},{"__type__":"cc.Vec2","x":325,"y":-877},{"__type__":"cc.Vec2","x":490,"y":-872},{"__type__":"cc.Vec2","x":533.3,"y":-849.3},{"__type__":"cc.Vec2","x":521,"y":-806},{"__type__":"cc.Vec2","x":315.8,"y":-782.5},{"__type__":"cc.Vec2","x":223.3,"y":-749.2},{"__type__":"cc.Vec2","x":185.4,"y":-700.2},{"__type__":"cc.Vec2","x":168.7,"y":-647},{"__type__":"cc.Vec2","x":167.6,"y":-498.5},{"__type__":"cc.Vec2","x":146.1,"y":-476.2},{"__type__":"cc.Vec2","x":-14,"y":-439.8},{"__type__":"cc.Vec2","x":-14.1,"y":-328.1},{"__type__":"cc.Vec2","x":159.2,"y":-269.2},{"__type__":"cc.Vec2","x":170.6,"y":-211.4},{"__type__":"cc.Vec2","x":153.9,"y":-184.9},{"__type__":"cc.Vec2","x":-15,"y":-139},{"__type__":"cc.Vec2","x":-10.5,"y":15.5},{"__type__":"cc.Vec2","x":451.6,"y":15.6},{"__type__":"cc.Vec2","x":684.8,"y":57},{"__type__":"cc.Vec2","x":-200,"y":58}]}],"_prefab":{"__type__":"cc.PrefabInfo","root":{"__id__":1},"asset":{"__uuid__":"3c4lja+HZHtqPrJrXS3kKg"},"fileId":"9fEQM9aCRIsp/iUGIz27Pq"},"_contentSize":{"__type__":"cc.Size","width":880,"height":1488},"_trs":{"__type__":"TypedArray","ctor":"Float64Array","array":[0,2.694,0,0,0,0,1,1,1,1]}},{"__type__":"cc.Node","_name":"black_node","_parent":{"__id__":1},"_components":[{"__type__":"6c0e8KZwr5L34azTYX21stu","node":{"__id__":2}}],"_prefab":{"__type__":"cc.PrefabInfo","root":{"__id__":1},"asset":{"__uuid__":"3c4lja+HZHtqPrJrXS3kKg"},"fileId":"65xruOA7VIg5vpIEpeZOtr"},"_trs":{"__type__":"TypedArray","ctor":"Float64Array","array":[0,0,0,0,0,0,1,1,1,1]}},{"__type__":"cc.Node","_name":"gray_node","_parent":{"__id__":1},"_components":[{"__type__":"3400dF2d2tHLK8+En9baGXY","node":{"__id__":3},"grey_prefab":{"__uuid__":"13FEeEL1NMaK5TFGpFQpJr"}}],"_prefab":{"__type__":"cc.PrefabInfo","root":{"__id__":1},"asset":{"__uuid__":"3c4lja+HZHtqPrJrXS3kKg"},"fileId":"75T4iU3mVFfqPujxjOSCwt"},"_trs":{"__type__":"TypedArray","ctor":"Float64Array","array":[0,0,0,0,0,0,1,1,1,1]}},{"__type__":"cc.Node","_name":"bulePos_node","_parent":{"__id__":1},"_children":[{"__type__":"cc.Node","_name":"New Node","_parent":{"__id__":4},"_prefab":{"__type__":"cc.PrefabInfo","root":{"__id__":1},"asset":{"__uuid__":"3c4lja+HZHtqPrJrXS3kKg"},"fileId":"82MQGVBLZH7b1FMH1yscYD"},"_trs":{"__type__":"TypedArray","ctor":"Float64Array","array":[-24.913,609.472,0,0,0,0,1,1,1,1]}}],"_prefab":{"__type__":"cc.PrefabInfo","root":{"__id__":1},"asset":{"__uuid__":"3c4lja+HZHtqPrJrXS3kKg"},"fileId":"57NpjHeGBCjLXQIPzSFZq5"},"_trs":{"__type__":"TypedArray","ctor":"Float64Array","array":[0,0,0,0,0,0,1,1,1,1]}},{"__type__":"cc.Node","_name":"redPos_node","_parent":{"__id__":1},"_children":[{"__type__":"cc.Node","_name":"New Node","_parent":{"__id__":5},"_prefab":{"__type__":"cc.PrefabInfo","root":{"__id__":1},"asset":{"__uuid__":"3c4lja+HZHtqPrJrXS3kKg"},"fileId":"c1R6gnrCZFI46ArNznJ+SI"},"_trs":{"__type__":"TypedArray","ctor":"Float64Array","array":[-20.885,303.175,0,0,0,0,1,1,1,1]}}],"_prefab":{"__type__":"cc.PrefabInfo","root":{"__id__":1},"asset":{"__uuid__":"3c4lja+HZHtqPrJrXS3kKg"},"fileId":"f8zCSW4XdDroi/yRHJbAR3"},"_trs":{"__type__":"TypedArray","ctor":"Float64Array","array":[0,0,0,0,0,0,1,1,1,1]}},{"__type__":"cc.Node","_name":"MoveProp","_parent":{"__id__":1},"_children":[{"__id__":7},{"__id__":8}],"_prefab":{"__type__":"cc.PrefabInfo","root":{"__id__":1},"asset":{"__uuid__":"3c4lja+HZHtqPrJrXS3kKg"},"fileId":"76Z6+NAqNLlZFuAEFlHIKC"},"_trs":{"__type__":"TypedArray","ctor":"Float64Array","array":[0,466,0,0,0,0,1,1,1,1]}},{"__type__":"cc.Node","_name":"Bar","_parent":{"__id__":6},"_components":[{"__type__":"cc.Sprite","node":{"__id__":7},"_materials":[{"__uuid__":"ecpdLyjvZBwrvm+cedCcQy"}],"_spriteFrame":{"__uuid__":"36nyDwRspBQpKV3/57IicC"},"_type":1},{"__type__":"cc.RigidBody","node":{"__id__":7},"_type":0},{"__type__":"cc.PhysicsPolygonCollider","node":{"__id__":7},"points":[{"__type__":"cc.Vec2","x":-114.4,"y":-31.1},{"__type__":"cc.Vec2","x":116,"y":-31.3},{"__type__":"cc.Vec2","x":115.1,"y":31.8},{"__type__":"cc.Vec2","x":-114.2,"y":31.3}]},{"__type__":"8a64bLvzRlHBakXZIa7SBbN","node":{"__id__":7}}],"_prefab":{"__type__":"cc.PrefabInfo","root":{"__id__":1},"asset":{"__uuid__":"3c4lja+HZHtqPrJrXS3kKg"},"fileId":"abm3nVAfVPpLgXQJhnDc7u"},"_contentSize":{"__type__":"cc.Size","width":230,"height":65},"_trs":{"__type__":"TypedArray","ctor":"Float64Array","array":[0,0,0,0,0,0,1,1,1,1]}},{"__type__":"cc.Node","_name":"BarBG","_parent":{"__id__":6},"_components":[{"__type__":"cc.Sprite","node":{"__id__":8},"_materials":[{"__uuid__":"ecpdLyjvZBwrvm+cedCcQy"}],"_spriteFrame":{"__uuid__":"d8hqEurO5O3r/JLAsbxS//"},"_type":1}],"_prefab":{"__type__":"cc.PrefabInfo","root":{"__id__":1},"asset":{"__uuid__":"3c4lja+HZHtqPrJrXS3kKg"},"fileId":"18yVt1jXJCbZMpQTXzaTe1"},"_contentSize":{"__type__":"cc.Size","width":427,"height":66},"_trs":{"__type__":"TypedArray","ctor":"Float64Array","array":[-76,0,0,0,0,0,1,1,1,1]}},{"__type__":"cc.Node","_name":"MoveProp","_parent":{"__id__":1},"_children":[{"__id__":10},{"__id__":11}],"_prefab":{"__type__":"cc.PrefabInfo","root":{"__id__":1},"asset":{"__uuid__":"3c4lja+HZHtqPrJrXS3kKg"},"fileId":"78EJCh0w9MKpXCMTaxjAtt"},"_trs":{"__type__":"TypedArray","ctor":"Float64Array","array":[0,146,0,0,0,0,1,1,1,1]}},{"__type__":"cc.Node","_name":"Bar","_parent":{"__id__":9},"_components":[{"__type__":"cc.Sprite","node":{"__id__":10},"_materials":[{"__uuid__":"ecpdLyjvZBwrvm+cedCcQy"}],"_spriteFrame":{"__uuid__":"36nyDwRspBQpKV3/57IicC"},"_type":1},{"__type__":"cc.RigidBody","node":{"__id__":10},"_type":0},{"__type__":"cc.PhysicsPolygonCollider","node":{"__id__":10},"points":[{"__type__":"cc.Vec2","x":-114.4,"y":-31.1},{"__type__":"cc.Vec2","x":116,"y":-31.3},{"__type__":"cc.Vec2","x":115.1,"y":31.8},{"__type__":"cc.Vec2","x":-114.2,"y":31.3}]},{"__type__":"8a64bLvzRlHBakXZIa7SBbN","node":{"__id__":10}}],"_prefab":{"__type__":"cc.PrefabInfo","root":{"__id__":1},"asset":{"__uuid__":"3c4lja+HZHtqPrJrXS3kKg"},"fileId":"c3Q+i9PudMGJ4Aaxu1hmfI"},"_contentSize":{"__type__":"cc.Size","width":230,"height":65},"_trs":{"__type__":"TypedArray","ctor":"Float64Array","array":[0,0,0,0,0,0,1,1,1,1]}},{"__type__":"cc.Node","_name":"BarBG","_parent":{"__id__":9},"_components":[{"__type__":"cc.Sprite","node":{"__id__":11},"_materials":[{"__uuid__":"ecpdLyjvZBwrvm+cedCcQy"}],"_spriteFrame":{"__uuid__":"d8hqEurO5O3r/JLAsbxS//"},"_type":1}],"_prefab":{"__type__":"cc.PrefabInfo","root":{"__id__":1},"asset":{"__uuid__":"3c4lja+HZHtqPrJrXS3kKg"},"fileId":"b32mDXEtlDl4i4RdiK2pw+"},"_contentSize":{"__type__":"cc.Size","width":427,"height":66},"_trs":{"__type__":"TypedArray","ctor":"Float64Array","array":[-76,0,0,0,0,0,1,1,1,1]}},{"__type__":"cc.Node","_name":"MoveProp","_parent":{"__id__":1},"_children":[{"__id__":13},{"__id__":14}],"_prefab":{"__type__":"cc.PrefabInfo","root":{"__id__":1},"asset":{"__uuid__":"3c4lja+HZHtqPrJrXS3kKg"},"fileId":"39gALcfEFFl68hz42juwm7"},"_trs":{"__type__":"TypedArray","ctor":"Float64Array","array":[231,-89,0,0,0,0.7071067811865475,0.7071067811865476,1,1,1]},"_eulerAngles":{"__type__":"cc.Vec3","z":90}},{"__type__":"cc.Node","_name":"Bar","_parent":{"__id__":12},"_components":[{"__type__":"cc.Sprite","node":{"__id__":13},"_materials":[{"__uuid__":"ecpdLyjvZBwrvm+cedCcQy"}],"_spriteFrame":{"__uuid__":"36nyDwRspBQpKV3/57IicC"},"_type":1},{"__type__":"cc.RigidBody","node":{"__id__":13},"_type":0},{"__type__":"cc.PhysicsPolygonCollider","node":{"__id__":13},"points":[{"__type__":"cc.Vec2","x":-114.4,"y":-31.1},{"__type__":"cc.Vec2","x":116,"y":-31.3},{"__type__":"cc.Vec2","x":115.1,"y":31.8},{"__type__":"cc.Vec2","x":-114.2,"y":31.3}]},{"__type__":"8a64bLvzRlHBakXZIa7SBbN","node":{"__id__":13}}],"_prefab":{"__type__":"cc.PrefabInfo","root":{"__id__":1},"asset":{"__uuid__":"3c4lja+HZHtqPrJrXS3kKg"},"fileId":"8cLmvZpJ5HG7YkO0i0brxx"},"_contentSize":{"__type__":"cc.Size","width":230,"height":65},"_trs":{"__type__":"TypedArray","ctor":"Float64Array","array":[0,0,0,0,0,0,1,1,1,1]}},{"__type__":"cc.Node","_name":"BarBG","_parent":{"__id__":12},"_components":[{"__type__":"cc.Sprite","node":{"__id__":14},"_materials":[{"__uuid__":"ecpdLyjvZBwrvm+cedCcQy"}],"_spriteFrame":{"__uuid__":"d8hqEurO5O3r/JLAsbxS//"},"_type":1}],"_prefab":{"__type__":"cc.PrefabInfo","root":{"__id__":1},"asset":{"__uuid__":"3c4lja+HZHtqPrJrXS3kKg"},"fileId":"8fU2+wzbFLjqPTVS4M5aQR"},"_contentSize":{"__type__":"cc.Size","width":427,"height":66},"_trs":{"__type__":"TypedArray","ctor":"Float64Array","array":[-76,0,0,0,0,0,1,1,1,1]}},{"__type__":"cc.Node","_name":"MoveProp","_parent":{"__id__":1},"_children":[{"__id__":16},{"__id__":17}],"_prefab":{"__type__":"cc.PrefabInfo","root":{"__id__":1},"asset":{"__uuid__":"3c4lja+HZHtqPrJrXS3kKg"},"fileId":"1bbhDqFPFNSrfaaG+HYzTB"},"_trs":{"__type__":"TypedArray","ctor":"Float64Array","array":[-95.08,-330.301,0,0,0,0.9907253243588051,0.1358798427808201,1,1,1]},"_eulerAngles":{"__type__":"cc.Vec3","z":164.381}},{"__type__":"cc.Node","_name":"Bar","_parent":{"__id__":15},"_components":[{"__type__":"cc.Sprite","node":{"__id__":16},"_materials":[{"__uuid__":"ecpdLyjvZBwrvm+cedCcQy"}],"_spriteFrame":{"__uuid__":"36nyDwRspBQpKV3/57IicC"},"_type":1},{"__type__":"cc.RigidBody","node":{"__id__":16},"_type":0},{"__type__":"cc.PhysicsPolygonCollider","node":{"__id__":16},"points":[{"__type__":"cc.Vec2","x":-114.4,"y":-31.1},{"__type__":"cc.Vec2","x":116,"y":-31.3},{"__type__":"cc.Vec2","x":115.1,"y":31.8},{"__type__":"cc.Vec2","x":-114.2,"y":31.3}]},{"__type__":"8a64bLvzRlHBakXZIa7SBbN","node":{"__id__":16}}],"_prefab":{"__type__":"cc.PrefabInfo","root":{"__id__":1},"asset":{"__uuid__":"3c4lja+HZHtqPrJrXS3kKg"},"fileId":"b5lLnCiXREUZT87ceulC4/"},"_contentSize":{"__type__":"cc.Size","width":230,"height":65},"_trs":{"__type__":"TypedArray","ctor":"Float64Array","array":[0,0,0,0,0,0,1,1,1,1]}},{"__type__":"cc.Node","_name":"BarBG","_parent":{"__id__":15},"_components":[{"__type__":"cc.Sprite","node":{"__id__":17},"_materials":[{"__uuid__":"ecpdLyjvZBwrvm+cedCcQy"}],"_spriteFrame":{"__uuid__":"d8hqEurO5O3r/JLAsbxS//"},"_type":1}],"_prefab":{"__type__":"cc.PrefabInfo","root":{"__id__":1},"asset":{"__uuid__":"3c4lja+HZHtqPrJrXS3kKg"},"fileId":"e3muczQd9L8ae6J+JWZJJo"},"_contentSize":{"__type__":"cc.Size","width":427,"height":66},"_trs":{"__type__":"TypedArray","ctor":"Float64Array","array":[-76,0,0,0,0,0,1,1,1,1]}}],{"__type__":"cc.SpriteFrame","content":{"name":"guanqia44","texture":"23R8qpEuxL9LNnWnVy1DTu","rect":[1,1,880,1488],"offset":[0,0],"originalSize":[882,1490],"capInsets":[0,0,0,0]}}]