[[{"__type__":"cc.Prefab","_name":"UIDerived35","data":{"__id__":1}},{"__type__":"cc.Node","_name":"UIDerived40","_children":[{"__type__":"cc.Node","_name":"greenPos_node","_parent":{"__id__":1},"_prefab":{"__type__":"cc.PrefabInfo","root":{"__id__":1},"asset":{"__uuid__":"7cptJV+uxL3L/zFbAr02Ky"},"fileId":"0eZ0AOVylOJ4B63PsObsfZ"},"_trs":{"__type__":"TypedArray","ctor":"Float64Array","array":[0,0,0,0,0,0,1,1,1,1]}},{"__id__":2},{"__id__":3},{"__id__":4},{"__id__":5},{"__type__":"cc.Node","_name":"redwater_node","_parent":{"__id__":1},"_prefab":{"__type__":"cc.PrefabInfo","root":{"__id__":1},"asset":{"__uuid__":"7cptJV+uxL3L/zFbAr02Ky"},"fileId":"8ebw7TpENBCKtFCV8IeSkc"},"_trs":{"__type__":"TypedArray","ctor":"Float64Array","array":[0,0,0,0,0,0,1,1,1,1]}},{"__type__":"cc.Node","_name":"greenwater_node","_parent":{"__id__":1},"_prefab":{"__type__":"cc.PrefabInfo","root":{"__id__":1},"asset":{"__uuid__":"7cptJV+uxL3L/zFbAr02Ky"},"fileId":"7f7eArzsZNkIEFgu3Qsz2B"},"_trs":{"__type__":"TypedArray","ctor":"Float64Array","array":[0,0,0,0,0,0,1,1,1,1]}},{"__type__":"cc.Node","_name":"bule_node","_parent":{"__id__":1},"_prefab":{"__type__":"cc.PrefabInfo","root":{"__id__":1},"asset":{"__uuid__":"7cptJV+uxL3L/zFbAr02Ky"},"fileId":"d5eUBkyStFiIg8BTLoca41"},"_trs":{"__type__":"TypedArray","ctor":"Float64Array","array":[0,0,0,0,0,0,1,1,1,1]}},{"__type__":"cc.Node","_name":"enemy","_parent":{"__id__":1},"_prefab":{"__type__":"cc.PrefabInfo","root":{"__id__":1},"asset":{"__uuid__":"7cptJV+uxL3L/zFbAr02Ky"},"fileId":"30K9jnVkBFIpgVGJkBX0QW"},"_trs":{"__type__":"TypedArray","ctor":"Float64Array","array":[-245.958,-584.568,0,0,0,0,1,-1,1,1]}},{"__type__":"cc.Node","_name":"player","_parent":{"__id__":1},"_prefab":{"__type__":"cc.PrefabInfo","root":{"__id__":1},"asset":{"__uuid__":"7cptJV+uxL3L/zFbAr02Ky"},"fileId":"d7zNV8v0lAqKZIEIJEVBDW"},"_contentSize":{"__type__":"cc.Size","width":240,"height":140},"_trs":{"__type__":"TypedArray","ctor":"Float64Array","array":[235.947,-610.156,0,0,0,0,1,-0.7,0.7,1]}},{"__id__":6},{"__id__":8},{"__id__":9},{"__id__":10}],"_components":[{"__type__":"cc.Sprite","node":{"__id__":1},"_materials":[{"__uuid__":"ecpdLyjvZBwrvm+cedCcQy"}],"_spriteFrame":{"__uuid__":"aboUVXvzxBOL5ZTdLnyOEF"}},{"__type__":"1100eDGpRlLMYp5CrYQGpcQ","node":{"__id__":1},"player_happy":true},{"__type__":"cc.RigidBody","node":{"__id__":1},"_type":0},{"__type__":"cc.PhysicsPolygonCollider","node":{"__id__":1},"_offset":{"__type__":"cc.Vec2","x":-208,"y":717.7},"points":[{"__type__":"cc.Vec2","x":-44.9,"y":-124},{"__type__":"cc.Vec2","x":120.5,"y":-189},{"__type__":"cc.Vec2","x":135,"y":-248.3},{"__type__":"cc.Vec2","x":35.9,"y":-284.2},{"__type__":"cc.Vec2","x":-37.6,"y":-334.7},{"__type__":"cc.Vec2","x":-113.6,"y":-424.1},{"__type__":"cc.Vec2","x":-173,"y":-534.2},{"__type__":"cc.Vec2","x":-168.9,"y":-591.4},{"__type__":"cc.Vec2","x":-226,"y":-631.2},{"__type__":"cc.Vec2","x":-234.9,"y":-867.9},{"__type__":"cc.Vec2","x":-255,"y":-1488},{"__type__":"cc.Vec2","x":669,"y":-1486},{"__type__":"cc.Vec2","x":658,"y":-395},{"__type__":"cc.Vec2","x":667.9,"y":51.1},{"__type__":"cc.Vec2","x":456.5,"y":8.3},{"__type__":"cc.Vec2","x":447.2,"y":-115.9},{"__type__":"cc.Vec2","x":270,"y":-172.1},{"__type__":"cc.Vec2","x":268.8,"y":-265.7},{"__type__":"cc.Vec2","x":338.8,"y":-296.5},{"__type__":"cc.Vec2","x":376.7,"y":-363.3},{"__type__":"cc.Vec2","x":629,"y":-421},{"__type__":"cc.Vec2","x":626.8,"y":-1432.6},{"__type__":"cc.Vec2","x":518.8,"y":-1440.9},{"__type__":"cc.Vec2","x":422.5,"y":-1437.7},{"__type__":"cc.Vec2","x":284.2,"y":-1386.2},{"__type__":"cc.Vec2","x":215.9,"y":-1284.7},{"__type__":"cc.Vec2","x":187.8,"y":-1143.9},{"__type__":"cc.Vec2","x":137,"y":-1275.3},{"__type__":"cc.Vec2","x":43.5,"y":-1395.3},{"__type__":"cc.Vec2","x":-53.1,"y":-1429.2},{"__type__":"cc.Vec2","x":-98.5,"y":-1417.9},{"__type__":"cc.Vec2","x":-138.9,"y":-1386},{"__type__":"cc.Vec2","x":-185.1,"y":-1271},{"__type__":"cc.Vec2","x":-212.2,"y":-1124.3},{"__type__":"cc.Vec2","x":-209,"y":-998.5},{"__type__":"cc.Vec2","x":-177,"y":-978.2},{"__type__":"cc.Vec2","x":134.6,"y":-1022.3},{"__type__":"cc.Vec2","x":149.4,"y":-976.4},{"__type__":"cc.Vec2","x":-213,"y":-849.5},{"__type__":"cc.Vec2","x":-203.8,"y":-664.2},{"__type__":"cc.Vec2","x":-80.7,"y":-675.1},{"__type__":"cc.Vec2","x":-63.9,"y":-662.2},{"__type__":"cc.Vec2","x":-63,"y":-629.9},{"__type__":"cc.Vec2","x":-114.6,"y":-610},{"__type__":"cc.Vec2","x":-143.9,"y":-582.1},{"__type__":"cc.Vec2","x":-145.2,"y":-540.5},{"__type__":"cc.Vec2","x":-94.3,"y":-443.8},{"__type__":"cc.Vec2","x":-19.8,"y":-353},{"__type__":"cc.Vec2","x":65.5,"y":-300.1},{"__type__":"cc.Vec2","x":152.8,"y":-272.9},{"__type__":"cc.Vec2","x":163.6,"y":-250.5},{"__type__":"cc.Vec2","x":169.8,"y":-187.5},{"__type__":"cc.Vec2","x":147.5,"y":-166.3},{"__type__":"cc.Vec2","x":64.9,"y":-145.3},{"__type__":"cc.Vec2","x":-19.9,"y":-114.8},{"__type__":"cc.Vec2","x":-24,"y":8.5},{"__type__":"cc.Vec2","x":460,"y":11},{"__type__":"cc.Vec2","x":661.6,"y":52.8},{"__type__":"cc.Vec2","x":-50,"y":50}]},{"__type__":"cc.PhysicsPolygonCollider","node":{"__id__":1},"points":[{"__type__":"cc.Vec2","x":-205.1,"y":199.5},{"__type__":"cc.Vec2","x":-200.3,"y":179.3},{"__type__":"cc.Vec2","x":-16.5,"y":30.3},{"__type__":"cc.Vec2","x":148.3,"y":-82.3},{"__type__":"cc.Vec2","x":68.1,"y":166.1},{"__type__":"cc.Vec2","x":228.9,"y":204.3},{"__type__":"cc.Vec2","x":2.2,"y":258.1}]},{"__type__":"cc.PhysicsPolygonCollider","node":{"__id__":1},"_offset":{"__type__":"cc.Vec2","x":309.4,"y":-55.3},"points":[{"__type__":"cc.Vec2","x":-231.2,"y":-203.6},{"__type__":"cc.Vec2","x":-166.2,"y":-193.9},{"__type__":"cc.Vec2","x":2.8,"y":-128.3},{"__type__":"cc.Vec2","x":58.4,"y":-92.2},{"__type__":"cc.Vec2","x":17.8,"y":-17.6},{"__type__":"cc.Vec2","x":-45.4,"y":55.4},{"__type__":"cc.Vec2","x":-91.7,"y":-71.6}]}],"_prefab":{"__type__":"cc.PrefabInfo","root":{"__id__":1},"asset":{"__uuid__":"7cptJV+uxL3L/zFbAr02Ky"},"fileId":"9fEQM9aCRIsp/iUGIz27Pq"},"_contentSize":{"__type__":"cc.Size","width":924,"height":1534},"_trs":{"__type__":"TypedArray","ctor":"Float64Array","array":[0,0,0,0,0,0,1,1,1,1]}},{"__type__":"cc.Node","_name":"redPos_node","_parent":{"__id__":1},"_children":[{"__type__":"cc.Node","_name":"New Node","_parent":{"__id__":2},"_prefab":{"__type__":"cc.PrefabInfo","root":{"__id__":1},"asset":{"__uuid__":"7cptJV+uxL3L/zFbAr02Ky"},"fileId":"3a5yVkGuxDhYpP++GxPKbj"},"_trs":{"__type__":"TypedArray","ctor":"Float64Array","array":[-20.885,638.754,0,0,0,0,1,1,1,1]}}],"_prefab":{"__type__":"cc.PrefabInfo","root":{"__id__":1},"asset":{"__uuid__":"7cptJV+uxL3L/zFbAr02Ky"},"fileId":"ae0RMWBi5DDb0JaGshO8CD"},"_trs":{"__type__":"TypedArray","ctor":"Float64Array","array":[0,0,0,0,0,0,1,1,1,1]}},{"__type__":"cc.Node","_name":"bulePos_node","_parent":{"__id__":1},"_children":[{"__type__":"cc.Node","_name":"New Node","_parent":{"__id__":3},"_prefab":{"__type__":"cc.PrefabInfo","root":{"__id__":1},"asset":{"__uuid__":"7cptJV+uxL3L/zFbAr02Ky"},"fileId":"7avgKCwh9N9bq7HkkbwUOL"},"_trs":{"__type__":"TypedArray","ctor":"Float64Array","array":[-307.756,-519.644,0,0,0,0,1,1,1,1]}},{"__type__":"cc.Node","_name":"New Node","_parent":{"__id__":3},"_prefab":{"__type__":"cc.PrefabInfo","root":{"__id__":1},"asset":{"__uuid__":"7cptJV+uxL3L/zFbAr02Ky"},"fileId":"7cHmlNM31KsI1RNd2kTzDy"},"_trs":{"__type__":"TypedArray","ctor":"Float64Array","array":[203.244,-535.644,0,0,0,0,1,1,1,1]}}],"_prefab":{"__type__":"cc.PrefabInfo","root":{"__id__":1},"asset":{"__uuid__":"7cptJV+uxL3L/zFbAr02Ky"},"fileId":"41XUbdJJJAY7sz3UlDqUa8"},"_trs":{"__type__":"TypedArray","ctor":"Float64Array","array":[0,0,0,0,0,0,1,1,1,1]}},{"__type__":"cc.Node","_name":"gray_node","_parent":{"__id__":1},"_components":[{"__type__":"3400dF2d2tHLK8+En9baGXY","node":{"__id__":4},"grey_prefab":{"__uuid__":"13FEeEL1NMaK5TFGpFQpJr"}}],"_prefab":{"__type__":"cc.PrefabInfo","root":{"__id__":1},"asset":{"__uuid__":"7cptJV+uxL3L/zFbAr02Ky"},"fileId":"0e3lh/hLlG77sABIxHy/dr"},"_trs":{"__type__":"TypedArray","ctor":"Float64Array","array":[0,0,0,0,0,0,1,1,1,1]}},{"__type__":"cc.Node","_name":"black_node","_parent":{"__id__":1},"_components":[{"__type__":"6c0e8KZwr5L34azTYX21stu","node":{"__id__":5}}],"_prefab":{"__type__":"cc.PrefabInfo","root":{"__id__":1},"asset":{"__uuid__":"7cptJV+uxL3L/zFbAr02Ky"},"fileId":"87CWtToldGA7YlQ7fyirt7"},"_trs":{"__type__":"TypedArray","ctor":"Float64Array","array":[0,0,0,0,0,0,1,1,1,1]}},{"__type__":"cc.Node","_name":"zhenNode","_parent":{"__id__":1},"_children":[{"__id__":7}],"_prefab":{"__type__":"cc.PrefabInfo","root":{"__id__":1},"asset":{"__uuid__":"7cptJV+uxL3L/zFbAr02Ky"},"fileId":"d1Z0hRc0xFBL5t4SkZxgHe"},"_trs":{"__type__":"TypedArray","ctor":"Float64Array","array":[47.922,481.293,0,0,0,0,1,1,1,1]},"_groupIndex":8,"groupIndex":8},{"__type__":"cc.Node","_name":"zhen","_parent":{"__id__":6},"_components":[{"__type__":"cc.Sprite","node":{"__id__":7},"_materials":[{"__uuid__":"ecpdLyjvZBwrvm+cedCcQy"}],"_spriteFrame":{"__uuid__":"81u1O4l2lM2IGXbUA/0aw7"},"_type":1,"_sizeMode":0},{"__type__":"cc.RigidBody","node":{"__id__":7},"_type":3,"_allowSleep":false,"_gravityScale":0,"_fixedRotation":true,"enabledContactListener":true,"bullet":true},{"__type__":"cc.PhysicsPolygonCollider","node":{"__id__":7},"tag":222,"_offset":{"__type__":"cc.Vec2","x":-99.1,"y":1.4},"points":[{"__type__":"cc.Vec2","x":227.5,"y":55.5},{"__type__":"cc.Vec2","x":214.5,"y":51.5},{"__type__":"cc.Vec2","x":206.5,"y":45.5},{"__type__":"cc.Vec2","x":192,"y":33.4},{"__type__":"cc.Vec2","x":188.8,"y":24.1},{"__type__":"cc.Vec2","x":187.1,"y":35.3},{"__type__":"cc.Vec2","x":-86.9,"y":30},{"__type__":"cc.Vec2","x":-97.9,"y":0.2},{"__type__":"cc.Vec2","x":-85.2,"y":-19},{"__type__":"cc.Vec2","x":184.9,"y":-17.2},{"__type__":"cc.Vec2","x":193.4,"y":-34.3},{"__type__":"cc.Vec2","x":209.9,"y":-47.8},{"__type__":"cc.Vec2","x":238.1,"y":-54.9},{"__type__":"cc.Vec2","x":261.8,"y":-50.5},{"__type__":"cc.Vec2","x":285.2,"y":-28.5},{"__type__":"cc.Vec2","x":291.1,"y":-15.6},{"__type__":"cc.Vec2","x":292.7,"y":0.3},{"__type__":"cc.Vec2","x":288.9,"y":22},{"__type__":"cc.Vec2","x":265.3,"y":49.4}]},{"__type__":"72555Q9muRD1505Zi2fOOxm","node":{"__id__":7},"linevelocityX":500}],"_prefab":{"__type__":"cc.PrefabInfo","root":{"__id__":1},"asset":{"__uuid__":"7cptJV+uxL3L/zFbAr02Ky"},"fileId":"68cXSawQJP164oz32qhz4R"},"_contentSize":{"__type__":"cc.Size","width":387,"height":111},"_trs":{"__type__":"TypedArray","ctor":"Float64Array","array":[0,0,0,0,0,0,1,0.8,0.8,0.8]},"_groupIndex":8,"groupIndex":8},{"__type__":"cc.Node","_name":"rotationStage","_parent":{"__id__":1},"_components":[{"__type__":"cc.Sprite","node":{"__id__":8},"_materials":[{"__uuid__":"ecpdLyjvZBwrvm+cedCcQy"}],"_spriteFrame":{"__uuid__":"7cQ9AZ2ihAL7w7j2iXN4dt"}},{"__type__":"ae444naYU1I/IZzwhFmo0bP","node":{"__id__":8}},{"__type__":"cc.RigidBody","node":{"__id__":8},"_type":0},{"__type__":"cc.PhysicsBoxCollider","node":{"__id__":8},"_offset":{"__type__":"cc.Vec2","y":2.6},"_size":{"__type__":"cc.Size","width":555,"height":86.5}},{"__type__":"cc.PhysicsBoxCollider","node":{"__id__":8},"_offset":{"__type__":"cc.Vec2","x":1.8},"_size":{"__type__":"cc.Size","width":95.4,"height":555}}],"_prefab":{"__type__":"cc.PrefabInfo","root":{"__id__":1},"asset":{"__uuid__":"7cptJV+uxL3L/zFbAr02Ky"},"fileId":"745gOMAiZOfJEu/oMMW0fH"},"_contentSize":{"__type__":"cc.Size","width":555,"height":555},"_trs":{"__type__":"TypedArray","ctor":"Float64Array","array":[-9,342,0,0,0,0,1,0.4,0.4,1]}},{"__type__":"cc.Node","_name":"rotationStage","_parent":{"__id__":1},"_components":[{"__type__":"cc.Sprite","node":{"__id__":9},"_materials":[{"__uuid__":"ecpdLyjvZBwrvm+cedCcQy"}],"_spriteFrame":{"__uuid__":"7cQ9AZ2ihAL7w7j2iXN4dt"}},{"__type__":"ae444naYU1I/IZzwhFmo0bP","node":{"__id__":9}},{"__type__":"cc.RigidBody","node":{"__id__":9},"_type":0},{"__type__":"cc.PhysicsBoxCollider","node":{"__id__":9},"_offset":{"__type__":"cc.Vec2","y":2.6},"_size":{"__type__":"cc.Size","width":555,"height":86.5}},{"__type__":"cc.PhysicsBoxCollider","node":{"__id__":9},"_offset":{"__type__":"cc.Vec2","x":1.8},"_size":{"__type__":"cc.Size","width":95.4,"height":555}}],"_prefab":{"__type__":"cc.PrefabInfo","root":{"__id__":1},"asset":{"__uuid__":"7cptJV+uxL3L/zFbAr02Ky"},"fileId":"56NBszExhD2pqwbZ36n3wt"},"_contentSize":{"__type__":"cc.Size","width":555,"height":555},"_trs":{"__type__":"TypedArray","ctor":"Float64Array","array":[-160,-42,0,0,0,0,1,0.6,0.6,1]}},{"__type__":"cc.Node","_name":"rotationStage","_parent":{"__id__":1},"_components":[{"__type__":"cc.Sprite","node":{"__id__":10},"_materials":[{"__uuid__":"ecpdLyjvZBwrvm+cedCcQy"}],"_spriteFrame":{"__uuid__":"7cQ9AZ2ihAL7w7j2iXN4dt"}},{"__type__":"ae444naYU1I/IZzwhFmo0bP","node":{"__id__":10}},{"__type__":"cc.RigidBody","node":{"__id__":10},"_type":0},{"__type__":"cc.PhysicsBoxCollider","node":{"__id__":10},"_offset":{"__type__":"cc.Vec2","y":2.6},"_size":{"__type__":"cc.Size","width":555,"height":86.5}},{"__type__":"cc.PhysicsBoxCollider","node":{"__id__":10},"_offset":{"__type__":"cc.Vec2","x":1.8},"_size":{"__type__":"cc.Size","width":95.4,"height":555}}],"_prefab":{"__type__":"cc.PrefabInfo","root":{"__id__":1},"asset":{"__uuid__":"7cptJV+uxL3L/zFbAr02Ky"},"fileId":"44H7xQL9dBUrL5VOfavqxP"},"_contentSize":{"__type__":"cc.Size","width":555,"height":555},"_trs":{"__type__":"TypedArray","ctor":"Float64Array","array":[287,85,0,0,0,0,1,0.6,0.6,1]}}],{"__type__":"cc.SpriteFrame","content":{"name":"guanqia35","texture":"79gzQ/ij1DybzGoFWNkgfV","rect":[1,1,924,1534],"offset":[0,0],"originalSize":[926,1536],"capInsets":[0,0,0,0]}}]