[{"__type__":"cc.SpriteFrame","content":{"name":"guanqia15","texture":"bfzPZIPfhLI57/UT9dWObT","rect":[1,1,927,1561],"offset":[0,0],"originalSize":[929,1563],"capInsets":[0,0,0,0]}},[{"__type__":"cc.Prefab","_name":"UIDerived15","data":{"__id__":1}},{"__type__":"cc.Node","_name":"UIDerived15","_children":[{"__id__":2},{"__type__":"cc.Node","_name":"enemy","_parent":{"__id__":1},"_prefab":{"__type__":"cc.PrefabInfo","root":{"__id__":1},"asset":{"__uuid__":"d8aq3VD7hFKbDgFVRc/VuR"},"fileId":"8fEhnuJjxKypJ3Ab7JExpP"},"_trs":{"__type__":"TypedArray","ctor":"Float64Array","array":[-306.035,-617.668,0,0,0,0,1,0.7,0.7,1]}},{"__type__":"cc.Node","_name":"player","_parent":{"__id__":1},"_prefab":{"__type__":"cc.PrefabInfo","root":{"__id__":1},"asset":{"__uuid__":"d8aq3VD7hFKbDgFVRc/VuR"},"fileId":"8apO7rJLZNJ6LP6+61j9MU"},"_contentSize":{"__type__":"cc.Size","width":234.2,"height":136},"_trs":{"__type__":"TypedArray","ctor":"Float64Array","array":[317,-526,0,0,0,0,1,-0.7,0.7,1]}},{"__type__":"cc.Node","_name":"bule_node","_parent":{"__id__":1},"_prefab":{"__type__":"cc.PrefabInfo","root":{"__id__":1},"asset":{"__uuid__":"d8aq3VD7hFKbDgFVRc/VuR"},"fileId":"21PILgCSNLsLBDlHTzn5M3"},"_trs":{"__type__":"TypedArray","ctor":"Float64Array","array":[0,0,0,0,0,0,1,1,1,1]}},{"__type__":"cc.Node","_name":"greenwater_node","_parent":{"__id__":1},"_prefab":{"__type__":"cc.PrefabInfo","root":{"__id__":1},"asset":{"__uuid__":"d8aq3VD7hFKbDgFVRc/VuR"},"fileId":"9dXOEkv+BBUYdfiMa7bWvT"},"_trs":{"__type__":"TypedArray","ctor":"Float64Array","array":[0,0,0,0,0,0,1,1,1,1]}},{"__type__":"cc.Node","_name":"redwater_node","_parent":{"__id__":1},"_prefab":{"__type__":"cc.PrefabInfo","root":{"__id__":1},"asset":{"__uuid__":"d8aq3VD7hFKbDgFVRc/VuR"},"fileId":"c4XQG9LjBJYpQBZSGZPXUx"},"_trs":{"__type__":"TypedArray","ctor":"Float64Array","array":[0,0,0,0,0,0,1,1,1,1]}},{"__id__":3},{"__type__":"cc.Node","_name":"gray_node","_parent":{"__id__":1},"_prefab":{"__type__":"cc.PrefabInfo","root":{"__id__":1},"asset":{"__uuid__":"d8aq3VD7hFKbDgFVRc/VuR"},"fileId":"286f+r8qdPPa1ZAqd7v38j"},"_trs":{"__type__":"TypedArray","ctor":"Float64Array","array":[0,0,0,0,0,0,1,1,1,1]}},{"__id__":4},{"__id__":5},{"__type__":"cc.Node","_name":"greenPos_node","_parent":{"__id__":1},"_prefab":{"__type__":"cc.PrefabInfo","root":{"__id__":1},"asset":{"__uuid__":"d8aq3VD7hFKbDgFVRc/VuR"},"fileId":"eaG8HnlsVKMogfEnhRe9wU"},"_trs":{"__type__":"TypedArray","ctor":"Float64Array","array":[0,0,0,0,0,0,1,1,1,1]}},{"__id__":6},{"__id__":11},{"__id__":16}],"_components":[{"__type__":"cc.PhysicsPolygonCollider","node":{"__id__":1},"points":[{"__type__":"cc.Vec2","x":-465,"y":739},{"__type__":"cc.Vec2","x":-119,"y":740},{"__type__":"cc.Vec2","x":-120,"y":591},{"__type__":"cc.Vec2","x":413,"y":432},{"__type__":"cc.Vec2","x":418,"y":-620},{"__type__":"cc.Vec2","x":170,"y":-616},{"__type__":"cc.Vec2","x":170,"y":-415},{"__type__":"cc.Vec2","x":212,"y":-275},{"__type__":"cc.Vec2","x":-76,"y":-158},{"__type__":"cc.Vec2","x":-134,"y":-286},{"__type__":"cc.Vec2","x":-136,"y":-582},{"__type__":"cc.Vec2","x":-172,"y":-686},{"__type__":"cc.Vec2","x":-234,"y":-738},{"__type__":"cc.Vec2","x":-317,"y":-736},{"__type__":"cc.Vec2","x":-370,"y":-711},{"__type__":"cc.Vec2","x":-404,"y":-673},{"__type__":"cc.Vec2","x":-417,"y":-529},{"__type__":"cc.Vec2","x":-419,"y":-323},{"__type__":"cc.Vec2","x":-415,"y":-191},{"__type__":"cc.Vec2","x":-194,"y":-191},{"__type__":"cc.Vec2","x":-229,"y":305},{"__type__":"cc.Vec2","x":-421,"y":305},{"__type__":"cc.Vec2","x":-414,"y":737},{"__type__":"cc.Vec2","x":-514,"y":775},{"__type__":"cc.Vec2","x":-502,"y":-163},{"__type__":"cc.Vec2","x":-470,"y":-860},{"__type__":"cc.Vec2","x":-193,"y":-858},{"__type__":"cc.Vec2","x":533,"y":-854},{"__type__":"cc.Vec2","x":459,"y":842},{"__type__":"cc.Vec2","x":-477,"y":842}]},{"__type__":"cc.Sprite","node":{"__id__":1},"_materials":[{"__uuid__":"ecpdLyjvZBwrvm+cedCcQy"}],"_spriteFrame":{"__uuid__":"17qDtzGW1PhYhSvvQrEfLS"}},{"__type__":"1100eDGpRlLMYp5CrYQGpcQ","node":{"__id__":1},"player_happy":true},{"__type__":"cc.RigidBody","node":{"__id__":1},"_type":0},{"__type__":"cc.PhysicsPolygonCollider","node":{"__id__":1},"points":[{"__type__":"cc.Vec2","x":131,"y":-108},{"__type__":"cc.Vec2","x":249,"y":-152},{"__type__":"cc.Vec2","x":279,"y":-115},{"__type__":"cc.Vec2","x":308,"y":22},{"__type__":"cc.Vec2","x":310,"y":190},{"__type__":"cc.Vec2","x":295,"y":352},{"__type__":"cc.Vec2","x":129,"y":405},{"__type__":"cc.Vec2","x":169,"y":131}]}],"_prefab":{"__type__":"cc.PrefabInfo","root":{"__id__":1},"asset":{"__uuid__":"d8aq3VD7hFKbDgFVRc/VuR"},"fileId":"63JN/KlIlE1pIuu7vTRPVs"},"_contentSize":{"__type__":"cc.Size","width":927,"height":1561},"_trs":{"__type__":"TypedArray","ctor":"Float64Array","array":[0,-38.654,0,0,0,0,1,1,1,1]}},{"__type__":"cc.Node","_name":"level15","_parent":{"__id__":1},"_components":[{"__type__":"cc.Sprite","node":{"__id__":2},"_materials":[{"__uuid__":"ecpdLyjvZBwrvm+cedCcQy"}]},{"__type__":"cc.RigidBody","node":{"__id__":2},"_type":0,"bullet":true},{"__type__":"cc.PhysicsPolygonCollider","node":{"__id__":2},"points":[{"__type__":"cc.Vec2","x":-465,"y":739},{"__type__":"cc.Vec2","x":-119,"y":740},{"__type__":"cc.Vec2","x":-120,"y":591},{"__type__":"cc.Vec2","x":413,"y":432},{"__type__":"cc.Vec2","x":418,"y":-620},{"__type__":"cc.Vec2","x":170,"y":-616},{"__type__":"cc.Vec2","x":170,"y":-415},{"__type__":"cc.Vec2","x":212,"y":-275},{"__type__":"cc.Vec2","x":-76,"y":-158},{"__type__":"cc.Vec2","x":-134,"y":-286},{"__type__":"cc.Vec2","x":-136,"y":-582},{"__type__":"cc.Vec2","x":-172,"y":-686},{"__type__":"cc.Vec2","x":-234,"y":-738},{"__type__":"cc.Vec2","x":-317,"y":-736},{"__type__":"cc.Vec2","x":-370,"y":-711},{"__type__":"cc.Vec2","x":-404,"y":-673},{"__type__":"cc.Vec2","x":-417,"y":-529},{"__type__":"cc.Vec2","x":-419,"y":-323},{"__type__":"cc.Vec2","x":-415,"y":-191},{"__type__":"cc.Vec2","x":-194,"y":-191},{"__type__":"cc.Vec2","x":-229,"y":305},{"__type__":"cc.Vec2","x":-421,"y":305},{"__type__":"cc.Vec2","x":-414,"y":737},{"__type__":"cc.Vec2","x":-514,"y":775},{"__type__":"cc.Vec2","x":-502,"y":-163},{"__type__":"cc.Vec2","x":-470,"y":-860},{"__type__":"cc.Vec2","x":-193,"y":-858},{"__type__":"cc.Vec2","x":533,"y":-854},{"__type__":"cc.Vec2","x":459,"y":842},{"__type__":"cc.Vec2","x":-477,"y":842}]},{"__type__":"cc.PhysicsPolygonCollider","node":{"__id__":2},"points":[{"__type__":"cc.Vec2","x":-86.2,"y":-32.9},{"__type__":"cc.Vec2","x":8.1,"y":-65.2},{"__type__":"cc.Vec2","x":32.9,"y":85.2},{"__type__":"cc.Vec2","x":-95.7,"y":152.8}]},{"__type__":"cc.PhysicsPolygonCollider","node":{"__id__":2},"points":[{"__type__":"cc.Vec2","x":-118.5,"y":294.5},{"__type__":"cc.Vec2","x":46.2,"y":198.3},{"__type__":"cc.Vec2","x":10,"y":438.3},{"__type__":"cc.Vec2","x":-140.4,"y":491.6}]},{"__type__":"cc.PhysicsPolygonCollider","node":{"__id__":2},"points":[{"__type__":"cc.Vec2","x":131,"y":-108},{"__type__":"cc.Vec2","x":249,"y":-152},{"__type__":"cc.Vec2","x":279,"y":-115},{"__type__":"cc.Vec2","x":308,"y":22},{"__type__":"cc.Vec2","x":310,"y":190},{"__type__":"cc.Vec2","x":295,"y":352},{"__type__":"cc.Vec2","x":129,"y":405},{"__type__":"cc.Vec2","x":169,"y":131}]}],"_prefab":{"__type__":"cc.PrefabInfo","root":{"__id__":1},"asset":{"__uuid__":"d8aq3VD7hFKbDgFVRc/VuR"},"fileId":"7fXjyVNndDIZQq4p/0+1pZ"},"_contentSize":{"__type__":"cc.Size","width":929,"height":1563},"_trs":{"__type__":"TypedArray","ctor":"Float64Array","array":[0,0,0,0,0,0,1,1,1,1]}},{"__type__":"cc.Node","_name":"black_node","_parent":{"__id__":1},"_components":[{"__type__":"6c0e8KZwr5L34azTYX21stu","node":{"__id__":3}}],"_prefab":{"__type__":"cc.PrefabInfo","root":{"__id__":1},"asset":{"__uuid__":"d8aq3VD7hFKbDgFVRc/VuR"},"fileId":"0fDUge1xpCk6GGF3vtcKjY"},"_trs":{"__type__":"TypedArray","ctor":"Float64Array","array":[0,0,0,0,0,0,1,1,1,1]}},{"__type__":"cc.Node","_name":"bulePos_node","_parent":{"__id__":1},"_children":[{"__type__":"cc.Node","_name":"New Node","_parent":{"__id__":4},"_prefab":{"__type__":"cc.PrefabInfo","root":{"__id__":1},"asset":{"__uuid__":"d8aq3VD7hFKbDgFVRc/VuR"},"fileId":"14weJvyMpPe4HOcD8HGjaN"},"_trs":{"__type__":"TypedArray","ctor":"Float64Array","array":[286.363,-486.365,0,0,0,0,1,1,1,1]}},{"__type__":"cc.Node","_name":"New Node","_parent":{"__id__":4},"_prefab":{"__type__":"cc.PrefabInfo","root":{"__id__":1},"asset":{"__uuid__":"d8aq3VD7hFKbDgFVRc/VuR"},"fileId":"386Ezv/zZLx6EvJ2M7cGaF"},"_trs":{"__type__":"TypedArray","ctor":"Float64Array","array":[-319.54,-514.223,0,0,0,0,1,1,1,1]}}],"_prefab":{"__type__":"cc.PrefabInfo","root":{"__id__":1},"asset":{"__uuid__":"d8aq3VD7hFKbDgFVRc/VuR"},"fileId":"10eHZVwUFEopA6/9SMKIne"},"_trs":{"__type__":"TypedArray","ctor":"Float64Array","array":[0,0,0,0,0,0,1,1,1,1]}},{"__type__":"cc.Node","_name":"redPos_node","_parent":{"__id__":1},"_children":[{"__type__":"cc.Node","_name":"New Node","_parent":{"__id__":5},"_prefab":{"__type__":"cc.PrefabInfo","root":{"__id__":1},"asset":{"__uuid__":"d8aq3VD7hFKbDgFVRc/VuR"},"fileId":"c2Zzk3CPREsYL8Fv2QQ5Z8"},"_trs":{"__type__":"TypedArray","ctor":"Float64Array","array":[-321.636,470.966,0,0,0,0,1,1,1,1]}}],"_prefab":{"__type__":"cc.PrefabInfo","root":{"__id__":1},"asset":{"__uuid__":"d8aq3VD7hFKbDgFVRc/VuR"},"fileId":"cetoe1mr9Ekq32uSQb6C2w"},"_trs":{"__type__":"TypedArray","ctor":"Float64Array","array":[0,0,0,0,0,0,1,1,1,1]}},{"__type__":"cc.Node","_name":"zhenNodeTwo","_parent":{"__id__":1},"_children":[{"__id__":7},{"__id__":8},{"__id__":9},{"__id__":10}],"_prefab":{"__type__":"cc.PrefabInfo","root":{"__id__":1},"asset":{"__uuid__":"d8aq3VD7hFKbDgFVRc/VuR"},"fileId":"7ck2yDYthCxrG4Lta3nwiA"},"_trs":{"__type__":"TypedArray","ctor":"Float64Array","array":[-77.845,575.807,0,0,0,0.8191520442889917,-0.5735764363510462,1,1,1]},"_eulerAngles":{"__type__":"cc.Vec3","z":250}},{"__type__":"cc.Node","_name":"huagui","_parent":{"__id__":6},"_components":[{"__type__":"cc.Sprite","node":{"__id__":7},"_materials":[{"__uuid__":"ecpdLyjvZBwrvm+cedCcQy"}],"_spriteFrame":{"__uuid__":"72AklVCzBN/asPCzYF9Gl5"},"_type":2,"_sizeMode":0}],"_prefab":{"__type__":"cc.PrefabInfo","root":{"__id__":1},"asset":{"__uuid__":"d8aq3VD7hFKbDgFVRc/VuR"},"fileId":"344ZnvX+5GP4CidmT87TUm"},"_contentSize":{"__type__":"cc.Size","width":52,"height":571},"_trs":{"__type__":"TypedArray","ctor":"Float64Array","array":[-31.66983,237.57054,0,0,0,-0.9993908270190958,0.03489949670250108,0.5,1,0.5]},"_eulerAngles":{"__type__":"cc.Vec3","z":-176}},{"__type__":"cc.Node","_name":"zhen","_parent":{"__id__":6},"_components":[{"__type__":"cc.Sprite","node":{"__id__":8},"_materials":[{"__uuid__":"ecpdLyjvZBwrvm+cedCcQy"}],"_spriteFrame":{"__uuid__":"14vJwyNH1OspMXFimJtxkW"},"_type":1,"_sizeMode":0},{"__type__":"cc.RigidBody","node":{"__id__":8},"_type":3,"_gravityScale":0,"_fixedRotation":true,"enabledContactListener":true,"bullet":true},{"__type__":"cc.PhysicsPolygonCollider","node":{"__id__":8},"_offset":{"__type__":"cc.Vec2","x":196,"y":5},"points":[{"__type__":"cc.Vec2","x":-319,"y":-58},{"__type__":"cc.Vec2","x":-210,"y":-58},{"__type__":"cc.Vec2","x":-211.6,"y":-28.5},{"__type__":"cc.Vec2","x":-93,"y":-30.1},{"__type__":"cc.Vec2","x":-88.4,"y":21.9},{"__type__":"cc.Vec2","x":-205.9,"y":21.5},{"__type__":"cc.Vec2","x":-207,"y":52},{"__type__":"cc.Vec2","x":-319,"y":51}]},{"__type__":"1cb3eoIRdhJWZayW7A68Y7j","node":{"__id__":8}}],"_prefab":{"__type__":"cc.PrefabInfo","root":{"__id__":1},"asset":{"__uuid__":"d8aq3VD7hFKbDgFVRc/VuR"},"fileId":"69Nf23iAFJ6JA48ZAjgmb2"},"_contentSize":{"__type__":"cc.Size","width":240,"height":111},"_trs":{"__type__":"TypedArray","ctor":"Float64Array","array":[0,0,0,0,0,0,1,1,1,1]},"_groupIndex":8,"groupIndex":8},{"__type__":"cc.Node","_name":"zhendown","_parent":{"__id__":6},"_components":[{"__type__":"cc.RigidBody","node":{"__id__":9},"_type":0,"_gravityScale":0,"bullet":true}],"_prefab":{"__type__":"cc.PrefabInfo","root":{"__id__":1},"asset":{"__uuid__":"d8aq3VD7hFKbDgFVRc/VuR"},"fileId":"2dWiJjBs9GL6uNlTP1brLf"},"_trs":{"__type__":"TypedArray","ctor":"Float64Array","array":[0,-31.321,0,0,0,0,1,1,1,1]}},{"__type__":"cc.Node","_name":"zhenup","_parent":{"__id__":6},"_components":[{"__type__":"cc.RigidBody","node":{"__id__":10},"_type":0,"_gravityScale":0,"bullet":true}],"_prefab":{"__type__":"cc.PrefabInfo","root":{"__id__":1},"asset":{"__uuid__":"d8aq3VD7hFKbDgFVRc/VuR"},"fileId":"10s3QFGTxHv4DhQZmrbEOe"},"_trs":{"__type__":"TypedArray","ctor":"Float64Array","array":[-71.341,517.31,0,0,0,0,1,1,1,1]}},{"__type__":"cc.Node","_name":"zhenNodeTwo","_parent":{"__id__":1},"_children":[{"__id__":12},{"__id__":13},{"__id__":14},{"__id__":15}],"_prefab":{"__type__":"cc.PrefabInfo","root":{"__id__":1},"asset":{"__uuid__":"d8aq3VD7hFKbDgFVRc/VuR"},"fileId":"e8FbELZTxDSLNusMyNvexV"},"_trs":{"__type__":"TypedArray","ctor":"Float64Array","array":[-215.93,258.958,0,0,0,0.043619387365336,0.9990482215818578,1,1,1]},"_eulerAngles":{"__type__":"cc.Vec3","z":5}},{"__type__":"cc.Node","_name":"huagui","_parent":{"__id__":11},"_components":[{"__type__":"cc.Sprite","node":{"__id__":12},"_materials":[{"__uuid__":"ecpdLyjvZBwrvm+cedCcQy"}],"_spriteFrame":{"__uuid__":"72AklVCzBN/asPCzYF9Gl5"},"_sizeMode":0}],"_prefab":{"__type__":"cc.PrefabInfo","root":{"__id__":1},"asset":{"__uuid__":"d8aq3VD7hFKbDgFVRc/VuR"},"fileId":"72feUy5aJC94A3ZTd50oZ1"},"_contentSize":{"__type__":"cc.Size","width":52,"height":493.5},"_trs":{"__type__":"TypedArray","ctor":"Float64Array","array":[-29.4,-198.5,0,0,0,0,1,0.5,1,0.5]}},{"__type__":"cc.Node","_name":"zhen","_parent":{"__id__":11},"_components":[{"__type__":"cc.Sprite","node":{"__id__":13},"_materials":[{"__uuid__":"ecpdLyjvZBwrvm+cedCcQy"}],"_spriteFrame":{"__uuid__":"14vJwyNH1OspMXFimJtxkW"},"_type":1,"_sizeMode":0},{"__type__":"cc.RigidBody","node":{"__id__":13},"_type":3,"_gravityScale":0,"_fixedRotation":true,"enabledContactListener":true,"bullet":true},{"__type__":"cc.PhysicsPolygonCollider","node":{"__id__":13},"_offset":{"__type__":"cc.Vec2","x":196,"y":5},"points":[{"__type__":"cc.Vec2","x":-348.9,"y":-67},{"__type__":"cc.Vec2","x":-210,"y":-58},{"__type__":"cc.Vec2","x":-209.7,"y":-26.6},{"__type__":"cc.Vec2","x":-54.7,"y":-24.5},{"__type__":"cc.Vec2","x":-58,"y":26.5},{"__type__":"cc.Vec2","x":-227.3,"y":30},{"__type__":"cc.Vec2","x":-231.8,"y":63.5},{"__type__":"cc.Vec2","x":-339.7,"y":67.7}]},{"__type__":"1cb3eoIRdhJWZayW7A68Y7j","node":{"__id__":13}}],"_prefab":{"__type__":"cc.PrefabInfo","root":{"__id__":1},"asset":{"__uuid__":"d8aq3VD7hFKbDgFVRc/VuR"},"fileId":"c14952bhtIH7PzU7x6ndeX"},"_contentSize":{"__type__":"cc.Size","width":285,"height":111},"_trs":{"__type__":"TypedArray","ctor":"Float64Array","array":[0,0,0,0,0,0,1,1,1,1]},"_groupIndex":8,"groupIndex":8},{"__type__":"cc.Node","_name":"zhendown","_parent":{"__id__":11},"_components":[{"__type__":"cc.RigidBody","node":{"__id__":14},"_type":0,"_gravityScale":0,"bullet":true}],"_prefab":{"__type__":"cc.PrefabInfo","root":{"__id__":1},"asset":{"__uuid__":"d8aq3VD7hFKbDgFVRc/VuR"},"fileId":"95KUk6iMhIXqpcqOqC9VF/"},"_trs":{"__type__":"TypedArray","ctor":"Float64Array","array":[-47.205,-414.104,0,0,0,0,1,1,1,1]}},{"__type__":"cc.Node","_name":"zhenup","_parent":{"__id__":11},"_components":[{"__type__":"cc.RigidBody","node":{"__id__":15},"_type":0,"_gravityScale":0,"bullet":true}],"_prefab":{"__type__":"cc.PrefabInfo","root":{"__id__":1},"asset":{"__uuid__":"d8aq3VD7hFKbDgFVRc/VuR"},"fileId":"8a6i+foqVKl5ANcXvVTfZY"},"_trs":{"__type__":"TypedArray","ctor":"Float64Array","array":[-34.394,34.431,0,0,0,0,1,1,1,1]}},{"__type__":"cc.Node","_name":"zhenNodeTwo","_parent":{"__id__":1},"_children":[{"__id__":17},{"__id__":18},{"__id__":19},{"__id__":20}],"_prefab":{"__type__":"cc.PrefabInfo","root":{"__id__":1},"asset":{"__uuid__":"d8aq3VD7hFKbDgFVRc/VuR"},"fileId":"6fkbtFundMj7I7c9oLf8ay"},"_trs":{"__type__":"TypedArray","ctor":"Float64Array","array":[-28.645,-177.516,0,0,0,0.49999999999999994,0.8660254037844387,1,1,1]},"_eulerAngles":{"__type__":"cc.Vec3","z":60}},{"__type__":"cc.Node","_name":"huagui","_parent":{"__id__":16},"_components":[{"__type__":"cc.Sprite","node":{"__id__":17},"_materials":[{"__uuid__":"ecpdLyjvZBwrvm+cedCcQy"}],"_spriteFrame":{"__uuid__":"72AklVCzBN/asPCzYF9Gl5"},"_type":2,"_sizeMode":0}],"_prefab":{"__type__":"cc.PrefabInfo","root":{"__id__":1},"asset":{"__uuid__":"d8aq3VD7hFKbDgFVRc/VuR"},"fileId":"0fBNJ7MglPf4Mi7oUkUT/S"},"_contentSize":{"__type__":"cc.Size","width":52,"height":306},"_trs":{"__type__":"TypedArray","ctor":"Float64Array","array":[-0.60242,-107.22458,0,0,0,0.08097306982606584,0.9967162896044908,0.5,1,0.5]},"_eulerAngles":{"__type__":"cc.Vec3","z":9.289000000000001}},{"__type__":"cc.Node","_name":"zhen","_parent":{"__id__":16},"_components":[{"__type__":"cc.Sprite","node":{"__id__":18},"_materials":[{"__uuid__":"ecpdLyjvZBwrvm+cedCcQy"}],"_spriteFrame":{"__uuid__":"14vJwyNH1OspMXFimJtxkW"},"_type":1,"_sizeMode":0},{"__type__":"cc.RigidBody","node":{"__id__":18},"_type":3,"_gravityScale":0,"_fixedRotation":true,"enabledContactListener":true,"bullet":true},{"__type__":"cc.PhysicsPolygonCollider","node":{"__id__":18},"_offset":{"__type__":"cc.Vec2","x":196,"y":5},"points":[{"__type__":"cc.Vec2","x":-336,"y":-59},{"__type__":"cc.Vec2","x":-210,"y":-58},{"__type__":"cc.Vec2","x":-210.4,"y":-28.7},{"__type__":"cc.Vec2","x":-60,"y":-28},{"__type__":"cc.Vec2","x":-57.4,"y":22.2},{"__type__":"cc.Vec2","x":-208.1,"y":20.7},{"__type__":"cc.Vec2","x":-207,"y":52},{"__type__":"cc.Vec2","x":-336,"y":53}]},{"__type__":"1cb3eoIRdhJWZayW7A68Y7j","node":{"__id__":18}}],"_prefab":{"__type__":"cc.PrefabInfo","root":{"__id__":1},"asset":{"__uuid__":"d8aq3VD7hFKbDgFVRc/VuR"},"fileId":"17rQ7FKPtOb7HxaWZl7IK/"},"_contentSize":{"__type__":"cc.Size","width":285,"height":111},"_trs":{"__type__":"TypedArray","ctor":"Float64Array","array":[0,0,0,0,0,0,1,1,1,1]},"_groupIndex":8,"groupIndex":8},{"__type__":"cc.Node","_name":"zhendown","_parent":{"__id__":16},"_components":[{"__type__":"cc.RigidBody","node":{"__id__":19},"_type":0,"_gravityScale":0,"bullet":true}],"_prefab":{"__type__":"cc.PrefabInfo","root":{"__id__":1},"asset":{"__uuid__":"d8aq3VD7hFKbDgFVRc/VuR"},"fileId":"ad4Kzbh3NGdojPQrGUbbaz"},"_trs":{"__type__":"TypedArray","ctor":"Float64Array","array":[0,-250.369,0,0,0,0,1,1,1,1]}},{"__type__":"cc.Node","_name":"zhenup","_parent":{"__id__":16},"_components":[{"__type__":"cc.RigidBody","node":{"__id__":20},"_type":0,"_gravityScale":0,"bullet":true}],"_prefab":{"__type__":"cc.PrefabInfo","root":{"__id__":1},"asset":{"__uuid__":"d8aq3VD7hFKbDgFVRc/VuR"},"fileId":"52i0MBbBFOl5HIjY8HI1Gu"},"_trs":{"__type__":"TypedArray","ctor":"Float64Array","array":[-24.919,44.847,0,0,0,0,1,1,1,1]}}]]