[{"__type__":"cc.SpriteFrame","content":{"name":"btnRestart","texture":"1buxfqcblL0pJX8h6UNoui","rect":[0,0,130,116],"offset":[0,0],"originalSize":[130,116],"capInsets":[0,0,0,0]}},{"__type__":"cc.SpriteFrame","content":{"name":"timeBg","texture":"50055nj3VHR4Rp03UPnKct","rect":[0,0,218,70],"offset":[0,0],"originalSize":[218,70],"capInsets":[0,0,0,0]}},{"__type__":"cc.SpriteFrame","content":{"name":"yx_tiaoguo-en","texture":"fck+25rmlAQ7+n4ltCYqjY","rect":[0,0,124,114],"offset":[0,0],"originalSize":[124,114],"capInsets":[0,0,0,0]}},{"__type__":"cc.SpriteFrame","content":{"name":"gamebaseBG0","texture":"d898az/UNCrqkNlAxjApQG","rect":[0,0,1080,1920],"offset":[0,0],"originalSize":[1080,1920],"capInsets":[0,0,0,0]}},[{"__type__":"cc.Prefab","_name":"UIGameBasePage","data":{"__id__":1}},{"__type__":"cc.Node","_name":"UIGameBasePage","_children":[{"__id__":2},{"__id__":3},{"__id__":4},{"__id__":6},{"__id__":7},{"__id__":11},{"__id__":21}],"_components":[{"__type__":"cc.Widget","node":{"__id__":1},"_alignFlags":45}],"_prefab":{"__type__":"cc.PrefabInfo","root":{"__id__":1},"asset":{"__uuid__":"92Y5YCXuJMV6vH99fbqbxJ"},"fileId":"51Ut+4muFDbrlzwZyLm5uU"},"_contentSize":{"__type__":"cc.Size","width":1080,"height":1920},"_trs":{"__type__":"TypedArray","ctor":"Float64Array","array":[540,960,0,0,0,0,1,1,1,1]}},{"__type__":"cc.Node","_name":"bg","_parent":{"__id__":1},"_components":[{"__type__":"cc.Sprite","node":{"__id__":2},"_materials":[{"__uuid__":"ecpdLyjvZBwrvm+cedCcQy"}],"_spriteFrame":{"__uuid__":"91ztN41f5OerlF437mzNQH"},"_sizeMode":0},{"__type__":"cc.Widget","node":{"__id__":2},"_alignFlags":45,"_originalWidth":1080,"_originalHeight":1920}],"_prefab":{"__type__":"cc.PrefabInfo","root":{"__id__":1},"asset":{"__uuid__":"92Y5YCXuJMV6vH99fbqbxJ"},"fileId":"86GZ0PyKhPRJS26hdlg1dG"},"_contentSize":{"__type__":"cc.Size","width":1080,"height":1920},"_anchorPoint":{"__type__":"cc.Vec2","x":0.5,"y":1},"_trs":{"__type__":"TypedArray","ctor":"Float64Array","array":[0,960,0,0,0,0,1,1,1,1]}},{"__type__":"cc.Node","_name":"BtnHome","_parent":{"__id__":1},"_components":[{"__type__":"cc.Sprite","node":{"__id__":3},"_materials":[{"__uuid__":"ecpdLyjvZBwrvm+cedCcQy"}],"_spriteFrame":{"__uuid__":"a2WGFFkiVHiJFVaHAnE7oJ"}},{"__type__":"cc.Widget","node":{"__id__":3},"_alignFlags":9,"_left":47.726,"_top":232},{"__type__":"cc.Button","node":{"__id__":3},"_N$transition":3,"transition":3}],"_prefab":{"__type__":"cc.PrefabInfo","root":{"__id__":1},"asset":{"__uuid__":"92Y5YCXuJMV6vH99fbqbxJ"},"fileId":"4dQRpzTVtEFr3U3brTitH/"},"_contentSize":{"__type__":"cc.Size","width":130,"height":116},"_trs":{"__type__":"TypedArray","ctor":"Float64Array","array":[-427.274,670,0,0,0,0,1,1,1,0]}},{"__type__":"cc.Node","_name":"BtnRestart","_parent":{"__id__":1},"_children":[{"__id__":5}],"_components":[{"__type__":"cc.Button","node":{"__id__":4},"_N$transition":3,"transition":3,"_N$normalColor":{"__type__":"cc.Color","r":230,"g":230,"b":230},"_N$pressedColor":{"__type__":"cc.Color","r":200,"g":200,"b":200},"pressedColor":{"__type__":"cc.Color","r":200,"g":200,"b":200},"_N$disabledColor":{"__type__":"cc.Color","r":120,"g":120,"b":120,"a":200},"_N$normalSprite":{"__uuid__":"26V6k/Ye9KHJujjBKRu5MK"},"_N$pressedSprite":{"__uuid__":"e97GVMl6JHh5Ml5qEDdSGa"},"pressedSprite":{"__uuid__":"e97GVMl6JHh5Ml5qEDdSGa"},"_N$hoverSprite":{"__uuid__":"f0BIwQ8D5Ml7nTNQbh1YlS"},"hoverSprite":{"__uuid__":"f0BIwQ8D5Ml7nTNQbh1YlS"},"_N$disabledSprite":{"__uuid__":"29FYIk+N1GYaeWH/q1NxQO"},"_N$target":{"__id__":5}},{"__type__":"cc.Widget","node":{"__id__":4},"_alignFlags":9,"_left":227.20499999999998,"_top":240}],"_prefab":{"__type__":"cc.PrefabInfo","root":{"__id__":1},"asset":{"__uuid__":"92Y5YCXuJMV6vH99fbqbxJ"},"fileId":"d1AwM/IHVGg4USpE1X1398"},"_contentSize":{"__type__":"cc.Size","width":100,"height":100},"_trs":{"__type__":"TypedArray","ctor":"Float64Array","array":[-262.795,670,0,0,0,0,1,1,1,1]}},{"__type__":"cc.Node","_name":"Background","_objFlags":512,"_parent":{"__id__":4},"_components":[{"__type__":"cc.Sprite","node":{"__id__":5},"_materials":[{"__uuid__":"ecpdLyjvZBwrvm+cedCcQy"}],"_spriteFrame":{"__uuid__":"26V6k/Ye9KHJujjBKRu5MK"},"_type":1,"_sizeMode":2},{"__type__":"cc.Widget","node":{"__id__":5},"alignMode":0,"_alignFlags":45,"_left":-15,"_right":-15,"_top":-8,"_bottom":-8,"_originalWidth":100,"_originalHeight":40}],"_prefab":{"__type__":"cc.PrefabInfo","root":{"__id__":1},"asset":{"__uuid__":"92Y5YCXuJMV6vH99fbqbxJ"},"fileId":"3dJ7AAaA5EA57ADMijZg0/"},"_contentSize":{"__type__":"cc.Size","width":130,"height":116},"_trs":{"__type__":"TypedArray","ctor":"Float64Array","array":[0,0,0,0,0,0,1,1,1,0]}},{"__type__":"cc.Node","_name":"BtnSkipLevel","_parent":{"__id__":1},"_components":[{"__type__":"cc.Sprite","node":{"__id__":6},"_materials":[{"__uuid__":"ecpdLyjvZBwrvm+cedCcQy"}],"_spriteFrame":{"__uuid__":"77v3Opa2lP9pLmO6pMRqfz"}},{"__type__":"cc.Widget","node":{"__id__":6},"_alignFlags":33,"_right":45.5,"_top":233,"_verticalCenter":624.475},{"__type__":"cc.Button","node":{"__id__":6},"_N$transition":3,"transition":3,"_N$target":{"__id__":6}}],"_prefab":{"__type__":"cc.PrefabInfo","root":{"__id__":1},"asset":{"__uuid__":"92Y5YCXuJMV6vH99fbqbxJ"},"fileId":"a5kKT83mVIzYZ8ziBnPny4"},"_contentSize":{"__type__":"cc.Size","width":124,"height":114},"_trs":{"__type__":"TypedArray","ctor":"Float64Array","array":[432.5,670,0,0,0,0,1,1,1,0]}},{"__type__":"cc.Node","_name":"Time","_parent":{"__id__":1},"_children":[{"__id__":8},{"__id__":9},{"__id__":10}],"_components":[{"__type__":"cc.Widget","node":{"__id__":7},"_alignFlags":9,"_left":110.805,"_top":420}],"_prefab":{"__type__":"cc.PrefabInfo","root":{"__id__":1},"asset":{"__uuid__":"92Y5YCXuJMV6vH99fbqbxJ"},"fileId":"9crOa9B3ZLboMbctp80Jrq"},"_trs":{"__type__":"TypedArray","ctor":"Float64Array","array":[-429.195,540,0,0,0,0,1,1,1,1]}},{"__type__":"cc.Node","_name":"bg","_parent":{"__id__":7},"_components":[{"__type__":"cc.Sprite","node":{"__id__":8},"_materials":[{"__uuid__":"ecpdLyjvZBwrvm+cedCcQy"}],"_spriteFrame":{"__uuid__":"43sVC0nPNNVI/U1/RW8L3b"}}],"_prefab":{"__type__":"cc.PrefabInfo","root":{"__id__":1},"asset":{"__uuid__":"92Y5YCXuJMV6vH99fbqbxJ"},"fileId":"d3xIPkfz9NsIAMXDUZA+np"},"_contentSize":{"__type__":"cc.Size","width":218,"height":70},"_trs":{"__type__":"TypedArray","ctor":"Float64Array","array":[0,0,0,0,0,0,1,1,1,1]}},{"__type__":"cc.Node","_name":"naozhong","_parent":{"__id__":7},"_components":[{"__type__":"cc.Sprite","node":{"__id__":9},"_materials":[{"__uuid__":"ecpdLyjvZBwrvm+cedCcQy"}],"_spriteFrame":{"__uuid__":"c5za/YDzBNEpnELQDeizZr"}}],"_prefab":{"__type__":"cc.PrefabInfo","root":{"__id__":1},"asset":{"__uuid__":"92Y5YCXuJMV6vH99fbqbxJ"},"fileId":"d60xM3f8lGooQX6AoSW7Ir"},"_contentSize":{"__type__":"cc.Size","width":49,"height":52},"_trs":{"__type__":"TypedArray","ctor":"Float64Array","array":[-71.219,0,0,0,0,0,1,1,1,1]}},{"__type__":"cc.Node","_name":"TimeLabel","_parent":{"__id__":7},"_components":[{"__type__":"cc.Label","node":{"__id__":10},"_materials":[{"__uuid__":"ecpdLyjvZBwrvm+cedCcQy"}],"_useOriginalSize":false,"_styleFlags":1,"_N$horizontalAlign":1,"_N$verticalAlign":1},{"__type__":"cc.Widget","node":{"__id__":10},"_alignFlags":9,"_left":5.094,"_top":-27.59}],"_prefab":{"__type__":"cc.PrefabInfo","root":{"__id__":1},"asset":{"__uuid__":"92Y5YCXuJMV6vH99fbqbxJ"},"fileId":"05KnsX4yRHXpkCBh4wZbtK"},"_contentSize":{"__type__":"cc.Size","height":50.4},"_trs":{"__type__":"TypedArray","ctor":"Float64Array","array":[5.094,2.3900000000000006,0,0,0,0,1,1,1,1]}},{"__type__":"cc.Node","_name":"poweradd","_parent":{"__id__":1},"_children":[{"__id__":12},{"__id__":13},{"__id__":14},{"__id__":15},{"__id__":16},{"__id__":19},{"__id__":20}],"_components":[{"__type__":"cc.Widget","node":{"__id__":11},"_alignFlags":9,"_left":117.07,"_right":962.9300000000001,"_top":510},{"__type__":"09dcasLtOtIIKzJFdVhkbnv","node":{"__id__":11}}],"_prefab":{"__type__":"cc.PrefabInfo","root":{"__id__":1},"asset":{"__uuid__":"92Y5YCXuJMV6vH99fbqbxJ"},"fileId":"e91l2Ol1VC6ZEh1KLYJfly"},"_trs":{"__type__":"TypedArray","ctor":"Float64Array","array":[-422.93,450,0,0,0,0,1,1,1,1]}},{"__type__":"cc.Node","_name":"frame","_parent":{"__id__":11},"_components":[{"__type__":"cc.Sprite","node":{"__id__":12},"_materials":[{"__uuid__":"ecpdLyjvZBwrvm+cedCcQy"}],"_spriteFrame":{"__uuid__":"cboPgQsHlCL5tMnf5UibRC"},"_sizeMode":2}],"_prefab":{"__type__":"cc.PrefabInfo","root":{"__id__":1},"asset":{"__uuid__":"92Y5YCXuJMV6vH99fbqbxJ"},"fileId":"382zli2KhPb4L2GDzqmifX"},"_contentSize":{"__type__":"cc.Size","width":233,"height":68},"_trs":{"__type__":"TypedArray","ctor":"Float64Array","array":[0,0,0,0,0,0,1,1,1,1]}},{"__type__":"cc.Node","_name":"icon","_parent":{"__id__":11},"_components":[{"__type__":"cc.Sprite","node":{"__id__":13},"_materials":[{"__uuid__":"ecpdLyjvZBwrvm+cedCcQy"}],"_spriteFrame":{"__uuid__":"e53vqpVStGzbGZvSTT6L2A"},"_sizeMode":2}],"_prefab":{"__type__":"cc.PrefabInfo","root":{"__id__":1},"asset":{"__uuid__":"92Y5YCXuJMV6vH99fbqbxJ"},"fileId":"a8+xtCnz5LfI538kZheMYA"},"_contentSize":{"__type__":"cc.Size","width":54,"height":79},"_trs":{"__type__":"TypedArray","ctor":"Float64Array","array":[-91,-2.968,0,0,0,0,1,0.8,0.8,1]}},{"__type__":"cc.Node","_name":"iconBg","_parent":{"__id__":11},"_components":[{"__type__":"cc.Sprite","node":{"__id__":14},"_materials":[{"__uuid__":"ecpdLyjvZBwrvm+cedCcQy"}],"_spriteFrame":{"__uuid__":"915GI8QTZHX7G/vRQLQvqC"},"_sizeMode":0}],"_prefab":{"__type__":"cc.PrefabInfo","root":{"__id__":1},"asset":{"__uuid__":"92Y5YCXuJMV6vH99fbqbxJ"},"fileId":"8a6etnzIJMHqhpiIhua2rz"},"_contentSize":{"__type__":"cc.Size","width":150,"height":48},"_trs":{"__type__":"TypedArray","ctor":"Float64Array","array":[7.293,0,0,0,0,0,1,1,1,1]}},{"__type__":"cc.Node","_name":"powerloading","_parent":{"__id__":11},"_components":[{"__type__":"cc.Sprite","node":{"__id__":15},"_materials":[{"__uuid__":"ecpdLyjvZBwrvm+cedCcQy"}],"_spriteFrame":{"__uuid__":"fdY3GL42lNeJ0j6U8FHYcM"},"_type":3,"_sizeMode":0,"_fillRange":0.5}],"_prefab":{"__type__":"cc.PrefabInfo","root":{"__id__":1},"asset":{"__uuid__":"92Y5YCXuJMV6vH99fbqbxJ"},"fileId":"60ZZw8eHZJpIyvfMFHJyfT"},"_contentSize":{"__type__":"cc.Size","width":150,"height":48},"_anchorPoint":{"__type__":"cc.Vec2","x":0.01,"y":0.5},"_trs":{"__type__":"TypedArray","ctor":"Float64Array","array":[-66.333,0,0,0,0,0,1,1,1,1]}},{"__type__":"cc.Node","_name":"btn","_parent":{"__id__":11},"_children":[{"__id__":17}],"_components":[{"__type__":"cc.Button","node":{"__id__":16},"_N$transition":3,"transition":3,"_N$normalColor":{"__type__":"cc.Color","r":230,"g":230,"b":230},"_N$pressedColor":{"__type__":"cc.Color","r":200,"g":200,"b":200},"pressedColor":{"__type__":"cc.Color","r":200,"g":200,"b":200},"_N$disabledColor":{"__type__":"cc.Color","r":120,"g":120,"b":120,"a":200},"_N$normalSprite":{"__uuid__":"f0BIwQ8D5Ml7nTNQbh1YlS"},"_N$pressedSprite":{"__uuid__":"e97GVMl6JHh5Ml5qEDdSGa"},"pressedSprite":{"__uuid__":"e97GVMl6JHh5Ml5qEDdSGa"},"_N$hoverSprite":{"__uuid__":"f0BIwQ8D5Ml7nTNQbh1YlS"},"hoverSprite":{"__uuid__":"f0BIwQ8D5Ml7nTNQbh1YlS"},"_N$disabledSprite":{"__uuid__":"29FYIk+N1GYaeWH/q1NxQO"},"_N$target":{"__id__":17}}],"_prefab":{"__type__":"cc.PrefabInfo","root":{"__id__":1},"asset":{"__uuid__":"92Y5YCXuJMV6vH99fbqbxJ"},"fileId":"03NN3Wo4hOJIJr/HWb5khL"},"_contentSize":{"__type__":"cc.Size","width":80,"height":80},"_trs":{"__type__":"TypedArray","ctor":"Float64Array","array":[120.229,-7.298,0,0,0,0,1,1,1,1]}},{"__type__":"cc.Node","_name":"Background","_objFlags":512,"_parent":{"__id__":16},"_children":[{"__id__":18}],"_components":[{"__type__":"cc.Sprite","node":{"__id__":17},"_materials":[{"__uuid__":"ecpdLyjvZBwrvm+cedCcQy"}],"_spriteFrame":{"__uuid__":"5fAyuotRhM4a78xMSVX5qX"},"_type":1,"_sizeMode":0},{"__type__":"cc.Widget","node":{"__id__":17},"alignMode":0,"_alignFlags":45,"_left":-3,"_right":-3,"_top":-3,"_bottom":-3,"_originalWidth":100,"_originalHeight":40}],"_prefab":{"__type__":"cc.PrefabInfo","root":{"__id__":1},"asset":{"__uuid__":"92Y5YCXuJMV6vH99fbqbxJ"},"fileId":"d6dVE4lc1O+4ta1dcge5AH"},"_contentSize":{"__type__":"cc.Size","width":86,"height":86},"_trs":{"__type__":"TypedArray","ctor":"Float64Array","array":[0,0,0,0,0,0,1,1,1,0]}},{"__type__":"cc.Node","_name":"Label","_objFlags":512,"_parent":{"__id__":17},"_components":[{"__type__":"cc.Label","node":{"__id__":18},"_materials":[{"__uuid__":"ecpdLyjvZBwrvm+cedCcQy"}],"_useOriginalSize":false,"_string":"\n","_N$string":"\n","_fontSize":20,"_enableWrapText":false,"_N$horizontalAlign":1,"_N$verticalAlign":1,"_N$overflow":1,"_N$cacheMode":1}],"_prefab":{"__type__":"cc.PrefabInfo","root":{"__id__":1},"asset":{"__uuid__":"92Y5YCXuJMV6vH99fbqbxJ"},"fileId":"d5Wp4kbl1LBIppZ6WedBov"},"_color":{"__type__":"cc.Color"},"_contentSize":{"__type__":"cc.Size","width":100,"height":40},"_trs":{"__type__":"TypedArray","ctor":"Float64Array","array":[0,0,0,0,0,0,1,1,1,1]}},{"__type__":"cc.Node","_name":"powerLabel","_parent":{"__id__":11},"_components":[{"__type__":"cc.Label","node":{"__id__":19},"_materials":[{"__uuid__":"ecpdLyjvZBwrvm+cedCcQy"}],"_useOriginalSize":false,"_string":"1/10","_N$string":"1/10","_N$file":{"__uuid__":"a85NczcUdLhIVJT3+7aBOb"},"_isSystemFontUsed":false,"_styleFlags":1,"_N$horizontalAlign":1,"_N$verticalAlign":1}],"_prefab":{"__type__":"cc.PrefabInfo","root":{"__id__":1},"asset":{"__uuid__":"92Y5YCXuJMV6vH99fbqbxJ"},"fileId":"eejKSmya5GvJMDW8YvI3jn"},"_contentSize":{"__type__":"cc.Size","width":115.56,"height":40},"_trs":{"__type__":"TypedArray","ctor":"Float64Array","array":[7.628,-0.367,0,0,0,0,1,1,1,1]}},{"__type__":"cc.Node","_name":"timelabel","_parent":{"__id__":11},"_components":[{"__type__":"cc.Label","node":{"__id__":20},"_materials":[{"__uuid__":"ecpdLyjvZBwrvm+cedCcQy"}],"_useOriginalSize":false,"_string":"02:00","_N$string":"02:00","_fontSize":25,"_lineHeight":25,"_N$file":{"__uuid__":"a85NczcUdLhIVJT3+7aBOb"},"_isSystemFontUsed":false,"_styleFlags":1,"_N$horizontalAlign":1,"_N$verticalAlign":1}],"_prefab":{"__type__":"cc.PrefabInfo","root":{"__id__":1},"asset":{"__uuid__":"92Y5YCXuJMV6vH99fbqbxJ"},"fileId":"26e22XhfhEj77FPX7Gk24+"},"_contentSize":{"__type__":"cc.Size","width":90.28,"height":25},"_trs":{"__type__":"TypedArray","ctor":"Float64Array","array":[-1.073,-47.09,0,0,0,0,1,1,1,1]}},{"__type__":"cc.Node","_name":"Game_Debug","_parent":{"__id__":1},"_children":[{"__id__":22},{"__id__":29}],"_active":false,"_components":[{"__type__":"e41be5hHJ1Kx71WF4pbxrjM","node":{"__id__":21}},{"__type__":"cc.Widget","node":{"__id__":21},"_alignFlags":33,"_left":863.239,"_right":20,"_top":400}],"_prefab":{"__type__":"cc.PrefabInfo","root":{"__id__":1},"asset":{"__uuid__":"92Y5YCXuJMV6vH99fbqbxJ"},"fileId":"b06fPqH4hC+qbsV2c4efyC"},"_contentSize":{"__type__":"cc.Size","width":200,"height":50},"_trs":{"__type__":"TypedArray","ctor":"Float64Array","array":[420,535,0,0,0,0,1,1,1,1]}},{"__type__":"cc.Node","_name":"Input","_objFlags":512,"_parent":{"__id__":21},"_children":[{"__id__":23},{"__id__":25},{"__id__":27}],"_components":[{"__type__":"cc.EditBox","node":{"__id__":22},"_useOriginalSize":false,"maxLength":8,"_N$textLabel":{"__id__":26},"_N$placeholderLabel":{"__id__":28},"_N$background":{"__id__":24},"_N$inputMode":6}],"_prefab":{"__type__":"cc.PrefabInfo","root":{"__id__":1},"asset":{"__uuid__":"92Y5YCXuJMV6vH99fbqbxJ"},"fileId":"1c/ckyUnpPgbF8qA43VA+R"},"_contentSize":{"__type__":"cc.Size","width":140,"height":50},"_trs":{"__type__":"TypedArray","ctor":"Float64Array","array":[-30,0,0,0,0,0,1,1,1,1]}},{"__type__":"cc.Node","_name":"BACKGROUND_SPRITE","_parent":{"__id__":22},"_components":[{"__id__":24},{"__type__":"cc.Widget","node":{"__id__":23},"alignMode":0,"_alignFlags":45,"_originalWidth":160,"_originalHeight":40}],"_prefab":{"__type__":"cc.PrefabInfo","root":{"__id__":1},"asset":{"__uuid__":"92Y5YCXuJMV6vH99fbqbxJ"},"fileId":"25eyDBhNJNo7ul5kSYccq0"},"_contentSize":{"__type__":"cc.Size","width":140,"height":50},"_trs":{"__type__":"TypedArray","ctor":"Float64Array","array":[0,0,0,0,0,0,1,1,1,1]}},{"__type__":"cc.Sprite","node":{"__id__":23},"_materials":[{"__uuid__":"ecpdLyjvZBwrvm+cedCcQy"}],"_spriteFrame":{"__uuid__":"ffDpHHVcZAhqOfy25Fe4w7"},"_type":1,"_sizeMode":0},{"__type__":"cc.Node","_name":"TEXT_LABEL","_parent":{"__id__":22},"_active":false,"_components":[{"__id__":26},{"__type__":"cc.Widget","node":{"__id__":25},"alignMode":0,"_alignFlags":45,"_originalWidth":158,"_originalHeight":40}],"_prefab":{"__type__":"cc.PrefabInfo","root":{"__id__":1},"asset":{"__uuid__":"92Y5YCXuJMV6vH99fbqbxJ"},"fileId":"f7F+EdTZJGiIWBkZUTxcCs"},"_contentSize":{"__type__":"cc.Size","width":240,"height":50},"_anchorPoint":{"__type__":"cc.Vec2","y":1},"_trs":{"__type__":"TypedArray","ctor":"Float64Array","array":[-120,25,0,0,0,0,1,1,1,1]}},{"__type__":"cc.Label","node":{"__id__":25},"_materials":[{"__uuid__":"ecpdLyjvZBwrvm+cedCcQy"}],"_fontSize":30,"_lineHeight":30,"_enableWrapText":false,"_N$verticalAlign":1,"_N$overflow":1},{"__type__":"cc.Node","_name":"PLACEHOLDER_LABEL","_parent":{"__id__":22},"_components":[{"__id__":28},{"__type__":"cc.Widget","node":{"__id__":27},"alignMode":0,"_alignFlags":45,"_originalWidth":158,"_originalHeight":40}],"_prefab":{"__type__":"cc.PrefabInfo","root":{"__id__":1},"asset":{"__uuid__":"92Y5YCXuJMV6vH99fbqbxJ"},"fileId":"a91pNRi9hKQ4gYpR65SX3Y"},"_contentSize":{"__type__":"cc.Size","width":140,"height":50},"_anchorPoint":{"__type__":"cc.Vec2","y":1},"_trs":{"__type__":"TypedArray","ctor":"Float64Array","array":[-70,25,0,0,0,0,1,1,1,1]}},{"__type__":"cc.Label","node":{"__id__":27},"_materials":[{"__uuid__":"ecpdLyjvZBwrvm+cedCcQy"}],"_string":"关卡数","_N$string":"关卡数","_fontSize":30,"_lineHeight":30,"_enableWrapText":false,"_N$verticalAlign":1,"_N$overflow":1},{"__type__":"cc.Node","_name":"Btn","_objFlags":512,"_parent":{"__id__":21},"_children":[{"__id__":30}],"_components":[{"__type__":"cc.Button","node":{"__id__":29},"_N$transition":2,"transition":2,"_N$normalColor":{"__type__":"cc.Color","r":230,"g":230,"b":230},"_N$pressedColor":{"__type__":"cc.Color","r":200,"g":200,"b":200},"pressedColor":{"__type__":"cc.Color","r":200,"g":200,"b":200},"_N$disabledColor":{"__type__":"cc.Color","r":120,"g":120,"b":120,"a":200},"_N$normalSprite":{"__uuid__":"f0BIwQ8D5Ml7nTNQbh1YlS"},"_N$pressedSprite":{"__uuid__":"e97GVMl6JHh5Ml5qEDdSGa"},"pressedSprite":{"__uuid__":"e97GVMl6JHh5Ml5qEDdSGa"},"_N$hoverSprite":{"__uuid__":"f0BIwQ8D5Ml7nTNQbh1YlS"},"hoverSprite":{"__uuid__":"f0BIwQ8D5Ml7nTNQbh1YlS"},"_N$disabledSprite":{"__uuid__":"29FYIk+N1GYaeWH/q1NxQO"},"_N$target":{"__id__":30}}],"_prefab":{"__type__":"cc.PrefabInfo","root":{"__id__":1},"asset":{"__uuid__":"92Y5YCXuJMV6vH99fbqbxJ"},"fileId":"f6jzDRMeJBzpGBLfGxVQjt"},"_contentSize":{"__type__":"cc.Size","width":60,"height":50},"_trs":{"__type__":"TypedArray","ctor":"Float64Array","array":[70,0,0,0,0,0,1,1,1,1]}},{"__type__":"cc.Node","_name":"Background","_parent":{"__id__":29},"_children":[{"__id__":31}],"_components":[{"__type__":"cc.Sprite","node":{"__id__":30},"_materials":[{"__uuid__":"ecpdLyjvZBwrvm+cedCcQy"}],"_spriteFrame":{"__uuid__":"f0BIwQ8D5Ml7nTNQbh1YlS"},"_type":1,"_sizeMode":0},{"__type__":"cc.Widget","node":{"__id__":30},"alignMode":0,"_alignFlags":45,"_originalWidth":100,"_originalHeight":40}],"_prefab":{"__type__":"cc.PrefabInfo","root":{"__id__":1},"asset":{"__uuid__":"92Y5YCXuJMV6vH99fbqbxJ"},"fileId":"c9a1YW5fVGk4sMjeNW1Rhw"},"_contentSize":{"__type__":"cc.Size","width":60,"height":50},"_trs":{"__type__":"TypedArray","ctor":"Float64Array","array":[0,0,0,0,0,0,1,1,1,1]}},{"__type__":"cc.Node","_name":"Label","_parent":{"__id__":30},"_components":[{"__type__":"cc.Label","node":{"__id__":31},"_materials":[{"__uuid__":"ecpdLyjvZBwrvm+cedCcQy"}],"_useOriginalSize":false,"_string":"确认","_N$string":"确认","_fontSize":30,"_lineHeight":30,"_enableWrapText":false,"_N$horizontalAlign":1,"_N$verticalAlign":1,"_N$overflow":1,"_N$cacheMode":1}],"_prefab":{"__type__":"cc.PrefabInfo","root":{"__id__":1},"asset":{"__uuid__":"92Y5YCXuJMV6vH99fbqbxJ"},"fileId":"44FP7I0DdL/YrUNeczvC4M"},"_color":{"__type__":"cc.Color"},"_contentSize":{"__type__":"cc.Size","width":100,"height":40},"_trs":{"__type__":"TypedArray","ctor":"Float64Array","array":[0,0,0,0,0,0,1,1,1,1]}}],{"__type__":"cc.SpriteFrame","content":{"name":"daojishinaozhong","texture":"b0Sc7f3uZB1Yr9nqpwLd8d","rect":[0,0,49,52],"offset":[0,0],"originalSize":[49,52],"capInsets":[0,0,0,0]}},{"__type__":"cc.SpriteFrame","content":{"name":"default_editbox_bg","texture":"ed0hW5J5ZKBar1gflskoHO","rect":[0,0,40,40],"offset":[0,0],"originalSize":[40,40],"capInsets":[12,12,12,12]}}]