[[{"__type__":"cc.Prefab","_name":"UIDerived60","data":{"__id__":1}},{"__type__":"cc.Node","_name":"UIDerived70","_children":[{"__type__":"cc.Node","_name":"bule_node","_parent":{"__id__":1},"_prefab":{"__type__":"cc.PrefabInfo","root":{"__id__":1},"asset":{"__uuid__":"6eyayZc/FC9orMRRVb3+zF"},"fileId":"31knRqiSBAVZZfZ5zu9chb"},"_trs":{"__type__":"TypedArray","ctor":"Float64Array","array":[0,0,0,0,0,0,1,1,1,1]}},{"__type__":"cc.Node","_name":"greenwater_node","_parent":{"__id__":1},"_prefab":{"__type__":"cc.PrefabInfo","root":{"__id__":1},"asset":{"__uuid__":"6eyayZc/FC9orMRRVb3+zF"},"fileId":"30qhfpHs9Cg6aGTBAOYkOi"},"_trs":{"__type__":"TypedArray","ctor":"Float64Array","array":[0,0,0,0,0,0,1,1,1,1]}},{"__type__":"cc.Node","_name":"redwater_node","_parent":{"__id__":1},"_prefab":{"__type__":"cc.PrefabInfo","root":{"__id__":1},"asset":{"__uuid__":"6eyayZc/FC9orMRRVb3+zF"},"fileId":"14vJAV+epBA5RLM52Ni8/5"},"_trs":{"__type__":"TypedArray","ctor":"Float64Array","array":[0,0,0,0,0,0,1,1,1,1]}},{"__id__":2},{"__id__":3},{"__id__":4},{"__id__":5},{"__type__":"cc.Node","_name":"greenPos_node","_parent":{"__id__":1},"_prefab":{"__type__":"cc.PrefabInfo","root":{"__id__":1},"asset":{"__uuid__":"6eyayZc/FC9orMRRVb3+zF"},"fileId":"59vPVDIm9GaL0T4whRfGAW"},"_trs":{"__type__":"TypedArray","ctor":"Float64Array","array":[0,0,0,0,0,0,1,1,1,1]}},{"__type__":"cc.Node","_name":"player","_parent":{"__id__":1},"_prefab":{"__type__":"cc.PrefabInfo","root":{"__id__":1},"asset":{"__uuid__":"6eyayZc/FC9orMRRVb3+zF"},"fileId":"37fl2rwPdDNYy4ylrzefXC"},"_contentSize":{"__type__":"cc.Size","width":240,"height":140},"_trs":{"__type__":"TypedArray","ctor":"Float64Array","array":[229.237,-586.667,0,0,0,0,1,0.7,0.7,1]}},{"__id__":6},{"__id__":8},{"__id__":10},{"__id__":12},{"__id__":14}],"_components":[{"__type__":"cc.Sprite","node":{"__id__":1},"_materials":[{"__uuid__":"ecpdLyjvZBwrvm+cedCcQy"}],"_spriteFrame":{"__uuid__":"965VBAFmpEjrHeSPJTjlqN"}},{"__type__":"cc.RigidBody","node":{"__id__":1},"_type":0},{"__type__":"cc.PhysicsPolygonCollider","node":{"__id__":1},"_offset":{"__type__":"cc.Vec2","x":-419,"y":697},"points":[{"__type__":"cc.Vec2","x":-47,"y":-1451},{"__type__":"cc.Vec2","x":885,"y":-1444},{"__type__":"cc.Vec2","x":885,"y":43},{"__type__":"cc.Vec2","x":650,"y":4},{"__type__":"cc.Vec2","x":655.9,"y":-268.8},{"__type__":"cc.Vec2","x":654.8,"y":-365.6},{"__type__":"cc.Vec2","x":597.9,"y":-403.4},{"__type__":"cc.Vec2","x":436.6,"y":-408},{"__type__":"cc.Vec2","x":391.7,"y":-422.6},{"__type__":"cc.Vec2","x":367,"y":-445.9},{"__type__":"cc.Vec2","x":361.1,"y":-496},{"__type__":"cc.Vec2","x":380.2,"y":-544},{"__type__":"cc.Vec2","x":457.5,"y":-597},{"__type__":"cc.Vec2","x":607.3,"y":-630.5},{"__type__":"cc.Vec2","x":801.2,"y":-649.3},{"__type__":"cc.Vec2","x":825.4,"y":-677.2},{"__type__":"cc.Vec2","x":847,"y":-776.1},{"__type__":"cc.Vec2","x":811.4,"y":-862.3},{"__type__":"cc.Vec2","x":753,"y":-870},{"__type__":"cc.Vec2","x":558,"y":-868},{"__type__":"cc.Vec2","x":481,"y":-894},{"__type__":"cc.Vec2","x":456.9,"y":-925.4},{"__type__":"cc.Vec2","x":459.2,"y":-972.3},{"__type__":"cc.Vec2","x":475,"y":-999},{"__type__":"cc.Vec2","x":523,"y":-1034},{"__type__":"cc.Vec2","x":672,"y":-1075},{"__type__":"cc.Vec2","x":748,"y":-1113},{"__type__":"cc.Vec2","x":785,"y":-1254},{"__type__":"cc.Vec2","x":786,"y":-1344},{"__type__":"cc.Vec2","x":734,"y":-1390},{"__type__":"cc.Vec2","x":663,"y":-1399},{"__type__":"cc.Vec2","x":583,"y":-1373},{"__type__":"cc.Vec2","x":533,"y":-1326},{"__type__":"cc.Vec2","x":517,"y":-1207},{"__type__":"cc.Vec2","x":498,"y":-1136},{"__type__":"cc.Vec2","x":472,"y":-1104},{"__type__":"cc.Vec2","x":399,"y":-1086},{"__type__":"cc.Vec2","x":370.5,"y":-1059.5},{"__type__":"cc.Vec2","x":345,"y":-962},{"__type__":"cc.Vec2","x":379.4,"y":-791.6},{"__type__":"cc.Vec2","x":378,"y":-753},{"__type__":"cc.Vec2","x":330,"y":-700},{"__type__":"cc.Vec2","x":127,"y":-656},{"__type__":"cc.Vec2","x":35,"y":-603},{"__type__":"cc.Vec2","x":-8,"y":-512},{"__type__":"cc.Vec2","x":-0.3,"y":-429.4},{"__type__":"cc.Vec2","x":65,"y":-344},{"__type__":"cc.Vec2","x":166,"y":-319},{"__type__":"cc.Vec2","x":221,"y":-275},{"__type__":"cc.Vec2","x":260,"y":-195},{"__type__":"cc.Vec2","x":269,"y":-10},{"__type__":"cc.Vec2","x":649.4,"y":4.3},{"__type__":"cc.Vec2","x":883.6,"y":42.1},{"__type__":"cc.Vec2","x":-50,"y":50}]},{"__type__":"cc.PhysicsPolygonCollider","node":{"__id__":1},"_offset":{"__type__":"cc.Vec2","x":-267.1,"y":232.4},"points":[{"__type__":"cc.Vec2","x":-69.4,"y":-76.8},{"__type__":"cc.Vec2","x":-33.9,"y":-114.4},{"__type__":"cc.Vec2","x":24.8,"y":-123.4},{"__type__":"cc.Vec2","x":72.5,"y":-101.4},{"__type__":"cc.Vec2","x":109.5,"y":-58.9},{"__type__":"cc.Vec2","x":108.5,"y":10.2},{"__type__":"cc.Vec2","x":65.1,"y":56.5},{"__type__":"cc.Vec2","x":8.3,"y":73.7},{"__type__":"cc.Vec2","x":-50,"y":50},{"__type__":"cc.Vec2","x":-81.9,"y":16.5},{"__type__":"cc.Vec2","x":-89.3,"y":-37.4}]},{"__type__":"1100eDGpRlLMYp5CrYQGpcQ","node":{"__id__":1}}],"_prefab":{"__type__":"cc.PrefabInfo","root":{"__id__":1},"asset":{"__uuid__":"6eyayZc/FC9orMRRVb3+zF"},"fileId":"02Uep0PvFEaLkHJcPAcDoa"},"_contentSize":{"__type__":"cc.Size","width":939,"height":1484},"_trs":{"__type__":"TypedArray","ctor":"Float64Array","array":[0,0,0,0,0,0,1,1,1,1]}},{"__type__":"cc.Node","_name":"black_node","_parent":{"__id__":1},"_components":[{"__type__":"6c0e8KZwr5L34azTYX21stu","node":{"__id__":2}}],"_prefab":{"__type__":"cc.PrefabInfo","root":{"__id__":1},"asset":{"__uuid__":"6eyayZc/FC9orMRRVb3+zF"},"fileId":"f4HX9Z0KlAJpjCA3Kh2eaF"},"_trs":{"__type__":"TypedArray","ctor":"Float64Array","array":[0,0,0,0,0,0,1,1,1,1]}},{"__type__":"cc.Node","_name":"gray_node","_parent":{"__id__":1},"_components":[{"__type__":"3400dF2d2tHLK8+En9baGXY","node":{"__id__":3},"grey_prefab":{"__uuid__":"13FEeEL1NMaK5TFGpFQpJr"}}],"_prefab":{"__type__":"cc.PrefabInfo","root":{"__id__":1},"asset":{"__uuid__":"6eyayZc/FC9orMRRVb3+zF"},"fileId":"e7PyAJO6JO9LLtUZGMwIdy"},"_trs":{"__type__":"TypedArray","ctor":"Float64Array","array":[0,0,0,0,0,0,1,1,1,1]}},{"__type__":"cc.Node","_name":"bulePos_node","_parent":{"__id__":1},"_children":[{"__type__":"cc.Node","_name":"New Node","_parent":{"__id__":4},"_prefab":{"__type__":"cc.PrefabInfo","root":{"__id__":1},"asset":{"__uuid__":"6eyayZc/FC9orMRRVb3+zF"},"fileId":"86zUyhkVVCirMwc8OpM8GX"},"_trs":{"__type__":"TypedArray","ctor":"Float64Array","array":[-173.544,387.816,0,0,0,0,1,1,1,1]}}],"_prefab":{"__type__":"cc.PrefabInfo","root":{"__id__":1},"asset":{"__uuid__":"6eyayZc/FC9orMRRVb3+zF"},"fileId":"36GymNU65HnamCNX5I8maI"},"_trs":{"__type__":"TypedArray","ctor":"Float64Array","array":[0,0,0,0,0,0,1,1,1,1]}},{"__type__":"cc.Node","_name":"redPos_node","_parent":{"__id__":1},"_children":[{"__type__":"cc.Node","_name":"New Node","_parent":{"__id__":5},"_prefab":{"__type__":"cc.PrefabInfo","root":{"__id__":1},"asset":{"__uuid__":"6eyayZc/FC9orMRRVb3+zF"},"fileId":"25qW+5cElIrKcT/aPVeZFo"},"_trs":{"__type__":"TypedArray","ctor":"Float64Array","array":[298.114,7.557,0,0,0,0,1,1,1,1]}}],"_prefab":{"__type__":"cc.PrefabInfo","root":{"__id__":1},"asset":{"__uuid__":"6eyayZc/FC9orMRRVb3+zF"},"fileId":"29Wsoq51hBPqtL3ZQc5vBe"},"_trs":{"__type__":"TypedArray","ctor":"Float64Array","array":[0,0,0,0,0,0,1,1,1,1]}},{"__type__":"cc.Node","_name":"zhenNode","_parent":{"__id__":1},"_children":[{"__id__":7}],"_prefab":{"__type__":"cc.PrefabInfo","root":{"__id__":1},"asset":{"__uuid__":"6eyayZc/FC9orMRRVb3+zF"},"fileId":"12g0akAlBJ17AJz1MgHaiE"},"_trs":{"__type__":"TypedArray","ctor":"Float64Array","array":[385.652,97.758,0,0,0,0.7071067811865476,-0.7071067811865475,1,1,1]},"_eulerAngles":{"__type__":"cc.Vec3","z":270},"_groupIndex":8,"groupIndex":8},{"__type__":"cc.Node","_name":"zhen","_parent":{"__id__":6},"_components":[{"__type__":"cc.Sprite","node":{"__id__":7},"_materials":[{"__uuid__":"ecpdLyjvZBwrvm+cedCcQy"}],"_spriteFrame":{"__uuid__":"81u1O4l2lM2IGXbUA/0aw7"},"_type":1,"_sizeMode":0},{"__type__":"cc.RigidBody","node":{"__id__":7},"_type":3,"_allowSleep":false,"_gravityScale":0,"_fixedRotation":true,"enabledContactListener":true,"bullet":true},{"__type__":"cc.PhysicsPolygonCollider","node":{"__id__":7},"tag":222,"_offset":{"__type__":"cc.Vec2","x":429.1,"y":-1.9},"points":[{"__type__":"cc.Vec2","x":-45.6,"y":-46.2},{"__type__":"cc.Vec2","x":-28.8,"y":-62.9},{"__type__":"cc.Vec2","x":25.9,"y":-62.5},{"__type__":"cc.Vec2","x":61,"y":-42.6},{"__type__":"cc.Vec2","x":59,"y":35.6},{"__type__":"cc.Vec2","x":30.5,"y":64.6},{"__type__":"cc.Vec2","x":-35.9,"y":58.8},{"__type__":"cc.Vec2","x":-52.2,"y":41.4},{"__type__":"cc.Vec2","x":-915.1,"y":36.4},{"__type__":"cc.Vec2","x":-916.5,"y":-32.6},{"__type__":"cc.Vec2","x":-49.2,"y":-34.3}]},{"__type__":"72555Q9muRD1505Zi2fOOxm","node":{"__id__":7},"linevelocityX":500}],"_prefab":{"__type__":"cc.PrefabInfo","root":{"__id__":1},"asset":{"__uuid__":"6eyayZc/FC9orMRRVb3+zF"},"fileId":"84tRP75j5DD6vbrh5i+RAY"},"_contentSize":{"__type__":"cc.Size","width":973,"height":111},"_trs":{"__type__":"TypedArray","ctor":"Float64Array","array":[0,0,0,0,0,0,1,0.8,0.8,0.8]},"_groupIndex":8,"groupIndex":8},{"__type__":"cc.Node","_name":"zhenNode","_parent":{"__id__":1},"_children":[{"__id__":9}],"_prefab":{"__type__":"cc.PrefabInfo","root":{"__id__":1},"asset":{"__uuid__":"6eyayZc/FC9orMRRVb3+zF"},"fileId":"9dWGs9MEtGZ5QAO4VeUIed"},"_trs":{"__type__":"TypedArray","ctor":"Float64Array","array":[12.113,430.967,0,0,0,0,1,1,1,1]},"_groupIndex":8,"groupIndex":8},{"__type__":"cc.Node","_name":"zhen","_parent":{"__id__":8},"_components":[{"__type__":"cc.Sprite","node":{"__id__":9},"_materials":[{"__uuid__":"ecpdLyjvZBwrvm+cedCcQy"}],"_spriteFrame":{"__uuid__":"81u1O4l2lM2IGXbUA/0aw7"},"_type":1,"_sizeMode":0},{"__type__":"cc.RigidBody","node":{"__id__":9},"_type":3,"_allowSleep":false,"_gravityScale":0,"_fixedRotation":true,"enabledContactListener":true,"bullet":true},{"__type__":"cc.PhysicsPolygonCollider","node":{"__id__":9},"tag":222,"_offset":{"__type__":"cc.Vec2","x":366,"y":2},"points":[{"__type__":"cc.Vec2","x":-48.9,"y":-66.3},{"__type__":"cc.Vec2","x":62.5,"y":-66.3},{"__type__":"cc.Vec2","x":63,"y":67.4},{"__type__":"cc.Vec2","x":-48.4,"y":69},{"__type__":"cc.Vec2","x":-52.2,"y":41.4},{"__type__":"cc.Vec2","x":-796,"y":36},{"__type__":"cc.Vec2","x":-797,"y":-33},{"__type__":"cc.Vec2","x":-49.2,"y":-34.3}]},{"__type__":"72555Q9muRD1505Zi2fOOxm","node":{"__id__":9},"linevelocityX":500}],"_prefab":{"__type__":"cc.PrefabInfo","root":{"__id__":1},"asset":{"__uuid__":"6eyayZc/FC9orMRRVb3+zF"},"fileId":"73CvN68PlPApYIp8mTsfMu"},"_contentSize":{"__type__":"cc.Size","width":860,"height":111},"_trs":{"__type__":"TypedArray","ctor":"Float64Array","array":[0,0,0,0,0,0,1,0.8,0.8,0.8]},"_groupIndex":8,"groupIndex":8},{"__type__":"cc.Node","_name":"zhenNode","_parent":{"__id__":1},"_children":[{"__id__":11}],"_prefab":{"__type__":"cc.PrefabInfo","root":{"__id__":1},"asset":{"__uuid__":"6eyayZc/FC9orMRRVb3+zF"},"fileId":"0aq4S8cC1FBYIPE/jESo4k"},"_trs":{"__type__":"TypedArray","ctor":"Float64Array","array":[-297.77,174.808,0,0,0,0.7071067811865475,0.7071067811865476,1,1,1]},"_eulerAngles":{"__type__":"cc.Vec3","z":90},"_groupIndex":8,"groupIndex":8},{"__type__":"cc.Node","_name":"zhen","_parent":{"__id__":10},"_components":[{"__type__":"cc.Sprite","node":{"__id__":11},"_materials":[{"__uuid__":"ecpdLyjvZBwrvm+cedCcQy"}],"_spriteFrame":{"__uuid__":"81u1O4l2lM2IGXbUA/0aw7"},"_type":1},{"__type__":"cc.RigidBody","node":{"__id__":11},"_type":3,"_allowSleep":false,"_gravityScale":0,"_fixedRotation":true,"enabledContactListener":true,"bullet":true},{"__type__":"cc.PhysicsPolygonCollider","node":{"__id__":11},"tag":222,"_offset":{"__type__":"cc.Vec2","x":241,"y":-1},"points":[{"__type__":"cc.Vec2","x":-48.9,"y":-66.3},{"__type__":"cc.Vec2","x":62.5,"y":-66.3},{"__type__":"cc.Vec2","x":63,"y":67.4},{"__type__":"cc.Vec2","x":-48.4,"y":69},{"__type__":"cc.Vec2","x":-52.2,"y":41.4},{"__type__":"cc.Vec2","x":-533.6,"y":43.1},{"__type__":"cc.Vec2","x":-532.1,"y":-35.8},{"__type__":"cc.Vec2","x":-49.2,"y":-34.3}]},{"__type__":"72555Q9muRD1505Zi2fOOxm","node":{"__id__":11},"linevelocityX":500}],"_prefab":{"__type__":"cc.PrefabInfo","root":{"__id__":1},"asset":{"__uuid__":"6eyayZc/FC9orMRRVb3+zF"},"fileId":"a8enMdFIFGAYsPv6w8IfuI"},"_contentSize":{"__type__":"cc.Size","width":587,"height":111},"_trs":{"__type__":"TypedArray","ctor":"Float64Array","array":[0,0,0,0,0,0,1,0.8,0.8,0.8]},"_groupIndex":8,"groupIndex":8},{"__type__":"cc.Node","_name":"zhenNode","_parent":{"__id__":1},"_children":[{"__id__":13}],"_prefab":{"__type__":"cc.PrefabInfo","root":{"__id__":1},"asset":{"__uuid__":"6eyayZc/FC9orMRRVb3+zF"},"fileId":"13ktYI2C9HMacMn8g8bcBa"},"_trs":{"__type__":"TypedArray","ctor":"Float64Array","array":[114.045,70.193,0,0,0,0.7071067811865476,-0.7071067811865475,1,1,1]},"_eulerAngles":{"__type__":"cc.Vec3","z":270},"_groupIndex":8,"groupIndex":8},{"__type__":"cc.Node","_name":"zhen","_parent":{"__id__":12},"_components":[{"__type__":"cc.Sprite","node":{"__id__":13},"_materials":[{"__uuid__":"ecpdLyjvZBwrvm+cedCcQy"}],"_spriteFrame":{"__uuid__":"81u1O4l2lM2IGXbUA/0aw7"},"_type":1,"_sizeMode":0},{"__type__":"cc.RigidBody","node":{"__id__":13},"_type":3,"_allowSleep":false,"_gravityScale":0,"_fixedRotation":true,"enabledContactListener":true,"bullet":true},{"__type__":"cc.PhysicsPolygonCollider","node":{"__id__":13},"tag":222,"_offset":{"__type__":"cc.Vec2","x":361.6,"y":-0.1},"points":[{"__type__":"cc.Vec2","x":-48.9,"y":-66.3},{"__type__":"cc.Vec2","x":62.5,"y":-66.3},{"__type__":"cc.Vec2","x":63,"y":67.4},{"__type__":"cc.Vec2","x":-48.4,"y":69},{"__type__":"cc.Vec2","x":-52.2,"y":41.4},{"__type__":"cc.Vec2","x":-785,"y":34.5},{"__type__":"cc.Vec2","x":-782.6,"y":-25.5},{"__type__":"cc.Vec2","x":-49.2,"y":-34.3}]},{"__type__":"72555Q9muRD1505Zi2fOOxm","node":{"__id__":13},"linevelocityX":500}],"_prefab":{"__type__":"cc.PrefabInfo","root":{"__id__":1},"asset":{"__uuid__":"6eyayZc/FC9orMRRVb3+zF"},"fileId":"f0C6i+ay9D8q4F96eXsOYT"},"_contentSize":{"__type__":"cc.Size","width":844,"height":111},"_trs":{"__type__":"TypedArray","ctor":"Float64Array","array":[0,0,0,0,0,0,1,0.8,0.8,0.8]},"_groupIndex":8,"groupIndex":8},{"__type__":"cc.Node","_name":"zhenNode","_parent":{"__id__":1},"_children":[{"__id__":15}],"_prefab":{"__type__":"cc.PrefabInfo","root":{"__id__":1},"asset":{"__uuid__":"6eyayZc/FC9orMRRVb3+zF"},"fileId":"ccTPKjdztFDbyy5q54jJ9I"},"_trs":{"__type__":"TypedArray","ctor":"Float64Array","array":[-92.669,290.029,0,0,0,0,1,1,1,1]},"_groupIndex":8,"groupIndex":8},{"__type__":"cc.Node","_name":"zhen","_parent":{"__id__":14},"_components":[{"__type__":"cc.Sprite","node":{"__id__":15},"_materials":[{"__uuid__":"ecpdLyjvZBwrvm+cedCcQy"}],"_spriteFrame":{"__uuid__":"81u1O4l2lM2IGXbUA/0aw7"},"_type":1,"_sizeMode":0},{"__type__":"cc.RigidBody","node":{"__id__":15},"_type":3,"_allowSleep":false,"_gravityScale":0,"_fixedRotation":true,"enabledContactListener":true,"bullet":true},{"__type__":"cc.PhysicsPolygonCollider","node":{"__id__":15},"tag":222,"_offset":{"__type__":"cc.Vec2","x":167,"y":-6},"points":[{"__type__":"cc.Vec2","x":-48.9,"y":-66.3},{"__type__":"cc.Vec2","x":62.5,"y":-66.3},{"__type__":"cc.Vec2","x":63,"y":67.4},{"__type__":"cc.Vec2","x":-48.4,"y":69},{"__type__":"cc.Vec2","x":-52.2,"y":41.4},{"__type__":"cc.Vec2","x":-397,"y":41},{"__type__":"cc.Vec2","x":-397,"y":-22},{"__type__":"cc.Vec2","x":-49.2,"y":-34.3}]},{"__type__":"72555Q9muRD1505Zi2fOOxm","node":{"__id__":15},"linevelocityX":500}],"_prefab":{"__type__":"cc.PrefabInfo","root":{"__id__":1},"asset":{"__uuid__":"6eyayZc/FC9orMRRVb3+zF"},"fileId":"dfjv0dMzlP672Ym2mtNJEk"},"_contentSize":{"__type__":"cc.Size","width":460,"height":111},"_trs":{"__type__":"TypedArray","ctor":"Float64Array","array":[0,0,0,0,0,0,1,0.8,0.8,0.8]},"_groupIndex":8,"groupIndex":8}],{"__type__":"cc.SpriteFrame","content":{"name":"guanqia60","texture":"b9/eKUSWlDRqkalmcnIHLk","rect":[1,1,937,1483],"offset":[0,-0.5],"originalSize":[939,1484],"capInsets":[0,0,0,0]}}]