[{"__type__":"cc.SpriteFrame","content":{"name":"guanqia24","texture":"02wip+WgFF2pczFicGUDg0","rect":[1,1,892,1491],"offset":[0,0],"originalSize":[894,1493],"capInsets":[0,0,0,0]}},[{"__type__":"cc.Prefab","_name":"UIDerived34","data":{"__id__":1}},{"__type__":"cc.Node","_name":"UIDerived39","_children":[{"__type__":"cc.Node","_name":"greenPos_node","_parent":{"__id__":1},"_prefab":{"__type__":"cc.PrefabInfo","root":{"__id__":1},"asset":{"__uuid__":"e4CPSdBGhDd6cbdZRphwC1"},"fileId":"23QsG6qwRGcbLAtou5u9nh"},"_trs":{"__type__":"TypedArray","ctor":"Float64Array","array":[0,0,0,0,0,0,1,1,1,1]}},{"__id__":2},{"__id__":3},{"__id__":4},{"__id__":5},{"__type__":"cc.Node","_name":"redwater_node","_parent":{"__id__":1},"_prefab":{"__type__":"cc.PrefabInfo","root":{"__id__":1},"asset":{"__uuid__":"e4CPSdBGhDd6cbdZRphwC1"},"fileId":"0a3B3jyS9Hs6VnVKeBexIh"},"_trs":{"__type__":"TypedArray","ctor":"Float64Array","array":[0,0,0,0,0,0,1,1,1,1]}},{"__type__":"cc.Node","_name":"greenwater_node","_parent":{"__id__":1},"_prefab":{"__type__":"cc.PrefabInfo","root":{"__id__":1},"asset":{"__uuid__":"e4CPSdBGhDd6cbdZRphwC1"},"fileId":"33RZuqadRPd6p68kz3v4Je"},"_trs":{"__type__":"TypedArray","ctor":"Float64Array","array":[0,0,0,0,0,0,1,1,1,1]}},{"__type__":"cc.Node","_name":"bule_node","_parent":{"__id__":1},"_prefab":{"__type__":"cc.PrefabInfo","root":{"__id__":1},"asset":{"__uuid__":"e4CPSdBGhDd6cbdZRphwC1"},"fileId":"94ZiuwNTZIL4TnGZxIEBHZ"},"_trs":{"__type__":"TypedArray","ctor":"Float64Array","array":[0,0,0,0,0,0,1,1,1,1]}},{"__id__":6},{"__id__":9},{"__id__":12},{"__type__":"cc.Node","_name":"enemy","_parent":{"__id__":1},"_prefab":{"__type__":"cc.PrefabInfo","root":{"__id__":1},"asset":{"__uuid__":"e4CPSdBGhDd6cbdZRphwC1"},"fileId":"57ydSGCKlJ3Y3lBn1ovETT"},"_trs":{"__type__":"TypedArray","ctor":"Float64Array","array":[-300.958,-645.568,0,0,0,0,1,1,1,1]}},{"__type__":"cc.Node","_name":"player","_parent":{"__id__":1},"_prefab":{"__type__":"cc.PrefabInfo","root":{"__id__":1},"asset":{"__uuid__":"e4CPSdBGhDd6cbdZRphwC1"},"fileId":"d3im02afhNGrbRy0HqCXqs"},"_contentSize":{"__type__":"cc.Size","width":240,"height":140},"_trs":{"__type__":"TypedArray","ctor":"Float64Array","array":[16.947,-633.156,0,0,0,0,1,0.7,0.7,0.7]}}],"_components":[{"__type__":"cc.Sprite","node":{"__id__":1},"_materials":[{"__uuid__":"ecpdLyjvZBwrvm+cedCcQy"}],"_spriteFrame":{"__uuid__":"45DxiX1mpOB5O2tFY7ytbq"}},{"__type__":"1100eDGpRlLMYp5CrYQGpcQ","node":{"__id__":1},"player_happy":true},{"__type__":"cc.RigidBody","node":{"__id__":1},"_type":0},{"__type__":"cc.PhysicsPolygonCollider","node":{"__id__":1},"_offset":{"__type__":"cc.Vec2","x":-416,"y":717},"points":[{"__type__":"cc.Vec2","x":-31.6,"y":-285.2},{"__type__":"cc.Vec2","x":11.9,"y":-239.6},{"__type__":"cc.Vec2","x":11.4,"y":-16.2},{"__type__":"cc.Vec2","x":771,"y":-14.6},{"__type__":"cc.Vec2","x":816,"y":-523},{"__type__":"cc.Vec2","x":813,"y":-1148},{"__type__":"cc.Vec2","x":443,"y":-1170},{"__type__":"cc.Vec2","x":436,"y":-1215},{"__type__":"cc.Vec2","x":457,"y":-1255},{"__type__":"cc.Vec2","x":568.4,"y":-1260.5},{"__type__":"cc.Vec2","x":569.1,"y":-1423.2},{"__type__":"cc.Vec2","x":332.9,"y":-1420.6},{"__type__":"cc.Vec2","x":333.7,"y":-1181},{"__type__":"cc.Vec2","x":311.7,"y":-1168.3},{"__type__":"cc.Vec2","x":268.5,"y":-1163.8},{"__type__":"cc.Vec2","x":268,"y":-582},{"__type__":"cc.Vec2","x":691.3,"y":-584.9},{"__type__":"cc.Vec2","x":714.8,"y":-575},{"__type__":"cc.Vec2","x":717.3,"y":-521.2},{"__type__":"cc.Vec2","x":698.6,"y":-502.9},{"__type__":"cc.Vec2","x":208.5,"y":-495.7},{"__type__":"cc.Vec2","x":185,"y":-512.2},{"__type__":"cc.Vec2","x":180.7,"y":-539.7},{"__type__":"cc.Vec2","x":179.4,"y":-1224.4},{"__type__":"cc.Vec2","x":190.9,"y":-1249.4},{"__type__":"cc.Vec2","x":243.4,"y":-1253},{"__type__":"cc.Vec2","x":242.3,"y":-1422.7},{"__type__":"cc.Vec2","x":10.5,"y":-1421.3},{"__type__":"cc.Vec2","x":15.5,"y":-1251.4},{"__type__":"cc.Vec2","x":64,"y":-1248},{"__type__":"cc.Vec2","x":77,"y":-1230},{"__type__":"cc.Vec2","x":75.6,"y":-397},{"__type__":"cc.Vec2","x":701,"y":-394},{"__type__":"cc.Vec2","x":720.6,"y":-382.4},{"__type__":"cc.Vec2","x":730.4,"y":-351.1},{"__type__":"cc.Vec2","x":722.3,"y":-316.1},{"__type__":"cc.Vec2","x":696.2,"y":-295.7},{"__type__":"cc.Vec2","x":634.8,"y":-279.7},{"__type__":"cc.Vec2","x":9.5,"y":-241.5},{"__type__":"cc.Vec2","x":-32.6,"y":-285.4},{"__type__":"cc.Vec2","x":-33.3,"y":-1464.8},{"__type__":"cc.Vec2","x":862,"y":-1462},{"__type__":"cc.Vec2","x":865.8,"y":35.9},{"__type__":"cc.Vec2","x":-50,"y":50}]},{"__type__":"cc.PhysicsPolygonCollider","node":{"__id__":1},"points":[{"__type__":"cc.Vec2","x":-44,"y":-363},{"__type__":"cc.Vec2","x":298,"y":-359},{"__type__":"cc.Vec2","x":301,"y":21},{"__type__":"cc.Vec2","x":-44,"y":28}]}],"_prefab":{"__type__":"cc.PrefabInfo","root":{"__id__":1},"asset":{"__uuid__":"e4CPSdBGhDd6cbdZRphwC1"},"fileId":"47/OIO339Mga8UZQIaIQ2/"},"_contentSize":{"__type__":"cc.Size","width":892,"height":1491},"_trs":{"__type__":"TypedArray","ctor":"Float64Array","array":[-41.581,1.219,0,0,0,0,1,1,1,1]}},{"__type__":"cc.Node","_name":"redPos_node","_parent":{"__id__":1},"_children":[{"__type__":"cc.Node","_name":"New Node","_parent":{"__id__":2},"_prefab":{"__type__":"cc.PrefabInfo","root":{"__id__":1},"asset":{"__uuid__":"e4CPSdBGhDd6cbdZRphwC1"},"fileId":"2fPobZAJ9BO5DwnJ3tzA0v"},"_trs":{"__type__":"TypedArray","ctor":"Float64Array","array":[-179.197,535.293,0,0,0,0,1,1,1,1]}}],"_prefab":{"__type__":"cc.PrefabInfo","root":{"__id__":1},"asset":{"__uuid__":"e4CPSdBGhDd6cbdZRphwC1"},"fileId":"d9qgVq7YpN35sea8szZFJA"},"_trs":{"__type__":"TypedArray","ctor":"Float64Array","array":[0,0,0,0,0,0,1,1,1,1]}},{"__type__":"cc.Node","_name":"bulePos_node","_parent":{"__id__":1},"_children":[{"__type__":"cc.Node","_name":"New Node","_parent":{"__id__":3},"_prefab":{"__type__":"cc.PrefabInfo","root":{"__id__":1},"asset":{"__uuid__":"e4CPSdBGhDd6cbdZRphwC1"},"fileId":"8evJcCX7ZGxJBfnMlcu4vv"},"_trs":{"__type__":"TypedArray","ctor":"Float64Array","array":[-315.756,-499.644,0,0,0,0,1,1,1,1]}},{"__type__":"cc.Node","_name":"New Node","_parent":{"__id__":3},"_prefab":{"__type__":"cc.PrefabInfo","root":{"__id__":1},"asset":{"__uuid__":"e4CPSdBGhDd6cbdZRphwC1"},"fileId":"59TlEoJi5AM6A/P8Jp7r4V"},"_trs":{"__type__":"TypedArray","ctor":"Float64Array","array":[-45.756,-500.644,0,0,0,0,1,1,1,1]}}],"_prefab":{"__type__":"cc.PrefabInfo","root":{"__id__":1},"asset":{"__uuid__":"e4CPSdBGhDd6cbdZRphwC1"},"fileId":"a2+EmU/Z5ClJ+4dpF9mTvK"},"_trs":{"__type__":"TypedArray","ctor":"Float64Array","array":[0,0,0,0,0,0,1,1,1,1]}},{"__type__":"cc.Node","_name":"gray_node","_parent":{"__id__":1},"_components":[{"__type__":"3400dF2d2tHLK8+En9baGXY","node":{"__id__":4},"grey_prefab":{"__uuid__":"13FEeEL1NMaK5TFGpFQpJr"}}],"_prefab":{"__type__":"cc.PrefabInfo","root":{"__id__":1},"asset":{"__uuid__":"e4CPSdBGhDd6cbdZRphwC1"},"fileId":"31oxYNfFNCsoAb/Bvtxjkh"},"_trs":{"__type__":"TypedArray","ctor":"Float64Array","array":[0,0,0,0,0,0,1,1,1,1]}},{"__type__":"cc.Node","_name":"black_node","_parent":{"__id__":1},"_components":[{"__type__":"6c0e8KZwr5L34azTYX21stu","node":{"__id__":5}}],"_prefab":{"__type__":"cc.PrefabInfo","root":{"__id__":1},"asset":{"__uuid__":"e4CPSdBGhDd6cbdZRphwC1"},"fileId":"7d2tuzxVRDprwXPqC+Typo"},"_trs":{"__type__":"TypedArray","ctor":"Float64Array","array":[0,0,0,0,0,0,1,1,1,1]}},{"__type__":"cc.Node","_name":"MoveProp","_parent":{"__id__":1},"_children":[{"__id__":7},{"__id__":8}],"_prefab":{"__type__":"cc.PrefabInfo","root":{"__id__":1},"asset":{"__uuid__":"e4CPSdBGhDd6cbdZRphwC1"},"fileId":"f5gsVmFx1MoJGJ+GgAV2Jz"},"_trs":{"__type__":"TypedArray","ctor":"Float64Array","array":[354.678,374.476,0,0,0,0,1,1,1,1]}},{"__type__":"cc.Node","_name":"Bar","_parent":{"__id__":6},"_components":[{"__type__":"cc.Sprite","node":{"__id__":7},"_materials":[{"__uuid__":"ecpdLyjvZBwrvm+cedCcQy"}],"_spriteFrame":{"__uuid__":"36nyDwRspBQpKV3/57IicC"},"_type":1},{"__type__":"cc.RigidBody","node":{"__id__":7},"_type":0},{"__type__":"cc.PhysicsPolygonCollider","node":{"__id__":7},"points":[{"__type__":"cc.Vec2","x":-114.4,"y":-31.1},{"__type__":"cc.Vec2","x":116,"y":-31.3},{"__type__":"cc.Vec2","x":115.1,"y":31.8},{"__type__":"cc.Vec2","x":-114.2,"y":31.3}]},{"__type__":"8a64bLvzRlHBakXZIa7SBbN","node":{"__id__":7}}],"_prefab":{"__type__":"cc.PrefabInfo","root":{"__id__":1},"asset":{"__uuid__":"e4CPSdBGhDd6cbdZRphwC1"},"fileId":"d8UqOfDZpOnbJbjeOAptpL"},"_contentSize":{"__type__":"cc.Size","width":230,"height":65},"_trs":{"__type__":"TypedArray","ctor":"Float64Array","array":[0,0,0,0,0,0,1,1,1,1]}},{"__type__":"cc.Node","_name":"BarBG","_parent":{"__id__":6},"_components":[{"__type__":"cc.Sprite","node":{"__id__":8},"_materials":[{"__uuid__":"ecpdLyjvZBwrvm+cedCcQy"}],"_spriteFrame":{"__uuid__":"d8hqEurO5O3r/JLAsbxS//"},"_type":1}],"_prefab":{"__type__":"cc.PrefabInfo","root":{"__id__":1},"asset":{"__uuid__":"e4CPSdBGhDd6cbdZRphwC1"},"fileId":"4amZT3XTJJ7rzMbUp2mb8l"},"_contentSize":{"__type__":"cc.Size","width":427,"height":66},"_trs":{"__type__":"TypedArray","ctor":"Float64Array","array":[-86,0,0,0,0,0,1,1,1,1]}},{"__type__":"cc.Node","_name":"MoveProp","_parent":{"__id__":1},"_children":[{"__id__":10},{"__id__":11}],"_prefab":{"__type__":"cc.PrefabInfo","root":{"__id__":1},"asset":{"__uuid__":"e4CPSdBGhDd6cbdZRphwC1"},"fileId":"f4V6G5IIFHIqE/zbjhEY2l"},"_trs":{"__type__":"TypedArray","ctor":"Float64Array","array":[549.348,170.781,0,0,0,0,1,1,1,1]}},{"__type__":"cc.Node","_name":"Bar","_parent":{"__id__":9},"_components":[{"__type__":"cc.Sprite","node":{"__id__":10},"_materials":[{"__uuid__":"ecpdLyjvZBwrvm+cedCcQy"}],"_spriteFrame":{"__uuid__":"36nyDwRspBQpKV3/57IicC"},"_type":1},{"__type__":"cc.RigidBody","node":{"__id__":10},"_type":0},{"__type__":"cc.PhysicsPolygonCollider","node":{"__id__":10},"points":[{"__type__":"cc.Vec2","x":-114.4,"y":-31.1},{"__type__":"cc.Vec2","x":116,"y":-31.3},{"__type__":"cc.Vec2","x":115.1,"y":31.8},{"__type__":"cc.Vec2","x":-114.2,"y":31.3}]},{"__type__":"8a64bLvzRlHBakXZIa7SBbN","node":{"__id__":10}}],"_prefab":{"__type__":"cc.PrefabInfo","root":{"__id__":1},"asset":{"__uuid__":"e4CPSdBGhDd6cbdZRphwC1"},"fileId":"cc7Rti4VRNuZ508+lgDh0s"},"_contentSize":{"__type__":"cc.Size","width":230,"height":65},"_trs":{"__type__":"TypedArray","ctor":"Float64Array","array":[0,0,0,0,0,0,1,1,1,1]}},{"__type__":"cc.Node","_name":"BarBG","_parent":{"__id__":9},"_components":[{"__type__":"cc.Sprite","node":{"__id__":11},"_materials":[{"__uuid__":"ecpdLyjvZBwrvm+cedCcQy"}],"_spriteFrame":{"__uuid__":"d8hqEurO5O3r/JLAsbxS//"},"_type":1,"_sizeMode":0}],"_prefab":{"__type__":"cc.PrefabInfo","root":{"__id__":1},"asset":{"__uuid__":"e4CPSdBGhDd6cbdZRphwC1"},"fileId":"d01nhQt+JNpKK9sWqmw/og"},"_contentSize":{"__type__":"cc.Size","width":489,"height":66},"_trs":{"__type__":"TypedArray","ctor":"Float64Array","array":[-112,0,0,0,0,0,1,1,1,1]}},{"__type__":"cc.Node","_name":"MoveProp","_parent":{"__id__":1},"_children":[{"__id__":13},{"__id__":14}],"_prefab":{"__type__":"cc.PrefabInfo","root":{"__id__":1},"asset":{"__uuid__":"e4CPSdBGhDd6cbdZRphwC1"},"fileId":"81AW2KKTNCpZAlJxcbBTLu"},"_trs":{"__type__":"TypedArray","ctor":"Float64Array","array":[84.043,-153.111,0,0,0,0.7071067811865475,0.7071067811865476,1,1,1]},"_eulerAngles":{"__type__":"cc.Vec3","z":90}},{"__type__":"cc.Node","_name":"Bar","_parent":{"__id__":12},"_components":[{"__type__":"cc.Sprite","node":{"__id__":13},"_materials":[{"__uuid__":"ecpdLyjvZBwrvm+cedCcQy"}],"_spriteFrame":{"__uuid__":"36nyDwRspBQpKV3/57IicC"},"_type":1},{"__type__":"cc.RigidBody","node":{"__id__":13},"_type":0},{"__type__":"cc.PhysicsPolygonCollider","node":{"__id__":13},"points":[{"__type__":"cc.Vec2","x":-114.4,"y":-31.1},{"__type__":"cc.Vec2","x":116,"y":-31.3},{"__type__":"cc.Vec2","x":115.1,"y":31.8},{"__type__":"cc.Vec2","x":-114.2,"y":31.3}]},{"__type__":"8a64bLvzRlHBakXZIa7SBbN","node":{"__id__":13}}],"_prefab":{"__type__":"cc.PrefabInfo","root":{"__id__":1},"asset":{"__uuid__":"e4CPSdBGhDd6cbdZRphwC1"},"fileId":"1fcj7FfmxEQaHESTdUQhzm"},"_contentSize":{"__type__":"cc.Size","width":230,"height":65},"_trs":{"__type__":"TypedArray","ctor":"Float64Array","array":[0,0,0,0,0,0,1,1,1,1]}},{"__type__":"cc.Node","_name":"BarBG","_parent":{"__id__":12},"_components":[{"__type__":"cc.Sprite","node":{"__id__":14},"_materials":[{"__uuid__":"ecpdLyjvZBwrvm+cedCcQy"}],"_spriteFrame":{"__uuid__":"d8hqEurO5O3r/JLAsbxS//"},"_type":1,"_sizeMode":0}],"_prefab":{"__type__":"cc.PrefabInfo","root":{"__id__":1},"asset":{"__uuid__":"e4CPSdBGhDd6cbdZRphwC1"},"fileId":"aeg/B4yIxEz6n7JFQbr74W"},"_contentSize":{"__type__":"cc.Size","width":606,"height":66},"_trs":{"__type__":"TypedArray","ctor":"Float64Array","array":[0,0,0,0,0,0,1,1,1,1]}}]]