{"__type__":"sp.SkeletonData","_name":"djdh","_skeletonJson":{"skeleton":{"hash":"aW1om1T2imCLDrMs/EAbDs69AkY","spine":"3.7.94","width":422.63,"height":235,"images":"./images/","audio":"/Users/zhongzhihao/Documents/深圳市优智信息有限公司/临时处理文件/项目/救救小金鱼/spine/电锯动画/images"},"bones":[{"name":"root"},{"name":"jpj","parent":"root"},{"name":"jp","parent":"jpj","length":63.5,"rotation":-0.45,"x":-118.44,"y":-52.42},{"name":"jp2","parent":"jpj","length":63.5,"rotation":-0.45,"x":-59.01,"y":-52.89},{"name":"jp3","parent":"jpj","length":63.5,"rotation":-0.45,"x":-0.63,"y":-53.34},{"name":"jp4","parent":"jpj","length":63.5,"rotation":-0.45,"x":59.16,"y":-53.81},{"name":"jp5","parent":"jpj","length":63.5,"rotation":-0.45,"x":117.92,"y":-54.27},{"name":"jp6","parent":"jpj","length":63.5,"rotation":-0.45,"x":176.36,"y":-54.73},{"name":"jp7","parent":"jpj","length":63.5,"rotation":-0.45,"x":237.99,"y":-55.22},{"name":"jp8","parent":"jpj","length":63.5,"rotation":-0.45,"x":296.05,"y":-55.67},{"name":"jp9","parent":"jpj","length":63.5,"rotation":-0.45,"x":353.39,"y":-56.12},{"name":"jp10","parent":"jpj","length":63.5,"rotation":-0.45,"x":413.52,"y":-56.59},{"name":"jp11","parent":"jpj","length":63.5,"rotation":-0.45,"x":473.67,"y":-57.06},{"name":"jp12","parent":"jpj","length":63.5,"rotation":-0.45,"x":529.97,"y":-57.51},{"name":"jp13","parent":"jpj","length":63.5,"rotation":-0.45,"x":767.11,"y":-59.37},{"name":"jp14","parent":"jpj","length":63.5,"rotation":-0.45,"x":825.87,"y":-59.83},{"name":"jp15","parent":"jpj","length":63.5,"rotation":-0.45,"x":707.32,"y":-58.9},{"name":"jp16","parent":"jpj","length":63.5,"rotation":-0.45,"x":648.94,"y":-58.44},{"name":"jp17","parent":"jpj","length":63.5,"rotation":-0.45,"x":589.5,"y":-57.97}],"slots":[{"name":"jp","bone":"jp","attachment":"jp"},{"name":"jp17","bone":"jp17","attachment":"jp"},{"name":"jp2","bone":"jp2","attachment":"jp"},{"name":"jp16","bone":"jp16","attachment":"jp"},{"name":"jp3","bone":"jp3","attachment":"jp"},{"name":"jp15","bone":"jp15","attachment":"jp"},{"name":"jp4","bone":"jp4","attachment":"jp"},{"name":"jp13","bone":"jp13","attachment":"jp"},{"name":"jp5","bone":"jp5","attachment":"jp"},{"name":"jp14","bone":"jp14","attachment":"jp"},{"name":"jp6","bone":"jp6","attachment":"jp"},{"name":"jp7","bone":"jp7","attachment":"jp"},{"name":"jp8","bone":"jp8","attachment":"jp"},{"name":"jp9","bone":"jp9","attachment":"jp"},{"name":"jp10","bone":"jp10","attachment":"jp"},{"name":"jp11","bone":"jp11","attachment":"jp"},{"name":"jp12","bone":"jp12","attachment":"jp"},{"name":"dj","bone":"root","attachment":"dj"},{"name":"jpj","bone":"jpj","attachment":"jpj"}],"path":[{"name":"jpj","order":0,"bones":["jp","jp2","jp3","jp4","jp5","jp6","jp7","jp8","jp9","jp10","jp11","jp12","jp13","jp14","jp15","jp16","jp17"],"target":"jpj","spacingMode":"percent","rotateMode":"chainScale","spacing":0.06}],"skins":{"default":{"dj":{"dj":{"width":385,"height":235}},"jp":{"jp":{"x":27.12,"y":-9.4,"rotation":0.45,"width":76,"height":59}},"jp10":{"jp":{"x":27.12,"y":-9.4,"rotation":0.45,"width":76,"height":59}},"jp11":{"jp":{"x":27.12,"y":-9.4,"rotation":0.45,"width":76,"height":59}},"jp12":{"jp":{"x":27.12,"y":-9.4,"rotation":0.45,"width":76,"height":59}},"jp13":{"jp":{"x":27.12,"y":-9.4,"rotation":0.45,"width":76,"height":59}},"jp14":{"jp":{"x":27.12,"y":-9.4,"rotation":0.45,"width":76,"height":59}},"jp15":{"jp":{"x":27.12,"y":-9.4,"rotation":0.45,"width":76,"height":59}},"jp16":{"jp":{"x":27.12,"y":-9.4,"rotation":0.45,"width":76,"height":59}},"jp17":{"jp":{"x":27.12,"y":-9.4,"rotation":0.45,"width":76,"height":59}},"jp2":{"jp":{"x":27.12,"y":-9.4,"rotation":0.45,"width":76,"height":59}},"jp3":{"jp":{"x":27.12,"y":-9.4,"rotation":0.45,"width":76,"height":59}},"jp4":{"jp":{"x":27.12,"y":-9.4,"rotation":0.45,"width":76,"height":59}},"jp5":{"jp":{"x":27.12,"y":-9.4,"rotation":0.45,"width":76,"height":59}},"jp6":{"jp":{"x":27.12,"y":-9.4,"rotation":0.45,"width":76,"height":59}},"jp7":{"jp":{"x":27.12,"y":-9.4,"rotation":0.45,"width":76,"height":59}},"jp8":{"jp":{"x":27.12,"y":-9.4,"rotation":0.45,"width":76,"height":59}},"jp9":{"jp":{"x":27.12,"y":-9.4,"rotation":0.45,"width":76,"height":59}},"jpj":{"jpj":{"type":"path","closed":true,"lengths":[251.57,359.36,467.77,709.7,779.15,828.91],"vertexCount":18,"vertices":[-129.82,-52.78,-127.64,-53.23,-94.01,-60.12,89.03,-67.5,123.43,-67.5,157.84,-67.5,192.24,-37.86,190.41,3.13,188.58,44.13,158.57,72.31,119.77,70.11,80.98,67.92,-116.66,57.3,-121.79,56.57,-126.91,55.84,-143.75,38.64,-143.01,-6.75,-142.28,-52.13]}}}},"animations":{"animation":{"paths":{"jpj":{"position":[{"time":0},{"time":0.5,"position":1}]}}}}},"_atlasText":"\r\ndjdh.png\r\nsize: 512,256\r\nformat: RGBA8888\r\nfilter: Linear,Linear\r\nrepeat: none\r\ndj\r\n  rotate: false\r\n  xy: 2, 2\r\n  size: 385, 235\r\n  orig: 385, 235\r\n  offset: 0, 0\r\n  index: -1\r\njp\r\n  rotate: false\r\n  xy: 389, 178\r\n  size: 76, 59\r\n  orig: 76, 59\r\n  offset: 0, 0\r\n  index: -1\r\n","textures":[{"__uuid__":"17PQk9rJ1H/LmJmaX3Luqw"}],"textureNames":["djdh.png"]}