[[{"__type__":"cc.Prefab","_name":"level_14","data":{"__id__":1}},{"__type__":"cc.Node","_name":"level14","_children":[{"__id__":2},{"__id__":3},{"__id__":7},{"__id__":8},{"__id__":9},{"__id__":26},{"__id__":31},{"__id__":36},{"__id__":37},{"__id__":38},{"__id__":39},{"__id__":40},{"__id__":43}],"_components":[{"__type__":"ea0baHdyQJBSpS9lieEtVtw","node":{"__id__":1},"keyNode":[{"__id__":14},{"__id__":22},{"__id__":25},{"__id__":18},{"__id__":35},{"__id__":30}],"player":{"__id__":8},"clos":{"__id__":39},"fire":{"__id__":36},"fireToo":{"__id__":37},"enemyNode":{"__id__":43},"jitui":{"__id__":38},"pubu":{"__id__":40},"jiguan":{"__id__":7}}],"_prefab":{"__type__":"cc.PrefabInfo","root":{"__id__":1},"asset":{"__uuid__":"08mlIyeYxH56kQ6cCvW7gq"},"fileId":"d0nZ2Fs8ROQbb5/UylJxuQ"},"_trs":{"__type__":"TypedArray","ctor":"Float64Array","array":[0,0,0,0,0,0,1,1,1,1]}},{"__type__":"cc.Node","_name":"bgdi","_parent":{"__id__":1},"_components":[{"__type__":"cc.Sprite","node":{"__id__":2},"_materials":[{"__uuid__":"ecpdLyjvZBwrvm+cedCcQy"}],"_spriteFrame":{"__uuid__":"66ddyBgLBDiqUlOw22J7ah"},"_sizeMode":0}],"_prefab":{"__type__":"cc.PrefabInfo","root":{"__id__":1},"asset":{"__uuid__":"08mlIyeYxH56kQ6cCvW7gq"},"fileId":"9baeZ23ahPras2NXyPW+Kv"},"_contentSize":{"__type__":"cc.Size","width":1418,"height":3102},"_trs":{"__type__":"TypedArray","ctor":"Float64Array","array":[2322,6,0,0,0,0,1,1,1,1]}},{"__type__":"cc.Node","_name":"bg","_parent":{"__id__":1},"_children":[{"__id__":4},{"__id__":5},{"__id__":6}],"_prefab":{"__type__":"cc.PrefabInfo","root":{"__id__":1},"asset":{"__uuid__":"08mlIyeYxH56kQ6cCvW7gq"},"fileId":"1dB6uYLn5EiqydFQfEuyeE"},"_trs":{"__type__":"TypedArray","ctor":"Float64Array","array":[0,0,0,0,0,0,1,1,1,1]}},{"__type__":"cc.Node","_name":"bg","_parent":{"__id__":3},"_components":[{"__type__":"cc.Sprite","node":{"__id__":4},"_materials":[{"__uuid__":"ecpdLyjvZBwrvm+cedCcQy"}],"_spriteFrame":{"__uuid__":"44BPTxU7tJ3biNgHzPB3d+"}}],"_prefab":{"__type__":"cc.PrefabInfo","root":{"__id__":1},"asset":{"__uuid__":"08mlIyeYxH56kQ6cCvW7gq"},"fileId":"094jgTtg9AU4Ejrs09ZdsQ"},"_contentSize":{"__type__":"cc.Size","width":1080,"height":705},"_trs":{"__type__":"TypedArray","ctor":"Float64Array","array":[0,0,0,0,0,0,1,1,1,1]}},{"__type__":"cc.Node","_name":"bg2","_parent":{"__id__":3},"_components":[{"__type__":"cc.Sprite","node":{"__id__":5},"_materials":[{"__uuid__":"ecpdLyjvZBwrvm+cedCcQy"}],"_spriteFrame":{"__uuid__":"431wNJteBMDbkb3pg/tTo1"}}],"_prefab":{"__type__":"cc.PrefabInfo","root":{"__id__":1},"asset":{"__uuid__":"08mlIyeYxH56kQ6cCvW7gq"},"fileId":"43Fg3EuVZAoZqncCTz1ook"},"_contentSize":{"__type__":"cc.Size","width":1080,"height":1375},"_trs":{"__type__":"TypedArray","ctor":"Float64Array","array":[1078.87,189.587,0,0,0,0,1,1,1,1]}},{"__type__":"cc.Node","_name":"bg3","_parent":{"__id__":3},"_components":[{"__type__":"cc.Sprite","node":{"__id__":6},"_materials":[{"__uuid__":"ecpdLyjvZBwrvm+cedCcQy"}],"_spriteFrame":{"__uuid__":"fdQli9OGZJVb3iixJAPkRd"}}],"_prefab":{"__type__":"cc.PrefabInfo","root":{"__id__":1},"asset":{"__uuid__":"08mlIyeYxH56kQ6cCvW7gq"},"fileId":"d9QqXzfD5CWYf7xsbck8GM"},"_contentSize":{"__type__":"cc.Size","width":681,"height":883},"_trs":{"__type__":"TypedArray","ctor":"Float64Array","array":[1959.197,-50.185,0,0,0,0,1,1,1,1]}},{"__type__":"cc.Node","_name":"daojv","_parent":{"__id__":1},"_components":[{"__type__":"cc.Sprite","node":{"__id__":7},"_materials":[{"__uuid__":"ecpdLyjvZBwrvm+cedCcQy"}],"_spriteFrame":{"__uuid__":"85ZF3Y7YFKSp80zPlrdxlK"},"_type":1,"_sizeMode":0},{"__type__":"cc.BoxCollider","node":{"__id__":7},"_size":{"__type__":"cc.Size","width":346,"height":210}}],"_prefab":{"__type__":"cc.PrefabInfo","root":{"__id__":1},"asset":{"__uuid__":"08mlIyeYxH56kQ6cCvW7gq"},"fileId":"6fIas/L6xI5qtYVirkGa2R"},"_contentSize":{"__type__":"cc.Size","width":346,"height":210},"_trs":{"__type__":"TypedArray","ctor":"Float64Array","array":[184,231.45,0,0,0,1,6.123233995736766e-17,1,1,1]},"_eulerAngles":{"__type__":"cc.Vec3","z":180},"_groupIndex":24,"groupIndex":24},{"__type__":"cc.Node","_name":"players","_parent":{"__id__":1},"_components":[{"__type__":"sp.Skeleton","node":{"__id__":8},"_materials":[{"__uuid__":"7a/QZLET9IDreTiBfRn2PD"}],"defaultAnimation":"youdong1","_preCacheMode":0,"premultipliedAlpha":false,"_animationName":"youdong1","_N$skeletonData":{"__uuid__":"7eXUSETlJAmq9Nf/NmhP+m"}},{"__type__":"01f289XMctJip07hmhMcMgM","node":{"__id__":8},"left":-500,"right":500},{"__type__":"cc.PolygonCollider","node":{"__id__":8},"points":[{"__type__":"cc.Vec2","x":-40.9,"y":-33.1},{"__type__":"cc.Vec2","x":45.8,"y":-35.2},{"__type__":"cc.Vec2","x":69.4,"y":-8.6},{"__type__":"cc.Vec2","x":33.6,"y":39.6},{"__type__":"cc.Vec2","x":-32.6,"y":32.4},{"__type__":"cc.Vec2","x":-57,"y":5.7}]}],"_prefab":{"__type__":"cc.PrefabInfo","root":{"__id__":1},"asset":{"__uuid__":"08mlIyeYxH56kQ6cCvW7gq"},"fileId":"818UbQQ1JOr5oWo9cEx8wE"},"_contentSize":{"__type__":"cc.Size","width":298.26,"height":205.43},"_trs":{"__type__":"TypedArray","ctor":"Float64Array","array":[-220.49,-57.19,0,0,0,0,1,1,1,1]},"_groupIndex":19,"groupIndex":19},{"__type__":"cc.Node","_name":"key","_parent":{"__id__":1},"_children":[{"__id__":10},{"__id__":15},{"__id__":19},{"__id__":23}],"_prefab":{"__type__":"cc.PrefabInfo","root":{"__id__":1},"asset":{"__uuid__":"08mlIyeYxH56kQ6cCvW7gq"},"fileId":"b1OugDMOBCuo8Ibqq3nh05"},"_trs":{"__type__":"TypedArray","ctor":"Float64Array","array":[0,0,0,0,0,0,1,1,1,1]}},{"__type__":"cc.Node","_name":"key","_parent":{"__id__":9},"_children":[{"__id__":11},{"__id__":12},{"__id__":13}],"_prefab":{"__type__":"cc.PrefabInfo","root":{"__id__":1},"asset":{"__uuid__":"08mlIyeYxH56kQ6cCvW7gq"},"fileId":"39Pulr9H9FW4svcigdcCwZ"},"_trs":{"__type__":"TypedArray","ctor":"Float64Array","array":[131.205,118.314,0,0,0,-0.7071067811865475,0.7071067811865476,1,1,1]},"_eulerAngles":{"__type__":"cc.Vec3","z":-90}},{"__type__":"cc.Node","_name":"lock","_parent":{"__id__":10},"_components":[{"__type__":"cc.Sprite","node":{"__id__":11},"_materials":[{"__uuid__":"ecpdLyjvZBwrvm+cedCcQy"}],"_spriteFrame":{"__uuid__":"ebm9zOQlFI4IGgCc9Owdfe"}},{"__type__":"15b42uAdtxGLJO3hSFb7eHo","node":{"__id__":11}}],"_prefab":{"__type__":"cc.PrefabInfo","root":{"__id__":1},"asset":{"__uuid__":"08mlIyeYxH56kQ6cCvW7gq"},"fileId":"24OyKQd85KsaDMj/ETNT6L"},"_contentSize":{"__type__":"cc.Size","width":56,"height":55},"_trs":{"__type__":"TypedArray","ctor":"Float64Array","array":[-1.086,-119.382,0,0,0,0,1,1,1,1]}},{"__type__":"cc.Node","_name":"lock","_parent":{"__id__":10},"_components":[{"__type__":"cc.Sprite","node":{"__id__":12},"_materials":[{"__uuid__":"ecpdLyjvZBwrvm+cedCcQy"}],"_spriteFrame":{"__uuid__":"ebm9zOQlFI4IGgCc9Owdfe"}},{"__type__":"15b42uAdtxGLJO3hSFb7eHo","node":{"__id__":12}}],"_prefab":{"__type__":"cc.PrefabInfo","root":{"__id__":1},"asset":{"__uuid__":"08mlIyeYxH56kQ6cCvW7gq"},"fileId":"9d04hyo6ZOMYGA3/O7LiZP"},"_contentSize":{"__type__":"cc.Size","width":56,"height":55},"_trs":{"__type__":"TypedArray","ctor":"Float64Array","array":[-1.086,215.554,0,0,0,0,1,1,1,1]}},{"__type__":"cc.Node","_name":"key","_parent":{"__id__":10},"_children":[{"__id__":14}],"_prefab":{"__type__":"cc.PrefabInfo","root":{"__id__":1},"asset":{"__uuid__":"08mlIyeYxH56kQ6cCvW7gq"},"fileId":"1c6fKgCNxKnaof+0SaQ058"},"_contentSize":{"__type__":"cc.Size","width":100,"height":200},"_trs":{"__type__":"TypedArray","ctor":"Float64Array","array":[0,0,0,0,0,0,1,1,1,1]},"_groupIndex":15,"groupIndex":15},{"__type__":"cc.Node","_name":"icon","_parent":{"__id__":13},"_components":[{"__type__":"fcf5apGFRJIEZkZJ9CwiT4c","node":{"__id__":14},"isGone":true,"isGonex":-200},{"__type__":"cc.Sprite","node":{"__id__":14},"_materials":[{"__uuid__":"ecpdLyjvZBwrvm+cedCcQy"}],"_spriteFrame":{"__uuid__":"6dXBYrBNtEiKJQUnopu+Lk"},"_type":1},{"__type__":"cc.RigidBody","node":{"__id__":14},"_type":0,"_allowSleep":false,"enabledContactListener":true},{"__type__":"cc.BoxCollider","node":{"__id__":14},"_offset":{"__type__":"cc.Vec2","x":1.1,"y":3.3},"_size":{"__type__":"cc.Size","width":15,"height":519.8}}],"_prefab":{"__type__":"cc.PrefabInfo","root":{"__id__":1},"asset":{"__uuid__":"08mlIyeYxH56kQ6cCvW7gq"},"fileId":"d7A/RasdBGRbr6V6UfvyUA"},"_contentSize":{"__type__":"cc.Size","width":76,"height":504},"_trs":{"__type__":"TypedArray","ctor":"Float64Array","array":[0,0,0,0,0,0,1,1,1,1]},"_groupIndex":15,"groupIndex":15},{"__type__":"cc.Node","_name":"key copy","_parent":{"__id__":9},"_children":[{"__id__":16},{"__id__":17}],"_prefab":{"__type__":"cc.PrefabInfo","root":{"__id__":1},"asset":{"__uuid__":"08mlIyeYxH56kQ6cCvW7gq"},"fileId":"f0wVoy5GhAaIMLxk7GSJGV"},"_trs":{"__type__":"TypedArray","ctor":"Float64Array","array":[1064.852,116.315,0,0,0,-0.7071067811865475,0.7071067811865476,1,1,1]},"_eulerAngles":{"__type__":"cc.Vec3","z":-90}},{"__type__":"cc.Node","_name":"lock","_parent":{"__id__":15},"_components":[{"__type__":"cc.Sprite","node":{"__id__":16},"_materials":[{"__uuid__":"ecpdLyjvZBwrvm+cedCcQy"}],"_spriteFrame":{"__uuid__":"ebm9zOQlFI4IGgCc9Owdfe"}},{"__type__":"15b42uAdtxGLJO3hSFb7eHo","node":{"__id__":16}}],"_prefab":{"__type__":"cc.PrefabInfo","root":{"__id__":1},"asset":{"__uuid__":"08mlIyeYxH56kQ6cCvW7gq"},"fileId":"ben3+O4cNGmLDQvPFObTDg"},"_contentSize":{"__type__":"cc.Size","width":56,"height":55},"_trs":{"__type__":"TypedArray","ctor":"Float64Array","array":[2.45,-176.844,0,0,0,0,1,1,1,1]}},{"__type__":"cc.Node","_name":"key","_parent":{"__id__":15},"_children":[{"__id__":18}],"_prefab":{"__type__":"cc.PrefabInfo","root":{"__id__":1},"asset":{"__uuid__":"08mlIyeYxH56kQ6cCvW7gq"},"fileId":"10gGXO+SROb74rBWg+NeGD"},"_contentSize":{"__type__":"cc.Size","width":100,"height":200},"_trs":{"__type__":"TypedArray","ctor":"Float64Array","array":[0,0,0,0,0,0,1,1,1,1]},"_groupIndex":15,"groupIndex":15},{"__type__":"cc.Node","_name":"icon","_parent":{"__id__":17},"_components":[{"__type__":"fcf5apGFRJIEZkZJ9CwiT4c","node":{"__id__":18}},{"__type__":"cc.Sprite","node":{"__id__":18},"_materials":[{"__uuid__":"ecpdLyjvZBwrvm+cedCcQy"}],"_spriteFrame":{"__uuid__":"6dXBYrBNtEiKJQUnopu+Lk"},"_type":1,"_sizeMode":0},{"__type__":"cc.RigidBody","node":{"__id__":18},"_type":0,"_allowSleep":false,"enabledContactListener":true},{"__type__":"cc.BoxCollider","node":{"__id__":18},"_offset":{"__type__":"cc.Vec2","y":40},"_size":{"__type__":"cc.Size","width":15,"height":360}}],"_prefab":{"__type__":"cc.PrefabInfo","root":{"__id__":1},"asset":{"__uuid__":"08mlIyeYxH56kQ6cCvW7gq"},"fileId":"466FUUwJNA7ZM7e/TtM31U"},"_contentSize":{"__type__":"cc.Size","width":76,"height":427},"_trs":{"__type__":"TypedArray","ctor":"Float64Array","array":[0,0,0,0,0,0,1,1,1,1]},"_groupIndex":15,"groupIndex":15},{"__type__":"cc.Node","_name":"key copy","_parent":{"__id__":9},"_children":[{"__id__":20},{"__id__":21}],"_prefab":{"__type__":"cc.PrefabInfo","root":{"__id__":1},"asset":{"__uuid__":"08mlIyeYxH56kQ6cCvW7gq"},"fileId":"449gxO381A06XLr9S9xBzN"},"_trs":{"__type__":"TypedArray","ctor":"Float64Array","array":[-27.715,-35.931,0,0,0,1,6.123233995736766e-17,1,1,1]},"_eulerAngles":{"__type__":"cc.Vec3","z":180}},{"__type__":"cc.Node","_name":"lock","_parent":{"__id__":19},"_components":[{"__type__":"cc.Sprite","node":{"__id__":20},"_materials":[{"__uuid__":"ecpdLyjvZBwrvm+cedCcQy"}],"_spriteFrame":{"__uuid__":"ebm9zOQlFI4IGgCc9Owdfe"}},{"__type__":"15b42uAdtxGLJO3hSFb7eHo","node":{"__id__":20}}],"_prefab":{"__type__":"cc.PrefabInfo","root":{"__id__":1},"asset":{"__uuid__":"08mlIyeYxH56kQ6cCvW7gq"},"fileId":"d8HlJIUkhDG7LFvIyYI1OF"},"_contentSize":{"__type__":"cc.Size","width":56,"height":55},"_trs":{"__type__":"TypedArray","ctor":"Float64Array","array":[-1.086,215.554,0,0,0,0,1,1,1,1]}},{"__type__":"cc.Node","_name":"key","_parent":{"__id__":19},"_children":[{"__id__":22}],"_prefab":{"__type__":"cc.PrefabInfo","root":{"__id__":1},"asset":{"__uuid__":"08mlIyeYxH56kQ6cCvW7gq"},"fileId":"31+CWzB0xB/6OwzQhZ98fB"},"_contentSize":{"__type__":"cc.Size","width":100,"height":200},"_trs":{"__type__":"TypedArray","ctor":"Float64Array","array":[0,0,0,0,0,0,1,1,1,1]},"_groupIndex":15,"groupIndex":15},{"__type__":"cc.Node","_name":"icon","_parent":{"__id__":21},"_components":[{"__type__":"fcf5apGFRJIEZkZJ9CwiT4c","node":{"__id__":22},"keyType":1,"where":1,"isGone":true,"isGonex":-300},{"__type__":"cc.Sprite","node":{"__id__":22},"_materials":[{"__uuid__":"ecpdLyjvZBwrvm+cedCcQy"}],"_spriteFrame":{"__uuid__":"6dXBYrBNtEiKJQUnopu+Lk"},"_type":1},{"__type__":"cc.RigidBody","node":{"__id__":22},"_type":0,"_allowSleep":false,"enabledContactListener":true},{"__type__":"cc.BoxCollider","node":{"__id__":22},"_offset":{"__type__":"cc.Vec2","x":1.1,"y":5.5},"_size":{"__type__":"cc.Size","width":15,"height":285.3}}],"_prefab":{"__type__":"cc.PrefabInfo","root":{"__id__":1},"asset":{"__uuid__":"08mlIyeYxH56kQ6cCvW7gq"},"fileId":"d8jnpS1MVPI5TJVJwujnCx"},"_contentSize":{"__type__":"cc.Size","width":76,"height":504},"_trs":{"__type__":"TypedArray","ctor":"Float64Array","array":[0,0,0,0,0,0,1,1,1,1]},"_groupIndex":15,"groupIndex":15},{"__type__":"cc.Node","_name":"key copy","_parent":{"__id__":9},"_children":[{"__id__":24}],"_prefab":{"__type__":"cc.PrefabInfo","root":{"__id__":1},"asset":{"__uuid__":"08mlIyeYxH56kQ6cCvW7gq"},"fileId":"2arCdy+m1KD6OsU1QycHHM"},"_trs":{"__type__":"TypedArray","ctor":"Float64Array","array":[910.254,-36.469,0,0,0,0,1,1,1,1]}},{"__type__":"cc.Node","_name":"key","_parent":{"__id__":23},"_children":[{"__id__":25}],"_prefab":{"__type__":"cc.PrefabInfo","root":{"__id__":1},"asset":{"__uuid__":"08mlIyeYxH56kQ6cCvW7gq"},"fileId":"6cTWXw38FOAYhE4mDHoGjW"},"_contentSize":{"__type__":"cc.Size","width":100,"height":200},"_trs":{"__type__":"TypedArray","ctor":"Float64Array","array":[0,0,0,0,0,0,1,1,1,1]},"_groupIndex":15,"groupIndex":15},{"__type__":"cc.Node","_name":"icon","_parent":{"__id__":24},"_components":[{"__type__":"fcf5apGFRJIEZkZJ9CwiT4c","node":{"__id__":25},"keyType":1,"isGone":true,"isGonex":-250},{"__type__":"cc.Sprite","node":{"__id__":25},"_materials":[{"__uuid__":"ecpdLyjvZBwrvm+cedCcQy"}],"_spriteFrame":{"__uuid__":"6dXBYrBNtEiKJQUnopu+Lk"},"_type":1},{"__type__":"cc.RigidBody","node":{"__id__":25},"_type":0,"_allowSleep":false,"enabledContactListener":true},{"__type__":"cc.BoxCollider","node":{"__id__":25},"_offset":{"__type__":"cc.Vec2","x":1,"y":31},"_size":{"__type__":"cc.Size","width":15,"height":429}}],"_prefab":{"__type__":"cc.PrefabInfo","root":{"__id__":1},"asset":{"__uuid__":"08mlIyeYxH56kQ6cCvW7gq"},"fileId":"ddAyYx8g5EOoZlilzSAlcQ"},"_contentSize":{"__type__":"cc.Size","width":76,"height":504},"_trs":{"__type__":"TypedArray","ctor":"Float64Array","array":[0,0,0,0,0,0,1,1,1,1]},"_groupIndex":15,"groupIndex":15},{"__type__":"cc.Node","_name":"key copy","_parent":{"__id__":1},"_children":[{"__id__":27},{"__id__":28},{"__id__":29}],"_prefab":{"__type__":"cc.PrefabInfo","root":{"__id__":1},"asset":{"__uuid__":"08mlIyeYxH56kQ6cCvW7gq"},"fileId":"b984dOKIJEgoERI2RKi+mf"},"_trs":{"__type__":"TypedArray","ctor":"Float64Array","array":[2022.097,-355.583,0,0,0,0.3420201433256687,0.9396926207859084,1,1,1]},"_eulerAngles":{"__type__":"cc.Vec3","z":40}},{"__type__":"cc.Node","_name":"lock","_parent":{"__id__":26},"_components":[{"__type__":"cc.Sprite","node":{"__id__":27},"_materials":[{"__uuid__":"ecpdLyjvZBwrvm+cedCcQy"}],"_spriteFrame":{"__uuid__":"ebm9zOQlFI4IGgCc9Owdfe"}},{"__type__":"15b42uAdtxGLJO3hSFb7eHo","node":{"__id__":27}}],"_prefab":{"__type__":"cc.PrefabInfo","root":{"__id__":1},"asset":{"__uuid__":"08mlIyeYxH56kQ6cCvW7gq"},"fileId":"0cAEpcjEdPK7PvmpVnFg4G"},"_contentSize":{"__type__":"cc.Size","width":56,"height":55},"_trs":{"__type__":"TypedArray","ctor":"Float64Array","array":[-1.086,-119.382,0,0,0,0,1,1,1,1]}},{"__type__":"cc.Node","_name":"lock","_parent":{"__id__":26},"_components":[{"__type__":"cc.Sprite","node":{"__id__":28},"_materials":[{"__uuid__":"ecpdLyjvZBwrvm+cedCcQy"}],"_spriteFrame":{"__uuid__":"ebm9zOQlFI4IGgCc9Owdfe"}},{"__type__":"15b42uAdtxGLJO3hSFb7eHo","node":{"__id__":28}}],"_prefab":{"__type__":"cc.PrefabInfo","root":{"__id__":1},"asset":{"__uuid__":"08mlIyeYxH56kQ6cCvW7gq"},"fileId":"26lNIt73tPaq0tOaFm9+WO"},"_contentSize":{"__type__":"cc.Size","width":56,"height":55},"_trs":{"__type__":"TypedArray","ctor":"Float64Array","array":[0.441,948.684,0,0,0,0,1,1,1,1]}},{"__type__":"cc.Node","_name":"key","_parent":{"__id__":26},"_children":[{"__id__":30}],"_prefab":{"__type__":"cc.PrefabInfo","root":{"__id__":1},"asset":{"__uuid__":"08mlIyeYxH56kQ6cCvW7gq"},"fileId":"b43x1gMdxM7I0a94jWyof6"},"_contentSize":{"__type__":"cc.Size","width":100,"height":200},"_trs":{"__type__":"TypedArray","ctor":"Float64Array","array":[0,0,0,0,0,0,1,1,1,1]},"_groupIndex":15,"groupIndex":15},{"__type__":"cc.Node","_name":"icon","_parent":{"__id__":29},"_components":[{"__type__":"fcf5apGFRJIEZkZJ9CwiT4c","node":{"__id__":30},"keyType":1,"isGone":true,"isGonex":-300},{"__type__":"cc.Sprite","node":{"__id__":30},"_materials":[{"__uuid__":"ecpdLyjvZBwrvm+cedCcQy"}],"_spriteFrame":{"__uuid__":"6dXBYrBNtEiKJQUnopu+Lk"},"_type":1,"_sizeMode":0},{"__type__":"cc.RigidBody","node":{"__id__":30},"_type":0,"_allowSleep":false,"enabledContactListener":true},{"__type__":"cc.BoxCollider","node":{"__id__":30},"_offset":{"__type__":"cc.Vec2","x":-1,"y":47},"_size":{"__type__":"cc.Size","width":15,"height":1026}},{"__type__":"cc.PhysicsBoxCollider","node":{"__id__":30},"_offset":{"__type__":"cc.Vec2","x":-2,"y":2},"_size":{"__type__":"cc.Size","width":14,"height":1270}}],"_prefab":{"__type__":"cc.PrefabInfo","root":{"__id__":1},"asset":{"__uuid__":"08mlIyeYxH56kQ6cCvW7gq"},"fileId":"6cRXaAPmxFJqbjlVVG2Tbl"},"_contentSize":{"__type__":"cc.Size","width":76,"height":1270},"_trs":{"__type__":"TypedArray","ctor":"Float64Array","array":[0,382,0,0,0,0,1,1,1,1]},"_groupIndex":15,"groupIndex":15},{"__type__":"cc.Node","_name":"key copy","_parent":{"__id__":1},"_children":[{"__id__":32},{"__id__":33},{"__id__":34}],"_prefab":{"__type__":"cc.PrefabInfo","root":{"__id__":1},"asset":{"__uuid__":"08mlIyeYxH56kQ6cCvW7gq"},"fileId":"c6SpyIpNtGtYT5AOQlZL/H"},"_trs":{"__type__":"TypedArray","ctor":"Float64Array","array":[2074.843,249.463,0,0,0,0.9205048534524404,0.3907311284892737,1,1,1]},"_eulerAngles":{"__type__":"cc.Vec3","z":134}},{"__type__":"cc.Node","_name":"lock","_parent":{"__id__":31},"_components":[{"__type__":"cc.Sprite","node":{"__id__":32},"_materials":[{"__uuid__":"ecpdLyjvZBwrvm+cedCcQy"}],"_spriteFrame":{"__uuid__":"ebm9zOQlFI4IGgCc9Owdfe"}},{"__type__":"15b42uAdtxGLJO3hSFb7eHo","node":{"__id__":32}}],"_prefab":{"__type__":"cc.PrefabInfo","root":{"__id__":1},"asset":{"__uuid__":"08mlIyeYxH56kQ6cCvW7gq"},"fileId":"884CdLzoBCLI9xxMz5VdIV"},"_contentSize":{"__type__":"cc.Size","width":56,"height":55},"_trs":{"__type__":"TypedArray","ctor":"Float64Array","array":[-1.086,-119.382,0,0,0,0,1,1,1,1]}},{"__type__":"cc.Node","_name":"lock","_parent":{"__id__":31},"_components":[{"__type__":"cc.Sprite","node":{"__id__":33},"_materials":[{"__uuid__":"ecpdLyjvZBwrvm+cedCcQy"}],"_spriteFrame":{"__uuid__":"ebm9zOQlFI4IGgCc9Owdfe"}},{"__type__":"15b42uAdtxGLJO3hSFb7eHo","node":{"__id__":33}}],"_prefab":{"__type__":"cc.PrefabInfo","root":{"__id__":1},"asset":{"__uuid__":"08mlIyeYxH56kQ6cCvW7gq"},"fileId":"73lJJuAwlAfbnBSOUgOUbt"},"_contentSize":{"__type__":"cc.Size","width":56,"height":55},"_trs":{"__type__":"TypedArray","ctor":"Float64Array","array":[0.441,948.684,0,0,0,0,1,1,1,1]}},{"__type__":"cc.Node","_name":"key","_parent":{"__id__":31},"_children":[{"__id__":35}],"_prefab":{"__type__":"cc.PrefabInfo","root":{"__id__":1},"asset":{"__uuid__":"08mlIyeYxH56kQ6cCvW7gq"},"fileId":"8fQ4mhgKlOR72ozxM95H5o"},"_contentSize":{"__type__":"cc.Size","width":100,"height":200},"_trs":{"__type__":"TypedArray","ctor":"Float64Array","array":[0,0,0,0,0,0,1,1,1,1]},"_groupIndex":15,"groupIndex":15},{"__type__":"cc.Node","_name":"icon","_parent":{"__id__":34},"_components":[{"__type__":"fcf5apGFRJIEZkZJ9CwiT4c","node":{"__id__":35},"keyType":1,"where":1,"isGone":true,"isGonex":-300},{"__type__":"cc.Sprite","node":{"__id__":35},"_materials":[{"__uuid__":"ecpdLyjvZBwrvm+cedCcQy"}],"_spriteFrame":{"__uuid__":"6dXBYrBNtEiKJQUnopu+Lk"},"_type":1,"_sizeMode":0},{"__type__":"cc.RigidBody","node":{"__id__":35},"_type":0,"_allowSleep":false,"enabledContactListener":true},{"__type__":"cc.BoxCollider","node":{"__id__":35},"_offset":{"__type__":"cc.Vec2","x":-1,"y":47},"_size":{"__type__":"cc.Size","width":15,"height":1026}},{"__type__":"cc.PhysicsBoxCollider","node":{"__id__":35},"_offset":{"__type__":"cc.Vec2","x":-2,"y":2},"_size":{"__type__":"cc.Size","width":14,"height":1270}}],"_prefab":{"__type__":"cc.PrefabInfo","root":{"__id__":1},"asset":{"__uuid__":"08mlIyeYxH56kQ6cCvW7gq"},"fileId":"e9yVaV9KtA/JaSIfeN4Tbf"},"_contentSize":{"__type__":"cc.Size","width":76,"height":1270},"_trs":{"__type__":"TypedArray","ctor":"Float64Array","array":[0,382,0,0,0,0,1,1,1,1]},"_groupIndex":15,"groupIndex":15},{"__type__":"cc.Node","_name":"hydh copy","_parent":{"__id__":1},"_components":[{"__type__":"sp.Skeleton","node":{"__id__":36},"_materials":[{"__uuid__":"7a/QZLET9IDreTiBfRn2PD"}],"defaultAnimation":"animation","_preCacheMode":0,"premultipliedAlpha":false,"_animationName":"animation","_N$skeletonData":{"__uuid__":"15D4tpwORCn6m/ad+Ry6Hd"}},{"__type__":"cc.BoxCollider","node":{"__id__":36},"_offset":{"__type__":"cc.Vec2","x":107},"_size":{"__type__":"cc.Size","width":418,"height":343}}],"_prefab":{"__type__":"cc.PrefabInfo","root":{"__id__":1},"asset":{"__uuid__":"08mlIyeYxH56kQ6cCvW7gq"},"fileId":"dbs0itaS5J9I8stVcCZslw"},"_contentSize":{"__type__":"cc.Size","width":631,"height":343},"_trs":{"__type__":"TypedArray","ctor":"Float64Array","array":[1069.629,-181.481,0,0,0,0,1,0.481,1.48,0.481]},"_groupIndex":24,"groupIndex":24},{"__type__":"cc.Node","_name":"hydh","_parent":{"__id__":1},"_components":[{"__type__":"sp.Skeleton","node":{"__id__":37},"_materials":[{"__uuid__":"7a/QZLET9IDreTiBfRn2PD"}],"defaultAnimation":"animation","_preCacheMode":0,"premultipliedAlpha":false,"timeScale":0.8,"_animationName":"animation","_N$skeletonData":{"__uuid__":"15D4tpwORCn6m/ad+Ry6Hd"}}],"_prefab":{"__type__":"cc.PrefabInfo","root":{"__id__":1},"asset":{"__uuid__":"08mlIyeYxH56kQ6cCvW7gq"},"fileId":"127RfFR6BHOpexonNCeXb9"},"_contentSize":{"__type__":"cc.Size","width":631,"height":343},"_trs":{"__type__":"TypedArray","ctor":"Float64Array","array":[1061.659,-332.384,0,0,0,0,1,0.481,1,0.481]}},{"__type__":"cc.Node","_name":"jt","_parent":{"__id__":1},"_components":[{"__type__":"sp.Skeleton","node":{"__id__":38},"_materials":[{"__uuid__":"7a/QZLET9IDreTiBfRn2PD"}],"defaultAnimation":"animation","_preCacheMode":0,"premultipliedAlpha":false,"_animationName":"animation","_N$skeletonData":{"__uuid__":"19+H+W/p9BsLNUbqevx73X"}},{"__type__":"8129dBaWYFCnbCuQ9KTwNkc","node":{"__id__":38}},{"__type__":"cc.BoxCollider","node":{"__id__":38},"_size":{"__type__":"cc.Size","width":118,"height":77}}],"_prefab":{"__type__":"cc.PrefabInfo","root":{"__id__":1},"asset":{"__uuid__":"08mlIyeYxH56kQ6cCvW7gq"},"fileId":"c850oj1g5CK4OEvkM0n+PL"},"_contentSize":{"__type__":"cc.Size","width":118,"height":77},"_trs":{"__type__":"TypedArray","ctor":"Float64Array","array":[2021.367,-45.086,0,0,0,0,1,1,1,1]},"_groupIndex":18,"groupIndex":18},{"__type__":"cc.Node","_name":"close","_parent":{"__id__":1},"_components":[{"__type__":"cc.BoxCollider","node":{"__id__":39}}],"_prefab":{"__type__":"cc.PrefabInfo","root":{"__id__":1},"asset":{"__uuid__":"08mlIyeYxH56kQ6cCvW7gq"},"fileId":"edrTp53q1Mt56RejQTVZTP"},"_trs":{"__type__":"TypedArray","ctor":"Float64Array","array":[2102.788,-37.572,0,0,0,0,1,1,1,1]},"_groupIndex":23,"groupIndex":23},{"__type__":"cc.Node","_name":"pubu","_parent":{"__id__":1},"_children":[{"__id__":41}],"_active":false,"_prefab":{"__type__":"cc.PrefabInfo","root":{"__id__":1},"asset":{"__uuid__":"08mlIyeYxH56kQ6cCvW7gq"},"fileId":"87fZj1SFZHNL9+cNvfaFrH"},"_trs":{"__type__":"TypedArray","ctor":"Float64Array","array":[1032.026,56.759,0,0,0,0,1,1,1,1]}},{"__type__":"cc.Node","_name":"mask","_parent":{"__id__":40},"_children":[{"__id__":42}],"_components":[{"__type__":"cc.Mask","node":{"__id__":41},"_materials":[{"__uuid__":"ecpdLyjvZBwrvm+cedCcQy"}],"_spriteFrame":{"__uuid__":"afK7nMglFP8JPVv6rVFwok"},"_type":2,"_N$inverted":true}],"_prefab":{"__type__":"cc.PrefabInfo","root":{"__id__":1},"asset":{"__uuid__":"08mlIyeYxH56kQ6cCvW7gq"},"fileId":"4617LnzZtCv5ezmMouHklZ"},"_contentSize":{"__type__":"cc.Size","width":372,"height":128},"_trs":{"__type__":"TypedArray","ctor":"Float64Array","array":[38.32,609.389,0,0,0,0,1,1,1,1]}},{"__type__":"cc.Node","_name":"sldh","_parent":{"__id__":41},"_components":[{"__type__":"sp.Skeleton","node":{"__id__":42},"_materials":[{"__uuid__":"7a/QZLET9IDreTiBfRn2PD"}],"defaultAnimation":"animation","_preCacheMode":0,"premultipliedAlpha":false,"_animationName":"animation","_N$skeletonData":{"__uuid__":"20LpqFfx5CipgKbp4Y0zEU"}}],"_prefab":{"__type__":"cc.PrefabInfo","root":{"__id__":1},"asset":{"__uuid__":"08mlIyeYxH56kQ6cCvW7gq"},"fileId":"30akstjxREhoRgmuqFkjRY"},"_contentSize":{"__type__":"cc.Size","width":749.41,"height":1206},"_trs":{"__type__":"TypedArray","ctor":"Float64Array","array":[2.827,-520.743,0,0,0,0,1,1,1,1]}},{"__type__":"cc.Node","_name":"evilFish","_parent":{"__id__":1},"_components":[{"__type__":"sp.Skeleton","node":{"__id__":43},"_materials":[{"__uuid__":"7a/QZLET9IDreTiBfRn2PD"}],"defaultAnimation":"animation1","_preCacheMode":0,"premultipliedAlpha":false,"_animationName":"animation1","_N$skeletonData":{"__uuid__":"2dpI0oihRHGrJT4rUVPvz4"}},{"__type__":"cc.BoxCollider","node":{"__id__":43},"_offset":{"__type__":"cc.Vec2","x":-23,"y":33},"_size":{"__type__":"cc.Size","width":156,"height":98}},{"__type__":"66137pFLtNEVJCAqJ1GJ27J","node":{"__id__":43}}],"_prefab":{"__type__":"cc.PrefabInfo","root":{"__id__":1},"asset":{"__uuid__":"08mlIyeYxH56kQ6cCvW7gq"},"fileId":"99MxklbidOw5XngPHLNqXA"},"_contentSize":{"__type__":"cc.Size","width":242.6,"height":165},"_trs":{"__type__":"TypedArray","ctor":"Float64Array","array":[1749.703,166.852,0,0,0,0,1,-1,1,1]},"_groupIndex":22,"groupIndex":22}],{"__type__":"cc.SpriteFrame","content":{"name":"14","texture":"7fGhBlrI5A679yAe9U+ff8","rect":[0,0,1080,1375],"offset":[0,0],"originalSize":[1080,1375],"capInsets":[0,0,0,0]}},{"__type__":"cc.SpriteFrame","content":{"name":"14","texture":"d9+HQG6plEyaz+sUgKMeZM","rect":[0,0,1080,705],"offset":[0,0],"originalSize":[1080,705],"capInsets":[0,0,0,0]}},{"__type__":"cc.SpriteFrame","content":{"name":"14","texture":"63jbe1PL9CVZXVrXx1QfzX","rect":[0,0,681,883],"offset":[0,0],"originalSize":[681,883],"capInsets":[0,0,0,0]}}]