[{"__type__":"cc.SpriteFrame","content":{"name":"guanqia50","texture":"0dfA3UjyJDYbHAn2y/wUsJ","rect":[1,1,955,1289],"offset":[0.5,0],"originalSize":[956,1291],"capInsets":[0,0,0,0]}},[{"__type__":"cc.Prefab","_name":"UIDerived70","data":{"__id__":1}},{"__type__":"cc.Node","_name":"UIDerived80","_children":[{"__type__":"cc.Node","_name":"bule_node","_parent":{"__id__":1},"_prefab":{"__type__":"cc.PrefabInfo","root":{"__id__":1},"asset":{"__uuid__":"8e0KscqopO66du3/Ky2D1c"},"fileId":"04mbwQEj9KmLSklOmnXttf"},"_trs":{"__type__":"TypedArray","ctor":"Float64Array","array":[0,0,0,0,0,0,1,1,1,1]}},{"__type__":"cc.Node","_name":"greenwater_node","_parent":{"__id__":1},"_prefab":{"__type__":"cc.PrefabInfo","root":{"__id__":1},"asset":{"__uuid__":"8e0KscqopO66du3/Ky2D1c"},"fileId":"d0mYtm5KBBsITSmLWuqM9m"},"_trs":{"__type__":"TypedArray","ctor":"Float64Array","array":[0,0,0,0,0,0,1,1,1,1]}},{"__type__":"cc.Node","_name":"redwater_node","_parent":{"__id__":1},"_prefab":{"__type__":"cc.PrefabInfo","root":{"__id__":1},"asset":{"__uuid__":"8e0KscqopO66du3/Ky2D1c"},"fileId":"3crHpVf+dIXpDRimbswJXM"},"_trs":{"__type__":"TypedArray","ctor":"Float64Array","array":[0,0,0,0,0,0,1,1,1,1]}},{"__id__":2},{"__id__":3},{"__id__":4},{"__id__":5},{"__type__":"cc.Node","_name":"greenPos_node","_parent":{"__id__":1},"_prefab":{"__type__":"cc.PrefabInfo","root":{"__id__":1},"asset":{"__uuid__":"8e0KscqopO66du3/Ky2D1c"},"fileId":"6bGcfHXgVISJFZi8zLsevq"},"_trs":{"__type__":"TypedArray","ctor":"Float64Array","array":[0,0,0,0,0,0,1,1,1,1]}},{"__type__":"cc.Node","_name":"player","_parent":{"__id__":1},"_prefab":{"__type__":"cc.PrefabInfo","root":{"__id__":1},"asset":{"__uuid__":"8e0KscqopO66du3/Ky2D1c"},"fileId":"895U+mp7xIu6VdeONoPcay"},"_contentSize":{"__type__":"cc.Size","width":240,"height":140},"_trs":{"__type__":"TypedArray","ctor":"Float64Array","array":[-323.458,241.556,0,0,0,0,1,-0.7,0.7,1]}},{"__id__":6},{"__id__":10},{"__id__":15},{"__id__":21},{"__id__":25},{"__id__":31}],"_components":[{"__type__":"cc.Sprite","node":{"__id__":1},"_materials":[{"__uuid__":"ecpdLyjvZBwrvm+cedCcQy"}],"_spriteFrame":{"__uuid__":"24IF6fOM9Eiqv2Fn/RZmmv"}},{"__type__":"1100eDGpRlLMYp5CrYQGpcQ","node":{"__id__":1}},{"__type__":"cc.RigidBody","node":{"__id__":1},"_type":0},{"__type__":"cc.PhysicsPolygonCollider","node":{"__id__":1},"_offset":{"__type__":"cc.Vec2","x":-430,"y":614.7},"points":[{"__type__":"cc.Vec2","x":-49,"y":-1269},{"__type__":"cc.Vec2","x":906.7,"y":-1259},{"__type__":"cc.Vec2","x":909.1,"y":-396.2},{"__type__":"cc.Vec2","x":781.7,"y":-328.2},{"__type__":"cc.Vec2","x":750.6,"y":-324.9},{"__type__":"cc.Vec2","x":739.8,"y":-344.9},{"__type__":"cc.Vec2","x":741.9,"y":-1217},{"__type__":"cc.Vec2","x":1,"y":-1214},{"__type__":"cc.Vec2","x":-2.3,"y":-604.6},{"__type__":"cc.Vec2","x":99.1,"y":-606.3},{"__type__":"cc.Vec2","x":483.3,"y":-606.1},{"__type__":"cc.Vec2","x":484.4,"y":-962.5},{"__type__":"cc.Vec2","x":253.3,"y":-963},{"__type__":"cc.Vec2","x":255.2,"y":-858.6},{"__type__":"cc.Vec2","x":348.1,"y":-859.8},{"__type__":"cc.Vec2","x":382.7,"y":-847.1},{"__type__":"cc.Vec2","x":380.2,"y":-722.7},{"__type__":"cc.Vec2","x":356,"y":-705.8},{"__type__":"cc.Vec2","x":118.1,"y":-706.8},{"__type__":"cc.Vec2","x":99.6,"y":-721},{"__type__":"cc.Vec2","x":100.2,"y":-1092.7},{"__type__":"cc.Vec2","x":123.8,"y":-1118.2},{"__type__":"cc.Vec2","x":640,"y":-1114},{"__type__":"cc.Vec2","x":638,"y":-713},{"__type__":"cc.Vec2","x":633.8,"y":-341.2},{"__type__":"cc.Vec2","x":610.6,"y":-325},{"__type__":"cc.Vec2","x":232,"y":-322},{"__type__":"cc.Vec2","x":229.1,"y":-450.1},{"__type__":"cc.Vec2","x":-3.7,"y":-445.2},{"__type__":"cc.Vec2","x":-5.4,"y":-11.2},{"__type__":"cc.Vec2","x":226.4,"y":-11.9},{"__type__":"cc.Vec2","x":226.5,"y":-198.1},{"__type__":"cc.Vec2","x":246.7,"y":-217.9},{"__type__":"cc.Vec2","x":748,"y":-222},{"__type__":"cc.Vec2","x":910,"y":-296},{"__type__":"cc.Vec2","x":906,"y":28},{"__type__":"cc.Vec2","x":-50,"y":50}]}],"_prefab":{"__type__":"cc.PrefabInfo","root":{"__id__":1},"asset":{"__uuid__":"8e0KscqopO66du3/Ky2D1c"},"fileId":"acZjchZotHIbt+WaEnZ9u4"},"_contentSize":{"__type__":"cc.Size","width":955,"height":1289},"_trs":{"__type__":"TypedArray","ctor":"Float64Array","array":[62.059,-18.19,0,0,0,0,1,1,1,1]}},{"__type__":"cc.Node","_name":"black_node","_parent":{"__id__":1},"_components":[{"__type__":"6c0e8KZwr5L34azTYX21stu","node":{"__id__":2}}],"_prefab":{"__type__":"cc.PrefabInfo","root":{"__id__":1},"asset":{"__uuid__":"8e0KscqopO66du3/Ky2D1c"},"fileId":"8dLz2phG1Ca40h6hqtGjvB"},"_trs":{"__type__":"TypedArray","ctor":"Float64Array","array":[0,0,0,0,0,0,1,1,1,1]}},{"__type__":"cc.Node","_name":"gray_node","_parent":{"__id__":1},"_components":[{"__type__":"3400dF2d2tHLK8+En9baGXY","node":{"__id__":3},"grey_prefab":{"__uuid__":"13FEeEL1NMaK5TFGpFQpJr"}}],"_prefab":{"__type__":"cc.PrefabInfo","root":{"__id__":1},"asset":{"__uuid__":"8e0KscqopO66du3/Ky2D1c"},"fileId":"9062AEyrtO96zjJfuUq6wi"},"_trs":{"__type__":"TypedArray","ctor":"Float64Array","array":[0,0,0,0,0,0,1,1,1,1]}},{"__type__":"cc.Node","_name":"bulePos_node","_parent":{"__id__":1},"_children":[{"__type__":"cc.Node","_name":"New Node","_parent":{"__id__":4},"_prefab":{"__type__":"cc.PrefabInfo","root":{"__id__":1},"asset":{"__uuid__":"8e0KscqopO66du3/Ky2D1c"},"fileId":"31Wz2H3XFGca4zFxYiH2nD"},"_trs":{"__type__":"TypedArray","ctor":"Float64Array","array":[-82.231,-288.751,0,0,0,0,1,1,1,1]}}],"_prefab":{"__type__":"cc.PrefabInfo","root":{"__id__":1},"asset":{"__uuid__":"8e0KscqopO66du3/Ky2D1c"},"fileId":"e5wIkFhr5An4F+8t/dLni3"},"_trs":{"__type__":"TypedArray","ctor":"Float64Array","array":[0,0,0,0,0,0,1,1,1,1]}},{"__type__":"cc.Node","_name":"redPos_node","_parent":{"__id__":1},"_children":[{"__type__":"cc.Node","_name":"New Node","_parent":{"__id__":5},"_prefab":{"__type__":"cc.PrefabInfo","root":{"__id__":1},"asset":{"__uuid__":"8e0KscqopO66du3/Ky2D1c"},"fileId":"4dT3hdkaxEEaaawThvjtRz"},"_trs":{"__type__":"TypedArray","ctor":"Float64Array","array":[-15.477,-105.076,0,0,0,0,1,1,1,1]}}],"_prefab":{"__type__":"cc.PrefabInfo","root":{"__id__":1},"asset":{"__uuid__":"8e0KscqopO66du3/Ky2D1c"},"fileId":"bd1VEF6PxLU49gJwYdxsAf"},"_trs":{"__type__":"TypedArray","ctor":"Float64Array","array":[0,0,0,0,0,0,1,1,1,1]}},{"__type__":"cc.Node","_name":"zhenNodeTwo","_parent":{"__id__":1},"_children":[{"__id__":7},{"__id__":8},{"__id__":19},{"__id__":20}],"_prefab":{"__type__":"cc.PrefabInfo","root":{"__id__":1},"asset":{"__uuid__":"8e0KscqopO66du3/Ky2D1c"},"fileId":"56c+ji+JhPo5PodtXc9VIf"},"_trs":{"__type__":"TypedArray","ctor":"Float64Array","array":[-168.532,-351.697,0,0,0,0.7071067811865475,0.7071067811865476,1,1,1]},"_eulerAngles":{"__type__":"cc.Vec3","z":90}},{"__type__":"cc.Node","_name":"huagui","_parent":{"__id__":6},"_components":[{"__type__":"cc.Sprite","node":{"__id__":7},"_materials":[{"__uuid__":"ecpdLyjvZBwrvm+cedCcQy"}],"_spriteFrame":{"__uuid__":"72AklVCzBN/asPCzYF9Gl5"},"_type":2,"_sizeMode":0}],"_prefab":{"__type__":"cc.PrefabInfo","root":{"__id__":1},"asset":{"__uuid__":"8e0KscqopO66du3/Ky2D1c"},"fileId":"dbqGjHRzBKoqxTOmIyEUwv"},"_contentSize":{"__type__":"cc.Size","width":52,"height":245.5},"_trs":{"__type__":"TypedArray","ctor":"Float64Array","array":[-9.814,-106.806,0,0,0,0,1,0.5,1,0.5]}},{"__type__":"cc.Node","_name":"zhen","_parent":{"__id__":6},"_components":[{"__type__":"cc.Sprite","node":{"__id__":8},"_materials":[{"__uuid__":"ecpdLyjvZBwrvm+cedCcQy"}],"_spriteFrame":{"__uuid__":"14vJwyNH1OspMXFimJtxkW"},"_type":1,"_sizeMode":0},{"__type__":"cc.RigidBody","node":{"__id__":8},"_type":3,"_gravityScale":0,"_fixedRotation":true,"enabledContactListener":true,"bullet":true},{"__type__":"cc.PhysicsPolygonCollider","node":{"__id__":8},"_offset":{"__type__":"cc.Vec2","x":206.1,"y":0.9},"points":[{"__type__":"cc.Vec2","x":-345.8,"y":-68.8},{"__type__":"cc.Vec2","x":-207.5,"y":-67.2},{"__type__":"cc.Vec2","x":-209,"y":-20.6},{"__type__":"cc.Vec2","x":-84.5,"y":-20.2},{"__type__":"cc.Vec2","x":-86.2,"y":20.1},{"__type__":"cc.Vec2","x":-209.9,"y":20.4},{"__type__":"cc.Vec2","x":-210.7,"y":65.4},{"__type__":"cc.Vec2","x":-346.9,"y":67}]},{"__type__":"1cb3eoIRdhJWZayW7A68Y7j","node":{"__id__":8},"applyUpsensor":true,"applyDownsensor":true,"allzhen":[{"__id__":9}]}],"_prefab":{"__type__":"cc.PrefabInfo","root":{"__id__":1},"asset":{"__uuid__":"8e0KscqopO66du3/Ky2D1c"},"fileId":"8ef9Y8TE9FpJFJ+/AHhEAY"},"_contentSize":{"__type__":"cc.Size","width":244.9,"height":111},"_trs":{"__type__":"TypedArray","ctor":"Float64Array","array":[0,0,0,0,0,0,1,1,1,1]}},{"__type__":"cc.Node","_name":"zhen","_parent":{"__id__":10},"_components":[{"__type__":"cc.Sprite","node":{"__id__":9},"_materials":[{"__uuid__":"ecpdLyjvZBwrvm+cedCcQy"}],"_spriteFrame":{"__uuid__":"14vJwyNH1OspMXFimJtxkW"},"_type":1,"_sizeMode":0},{"__type__":"cc.RigidBody","node":{"__id__":9},"_type":3,"_gravityScale":0,"_fixedRotation":true,"enabledContactListener":true,"bullet":true},{"__type__":"cc.PhysicsPolygonCollider","node":{"__id__":9},"_offset":{"__type__":"cc.Vec2","x":206.1,"y":0.9},"points":[{"__type__":"cc.Vec2","x":-345.8,"y":-68.8},{"__type__":"cc.Vec2","x":-207.5,"y":-67.2},{"__type__":"cc.Vec2","x":-207.5,"y":-18.1},{"__type__":"cc.Vec2","x":-84,"y":-18.2},{"__type__":"cc.Vec2","x":-83.2,"y":17.5},{"__type__":"cc.Vec2","x":-210.1,"y":18.2},{"__type__":"cc.Vec2","x":-210.7,"y":65.4},{"__type__":"cc.Vec2","x":-346.9,"y":67}]},{"__type__":"1cb3eoIRdhJWZayW7A68Y7j","node":{"__id__":9},"applyUpsensor":true,"applyDownsensor":true,"allzhen":[{"__id__":8},{"__id__":14}]}],"_prefab":{"__type__":"cc.PrefabInfo","root":{"__id__":1},"asset":{"__uuid__":"8e0KscqopO66du3/Ky2D1c"},"fileId":"70Ff9MVoRGsIiIQCCfZgzd"},"_contentSize":{"__type__":"cc.Size","width":244.9,"height":111},"_trs":{"__type__":"TypedArray","ctor":"Float64Array","array":[0,0,0,0,0,0,1,1,1,1]}},{"__type__":"cc.Node","_name":"zhenNodeTwo","_parent":{"__id__":1},"_children":[{"__id__":11},{"__id__":9},{"__id__":12},{"__id__":13}],"_prefab":{"__type__":"cc.PrefabInfo","root":{"__id__":1},"asset":{"__uuid__":"8e0KscqopO66du3/Ky2D1c"},"fileId":"5alSKoB39Pxqs8vST6zF7I"},"_trs":{"__type__":"TypedArray","ctor":"Float64Array","array":[52.191,-217.318,0,0,0,1,6.123233995736766e-17,1,1,1]},"_eulerAngles":{"__type__":"cc.Vec3","z":180}},{"__type__":"cc.Node","_name":"huagui","_parent":{"__id__":10},"_components":[{"__type__":"cc.Sprite","node":{"__id__":11},"_materials":[{"__uuid__":"ecpdLyjvZBwrvm+cedCcQy"}],"_spriteFrame":{"__uuid__":"72AklVCzBN/asPCzYF9Gl5"},"_type":2,"_sizeMode":0}],"_prefab":{"__type__":"cc.PrefabInfo","root":{"__id__":1},"asset":{"__uuid__":"8e0KscqopO66du3/Ky2D1c"},"fileId":"e1biHUAldFnbCBtu8I5fJl"},"_contentSize":{"__type__":"cc.Size","width":52,"height":371.7},"_trs":{"__type__":"TypedArray","ctor":"Float64Array","array":[-15.742,-48.22,0,0,0,0,1,0.5,1,0.5]}},{"__type__":"cc.Node","_name":"zhenup","_parent":{"__id__":10},"_components":[{"__type__":"cc.RigidBody","node":{"__id__":12},"_type":0,"_gravityScale":0,"bullet":true}],"_prefab":{"__type__":"cc.PrefabInfo","root":{"__id__":1},"asset":{"__uuid__":"8e0KscqopO66du3/Ky2D1c"},"fileId":"efqTjiF6pGq5nKjkAjEKcD"},"_trs":{"__type__":"TypedArray","ctor":"Float64Array","array":[0,126.83,0,0,0,0,1,1,1,1]}},{"__type__":"cc.Node","_name":"zhendown","_parent":{"__id__":10},"_components":[{"__type__":"cc.RigidBody","node":{"__id__":13},"_type":0,"_gravityScale":0,"bullet":true}],"_prefab":{"__type__":"cc.PrefabInfo","root":{"__id__":1},"asset":{"__uuid__":"8e0KscqopO66du3/Ky2D1c"},"fileId":"8a8VXPcO1AeLcHz5/qBd2b"},"_trs":{"__type__":"TypedArray","ctor":"Float64Array","array":[10.141,-222.883,0,0,0,0,1,1,1,1]}},{"__type__":"cc.Node","_name":"zhen","_parent":{"__id__":15},"_components":[{"__type__":"cc.Sprite","node":{"__id__":14},"_materials":[{"__uuid__":"ecpdLyjvZBwrvm+cedCcQy"}],"_spriteFrame":{"__uuid__":"14vJwyNH1OspMXFimJtxkW"},"_type":1,"_sizeMode":0},{"__type__":"cc.RigidBody","node":{"__id__":14},"_type":3,"_gravityScale":0,"_fixedRotation":true,"enabledContactListener":true,"bullet":true},{"__type__":"cc.PhysicsPolygonCollider","node":{"__id__":14},"_offset":{"__type__":"cc.Vec2","x":206.1,"y":0.9},"points":[{"__type__":"cc.Vec2","x":-345.8,"y":-68.8},{"__type__":"cc.Vec2","x":-207.5,"y":-67.2},{"__type__":"cc.Vec2","x":-206.1,"y":-19.2},{"__type__":"cc.Vec2","x":-80.4,"y":-18.3},{"__type__":"cc.Vec2","x":-80.4,"y":19.2},{"__type__":"cc.Vec2","x":-208,"y":20.4},{"__type__":"cc.Vec2","x":-210.7,"y":65.4},{"__type__":"cc.Vec2","x":-346.9,"y":67}]},{"__type__":"1cb3eoIRdhJWZayW7A68Y7j","node":{"__id__":14},"applyUpsensor":true,"applyDownsensor":true,"allzhen":[{"__id__":9}]}],"_prefab":{"__type__":"cc.PrefabInfo","root":{"__id__":1},"asset":{"__uuid__":"8e0KscqopO66du3/Ky2D1c"},"fileId":"eab5x44A9KV7BWGroWzqj1"},"_contentSize":{"__type__":"cc.Size","width":244.9,"height":111},"_trs":{"__type__":"TypedArray","ctor":"Float64Array","array":[0,0,0,0,0,0,1,1,1,1]}},{"__type__":"cc.Node","_name":"zhenNodeTwo","_parent":{"__id__":1},"_children":[{"__id__":16},{"__id__":14},{"__id__":17},{"__id__":18}],"_prefab":{"__type__":"cc.PrefabInfo","root":{"__id__":1},"asset":{"__uuid__":"8e0KscqopO66du3/Ky2D1c"},"fileId":"53HmAenWFM/KGo7KGwiWYE"},"_trs":{"__type__":"TypedArray","ctor":"Float64Array","array":[-227.809,13.682,0,0,0,0.7071067811865476,-0.7071067811865475,1,1,1]},"_eulerAngles":{"__type__":"cc.Vec3","z":270}},{"__type__":"cc.Node","_name":"huagui","_parent":{"__id__":15},"_components":[{"__type__":"cc.Sprite","node":{"__id__":16},"_materials":[{"__uuid__":"ecpdLyjvZBwrvm+cedCcQy"}],"_spriteFrame":{"__uuid__":"72AklVCzBN/asPCzYF9Gl5"},"_type":2,"_sizeMode":0}],"_prefab":{"__type__":"cc.PrefabInfo","root":{"__id__":1},"asset":{"__uuid__":"8e0KscqopO66du3/Ky2D1c"},"fileId":"497fUpqXhC/aHDTtbDGE9T"},"_contentSize":{"__type__":"cc.Size","width":52,"height":500.3},"_trs":{"__type__":"TypedArray","ctor":"Float64Array","array":[-8.897,36.863,0,0,0,0,1,0.5,1,0.5]}},{"__type__":"cc.Node","_name":"zhenup","_parent":{"__id__":15},"_components":[{"__type__":"cc.RigidBody","node":{"__id__":17},"_type":0,"_gravityScale":0,"bullet":true}],"_prefab":{"__type__":"cc.PrefabInfo","root":{"__id__":1},"asset":{"__uuid__":"8e0KscqopO66du3/Ky2D1c"},"fileId":"6bi+95Y3BLurNbQ8hzawi/"},"_trs":{"__type__":"TypedArray","ctor":"Float64Array","array":[0,277,0,0,0,0,1,1,1,1]}},{"__type__":"cc.Node","_name":"zhendown","_parent":{"__id__":15},"_components":[{"__type__":"cc.RigidBody","node":{"__id__":18},"_type":0,"_gravityScale":0,"bullet":true}],"_prefab":{"__type__":"cc.PrefabInfo","root":{"__id__":1},"asset":{"__uuid__":"8e0KscqopO66du3/Ky2D1c"},"fileId":"f02UhRRlxCNLpxadPv+fnW"},"_trs":{"__type__":"TypedArray","ctor":"Float64Array","array":[4.398,-203.929,0,0,0,0,1,1,1,1]}},{"__type__":"cc.Node","_name":"zhenup","_parent":{"__id__":6},"_components":[{"__type__":"cc.RigidBody","node":{"__id__":19},"_type":0,"_gravityScale":0,"bullet":true}],"_prefab":{"__type__":"cc.PrefabInfo","root":{"__id__":1},"asset":{"__uuid__":"8e0KscqopO66du3/Ky2D1c"},"fileId":"fc4HopygpM6Kp6FKNwcboY"},"_trs":{"__type__":"TypedArray","ctor":"Float64Array","array":[0,10.298,0,0,0,0,1,1,1,1]}},{"__type__":"cc.Node","_name":"zhendown","_parent":{"__id__":6},"_components":[{"__type__":"cc.RigidBody","node":{"__id__":20},"_type":0,"_gravityScale":0,"bullet":true}],"_prefab":{"__type__":"cc.PrefabInfo","root":{"__id__":1},"asset":{"__uuid__":"8e0KscqopO66du3/Ky2D1c"},"fileId":"f73/HDS+dBrak86R4kJTYb"},"_trs":{"__type__":"TypedArray","ctor":"Float64Array","array":[10.141,-227.729,0,0,0,0,1,1,1,1]}},{"__type__":"cc.Node","_name":"zhenNodeTwo","_parent":{"__id__":1},"_children":[{"__id__":22},{"__id__":23},{"__id__":29},{"__id__":30}],"_prefab":{"__type__":"cc.PrefabInfo","root":{"__id__":1},"asset":{"__uuid__":"8e0KscqopO66du3/Ky2D1c"},"fileId":"a2nqd1D2VG+IBRCnsw+Zvf"},"_trs":{"__type__":"TypedArray","ctor":"Float64Array","array":[-149.022,-601.077,0,0,0,0.7071067811865475,0.7071067811865476,1,1,1]},"_eulerAngles":{"__type__":"cc.Vec3","z":90}},{"__type__":"cc.Node","_name":"huagui","_parent":{"__id__":21},"_components":[{"__type__":"cc.Sprite","node":{"__id__":22},"_materials":[{"__uuid__":"ecpdLyjvZBwrvm+cedCcQy"}],"_spriteFrame":{"__uuid__":"72AklVCzBN/asPCzYF9Gl5"},"_type":2,"_sizeMode":0}],"_prefab":{"__type__":"cc.PrefabInfo","root":{"__id__":1},"asset":{"__uuid__":"8e0KscqopO66du3/Ky2D1c"},"fileId":"d5KtHhbd1Az4bkZSmU51GV"},"_contentSize":{"__type__":"cc.Size","width":52,"height":754.5},"_trs":{"__type__":"TypedArray","ctor":"Float64Array","array":[-15.461,-86.484,0,0,0,0,1,0.5,1,0.5]}},{"__type__":"cc.Node","_name":"zhen","_parent":{"__id__":21},"_components":[{"__type__":"cc.Sprite","node":{"__id__":23},"_materials":[{"__uuid__":"ecpdLyjvZBwrvm+cedCcQy"}],"_spriteFrame":{"__uuid__":"14vJwyNH1OspMXFimJtxkW"},"_type":1,"_sizeMode":0},{"__type__":"cc.RigidBody","node":{"__id__":23},"_type":3,"_gravityScale":0,"_fixedRotation":true,"enabledContactListener":true,"bullet":true},{"__type__":"cc.PhysicsPolygonCollider","node":{"__id__":23},"_offset":{"__type__":"cc.Vec2","x":206.1,"y":0.9},"points":[{"__type__":"cc.Vec2","x":-345.8,"y":-68.8},{"__type__":"cc.Vec2","x":-207.5,"y":-67.2},{"__type__":"cc.Vec2","x":-207.3,"y":-19.9},{"__type__":"cc.Vec2","x":-83.5,"y":-18.8},{"__type__":"cc.Vec2","x":-84.6,"y":19.8},{"__type__":"cc.Vec2","x":-208.8,"y":20.7},{"__type__":"cc.Vec2","x":-210.7,"y":65.4},{"__type__":"cc.Vec2","x":-346.9,"y":67}]},{"__type__":"1cb3eoIRdhJWZayW7A68Y7j","node":{"__id__":23},"applyUpsensor":true,"applyDownsensor":true,"allzhen":[{"__id__":24}]}],"_prefab":{"__type__":"cc.PrefabInfo","root":{"__id__":1},"asset":{"__uuid__":"8e0KscqopO66du3/Ky2D1c"},"fileId":"feVNOgT/pMWoM4O+t+Hv0W"},"_contentSize":{"__type__":"cc.Size","width":244.9,"height":111},"_trs":{"__type__":"TypedArray","ctor":"Float64Array","array":[0,0,0,0,0,0,1,1,1,1]}},{"__type__":"cc.Node","_name":"zhen","_parent":{"__id__":25},"_components":[{"__type__":"cc.Sprite","node":{"__id__":24},"_materials":[{"__uuid__":"ecpdLyjvZBwrvm+cedCcQy"}],"_spriteFrame":{"__uuid__":"14vJwyNH1OspMXFimJtxkW"},"_type":1,"_sizeMode":0},{"__type__":"cc.RigidBody","node":{"__id__":24},"_type":3,"_gravityScale":0,"_fixedRotation":true,"enabledContactListener":true,"bullet":true},{"__type__":"cc.PhysicsPolygonCollider","node":{"__id__":24},"_offset":{"__type__":"cc.Vec2","x":206.1,"y":0.9},"points":[{"__type__":"cc.Vec2","x":-321.6,"y":-30.7},{"__type__":"cc.Vec2","x":-220.5,"y":-31.9},{"__type__":"cc.Vec2","x":-200.8,"y":-21.5},{"__type__":"cc.Vec2","x":-86.2,"y":-16.6},{"__type__":"cc.Vec2","x":-83.5,"y":17.4},{"__type__":"cc.Vec2","x":-212,"y":18.3},{"__type__":"cc.Vec2","x":-230.8,"y":40.9},{"__type__":"cc.Vec2","x":-318,"y":45.5}]},{"__type__":"1cb3eoIRdhJWZayW7A68Y7j","node":{"__id__":24},"applyUpsensor":true,"allzhen":[{"__id__":23}]}],"_prefab":{"__type__":"cc.PrefabInfo","root":{"__id__":1},"asset":{"__uuid__":"8e0KscqopO66du3/Ky2D1c"},"fileId":"15L3yKgcZD1bR0Yfe5UMwU"},"_contentSize":{"__type__":"cc.Size","width":244.9,"height":111},"_trs":{"__type__":"TypedArray","ctor":"Float64Array","array":[0,0,0,0,0,0,1,1,1,1]}},{"__type__":"cc.Node","_name":"zhenNodeTwo","_parent":{"__id__":1},"_children":[{"__id__":26},{"__id__":24},{"__id__":27},{"__id__":28}],"_prefab":{"__type__":"cc.PrefabInfo","root":{"__id__":1},"asset":{"__uuid__":"8e0KscqopO66du3/Ky2D1c"},"fileId":"a5ml1IZnpB7JKQT51e2XEF"},"_trs":{"__type__":"TypedArray","ctor":"Float64Array","array":[315.191,-217.318,0,0,0,1,6.123233995736766e-17,1,1,1]},"_eulerAngles":{"__type__":"cc.Vec3","z":180}},{"__type__":"cc.Node","_name":"huagui","_parent":{"__id__":25},"_components":[{"__type__":"cc.Sprite","node":{"__id__":26},"_materials":[{"__uuid__":"ecpdLyjvZBwrvm+cedCcQy"}],"_spriteFrame":{"__uuid__":"72AklVCzBN/asPCzYF9Gl5"},"_type":2,"_sizeMode":0}],"_prefab":{"__type__":"cc.PrefabInfo","root":{"__id__":1},"asset":{"__uuid__":"8e0KscqopO66du3/Ky2D1c"},"fileId":"38tGLewy5MzI931MK19RHg"},"_contentSize":{"__type__":"cc.Size","width":52,"height":883},"_trs":{"__type__":"TypedArray","ctor":"Float64Array","array":[-5,-52,0,0,0,0,1,0.5,1,0.5]}},{"__type__":"cc.Node","_name":"zhenup","_parent":{"__id__":25},"_components":[{"__type__":"cc.RigidBody","node":{"__id__":27},"_type":0,"_gravityScale":0,"bullet":true}],"_prefab":{"__type__":"cc.PrefabInfo","root":{"__id__":1},"asset":{"__uuid__":"8e0KscqopO66du3/Ky2D1c"},"fileId":"71Qc8GjX9KIbCUD37gwq6s"},"_trs":{"__type__":"TypedArray","ctor":"Float64Array","array":[0,382.83,0,0,0,0,1,1,1,1]}},{"__type__":"cc.Node","_name":"zhendown","_parent":{"__id__":25},"_components":[{"__type__":"cc.RigidBody","node":{"__id__":28},"_type":0,"_gravityScale":0,"bullet":true}],"_prefab":{"__type__":"cc.PrefabInfo","root":{"__id__":1},"asset":{"__uuid__":"8e0KscqopO66du3/Ky2D1c"},"fileId":"a89Yzp52ZLt7QfvsZ+Duk7"},"_trs":{"__type__":"TypedArray","ctor":"Float64Array","array":[10.141,-489.883,0,0,0,0,1,1,1,1]}},{"__type__":"cc.Node","_name":"zhenup","_parent":{"__id__":21},"_components":[{"__type__":"cc.RigidBody","node":{"__id__":29},"_type":0,"_gravityScale":0,"bullet":true}],"_prefab":{"__type__":"cc.PrefabInfo","root":{"__id__":1},"asset":{"__uuid__":"8e0KscqopO66du3/Ky2D1c"},"fileId":"6bJ11dLPBDb6qYQX5xA+fK"},"_trs":{"__type__":"TypedArray","ctor":"Float64Array","array":[0,278.036,0,0,0,0,1,1,1,1]}},{"__type__":"cc.Node","_name":"zhendown","_parent":{"__id__":21},"_components":[{"__type__":"cc.RigidBody","node":{"__id__":30},"_type":0,"_gravityScale":0,"bullet":true}],"_prefab":{"__type__":"cc.PrefabInfo","root":{"__id__":1},"asset":{"__uuid__":"8e0KscqopO66du3/Ky2D1c"},"fileId":"d3F75V/8RLf5bBN4GP7XXJ"},"_trs":{"__type__":"TypedArray","ctor":"Float64Array","array":[10.141,-449.154,0,0,0,0,1,1,1,1]}},{"__type__":"cc.Node","_name":"zhenNodeTwo","_parent":{"__id__":1},"_children":[{"__id__":32},{"__id__":33},{"__id__":34},{"__id__":35}],"_prefab":{"__type__":"cc.PrefabInfo","root":{"__id__":1},"asset":{"__uuid__":"8e0KscqopO66du3/Ky2D1c"},"fileId":"9cBX6TlgJFBLKxjr9Bmgy0"},"_trs":{"__type__":"TypedArray","ctor":"Float64Array","array":[287.191,406.067,0,0,0,0.7071067811865476,-0.7071067811865475,1,1,1]},"_eulerAngles":{"__type__":"cc.Vec3","z":270}},{"__type__":"cc.Node","_name":"huagui","_parent":{"__id__":31},"_components":[{"__type__":"cc.Sprite","node":{"__id__":32},"_materials":[{"__uuid__":"ecpdLyjvZBwrvm+cedCcQy"}],"_spriteFrame":{"__uuid__":"72AklVCzBN/asPCzYF9Gl5"},"_type":2,"_sizeMode":0}],"_prefab":{"__type__":"cc.PrefabInfo","root":{"__id__":1},"asset":{"__uuid__":"8e0KscqopO66du3/Ky2D1c"},"fileId":"41r7PabfVCtZC+p9jFGfY5"},"_contentSize":{"__type__":"cc.Size","width":52,"height":522},"_trs":{"__type__":"TypedArray","ctor":"Float64Array","array":[-5.65,-210.937,0,0,0,0,1,0.5,1,0.5]}},{"__type__":"cc.Node","_name":"zhen","_parent":{"__id__":31},"_components":[{"__type__":"cc.Sprite","node":{"__id__":33},"_materials":[{"__uuid__":"ecpdLyjvZBwrvm+cedCcQy"}],"_spriteFrame":{"__uuid__":"14vJwyNH1OspMXFimJtxkW"},"_type":1,"_sizeMode":0},{"__type__":"cc.RigidBody","node":{"__id__":33},"_type":3,"_gravityScale":0,"_fixedRotation":true,"enabledContactListener":true,"bullet":true},{"__type__":"cc.PhysicsPolygonCollider","node":{"__id__":33},"_offset":{"__type__":"cc.Vec2","x":206.1,"y":0.9},"points":[{"__type__":"cc.Vec2","x":-345.8,"y":-68.8},{"__type__":"cc.Vec2","x":-207.5,"y":-67.2},{"__type__":"cc.Vec2","x":-207.8,"y":-33.3},{"__type__":"cc.Vec2","x":-80.1,"y":-31},{"__type__":"cc.Vec2","x":-78.6,"y":32.3},{"__type__":"cc.Vec2","x":-209.4,"y":33.8},{"__type__":"cc.Vec2","x":-210.7,"y":65.4},{"__type__":"cc.Vec2","x":-346.9,"y":67}]},{"__type__":"1cb3eoIRdhJWZayW7A68Y7j","node":{"__id__":33}}],"_prefab":{"__type__":"cc.PrefabInfo","root":{"__id__":1},"asset":{"__uuid__":"8e0KscqopO66du3/Ky2D1c"},"fileId":"c6JIj510NBdpXxZUMy6z2u"},"_contentSize":{"__type__":"cc.Size","width":244.9,"height":111},"_trs":{"__type__":"TypedArray","ctor":"Float64Array","array":[0,28.31,0,0,0,0,1,1,1,1]}},{"__type__":"cc.Node","_name":"zhenup","_parent":{"__id__":31},"_components":[{"__type__":"cc.RigidBody","node":{"__id__":34},"_type":0,"_gravityScale":0,"bullet":true}],"_prefab":{"__type__":"cc.PrefabInfo","root":{"__id__":1},"asset":{"__uuid__":"8e0KscqopO66du3/Ky2D1c"},"fileId":"edF9/t8m5ExL5OI4PhSQM2"},"_trs":{"__type__":"TypedArray","ctor":"Float64Array","array":[4,32.83,0,0,0,0,1,1,1,1]}},{"__type__":"cc.Node","_name":"zhendown","_parent":{"__id__":31},"_components":[{"__type__":"cc.RigidBody","node":{"__id__":35},"_type":0,"_gravityScale":0,"bullet":true}],"_prefab":{"__type__":"cc.PrefabInfo","root":{"__id__":1},"asset":{"__uuid__":"8e0KscqopO66du3/Ky2D1c"},"fileId":"c01mOsrEtHToiRPny22Jr4"},"_trs":{"__type__":"TypedArray","ctor":"Float64Array","array":[-0.859,-454.883,0,0,0,0,1,1,1,1]}}]]