[{"__type__":"cc.SpriteFrame","content":{"name":"guanqia11","texture":"c3i1TY9GBCKKm/I1DZfoiw","rect":[1,1,858,1341],"offset":[-1,-0.5],"originalSize":[862,1342],"capInsets":[0,0,0,0]}},[{"__type__":"cc.Prefab","_name":"UIDerived18","data":{"__id__":1}},{"__type__":"cc.Node","_name":"UIDerived19","_children":[{"__type__":"cc.Node","_name":"player","_parent":{"__id__":1},"_prefab":{"__type__":"cc.PrefabInfo","root":{"__id__":1},"asset":{"__uuid__":"c8vtaf6f5Gs7Rmd6s7W65W"},"fileId":"b1BKrlpL9GEJJWSRXDICkG"},"_contentSize":{"__type__":"cc.Size","width":234.2,"height":136},"_trs":{"__type__":"TypedArray","ctor":"Float64Array","array":[238.672,-521.111,0,0,0,0,1,-0.7,0.7,1]}},{"__type__":"cc.Node","_name":"bule_node","_parent":{"__id__":1},"_prefab":{"__type__":"cc.PrefabInfo","root":{"__id__":1},"asset":{"__uuid__":"c8vtaf6f5Gs7Rmd6s7W65W"},"fileId":"ebZ945ugtDXJyRf6JIdPsP"},"_trs":{"__type__":"TypedArray","ctor":"Float64Array","array":[0,0,0,0,0,0,1,1,1,1]}},{"__type__":"cc.Node","_name":"greenwater_node","_parent":{"__id__":1},"_prefab":{"__type__":"cc.PrefabInfo","root":{"__id__":1},"asset":{"__uuid__":"c8vtaf6f5Gs7Rmd6s7W65W"},"fileId":"ca4tphdD1Nf7K+wzNrK08L"},"_trs":{"__type__":"TypedArray","ctor":"Float64Array","array":[0,0,0,0,0,0,1,1,1,1]}},{"__type__":"cc.Node","_name":"redwater_node","_parent":{"__id__":1},"_prefab":{"__type__":"cc.PrefabInfo","root":{"__id__":1},"asset":{"__uuid__":"c8vtaf6f5Gs7Rmd6s7W65W"},"fileId":"986/ia1gRCmoW0fwfQKSjg"},"_trs":{"__type__":"TypedArray","ctor":"Float64Array","array":[0,0,0,0,0,0,1,1,1,1]}},{"__id__":2},{"__type__":"cc.Node","_name":"gray_node","_parent":{"__id__":1},"_prefab":{"__type__":"cc.PrefabInfo","root":{"__id__":1},"asset":{"__uuid__":"c8vtaf6f5Gs7Rmd6s7W65W"},"fileId":"41RRE3fGBGSKHJ8Yx/sSAs"},"_trs":{"__type__":"TypedArray","ctor":"Float64Array","array":[0,0,0,0,0,0,1,1,1,1]}},{"__id__":3},{"__type__":"cc.Node","_name":"redPos_node","_parent":{"__id__":1},"_prefab":{"__type__":"cc.PrefabInfo","root":{"__id__":1},"asset":{"__uuid__":"c8vtaf6f5Gs7Rmd6s7W65W"},"fileId":"574RIBC8lE84t9NXoED1qW"},"_trs":{"__type__":"TypedArray","ctor":"Float64Array","array":[0,0,0,0,0,0,1,1,1,1]}},{"__type__":"cc.Node","_name":"greenPos_node","_parent":{"__id__":1},"_prefab":{"__type__":"cc.PrefabInfo","root":{"__id__":1},"asset":{"__uuid__":"c8vtaf6f5Gs7Rmd6s7W65W"},"fileId":"9b5oFw2n5BBaPNoaD24+5N"},"_trs":{"__type__":"TypedArray","ctor":"Float64Array","array":[0,0,0,0,0,0,1,1,1,1]}},{"__id__":4}],"_components":[{"__type__":"cc.Sprite","node":{"__id__":1},"_materials":[{"__uuid__":"ecpdLyjvZBwrvm+cedCcQy"}],"_spriteFrame":{"__uuid__":"230K1blAhKBL6D4HvQcS93"}},{"__type__":"cc.PhysicsPolygonCollider","node":{"__id__":1},"points":[{"__type__":"cc.Vec2","x":130,"y":95},{"__type__":"cc.Vec2","x":-414,"y":86},{"__type__":"cc.Vec2","x":-415,"y":-416},{"__type__":"cc.Vec2","x":49,"y":-441},{"__type__":"cc.Vec2","x":73.1,"y":-468.8},{"__type__":"cc.Vec2","x":76.1,"y":-521.3},{"__type__":"cc.Vec2","x":138.5,"y":-632.2},{"__type__":"cc.Vec2","x":277.7,"y":-658.5},{"__type__":"cc.Vec2","x":346.2,"y":-616.9},{"__type__":"cc.Vec2","x":397.5,"y":-531.3},{"__type__":"cc.Vec2","x":418.6,"y":-417.9},{"__type__":"cc.Vec2","x":409.2,"y":-326.9},{"__type__":"cc.Vec2","x":371.4,"y":-264.9},{"__type__":"cc.Vec2","x":290.7,"y":-233.3},{"__type__":"cc.Vec2","x":-227.9,"y":-228},{"__type__":"cc.Vec2","x":-229.1,"y":-96.9},{"__type__":"cc.Vec2","x":224.2,"y":-99.9},{"__type__":"cc.Vec2","x":293.4,"y":-83.9},{"__type__":"cc.Vec2","x":335.6,"y":-59.2},{"__type__":"cc.Vec2","x":394.4,"y":14.6},{"__type__":"cc.Vec2","x":410.5,"y":320.9},{"__type__":"cc.Vec2","x":406.7,"y":662.3},{"__type__":"cc.Vec2","x":135.2,"y":658},{"__type__":"cc.Vec2","x":158.6,"y":631.4},{"__type__":"cc.Vec2","x":381.9,"y":631.8},{"__type__":"cc.Vec2","x":381,"y":236},{"__type__":"cc.Vec2","x":380,"y":153},{"__type__":"cc.Vec2","x":379.4,"y":53.7},{"__type__":"cc.Vec2","x":330.9,"y":-35.1},{"__type__":"cc.Vec2","x":273.7,"y":-61.9},{"__type__":"cc.Vec2","x":220,"y":-76.4},{"__type__":"cc.Vec2","x":-253.2,"y":-74.3},{"__type__":"cc.Vec2","x":-253,"y":-250.7},{"__type__":"cc.Vec2","x":291.8,"y":-259.1},{"__type__":"cc.Vec2","x":337.2,"y":-276.2},{"__type__":"cc.Vec2","x":374.9,"y":-313.6},{"__type__":"cc.Vec2","x":389.9,"y":-368.2},{"__type__":"cc.Vec2","x":389.8,"y":-465.5},{"__type__":"cc.Vec2","x":369.1,"y":-536.7},{"__type__":"cc.Vec2","x":340.2,"y":-586.3},{"__type__":"cc.Vec2","x":305.8,"y":-615.2},{"__type__":"cc.Vec2","x":256.5,"y":-630.5},{"__type__":"cc.Vec2","x":198.7,"y":-629.5},{"__type__":"cc.Vec2","x":147.8,"y":-602.5},{"__type__":"cc.Vec2","x":116,"y":-561.7},{"__type__":"cc.Vec2","x":99.9,"y":-515.2},{"__type__":"cc.Vec2","x":95.9,"y":-461.7},{"__type__":"cc.Vec2","x":56,"y":-419},{"__type__":"cc.Vec2","x":-367,"y":-396},{"__type__":"cc.Vec2","x":-390,"y":-374},{"__type__":"cc.Vec2","x":-390.5,"y":62.6},{"__type__":"cc.Vec2","x":152,"y":72},{"__type__":"cc.Vec2","x":159,"y":632},{"__type__":"cc.Vec2","x":139,"y":655}]},{"__type__":"1100eDGpRlLMYp5CrYQGpcQ","node":{"__id__":1}},{"__type__":"cc.RigidBody","node":{"__id__":1},"_type":0}],"_prefab":{"__type__":"cc.PrefabInfo","root":{"__id__":1},"asset":{"__uuid__":"c8vtaf6f5Gs7Rmd6s7W65W"},"fileId":"175g8pDd1LybUl3kFibH+F"},"_contentSize":{"__type__":"cc.Size","width":860,"height":1341},"_trs":{"__type__":"TypedArray","ctor":"Float64Array","array":[0,35.73,0,0,0,0,1,1,1,1]}},{"__type__":"cc.Node","_name":"black_node","_parent":{"__id__":1},"_components":[{"__type__":"6c0e8KZwr5L34azTYX21stu","node":{"__id__":2}}],"_prefab":{"__type__":"cc.PrefabInfo","root":{"__id__":1},"asset":{"__uuid__":"c8vtaf6f5Gs7Rmd6s7W65W"},"fileId":"1eitk1dUdFrYq6VEEhI/av"},"_trs":{"__type__":"TypedArray","ctor":"Float64Array","array":[0,0,0,0,0,0,1,1,1,1]}},{"__type__":"cc.Node","_name":"bulePos_node","_parent":{"__id__":1},"_children":[{"__type__":"cc.Node","_name":"New Node","_parent":{"__id__":3},"_prefab":{"__type__":"cc.PrefabInfo","root":{"__id__":1},"asset":{"__uuid__":"c8vtaf6f5Gs7Rmd6s7W65W"},"fileId":"83t3V/MHhForQZdIPb8Phg"},"_trs":{"__type__":"TypedArray","ctor":"Float64Array","array":[250.144,174.356,0,0,0,0,1,1,1,1]}}],"_prefab":{"__type__":"cc.PrefabInfo","root":{"__id__":1},"asset":{"__uuid__":"c8vtaf6f5Gs7Rmd6s7W65W"},"fileId":"d69ZiUoPRKfJ4jbU1Qe89o"},"_trs":{"__type__":"TypedArray","ctor":"Float64Array","array":[0,0,0,0,0,0,1,1,1,1]}},{"__type__":"cc.Node","_name":"zhenNodeTwo","_parent":{"__id__":1},"_children":[{"__id__":5},{"__id__":6},{"__id__":7}],"_prefab":{"__type__":"cc.PrefabInfo","root":{"__id__":1},"asset":{"__uuid__":"c8vtaf6f5Gs7Rmd6s7W65W"},"fileId":"9bSziPoQRIya5wS7cTxeOx"},"_trs":{"__type__":"TypedArray","ctor":"Float64Array","array":[62.946,44.041,0,0,0,0.7071067811865476,-0.7071067811865475,1,1,1]},"_eulerAngles":{"__type__":"cc.Vec3","z":270}},{"__type__":"cc.Node","_name":"zhen","_parent":{"__id__":4},"_components":[{"__type__":"cc.Sprite","node":{"__id__":5},"_materials":[{"__uuid__":"ecpdLyjvZBwrvm+cedCcQy"}],"_spriteFrame":{"__uuid__":"14vJwyNH1OspMXFimJtxkW"},"_type":1,"_sizeMode":0},{"__type__":"cc.RigidBody","node":{"__id__":5},"_type":3,"_gravityScale":0,"_fixedRotation":true,"enabledContactListener":true,"bullet":true},{"__type__":"cc.PhysicsPolygonCollider","node":{"__id__":5},"_offset":{"__type__":"cc.Vec2","x":152,"y":4},"points":[{"__type__":"cc.Vec2","x":-319,"y":-58},{"__type__":"cc.Vec2","x":-210,"y":-58},{"__type__":"cc.Vec2","x":-207.9,"y":-26.1},{"__type__":"cc.Vec2","x":12,"y":-24.9},{"__type__":"cc.Vec2","x":14,"y":20.8},{"__type__":"cc.Vec2","x":-205.9,"y":17.8},{"__type__":"cc.Vec2","x":-207,"y":52},{"__type__":"cc.Vec2","x":-319,"y":51}]},{"__type__":"1cb3eoIRdhJWZayW7A68Y7j","node":{"__id__":5},"applyDownsensor":true}],"_prefab":{"__type__":"cc.PrefabInfo","root":{"__id__":1},"asset":{"__uuid__":"c8vtaf6f5Gs7Rmd6s7W65W"},"fileId":"bbbmWdnmVOHpxzy+YeFEtL"},"_contentSize":{"__type__":"cc.Size","width":331,"height":111},"_trs":{"__type__":"TypedArray","ctor":"Float64Array","array":[0,0,0,0,0,0,1,1,1,1]},"_groupIndex":8,"groupIndex":8},{"__type__":"cc.Node","_name":"zhenup","_parent":{"__id__":4},"_components":[{"__type__":"cc.RigidBody","node":{"__id__":6},"_type":0,"_gravityScale":0,"bullet":true}],"_prefab":{"__type__":"cc.PrefabInfo","root":{"__id__":1},"asset":{"__uuid__":"c8vtaf6f5Gs7Rmd6s7W65W"},"fileId":"63JTuqZ0pEfqtQ7kW6lS0Z"},"_trs":{"__type__":"TypedArray","ctor":"Float64Array","array":[0,90,0,0,0,0,1,1,1,1]}},{"__type__":"cc.Node","_name":"zhendown","_parent":{"__id__":4},"_components":[{"__type__":"cc.RigidBody","node":{"__id__":7},"_type":0,"_gravityScale":0,"bullet":true}],"_prefab":{"__type__":"cc.PrefabInfo","root":{"__id__":1},"asset":{"__uuid__":"c8vtaf6f5Gs7Rmd6s7W65W"},"fileId":"30gnArBR1JyYN0X/nk5CiU"},"_trs":{"__type__":"TypedArray","ctor":"Float64Array","array":[0,-450.679,0,0,0,0,1,1,1,1]}}]]