[{"__type__":"cc.SpriteFrame","content":{"name":"guanqia41","texture":"eej1VFMxFNWppaGXfH1Aha","rect":[1,1,959,1500],"offset":[0,0],"originalSize":[961,1502],"capInsets":[0,0,0,0]}},[{"__type__":"cc.Prefab","_name":"UIDerived40","data":{"__id__":1}},{"__type__":"cc.Node","_name":"UIDerived45","_children":[{"__type__":"cc.Node","_name":"bule_node","_parent":{"__id__":1},"_prefab":{"__type__":"cc.PrefabInfo","root":{"__id__":1},"asset":{"__uuid__":"f8lzQ33cZKMbHuJEmORQir"},"fileId":"814BeQDuZCYLvgoIZaoYX6"},"_trs":{"__type__":"TypedArray","ctor":"Float64Array","array":[0,0,0,0,0,0,1,1,1,1]}},{"__type__":"cc.Node","_name":"greenwater_node","_parent":{"__id__":1},"_prefab":{"__type__":"cc.PrefabInfo","root":{"__id__":1},"asset":{"__uuid__":"f8lzQ33cZKMbHuJEmORQir"},"fileId":"ca9shnBm5B5Z2ytqHXgJ1i"},"_trs":{"__type__":"TypedArray","ctor":"Float64Array","array":[0,0,0,0,0,0,1,1,1,1]}},{"__type__":"cc.Node","_name":"redwater_node","_parent":{"__id__":1},"_prefab":{"__type__":"cc.PrefabInfo","root":{"__id__":1},"asset":{"__uuid__":"f8lzQ33cZKMbHuJEmORQir"},"fileId":"59ckn4AD1G6JAo2abKaC/X"},"_trs":{"__type__":"TypedArray","ctor":"Float64Array","array":[0,0,0,0,0,0,1,1,1,1]}},{"__id__":2},{"__id__":3},{"__id__":4},{"__id__":5},{"__type__":"cc.Node","_name":"greenPos_node","_parent":{"__id__":1},"_prefab":{"__type__":"cc.PrefabInfo","root":{"__id__":1},"asset":{"__uuid__":"f8lzQ33cZKMbHuJEmORQir"},"fileId":"01LYgHtl1LzbgHuPpiAZfM"},"_trs":{"__type__":"TypedArray","ctor":"Float64Array","array":[0,0,0,0,0,0,1,1,1,1]}},{"__type__":"cc.Node","_name":"player","_parent":{"__id__":1},"_prefab":{"__type__":"cc.PrefabInfo","root":{"__id__":1},"asset":{"__uuid__":"f8lzQ33cZKMbHuJEmORQir"},"fileId":"065NPfv5JPyqH4OB7OH549"},"_contentSize":{"__type__":"cc.Size","width":240,"height":140},"_trs":{"__type__":"TypedArray","ctor":"Float64Array","array":[286.865,-628.942,0,0,0,0,1,-0.7,0.7,1]}},{"__type__":"cc.Node","_name":"enemy","_parent":{"__id__":1},"_prefab":{"__type__":"cc.PrefabInfo","root":{"__id__":1},"asset":{"__uuid__":"f8lzQ33cZKMbHuJEmORQir"},"fileId":"f3WAC97e5IaJj7eZ1qRoFb"},"_trs":{"__type__":"TypedArray","ctor":"Float64Array","array":[-91.784,-628.994,0,0,0,0,1,1,1,1]}},{"__id__":6},{"__id__":9},{"__id__":12}],"_components":[{"__type__":"cc.Sprite","node":{"__id__":1},"_materials":[{"__uuid__":"ecpdLyjvZBwrvm+cedCcQy"}],"_spriteFrame":{"__uuid__":"a401/QdDNE1YlE0MApWyqm"}},{"__type__":"1100eDGpRlLMYp5CrYQGpcQ","node":{"__id__":1},"player_happy":true},{"__type__":"cc.RigidBody","node":{"__id__":1},"_type":0},{"__type__":"cc.PhysicsPolygonCollider","node":{"__id__":1},"_offset":{"__type__":"cc.Vec2","x":-345.7,"y":683.5},"points":[{"__type__":"cc.Vec2","x":-133.5,"y":-66.5},{"__type__":"cc.Vec2","x":-137,"y":-1426},{"__type__":"cc.Vec2","x":824.9,"y":-1436.3},{"__type__":"cc.Vec2","x":826,"y":69},{"__type__":"cc.Vec2","x":47.1,"y":49.9},{"__type__":"cc.Vec2","x":-25,"y":22},{"__type__":"cc.Vec2","x":721.8,"y":26.3},{"__type__":"cc.Vec2","x":721.4,"y":-109.4},{"__type__":"cc.Vec2","x":112.4,"y":-229.8},{"__type__":"cc.Vec2","x":82.9,"y":-242.1},{"__type__":"cc.Vec2","x":22.4,"y":-373.2},{"__type__":"cc.Vec2","x":40,"y":-384},{"__type__":"cc.Vec2","x":464.9,"y":-382.8},{"__type__":"cc.Vec2","x":484.6,"y":-366.8},{"__type__":"cc.Vec2","x":482,"y":-257.5},{"__type__":"cc.Vec2","x":784,"y":-252},{"__type__":"cc.Vec2","x":785.8,"y":-1385.9},{"__type__":"cc.Vec2","x":483.2,"y":-1391.2},{"__type__":"cc.Vec2","x":482.5,"y":-1220.5},{"__type__":"cc.Vec2","x":660.8,"y":-1217.6},{"__type__":"cc.Vec2","x":674.6,"y":-1196.8},{"__type__":"cc.Vec2","x":676.2,"y":-380.8},{"__type__":"cc.Vec2","x":660.3,"y":-366},{"__type__":"cc.Vec2","x":605.4,"y":-365.9},{"__type__":"cc.Vec2","x":592.7,"y":-380.1},{"__type__":"cc.Vec2","x":593.3,"y":-493.7},{"__type__":"cc.Vec2","x":34.8,"y":-496.5},{"__type__":"cc.Vec2","x":16.5,"y":-507.2},{"__type__":"cc.Vec2","x":16.8,"y":-562.7},{"__type__":"cc.Vec2","x":31.7,"y":-576.8},{"__type__":"cc.Vec2","x":592,"y":-573.5},{"__type__":"cc.Vec2","x":595.3,"y":-1132.5},{"__type__":"cc.Vec2","x":415.5,"y":-1133.2},{"__type__":"cc.Vec2","x":402.8,"y":-1149.3},{"__type__":"cc.Vec2","x":403.7,"y":-1392.6},{"__type__":"cc.Vec2","x":163.4,"y":-1388.1},{"__type__":"cc.Vec2","x":163.9,"y":-1216.6},{"__type__":"cc.Vec2","x":273.9,"y":-1215.1},{"__type__":"cc.Vec2","x":290.7,"y":-1208.2},{"__type__":"cc.Vec2","x":291.9,"y":-1148.5},{"__type__":"cc.Vec2","x":276.6,"y":-1134.5},{"__type__":"cc.Vec2","x":-89,"y":-1134},{"__type__":"cc.Vec2","x":-91,"y":-400.5},{"__type__":"cc.Vec2","x":-48.4,"y":-281.9},{"__type__":"cc.Vec2","x":-38,"y":-236},{"__type__":"cc.Vec2","x":-26.2,"y":-89},{"__type__":"cc.Vec2","x":-26.4,"y":23.2},{"__type__":"cc.Vec2","x":50,"y":50},{"__type__":"cc.Vec2","x":-134.2,"y":66.5}]},{"__type__":"cc.PhysicsPolygonCollider","node":{"__id__":1},"_offset":{"__type__":"cc.Vec2","x":-220,"y":-57},"points":[{"__type__":"cc.Vec2","x":-49.4,"y":-276.9},{"__type__":"cc.Vec2","x":305.5,"y":-277.5},{"__type__":"cc.Vec2","x":303.7,"y":48.2},{"__type__":"cc.Vec2","x":-50,"y":50}]}],"_prefab":{"__type__":"cc.PrefabInfo","root":{"__id__":1},"asset":{"__uuid__":"f8lzQ33cZKMbHuJEmORQir"},"fileId":"9fEQM9aCRIsp/iUGIz27Pq"},"_contentSize":{"__type__":"cc.Size","width":959,"height":1500},"_trs":{"__type__":"TypedArray","ctor":"Float64Array","array":[0,2.694,0,0,0,0,1,1,1,1]}},{"__type__":"cc.Node","_name":"black_node","_parent":{"__id__":1},"_components":[{"__type__":"6c0e8KZwr5L34azTYX21stu","node":{"__id__":2}}],"_prefab":{"__type__":"cc.PrefabInfo","root":{"__id__":1},"asset":{"__uuid__":"f8lzQ33cZKMbHuJEmORQir"},"fileId":"a2y6rwyJJFnoxTZKg5sdEM"},"_trs":{"__type__":"TypedArray","ctor":"Float64Array","array":[0,0,0,0,0,0,1,1,1,1]}},{"__type__":"cc.Node","_name":"gray_node","_parent":{"__id__":1},"_components":[{"__type__":"3400dF2d2tHLK8+En9baGXY","node":{"__id__":3},"grey_prefab":{"__uuid__":"13FEeEL1NMaK5TFGpFQpJr"}}],"_prefab":{"__type__":"cc.PrefabInfo","root":{"__id__":1},"asset":{"__uuid__":"f8lzQ33cZKMbHuJEmORQir"},"fileId":"daL5ARJ0hP+4Dan+nfmT8Y"},"_trs":{"__type__":"TypedArray","ctor":"Float64Array","array":[0,0,0,0,0,0,1,1,1,1]}},{"__type__":"cc.Node","_name":"bulePos_node","_parent":{"__id__":1},"_children":[{"__type__":"cc.Node","_name":"New Node","_parent":{"__id__":4},"_prefab":{"__type__":"cc.PrefabInfo","root":{"__id__":1},"asset":{"__uuid__":"f8lzQ33cZKMbHuJEmORQir"},"fileId":"9alBIvmnxM7rk6pVBCfaO6"},"_trs":{"__type__":"TypedArray","ctor":"Float64Array","array":[-80.212,-635.497,0,0,0,0,1,1,1,1]}},{"__type__":"cc.Node","_name":"New Node","_parent":{"__id__":4},"_prefab":{"__type__":"cc.PrefabInfo","root":{"__id__":1},"asset":{"__uuid__":"f8lzQ33cZKMbHuJEmORQir"},"fileId":"2cN4oYxGNIZrYDIoFfuNIx"},"_trs":{"__type__":"TypedArray","ctor":"Float64Array","array":[260,-635,0,0,0,0,1,1,1,1]}}],"_prefab":{"__type__":"cc.PrefabInfo","root":{"__id__":1},"asset":{"__uuid__":"f8lzQ33cZKMbHuJEmORQir"},"fileId":"155BERMABKaqg/+y8bZ8Wj"},"_trs":{"__type__":"TypedArray","ctor":"Float64Array","array":[0,0,0,0,0,0,1,1,1,1]}},{"__type__":"cc.Node","_name":"redPos_node","_parent":{"__id__":1},"_children":[{"__type__":"cc.Node","_name":"New Node","_parent":{"__id__":5},"_prefab":{"__type__":"cc.PrefabInfo","root":{"__id__":1},"asset":{"__uuid__":"f8lzQ33cZKMbHuJEmORQir"},"fileId":"63wjjcpaJMRJd7sHZjXttl"},"_trs":{"__type__":"TypedArray","ctor":"Float64Array","array":[-257.272,589.679,0,0,0,0,1,1,1,1]}}],"_prefab":{"__type__":"cc.PrefabInfo","root":{"__id__":1},"asset":{"__uuid__":"f8lzQ33cZKMbHuJEmORQir"},"fileId":"47QLTpUENDvqjdZ8C4B7Ef"},"_trs":{"__type__":"TypedArray","ctor":"Float64Array","array":[0,0,0,0,0,0,1,1,1,1]}},{"__type__":"cc.Node","_name":"MoveProp","_parent":{"__id__":1},"_children":[{"__id__":7},{"__id__":8}],"_prefab":{"__type__":"cc.PrefabInfo","root":{"__id__":1},"asset":{"__uuid__":"f8lzQ33cZKMbHuJEmORQir"},"fileId":"d3BwQnp95K/YwJcZVIha2X"},"_trs":{"__type__":"TypedArray","ctor":"Float64Array","array":[-344,367,0,0,0,0,1,1,1,1]}},{"__type__":"cc.Node","_name":"Bar","_parent":{"__id__":6},"_components":[{"__type__":"cc.Sprite","node":{"__id__":7},"_materials":[{"__uuid__":"ecpdLyjvZBwrvm+cedCcQy"}],"_spriteFrame":{"__uuid__":"36nyDwRspBQpKV3/57IicC"},"_type":1},{"__type__":"cc.RigidBody","node":{"__id__":7},"_type":0},{"__type__":"cc.PhysicsPolygonCollider","node":{"__id__":7},"points":[{"__type__":"cc.Vec2","x":-114.4,"y":-31.1},{"__type__":"cc.Vec2","x":116,"y":-31.3},{"__type__":"cc.Vec2","x":115.1,"y":31.8},{"__type__":"cc.Vec2","x":-114.2,"y":31.3}]},{"__type__":"8a64bLvzRlHBakXZIa7SBbN","node":{"__id__":7}}],"_prefab":{"__type__":"cc.PrefabInfo","root":{"__id__":1},"asset":{"__uuid__":"f8lzQ33cZKMbHuJEmORQir"},"fileId":"39DJKrUJpORLBskthUYqV8"},"_contentSize":{"__type__":"cc.Size","width":230,"height":65},"_trs":{"__type__":"TypedArray","ctor":"Float64Array","array":[0,0,0,0,0,0,1,1,1,1]}},{"__type__":"cc.Node","_name":"BarBG","_parent":{"__id__":6},"_components":[{"__type__":"cc.Sprite","node":{"__id__":8},"_materials":[{"__uuid__":"ecpdLyjvZBwrvm+cedCcQy"}],"_spriteFrame":{"__uuid__":"d8hqEurO5O3r/JLAsbxS//"},"_type":1}],"_prefab":{"__type__":"cc.PrefabInfo","root":{"__id__":1},"asset":{"__uuid__":"f8lzQ33cZKMbHuJEmORQir"},"fileId":"f5ug1qjORD0a7Dlpqd53fE"},"_contentSize":{"__type__":"cc.Size","width":427,"height":66},"_trs":{"__type__":"TypedArray","ctor":"Float64Array","array":[83,0,0,0,0,0,1,1,1,1]}},{"__type__":"cc.Node","_name":"MoveProp","_parent":{"__id__":1},"_children":[{"__id__":10},{"__id__":11}],"_prefab":{"__type__":"cc.PrefabInfo","root":{"__id__":1},"asset":{"__uuid__":"f8lzQ33cZKMbHuJEmORQir"},"fileId":"aeCfvpXFxPQpBArCRqrxTw"},"_trs":{"__type__":"TypedArray","ctor":"Float64Array","array":[-363,149,0,0,0,0,1,1,1,1]}},{"__type__":"cc.Node","_name":"Bar","_parent":{"__id__":9},"_components":[{"__type__":"cc.Sprite","node":{"__id__":10},"_materials":[{"__uuid__":"ecpdLyjvZBwrvm+cedCcQy"}],"_spriteFrame":{"__uuid__":"36nyDwRspBQpKV3/57IicC"},"_type":1},{"__type__":"cc.RigidBody","node":{"__id__":10},"_type":0},{"__type__":"cc.PhysicsPolygonCollider","node":{"__id__":10},"points":[{"__type__":"cc.Vec2","x":-114.4,"y":-31.1},{"__type__":"cc.Vec2","x":116,"y":-31.3},{"__type__":"cc.Vec2","x":115.1,"y":31.8},{"__type__":"cc.Vec2","x":-114.2,"y":31.3}]},{"__type__":"8a64bLvzRlHBakXZIa7SBbN","node":{"__id__":10}}],"_prefab":{"__type__":"cc.PrefabInfo","root":{"__id__":1},"asset":{"__uuid__":"f8lzQ33cZKMbHuJEmORQir"},"fileId":"f45JWFXMFE66SvolqeNyTv"},"_contentSize":{"__type__":"cc.Size","width":230,"height":65},"_trs":{"__type__":"TypedArray","ctor":"Float64Array","array":[0,0,0,0,0,0,1,1,1,1]}},{"__type__":"cc.Node","_name":"BarBG","_parent":{"__id__":9},"_components":[{"__type__":"cc.Sprite","node":{"__id__":11},"_materials":[{"__uuid__":"ecpdLyjvZBwrvm+cedCcQy"}],"_spriteFrame":{"__uuid__":"d8hqEurO5O3r/JLAsbxS//"},"_type":1}],"_prefab":{"__type__":"cc.PrefabInfo","root":{"__id__":1},"asset":{"__uuid__":"f8lzQ33cZKMbHuJEmORQir"},"fileId":"barKHAvc5IcaCnGS8pZpO/"},"_contentSize":{"__type__":"cc.Size","width":427,"height":66},"_trs":{"__type__":"TypedArray","ctor":"Float64Array","array":[83,0,0,0,0,0,1,1,1,1]}},{"__type__":"cc.Node","_name":"MoveProp","_parent":{"__id__":1},"_children":[{"__id__":13},{"__id__":14}],"_prefab":{"__type__":"cc.PrefabInfo","root":{"__id__":1},"asset":{"__uuid__":"f8lzQ33cZKMbHuJEmORQir"},"fileId":"32taL7Dp1JFLa+uk+KnXUc"},"_trs":{"__type__":"TypedArray","ctor":"Float64Array","array":[-354.515,-122.529,0,0,0,0,1,1,1,1]}},{"__type__":"cc.Node","_name":"Bar","_parent":{"__id__":12},"_components":[{"__type__":"cc.Sprite","node":{"__id__":13},"_materials":[{"__uuid__":"ecpdLyjvZBwrvm+cedCcQy"}],"_spriteFrame":{"__uuid__":"36nyDwRspBQpKV3/57IicC"},"_type":1},{"__type__":"cc.RigidBody","node":{"__id__":13},"_type":0},{"__type__":"cc.PhysicsPolygonCollider","node":{"__id__":13},"points":[{"__type__":"cc.Vec2","x":-114.4,"y":-31.1},{"__type__":"cc.Vec2","x":116,"y":-31.3},{"__type__":"cc.Vec2","x":115.1,"y":31.8},{"__type__":"cc.Vec2","x":-114.2,"y":31.3}]},{"__type__":"8a64bLvzRlHBakXZIa7SBbN","node":{"__id__":13}}],"_prefab":{"__type__":"cc.PrefabInfo","root":{"__id__":1},"asset":{"__uuid__":"f8lzQ33cZKMbHuJEmORQir"},"fileId":"90g6ZZXRJHV7ymkVcDjesl"},"_contentSize":{"__type__":"cc.Size","width":230,"height":65},"_trs":{"__type__":"TypedArray","ctor":"Float64Array","array":[0,0,0,0,0,0,1,1,1,1]}},{"__type__":"cc.Node","_name":"BarBG","_parent":{"__id__":12},"_components":[{"__type__":"cc.Sprite","node":{"__id__":14},"_materials":[{"__uuid__":"ecpdLyjvZBwrvm+cedCcQy"}],"_spriteFrame":{"__uuid__":"d8hqEurO5O3r/JLAsbxS//"},"_type":1}],"_prefab":{"__type__":"cc.PrefabInfo","root":{"__id__":1},"asset":{"__uuid__":"f8lzQ33cZKMbHuJEmORQir"},"fileId":"c6s/HmaWxGkbqwmbc6LnhZ"},"_contentSize":{"__type__":"cc.Size","width":427,"height":66},"_trs":{"__type__":"TypedArray","ctor":"Float64Array","array":[83,0,0,0,0,0,1,1,1,1]}}]]