[{"__type__":"cc.SpriteFrame","content":{"name":"guanqia61","texture":"f0+OnYZGhGYoZtWmL2fQvQ","rect":[0,1,1043,1381],"offset":[-0.5,-0.5],"originalSize":[1044,1382],"capInsets":[0,0,0,0]}},[{"__type__":"cc.Prefab","_name":"UIDerived79","data":{"__id__":1}},{"__type__":"cc.Node","_name":"UIDerived60","_children":[{"__type__":"cc.Node","_name":"bule_node","_parent":{"__id__":1},"_prefab":{"__type__":"cc.PrefabInfo","root":{"__id__":1},"asset":{"__uuid__":"957OW6es1KDLlkj/0g3UwJ"},"fileId":"46uUxIqltAIpujL9Y2uVMu"},"_trs":{"__type__":"TypedArray","ctor":"Float64Array","array":[0,0,0,0,0,0,1,1,1,1]}},{"__type__":"cc.Node","_name":"greenwater_node","_parent":{"__id__":1},"_prefab":{"__type__":"cc.PrefabInfo","root":{"__id__":1},"asset":{"__uuid__":"957OW6es1KDLlkj/0g3UwJ"},"fileId":"e8XATZsPhPZKAaMEGKI+Em"},"_trs":{"__type__":"TypedArray","ctor":"Float64Array","array":[0,0,0,0,0,0,1,1,1,1]}},{"__type__":"cc.Node","_name":"redwater_node","_parent":{"__id__":1},"_prefab":{"__type__":"cc.PrefabInfo","root":{"__id__":1},"asset":{"__uuid__":"957OW6es1KDLlkj/0g3UwJ"},"fileId":"aeZ369BtJBiJ5sBBXNVIpb"},"_trs":{"__type__":"TypedArray","ctor":"Float64Array","array":[0,0,0,0,0,0,1,1,1,1]}},{"__id__":2},{"__id__":3},{"__id__":4},{"__id__":5},{"__type__":"cc.Node","_name":"greenPos_node","_parent":{"__id__":1},"_prefab":{"__type__":"cc.PrefabInfo","root":{"__id__":1},"asset":{"__uuid__":"957OW6es1KDLlkj/0g3UwJ"},"fileId":"90FRXRgrlPzJz5POvEwBFU"},"_trs":{"__type__":"TypedArray","ctor":"Float64Array","array":[0,0,0,0,0,0,1,1,1,1]}},{"__type__":"cc.Node","_name":"player","_parent":{"__id__":1},"_prefab":{"__type__":"cc.PrefabInfo","root":{"__id__":1},"asset":{"__uuid__":"957OW6es1KDLlkj/0g3UwJ"},"fileId":"47QApbPxtDMZOZ96NbXi+d"},"_contentSize":{"__type__":"cc.Size","width":240,"height":140},"_trs":{"__type__":"TypedArray","ctor":"Float64Array","array":[60.208,-222.518,0,0,0,0,1,-0.7,0.7,1]}},{"__id__":6},{"__id__":8},{"__id__":12},{"__id__":15},{"__id__":19}],"_components":[{"__type__":"cc.Sprite","node":{"__id__":1},"_materials":[{"__uuid__":"ecpdLyjvZBwrvm+cedCcQy"}],"_spriteFrame":{"__uuid__":"55IKTTNChG9KEgYjmIvPYF"}},{"__type__":"cc.RigidBody","node":{"__id__":1},"_type":0},{"__type__":"cc.PhysicsPolygonCollider","node":{"__id__":1},"_offset":{"__type__":"cc.Vec2","x":-482,"y":649},"points":[{"__type__":"cc.Vec2","x":-50,"y":-1355},{"__type__":"cc.Vec2","x":1015,"y":-1355},{"__type__":"cc.Vec2","x":1013,"y":52},{"__type__":"cc.Vec2","x":672.6,"y":-8.5},{"__type__":"cc.Vec2","x":671.7,"y":-165.1},{"__type__":"cc.Vec2","x":640.8,"y":-220.2},{"__type__":"cc.Vec2","x":495.8,"y":-352.9},{"__type__":"cc.Vec2","x":498.3,"y":-385},{"__type__":"cc.Vec2","x":964.8,"y":-845.6},{"__type__":"cc.Vec2","x":508,"y":-1296},{"__type__":"cc.Vec2","x":484.2,"y":-1290.4},{"__type__":"cc.Vec2","x":137.3,"y":-943.7},{"__type__":"cc.Vec2","x":136,"y":-927.4},{"__type__":"cc.Vec2","x":384.9,"y":-674.9},{"__type__":"cc.Vec2","x":382.1,"y":-647.6},{"__type__":"cc.Vec2","x":250,"y":-521.4},{"__type__":"cc.Vec2","x":229.5,"y":-524.3},{"__type__":"cc.Vec2","x":-46.2,"y":-768.9},{"__type__":"cc.Vec2","x":-38.5,"y":-1057.8},{"__type__":"cc.Vec2","x":-253,"y":-1306},{"__type__":"cc.Vec2","x":-718,"y":-1194},{"__type__":"cc.Vec2","x":-622,"y":-623},{"__type__":"cc.Vec2","x":-55,"y":-659},{"__type__":"cc.Vec2","x":231.3,"y":-418.5},{"__type__":"cc.Vec2","x":259.3,"y":-419.4},{"__type__":"cc.Vec2","x":529.9,"y":-690.3},{"__type__":"cc.Vec2","x":688.7,"y":-857.2},{"__type__":"cc.Vec2","x":598.2,"y":-945.3},{"__type__":"cc.Vec2","x":484.6,"y":-954.4},{"__type__":"cc.Vec2","x":403.6,"y":-941.8},{"__type__":"cc.Vec2","x":357.6,"y":-905.2},{"__type__":"cc.Vec2","x":488.4,"y":-778},{"__type__":"cc.Vec2","x":490.5,"y":-757.1},{"__type__":"cc.Vec2","x":457.6,"y":-723.4},{"__type__":"cc.Vec2","x":439.9,"y":-725.7},{"__type__":"cc.Vec2","x":243.3,"y":-920.4},{"__type__":"cc.Vec2","x":242.7,"y":-938.7},{"__type__":"cc.Vec2","x":482.5,"y":-1187.7},{"__type__":"cc.Vec2","x":508,"y":-1195},{"__type__":"cc.Vec2","x":849,"y":-851},{"__type__":"cc.Vec2","x":843,"y":-827},{"__type__":"cc.Vec2","x":252.8,"y":-232.2},{"__type__":"cc.Vec2","x":235,"y":-197},{"__type__":"cc.Vec2","x":232,"y":-6},{"__type__":"cc.Vec2","x":673.4,"y":-3.4},{"__type__":"cc.Vec2","x":1011.7,"y":51.5},{"__type__":"cc.Vec2","x":-50,"y":50},{"__type__":"cc.Vec2","x":-575,"y":-282},{"__type__":"cc.Vec2","x":-737,"y":-803},{"__type__":"cc.Vec2","x":-782,"y":-1442}]},{"__type__":"1100eDGpRlLMYp5CrYQGpcQ","node":{"__id__":1}}],"_prefab":{"__type__":"cc.PrefabInfo","root":{"__id__":1},"asset":{"__uuid__":"957OW6es1KDLlkj/0g3UwJ"},"fileId":"8e+6nxV6BBsI8GMCd72J7a"},"_contentSize":{"__type__":"cc.Size","width":1043,"height":1381},"_trs":{"__type__":"TypedArray","ctor":"Float64Array","array":[-66.479,0,0,0,0,0,1,1,1,1]}},{"__type__":"cc.Node","_name":"black_node","_parent":{"__id__":1},"_components":[{"__type__":"6c0e8KZwr5L34azTYX21stu","node":{"__id__":2}}],"_prefab":{"__type__":"cc.PrefabInfo","root":{"__id__":1},"asset":{"__uuid__":"957OW6es1KDLlkj/0g3UwJ"},"fileId":"18OrA/w0JIhr+rOcXU79nb"},"_trs":{"__type__":"TypedArray","ctor":"Float64Array","array":[0,0,0,0,0,0,1,1,1,1]}},{"__type__":"cc.Node","_name":"gray_node","_parent":{"__id__":1},"_components":[{"__type__":"3400dF2d2tHLK8+En9baGXY","node":{"__id__":3},"grey_prefab":{"__uuid__":"13FEeEL1NMaK5TFGpFQpJr"}}],"_prefab":{"__type__":"cc.PrefabInfo","root":{"__id__":1},"asset":{"__uuid__":"957OW6es1KDLlkj/0g3UwJ"},"fileId":"8cuL1ptcJJAYVV/jB+o3mC"},"_trs":{"__type__":"TypedArray","ctor":"Float64Array","array":[0,0,0,0,0,0,1,1,1,1]}},{"__type__":"cc.Node","_name":"bulePos_node","_parent":{"__id__":1},"_children":[{"__type__":"cc.Node","_name":"New Node","_parent":{"__id__":4},"_prefab":{"__type__":"cc.PrefabInfo","root":{"__id__":1},"asset":{"__uuid__":"957OW6es1KDLlkj/0g3UwJ"},"fileId":"28S+fClqJIRLoYxBbaAID2"},"_trs":{"__type__":"TypedArray","ctor":"Float64Array","array":[-82.231,471.687,0,0,0,0,1,1,1,1]}}],"_prefab":{"__type__":"cc.PrefabInfo","root":{"__id__":1},"asset":{"__uuid__":"957OW6es1KDLlkj/0g3UwJ"},"fileId":"d64Xa3n4hFSYEzTdlZIl9l"},"_trs":{"__type__":"TypedArray","ctor":"Float64Array","array":[0,0,0,0,0,0,1,1,1,1]}},{"__type__":"cc.Node","_name":"redPos_node","_parent":{"__id__":1},"_children":[{"__type__":"cc.Node","_name":"New Node","_parent":{"__id__":5},"_prefab":{"__type__":"cc.PrefabInfo","root":{"__id__":1},"asset":{"__uuid__":"957OW6es1KDLlkj/0g3UwJ"},"fileId":"81uN0Sf2xFYaHhnI+tI9Rw"},"_trs":{"__type__":"TypedArray","ctor":"Float64Array","array":[152.523,73.924,0,0,0,0,1,1,1,1]}}],"_prefab":{"__type__":"cc.PrefabInfo","root":{"__id__":1},"asset":{"__uuid__":"957OW6es1KDLlkj/0g3UwJ"},"fileId":"edvhUsU8lAH4VedgKUQlq3"},"_trs":{"__type__":"TypedArray","ctor":"Float64Array","array":[0,0,0,0,0,0,1,1,1,1]}},{"__type__":"cc.Node","_name":"zhenNode","_parent":{"__id__":1},"_children":[{"__id__":7}],"_prefab":{"__type__":"cc.PrefabInfo","root":{"__id__":1},"asset":{"__uuid__":"957OW6es1KDLlkj/0g3UwJ"},"fileId":"25Wyaq/ppGN5ZR20LVlsHv"},"_trs":{"__type__":"TypedArray","ctor":"Float64Array","array":[-18.571,161.622,0,0,0,0.33483492278484905,0.9422768035368716,1,1,1]},"_eulerAngles":{"__type__":"cc.Vec3","z":39.125},"_groupIndex":8,"groupIndex":8},{"__type__":"cc.Node","_name":"zhen","_parent":{"__id__":6},"_components":[{"__type__":"cc.Sprite","node":{"__id__":7},"_materials":[{"__uuid__":"ecpdLyjvZBwrvm+cedCcQy"}],"_spriteFrame":{"__uuid__":"81u1O4l2lM2IGXbUA/0aw7"},"_type":1},{"__type__":"cc.RigidBody","node":{"__id__":7},"_type":3,"_allowSleep":false,"_gravityScale":0,"_fixedRotation":true,"enabledContactListener":true,"bullet":true},{"__type__":"cc.PhysicsPolygonCollider","node":{"__id__":7},"tag":222,"_offset":{"__type__":"cc.Vec2","x":241,"y":-1},"points":[{"__type__":"cc.Vec2","x":-48.9,"y":-66.3},{"__type__":"cc.Vec2","x":62.5,"y":-66.3},{"__type__":"cc.Vec2","x":63,"y":67.4},{"__type__":"cc.Vec2","x":-48.4,"y":69},{"__type__":"cc.Vec2","x":-52.2,"y":41.4},{"__type__":"cc.Vec2","x":-533.6,"y":43.1},{"__type__":"cc.Vec2","x":-532.1,"y":-35.8},{"__type__":"cc.Vec2","x":-49.2,"y":-34.3}]},{"__type__":"72555Q9muRD1505Zi2fOOxm","node":{"__id__":7},"linevelocityX":500}],"_prefab":{"__type__":"cc.PrefabInfo","root":{"__id__":1},"asset":{"__uuid__":"957OW6es1KDLlkj/0g3UwJ"},"fileId":"acFIyXUC1LYLGFC2NvSk9g"},"_contentSize":{"__type__":"cc.Size","width":587,"height":111},"_trs":{"__type__":"TypedArray","ctor":"Float64Array","array":[0,0,0,0,0,0,1,0.8,0.8,0.8]},"_groupIndex":8,"groupIndex":8},{"__type__":"cc.Node","_name":"zhenNodeTwo","_parent":{"__id__":1},"_children":[{"__id__":9},{"__id__":10},{"__id__":11}],"_prefab":{"__type__":"cc.PrefabInfo","root":{"__id__":1},"asset":{"__uuid__":"957OW6es1KDLlkj/0g3UwJ"},"fileId":"25mecqc/JPEp3WidwLiRax"},"_trs":{"__type__":"TypedArray","ctor":"Float64Array","array":[407.641,-78.906,0,0,0,0.9238795325112867,-0.3826834323650897,1,1,1]},"_eulerAngles":{"__type__":"cc.Vec3","z":225}},{"__type__":"cc.Node","_name":"zhen","_parent":{"__id__":8},"_components":[{"__type__":"cc.Sprite","node":{"__id__":9},"_materials":[{"__uuid__":"ecpdLyjvZBwrvm+cedCcQy"}],"_spriteFrame":{"__uuid__":"14vJwyNH1OspMXFimJtxkW"},"_type":1,"_sizeMode":0},{"__type__":"cc.RigidBody","node":{"__id__":9},"_type":3,"_gravityScale":0,"_fixedRotation":true,"enabledContactListener":true,"bullet":true},{"__type__":"cc.PhysicsPolygonCollider","node":{"__id__":9},"_offset":{"__type__":"cc.Vec2","x":206.8,"y":0.1},"points":[{"__type__":"cc.Vec2","x":-323.3,"y":-55.8},{"__type__":"cc.Vec2","x":-206.9,"y":-59.4},{"__type__":"cc.Vec2","x":-207.7,"y":-38.1},{"__type__":"cc.Vec2","x":-97,"y":-38.6},{"__type__":"cc.Vec2","x":-99.8,"y":33.8},{"__type__":"cc.Vec2","x":-209.4,"y":33.8},{"__type__":"cc.Vec2","x":-209.2,"y":64.2},{"__type__":"cc.Vec2","x":-322,"y":65.5}]},{"__type__":"1cb3eoIRdhJWZayW7A68Y7j","node":{"__id__":9},"applyUpsensor":true}],"_prefab":{"__type__":"cc.PrefabInfo","root":{"__id__":1},"asset":{"__uuid__":"957OW6es1KDLlkj/0g3UwJ"},"fileId":"bbOX71LPpG1p00YbRzhCTF"},"_contentSize":{"__type__":"cc.Size","width":220,"height":111},"_trs":{"__type__":"TypedArray","ctor":"Float64Array","array":[0,0,0,0,0,0,1,1,1,1]}},{"__type__":"cc.Node","_name":"zhenup","_parent":{"__id__":8},"_components":[{"__type__":"cc.RigidBody","node":{"__id__":10},"_type":0,"_gravityScale":0,"bullet":true}],"_prefab":{"__type__":"cc.PrefabInfo","root":{"__id__":1},"asset":{"__uuid__":"957OW6es1KDLlkj/0g3UwJ"},"fileId":"08sdhZRSNPpYORuQ4d4QJo"},"_trs":{"__type__":"TypedArray","ctor":"Float64Array","array":[0,128.675,0,0,0,0,1,1,1,1]}},{"__type__":"cc.Node","_name":"zhendown","_parent":{"__id__":8},"_components":[{"__type__":"cc.RigidBody","node":{"__id__":11},"_type":0,"_gravityScale":0,"bullet":true}],"_prefab":{"__type__":"cc.PrefabInfo","root":{"__id__":1},"asset":{"__uuid__":"957OW6es1KDLlkj/0g3UwJ"},"fileId":"2d57eCmSlBp6X0b8djI0SC"},"_trs":{"__type__":"TypedArray","ctor":"Float64Array","array":[0,-358.284,0,0,0,0,1,1,1,1]}},{"__type__":"cc.Node","_name":"zhenNodeTwo","_parent":{"__id__":1},"_children":[{"__id__":13},{"__id__":22},{"__id__":23}],"_prefab":{"__type__":"cc.PrefabInfo","root":{"__id__":1},"asset":{"__uuid__":"957OW6es1KDLlkj/0g3UwJ"},"fileId":"ab/NSZpXxEhIUtSSyhi5mc"},"_trs":{"__type__":"TypedArray","ctor":"Float64Array","array":[-98.86,-585.407,0,0,0,0.3826834323650898,0.9238795325112867,1,1,1]},"_eulerAngles":{"__type__":"cc.Vec3","z":45}},{"__type__":"cc.Node","_name":"zhen","_parent":{"__id__":12},"_components":[{"__type__":"cc.Sprite","node":{"__id__":13},"_materials":[{"__uuid__":"ecpdLyjvZBwrvm+cedCcQy"}],"_spriteFrame":{"__uuid__":"14vJwyNH1OspMXFimJtxkW"},"_type":1,"_sizeMode":0},{"__type__":"cc.RigidBody","node":{"__id__":13},"_type":3,"_gravityScale":0,"_fixedRotation":true,"enabledContactListener":true,"bullet":true},{"__type__":"cc.PhysicsPolygonCollider","node":{"__id__":13},"_offset":{"__type__":"cc.Vec2","x":206.8,"y":0.1},"points":[{"__type__":"cc.Vec2","x":-323.3,"y":-55.8},{"__type__":"cc.Vec2","x":-206.9,"y":-59.4},{"__type__":"cc.Vec2","x":-207.7,"y":-38.1},{"__type__":"cc.Vec2","x":-97,"y":-38.6},{"__type__":"cc.Vec2","x":-99.8,"y":33.8},{"__type__":"cc.Vec2","x":-209.4,"y":33.8},{"__type__":"cc.Vec2","x":-209.2,"y":64.2},{"__type__":"cc.Vec2","x":-322,"y":65.5}]},{"__type__":"1cb3eoIRdhJWZayW7A68Y7j","node":{"__id__":13},"applyUpsensor":true,"applyDownsensor":true,"allzhen":[{"__id__":14}]}],"_prefab":{"__type__":"cc.PrefabInfo","root":{"__id__":1},"asset":{"__uuid__":"957OW6es1KDLlkj/0g3UwJ"},"fileId":"05sMvILH1LGqRzPmpSD+/X"},"_contentSize":{"__type__":"cc.Size","width":220,"height":111},"_trs":{"__type__":"TypedArray","ctor":"Float64Array","array":[0,0,0,0,0,0,1,1,1,1]}},{"__type__":"cc.Node","_name":"zhen","_parent":{"__id__":15},"_components":[{"__type__":"cc.Sprite","node":{"__id__":14},"_materials":[{"__uuid__":"ecpdLyjvZBwrvm+cedCcQy"}],"_spriteFrame":{"__uuid__":"14vJwyNH1OspMXFimJtxkW"},"_type":1,"_sizeMode":0},{"__type__":"cc.RigidBody","node":{"__id__":14},"_type":3,"_gravityScale":0,"_fixedRotation":true,"enabledContactListener":true,"bullet":true},{"__type__":"cc.PhysicsPolygonCollider","node":{"__id__":14},"_offset":{"__type__":"cc.Vec2","x":206.8,"y":0.1},"points":[{"__type__":"cc.Vec2","x":-323.3,"y":-55.8},{"__type__":"cc.Vec2","x":-206.9,"y":-59.4},{"__type__":"cc.Vec2","x":-207.7,"y":-38.1},{"__type__":"cc.Vec2","x":-97,"y":-38.6},{"__type__":"cc.Vec2","x":-99.8,"y":33.8},{"__type__":"cc.Vec2","x":-209.4,"y":33.8},{"__type__":"cc.Vec2","x":-209.2,"y":64.2},{"__type__":"cc.Vec2","x":-322,"y":65.5}]},{"__type__":"1cb3eoIRdhJWZayW7A68Y7j","node":{"__id__":14},"applyDownsensor":true,"allzhen":[{"__id__":13},{"__id__":18}]}],"_prefab":{"__type__":"cc.PrefabInfo","root":{"__id__":1},"asset":{"__uuid__":"957OW6es1KDLlkj/0g3UwJ"},"fileId":"4aopSi2b9GpYAq8d8YdSZv"},"_contentSize":{"__type__":"cc.Size","width":220,"height":111},"_trs":{"__type__":"TypedArray","ctor":"Float64Array","array":[0,0,0,0,0,0,1,1,1,1]}},{"__type__":"cc.Node","_name":"zhenNodeTwo","_parent":{"__id__":1},"_children":[{"__id__":14},{"__id__":16},{"__id__":17}],"_prefab":{"__type__":"cc.PrefabInfo","root":{"__id__":1},"asset":{"__uuid__":"957OW6es1KDLlkj/0g3UwJ"},"fileId":"59Kdg7dYFNq6M3wLMkSGxt"},"_trs":{"__type__":"TypedArray","ctor":"Float64Array","array":[-274.36,-160.907,0,0,0,0.3826834323650899,-0.9238795325112867,1,1,1]},"_eulerAngles":{"__type__":"cc.Vec3","z":315}},{"__type__":"cc.Node","_name":"zhenup","_parent":{"__id__":15},"_components":[{"__type__":"cc.RigidBody","node":{"__id__":16},"_type":0,"_gravityScale":0,"bullet":true}],"_prefab":{"__type__":"cc.PrefabInfo","root":{"__id__":1},"asset":{"__uuid__":"957OW6es1KDLlkj/0g3UwJ"},"fileId":"25HrQg+/tKXJvFf57ZpHsc"},"_trs":{"__type__":"TypedArray","ctor":"Float64Array","array":[0,202.013,0,0,0,0,1,1,1,1]}},{"__type__":"cc.Node","_name":"zhendown","_parent":{"__id__":15},"_components":[{"__type__":"cc.RigidBody","node":{"__id__":17},"_type":0,"_gravityScale":0,"bullet":true}],"_prefab":{"__type__":"cc.PrefabInfo","root":{"__id__":1},"asset":{"__uuid__":"957OW6es1KDLlkj/0g3UwJ"},"fileId":"b2pkTKT7RFb41Jc2v51w5D"},"_trs":{"__type__":"TypedArray","ctor":"Float64Array","array":[51.296,-142.594,0,0,0,0,1,1,1,1]}},{"__type__":"cc.Node","_name":"zhen","_parent":{"__id__":19},"_components":[{"__type__":"cc.Sprite","node":{"__id__":18},"_materials":[{"__uuid__":"ecpdLyjvZBwrvm+cedCcQy"}],"_spriteFrame":{"__uuid__":"14vJwyNH1OspMXFimJtxkW"},"_type":1,"_sizeMode":0},{"__type__":"cc.RigidBody","node":{"__id__":18},"_type":3,"_gravityScale":0,"_fixedRotation":true,"enabledContactListener":true,"bullet":true},{"__type__":"cc.PhysicsPolygonCollider","node":{"__id__":18},"_offset":{"__type__":"cc.Vec2","x":206.8,"y":0.1},"points":[{"__type__":"cc.Vec2","x":-323.3,"y":-55.8},{"__type__":"cc.Vec2","x":-206.9,"y":-59.4},{"__type__":"cc.Vec2","x":-207.7,"y":-38.1},{"__type__":"cc.Vec2","x":-97,"y":-38.6},{"__type__":"cc.Vec2","x":-99.8,"y":33.8},{"__type__":"cc.Vec2","x":-209.4,"y":33.8},{"__type__":"cc.Vec2","x":-209.2,"y":64.2},{"__type__":"cc.Vec2","x":-322,"y":65.5}]},{"__type__":"1cb3eoIRdhJWZayW7A68Y7j","node":{"__id__":18},"allzhen":[{"__id__":14}]}],"_prefab":{"__type__":"cc.PrefabInfo","root":{"__id__":1},"asset":{"__uuid__":"957OW6es1KDLlkj/0g3UwJ"},"fileId":"4fqo6TueZDyYXHmsKVFHO4"},"_contentSize":{"__type__":"cc.Size","width":220,"height":111},"_trs":{"__type__":"TypedArray","ctor":"Float64Array","array":[0,0,0,0,0,0,1,1,1,1]}},{"__type__":"cc.Node","_name":"zhenNodeTwo","_parent":{"__id__":1},"_children":[{"__id__":18},{"__id__":20},{"__id__":21}],"_prefab":{"__type__":"cc.PrefabInfo","root":{"__id__":1},"asset":{"__uuid__":"957OW6es1KDLlkj/0g3UwJ"},"fileId":"06THMt7qxE+7nWNFLffKcV"},"_trs":{"__type__":"TypedArray","ctor":"Float64Array","array":[55.046,-40.189,0,0,0,0.9238795325112867,-0.3826834323650897,1,1,1]},"_eulerAngles":{"__type__":"cc.Vec3","z":225}},{"__type__":"cc.Node","_name":"zhenup","_parent":{"__id__":19},"_components":[{"__type__":"cc.RigidBody","node":{"__id__":20},"_type":0,"_gravityScale":0,"bullet":true}],"_prefab":{"__type__":"cc.PrefabInfo","root":{"__id__":1},"asset":{"__uuid__":"957OW6es1KDLlkj/0g3UwJ"},"fileId":"8bldTYoWZEBoMChfHRcQDo"},"_trs":{"__type__":"TypedArray","ctor":"Float64Array","array":[0,220.606,0,0,0,0,1,1,1,1]}},{"__type__":"cc.Node","_name":"zhendown","_parent":{"__id__":19},"_components":[{"__type__":"cc.RigidBody","node":{"__id__":21},"_type":0,"_gravityScale":0,"bullet":true}],"_prefab":{"__type__":"cc.PrefabInfo","root":{"__id__":1},"asset":{"__uuid__":"957OW6es1KDLlkj/0g3UwJ"},"fileId":"ecweqxD8BFqL2eTA2u/QH6"},"_trs":{"__type__":"TypedArray","ctor":"Float64Array","array":[0,-105.707,0,0,0,0,1,1,1,1]}},{"__type__":"cc.Node","_name":"zhenup","_parent":{"__id__":12},"_components":[{"__type__":"cc.RigidBody","node":{"__id__":22},"_type":0,"_gravityScale":0,"bullet":true}],"_prefab":{"__type__":"cc.PrefabInfo","root":{"__id__":1},"asset":{"__uuid__":"957OW6es1KDLlkj/0g3UwJ"},"fileId":"b6kDlG+ERAOJdzldTJPjKc"},"_trs":{"__type__":"TypedArray","ctor":"Float64Array","array":[0,387.275,0,0,0,0,1,1,1,1]}},{"__type__":"cc.Node","_name":"zhendown","_parent":{"__id__":12},"_components":[{"__type__":"cc.RigidBody","node":{"__id__":23},"_type":0,"_gravityScale":0,"bullet":true}],"_prefab":{"__type__":"cc.PrefabInfo","root":{"__id__":1},"asset":{"__uuid__":"957OW6es1KDLlkj/0g3UwJ"},"fileId":"25Ed0utKFNz6H47omA9SKh"},"_trs":{"__type__":"TypedArray","ctor":"Float64Array","array":[51.296,-128.452,0,0,0,0,1,1,1,1]}}]]