[[{"__type__":"cc.Prefab","_name":"level_11","data":{"__id__":1}},{"__type__":"cc.Node","_name":"level_11","_children":[{"__id__":2},{"__id__":3},{"__id__":4},{"__id__":11},{"__id__":16},{"__id__":21},{"__id__":26},{"__id__":27},{"__type__":"cc.Node","_name":"dsGoal","_parent":{"__id__":1},"_prefab":{"__type__":"cc.PrefabInfo","root":{"__id__":1},"asset":{"__uuid__":"19pY+VNd9Ncrscz5bSZdlT"},"fileId":"6e7meF4wlFUYt/aQVE9rkw"},"_trs":{"__type__":"TypedArray","ctor":"Float64Array","array":[0,138.745,0,0,0,0,1,1,1,1]}},{"__type__":"cc.Node","_name":"goalOne","_parent":{"__id__":1},"_prefab":{"__type__":"cc.PrefabInfo","root":{"__id__":1},"asset":{"__uuid__":"19pY+VNd9Ncrscz5bSZdlT"},"fileId":"848smS6PlIDr9FtJPugvKZ"},"_trs":{"__type__":"TypedArray","ctor":"Float64Array","array":[18.263,-355.217,0,0,0,0,1,1,1,1]}},{"__type__":"cc.Node","_name":"goalTwo","_parent":{"__id__":1},"_prefab":{"__type__":"cc.PrefabInfo","root":{"__id__":1},"asset":{"__uuid__":"19pY+VNd9Ncrscz5bSZdlT"},"fileId":"9d3IwzULtOhYzLTVHrFAjN"},"_trs":{"__type__":"TypedArray","ctor":"Float64Array","array":[-272.494,-371.274,0,0,0,0,1,1,1,1]}},{"__id__":28},{"__id__":32},{"__id__":33},{"__id__":34},{"__type__":"cc.Node","_name":"goalEnd","_parent":{"__id__":1},"_prefab":{"__type__":"cc.PrefabInfo","root":{"__id__":1},"asset":{"__uuid__":"19pY+VNd9Ncrscz5bSZdlT"},"fileId":"c1oBcQ34FJN5yOscrL8P1W"},"_trs":{"__type__":"TypedArray","ctor":"Float64Array","array":[-240.506,-452.361,0,0,0,0,1,1,1,1]}},{"__id__":35},{"__id__":36},{"__id__":45},{"__id__":46},{"__id__":47},{"__id__":48}],"_components":[{"__type__":"638dbI2cRFKf6tiwced8TRn","node":{"__id__":1},"keyNode":[{"__id__":15},{"__id__":25},{"__id__":42},{"__id__":20}],"player":{"__id__":27},"closeNode":{"__id__":46},"dainjv":{"__id__":47},"yver":{"__id__":35},"duwu":{"__id__":9},"liudu":{"__id__":10}}],"_prefab":{"__type__":"cc.PrefabInfo","root":{"__id__":1},"asset":{"__uuid__":"19pY+VNd9Ncrscz5bSZdlT"},"fileId":"2b87kSB1VKGLCh+RvXVrXE"},"_trs":{"__type__":"TypedArray","ctor":"Float64Array","array":[0,0,0,0,0,0,1,1,1,1]}},{"__type__":"cc.Node","_name":"11.1","_parent":{"__id__":1},"_components":[{"__type__":"cc.Sprite","node":{"__id__":2},"_materials":[{"__uuid__":"ecpdLyjvZBwrvm+cedCcQy"}],"_spriteFrame":{"__uuid__":"59NTXLp05CdqSzb2NTKXYQ"}}],"_prefab":{"__type__":"cc.PrefabInfo","root":{"__id__":1},"asset":{"__uuid__":"19pY+VNd9Ncrscz5bSZdlT"},"fileId":"a2DCe4ayNBcpZQK8BkXqeQ"},"_contentSize":{"__type__":"cc.Size","width":1080,"height":836},"_trs":{"__type__":"TypedArray","ctor":"Float64Array","array":[0,0,0,0,0,0,1,1,1,1]}},{"__type__":"cc.Node","_name":"11.2","_parent":{"__id__":1},"_components":[{"__type__":"cc.Sprite","node":{"__id__":3},"_materials":[{"__uuid__":"ecpdLyjvZBwrvm+cedCcQy"}],"_spriteFrame":{"__uuid__":"7f4vl8kOJPGoVO7qbCJAzl"}}],"_prefab":{"__type__":"cc.PrefabInfo","root":{"__id__":1},"asset":{"__uuid__":"19pY+VNd9Ncrscz5bSZdlT"},"fileId":"7cUBwmX4RG8q/VeWTW5L4l"},"_contentSize":{"__type__":"cc.Size","width":949,"height":824},"_trs":{"__type__":"TypedArray","ctor":"Float64Array","array":[1013.255,-5.801,0,0,0,0,1,1,1,1]}},{"__type__":"cc.Node","_name":"bg2","_parent":{"__id__":1},"_children":[{"__type__":"cc.Node","_name":"mask","_parent":{"__id__":4},"_prefab":{"__type__":"cc.PrefabInfo","root":{"__id__":1},"asset":{"__uuid__":"19pY+VNd9Ncrscz5bSZdlT"},"fileId":"304tfLRbtPRKCSZihWVkd+"},"_trs":{"__type__":"TypedArray","ctor":"Float64Array","array":[0,0,0,0,0,0,1,1,1,1]}},{"__id__":5},{"__id__":7},{"__id__":9},{"__id__":10}],"_prefab":{"__type__":"cc.PrefabInfo","root":{"__id__":1},"asset":{"__uuid__":"19pY+VNd9Ncrscz5bSZdlT"},"fileId":"a8WBpmTqJJSqd1RQ7d6coP"},"_trs":{"__type__":"TypedArray","ctor":"Float64Array","array":[0,0,0,0,0,0,1,1,1,1]}},{"__type__":"cc.Node","_name":"deye","_parent":{"__id__":4},"_children":[{"__id__":6}],"_components":[{"__type__":"cc.Mask","node":{"__id__":5},"_materials":[{"__uuid__":"ecpdLyjvZBwrvm+cedCcQy"}],"_spriteFrame":{"__uuid__":"e0YRP5nkJIJJ19xrr5vin+"},"_type":2}],"_prefab":{"__type__":"cc.PrefabInfo","root":{"__id__":1},"asset":{"__uuid__":"19pY+VNd9Ncrscz5bSZdlT"},"fileId":"18y5HouIlFHIdqZTxDsfoN"},"_contentSize":{"__type__":"cc.Size","width":364,"height":170},"_trs":{"__type__":"TypedArray","ctor":"Float64Array","array":[440.057,130.691,0,0,0,0,1,1,1,1]}},{"__type__":"cc.Node","_name":"dsdh","_parent":{"__id__":5},"_components":[{"__type__":"sp.Skeleton","node":{"__id__":6},"_materials":[{"__uuid__":"7a/QZLET9IDreTiBfRn2PD"}],"defaultAnimation":"m","_preCacheMode":0,"premultipliedAlpha":false,"_animationName":"m","_N$skeletonData":{"__uuid__":"77Gyl7LxdFXaj2Ddd+ATW9"}}],"_prefab":{"__type__":"cc.PrefabInfo","root":{"__id__":1},"asset":{"__uuid__":"19pY+VNd9Ncrscz5bSZdlT"},"fileId":"691oPzzGNJML1SCZDaqPRX"},"_contentSize":{"__type__":"cc.Size","width":3240,"height":2803.73},"_trs":{"__type__":"TypedArray","ctor":"Float64Array","array":[0,437.831,0,0,0,0,1,1,1,1]}},{"__type__":"cc.Node","_name":"duye2","_parent":{"__id__":4},"_children":[{"__id__":8}],"_components":[{"__type__":"cc.Mask","node":{"__id__":7},"_materials":[{"__uuid__":"ecpdLyjvZBwrvm+cedCcQy"}],"_spriteFrame":{"__uuid__":"ddBWdiUvdAFK+/gGmb39qd"},"_type":2}],"_prefab":{"__type__":"cc.PrefabInfo","root":{"__id__":1},"asset":{"__uuid__":"19pY+VNd9Ncrscz5bSZdlT"},"fileId":"fdpHoBukVDya94HQPd9Zyj"},"_opacity":0,"_contentSize":{"__type__":"cc.Size","width":700,"height":730},"_trs":{"__type__":"TypedArray","ctor":"Float64Array","array":[56.474,229.985,0,0,0,0,1,1,1,1]}},{"__type__":"cc.Node","_name":"dsdh","_parent":{"__id__":7},"_components":[{"__type__":"sp.Skeleton","node":{"__id__":8},"_materials":[{"__uuid__":"7a/QZLET9IDreTiBfRn2PD"}],"defaultAnimation":"m","_preCacheMode":0,"premultipliedAlpha":false,"_animationName":"m","_N$skeletonData":{"__uuid__":"77Gyl7LxdFXaj2Ddd+ATW9"}}],"_prefab":{"__type__":"cc.PrefabInfo","root":{"__id__":1},"asset":{"__uuid__":"19pY+VNd9Ncrscz5bSZdlT"},"fileId":"c3+aZecsFPcpq4wfVenvcP"},"_contentSize":{"__type__":"cc.Size","width":3240,"height":2803.73},"_trs":{"__type__":"TypedArray","ctor":"Float64Array","array":[128.738,715.6,0,0,0,0,1,1,1,1]}},{"__type__":"cc.Node","_name":"Lduwu","_parent":{"__id__":4},"_active":false,"_components":[{"__type__":"sp.Skeleton","node":{"__id__":9},"_materials":[{"__uuid__":"7a/QZLET9IDreTiBfRn2PD"}],"defaultAnimation":"animation","_preCacheMode":0,"premultipliedAlpha":false,"_animationName":"animation","_playTimes":1,"_N$skeletonData":{"__uuid__":"64/0Yb/CtNBoCZAvzObkaJ"}},{"__type__":"cc.BoxCollider","node":{"__id__":9},"_size":{"__type__":"cc.Size","width":245,"height":124}}],"_prefab":{"__type__":"cc.PrefabInfo","root":{"__id__":1},"asset":{"__uuid__":"19pY+VNd9Ncrscz5bSZdlT"},"fileId":"b5u1U028pLAaZQtZxUYJN5"},"_contentSize":{"__type__":"cc.Size","width":245,"height":124},"_trs":{"__type__":"TypedArray","ctor":"Float64Array","array":[256.442,-151.319,0,0,0,0,1,1,1,1]},"_groupIndex":24,"groupIndex":24},{"__type__":"cc.Node","_name":"Rduwu","_parent":{"__id__":4},"_active":false,"_components":[{"__type__":"sp.Skeleton","node":{"__id__":10},"_materials":[{"__uuid__":"7a/QZLET9IDreTiBfRn2PD"}],"defaultAnimation":"animation","_preCacheMode":0,"premultipliedAlpha":false,"_animationName":"animation","_N$skeletonData":{"__uuid__":"64/0Yb/CtNBoCZAvzObkaJ"}},{"__type__":"cc.BoxCollider","node":{"__id__":10},"_size":{"__type__":"cc.Size","width":245,"height":124}}],"_prefab":{"__type__":"cc.PrefabInfo","root":{"__id__":1},"asset":{"__uuid__":"19pY+VNd9Ncrscz5bSZdlT"},"fileId":"b2fndNkWVM7rgg4Stoiirw"},"_contentSize":{"__type__":"cc.Size","width":245,"height":124},"_trs":{"__type__":"TypedArray","ctor":"Float64Array","array":[479.934,-151.319,0,0,0,0,1,1,1,1]},"_groupIndex":24,"groupIndex":24},{"__type__":"cc.Node","_name":"key","_parent":{"__id__":1},"_children":[{"__id__":12},{"__id__":13},{"__id__":14}],"_prefab":{"__type__":"cc.PrefabInfo","root":{"__id__":1},"asset":{"__uuid__":"19pY+VNd9Ncrscz5bSZdlT"},"fileId":"d5HtkNJINCRq5EPp8SbYnG"},"_trs":{"__type__":"TypedArray","ctor":"Float64Array","array":[105.58,-282.828,0,0,0,1,6.123233995736766e-17,1,1,1]},"_eulerAngles":{"__type__":"cc.Vec3","z":180}},{"__type__":"cc.Node","_name":"lock","_parent":{"__id__":11},"_components":[{"__type__":"cc.Sprite","node":{"__id__":12},"_materials":[{"__uuid__":"ecpdLyjvZBwrvm+cedCcQy"}],"_spriteFrame":{"__uuid__":"ebm9zOQlFI4IGgCc9Owdfe"}},{"__type__":"15b42uAdtxGLJO3hSFb7eHo","node":{"__id__":12}}],"_prefab":{"__type__":"cc.PrefabInfo","root":{"__id__":1},"asset":{"__uuid__":"19pY+VNd9Ncrscz5bSZdlT"},"fileId":"a51eXWyatLn42fRRpOgM/u"},"_contentSize":{"__type__":"cc.Size","width":56,"height":55},"_trs":{"__type__":"TypedArray","ctor":"Float64Array","array":[-1.086,-341.127,0,0,0,0,1,1,1,1]}},{"__type__":"cc.Node","_name":"lock","_parent":{"__id__":11},"_components":[{"__type__":"cc.Sprite","node":{"__id__":13},"_materials":[{"__uuid__":"ecpdLyjvZBwrvm+cedCcQy"}],"_spriteFrame":{"__uuid__":"ebm9zOQlFI4IGgCc9Owdfe"}},{"__type__":"15b42uAdtxGLJO3hSFb7eHo","node":{"__id__":13}}],"_prefab":{"__type__":"cc.PrefabInfo","root":{"__id__":1},"asset":{"__uuid__":"19pY+VNd9Ncrscz5bSZdlT"},"fileId":"79mJnKsNRDioDDWMpRgVkh"},"_contentSize":{"__type__":"cc.Size","width":56,"height":55},"_trs":{"__type__":"TypedArray","ctor":"Float64Array","array":[-1.086,101.75,0,0,0,0,1,1,1,1]}},{"__type__":"cc.Node","_name":"key","_parent":{"__id__":11},"_children":[{"__id__":15}],"_prefab":{"__type__":"cc.PrefabInfo","root":{"__id__":1},"asset":{"__uuid__":"19pY+VNd9Ncrscz5bSZdlT"},"fileId":"d6Kc0TfApFz53LUVT4cRl9"},"_contentSize":{"__type__":"cc.Size","width":100,"height":200},"_trs":{"__type__":"TypedArray","ctor":"Float64Array","array":[0,0,0,0,0,0,1,1,1,1]},"_groupIndex":15,"groupIndex":15},{"__type__":"cc.Node","_name":"icon","_parent":{"__id__":14},"_components":[{"__type__":"fcf5apGFRJIEZkZJ9CwiT4c","node":{"__id__":15},"keyType":1,"where":1,"isGone":true,"isGonex":-400},{"__type__":"cc.Sprite","node":{"__id__":15},"_materials":[{"__uuid__":"ecpdLyjvZBwrvm+cedCcQy"}],"_spriteFrame":{"__uuid__":"6dXBYrBNtEiKJQUnopu+Lk"},"_type":1,"_sizeMode":0},{"__type__":"cc.BoxCollider","node":{"__id__":15},"_enabled":false,"_size":{"__type__":"cc.Size","width":61,"height":500}}],"_prefab":{"__type__":"cc.PrefabInfo","root":{"__id__":1},"asset":{"__uuid__":"19pY+VNd9Ncrscz5bSZdlT"},"fileId":"1cgfsm7a1Ch44/h/08BMmu"},"_contentSize":{"__type__":"cc.Size","width":76,"height":646},"_trs":{"__type__":"TypedArray","ctor":"Float64Array","array":[0,-127,0,0,0,0,1,1,1,1]},"_groupIndex":15,"groupIndex":15},{"__type__":"cc.Node","_name":"key copy","_parent":{"__id__":1},"_children":[{"__id__":17},{"__id__":18},{"__id__":19}],"_prefab":{"__type__":"cc.PrefabInfo","root":{"__id__":1},"asset":{"__uuid__":"19pY+VNd9Ncrscz5bSZdlT"},"fileId":"1f3A9cSkdAmqZTe/w5X2mu"},"_trs":{"__type__":"TypedArray","ctor":"Float64Array","array":[614.386,42.681,0,0,0,-0.7071067811865475,0.7071067811865476,1,1,1]},"_eulerAngles":{"__type__":"cc.Vec3","z":-90}},{"__type__":"cc.Node","_name":"lock","_parent":{"__id__":16},"_components":[{"__type__":"cc.Sprite","node":{"__id__":17},"_materials":[{"__uuid__":"ecpdLyjvZBwrvm+cedCcQy"}],"_spriteFrame":{"__uuid__":"ebm9zOQlFI4IGgCc9Owdfe"}},{"__type__":"15b42uAdtxGLJO3hSFb7eHo","node":{"__id__":17}}],"_prefab":{"__type__":"cc.PrefabInfo","root":{"__id__":1},"asset":{"__uuid__":"19pY+VNd9Ncrscz5bSZdlT"},"fileId":"45AqiPwt9IQ5Meq6Da/W2G"},"_contentSize":{"__type__":"cc.Size","width":56,"height":55},"_trs":{"__type__":"TypedArray","ctor":"Float64Array","array":[-1.086,-341.127,0,0,0,0,1,1,1,1]}},{"__type__":"cc.Node","_name":"lock","_parent":{"__id__":16},"_components":[{"__type__":"cc.Sprite","node":{"__id__":18},"_materials":[{"__uuid__":"ecpdLyjvZBwrvm+cedCcQy"}],"_spriteFrame":{"__uuid__":"ebm9zOQlFI4IGgCc9Owdfe"}},{"__type__":"15b42uAdtxGLJO3hSFb7eHo","node":{"__id__":18}}],"_prefab":{"__type__":"cc.PrefabInfo","root":{"__id__":1},"asset":{"__uuid__":"19pY+VNd9Ncrscz5bSZdlT"},"fileId":"17H3Vr4wNFya5SBPJfb78c"},"_contentSize":{"__type__":"cc.Size","width":56,"height":55},"_trs":{"__type__":"TypedArray","ctor":"Float64Array","array":[-8.987,196.559,0,0,0,0,1,1,1,1]}},{"__type__":"cc.Node","_name":"key","_parent":{"__id__":16},"_children":[{"__id__":20}],"_prefab":{"__type__":"cc.PrefabInfo","root":{"__id__":1},"asset":{"__uuid__":"19pY+VNd9Ncrscz5bSZdlT"},"fileId":"c8X1AAsd9KmKqFWtjNjkFD"},"_contentSize":{"__type__":"cc.Size","width":100,"height":200},"_trs":{"__type__":"TypedArray","ctor":"Float64Array","array":[-3.16,-105.87,0,0,0,0,1,1,1,1]},"_groupIndex":15,"groupIndex":15},{"__type__":"cc.Node","_name":"icon","_parent":{"__id__":19},"_components":[{"__type__":"fcf5apGFRJIEZkZJ9CwiT4c","node":{"__id__":20},"isGone":true,"isGonex":-400},{"__type__":"cc.Sprite","node":{"__id__":20},"_materials":[{"__uuid__":"ecpdLyjvZBwrvm+cedCcQy"}],"_spriteFrame":{"__uuid__":"6dXBYrBNtEiKJQUnopu+Lk"},"_type":1,"_sizeMode":0},{"__type__":"cc.BoxCollider","node":{"__id__":20},"_enabled":false,"_size":{"__type__":"cc.Size","width":61,"height":500}},{"__type__":"cc.RigidBody","node":{"__id__":20},"_type":0},{"__type__":"cc.PhysicsBoxCollider","node":{"__id__":20},"_offset":{"__type__":"cc.Vec2","x":-0.8,"y":8.9},"_size":{"__type__":"cc.Size","width":15.9,"height":646}}],"_prefab":{"__type__":"cc.PrefabInfo","root":{"__id__":1},"asset":{"__uuid__":"19pY+VNd9Ncrscz5bSZdlT"},"fileId":"1bUqrTFEpES77h6QsVVOK+"},"_contentSize":{"__type__":"cc.Size","width":76,"height":646},"_trs":{"__type__":"TypedArray","ctor":"Float64Array","array":[0,0,0,0,0,0,1,1,1,1]},"_groupIndex":15,"groupIndex":15},{"__type__":"cc.Node","_name":"key copy","_parent":{"__id__":1},"_children":[{"__id__":22},{"__id__":23},{"__id__":24}],"_prefab":{"__type__":"cc.PrefabInfo","root":{"__id__":1},"asset":{"__uuid__":"19pY+VNd9Ncrscz5bSZdlT"},"fileId":"11LTcXkK5Ol7P/d8SxucbU"},"_trs":{"__type__":"TypedArray","ctor":"Float64Array","array":[1048.606,-282.828,0,0,0,1,6.123233995736766e-17,1,1,1]},"_eulerAngles":{"__type__":"cc.Vec3","z":180}},{"__type__":"cc.Node","_name":"lock","_parent":{"__id__":21},"_components":[{"__type__":"cc.Sprite","node":{"__id__":22},"_materials":[{"__uuid__":"ecpdLyjvZBwrvm+cedCcQy"}],"_spriteFrame":{"__uuid__":"ebm9zOQlFI4IGgCc9Owdfe"}},{"__type__":"15b42uAdtxGLJO3hSFb7eHo","node":{"__id__":22}}],"_prefab":{"__type__":"cc.PrefabInfo","root":{"__id__":1},"asset":{"__uuid__":"19pY+VNd9Ncrscz5bSZdlT"},"fileId":"63rd1JIwtGcpZz+LA4ZSVP"},"_contentSize":{"__type__":"cc.Size","width":56,"height":55},"_trs":{"__type__":"TypedArray","ctor":"Float64Array","array":[-1.086,-341.127,0,0,0,0,1,1,1,1]}},{"__type__":"cc.Node","_name":"lock","_parent":{"__id__":21},"_components":[{"__type__":"cc.Sprite","node":{"__id__":23},"_materials":[{"__uuid__":"ecpdLyjvZBwrvm+cedCcQy"}],"_spriteFrame":{"__uuid__":"ebm9zOQlFI4IGgCc9Owdfe"}},{"__type__":"15b42uAdtxGLJO3hSFb7eHo","node":{"__id__":23}}],"_prefab":{"__type__":"cc.PrefabInfo","root":{"__id__":1},"asset":{"__uuid__":"19pY+VNd9Ncrscz5bSZdlT"},"fileId":"3a1Oy+hjBJEbe6qrr+hF2l"},"_contentSize":{"__type__":"cc.Size","width":56,"height":55},"_trs":{"__type__":"TypedArray","ctor":"Float64Array","array":[-1.086,101.75,0,0,0,0,1,1,1,1]}},{"__type__":"cc.Node","_name":"key","_parent":{"__id__":21},"_children":[{"__id__":25}],"_prefab":{"__type__":"cc.PrefabInfo","root":{"__id__":1},"asset":{"__uuid__":"19pY+VNd9Ncrscz5bSZdlT"},"fileId":"b8XJPxubxE0L08XubGfiUB"},"_contentSize":{"__type__":"cc.Size","width":100,"height":200},"_trs":{"__type__":"TypedArray","ctor":"Float64Array","array":[0,0,0,0,0,0,1,1,1,1]},"_groupIndex":15,"groupIndex":15},{"__type__":"cc.Node","_name":"icon","_parent":{"__id__":24},"_components":[{"__type__":"fcf5apGFRJIEZkZJ9CwiT4c","node":{"__id__":25},"keyType":1,"where":1,"isGone":true,"isGonex":-400},{"__type__":"cc.Sprite","node":{"__id__":25},"_materials":[{"__uuid__":"ecpdLyjvZBwrvm+cedCcQy"}],"_spriteFrame":{"__uuid__":"6dXBYrBNtEiKJQUnopu+Lk"},"_type":1,"_sizeMode":0},{"__type__":"cc.RigidBody","node":{"__id__":25},"_type":0,"_allowSleep":false,"enabledContactListener":true},{"__type__":"cc.BoxCollider","node":{"__id__":25},"_size":{"__type__":"cc.Size","width":61,"height":500}}],"_prefab":{"__type__":"cc.PrefabInfo","root":{"__id__":1},"asset":{"__uuid__":"19pY+VNd9Ncrscz5bSZdlT"},"fileId":"b6pltdpKxPMbUOjYlIURuB"},"_contentSize":{"__type__":"cc.Size","width":76,"height":646},"_trs":{"__type__":"TypedArray","ctor":"Float64Array","array":[0,-127,0,0,0,0,1,1,1,1]},"_groupIndex":15,"groupIndex":15},{"__type__":"cc.Node","_name":"drumstick","_parent":{"__id__":1},"_components":[{"__type__":"cc.Sprite","node":{"__id__":26},"_materials":[{"__uuid__":"ecpdLyjvZBwrvm+cedCcQy"}],"_spriteFrame":{"__uuid__":"41In5eFZZAcrgFboYtZCx8"}},{"__type__":"cc.RigidBody","node":{"__id__":26},"_allowSleep":false,"enabledContactListener":true,"bullet":true},{"__type__":"8129dBaWYFCnbCuQ9KTwNkc","node":{"__id__":26}},{"__type__":"cc.BoxCollider","node":{"__id__":26},"_offset":{"__type__":"cc.Vec2","x":-2,"y":-10.7},"_size":{"__type__":"cc.Size","width":71,"height":62.8}},{"__type__":"cc.PhysicsBoxCollider","node":{"__id__":26},"_offset":{"__type__":"cc.Vec2","x":-1.3,"y":-11.1},"_size":{"__type__":"cc.Size","width":68.4,"height":87.3}}],"_prefab":{"__type__":"cc.PrefabInfo","root":{"__id__":1},"asset":{"__uuid__":"19pY+VNd9Ncrscz5bSZdlT"},"fileId":"4evFlCSixHAKwD2ILUjRxs"},"_contentSize":{"__type__":"cc.Size","width":137,"height":175},"_trs":{"__type__":"TypedArray","ctor":"Float64Array","array":[454.42,295.987,0,0,0,0,1,1.2,1.2,1.2]},"_groupIndex":18,"groupIndex":18},{"__type__":"cc.Node","_name":"players","_parent":{"__id__":1},"_components":[{"__type__":"sp.Skeleton","node":{"__id__":27},"_materials":[{"__uuid__":"7a/QZLET9IDreTiBfRn2PD"}],"defaultAnimation":"youdong1","_preCacheMode":0,"premultipliedAlpha":false,"_animationName":"youdong1","_N$skeletonData":{"__uuid__":"7eXUSETlJAmq9Nf/NmhP+m"}},{"__type__":"01f289XMctJip07hmhMcMgM","node":{"__id__":27},"left":-500,"right":500},{"__type__":"cc.PolygonCollider","node":{"__id__":27},"points":[{"__type__":"cc.Vec2","x":-40.9,"y":-33.1},{"__type__":"cc.Vec2","x":45.8,"y":-35.2},{"__type__":"cc.Vec2","x":69.4,"y":-8.6},{"__type__":"cc.Vec2","x":33.6,"y":39.6},{"__type__":"cc.Vec2","x":-32.6,"y":32.4},{"__type__":"cc.Vec2","x":-57,"y":5.7}]}],"_prefab":{"__type__":"cc.PrefabInfo","root":{"__id__":1},"asset":{"__uuid__":"19pY+VNd9Ncrscz5bSZdlT"},"fileId":"f1lWu2jG1IvZcSrE2hI58c"},"_contentSize":{"__type__":"cc.Size","width":298.26,"height":205.43},"_trs":{"__type__":"TypedArray","ctor":"Float64Array","array":[-382.551,-204.539,0,0,0,0,1,1,1,1]},"_groupIndex":19,"groupIndex":19},{"__type__":"cc.Node","_name":"slip","_parent":{"__id__":1},"_children":[{"__id__":29}],"_components":[{"__type__":"4bad4CHjzxEmJzgca0q/jvQ","node":{"__id__":28},"bodyNode":{"__id__":30},"rightAngle":9,"mainAngle":-30}],"_prefab":{"__type__":"cc.PrefabInfo","root":{"__id__":1},"asset":{"__uuid__":"19pY+VNd9Ncrscz5bSZdlT"},"fileId":"dfehPGhChLVrrOyDY0aOGh"},"_contentSize":{"__type__":"cc.Size","width":340,"height":620},"_trs":{"__type__":"TypedArray","ctor":"Float64Array","array":[507,233,0,0,0,-0.7071067811865475,0.7071067811865476,1,1,1]},"_eulerAngles":{"__type__":"cc.Vec3","z":-90},"_groupIndex":15,"groupIndex":15},{"__type__":"cc.Node","_name":"body","_parent":{"__id__":28},"_children":[{"__id__":30}],"_components":[{"__type__":"cc.Sprite","node":{"__id__":29},"_materials":[{"__uuid__":"ecpdLyjvZBwrvm+cedCcQy"}],"_sizeMode":0}],"_prefab":{"__type__":"cc.PrefabInfo","root":{"__id__":1},"asset":{"__uuid__":"19pY+VNd9Ncrscz5bSZdlT"},"fileId":"574Yquc0tLZoJMvBspmQw4"},"_contentSize":{"__type__":"cc.Size","width":280,"height":33.5},"_trs":{"__type__":"TypedArray","ctor":"Float64Array","array":[253.959,-57.511,0,0,0,0,1,1,1,1]},"_groupIndex":15,"groupIndex":15},{"__type__":"cc.Node","_name":"body copy","_parent":{"__id__":29},"_children":[{"__id__":31}],"_components":[{"__type__":"cc.Sprite","node":{"__id__":30},"_materials":[{"__uuid__":"ecpdLyjvZBwrvm+cedCcQy"}],"_spriteFrame":{"__uuid__":"96ji7O0ylCdpiWyQJ2Hmkh"},"_sizeMode":0},{"__type__":"f7dc6f7+k5I6a2iPOBMLTVN","node":{"__id__":30}},{"__type__":"cc.RigidBody","node":{"__id__":30},"_type":0,"_allowSleep":false,"_gravityScale":0,"bullet":true},{"__type__":"cc.PhysicsBoxCollider","node":{"__id__":30},"_offset":{"__type__":"cc.Vec2","x":-292.7595704480914,"y":5.148842981586981},"_size":{"__type__":"cc.Size","width":216.5,"height":15}}],"_prefab":{"__type__":"cc.PrefabInfo","root":{"__id__":1},"asset":{"__uuid__":"19pY+VNd9Ncrscz5bSZdlT"},"fileId":"06STJhltlA/aPE9APfg7j2"},"_contentSize":{"__type__":"cc.Size","width":216.5,"height":15},"_anchorPoint":{"__type__":"cc.Vec2","x":1.8522382006840248,"y":0.15674380122753462},"_trs":{"__type__":"TypedArray","ctor":"Float64Array","array":[-61.401,-33.183,0,0,0,0.07845909572784494,0.996917333733128,1,1,1]},"_eulerAngles":{"__type__":"cc.Vec3","z":9},"_groupIndex":15,"groupIndex":15},{"__type__":"cc.Node","_name":"head","_parent":{"__id__":30},"_components":[{"__type__":"cc.Sprite","node":{"__id__":31},"_materials":[{"__uuid__":"ecpdLyjvZBwrvm+cedCcQy"}],"_spriteFrame":{"__uuid__":"9dDnfIiCpErLaxAEIizf5L"}}],"_prefab":{"__type__":"cc.PrefabInfo","root":{"__id__":1},"asset":{"__uuid__":"19pY+VNd9Ncrscz5bSZdlT"},"fileId":"86KXyfTANMfYvPLiqoe3gy"},"_contentSize":{"__type__":"cc.Size","width":53,"height":104},"_trs":{"__type__":"TypedArray","ctor":"Float64Array","array":[-401.745,4.443,0,0,0,0,1,1,1,1]}},{"__type__":"cc.Node","_name":"wall","_parent":{"__id__":1},"_components":[{"__type__":"cc.RigidBody","node":{"__id__":32},"_type":0},{"__type__":"cc.PhysicsPolygonCollider","node":{"__id__":32},"points":[{"__type__":"cc.Vec2","x":77.5,"y":48},{"__type__":"cc.Vec2","x":161.2,"y":45.7},{"__type__":"cc.Vec2","x":404.4,"y":29.1},{"__type__":"cc.Vec2","x":396.3,"y":72.7},{"__type__":"cc.Vec2","x":386.5,"y":94.4},{"__type__":"cc.Vec2","x":373.3,"y":116.7},{"__type__":"cc.Vec2","x":354.7,"y":139.2},{"__type__":"cc.Vec2","x":336.6,"y":157.6},{"__type__":"cc.Vec2","x":313.8,"y":172.8},{"__type__":"cc.Vec2","x":285.8,"y":186.8},{"__type__":"cc.Vec2","x":262,"y":194},{"__type__":"cc.Vec2","x":235,"y":199.8},{"__type__":"cc.Vec2","x":216,"y":200.1},{"__type__":"cc.Vec2","x":176.4,"y":196.7},{"__type__":"cc.Vec2","x":148.1,"y":189.7},{"__type__":"cc.Vec2","x":117.3,"y":176.4},{"__type__":"cc.Vec2","x":99.5,"y":162.6},{"__type__":"cc.Vec2","x":63.4,"y":134.3},{"__type__":"cc.Vec2","x":40.3,"y":102.1},{"__type__":"cc.Vec2","x":27.1,"y":74.8},{"__type__":"cc.Vec2","x":20.3,"y":51.8}]},{"__type__":"cc.PhysicsPolygonCollider","node":{"__id__":32},"points":[{"__type__":"cc.Vec2","x":196,"y":380},{"__type__":"cc.Vec2","x":160,"y":383},{"__type__":"cc.Vec2","x":61,"y":352},{"__type__":"cc.Vec2","x":8,"y":324},{"__type__":"cc.Vec2","x":-32,"y":292},{"__type__":"cc.Vec2","x":156,"y":364},{"__type__":"cc.Vec2","x":299,"y":347},{"__type__":"cc.Vec2","x":373,"y":318},{"__type__":"cc.Vec2","x":443,"y":273},{"__type__":"cc.Vec2","x":493,"y":214},{"__type__":"cc.Vec2","x":526,"y":154},{"__type__":"cc.Vec2","x":548,"y":92},{"__type__":"cc.Vec2","x":559,"y":39},{"__type__":"cc.Vec2","x":586,"y":36},{"__type__":"cc.Vec2","x":571,"y":116},{"__type__":"cc.Vec2","x":540,"y":185},{"__type__":"cc.Vec2","x":496,"y":244},{"__type__":"cc.Vec2","x":459,"y":279},{"__type__":"cc.Vec2","x":395,"y":331},{"__type__":"cc.Vec2","x":330,"y":362},{"__type__":"cc.Vec2","x":252,"y":379}]}],"_prefab":{"__type__":"cc.PrefabInfo","root":{"__id__":1},"asset":{"__uuid__":"19pY+VNd9Ncrscz5bSZdlT"},"fileId":"42RAbT10RG9KQDlak7jUIA"},"_trs":{"__type__":"TypedArray","ctor":"Float64Array","array":[230.772,31.803,0,0,0,0,1,1,1,1]},"_groupIndex":17,"groupIndex":17},{"__type__":"cc.Node","_name":"wall","_parent":{"__id__":1},"_components":[{"__type__":"cc.RigidBody","node":{"__id__":33},"_type":0},{"__type__":"cc.PhysicsChainCollider","node":{"__id__":33},"points":[{"__type__":"cc.Vec2","x":0.6,"y":173.5},{"__type__":"cc.Vec2","x":-13.5,"y":40.4}]}],"_prefab":{"__type__":"cc.PrefabInfo","root":{"__id__":1},"asset":{"__uuid__":"19pY+VNd9Ncrscz5bSZdlT"},"fileId":"88386rQQxEP4x6O1hmkh3W"},"_trs":{"__type__":"TypedArray","ctor":"Float64Array","array":[-249.546,156.63,0,0,0,0,1,1,1,1]},"_groupIndex":17,"groupIndex":17},{"__type__":"cc.Node","_name":"wall","_parent":{"__id__":1},"_components":[{"__type__":"cc.RigidBody","node":{"__id__":34},"_type":0},{"__type__":"cc.PhysicsChainCollider","node":{"__id__":34},"points":[{"__type__":"cc.Vec2","x":-123.3,"y":118.5},{"__type__":"cc.Vec2","x":-124.2,"y":-2.5},{"__type__":"cc.Vec2","x":72.8,"y":-6.2},{"__type__":"cc.Vec2","x":73.7,"y":116.6}]}],"_prefab":{"__type__":"cc.PrefabInfo","root":{"__id__":1},"asset":{"__uuid__":"19pY+VNd9Ncrscz5bSZdlT"},"fileId":"6bbGNwVBlMdb9MAb5BC0oV"},"_trs":{"__type__":"TypedArray","ctor":"Float64Array","array":[784.712,-226.111,0,0,0,0,1,1,1,1]},"_groupIndex":17,"groupIndex":17},{"__type__":"cc.Node","_name":"bait","_parent":{"__id__":1},"_components":[{"__type__":"cc.Sprite","node":{"__id__":35},"_materials":[{"__uuid__":"ecpdLyjvZBwrvm+cedCcQy"}],"_spriteFrame":{"__uuid__":"03kspdLsJKWIlk/Nvq2KNq"}},{"__type__":"cc.BoxCollider","node":{"__id__":35},"_size":{"__type__":"cc.Size","width":37,"height":283}}],"_prefab":{"__type__":"cc.PrefabInfo","root":{"__id__":1},"asset":{"__uuid__":"19pY+VNd9Ncrscz5bSZdlT"},"fileId":"02+suaZMBC6LD5KcVpBhSa"},"_contentSize":{"__type__":"cc.Size","width":37,"height":283},"_trs":{"__type__":"TypedArray","ctor":"Float64Array","array":[1342.514,-73.158,0,0,0,0,1,1,1,1]},"_groupIndex":24,"groupIndex":24},{"__type__":"cc.Node","_name":"lvkeyxin","_parent":{"__id__":1},"_children":[{"__id__":37},{"__id__":41}],"_active":false,"_prefab":{"__type__":"cc.PrefabInfo","root":{"__id__":1},"asset":{"__uuid__":"19pY+VNd9Ncrscz5bSZdlT"},"fileId":"66gClB4M9JG5xaWw632b+F"},"_trs":{"__type__":"TypedArray","ctor":"Float64Array","array":[517.427,58.713,0,0,0,0.7071067811865475,0.7071067811865476,1,1,1]},"_eulerAngles":{"__type__":"cc.Vec3","z":90}},{"__type__":"cc.Node","_name":"lvhuan","_parent":{"__id__":36},"_children":[{"__type__":"cc.Node","_name":"huan","_parent":{"__id__":37},"_prefab":{"__type__":"cc.PrefabInfo","root":{"__id__":1},"asset":{"__uuid__":"19pY+VNd9Ncrscz5bSZdlT"},"fileId":"bcVMPVz01L+76B/rvpBJ8e"},"_trs":{"__type__":"TypedArray","ctor":"Float64Array","array":[540,960,0,0,0,0,1,1,1,1]}},{"__id__":38},{"__id__":39},{"__id__":40}],"_components":[{"__type__":"cc.Sprite","node":{"__id__":37},"_materials":[{"__uuid__":"ecpdLyjvZBwrvm+cedCcQy"}],"_spriteFrame":{"__uuid__":"8bDdjobnRGvIRoO5ufIAEq"}},{"__type__":"e8057lgm4hIxroPDFEdZwco","node":{"__id__":37},"rightNode":{"__id__":40},"leftNode":{"__id__":39},"showNode":{"__id__":38},"singlePrefab":{"__uuid__":"a5kV9mPg1CA4s842SNsecY"}}],"_prefab":{"__type__":"cc.PrefabInfo","root":{"__id__":1},"asset":{"__uuid__":"19pY+VNd9Ncrscz5bSZdlT"},"fileId":"cfM9Q4AXxFLKAS7rlf5GDI"},"_contentSize":{"__type__":"cc.Size","width":76,"height":97},"_trs":{"__type__":"TypedArray","ctor":"Float64Array","array":[199.788,-341.611,0,0,0,-0.7071067811865475,0.7071067811865476,1,1,1]},"_eulerAngles":{"__type__":"cc.Vec3","z":-90}},{"__type__":"cc.Node","_name":"show","_parent":{"__id__":37},"_components":[{"__type__":"cc.Label","node":{"__id__":38},"_materials":[{"__uuid__":"ecpdLyjvZBwrvm+cedCcQy"}],"_string":"1","_N$string":"1","_N$horizontalAlign":1,"_N$verticalAlign":1}],"_prefab":{"__type__":"cc.PrefabInfo","root":{"__id__":1},"asset":{"__uuid__":"19pY+VNd9Ncrscz5bSZdlT"},"fileId":"34Xr7UsvRBnrA505u4Ip8G"},"_contentSize":{"__type__":"cc.Size","width":22.25,"height":50.4},"_trs":{"__type__":"TypedArray","ctor":"Float64Array","array":[36.443,-40.833,0,0,0,0,1,1,1,1]}},{"__type__":"cc.Node","_name":"left","_parent":{"__id__":37},"_prefab":{"__type__":"cc.PrefabInfo","root":{"__id__":1},"asset":{"__uuid__":"19pY+VNd9Ncrscz5bSZdlT"},"fileId":"2fGAMhQNtGmodh73OyIkHT"},"_trs":{"__type__":"TypedArray","ctor":"Float64Array","array":[-765.145,-203.088,0,0,0,0,1,1,1,1]}},{"__type__":"cc.Node","_name":"right","_parent":{"__id__":37},"_prefab":{"__type__":"cc.PrefabInfo","root":{"__id__":1},"asset":{"__uuid__":"19pY+VNd9Ncrscz5bSZdlT"},"fileId":"c5yu6WMmNLBrYP3z5qRPAg"},"_trs":{"__type__":"TypedArray","ctor":"Float64Array","array":[-120.791,-204.415,0,0,0,0,1,1,1,1]}},{"__type__":"cc.Node","_name":"key","_parent":{"__id__":36},"_children":[{"__id__":42}],"_prefab":{"__type__":"cc.PrefabInfo","root":{"__id__":1},"asset":{"__uuid__":"19pY+VNd9Ncrscz5bSZdlT"},"fileId":"04J1z5ZqBO7I0gEzUm1j11"},"_contentSize":{"__type__":"cc.Size","width":100,"height":200},"_trs":{"__type__":"TypedArray","ctor":"Float64Array","array":[0,0,0,0,0,0,1,1,1,1]},"_groupIndex":15,"groupIndex":15},{"__type__":"cc.Node","_name":"icon","_parent":{"__id__":41},"_children":[{"__id__":43},{"__id__":44}],"_components":[{"__type__":"fcf5apGFRJIEZkZJ9CwiT4c","node":{"__id__":42},"where":1,"type":2},{"__type__":"cc.Sprite","node":{"__id__":42},"_materials":[{"__uuid__":"ecpdLyjvZBwrvm+cedCcQy"}],"_spriteFrame":{"__uuid__":"30qAHbQeJDb6X7c2KQsWDy"},"_type":1,"_sizeMode":0},{"__type__":"cc.RigidBody","node":{"__id__":42},"_type":0},{"__type__":"cc.PhysicsBoxCollider","node":{"__id__":42},"_offset":{"__type__":"cc.Vec2","x":0.1,"y":-6.8},"_size":{"__type__":"cc.Size","width":15,"height":573.4}}],"_prefab":{"__type__":"cc.PrefabInfo","root":{"__id__":1},"asset":{"__uuid__":"19pY+VNd9Ncrscz5bSZdlT"},"fileId":"61UYQvP6hGN5Ranvi/BNg1"},"_contentSize":{"__type__":"cc.Size","width":15,"height":587},"_trs":{"__type__":"TypedArray","ctor":"Float64Array","array":[-4.259,-22.948,0,0,0,0,1,1,1,1]},"_groupIndex":15,"groupIndex":15},{"__type__":"cc.Node","_name":"leftHuan","_parent":{"__id__":42},"_components":[{"__type__":"cc.Sprite","node":{"__id__":43},"_enabled":false,"_materials":[{"__uuid__":"ecpdLyjvZBwrvm+cedCcQy"}],"_spriteFrame":{"__uuid__":"8bDdjobnRGvIRoO5ufIAEq"}},{"__type__":"cc.BoxCollider","node":{"__id__":43},"tag":2,"_offset":{"__type__":"cc.Vec2","y":-1.7},"_size":{"__type__":"cc.Size","width":25.2,"height":97}}],"_prefab":{"__type__":"cc.PrefabInfo","root":{"__id__":1},"asset":{"__uuid__":"19pY+VNd9Ncrscz5bSZdlT"},"fileId":"9cHsTWN05IH5lIOr1PUklE"},"_contentSize":{"__type__":"cc.Size","width":76,"height":97},"_trs":{"__type__":"TypedArray","ctor":"Float64Array","array":[0,314.675,0,0,0,0,1,1,1,1]},"_groupIndex":27,"groupIndex":27},{"__type__":"cc.Node","_name":"rightHuan","_parent":{"__id__":42},"_components":[{"__type__":"cc.Sprite","node":{"__id__":44},"_enabled":false,"_materials":[{"__uuid__":"ecpdLyjvZBwrvm+cedCcQy"}],"_spriteFrame":{"__uuid__":"8bDdjobnRGvIRoO5ufIAEq"}},{"__type__":"cc.BoxCollider","node":{"__id__":44},"tag":3,"_offset":{"__type__":"cc.Vec2","y":1.3},"_size":{"__type__":"cc.Size","width":24.3,"height":97}}],"_prefab":{"__type__":"cc.PrefabInfo","root":{"__id__":1},"asset":{"__uuid__":"19pY+VNd9Ncrscz5bSZdlT"},"fileId":"37SBlQ9MpDhZWEK9NgJG8Z"},"_contentSize":{"__type__":"cc.Size","width":76,"height":97},"_trs":{"__type__":"TypedArray","ctor":"Float64Array","array":[0,-330.618,0,0,0,1,6.123233995736766e-17,1,1,1]},"_eulerAngles":{"__type__":"cc.Vec3","z":180},"_groupIndex":27,"groupIndex":27},{"__type__":"cc.Node","_name":"dydh","_parent":{"__id__":1},"_active":false,"_components":[{"__type__":"sp.Skeleton","node":{"__id__":45},"_materials":[{"__uuid__":"7a/QZLET9IDreTiBfRn2PD"}],"defaultAnimation":"animation","_preCacheMode":0,"premultipliedAlpha":false,"_animationName":"animation","_N$skeletonData":{"__uuid__":"64/0Yb/CtNBoCZAvzObkaJ"}}],"_prefab":{"__type__":"cc.PrefabInfo","root":{"__id__":1},"asset":{"__uuid__":"19pY+VNd9Ncrscz5bSZdlT"},"fileId":"e7KGY1Kv9IHacgU5rE5jz5"},"_contentSize":{"__type__":"cc.Size","width":245,"height":124},"_trs":{"__type__":"TypedArray","ctor":"Float64Array","array":[105.066,106.486,0,0,0,0,1,1,1,1]}},{"__type__":"cc.Node","_name":"close","_parent":{"__id__":1},"_components":[{"__type__":"cc.BoxCollider","node":{"__id__":46}}],"_prefab":{"__type__":"cc.PrefabInfo","root":{"__id__":1},"asset":{"__uuid__":"19pY+VNd9Ncrscz5bSZdlT"},"fileId":"bcTkMmL5xE7pktS9KYUfoD"},"_trs":{"__type__":"TypedArray","ctor":"Float64Array","array":[1397.411,-182.386,0,0,0,0,1,1,1,1]},"_groupIndex":23,"groupIndex":23},{"__type__":"cc.Node","_name":"djdh","_parent":{"__id__":1},"_components":[{"__type__":"sp.Skeleton","node":{"__id__":47},"_materials":[{"__uuid__":"7a/QZLET9IDreTiBfRn2PD"}],"defaultAnimation":"animation","_preCacheMode":0,"premultipliedAlpha":false,"_animationName":"animation","_N$skeletonData":{"__uuid__":"c9APhGhgJNHp9LF62/DzZ6"}},{"__type__":"cc.BoxCollider","node":{"__id__":47},"_size":{"__type__":"cc.Size","width":422.63,"height":235}}],"_prefab":{"__type__":"cc.PrefabInfo","root":{"__id__":1},"asset":{"__uuid__":"19pY+VNd9Ncrscz5bSZdlT"},"fileId":"d3QroL5j1EbqeZ8xgaC6Bz"},"_contentSize":{"__type__":"cc.Size","width":422.63,"height":235},"_trs":{"__type__":"TypedArray","ctor":"Float64Array","array":[-180.502,-65.172,0,0,0,-0.7071067811865475,0.7071067811865476,0.627,0.627,0.627]},"_eulerAngles":{"__type__":"cc.Vec3","z":-90},"_groupIndex":24,"groupIndex":24},{"__type__":"cc.Node","_name":"x","_parent":{"__id__":1},"_components":[{"__type__":"cc.Sprite","node":{"__id__":48},"_materials":[{"__uuid__":"ecpdLyjvZBwrvm+cedCcQy"}],"_spriteFrame":{"__uuid__":"2doVS6rvdFDI80wAKn819J"},"_type":1,"_sizeMode":0}],"_prefab":{"__type__":"cc.PrefabInfo","root":{"__id__":1},"asset":{"__uuid__":"19pY+VNd9Ncrscz5bSZdlT"},"fileId":"5coZ/td2RAp6sASUdp467C"},"_contentSize":{"__type__":"cc.Size","width":122,"height":147},"_trs":{"__type__":"TypedArray","ctor":"Float64Array","array":[-183,71.233,0,0,0,0.7071067811865475,0.7071067811865476,1,1,1]},"_eulerAngles":{"__type__":"cc.Vec3","z":90}}],{"__type__":"cc.SpriteFrame","content":{"name":"11","texture":"8aeVOREEhI6IrlHJsfCKHB","rect":[0,0,1080,836],"offset":[0,0],"originalSize":[1080,836],"capInsets":[0,0,0,0]}},{"__type__":"cc.SpriteFrame","content":{"name":"11","texture":"892JRoAZRKSK6E04RPJExu","rect":[0,0,949,824],"offset":[0,0],"originalSize":[949,824],"capInsets":[0,0,0,0]}}]