[[{"__type__":"cc.Prefab","_name":"UIDerived68","data":{"__id__":1}},{"__type__":"cc.Node","_name":"UIDerived78","_children":[{"__type__":"cc.Node","_name":"bule_node","_parent":{"__id__":1},"_prefab":{"__type__":"cc.PrefabInfo","root":{"__id__":1},"asset":{"__uuid__":"01WKls8NhKrojIAw5a+lIO"},"fileId":"554kUqPi9O+bF8gbLaDpFP"},"_trs":{"__type__":"TypedArray","ctor":"Float64Array","array":[0,0,0,0,0,0,1,1,1,1]}},{"__type__":"cc.Node","_name":"greenwater_node","_parent":{"__id__":1},"_prefab":{"__type__":"cc.PrefabInfo","root":{"__id__":1},"asset":{"__uuid__":"01WKls8NhKrojIAw5a+lIO"},"fileId":"68CoFXgARAK7W/hEE/0PzS"},"_trs":{"__type__":"TypedArray","ctor":"Float64Array","array":[0,0,0,0,0,0,1,1,1,1]}},{"__type__":"cc.Node","_name":"redwater_node","_parent":{"__id__":1},"_prefab":{"__type__":"cc.PrefabInfo","root":{"__id__":1},"asset":{"__uuid__":"01WKls8NhKrojIAw5a+lIO"},"fileId":"cfVbIX8dVJJZC627ZbF3aD"},"_trs":{"__type__":"TypedArray","ctor":"Float64Array","array":[0,0,0,0,0,0,1,1,1,1]}},{"__id__":2},{"__id__":3},{"__id__":4},{"__id__":5},{"__type__":"cc.Node","_name":"greenPos_node","_parent":{"__id__":1},"_prefab":{"__type__":"cc.PrefabInfo","root":{"__id__":1},"asset":{"__uuid__":"01WKls8NhKrojIAw5a+lIO"},"fileId":"73XfPB8phEcL6DX3ewH+5I"},"_trs":{"__type__":"TypedArray","ctor":"Float64Array","array":[0,0,0,0,0,0,1,1,1,1]}},{"__type__":"cc.Node","_name":"player","_parent":{"__id__":1},"_prefab":{"__type__":"cc.PrefabInfo","root":{"__id__":1},"asset":{"__uuid__":"01WKls8NhKrojIAw5a+lIO"},"fileId":"f0wHIbv4hFSY+Mm2AZvRCm"},"_contentSize":{"__type__":"cc.Size","width":240,"height":140},"_trs":{"__type__":"TypedArray","ctor":"Float64Array","array":[148.902,-610.057,0,0,0,0,1,-0.7,0.7,1]}},{"__id__":6}],"_components":[{"__type__":"cc.Sprite","node":{"__id__":1},"_materials":[{"__uuid__":"ecpdLyjvZBwrvm+cedCcQy"}],"_spriteFrame":{"__uuid__":"b5PdQEIRhFQZGRtE2jDES5"}},{"__type__":"cc.RigidBody","node":{"__id__":1},"_type":0},{"__type__":"cc.PhysicsPolygonCollider","node":{"__id__":1},"_offset":{"__type__":"cc.Vec2","x":-436,"y":669},"points":[{"__type__":"cc.Vec2","x":-47,"y":-1382},{"__type__":"cc.Vec2","x":926,"y":-1389},{"__type__":"cc.Vec2","x":923,"y":47},{"__type__":"cc.Vec2","x":874,"y":-406},{"__type__":"cc.Vec2","x":873,"y":-1335},{"__type__":"cc.Vec2","x":764,"y":-1339},{"__type__":"cc.Vec2","x":755,"y":-504},{"__type__":"cc.Vec2","x":315,"y":-509},{"__type__":"cc.Vec2","x":158,"y":-374},{"__type__":"cc.Vec2","x":145,"y":-6},{"__type__":"cc.Vec2","x":66,"y":3},{"__type__":"cc.Vec2","x":72,"y":-401},{"__type__":"cc.Vec2","x":307,"y":-594},{"__type__":"cc.Vec2","x":679,"y":-597},{"__type__":"cc.Vec2","x":675,"y":-1334},{"__type__":"cc.Vec2","x":492,"y":-1337},{"__type__":"cc.Vec2","x":487,"y":-1264},{"__type__":"cc.Vec2","x":514,"y":-1184},{"__type__":"cc.Vec2","x":565,"y":-1130},{"__type__":"cc.Vec2","x":566,"y":-898},{"__type__":"cc.Vec2","x":241,"y":-890},{"__type__":"cc.Vec2","x":-2,"y":-831},{"__type__":"cc.Vec2","x":-6,"y":-661},{"__type__":"cc.Vec2","x":257,"y":-782},{"__type__":"cc.Vec2","x":562,"y":-776},{"__type__":"cc.Vec2","x":565,"y":-698},{"__type__":"cc.Vec2","x":234,"y":-691},{"__type__":"cc.Vec2","x":-6,"y":-569},{"__type__":"cc.Vec2","x":-6,"y":-1},{"__type__":"cc.Vec2","x":61,"y":2},{"__type__":"cc.Vec2","x":285,"y":-7},{"__type__":"cc.Vec2","x":292,"y":-380},{"__type__":"cc.Vec2","x":314,"y":-404},{"__type__":"cc.Vec2","x":872,"y":-400},{"__type__":"cc.Vec2","x":923,"y":46},{"__type__":"cc.Vec2","x":-50,"y":50}]},{"__type__":"1100eDGpRlLMYp5CrYQGpcQ","node":{"__id__":1}}],"_prefab":{"__type__":"cc.PrefabInfo","root":{"__id__":1},"asset":{"__uuid__":"01WKls8NhKrojIAw5a+lIO"},"fileId":"a5pre2Ws9LiIYIq2qY/Yfq"},"_contentSize":{"__type__":"cc.Size","width":976,"height":1431},"_trs":{"__type__":"TypedArray","ctor":"Float64Array","array":[-58.432,0,0,0,0,0,1,1,1,1]}},{"__type__":"cc.Node","_name":"black_node","_parent":{"__id__":1},"_components":[{"__type__":"6c0e8KZwr5L34azTYX21stu","node":{"__id__":2}}],"_prefab":{"__type__":"cc.PrefabInfo","root":{"__id__":1},"asset":{"__uuid__":"01WKls8NhKrojIAw5a+lIO"},"fileId":"57wAupYYBBpYkvQrHGHMmj"},"_trs":{"__type__":"TypedArray","ctor":"Float64Array","array":[0,0,0,0,0,0,1,1,1,1]}},{"__type__":"cc.Node","_name":"gray_node","_parent":{"__id__":1},"_components":[{"__type__":"3400dF2d2tHLK8+En9baGXY","node":{"__id__":3},"grey_prefab":{"__uuid__":"13FEeEL1NMaK5TFGpFQpJr"}}],"_prefab":{"__type__":"cc.PrefabInfo","root":{"__id__":1},"asset":{"__uuid__":"01WKls8NhKrojIAw5a+lIO"},"fileId":"e1kfIUF8tM9b/B/C8Ahu+b"},"_trs":{"__type__":"TypedArray","ctor":"Float64Array","array":[0,0,0,0,0,0,1,1,1,1]}},{"__type__":"cc.Node","_name":"bulePos_node","_parent":{"__id__":1},"_children":[{"__type__":"cc.Node","_name":"New Node","_parent":{"__id__":4},"_prefab":{"__type__":"cc.PrefabInfo","root":{"__id__":1},"asset":{"__uuid__":"01WKls8NhKrojIAw5a+lIO"},"fileId":"73CysB0GhEbLw7E7w/1kEv"},"_trs":{"__type__":"TypedArray","ctor":"Float64Array","array":[-416.768,504.494,0,0,0,0,1,1,1,1]}}],"_prefab":{"__type__":"cc.PrefabInfo","root":{"__id__":1},"asset":{"__uuid__":"01WKls8NhKrojIAw5a+lIO"},"fileId":"72Snagp49EubykV/Z1Ztx8"},"_trs":{"__type__":"TypedArray","ctor":"Float64Array","array":[0,0,0,0,0,0,1,1,1,1]}},{"__type__":"cc.Node","_name":"redPos_node","_parent":{"__id__":1},"_children":[{"__type__":"cc.Node","_name":"New Node","_parent":{"__id__":5},"_prefab":{"__type__":"cc.PrefabInfo","root":{"__id__":1},"asset":{"__uuid__":"01WKls8NhKrojIAw5a+lIO"},"fileId":"cbDD1XcoBI866/B9gk/uLS"},"_trs":{"__type__":"TypedArray","ctor":"Float64Array","array":[-406,-94,0,0,0,0,1,1,1,1]}},{"__type__":"cc.Node","_name":"New Node","_parent":{"__id__":5},"_prefab":{"__type__":"cc.PrefabInfo","root":{"__id__":1},"asset":{"__uuid__":"01WKls8NhKrojIAw5a+lIO"},"fileId":"e7+4y5339EEbaveec5fp5C"},"_trs":{"__type__":"TypedArray","ctor":"Float64Array","array":[-222.847,555.97,0,0,0,0,1,1,1,1]}}],"_prefab":{"__type__":"cc.PrefabInfo","root":{"__id__":1},"asset":{"__uuid__":"01WKls8NhKrojIAw5a+lIO"},"fileId":"cfktTzSRZEIoOCXrAduS5d"},"_trs":{"__type__":"TypedArray","ctor":"Float64Array","array":[0,0,0,0,0,0,1,1,1,1]}},{"__type__":"cc.Node","_name":"MoveProp","_parent":{"__id__":1},"_children":[{"__id__":7},{"__id__":8}],"_prefab":{"__type__":"cc.PrefabInfo","root":{"__id__":1},"asset":{"__uuid__":"01WKls8NhKrojIAw5a+lIO"},"fileId":"ec69MVplFNZ5tBxQ0disuL"},"_trs":{"__type__":"TypedArray","ctor":"Float64Array","array":[35.455,18.661,0,0,0,0.7071067811865475,0.7071067811865476,1,1,1]},"_eulerAngles":{"__type__":"cc.Vec3","z":90}},{"__type__":"cc.Node","_name":"Bar","_parent":{"__id__":6},"_components":[{"__type__":"cc.Sprite","node":{"__id__":7},"_materials":[{"__uuid__":"ecpdLyjvZBwrvm+cedCcQy"}],"_spriteFrame":{"__uuid__":"36nyDwRspBQpKV3/57IicC"},"_type":1,"_sizeMode":0},{"__type__":"cc.RigidBody","node":{"__id__":7},"_type":0},{"__type__":"cc.PhysicsPolygonCollider","node":{"__id__":7},"points":[{"__type__":"cc.Vec2","x":-257,"y":-32},{"__type__":"cc.Vec2","x":262,"y":-24},{"__type__":"cc.Vec2","x":263,"y":27},{"__type__":"cc.Vec2","x":-261,"y":30}]},{"__type__":"8a64bLvzRlHBakXZIa7SBbN","node":{"__id__":7}}],"_prefab":{"__type__":"cc.PrefabInfo","root":{"__id__":1},"asset":{"__uuid__":"01WKls8NhKrojIAw5a+lIO"},"fileId":"a4o5JedEREpYWKo9tWQNiT"},"_contentSize":{"__type__":"cc.Size","width":522,"height":65},"_trs":{"__type__":"TypedArray","ctor":"Float64Array","array":[0,0,0,0,0,0,1,1,1,1]}},{"__type__":"cc.Node","_name":"BarBG","_parent":{"__id__":6},"_components":[{"__type__":"cc.Sprite","node":{"__id__":8},"_materials":[{"__uuid__":"ecpdLyjvZBwrvm+cedCcQy"}],"_spriteFrame":{"__uuid__":"d8hqEurO5O3r/JLAsbxS//"},"_type":1,"_sizeMode":0}],"_prefab":{"__type__":"cc.PrefabInfo","root":{"__id__":1},"asset":{"__uuid__":"01WKls8NhKrojIAw5a+lIO"},"fileId":"35D18lxqhCU4dL2AgtqMaI"},"_contentSize":{"__type__":"cc.Size","width":1150,"height":66},"_trs":{"__type__":"TypedArray","ctor":"Float64Array","array":[-29.472,0,0,0,0,0,1,1,1,1]}}],{"__type__":"cc.SpriteFrame","content":{"name":"guanqia89","texture":"0ePmSGmwNBcZsFBNfA8P4Z","rect":[1,1,976,1431],"offset":[0,0],"originalSize":[978,1433],"capInsets":[0,0,0,0]}}]