[[{"__type__":"cc.Prefab","_name":"UIDerived10","data":{"__id__":1}},{"__type__":"cc.Node","_name":"UIDerived10","_children":[{"__type__":"cc.Node","_name":"player","_parent":{"__id__":1},"_prefab":{"__type__":"cc.PrefabInfo","root":{"__id__":1},"asset":{"__uuid__":"2fMctGtMZGJaxXJRp+dQdT"},"fileId":"2cl2Ln5IVObKR67sjyO0yJ"},"_contentSize":{"__type__":"cc.Size","width":234.2,"height":136},"_trs":{"__type__":"TypedArray","ctor":"Float64Array","array":[-204.931,-601.568,0,0,0,0,1,0.7,0.7,0.7]}},{"__type__":"cc.Node","_name":"greenPos_node","_parent":{"__id__":1},"_prefab":{"__type__":"cc.PrefabInfo","root":{"__id__":1},"asset":{"__uuid__":"2fMctGtMZGJaxXJRp+dQdT"},"fileId":"09VWu8vcRP15QLrMO8Zj4D"},"_trs":{"__type__":"TypedArray","ctor":"Float64Array","array":[0,0,0,0,0,0,1,1,1,1]}},{"__type__":"cc.Node","_name":"redPos_node","_parent":{"__id__":1},"_prefab":{"__type__":"cc.PrefabInfo","root":{"__id__":1},"asset":{"__uuid__":"2fMctGtMZGJaxXJRp+dQdT"},"fileId":"05BtfHgC1NfoGp5zc485is"},"_trs":{"__type__":"TypedArray","ctor":"Float64Array","array":[0,0,0,0,0,0,1,1,1,1]}},{"__id__":2},{"__type__":"cc.Node","_name":"gray_node","_parent":{"__id__":1},"_prefab":{"__type__":"cc.PrefabInfo","root":{"__id__":1},"asset":{"__uuid__":"2fMctGtMZGJaxXJRp+dQdT"},"fileId":"a5Raep575Ipo5fsEYsHyWw"},"_trs":{"__type__":"TypedArray","ctor":"Float64Array","array":[0,0,0,0,0,0,1,1,1,1]}},{"__id__":3},{"__type__":"cc.Node","_name":"redwater_node","_parent":{"__id__":1},"_prefab":{"__type__":"cc.PrefabInfo","root":{"__id__":1},"asset":{"__uuid__":"2fMctGtMZGJaxXJRp+dQdT"},"fileId":"9dg85+kxpLcoP7z1+5pwZK"},"_trs":{"__type__":"TypedArray","ctor":"Float64Array","array":[0,0,0,0,0,0,1,1,1,1]}},{"__type__":"cc.Node","_name":"greenwater_node","_parent":{"__id__":1},"_prefab":{"__type__":"cc.PrefabInfo","root":{"__id__":1},"asset":{"__uuid__":"2fMctGtMZGJaxXJRp+dQdT"},"fileId":"50bbMWlTBFpLcfPNHYdyCD"},"_trs":{"__type__":"TypedArray","ctor":"Float64Array","array":[0,0,0,0,0,0,1,1,1,1]}},{"__type__":"cc.Node","_name":"bule_node","_parent":{"__id__":1},"_prefab":{"__type__":"cc.PrefabInfo","root":{"__id__":1},"asset":{"__uuid__":"2fMctGtMZGJaxXJRp+dQdT"},"fileId":"b9ZHIUoppMCr/qY9yqJtiN"},"_trs":{"__type__":"TypedArray","ctor":"Float64Array","array":[0,0,0,0,0,0,1,1,1,1]}},{"__id__":4},{"__id__":8},{"__id__":9}],"_components":[{"__type__":"cc.PhysicsPolygonCollider","node":{"__id__":1},"points":[{"__type__":"cc.Vec2","x":-42,"y":449},{"__type__":"cc.Vec2","x":-11,"y":355},{"__type__":"cc.Vec2","x":53,"y":304.7},{"__type__":"cc.Vec2","x":161.2,"y":290.4},{"__type__":"cc.Vec2","x":226.4,"y":281.7},{"__type__":"cc.Vec2","x":230,"y":-55},{"__type__":"cc.Vec2","x":-195.3,"y":-83.2},{"__type__":"cc.Vec2","x":-324.4,"y":-132.5},{"__type__":"cc.Vec2","x":-375,"y":-216},{"__type__":"cc.Vec2","x":-373,"y":-610},{"__type__":"cc.Vec2","x":-339.2,"y":-678.7},{"__type__":"cc.Vec2","x":-278.1,"y":-719.5},{"__type__":"cc.Vec2","x":-194.9,"y":-728.2},{"__type__":"cc.Vec2","x":-89.7,"y":-695.4},{"__type__":"cc.Vec2","x":-53.5,"y":-631.4},{"__type__":"cc.Vec2","x":-42.2,"y":-536.6},{"__type__":"cc.Vec2","x":-36.8,"y":-297.8},{"__type__":"cc.Vec2","x":108.1,"y":-232.4},{"__type__":"cc.Vec2","x":365.3,"y":-216.1},{"__type__":"cc.Vec2","x":381,"y":733},{"__type__":"cc.Vec2","x":-37,"y":727},{"__type__":"cc.Vec2","x":-35,"y":706},{"__type__":"cc.Vec2","x":355,"y":701},{"__type__":"cc.Vec2","x":357.3,"y":-193.3},{"__type__":"cc.Vec2","x":180.5,"y":-197.2},{"__type__":"cc.Vec2","x":82.7,"y":-213.6},{"__type__":"cc.Vec2","x":23.3,"y":-233.8},{"__type__":"cc.Vec2","x":-44.1,"y":-268.7},{"__type__":"cc.Vec2","x":-60.6,"y":-292.4},{"__type__":"cc.Vec2","x":-68.8,"y":-591},{"__type__":"cc.Vec2","x":-84.3,"y":-643.9},{"__type__":"cc.Vec2","x":-116,"y":-681.5},{"__type__":"cc.Vec2","x":-155.2,"y":-697.4},{"__type__":"cc.Vec2","x":-204.6,"y":-703.3},{"__type__":"cc.Vec2","x":-272,"y":-694.8},{"__type__":"cc.Vec2","x":-326.4,"y":-656.6},{"__type__":"cc.Vec2","x":-346.6,"y":-613.2},{"__type__":"cc.Vec2","x":-357,"y":-523.3},{"__type__":"cc.Vec2","x":-354.9,"y":-235.3},{"__type__":"cc.Vec2","x":-345.1,"y":-190.6},{"__type__":"cc.Vec2","x":-318.6,"y":-159.7},{"__type__":"cc.Vec2","x":-232.3,"y":-120.1},{"__type__":"cc.Vec2","x":-165.5,"y":-102},{"__type__":"cc.Vec2","x":-31.5,"y":-86.8},{"__type__":"cc.Vec2","x":229,"y":-85},{"__type__":"cc.Vec2","x":255,"y":-59},{"__type__":"cc.Vec2","x":250.8,"y":302},{"__type__":"cc.Vec2","x":223.9,"y":316.6},{"__type__":"cc.Vec2","x":120.8,"y":317.1},{"__type__":"cc.Vec2","x":62.9,"y":332.9},{"__type__":"cc.Vec2","x":15.2,"y":364.7},{"__type__":"cc.Vec2","x":-2.4,"y":395},{"__type__":"cc.Vec2","x":-21,"y":459},{"__type__":"cc.Vec2","x":-33.5,"y":726.2},{"__type__":"cc.Vec2","x":-50,"y":726}]},{"__type__":"cc.Sprite","node":{"__id__":1},"_materials":[{"__uuid__":"ecpdLyjvZBwrvm+cedCcQy"}],"_spriteFrame":{"__uuid__":"83EUalS8xAXYUMEMoTxWZz"}},{"__type__":"1100eDGpRlLMYp5CrYQGpcQ","node":{"__id__":1}},{"__type__":"cc.RigidBody","node":{"__id__":1},"_type":0}],"_prefab":{"__type__":"cc.PrefabInfo","root":{"__id__":1},"asset":{"__uuid__":"2fMctGtMZGJaxXJRp+dQdT"},"fileId":"a1NZlmVARPeqq1+SSC/nUZ"},"_contentSize":{"__type__":"cc.Size","width":791,"height":1482},"_trs":{"__type__":"TypedArray","ctor":"Float64Array","array":[0,15.815,0,0,0,0,1,1,1,1]}},{"__type__":"cc.Node","_name":"bulePos_node","_parent":{"__id__":1},"_children":[{"__type__":"cc.Node","_name":"New Node","_parent":{"__id__":2},"_prefab":{"__type__":"cc.PrefabInfo","root":{"__id__":1},"asset":{"__uuid__":"2fMctGtMZGJaxXJRp+dQdT"},"fileId":"d815RMZ1xH/7Ot+zQHL3e0"},"_trs":{"__type__":"TypedArray","ctor":"Float64Array","array":[85.144,480.391,0,0,0,0,1,1,1,1]}}],"_prefab":{"__type__":"cc.PrefabInfo","root":{"__id__":1},"asset":{"__uuid__":"2fMctGtMZGJaxXJRp+dQdT"},"fileId":"11aWIFkPRONZ2AlP1S1VeH"},"_trs":{"__type__":"TypedArray","ctor":"Float64Array","array":[0,0,0,0,0,0,1,1,1,1]}},{"__type__":"cc.Node","_name":"black_node","_parent":{"__id__":1},"_components":[{"__type__":"6c0e8KZwr5L34azTYX21stu","node":{"__id__":3}}],"_prefab":{"__type__":"cc.PrefabInfo","root":{"__id__":1},"asset":{"__uuid__":"2fMctGtMZGJaxXJRp+dQdT"},"fileId":"fcrvZDlwNHpabS4aIFyWxu"},"_trs":{"__type__":"TypedArray","ctor":"Float64Array","array":[0,0,0,0,0,0,1,1,1,1]}},{"__type__":"cc.Node","_name":"zhenNodeTwo","_parent":{"__id__":1},"_children":[{"__id__":5},{"__id__":6},{"__id__":7}],"_prefab":{"__type__":"cc.PrefabInfo","root":{"__id__":1},"asset":{"__uuid__":"2fMctGtMZGJaxXJRp+dQdT"},"fileId":"cfcdivfmZD76VxS86OcEll"},"_trs":{"__type__":"TypedArray","ctor":"Float64Array","array":[360.616,272.474,0,0,0,1,6.123233995736766e-17,1,1,1]},"_eulerAngles":{"__type__":"cc.Vec3","z":180}},{"__type__":"cc.Node","_name":"zhen","_parent":{"__id__":4},"_components":[{"__type__":"cc.Sprite","node":{"__id__":5},"_materials":[{"__uuid__":"ecpdLyjvZBwrvm+cedCcQy"}],"_spriteFrame":{"__uuid__":"14vJwyNH1OspMXFimJtxkW"},"_type":1,"_sizeMode":0},{"__type__":"cc.RigidBody","node":{"__id__":5},"_type":3,"_gravityScale":0,"_fixedRotation":true,"enabledContactListener":true,"bullet":true},{"__type__":"cc.PhysicsPolygonCollider","node":{"__id__":5},"_offset":{"__type__":"cc.Vec2","x":188,"y":4},"points":[{"__type__":"cc.Vec2","x":-319,"y":-58},{"__type__":"cc.Vec2","x":-210,"y":-58},{"__type__":"cc.Vec2","x":-208.7,"y":-26.7},{"__type__":"cc.Vec2","x":-60.5,"y":-25.4},{"__type__":"cc.Vec2","x":-61.3,"y":21},{"__type__":"cc.Vec2","x":-209.3,"y":21.5},{"__type__":"cc.Vec2","x":-207,"y":52},{"__type__":"cc.Vec2","x":-319,"y":51}]},{"__type__":"1cb3eoIRdhJWZayW7A68Y7j","node":{"__id__":5},"applyUpsensor":true}],"_prefab":{"__type__":"cc.PrefabInfo","root":{"__id__":1},"asset":{"__uuid__":"2fMctGtMZGJaxXJRp+dQdT"},"fileId":"a3qw6biyZLdrx+f/nfLI3P"},"_contentSize":{"__type__":"cc.Size","width":259,"height":111},"_trs":{"__type__":"TypedArray","ctor":"Float64Array","array":[0,0,0,0,0,0,1,1,1,1]},"_groupIndex":8,"groupIndex":8},{"__type__":"cc.Node","_name":"zhenup","_parent":{"__id__":4},"_components":[{"__type__":"cc.RigidBody","node":{"__id__":6},"_type":0,"_gravityScale":0,"bullet":true}],"_prefab":{"__type__":"cc.PrefabInfo","root":{"__id__":1},"asset":{"__uuid__":"2fMctGtMZGJaxXJRp+dQdT"},"fileId":"09zLKoVThJ3azKj94zFDLg"},"_trs":{"__type__":"TypedArray","ctor":"Float64Array","array":[0,458.356,0,0,0,0,1,1,1,1]}},{"__type__":"cc.Node","_name":"zhendown","_parent":{"__id__":4},"_components":[{"__type__":"cc.RigidBody","node":{"__id__":7},"_type":0,"_gravityScale":0,"bullet":true}],"_prefab":{"__type__":"cc.PrefabInfo","root":{"__id__":1},"asset":{"__uuid__":"2fMctGtMZGJaxXJRp+dQdT"},"fileId":"80r3GnKAFL959tWO2D2jVt"},"_trs":{"__type__":"TypedArray","ctor":"Float64Array","array":[0,-41,0,0,0,0,1,1,1,1]}},{"__type__":"cc.Node","_name":"xinshou1","_parent":{"__id__":1},"_components":[{"__type__":"cc.Sprite","node":{"__id__":8},"_materials":[{"__uuid__":"ecpdLyjvZBwrvm+cedCcQy"}],"_spriteFrame":{"__uuid__":"1dAZsM1aZFRbHAsnIIdFyX"}}],"_prefab":{"__type__":"cc.PrefabInfo","root":{"__id__":1},"asset":{"__uuid__":"2fMctGtMZGJaxXJRp+dQdT"},"fileId":"c4ciM7pfxJgqJRsvpuDuCo"},"_contentSize":{"__type__":"cc.Size","width":205,"height":257},"_anchorPoint":{"__type__":"cc.Vec2","y":1},"_trs":{"__type__":"TypedArray","ctor":"Float64Array","array":[379.443,291.107,0,0,0,0,1,1,1,1]}},{"__type__":"cc.Node","_name":"tishi","_parent":{"__id__":1},"_components":[{"__type__":"cc.Sprite","node":{"__id__":9},"_materials":[{"__uuid__":"ecpdLyjvZBwrvm+cedCcQy"}],"_spriteFrame":{"__uuid__":"7a/MWosHNOFYQwtJZBvd4v"}}],"_prefab":{"__type__":"cc.PrefabInfo","root":{"__id__":1},"asset":{"__uuid__":"2fMctGtMZGJaxXJRp+dQdT"},"fileId":"f9OZ3zPxNJwoeuob4OuiJn"},"_contentSize":{"__type__":"cc.Size","width":306,"height":101},"_trs":{"__type__":"TypedArray","ctor":"Float64Array","array":[-98.788,117.167,0,0,0,0,1,1,1,1]}}],{"__type__":"cc.SpriteFrame","content":{"name":"movezhenUpDown-en","texture":"86Vr4DCj5AzKvied6O9FSb","rect":[0,0,306,101],"offset":[0,0],"originalSize":[306,101],"capInsets":[0,0,0,0]}},{"__type__":"cc.SpriteFrame","content":{"name":"guanqia10","texture":"65C3c7FV5I34oweK4lcR33","rect":[1,1,791,1482],"offset":[-0.5,0.5],"originalSize":[794,1485],"capInsets":[0,0,0,0]}}]