[{"__type__":"cc.SpriteFrame","content":{"name":"share_btnShare","texture":"bde26i//hLkLj0DNlb7rSb","rect":[0,0,360,113],"offset":[0,0],"originalSize":[360,113],"capInsets":[0,0,0,0]}},{"__type__":"cc.SpriteFrame","content":{"name":"share_frame","texture":"7aekBGN/5O1oPizTpmCaOJ","rect":[0,0,918,1334],"offset":[0,0],"originalSize":[918,1334],"capInsets":[0,0,0,0]}},{"__type__":"cc.SpriteFrame","content":{"name":"share_jinbikuang","texture":"baE9x2qDVNcr3PEWXBVhG6","rect":[0,0,179,70],"offset":[0,0],"originalSize":[179,70],"capInsets":[0,0,0,0]}},[{"__type__":"cc.Prefab","_name":"UISharePanel","data":{"__id__":1}},{"__type__":"cc.Node","_name":"UIRevivePanel","_children":[{"__id__":2},{"__id__":3}],"_components":[{"__type__":"cc.Widget","node":{"__id__":1},"_alignFlags":45}],"_prefab":{"__type__":"cc.PrefabInfo","root":{"__id__":1},"asset":{"__uuid__":"d9DeB+pGVNv7LqKJPy8piJ"},"fileId":"38g4GrXwFIFod+nG+GZELs"},"_contentSize":{"__type__":"cc.Size","width":1080,"height":1920},"_trs":{"__type__":"TypedArray","ctor":"Float64Array","array":[540,960,0,0,0,0,1,1,1,1]}},{"__type__":"cc.Node","_name":"Mask","_parent":{"__id__":1},"_components":[{"__type__":"cc.Sprite","node":{"__id__":2},"_materials":[{"__uuid__":"ecpdLyjvZBwrvm+cedCcQy"}],"_spriteFrame":{"__uuid__":"a2MjXRFdtLlYQ5ouAFv/+R"},"_sizeMode":0},{"__type__":"cc.Widget","node":{"__id__":2},"_alignFlags":45,"_originalWidth":100,"_originalHeight":100},{"__type__":"cc.BlockInputEvents","node":{"__id__":2}}],"_prefab":{"__type__":"cc.PrefabInfo","root":{"__id__":1},"asset":{"__uuid__":"d9DeB+pGVNv7LqKJPy8piJ"},"fileId":"c5QLjwxhNPA5e2LXE18lDx"},"_opacity":120,"_color":{"__type__":"cc.Color"},"_contentSize":{"__type__":"cc.Size","width":1080,"height":1920},"_trs":{"__type__":"TypedArray","ctor":"Float64Array","array":[0,0,0,0,0,0,1,1,1,1]}},{"__type__":"cc.Node","_name":"Panel","_parent":{"__id__":1},"_children":[{"__id__":4},{"__id__":5},{"__id__":7},{"__id__":9}],"_prefab":{"__type__":"cc.PrefabInfo","root":{"__id__":1},"asset":{"__uuid__":"d9DeB+pGVNv7LqKJPy8piJ"},"fileId":"89IXKh0RxK2byfsPIpZlUr"},"_trs":{"__type__":"TypedArray","ctor":"Float64Array","array":[0,0,0,0,0,0,1,1,1,1]}},{"__type__":"cc.Node","_name":"share_frame","_parent":{"__id__":3},"_components":[{"__type__":"cc.Sprite","node":{"__id__":4},"_materials":[{"__uuid__":"ecpdLyjvZBwrvm+cedCcQy"}],"_spriteFrame":{"__uuid__":"b13ffsGa9PV6gxPC4KBziW"}}],"_prefab":{"__type__":"cc.PrefabInfo","root":{"__id__":1},"asset":{"__uuid__":"d9DeB+pGVNv7LqKJPy8piJ"},"fileId":"3cHFe9P7lFs6j3521B0hhU"},"_contentSize":{"__type__":"cc.Size","width":918,"height":1334},"_trs":{"__type__":"TypedArray","ctor":"Float64Array","array":[0,120,0,0,0,0,1,1,1,1]}},{"__type__":"cc.Node","_name":"BtnShare","_parent":{"__id__":3},"_children":[{"__id__":6}],"_components":[{"__type__":"cc.Button","node":{"__id__":5},"_normalMaterial":{"__uuid__":"ecpdLyjvZBwrvm+cedCcQy"},"_N$transition":3,"transition":3,"_N$normalColor":{"__type__":"cc.Color","r":230,"g":230,"b":230},"_N$pressedColor":{"__type__":"cc.Color","r":200,"g":200,"b":200},"pressedColor":{"__type__":"cc.Color","r":200,"g":200,"b":200},"_N$disabledColor":{"__type__":"cc.Color","r":120,"g":120,"b":120,"a":200},"_N$normalSprite":{"__uuid__":"f0BIwQ8D5Ml7nTNQbh1YlS"},"_N$pressedSprite":{"__uuid__":"e97GVMl6JHh5Ml5qEDdSGa"},"pressedSprite":{"__uuid__":"e97GVMl6JHh5Ml5qEDdSGa"},"_N$hoverSprite":{"__uuid__":"f0BIwQ8D5Ml7nTNQbh1YlS"},"hoverSprite":{"__uuid__":"f0BIwQ8D5Ml7nTNQbh1YlS"},"_N$disabledSprite":{"__uuid__":"29FYIk+N1GYaeWH/q1NxQO"},"_N$target":{"__id__":6}}],"_prefab":{"__type__":"cc.PrefabInfo","root":{"__id__":1},"asset":{"__uuid__":"d9DeB+pGVNv7LqKJPy8piJ"},"fileId":"7bhOQV/R5Kpa4rSPZk0vEn"},"_contentSize":{"__type__":"cc.Size","width":360,"height":113},"_trs":{"__type__":"TypedArray","ctor":"Float64Array","array":[0,-368,0,0,0,0,1,1,1,1]}},{"__type__":"cc.Node","_name":"Background","_objFlags":512,"_parent":{"__id__":5},"_components":[{"__type__":"cc.Sprite","node":{"__id__":6},"_materials":[{"__uuid__":"ecpdLyjvZBwrvm+cedCcQy"}],"_spriteFrame":{"__uuid__":"17y/SCOJhJ+opfZGVHXzfa"},"_type":1,"_sizeMode":0},{"__type__":"cc.Widget","node":{"__id__":6},"alignMode":0,"_alignFlags":45,"_originalWidth":100,"_originalHeight":40}],"_prefab":{"__type__":"cc.PrefabInfo","root":{"__id__":1},"asset":{"__uuid__":"d9DeB+pGVNv7LqKJPy8piJ"},"fileId":"f32rrc9GdFtpJEAxElRFba"},"_contentSize":{"__type__":"cc.Size","width":360,"height":113},"_trs":{"__type__":"TypedArray","ctor":"Float64Array","array":[0,0,0,0,0,0,1,1,1,0]}},{"__type__":"cc.Node","_name":"BtnClose","_parent":{"__id__":3},"_children":[{"__id__":8}],"_components":[{"__type__":"cc.Button","node":{"__id__":7},"_normalMaterial":{"__uuid__":"ecpdLyjvZBwrvm+cedCcQy"},"_N$transition":3,"transition":3,"_N$normalColor":{"__type__":"cc.Color","r":230,"g":230,"b":230},"_N$pressedColor":{"__type__":"cc.Color","r":200,"g":200,"b":200},"pressedColor":{"__type__":"cc.Color","r":200,"g":200,"b":200},"_N$disabledColor":{"__type__":"cc.Color","r":120,"g":120,"b":120,"a":200},"_N$normalSprite":{"__uuid__":"f0BIwQ8D5Ml7nTNQbh1YlS"},"_N$pressedSprite":{"__uuid__":"e97GVMl6JHh5Ml5qEDdSGa"},"pressedSprite":{"__uuid__":"e97GVMl6JHh5Ml5qEDdSGa"},"_N$hoverSprite":{"__uuid__":"f0BIwQ8D5Ml7nTNQbh1YlS"},"hoverSprite":{"__uuid__":"f0BIwQ8D5Ml7nTNQbh1YlS"},"_N$disabledSprite":{"__uuid__":"29FYIk+N1GYaeWH/q1NxQO"},"_N$target":{"__id__":8}}],"_prefab":{"__type__":"cc.PrefabInfo","root":{"__id__":1},"asset":{"__uuid__":"d9DeB+pGVNv7LqKJPy8piJ"},"fileId":"0eg00KxaRG8b1PN4o/6dtO"},"_contentSize":{"__type__":"cc.Size","width":70,"height":70},"_trs":{"__type__":"TypedArray","ctor":"Float64Array","array":[372.415,301.08,0,0,0,0,1,1,1,1]}},{"__type__":"cc.Node","_name":"Background","_objFlags":512,"_parent":{"__id__":7},"_components":[{"__type__":"cc.Sprite","node":{"__id__":8},"_materials":[{"__uuid__":"ecpdLyjvZBwrvm+cedCcQy"}],"_spriteFrame":{"__uuid__":"eeCCRsFiJGkb7MbtHR4Uip"},"_type":1,"_sizeMode":0},{"__type__":"cc.Widget","node":{"__id__":8},"alignMode":0,"_alignFlags":45,"_originalWidth":100,"_originalHeight":40}],"_prefab":{"__type__":"cc.PrefabInfo","root":{"__id__":1},"asset":{"__uuid__":"d9DeB+pGVNv7LqKJPy8piJ"},"fileId":"f2VmS0fytJubdImnpLVynp"},"_contentSize":{"__type__":"cc.Size","width":70,"height":70},"_trs":{"__type__":"TypedArray","ctor":"Float64Array","array":[0,0,0,0,0,0,1,1,1,0]}},{"__type__":"cc.Node","_name":"share_jinbikuang","_parent":{"__id__":3},"_children":[{"__id__":10},{"__id__":11}],"_components":[{"__type__":"cc.Sprite","node":{"__id__":9},"_materials":[{"__uuid__":"ecpdLyjvZBwrvm+cedCcQy"}],"_spriteFrame":{"__uuid__":"c5KzKSvutMgY9KbxM5NML2"}}],"_prefab":{"__type__":"cc.PrefabInfo","root":{"__id__":1},"asset":{"__uuid__":"d9DeB+pGVNv7LqKJPy8piJ"},"fileId":"794VuLOapMxqWlHq8g7kZP"},"_contentSize":{"__type__":"cc.Size","width":179,"height":70},"_trs":{"__type__":"TypedArray","ctor":"Float64Array","array":[108.549,-290.003,0,0,0,0,1,1,1,1]}},{"__type__":"cc.Node","_name":"image_hbzs","_objFlags":512,"_parent":{"__id__":9},"_components":[{"__type__":"cc.Sprite","node":{"__id__":10},"_materials":[{"__uuid__":"ecpdLyjvZBwrvm+cedCcQy"}],"_spriteFrame":{"__uuid__":"56mhXMF3hA+aZ2Eeu7DSBw"}}],"_prefab":{"__type__":"cc.PrefabInfo","root":{"__id__":1},"asset":{"__uuid__":"d9DeB+pGVNv7LqKJPy8piJ"},"fileId":"22GtwS7fZAbLv3La+wPOyz"},"_contentSize":{"__type__":"cc.Size","width":48,"height":51},"_trs":{"__type__":"TypedArray","ctor":"Float64Array","array":[-43.299,7.444,0,0,0,0,1,1,1,1]}},{"__type__":"cc.Node","_name":"label","_objFlags":512,"_parent":{"__id__":9},"_components":[{"__type__":"cc.Label","node":{"__id__":11},"_materials":[{"__uuid__":"ecpdLyjvZBwrvm+cedCcQy"}],"_useOriginalSize":false,"_string":"+200","_N$string":"+200","_fontSize":35,"_lineHeight":35,"_styleFlags":3,"_N$horizontalAlign":1,"_N$verticalAlign":1},{"__type__":"cc.LabelOutline","node":{"__id__":11},"_color":{"__type__":"cc.Color"},"_width":2}],"_prefab":{"__type__":"cc.PrefabInfo","root":{"__id__":1},"asset":{"__uuid__":"d9DeB+pGVNv7LqKJPy8piJ"},"fileId":"c9XKsxJeZAkpjdew6UajII"},"_contentSize":{"__type__":"cc.Size","width":90.27947964969616,"height":48.1},"_trs":{"__type__":"TypedArray","ctor":"Float64Array","array":[25,11.646,0,0,0,0,1,1,1,1]}}],{"__type__":"cc.SpriteFrame","content":{"name":"share_btnClose","texture":"7bmuBjpChIkLVK28vmaK1C","rect":[0,0,70,70],"offset":[0,0],"originalSize":[70,70],"capInsets":[0,0,0,0]}}]