[[{"__type__":"cc.Prefab","_name":"UIDerived20","data":{"__id__":1}},{"__type__":"cc.Node","_name":"UIDerived22","_children":[{"__type__":"cc.Node","_name":"player","_parent":{"__id__":1},"_prefab":{"__type__":"cc.PrefabInfo","root":{"__id__":1},"asset":{"__uuid__":"72rvIAu81FbJrrtc8Svyy4"},"fileId":"4bE2UNRCdO34sEDEgMPxu9"},"_contentSize":{"__type__":"cc.Size","width":240,"height":140},"_trs":{"__type__":"TypedArray","ctor":"Float64Array","array":[-177.738,-600.349,0,0,0,0,1,0.7,0.7,0.7]}},{"__type__":"cc.Node","_name":"greenPos_node","_parent":{"__id__":1},"_prefab":{"__type__":"cc.PrefabInfo","root":{"__id__":1},"asset":{"__uuid__":"72rvIAu81FbJrrtc8Svyy4"},"fileId":"b6/5x7yiFDlp8OR11H7oXM"},"_trs":{"__type__":"TypedArray","ctor":"Float64Array","array":[0,0,0,0,0,0,1,1,1,1]}},{"__type__":"cc.Node","_name":"redPos_node","_parent":{"__id__":1},"_prefab":{"__type__":"cc.PrefabInfo","root":{"__id__":1},"asset":{"__uuid__":"72rvIAu81FbJrrtc8Svyy4"},"fileId":"10174OZfBDTKUmupNqLF+Q"},"_trs":{"__type__":"TypedArray","ctor":"Float64Array","array":[0,0,0,0,0,0,1,1,1,1]}},{"__id__":2},{"__id__":3},{"__id__":4},{"__type__":"cc.Node","_name":"redwater_node","_parent":{"__id__":1},"_prefab":{"__type__":"cc.PrefabInfo","root":{"__id__":1},"asset":{"__uuid__":"72rvIAu81FbJrrtc8Svyy4"},"fileId":"64YgC3iHxEFJktRVFP68ds"},"_trs":{"__type__":"TypedArray","ctor":"Float64Array","array":[0,0,0,0,0,0,1,1,1,1]}},{"__type__":"cc.Node","_name":"greenwater_node","_parent":{"__id__":1},"_prefab":{"__type__":"cc.PrefabInfo","root":{"__id__":1},"asset":{"__uuid__":"72rvIAu81FbJrrtc8Svyy4"},"fileId":"a9d3IEGe1CrozqLk3zscmQ"},"_trs":{"__type__":"TypedArray","ctor":"Float64Array","array":[0,0,0,0,0,0,1,1,1,1]}},{"__type__":"cc.Node","_name":"bule_node","_parent":{"__id__":1},"_prefab":{"__type__":"cc.PrefabInfo","root":{"__id__":1},"asset":{"__uuid__":"72rvIAu81FbJrrtc8Svyy4"},"fileId":"41g6OihkFM57Wuu+AbDcHr"},"_trs":{"__type__":"TypedArray","ctor":"Float64Array","array":[0,0,0,0,0,0,1,1,1,1]}},{"__id__":5},{"__id__":8},{"__id__":11}],"_components":[{"__type__":"cc.Sprite","node":{"__id__":1},"_materials":[{"__uuid__":"ecpdLyjvZBwrvm+cedCcQy"}],"_spriteFrame":{"__uuid__":"74nNVdF11MH5wbC6uxWOa8"}},{"__type__":"cc.RigidBody","node":{"__id__":1},"_type":0},{"__type__":"cc.PhysicsPolygonCollider","node":{"__id__":1},"points":[{"__type__":"cc.Vec2","x":-493,"y":-759},{"__type__":"cc.Vec2","x":469,"y":-754},{"__type__":"cc.Vec2","x":503,"y":902},{"__type__":"cc.Vec2","x":-244,"y":707},{"__type__":"cc.Vec2","x":246,"y":705},{"__type__":"cc.Vec2","x":244,"y":469},{"__type__":"cc.Vec2","x":80,"y":417},{"__type__":"cc.Vec2","x":46,"y":387},{"__type__":"cc.Vec2","x":39,"y":337},{"__type__":"cc.Vec2","x":67,"y":293},{"__type__":"cc.Vec2","x":142,"y":250},{"__type__":"cc.Vec2","x":236,"y":241},{"__type__":"cc.Vec2","x":320,"y":241},{"__type__":"cc.Vec2","x":390,"y":222},{"__type__":"cc.Vec2","x":425,"y":159},{"__type__":"cc.Vec2","x":431,"y":93},{"__type__":"cc.Vec2","x":378,"y":29},{"__type__":"cc.Vec2","x":253,"y":-21},{"__type__":"cc.Vec2","x":-303.1,"y":-39.8},{"__type__":"cc.Vec2","x":-315.2,"y":-58.8},{"__type__":"cc.Vec2","x":-306.6,"y":-93},{"__type__":"cc.Vec2","x":-266.2,"y":-113.2},{"__type__":"cc.Vec2","x":-174.2,"y":-112.8},{"__type__":"cc.Vec2","x":197,"y":-148},{"__type__":"cc.Vec2","x":327,"y":-189},{"__type__":"cc.Vec2","x":389,"y":-242},{"__type__":"cc.Vec2","x":404,"y":-309},{"__type__":"cc.Vec2","x":367,"y":-388},{"__type__":"cc.Vec2","x":248,"y":-466},{"__type__":"cc.Vec2","x":100,"y":-501},{"__type__":"cc.Vec2","x":-1,"y":-502},{"__type__":"cc.Vec2","x":-51,"y":-633},{"__type__":"cc.Vec2","x":-104,"y":-693},{"__type__":"cc.Vec2","x":-193,"y":-706},{"__type__":"cc.Vec2","x":-294,"y":-677},{"__type__":"cc.Vec2","x":-332,"y":-610},{"__type__":"cc.Vec2","x":-334,"y":-517},{"__type__":"cc.Vec2","x":-289,"y":-456},{"__type__":"cc.Vec2","x":-147,"y":-407},{"__type__":"cc.Vec2","x":12,"y":-396},{"__type__":"cc.Vec2","x":178,"y":-399},{"__type__":"cc.Vec2","x":238,"y":-370},{"__type__":"cc.Vec2","x":268,"y":-327},{"__type__":"cc.Vec2","x":251,"y":-275},{"__type__":"cc.Vec2","x":169,"y":-242},{"__type__":"cc.Vec2","x":-219,"y":-246},{"__type__":"cc.Vec2","x":-338,"y":-208},{"__type__":"cc.Vec2","x":-407,"y":-150},{"__type__":"cc.Vec2","x":-430,"y":-81},{"__type__":"cc.Vec2","x":-419,"y":-17},{"__type__":"cc.Vec2","x":-356,"y":49},{"__type__":"cc.Vec2","x":-246,"y":85},{"__type__":"cc.Vec2","x":294.2,"y":74.6},{"__type__":"cc.Vec2","x":324,"y":100},{"__type__":"cc.Vec2","x":325,"y":131},{"__type__":"cc.Vec2","x":303,"y":149.4},{"__type__":"cc.Vec2","x":260,"y":154.4},{"__type__":"cc.Vec2","x":128.8,"y":163.2},{"__type__":"cc.Vec2","x":45,"y":187},{"__type__":"cc.Vec2","x":-36,"y":236},{"__type__":"cc.Vec2","x":-59,"y":311},{"__type__":"cc.Vec2","x":-56,"y":382},{"__type__":"cc.Vec2","x":-69,"y":410},{"__type__":"cc.Vec2","x":-248,"y":461},{"__type__":"cc.Vec2","x":-248,"y":705},{"__type__":"cc.Vec2","x":502,"y":900},{"__type__":"cc.Vec2","x":-499,"y":900}]},{"__type__":"1100eDGpRlLMYp5CrYQGpcQ","node":{"__id__":1}}],"_prefab":{"__type__":"cc.PrefabInfo","root":{"__id__":1},"asset":{"__uuid__":"72rvIAu81FbJrrtc8Svyy4"},"fileId":"1c0ay7tlZKnbTSHmy3iobu"},"_contentSize":{"__type__":"cc.Size","width":948,"height":1498},"_trs":{"__type__":"TypedArray","ctor":"Float64Array","array":[0,0,0,0,0,0,1,1,1,1]}},{"__type__":"cc.Node","_name":"bulePos_node","_parent":{"__id__":1},"_children":[{"__type__":"cc.Node","_name":"New Node","_parent":{"__id__":2},"_prefab":{"__type__":"cc.PrefabInfo","root":{"__id__":1},"asset":{"__uuid__":"72rvIAu81FbJrrtc8Svyy4"},"fileId":"481o+2FV1OS7Z2Q9TYWtS4"},"_trs":{"__type__":"TypedArray","ctor":"Float64Array","array":[0.789,522.007,0,0,0,0,1,1,1,1]}}],"_prefab":{"__type__":"cc.PrefabInfo","root":{"__id__":1},"asset":{"__uuid__":"72rvIAu81FbJrrtc8Svyy4"},"fileId":"23WJCOBqFOaIVTHIiJ0Il1"},"_trs":{"__type__":"TypedArray","ctor":"Float64Array","array":[0,0,0,0,0,0,1,1,1,1]}},{"__type__":"cc.Node","_name":"gray_node","_parent":{"__id__":1},"_components":[{"__type__":"3400dF2d2tHLK8+En9baGXY","node":{"__id__":3},"grey_prefab":{"__uuid__":"13FEeEL1NMaK5TFGpFQpJr"}}],"_prefab":{"__type__":"cc.PrefabInfo","root":{"__id__":1},"asset":{"__uuid__":"72rvIAu81FbJrrtc8Svyy4"},"fileId":"1cWy2GgPxJZadJwCqqJD4e"},"_trs":{"__type__":"TypedArray","ctor":"Float64Array","array":[0,0,0,0,0,0,1,1,1,1]}},{"__type__":"cc.Node","_name":"black_node","_parent":{"__id__":1},"_components":[{"__type__":"6c0e8KZwr5L34azTYX21stu","node":{"__id__":4}}],"_prefab":{"__type__":"cc.PrefabInfo","root":{"__id__":1},"asset":{"__uuid__":"72rvIAu81FbJrrtc8Svyy4"},"fileId":"4bwvqwbFlPsI6vay7xk+iH"},"_trs":{"__type__":"TypedArray","ctor":"Float64Array","array":[0,0,0,0,0,0,1,1,1,1]}},{"__type__":"cc.Node","_name":"MoveProp","_parent":{"__id__":1},"_children":[{"__id__":6},{"__id__":7}],"_prefab":{"__type__":"cc.PrefabInfo","root":{"__id__":1},"asset":{"__uuid__":"72rvIAu81FbJrrtc8Svyy4"},"fileId":"58tRTc4DhPwoWi3mUBpIp6"},"_trs":{"__type__":"TypedArray","ctor":"Float64Array","array":[0,347.897,0,0,0,0,1,1,1,1]}},{"__type__":"cc.Node","_name":"Bar","_parent":{"__id__":5},"_components":[{"__type__":"cc.Sprite","node":{"__id__":6},"_materials":[{"__uuid__":"ecpdLyjvZBwrvm+cedCcQy"}],"_spriteFrame":{"__uuid__":"36nyDwRspBQpKV3/57IicC"}},{"__type__":"cc.RigidBody","node":{"__id__":6},"_type":0},{"__type__":"cc.PhysicsPolygonCollider","node":{"__id__":6},"points":[{"__type__":"cc.Vec2","x":-114.4,"y":-31.1},{"__type__":"cc.Vec2","x":116,"y":-31.3},{"__type__":"cc.Vec2","x":115.1,"y":31.8},{"__type__":"cc.Vec2","x":-114.2,"y":31.3}]},{"__type__":"8a64bLvzRlHBakXZIa7SBbN","node":{"__id__":6}}],"_prefab":{"__type__":"cc.PrefabInfo","root":{"__id__":1},"asset":{"__uuid__":"72rvIAu81FbJrrtc8Svyy4"},"fileId":"79PgQ6fLVDIqbMXS1Rr/zJ"},"_contentSize":{"__type__":"cc.Size","width":230,"height":65},"_trs":{"__type__":"TypedArray","ctor":"Float64Array","array":[0,0,0,0,0,0,1,1,1,1]}},{"__type__":"cc.Node","_name":"BarBG","_parent":{"__id__":5},"_components":[{"__type__":"cc.Sprite","node":{"__id__":7},"_materials":[{"__uuid__":"ecpdLyjvZBwrvm+cedCcQy"}],"_spriteFrame":{"__uuid__":"d8hqEurO5O3r/JLAsbxS//"}}],"_prefab":{"__type__":"cc.PrefabInfo","root":{"__id__":1},"asset":{"__uuid__":"72rvIAu81FbJrrtc8Svyy4"},"fileId":"baKDZg8DJIH5yEmt71qN9c"},"_contentSize":{"__type__":"cc.Size","width":427,"height":66},"_trs":{"__type__":"TypedArray","ctor":"Float64Array","array":[-87,0,0,0,0,0,1,1,1,1]}},{"__type__":"cc.Node","_name":"MoveProp","_parent":{"__id__":1},"_children":[{"__id__":9},{"__id__":10}],"_prefab":{"__type__":"cc.PrefabInfo","root":{"__id__":1},"asset":{"__uuid__":"72rvIAu81FbJrrtc8Svyy4"},"fileId":"afhWZ8LGRHz6ol598ipt7I"},"_trs":{"__type__":"TypedArray","ctor":"Float64Array","array":[214.598,198.612,0,0,0,0.7071067811865475,0.7071067811865476,1,1,1]},"_eulerAngles":{"__type__":"cc.Vec3","z":90}},{"__type__":"cc.Node","_name":"Bar","_parent":{"__id__":8},"_components":[{"__type__":"cc.Sprite","node":{"__id__":9},"_materials":[{"__uuid__":"ecpdLyjvZBwrvm+cedCcQy"}],"_spriteFrame":{"__uuid__":"36nyDwRspBQpKV3/57IicC"}},{"__type__":"cc.RigidBody","node":{"__id__":9},"_type":0},{"__type__":"cc.PhysicsPolygonCollider","node":{"__id__":9},"points":[{"__type__":"cc.Vec2","x":-114.4,"y":-31.1},{"__type__":"cc.Vec2","x":116,"y":-31.3},{"__type__":"cc.Vec2","x":115.1,"y":31.8},{"__type__":"cc.Vec2","x":-114.2,"y":31.3}]},{"__type__":"8a64bLvzRlHBakXZIa7SBbN","node":{"__id__":9}}],"_prefab":{"__type__":"cc.PrefabInfo","root":{"__id__":1},"asset":{"__uuid__":"72rvIAu81FbJrrtc8Svyy4"},"fileId":"13jyr6nbRL1ZUn4tjmEgVQ"},"_contentSize":{"__type__":"cc.Size","width":230,"height":65},"_trs":{"__type__":"TypedArray","ctor":"Float64Array","array":[0,0,0,0,0,0,1,1,1,1]}},{"__type__":"cc.Node","_name":"BarBG","_parent":{"__id__":8},"_components":[{"__type__":"cc.Sprite","node":{"__id__":10},"_materials":[{"__uuid__":"ecpdLyjvZBwrvm+cedCcQy"}],"_spriteFrame":{"__uuid__":"d8hqEurO5O3r/JLAsbxS//"}}],"_prefab":{"__type__":"cc.PrefabInfo","root":{"__id__":1},"asset":{"__uuid__":"72rvIAu81FbJrrtc8Svyy4"},"fileId":"c9eD8uHWZNcKX3yf8jVvPU"},"_contentSize":{"__type__":"cc.Size","width":427,"height":66},"_trs":{"__type__":"TypedArray","ctor":"Float64Array","array":[-87,0,0,0,0,0,1,1,1,1]}},{"__type__":"cc.Node","_name":"MoveProp","_parent":{"__id__":1},"_children":[{"__id__":12},{"__id__":13}],"_prefab":{"__type__":"cc.PrefabInfo","root":{"__id__":1},"asset":{"__uuid__":"72rvIAu81FbJrrtc8Svyy4"},"fileId":"90yOaX1IpONYI8B09pP+E5"},"_trs":{"__type__":"TypedArray","ctor":"Float64Array","array":[-195.402,8.612,0,0,0,0.7071067811865475,0.7071067811865476,1,1,1]},"_eulerAngles":{"__type__":"cc.Vec3","z":90}},{"__type__":"cc.Node","_name":"Bar","_parent":{"__id__":11},"_components":[{"__type__":"cc.Sprite","node":{"__id__":12},"_materials":[{"__uuid__":"ecpdLyjvZBwrvm+cedCcQy"}],"_spriteFrame":{"__uuid__":"36nyDwRspBQpKV3/57IicC"}},{"__type__":"cc.RigidBody","node":{"__id__":12},"_type":0},{"__type__":"cc.PhysicsPolygonCollider","node":{"__id__":12},"points":[{"__type__":"cc.Vec2","x":-114.4,"y":-31.1},{"__type__":"cc.Vec2","x":116,"y":-31.3},{"__type__":"cc.Vec2","x":115.1,"y":31.8},{"__type__":"cc.Vec2","x":-114.2,"y":31.3}]},{"__type__":"8a64bLvzRlHBakXZIa7SBbN","node":{"__id__":12}}],"_prefab":{"__type__":"cc.PrefabInfo","root":{"__id__":1},"asset":{"__uuid__":"72rvIAu81FbJrrtc8Svyy4"},"fileId":"b2KN1efeFJ8rP7f9TwUYUU"},"_contentSize":{"__type__":"cc.Size","width":230,"height":65},"_trs":{"__type__":"TypedArray","ctor":"Float64Array","array":[0,0,0,0,0,0,1,1,1,1]}},{"__type__":"cc.Node","_name":"BarBG","_parent":{"__id__":11},"_components":[{"__type__":"cc.Sprite","node":{"__id__":13},"_materials":[{"__uuid__":"ecpdLyjvZBwrvm+cedCcQy"}],"_spriteFrame":{"__uuid__":"d8hqEurO5O3r/JLAsbxS//"}}],"_prefab":{"__type__":"cc.PrefabInfo","root":{"__id__":1},"asset":{"__uuid__":"72rvIAu81FbJrrtc8Svyy4"},"fileId":"f4FFo4TvRN8KtAr2kewLkK"},"_contentSize":{"__type__":"cc.Size","width":427,"height":66},"_trs":{"__type__":"TypedArray","ctor":"Float64Array","array":[-87,0,0,0,0,0,1,1,1,1]}}],{"__type__":"cc.SpriteFrame","content":{"name":"guanqia31","texture":"b4X/3gfJtDepBuL2n9/JlF","rect":[1,1,946,1498],"offset":[-0.5,0],"originalSize":[949,1500],"capInsets":[0,0,0,0]}}]