[{"__type__":"cc.SpriteFrame","content":{"name":"guanqia103","texture":"fcufMH1/FJD4Ch565cXt7u","rect":[1,1,1016,1710],"offset":[0.5,-0.5],"originalSize":[1017,1711],"capInsets":[0,0,0,0]}},[{"__type__":"cc.Prefab","_name":"UIDerived52","data":{"__id__":1}},{"__type__":"cc.Node","_name":"UIDerived83","_children":[{"__type__":"cc.Node","_name":"bule_node","_parent":{"__id__":1},"_prefab":{"__type__":"cc.PrefabInfo","root":{"__id__":1},"asset":{"__uuid__":"c3qVcuUQ1DoIzHaAIJ10Xs"},"fileId":"7bawtaJOBLOIvU/CZTgAZI"},"_trs":{"__type__":"TypedArray","ctor":"Float64Array","array":[0,0,0,0,0,0,1,1,1,1]}},{"__type__":"cc.Node","_name":"greenwater_node","_parent":{"__id__":1},"_prefab":{"__type__":"cc.PrefabInfo","root":{"__id__":1},"asset":{"__uuid__":"c3qVcuUQ1DoIzHaAIJ10Xs"},"fileId":"c3GG7TryxJwpR3Ba5q26Sd"},"_trs":{"__type__":"TypedArray","ctor":"Float64Array","array":[0,0,0,0,0,0,1,1,1,1]}},{"__type__":"cc.Node","_name":"redwater_node","_parent":{"__id__":1},"_prefab":{"__type__":"cc.PrefabInfo","root":{"__id__":1},"asset":{"__uuid__":"c3qVcuUQ1DoIzHaAIJ10Xs"},"fileId":"57Z5fahktGRp+liLAr3Jkn"},"_trs":{"__type__":"TypedArray","ctor":"Float64Array","array":[0,0,0,0,0,0,1,1,1,1]}},{"__id__":2},{"__id__":3},{"__id__":4},{"__type__":"cc.Node","_name":"redPos_node","_parent":{"__id__":1},"_prefab":{"__type__":"cc.PrefabInfo","root":{"__id__":1},"asset":{"__uuid__":"c3qVcuUQ1DoIzHaAIJ10Xs"},"fileId":"cc89c0b1dAAIP5hjdky+J2"},"_trs":{"__type__":"TypedArray","ctor":"Float64Array","array":[0,0,0,0,0,0,1,1,1,1]}},{"__type__":"cc.Node","_name":"greenPos_node","_parent":{"__id__":1},"_prefab":{"__type__":"cc.PrefabInfo","root":{"__id__":1},"asset":{"__uuid__":"c3qVcuUQ1DoIzHaAIJ10Xs"},"fileId":"a8ig99Z7RP6L3m1b+5lxx8"},"_trs":{"__type__":"TypedArray","ctor":"Float64Array","array":[0,0,0,0,0,0,1,1,1,1]}},{"__id__":5},{"__id__":7},{"__id__":11},{"__id__":15},{"__type__":"cc.Node","_name":"player","_parent":{"__id__":1},"_prefab":{"__type__":"cc.PrefabInfo","root":{"__id__":1},"asset":{"__uuid__":"c3qVcuUQ1DoIzHaAIJ10Xs"},"fileId":"28s87UWNtEwq0NxdNkBYal"},"_trs":{"__type__":"TypedArray","ctor":"Float64Array","array":[-341.138,-705.824,0,0,0,0,1,-0.7,0.7,1]}}],"_components":[{"__type__":"cc.Sprite","node":{"__id__":1},"_materials":[{"__uuid__":"ecpdLyjvZBwrvm+cedCcQy"}],"_spriteFrame":{"__uuid__":"2bY5jGt7ZBqrlVHGzz3kei"}},{"__type__":"1100eDGpRlLMYp5CrYQGpcQ","node":{"__id__":1}},{"__type__":"cc.RigidBody","node":{"__id__":1},"_type":0},{"__type__":"cc.PhysicsPolygonCollider","node":{"__id__":1},"_friction":0,"_offset":{"__type__":"cc.Vec2","x":-2,"y":15},"points":[{"__type__":"cc.Vec2","x":-507,"y":-874},{"__type__":"cc.Vec2","x":1950,"y":-1511},{"__type__":"cc.Vec2","x":1658,"y":-498},{"__type__":"cc.Vec2","x":507,"y":840},{"__type__":"cc.Vec2","x":-136,"y":839},{"__type__":"cc.Vec2","x":-139.3,"y":799.5},{"__type__":"cc.Vec2","x":91,"y":799},{"__type__":"cc.Vec2","x":90.1,"y":625.5},{"__type__":"cc.Vec2","x":25,"y":564},{"__type__":"cc.Vec2","x":32,"y":479},{"__type__":"cc.Vec2","x":207,"y":472},{"__type__":"cc.Vec2","x":349,"y":448},{"__type__":"cc.Vec2","x":402,"y":428},{"__type__":"cc.Vec2","x":411,"y":406},{"__type__":"cc.Vec2","x":348,"y":98},{"__type__":"cc.Vec2","x":355,"y":-19},{"__type__":"cc.Vec2","x":-162,"y":-72},{"__type__":"cc.Vec2","x":-129,"y":-194},{"__type__":"cc.Vec2","x":-91,"y":-231},{"__type__":"cc.Vec2","x":417,"y":-325},{"__type__":"cc.Vec2","x":399,"y":-417},{"__type__":"cc.Vec2","x":389.4,"y":-473.8},{"__type__":"cc.Vec2","x":370,"y":-507.4},{"__type__":"cc.Vec2","x":332.7,"y":-539.4},{"__type__":"cc.Vec2","x":302.8,"y":-554.8},{"__type__":"cc.Vec2","x":293.5,"y":-566.6},{"__type__":"cc.Vec2","x":305.4,"y":-578.8},{"__type__":"cc.Vec2","x":1551,"y":-590},{"__type__":"cc.Vec2","x":1651,"y":-1304},{"__type__":"cc.Vec2","x":503,"y":-716},{"__type__":"cc.Vec2","x":197,"y":-662},{"__type__":"cc.Vec2","x":99,"y":-676},{"__type__":"cc.Vec2","x":-61,"y":-679},{"__type__":"cc.Vec2","x":-162,"y":-669},{"__type__":"cc.Vec2","x":-163,"y":-723},{"__type__":"cc.Vec2","x":-180,"y":-771},{"__type__":"cc.Vec2","x":-223,"y":-812},{"__type__":"cc.Vec2","x":-295,"y":-828},{"__type__":"cc.Vec2","x":-365,"y":-821},{"__type__":"cc.Vec2","x":-411,"y":-801},{"__type__":"cc.Vec2","x":-441,"y":-774},{"__type__":"cc.Vec2","x":-455,"y":-748},{"__type__":"cc.Vec2","x":-467,"y":-604},{"__type__":"cc.Vec2","x":-451,"y":-581},{"__type__":"cc.Vec2","x":-387,"y":-550},{"__type__":"cc.Vec2","x":-263,"y":-540},{"__type__":"cc.Vec2","x":-250,"y":-528},{"__type__":"cc.Vec2","x":-324,"y":-491},{"__type__":"cc.Vec2","x":-379,"y":-445},{"__type__":"cc.Vec2","x":-417,"y":-389},{"__type__":"cc.Vec2","x":-438,"y":-321},{"__type__":"cc.Vec2","x":-441,"y":-226},{"__type__":"cc.Vec2","x":-411,"y":-128},{"__type__":"cc.Vec2","x":-350,"y":-76},{"__type__":"cc.Vec2","x":-301,"y":-56},{"__type__":"cc.Vec2","x":-288,"y":-45},{"__type__":"cc.Vec2","x":-284,"y":-30},{"__type__":"cc.Vec2","x":-305,"y":9},{"__type__":"cc.Vec2","x":-323,"y":79},{"__type__":"cc.Vec2","x":-341,"y":216},{"__type__":"cc.Vec2","x":291,"y":285},{"__type__":"cc.Vec2","x":315.1,"y":300.1},{"__type__":"cc.Vec2","x":328.5,"y":327.2},{"__type__":"cc.Vec2","x":327.6,"y":350.2},{"__type__":"cc.Vec2","x":319,"y":369},{"__type__":"cc.Vec2","x":293,"y":389},{"__type__":"cc.Vec2","x":228,"y":400},{"__type__":"cc.Vec2","x":72,"y":409},{"__type__":"cc.Vec2","x":-2,"y":417},{"__type__":"cc.Vec2","x":-37,"y":430},{"__type__":"cc.Vec2","x":-66,"y":451},{"__type__":"cc.Vec2","x":-80,"y":482},{"__type__":"cc.Vec2","x":-81,"y":563},{"__type__":"cc.Vec2","x":-142,"y":619},{"__type__":"cc.Vec2","x":-142,"y":839},{"__type__":"cc.Vec2","x":-504,"y":840}]},{"__type__":"cc.PhysicsPolygonCollider","node":{"__id__":1},"_friction":0,"_offset":{"__type__":"cc.Vec2","x":-148.9,"y":54.2},"points":[{"__type__":"cc.Vec2","x":-37.4,"y":0.5},{"__type__":"cc.Vec2","x":23.1,"y":-20.4},{"__type__":"cc.Vec2","x":98.4,"y":-25.3},{"__type__":"cc.Vec2","x":289.9,"y":2.2},{"__type__":"cc.Vec2","x":391.5,"y":37.9},{"__type__":"cc.Vec2","x":422.6,"y":61.4},{"__type__":"cc.Vec2","x":432.1,"y":78},{"__type__":"cc.Vec2","x":429.9,"y":93},{"__type__":"cc.Vec2","x":412.7,"y":102.7},{"__type__":"cc.Vec2","x":346.4,"y":115.4},{"__type__":"cc.Vec2","x":243.2,"y":119.7},{"__type__":"cc.Vec2","x":106.9,"y":104.2},{"__type__":"cc.Vec2","x":-37.4,"y":60.8},{"__type__":"cc.Vec2","x":-51.6,"y":44.4},{"__type__":"cc.Vec2","x":-52.8,"y":19.7}]},{"__type__":"cc.PhysicsPolygonCollider","node":{"__id__":1},"_friction":0,"_offset":{"__type__":"cc.Vec2","x":-238,"y":-262},"points":[{"__type__":"cc.Vec2","x":-76,"y":10},{"__type__":"cc.Vec2","x":-86,"y":-30},{"__type__":"cc.Vec2","x":-75,"y":-76},{"__type__":"cc.Vec2","x":-42,"y":-123},{"__type__":"cc.Vec2","x":18,"y":-171},{"__type__":"cc.Vec2","x":130,"y":-216},{"__type__":"cc.Vec2","x":260,"y":-244},{"__type__":"cc.Vec2","x":376,"y":-246},{"__type__":"cc.Vec2","x":473,"y":-207.8},{"__type__":"cc.Vec2","x":520,"y":-149.6},{"__type__":"cc.Vec2","x":516.4,"y":-135.8},{"__type__":"cc.Vec2","x":437,"y":-130},{"__type__":"cc.Vec2","x":279.3,"y":-111.3},{"__type__":"cc.Vec2","x":147.5,"y":-76.2},{"__type__":"cc.Vec2","x":32.7,"y":-26},{"__type__":"cc.Vec2","x":-19.5,"y":23.7},{"__type__":"cc.Vec2","x":-36.9,"y":48.8},{"__type__":"cc.Vec2","x":-44.4,"y":51.5},{"__type__":"cc.Vec2","x":-56.8,"y":47.4}]}],"_prefab":{"__type__":"cc.PrefabInfo","root":{"__id__":1},"asset":{"__uuid__":"c3qVcuUQ1DoIzHaAIJ10Xs"},"fileId":"a55ozDU7tIR4x3OmkA5KX7"},"_contentSize":{"__type__":"cc.Size","width":1016,"height":1710},"_trs":{"__type__":"TypedArray","ctor":"Float64Array","array":[50,0,0,0,0,0,1,1,1,1]}},{"__type__":"cc.Node","_name":"black_node","_parent":{"__id__":1},"_components":[{"__type__":"6c0e8KZwr5L34azTYX21stu","node":{"__id__":2}}],"_prefab":{"__type__":"cc.PrefabInfo","root":{"__id__":1},"asset":{"__uuid__":"c3qVcuUQ1DoIzHaAIJ10Xs"},"fileId":"72tCwce/ZG1aNbGo5A55gF"},"_trs":{"__type__":"TypedArray","ctor":"Float64Array","array":[0,0,0,0,0,0,1,1,1,1]}},{"__type__":"cc.Node","_name":"gray_node","_parent":{"__id__":1},"_components":[{"__type__":"3400dF2d2tHLK8+En9baGXY","node":{"__id__":3},"grey_prefab":{"__uuid__":"13FEeEL1NMaK5TFGpFQpJr"}}],"_prefab":{"__type__":"cc.PrefabInfo","root":{"__id__":1},"asset":{"__uuid__":"c3qVcuUQ1DoIzHaAIJ10Xs"},"fileId":"d5iAGqp5tGC5VAzGn0XamH"},"_trs":{"__type__":"TypedArray","ctor":"Float64Array","array":[0,0,0,0,0,0,1,1,1,1]}},{"__type__":"cc.Node","_name":"bulePos_node","_parent":{"__id__":1},"_children":[{"__type__":"cc.Node","_name":"New Node","_parent":{"__id__":4},"_prefab":{"__type__":"cc.PrefabInfo","root":{"__id__":1},"asset":{"__uuid__":"c3qVcuUQ1DoIzHaAIJ10Xs"},"fileId":"88AayWnJBO3J3rZgev3ELi"},"_trs":{"__type__":"TypedArray","ctor":"Float64Array","array":[-20.529,666.106,0,0,0,0,1,1,1,1]}}],"_prefab":{"__type__":"cc.PrefabInfo","root":{"__id__":1},"asset":{"__uuid__":"c3qVcuUQ1DoIzHaAIJ10Xs"},"fileId":"25DvrqO8RFIJ7NjZV+MDp4"},"_trs":{"__type__":"TypedArray","ctor":"Float64Array","array":[0,0,0,0,0,0,1,1,1,1]}},{"__type__":"cc.Node","_name":"zhenNode","_parent":{"__id__":1},"_children":[{"__id__":6}],"_prefab":{"__type__":"cc.PrefabInfo","root":{"__id__":1},"asset":{"__uuid__":"c3qVcuUQ1DoIzHaAIJ10Xs"},"fileId":"f4CYDR1sRBqZp/vQKHY6mh"},"_trs":{"__type__":"TypedArray","ctor":"Float64Array","array":[-66.512,533.03,0,0,0,1,6.123233995736766e-17,1,1,1]},"_eulerAngles":{"__type__":"cc.Vec3","z":180},"_groupIndex":8,"groupIndex":8},{"__type__":"cc.Node","_name":"zhen","_parent":{"__id__":5},"_components":[{"__type__":"cc.Sprite","node":{"__id__":6},"_materials":[{"__uuid__":"ecpdLyjvZBwrvm+cedCcQy"}],"_spriteFrame":{"__uuid__":"81u1O4l2lM2IGXbUA/0aw7"},"_type":1,"_sizeMode":0},{"__type__":"cc.RigidBody","node":{"__id__":6},"_type":3,"_allowSleep":false,"_gravityScale":0,"_fixedRotation":true,"enabledContactListener":true,"bullet":true},{"__type__":"cc.PhysicsPolygonCollider","node":{"__id__":6},"tag":222,"_offset":{"__type__":"cc.Vec2","x":241,"y":-1},"points":[{"__type__":"cc.Vec2","x":-155.9,"y":-59},{"__type__":"cc.Vec2","x":-41.9,"y":-59.4},{"__type__":"cc.Vec2","x":-40.2,"y":67},{"__type__":"cc.Vec2","x":-153.2,"y":67.4},{"__type__":"cc.Vec2","x":-155,"y":25.8},{"__type__":"cc.Vec2","x":-440.9,"y":29.4},{"__type__":"cc.Vec2","x":-440.8,"y":-21.1},{"__type__":"cc.Vec2","x":-156,"y":-24.9}]},{"__type__":"72555Q9muRD1505Zi2fOOxm","node":{"__id__":6},"linevelocityX":500}],"_prefab":{"__type__":"cc.PrefabInfo","root":{"__id__":1},"asset":{"__uuid__":"c3qVcuUQ1DoIzHaAIJ10Xs"},"fileId":"74eh7p1g5IG5yqiOR0Gbcy"},"_contentSize":{"__type__":"cc.Size","width":400,"height":111},"_trs":{"__type__":"TypedArray","ctor":"Float64Array","array":[0,0,0,0,0,0,1,0.8,0.8,0.8]},"_groupIndex":8,"groupIndex":8},{"__type__":"cc.Node","_name":"zhenNodeTwo","_parent":{"__id__":1},"_children":[{"__id__":8},{"__id__":9},{"__id__":10}],"_prefab":{"__type__":"cc.PrefabInfo","root":{"__id__":1},"asset":{"__uuid__":"c3qVcuUQ1DoIzHaAIJ10Xs"},"fileId":"fasUBLE/ZPxJrmStuZLsk1"},"_trs":{"__type__":"TypedArray","ctor":"Float64Array","array":[95.449,255.545,0,0,0,-0.6626200482157375,0.7489557207890021,1,1,1]},"_eulerAngles":{"__type__":"cc.Vec3","z":-83}},{"__type__":"cc.Node","_name":"zhen","_parent":{"__id__":7},"_components":[{"__type__":"cc.Sprite","node":{"__id__":8},"_materials":[{"__uuid__":"ecpdLyjvZBwrvm+cedCcQy"}],"_spriteFrame":{"__uuid__":"14vJwyNH1OspMXFimJtxkW"},"_type":1,"_sizeMode":0},{"__type__":"cc.RigidBody","node":{"__id__":8},"_type":3,"_gravityScale":0,"_fixedRotation":true,"enabledContactListener":true,"bullet":true},{"__type__":"cc.PhysicsPolygonCollider","node":{"__id__":8},"_offset":{"__type__":"cc.Vec2","x":176,"y":5},"points":[{"__type__":"cc.Vec2","x":-218.9,"y":-23.4},{"__type__":"cc.Vec2","x":-33.9,"y":-22.3},{"__type__":"cc.Vec2","x":-33.9,"y":14.4},{"__type__":"cc.Vec2","x":-219.1,"y":16.7}]},{"__type__":"1cb3eoIRdhJWZayW7A68Y7j","node":{"__id__":8},"applyDownsensor":true}],"_prefab":{"__type__":"cc.PrefabInfo","root":{"__id__":1},"asset":{"__uuid__":"c3qVcuUQ1DoIzHaAIJ10Xs"},"fileId":"b1K8gYpZpLGo88fsYK9mNf"},"_contentSize":{"__type__":"cc.Size","width":284.1,"height":111},"_trs":{"__type__":"TypedArray","ctor":"Float64Array","array":[0,0,0,0,0,0,1,1,1,1]}},{"__type__":"cc.Node","_name":"zhenup","_parent":{"__id__":7},"_components":[{"__type__":"cc.RigidBody","node":{"__id__":9},"_type":0,"_gravityScale":0,"bullet":true}],"_prefab":{"__type__":"cc.PrefabInfo","root":{"__id__":1},"asset":{"__uuid__":"c3qVcuUQ1DoIzHaAIJ10Xs"},"fileId":"5fM7XC0u9AVb6VfiCi6dsJ"},"_trs":{"__type__":"TypedArray","ctor":"Float64Array","array":[0,147.454,0,0,0,0,1,1,1,1]}},{"__type__":"cc.Node","_name":"zhendown","_parent":{"__id__":7},"_components":[{"__type__":"cc.RigidBody","node":{"__id__":10},"_type":0,"_gravityScale":0,"bullet":true}],"_prefab":{"__type__":"cc.PrefabInfo","root":{"__id__":1},"asset":{"__uuid__":"c3qVcuUQ1DoIzHaAIJ10Xs"},"fileId":"13oMszPGlEwKUD0C6oVYhh"},"_trs":{"__type__":"TypedArray","ctor":"Float64Array","array":[0,-449.378,0,0,0,0,1,1,1,1]}},{"__type__":"cc.Node","_name":"zhenNodeTwo","_parent":{"__id__":1},"_children":[{"__id__":12},{"__id__":13},{"__id__":14}],"_prefab":{"__type__":"cc.PrefabInfo","root":{"__id__":1},"asset":{"__uuid__":"c3qVcuUQ1DoIzHaAIJ10Xs"},"fileId":"88TXRTVSFFuomz+xLPQVdX"},"_trs":{"__type__":"TypedArray","ctor":"Float64Array","array":[356.541,-18.715,0,0,0,0.7489557207890021,0.6626200482157375,1,1,1]},"_eulerAngles":{"__type__":"cc.Vec3","z":97}},{"__type__":"cc.Node","_name":"zhen","_parent":{"__id__":11},"_components":[{"__type__":"cc.Sprite","node":{"__id__":12},"_materials":[{"__uuid__":"ecpdLyjvZBwrvm+cedCcQy"}],"_spriteFrame":{"__uuid__":"14vJwyNH1OspMXFimJtxkW"},"_type":1,"_sizeMode":0},{"__type__":"cc.RigidBody","node":{"__id__":12},"_type":3,"_gravityScale":0,"_fixedRotation":true,"enabledContactListener":true,"bullet":true},{"__type__":"cc.PhysicsPolygonCollider","node":{"__id__":12},"_offset":{"__type__":"cc.Vec2","x":176,"y":5},"points":[{"__type__":"cc.Vec2","x":-218.9,"y":-23.4},{"__type__":"cc.Vec2","x":-33.9,"y":-22.3},{"__type__":"cc.Vec2","x":-33.9,"y":14.4},{"__type__":"cc.Vec2","x":-219.1,"y":16.7}]},{"__type__":"1cb3eoIRdhJWZayW7A68Y7j","node":{"__id__":12}}],"_prefab":{"__type__":"cc.PrefabInfo","root":{"__id__":1},"asset":{"__uuid__":"c3qVcuUQ1DoIzHaAIJ10Xs"},"fileId":"cbkyNGInZNz7/U4Jx3H8+X"},"_contentSize":{"__type__":"cc.Size","width":284.1,"height":111},"_trs":{"__type__":"TypedArray","ctor":"Float64Array","array":[0,0,0,0,0,0,1,1,1,1]}},{"__type__":"cc.Node","_name":"zhenup","_parent":{"__id__":11},"_components":[{"__type__":"cc.RigidBody","node":{"__id__":13},"_type":0,"_gravityScale":0,"bullet":true}],"_prefab":{"__type__":"cc.PrefabInfo","root":{"__id__":1},"asset":{"__uuid__":"c3qVcuUQ1DoIzHaAIJ10Xs"},"fileId":"38MR1BPPpG6ZJfr8+pJXBD"},"_trs":{"__type__":"TypedArray","ctor":"Float64Array","array":[0,476.224,0,0,0,0,1,1,1,1]}},{"__type__":"cc.Node","_name":"zhendown","_parent":{"__id__":11},"_components":[{"__type__":"cc.RigidBody","node":{"__id__":14},"_type":0,"_gravityScale":0,"bullet":true}],"_prefab":{"__type__":"cc.PrefabInfo","root":{"__id__":1},"asset":{"__uuid__":"c3qVcuUQ1DoIzHaAIJ10Xs"},"fileId":"caCb7YR/RD0rjfTRWIMS5v"},"_trs":{"__type__":"TypedArray","ctor":"Float64Array","array":[0,0,0,0,0,0,1,1,1,1]}},{"__type__":"cc.Node","_name":"zhenNodeTwo","_parent":{"__id__":1},"_children":[{"__id__":16},{"__id__":17},{"__id__":18}],"_prefab":{"__type__":"cc.PrefabInfo","root":{"__id__":1},"asset":{"__uuid__":"c3qVcuUQ1DoIzHaAIJ10Xs"},"fileId":"c1KoxEtHdFg5B48MgZgYaC"},"_trs":{"__type__":"TypedArray","ctor":"Float64Array","array":[-83.075,-228.155,0,0,0,-0.766044443118978,0.6427876096865394,1,1,1]},"_eulerAngles":{"__type__":"cc.Vec3","z":-100}},{"__type__":"cc.Node","_name":"zhen","_parent":{"__id__":15},"_components":[{"__type__":"cc.Sprite","node":{"__id__":16},"_materials":[{"__uuid__":"ecpdLyjvZBwrvm+cedCcQy"}],"_spriteFrame":{"__uuid__":"14vJwyNH1OspMXFimJtxkW"},"_type":1,"_sizeMode":0},{"__type__":"cc.RigidBody","node":{"__id__":16},"_type":3,"_gravityScale":0,"_fixedRotation":true,"enabledContactListener":true,"bullet":true},{"__type__":"cc.PhysicsPolygonCollider","node":{"__id__":16},"_offset":{"__type__":"cc.Vec2","x":176,"y":5},"points":[{"__type__":"cc.Vec2","x":-218.9,"y":-23.4},{"__type__":"cc.Vec2","x":-33.9,"y":-22.3},{"__type__":"cc.Vec2","x":-33.9,"y":14.4},{"__type__":"cc.Vec2","x":-219.1,"y":16.7}]},{"__type__":"1cb3eoIRdhJWZayW7A68Y7j","node":{"__id__":16},"applyUpsensor":true}],"_prefab":{"__type__":"cc.PrefabInfo","root":{"__id__":1},"asset":{"__uuid__":"c3qVcuUQ1DoIzHaAIJ10Xs"},"fileId":"6fW72lZKRDPJeejlUcgTI1"},"_contentSize":{"__type__":"cc.Size","width":284.1,"height":111},"_trs":{"__type__":"TypedArray","ctor":"Float64Array","array":[0,0,0,0,0,0,1,1,1,1]}},{"__type__":"cc.Node","_name":"zhenup","_parent":{"__id__":15},"_components":[{"__type__":"cc.RigidBody","node":{"__id__":17},"_type":0,"_gravityScale":0,"bullet":true}],"_prefab":{"__type__":"cc.PrefabInfo","root":{"__id__":1},"asset":{"__uuid__":"c3qVcuUQ1DoIzHaAIJ10Xs"},"fileId":"3eGf4TXbdDbKSNwpg0CTv9"},"_trs":{"__type__":"TypedArray","ctor":"Float64Array","array":[0,516.825,0,0,0,0,1,1,1,1]}},{"__type__":"cc.Node","_name":"zhendown","_parent":{"__id__":15},"_components":[{"__type__":"cc.RigidBody","node":{"__id__":18},"_type":0,"_gravityScale":0,"bullet":true}],"_prefab":{"__type__":"cc.PrefabInfo","root":{"__id__":1},"asset":{"__uuid__":"c3qVcuUQ1DoIzHaAIJ10Xs"},"fileId":"af72VZTM9BZYWL0skUHhLX"},"_trs":{"__type__":"TypedArray","ctor":"Float64Array","array":[0,0,0,0,0,0,1,1,1,1]}}]]