[{"__type__":"cc.SpriteFrame","content":{"name":"btnSkip","texture":"f56EThSl1AHq4IuyPlH+FX","rect":[2,1,244,246],"offset":[0.5,0],"originalSize":[247,248],"capInsets":[0,0,0,0]}},{"__type__":"cc.SpriteFrame","content":{"name":"js_tiaoguo-en","texture":"65s/XeZ1xHs4a5CT3qP6pJ","rect":[0,0,443,157],"offset":[0,0],"originalSize":[443,157],"capInsets":[0,0,0,0]}},{"__type__":"cc.SpriteFrame","content":{"name":"js_laiguo-en","texture":"080jTAKl5K8aoFF9nYrXXG","rect":[0,0,443,157],"offset":[0,0],"originalSize":[443,157],"capInsets":[0,0,0,0]}},[{"__type__":"cc.Prefab","_name":"UIFailPage","data":{"__id__":1}},{"__type__":"cc.Node","_name":"UIFailPage","_children":[{"__id__":2},{"__id__":3},{"__id__":7},{"__id__":11},{"__id__":15},{"__id__":18},{"__id__":28},{"__id__":29}],"_components":[{"__type__":"cc.Widget","node":{"__id__":1},"_alignFlags":45},{"__type__":"cc.BlockInputEvents","node":{"__id__":1}}],"_prefab":{"__type__":"cc.PrefabInfo","root":{"__id__":1},"asset":{"__uuid__":"cbR8Zn77NKP6lx+dHCTrrZ"},"fileId":"00EFFxM29EyLRfAE17uKvY"},"_contentSize":{"__type__":"cc.Size","width":1080,"height":1920},"_trs":{"__type__":"TypedArray","ctor":"Float64Array","array":[540,960,0,0,0,0,1,1,1,1]}},{"__type__":"cc.Node","_name":"Bg","_parent":{"__id__":1},"_components":[{"__type__":"cc.Sprite","node":{"__id__":2},"_materials":[{"__uuid__":"ecpdLyjvZBwrvm+cedCcQy"}],"_spriteFrame":{"__uuid__":"a2MjXRFdtLlYQ5ouAFv/+R"},"_sizeMode":0},{"__type__":"cc.Widget","node":{"__id__":2},"_alignFlags":5,"_originalHeight":1920}],"_prefab":{"__type__":"cc.PrefabInfo","root":{"__id__":1},"asset":{"__uuid__":"cbR8Zn77NKP6lx+dHCTrrZ"},"fileId":"2dLtgIIL1AxoAf59IvgYID"},"_opacity":204,"_color":{"__type__":"cc.Color"},"_contentSize":{"__type__":"cc.Size","width":1080,"height":1920},"_trs":{"__type__":"TypedArray","ctor":"Float64Array","array":[0,0,0,0,0,0,1,1,1,1]}},{"__type__":"cc.Node","_name":"CoinLabel","_parent":{"__id__":1},"_children":[{"__id__":4},{"__id__":5},{"__id__":6}],"_active":false,"_components":[{"__type__":"cc.Widget","node":{"__id__":3},"_alignFlags":9,"_left":44.27499999999998,"_top":76.45500000000004},{"__type__":"96bb6h8GYdOW47cjyMPjHjl","node":{"__id__":3}}],"_prefab":{"__type__":"cc.PrefabInfo","root":{"__id__":1},"asset":{"__uuid__":"cbR8Zn77NKP6lx+dHCTrrZ"},"fileId":"dcD3evz2ZNVZzVqW9qK7lu"},"_contentSize":{"__type__":"cc.Size","width":239,"height":97},"_trs":{"__type__":"TypedArray","ctor":"Float64Array","array":[-376.225,835.045,0,0,0,0,1,1,1,1]}},{"__type__":"cc.Node","_name":"image_zuanshi","_parent":{"__id__":3},"_components":[{"__type__":"cc.Sprite","node":{"__id__":4},"_materials":[{"__uuid__":"ecpdLyjvZBwrvm+cedCcQy"}],"_spriteFrame":{"__uuid__":"82SYWWwghBw75IL2ICOj37"},"_type":1}],"_prefab":{"__type__":"cc.PrefabInfo","root":{"__id__":1},"asset":{"__uuid__":"cbR8Zn77NKP6lx+dHCTrrZ"},"fileId":"eb+dQ/RLNIgZVdKnLAr1k1"},"_contentSize":{"__type__":"cc.Size","width":239,"height":97},"_trs":{"__type__":"TypedArray","ctor":"Float64Array","array":[0,0,0,0,0,0,1,1,1,1]}},{"__type__":"cc.Node","_name":"image_hbzs","_parent":{"__id__":3},"_components":[{"__type__":"cc.Sprite","node":{"__id__":5},"_materials":[{"__uuid__":"ecpdLyjvZBwrvm+cedCcQy"}],"_spriteFrame":{"__uuid__":"56mhXMF3hA+aZ2Eeu7DSBw"},"_sizeMode":0}],"_prefab":{"__type__":"cc.PrefabInfo","root":{"__id__":1},"asset":{"__uuid__":"cbR8Zn77NKP6lx+dHCTrrZ"},"fileId":"06ufswQutBUqhZXBJ2ixud"},"_contentSize":{"__type__":"cc.Size","width":88,"height":65},"_trs":{"__type__":"TypedArray","ctor":"Float64Array","array":[-72.387,-3.436,0,0,0,0,1,0.8,0.8,1]}},{"__type__":"cc.Node","_name":"Label","_parent":{"__id__":3},"_components":[{"__type__":"cc.Label","node":{"__id__":6},"_materials":[{"__uuid__":"ecpdLyjvZBwrvm+cedCcQy"}],"_useOriginalSize":false,"_string":"66666","_N$string":"66666","_fontSize":45,"_lineHeight":50,"_N$horizontalAlign":1,"_N$verticalAlign":1}],"_prefab":{"__type__":"cc.PrefabInfo","root":{"__id__":1},"asset":{"__uuid__":"cbR8Zn77NKP6lx+dHCTrrZ"},"fileId":"32noA2tQtOkaHu/itx5qE7"},"_contentSize":{"__type__":"cc.Size","width":125.13,"height":63},"_trs":{"__type__":"TypedArray","ctor":"Float64Array","array":[31.371,1.23,0,0,0,0,1,1,1,1]}},{"__type__":"cc.Node","_name":"shengli","_parent":{"__id__":1},"_children":[{"__id__":8}],"_components":[{"__type__":"sp.Skeleton","node":{"__id__":7},"_materials":[{"__uuid__":"7a/QZLET9IDreTiBfRn2PD"}],"defaultSkin":"default","defaultAnimation":"shibaikaishi","_preCacheMode":0,"loop":false,"premultipliedAlpha":false,"_animationName":"shibaikaishi","_playTimes":1},{"__type__":"cc.Widget","node":{"__id__":7},"_alignFlags":1,"_top":17.30499999999995}],"_prefab":{"__type__":"cc.PrefabInfo","root":{"__id__":1},"asset":{"__uuid__":"cbR8Zn77NKP6lx+dHCTrrZ"},"fileId":"c2pByX9+FMNpJFLtTPDHYm"},"_contentSize":{"__type__":"cc.Size","width":953,"height":1045.39},"_trs":{"__type__":"TypedArray","ctor":"Float64Array","array":[0,420,0,0,0,0,1,1,1,1]}},{"__type__":"cc.Node","_name":"CoinCount","_parent":{"__id__":7},"_children":[{"__id__":9},{"__id__":10}],"_components":[{"__type__":"cc.Layout","node":{"__id__":8},"_layoutSize":{"__type__":"cc.Size","width":162.4,"height":200},"_resize":1,"_N$layoutType":1,"_N$spacingX":3.300000000000002}],"_prefab":{"__type__":"cc.PrefabInfo","root":{"__id__":1},"asset":{"__uuid__":"cbR8Zn77NKP6lx+dHCTrrZ"},"fileId":"0dmnudP9dKxIXIA077wGPI"},"_contentSize":{"__type__":"cc.Size","width":162.4,"height":200},"_trs":{"__type__":"TypedArray","ctor":"Float64Array","array":[-9.607,120.897,0,0,0,0,1,0.911,0.911,0.911]}},{"__type__":"cc.Node","_name":"image_hbzs","_parent":{"__id__":8},"_components":[{"__type__":"cc.Sprite","node":{"__id__":9},"_materials":[{"__uuid__":"ecpdLyjvZBwrvm+cedCcQy"}],"_spriteFrame":{"__uuid__":"56mhXMF3hA+aZ2Eeu7DSBw"},"_sizeMode":0}],"_prefab":{"__type__":"cc.PrefabInfo","root":{"__id__":1},"asset":{"__uuid__":"cbR8Zn77NKP6lx+dHCTrrZ"},"fileId":"c7dvmFthVI1aoIMMx34G6Q"},"_contentSize":{"__type__":"cc.Size","width":61.6,"height":65.4},"_trs":{"__type__":"TypedArray","ctor":"Float64Array","array":[-50.4,-9.955,0,0,0,0,1,1,1,1]}},{"__type__":"cc.Node","_name":"Label","_parent":{"__id__":8},"_components":[{"__type__":"cc.Label","node":{"__id__":10},"_materials":[{"__uuid__":"ecpdLyjvZBwrvm+cedCcQy"}],"_useOriginalSize":false,"_string":"+30","_N$string":"+30","_fontSize":45,"_lineHeight":70,"_N$file":{"__uuid__":"a85NczcUdLhIVJT3+7aBOb"},"_isSystemFontUsed":false,"_N$horizontalAlign":1,"_N$verticalAlign":1}],"_prefab":{"__type__":"cc.PrefabInfo","root":{"__id__":1},"asset":{"__uuid__":"cbR8Zn77NKP6lx+dHCTrrZ"},"fileId":"31fz6VmMRL76AIP1xguVTh"},"_contentSize":{"__type__":"cc.Size","width":97.5,"height":70},"_trs":{"__type__":"TypedArray","ctor":"Float64Array","array":[32.45,0,0,0,0,0,1,1,1,1]}},{"__type__":"cc.Node","_name":"shengli_en","_parent":{"__id__":1},"_children":[{"__id__":12}],"_components":[{"__type__":"sp.Skeleton","node":{"__id__":11},"_materials":[{"__uuid__":"7a/QZLET9IDreTiBfRn2PD"}],"defaultSkin":"default","defaultAnimation":"shibai-kaishi","_preCacheMode":0,"loop":false,"premultipliedAlpha":false,"_animationName":"shibai-kaishi","_playTimes":1,"_N$skeletonData":{"__uuid__":"8brL5jHjFJk60dm2V2MTmx"}}],"_prefab":{"__type__":"cc.PrefabInfo","root":{"__id__":1},"asset":{"__uuid__":"cbR8Zn77NKP6lx+dHCTrrZ"},"fileId":"d2ESw3TCVDm7/Y8VlkwQkf"},"_contentSize":{"__type__":"cc.Size","width":953,"height":1045.39},"_trs":{"__type__":"TypedArray","ctor":"Float64Array","array":[0,420,0,0,0,0,1,1,1,1]}},{"__type__":"cc.Node","_name":"CoinCount","_parent":{"__id__":11},"_children":[{"__id__":13},{"__id__":14}],"_components":[{"__type__":"cc.Layout","node":{"__id__":12},"_layoutSize":{"__type__":"cc.Size","width":162.4,"height":200},"_resize":1,"_N$layoutType":1,"_N$spacingX":3.300000000000002}],"_prefab":{"__type__":"cc.PrefabInfo","root":{"__id__":1},"asset":{"__uuid__":"cbR8Zn77NKP6lx+dHCTrrZ"},"fileId":"65Q2l2zOVF46EWrc11LRAv"},"_contentSize":{"__type__":"cc.Size","width":162.4,"height":200},"_trs":{"__type__":"TypedArray","ctor":"Float64Array","array":[-9.607,120.897,0,0,0,0,1,0.911,0.911,0.911]}},{"__type__":"cc.Node","_name":"image_hbzs","_parent":{"__id__":12},"_components":[{"__type__":"cc.Sprite","node":{"__id__":13},"_materials":[{"__uuid__":"ecpdLyjvZBwrvm+cedCcQy"}],"_spriteFrame":{"__uuid__":"56mhXMF3hA+aZ2Eeu7DSBw"},"_sizeMode":0}],"_prefab":{"__type__":"cc.PrefabInfo","root":{"__id__":1},"asset":{"__uuid__":"cbR8Zn77NKP6lx+dHCTrrZ"},"fileId":"24ZnteY15L57aEygoZkIn6"},"_contentSize":{"__type__":"cc.Size","width":61.6,"height":65.4},"_trs":{"__type__":"TypedArray","ctor":"Float64Array","array":[-50.4,-9.955,0,0,0,0,1,1,1,1]}},{"__type__":"cc.Node","_name":"Label","_parent":{"__id__":12},"_components":[{"__type__":"cc.Label","node":{"__id__":14},"_materials":[{"__uuid__":"ecpdLyjvZBwrvm+cedCcQy"}],"_useOriginalSize":false,"_string":"+30","_N$string":"+30","_fontSize":45,"_lineHeight":70,"_N$file":{"__uuid__":"a85NczcUdLhIVJT3+7aBOb"},"_isSystemFontUsed":false,"_N$horizontalAlign":1,"_N$verticalAlign":1}],"_prefab":{"__type__":"cc.PrefabInfo","root":{"__id__":1},"asset":{"__uuid__":"cbR8Zn77NKP6lx+dHCTrrZ"},"fileId":"91WLiIDmRIFbYoMAGDLu0o"},"_contentSize":{"__type__":"cc.Size","width":97.5,"height":70},"_trs":{"__type__":"TypedArray","ctor":"Float64Array","array":[32.45,0,0,0,0,0,1,1,1,1]}},{"__type__":"cc.Node","_name":"btn","_parent":{"__id__":1},"_children":[{"__id__":16},{"__id__":17}],"_components":[{"__type__":"cc.Widget","node":{"__id__":15},"_alignFlags":45}],"_prefab":{"__type__":"cc.PrefabInfo","root":{"__id__":1},"asset":{"__uuid__":"cbR8Zn77NKP6lx+dHCTrrZ"},"fileId":"edJgkKGVJMmrTaHbNTrhOq"},"_contentSize":{"__type__":"cc.Size","width":1080,"height":1920},"_trs":{"__type__":"TypedArray","ctor":"Float64Array","array":[0,0,0,0,0,0,1,1,1,1]}},{"__type__":"cc.Node","_name":"BtnSkipLevel","_parent":{"__id__":15},"_components":[{"__type__":"cc.Sprite","node":{"__id__":16},"_materials":[{"__uuid__":"ecpdLyjvZBwrvm+cedCcQy"}],"_spriteFrame":{"__uuid__":"53Vm/d719P8qF+Mr4FKxHz"}},{"__type__":"cc.Button","node":{"__id__":16},"_N$transition":3,"transition":3,"_N$normalColor":{"__type__":"cc.Color","r":230,"g":230,"b":230},"_N$pressedColor":{"__type__":"cc.Color","r":200,"g":200,"b":200},"pressedColor":{"__type__":"cc.Color","r":200,"g":200,"b":200},"_N$disabledColor":{"__type__":"cc.Color","r":120,"g":120,"b":120,"a":200},"_N$normalSprite":{"__uuid__":"526Viafq5GJqYufRYNHxvW"},"_N$pressedSprite":{"__uuid__":"e97GVMl6JHh5Ml5qEDdSGa"},"pressedSprite":{"__uuid__":"e97GVMl6JHh5Ml5qEDdSGa"},"_N$hoverSprite":{"__uuid__":"f0BIwQ8D5Ml7nTNQbh1YlS"},"hoverSprite":{"__uuid__":"f0BIwQ8D5Ml7nTNQbh1YlS"},"_N$disabledSprite":{"__uuid__":"29FYIk+N1GYaeWH/q1NxQO"},"_N$target":{"__id__":16}}],"_prefab":{"__type__":"cc.PrefabInfo","root":{"__id__":1},"asset":{"__uuid__":"cbR8Zn77NKP6lx+dHCTrrZ"},"fileId":"16t8+/9AtOW6YLNCQrK0Xb"},"_contentSize":{"__type__":"cc.Size","width":443,"height":157},"_trs":{"__type__":"TypedArray","ctor":"Float64Array","array":[0,-350,0,0,0,0,1,1,1,0]}},{"__type__":"cc.Node","_name":"BtnReplay","_parent":{"__id__":15},"_components":[{"__type__":"cc.Sprite","node":{"__id__":17},"_materials":[{"__uuid__":"ecpdLyjvZBwrvm+cedCcQy"}],"_spriteFrame":{"__uuid__":"a7wqtz79JIeJSpJKJUox+a"}},{"__type__":"cc.Button","node":{"__id__":17},"_N$transition":3,"transition":3,"_N$normalColor":{"__type__":"cc.Color","r":230,"g":230,"b":230},"_N$pressedColor":{"__type__":"cc.Color","r":200,"g":200,"b":200},"pressedColor":{"__type__":"cc.Color","r":200,"g":200,"b":200},"_N$disabledColor":{"__type__":"cc.Color","r":120,"g":120,"b":120,"a":200},"_N$normalSprite":{"__uuid__":"526Viafq5GJqYufRYNHxvW"},"_N$pressedSprite":{"__uuid__":"e97GVMl6JHh5Ml5qEDdSGa"},"pressedSprite":{"__uuid__":"e97GVMl6JHh5Ml5qEDdSGa"},"_N$hoverSprite":{"__uuid__":"f0BIwQ8D5Ml7nTNQbh1YlS"},"hoverSprite":{"__uuid__":"f0BIwQ8D5Ml7nTNQbh1YlS"},"_N$disabledSprite":{"__uuid__":"29FYIk+N1GYaeWH/q1NxQO"},"_N$target":{"__id__":17}}],"_prefab":{"__type__":"cc.PrefabInfo","root":{"__id__":1},"asset":{"__uuid__":"cbR8Zn77NKP6lx+dHCTrrZ"},"fileId":"daElgOifNFVqp1scA3GSPA"},"_contentSize":{"__type__":"cc.Size","width":443,"height":157},"_trs":{"__type__":"TypedArray","ctor":"Float64Array","array":[0,-520,0,0,0,0,1,1,1,0]}},{"__type__":"cc.Node","_name":"poweradd","_parent":{"__id__":1},"_children":[{"__id__":19},{"__id__":20},{"__id__":21},{"__id__":22},{"__id__":23},{"__id__":26},{"__id__":27}],"_components":[{"__type__":"cc.Widget","node":{"__id__":18},"_alignFlags":9,"_left":120,"_right":962.9300000000001,"_top":460},{"__type__":"09dcasLtOtIIKzJFdVhkbnv","node":{"__id__":18}}],"_prefab":{"__type__":"cc.PrefabInfo","root":{"__id__":1},"asset":{"__uuid__":"cbR8Zn77NKP6lx+dHCTrrZ"},"fileId":"0bwd7zTQRIeo80+k1CgUn1"},"_trs":{"__type__":"TypedArray","ctor":"Float64Array","array":[-420,500,0,0,0,0,1,1,1,1]}},{"__type__":"cc.Node","_name":"bg","_parent":{"__id__":18},"_components":[{"__type__":"cc.Sprite","node":{"__id__":19},"_materials":[{"__uuid__":"ecpdLyjvZBwrvm+cedCcQy"}],"_spriteFrame":{"__uuid__":"cboPgQsHlCL5tMnf5UibRC"},"_sizeMode":2}],"_prefab":{"__type__":"cc.PrefabInfo","root":{"__id__":1},"asset":{"__uuid__":"cbR8Zn77NKP6lx+dHCTrrZ"},"fileId":"cf0smJMnNHx541Vd+QWYUu"},"_contentSize":{"__type__":"cc.Size","width":233,"height":68},"_trs":{"__type__":"TypedArray","ctor":"Float64Array","array":[0,0,0,0,0,0,1,1,1,1]}},{"__type__":"cc.Node","_name":"icon","_parent":{"__id__":18},"_components":[{"__type__":"cc.Sprite","node":{"__id__":20},"_materials":[{"__uuid__":"ecpdLyjvZBwrvm+cedCcQy"}],"_spriteFrame":{"__uuid__":"e53vqpVStGzbGZvSTT6L2A"},"_sizeMode":2}],"_prefab":{"__type__":"cc.PrefabInfo","root":{"__id__":1},"asset":{"__uuid__":"cbR8Zn77NKP6lx+dHCTrrZ"},"fileId":"22tWP6d2tLaakZnbOy5uIV"},"_contentSize":{"__type__":"cc.Size","width":54,"height":79},"_trs":{"__type__":"TypedArray","ctor":"Float64Array","array":[-91,-2.968,0,0,0,0,1,0.8,0.8,1]}},{"__type__":"cc.Node","_name":"iconBg","_parent":{"__id__":18},"_components":[{"__type__":"cc.Sprite","node":{"__id__":21},"_materials":[{"__uuid__":"ecpdLyjvZBwrvm+cedCcQy"}],"_spriteFrame":{"__uuid__":"915GI8QTZHX7G/vRQLQvqC"},"_sizeMode":0}],"_prefab":{"__type__":"cc.PrefabInfo","root":{"__id__":1},"asset":{"__uuid__":"cbR8Zn77NKP6lx+dHCTrrZ"},"fileId":"e3mNQ955VGCqrEkOaQimpV"},"_contentSize":{"__type__":"cc.Size","width":150,"height":48},"_trs":{"__type__":"TypedArray","ctor":"Float64Array","array":[7.293,0,0,0,0,0,1,1,1,1]}},{"__type__":"cc.Node","_name":"powerloading","_parent":{"__id__":18},"_components":[{"__type__":"cc.Sprite","node":{"__id__":22},"_materials":[{"__uuid__":"ecpdLyjvZBwrvm+cedCcQy"}],"_spriteFrame":{"__uuid__":"fdY3GL42lNeJ0j6U8FHYcM"},"_type":3,"_sizeMode":0,"_fillRange":0.5}],"_prefab":{"__type__":"cc.PrefabInfo","root":{"__id__":1},"asset":{"__uuid__":"cbR8Zn77NKP6lx+dHCTrrZ"},"fileId":"82TV+tYWZCSbC6XmfdEhUt"},"_contentSize":{"__type__":"cc.Size","width":150,"height":48},"_anchorPoint":{"__type__":"cc.Vec2","x":0.01,"y":0.5},"_trs":{"__type__":"TypedArray","ctor":"Float64Array","array":[-66.333,0,0,0,0,0,1,1,1,1]}},{"__type__":"cc.Node","_name":"btn","_parent":{"__id__":18},"_children":[{"__id__":24}],"_components":[{"__type__":"cc.Button","node":{"__id__":23},"_N$transition":3,"transition":3,"_N$normalColor":{"__type__":"cc.Color","r":230,"g":230,"b":230},"_N$pressedColor":{"__type__":"cc.Color","r":200,"g":200,"b":200},"pressedColor":{"__type__":"cc.Color","r":200,"g":200,"b":200},"_N$disabledColor":{"__type__":"cc.Color","r":120,"g":120,"b":120,"a":200},"_N$normalSprite":{"__uuid__":"f0BIwQ8D5Ml7nTNQbh1YlS"},"_N$pressedSprite":{"__uuid__":"e97GVMl6JHh5Ml5qEDdSGa"},"pressedSprite":{"__uuid__":"e97GVMl6JHh5Ml5qEDdSGa"},"_N$hoverSprite":{"__uuid__":"f0BIwQ8D5Ml7nTNQbh1YlS"},"hoverSprite":{"__uuid__":"f0BIwQ8D5Ml7nTNQbh1YlS"},"_N$disabledSprite":{"__uuid__":"29FYIk+N1GYaeWH/q1NxQO"},"_N$target":{"__id__":24}}],"_prefab":{"__type__":"cc.PrefabInfo","root":{"__id__":1},"asset":{"__uuid__":"cbR8Zn77NKP6lx+dHCTrrZ"},"fileId":"93ls8BnXBLz4rDG6Mh7M22"},"_contentSize":{"__type__":"cc.Size","width":80,"height":80},"_trs":{"__type__":"TypedArray","ctor":"Float64Array","array":[120.229,-7.298,0,0,0,0,1,1,1,1]}},{"__type__":"cc.Node","_name":"Background","_objFlags":512,"_parent":{"__id__":23},"_children":[{"__id__":25}],"_components":[{"__type__":"cc.Sprite","node":{"__id__":24},"_materials":[{"__uuid__":"ecpdLyjvZBwrvm+cedCcQy"}],"_spriteFrame":{"__uuid__":"5fAyuotRhM4a78xMSVX5qX"},"_type":1,"_sizeMode":0},{"__type__":"cc.Widget","node":{"__id__":24},"alignMode":0,"_alignFlags":45,"_left":-3,"_right":-3,"_top":-3,"_bottom":-3,"_originalWidth":100,"_originalHeight":40}],"_prefab":{"__type__":"cc.PrefabInfo","root":{"__id__":1},"asset":{"__uuid__":"cbR8Zn77NKP6lx+dHCTrrZ"},"fileId":"39hXJQXXJJp6ZGKZUXtTJF"},"_contentSize":{"__type__":"cc.Size","width":86,"height":86},"_trs":{"__type__":"TypedArray","ctor":"Float64Array","array":[0,0,0,0,0,0,1,1,1,0]}},{"__type__":"cc.Node","_name":"Label","_objFlags":512,"_parent":{"__id__":24},"_components":[{"__type__":"cc.Label","node":{"__id__":25},"_materials":[{"__uuid__":"ecpdLyjvZBwrvm+cedCcQy"}],"_useOriginalSize":false,"_string":"\n","_N$string":"\n","_fontSize":20,"_enableWrapText":false,"_N$horizontalAlign":1,"_N$verticalAlign":1,"_N$overflow":1,"_N$cacheMode":1}],"_prefab":{"__type__":"cc.PrefabInfo","root":{"__id__":1},"asset":{"__uuid__":"cbR8Zn77NKP6lx+dHCTrrZ"},"fileId":"24d8BLSOJAErVyYvYxtOwJ"},"_color":{"__type__":"cc.Color"},"_contentSize":{"__type__":"cc.Size","width":100,"height":40},"_trs":{"__type__":"TypedArray","ctor":"Float64Array","array":[0,0,0,0,0,0,1,1,1,1]}},{"__type__":"cc.Node","_name":"powerLabel","_parent":{"__id__":18},"_components":[{"__type__":"cc.Label","node":{"__id__":26},"_materials":[{"__uuid__":"ecpdLyjvZBwrvm+cedCcQy"}],"_useOriginalSize":false,"_string":"1/10","_N$string":"1/10","_N$file":{"__uuid__":"a85NczcUdLhIVJT3+7aBOb"},"_isSystemFontUsed":false,"_styleFlags":1,"_N$horizontalAlign":1,"_N$verticalAlign":1}],"_prefab":{"__type__":"cc.PrefabInfo","root":{"__id__":1},"asset":{"__uuid__":"cbR8Zn77NKP6lx+dHCTrrZ"},"fileId":"e0mMNiC0xCFoBwleYq2CI3"},"_contentSize":{"__type__":"cc.Size","width":115.56,"height":40},"_trs":{"__type__":"TypedArray","ctor":"Float64Array","array":[7.628,-0.367,0,0,0,0,1,1,1,1]}},{"__type__":"cc.Node","_name":"timelabel","_parent":{"__id__":18},"_components":[{"__type__":"cc.Label","node":{"__id__":27},"_materials":[{"__uuid__":"ecpdLyjvZBwrvm+cedCcQy"}],"_useOriginalSize":false,"_string":"02:00","_N$string":"02:00","_fontSize":25,"_lineHeight":25,"_N$file":{"__uuid__":"a85NczcUdLhIVJT3+7aBOb"},"_isSystemFontUsed":false,"_styleFlags":1,"_N$horizontalAlign":1,"_N$verticalAlign":1}],"_prefab":{"__type__":"cc.PrefabInfo","root":{"__id__":1},"asset":{"__uuid__":"cbR8Zn77NKP6lx+dHCTrrZ"},"fileId":"7arNsbKvFMAIXtcV4HRYlo"},"_contentSize":{"__type__":"cc.Size","width":90.28,"height":25},"_trs":{"__type__":"TypedArray","ctor":"Float64Array","array":[-1.073,-47.09,0,0,0,0,1,1,1,1]}},{"__type__":"cc.Node","_name":"CrossWidget6","_parent":{"__id__":1},"_components":[{"__type__":"cc.Widget","node":{"__id__":28},"_top":460.98899841308594}],"_prefab":{"__type__":"cc.PrefabInfo","root":{"__id__":1},"asset":{"__uuid__":"cbR8Zn77NKP6lx+dHCTrrZ"},"fileId":"92ywZJdOZC1q8p6R3N5fkD"},"_contentSize":{"__type__":"cc.Size","width":880,"height":750},"_trs":{"__type__":"TypedArray","ctor":"Float64Array","array":[0,100,0,0,0,0,1,1,1,1]}},{"__type__":"cc.Node","_name":"RecommendGamesBar","_parent":{"__id__":1},"_components":[{"__type__":"cc.Widget","node":{"__id__":29},"alignMode":2,"_left":66,"_bottom":248.15}],"_prefab":{"__type__":"cc.PrefabInfo","root":{"__id__":1},"asset":{"__uuid__":"cbR8Zn77NKP6lx+dHCTrrZ"},"fileId":"86LIkn/eJE/IdwDawXNljS"},"_contentSize":{"__type__":"cc.Size","width":995.2,"height":230.2},"_trs":{"__type__":"TypedArray","ctor":"Float64Array","array":[0,100,0,0,0,0,1,1,1,1]}}]]