[[{"__type__":"cc.Prefab","_name":"UIDerived99","data":{"__id__":1}},{"__type__":"cc.Node","_name":"UIDerived99","_children":[{"__type__":"cc.Node","_name":"bule_node","_parent":{"__id__":1},"_prefab":{"__type__":"cc.PrefabInfo","root":{"__id__":1},"asset":{"__uuid__":"5bnJZmLTZKqbe3zwqf+D0F"},"fileId":"dbd2ojLh9PU5liv4R5J/pF"},"_trs":{"__type__":"TypedArray","ctor":"Float64Array","array":[0,0,0,0,0,0,1,1,1,1]}},{"__type__":"cc.Node","_name":"greenwater_node","_parent":{"__id__":1},"_prefab":{"__type__":"cc.PrefabInfo","root":{"__id__":1},"asset":{"__uuid__":"5bnJZmLTZKqbe3zwqf+D0F"},"fileId":"feB+nTVsZPg6n5ipChKeP2"},"_trs":{"__type__":"TypedArray","ctor":"Float64Array","array":[0,0,0,0,0,0,1,1,1,1]}},{"__type__":"cc.Node","_name":"redwater_node","_parent":{"__id__":1},"_prefab":{"__type__":"cc.PrefabInfo","root":{"__id__":1},"asset":{"__uuid__":"5bnJZmLTZKqbe3zwqf+D0F"},"fileId":"7dh9cVEiFNL40+3Nda99Nu"},"_trs":{"__type__":"TypedArray","ctor":"Float64Array","array":[0,0,0,0,0,0,1,1,1,1]}},{"__id__":2},{"__id__":3},{"__id__":4},{"__type__":"cc.Node","_name":"redPos_node","_parent":{"__id__":1},"_prefab":{"__type__":"cc.PrefabInfo","root":{"__id__":1},"asset":{"__uuid__":"5bnJZmLTZKqbe3zwqf+D0F"},"fileId":"d50o7zWG1Dl4DIcnFoRX2Z"},"_trs":{"__type__":"TypedArray","ctor":"Float64Array","array":[0,0,0,0,0,0,1,1,1,1]}},{"__type__":"cc.Node","_name":"greenPos_node","_parent":{"__id__":1},"_prefab":{"__type__":"cc.PrefabInfo","root":{"__id__":1},"asset":{"__uuid__":"5bnJZmLTZKqbe3zwqf+D0F"},"fileId":"a3O0ooP+JMd7aYtavlEdGY"},"_trs":{"__type__":"TypedArray","ctor":"Float64Array","array":[0,0,0,0,0,0,1,1,1,1]}},{"__id__":5},{"__id__":9},{"__type__":"cc.Node","_name":"player","_parent":{"__id__":1},"_prefab":{"__type__":"cc.PrefabInfo","root":{"__id__":1},"asset":{"__uuid__":"5bnJZmLTZKqbe3zwqf+D0F"},"fileId":"0d2a8+U7pE1ZZIdOEeUasy"},"_trs":{"__type__":"TypedArray","ctor":"Float64Array","array":[-145.474,-597.985,0,0,0,0,1,-0.7,0.7,1]}}],"_components":[{"__type__":"cc.Sprite","node":{"__id__":1},"_materials":[{"__uuid__":"ecpdLyjvZBwrvm+cedCcQy"}],"_spriteFrame":{"__uuid__":"d7J25T48ZA75LtuqrQcPfG"}},{"__type__":"1100eDGpRlLMYp5CrYQGpcQ","node":{"__id__":1}},{"__type__":"cc.RigidBody","node":{"__id__":1},"_type":0},{"__type__":"cc.PhysicsPolygonCollider","node":{"__id__":1},"_offset":{"__type__":"cc.Vec2","x":-238,"y":-697},"points":[{"__type__":"cc.Vec2","x":-50,"y":-50},{"__type__":"cc.Vec2","x":527,"y":-52},{"__type__":"cc.Vec2","x":522,"y":1442},{"__type__":"cc.Vec2","x":-52.5,"y":1443.7},{"__type__":"cc.Vec2","x":86.3,"y":1403},{"__type__":"cc.Vec2","x":399,"y":1402},{"__type__":"cc.Vec2","x":401.5,"y":938},{"__type__":"cc.Vec2","x":415.5,"y":911},{"__type__":"cc.Vec2","x":449.2,"y":877},{"__type__":"cc.Vec2","x":457.8,"y":858},{"__type__":"cc.Vec2","x":446.7,"y":832.4},{"__type__":"cc.Vec2","x":316.2,"y":707.7},{"__type__":"cc.Vec2","x":317.2,"y":674},{"__type__":"cc.Vec2","x":380,"y":606.7},{"__type__":"cc.Vec2","x":420.2,"y":544.2},{"__type__":"cc.Vec2","x":437.6,"y":482.4},{"__type__":"cc.Vec2","x":433.5,"y":445.4},{"__type__":"cc.Vec2","x":412.8,"y":399},{"__type__":"cc.Vec2","x":390.5,"y":372.3},{"__type__":"cc.Vec2","x":352.6,"y":339.1},{"__type__":"cc.Vec2","x":312.86,"y":319.31},{"__type__":"cc.Vec2","x":311.16,"y":301.78},{"__type__":"cc.Vec2","x":344.27,"y":300.72},{"__type__":"cc.Vec2","x":382.9,"y":279.3},{"__type__":"cc.Vec2","x":429.5,"y":234.1},{"__type__":"cc.Vec2","x":470.7,"y":161.2},{"__type__":"cc.Vec2","x":488.2,"y":84.6},{"__type__":"cc.Vec2","x":482.8,"y":54.3},{"__type__":"cc.Vec2","x":461,"y":16},{"__type__":"cc.Vec2","x":421.4,"y":-2.9},{"__type__":"cc.Vec2","x":372.4,"y":-9.2},{"__type__":"cc.Vec2","x":326.7,"y":16.6},{"__type__":"cc.Vec2","x":300.8,"y":60.2},{"__type__":"cc.Vec2","x":279.4,"y":140.8},{"__type__":"cc.Vec2","x":261.9,"y":198.9},{"__type__":"cc.Vec2","x":240.4,"y":216.8},{"__type__":"cc.Vec2","x":224.7,"y":204.6},{"__type__":"cc.Vec2","x":209.6,"y":161.9},{"__type__":"cc.Vec2","x":199.8,"y":124},{"__type__":"cc.Vec2","x":190.5,"y":84.5},{"__type__":"cc.Vec2","x":173.8,"y":41.7},{"__type__":"cc.Vec2","x":157,"y":16.9},{"__type__":"cc.Vec2","x":127.7,"y":-1.1},{"__type__":"cc.Vec2","x":91.5,"y":-7.9},{"__type__":"cc.Vec2","x":71.9,"y":-5.6},{"__type__":"cc.Vec2","x":48.6,"y":4.4},{"__type__":"cc.Vec2","x":26.7,"y":20.2},{"__type__":"cc.Vec2","x":7.7,"y":45},{"__type__":"cc.Vec2","x":-5.6,"y":77.3},{"__type__":"cc.Vec2","x":-11.2,"y":107.1},{"__type__":"cc.Vec2","x":-8.6,"y":146.2},{"__type__":"cc.Vec2","x":8.1,"y":199.3},{"__type__":"cc.Vec2","x":34,"y":238.2},{"__type__":"cc.Vec2","x":65.2,"y":261.9},{"__type__":"cc.Vec2","x":122.7,"y":286},{"__type__":"cc.Vec2","x":158,"y":296.6},{"__type__":"cc.Vec2","x":168.7,"y":313.9},{"__type__":"cc.Vec2","x":162.2,"y":325.1},{"__type__":"cc.Vec2","x":126.5,"y":345.2},{"__type__":"cc.Vec2","x":104.4,"y":362.2},{"__type__":"cc.Vec2","x":79.1,"y":393.7},{"__type__":"cc.Vec2","x":64.7,"y":425.2},{"__type__":"cc.Vec2","x":58.6,"y":455.2},{"__type__":"cc.Vec2","x":60.5,"y":484.7},{"__type__":"cc.Vec2","x":76.7,"y":541.4},{"__type__":"cc.Vec2","x":109.9,"y":603.7},{"__type__":"cc.Vec2","x":138.8,"y":637.7},{"__type__":"cc.Vec2","x":165.3,"y":669.7},{"__type__":"cc.Vec2","x":166,"y":709.6},{"__type__":"cc.Vec2","x":41,"y":840},{"__type__":"cc.Vec2","x":31.8,"y":858.7},{"__type__":"cc.Vec2","x":75.3,"y":917},{"__type__":"cc.Vec2","x":88,"y":945.6},{"__type__":"cc.Vec2","x":87,"y":1402},{"__type__":"cc.Vec2","x":-52.1,"y":1443.1}]},{"__type__":"cc.PhysicsPolygonCollider","node":{"__id__":1},"_offset":{"__type__":"cc.Vec2","x":-29.4,"y":120.3},"points":[{"__type__":"cc.Vec2","x":17.6,"y":-54.1},{"__type__":"cc.Vec2","x":53.3,"y":-54.5},{"__type__":"cc.Vec2","x":116,"y":6.3},{"__type__":"cc.Vec2","x":123.3,"y":19.4},{"__type__":"cc.Vec2","x":124,"y":32.5},{"__type__":"cc.Vec2","x":118.6,"y":41.8},{"__type__":"cc.Vec2","x":102.4,"y":49},{"__type__":"cc.Vec2","x":-26.3,"y":49.5},{"__type__":"cc.Vec2","x":-39.8,"y":46.3},{"__type__":"cc.Vec2","x":-49.3,"y":38.6},{"__type__":"cc.Vec2","x":-51.1,"y":27},{"__type__":"cc.Vec2","x":-43.8,"y":13.9}]},{"__type__":"cc.PhysicsPolygonCollider","node":{"__id__":1},"_offset":{"__type__":"cc.Vec2","x":2.2,"y":-138},"points":[{"__type__":"cc.Vec2","x":-100,"y":-98.7},{"__type__":"cc.Vec2","x":-82,"y":-133.2},{"__type__":"cc.Vec2","x":-49.8,"y":-161.1},{"__type__":"cc.Vec2","x":-28.3,"y":-168.6},{"__type__":"cc.Vec2","x":36.2,"y":-165.5},{"__type__":"cc.Vec2","x":64.2,"y":-152},{"__type__":"cc.Vec2","x":98.4,"y":-114.6},{"__type__":"cc.Vec2","x":104.1,"y":-99.8},{"__type__":"cc.Vec2","x":103.9,"y":-47.4},{"__type__":"cc.Vec2","x":77.7,"y":1.3},{"__type__":"cc.Vec2","x":51.5,"y":28.2},{"__type__":"cc.Vec2","x":19.6,"y":50},{"__type__":"cc.Vec2","x":-15.4,"y":50},{"__type__":"cc.Vec2","x":-46.3,"y":31.4},{"__type__":"cc.Vec2","x":-65.5,"y":14.7},{"__type__":"cc.Vec2","x":-81.4,"y":-3.1},{"__type__":"cc.Vec2","x":-93.9,"y":-24.1},{"__type__":"cc.Vec2","x":-100.9,"y":-45.1}]}],"_prefab":{"__type__":"cc.PrefabInfo","root":{"__id__":1},"asset":{"__uuid__":"5bnJZmLTZKqbe3zwqf+D0F"},"fileId":"8cJjeUcalNbpgDRAknXNzI"},"_contentSize":{"__type__":"cc.Size","width":580,"height":1494},"_trs":{"__type__":"TypedArray","ctor":"Float64Array","array":[48.746,0,0,0,0,0,1,1,1,1]}},{"__type__":"cc.Node","_name":"black_node","_parent":{"__id__":1},"_components":[{"__type__":"6c0e8KZwr5L34azTYX21stu","node":{"__id__":2}}],"_prefab":{"__type__":"cc.PrefabInfo","root":{"__id__":1},"asset":{"__uuid__":"5bnJZmLTZKqbe3zwqf+D0F"},"fileId":"d0Xd2Ur/FJl5G3gYEsIbkG"},"_trs":{"__type__":"TypedArray","ctor":"Float64Array","array":[0,0,0,0,0,0,1,1,1,1]}},{"__type__":"cc.Node","_name":"gray_node","_parent":{"__id__":1},"_components":[{"__type__":"3400dF2d2tHLK8+En9baGXY","node":{"__id__":3},"grey_prefab":{"__uuid__":"13FEeEL1NMaK5TFGpFQpJr"}}],"_prefab":{"__type__":"cc.PrefabInfo","root":{"__id__":1},"asset":{"__uuid__":"5bnJZmLTZKqbe3zwqf+D0F"},"fileId":"0b18e0VDpB+YIx/F122BaI"},"_trs":{"__type__":"TypedArray","ctor":"Float64Array","array":[0,0,0,0,0,0,1,1,1,1]}},{"__type__":"cc.Node","_name":"bulePos_node","_parent":{"__id__":1},"_children":[{"__type__":"cc.Node","_name":"New Node","_parent":{"__id__":4},"_prefab":{"__type__":"cc.PrefabInfo","root":{"__id__":1},"asset":{"__uuid__":"5bnJZmLTZKqbe3zwqf+D0F"},"fileId":"33vQ0qh/VFWokULtFvIAh2"},"_trs":{"__type__":"TypedArray","ctor":"Float64Array","array":[0,332.5,0,0,0,0,1,1,1,1]}}],"_prefab":{"__type__":"cc.PrefabInfo","root":{"__id__":1},"asset":{"__uuid__":"5bnJZmLTZKqbe3zwqf+D0F"},"fileId":"26WuBEdZZC8rh1upxXel5f"},"_trs":{"__type__":"TypedArray","ctor":"Float64Array","array":[0,0,0,0,0,0,1,1,1,1]}},{"__type__":"cc.Node","_name":"zhenNodeTwo","_parent":{"__id__":1},"_children":[{"__id__":6},{"__id__":7},{"__id__":8}],"_prefab":{"__type__":"cc.PrefabInfo","root":{"__id__":1},"asset":{"__uuid__":"5bnJZmLTZKqbe3zwqf+D0F"},"fileId":"10bsHXlWtJvJgRrR4ZFE5N"},"_trs":{"__type__":"TypedArray","ctor":"Float64Array","array":[-169.858,253.338,0,0,0,-0.4067366430758002,0.9135454576426009,1,1,1]},"_eulerAngles":{"__type__":"cc.Vec3","z":-48}},{"__type__":"cc.Node","_name":"zhen","_parent":{"__id__":5},"_components":[{"__type__":"cc.Sprite","node":{"__id__":6},"_materials":[{"__uuid__":"ecpdLyjvZBwrvm+cedCcQy"}],"_spriteFrame":{"__uuid__":"14vJwyNH1OspMXFimJtxkW"},"_type":1,"_sizeMode":0},{"__type__":"cc.RigidBody","node":{"__id__":6},"_type":3,"_gravityScale":0,"_fixedRotation":true,"enabledContactListener":true,"bullet":true},{"__type__":"cc.PhysicsPolygonCollider","node":{"__id__":6},"_offset":{"__type__":"cc.Vec2","x":151.5,"y":5.7},"points":[{"__type__":"cc.Vec2","x":-275.7,"y":-37.8},{"__type__":"cc.Vec2","x":-249.4,"y":-61.6},{"__type__":"cc.Vec2","x":-184.7,"y":-52.8},{"__type__":"cc.Vec2","x":-168.3,"y":-20.6},{"__type__":"cc.Vec2","x":-26.2,"y":-22.6},{"__type__":"cc.Vec2","x":-26.5,"y":13.5},{"__type__":"cc.Vec2","x":-170.5,"y":13.4},{"__type__":"cc.Vec2","x":-181.5,"y":39.2},{"__type__":"cc.Vec2","x":-244.7,"y":48.8},{"__type__":"cc.Vec2","x":-276.5,"y":27.3}]},{"__type__":"1cb3eoIRdhJWZayW7A68Y7j","node":{"__id__":6},"applyDownsensor":true}],"_prefab":{"__type__":"cc.PrefabInfo","root":{"__id__":1},"asset":{"__uuid__":"5bnJZmLTZKqbe3zwqf+D0F"},"fileId":"468rNvg3NAXqo2epobny6x"},"_contentSize":{"__type__":"cc.Size","width":300,"height":111},"_trs":{"__type__":"TypedArray","ctor":"Float64Array","array":[0,0,0,0,0,0,1,1,1,1]}},{"__type__":"cc.Node","_name":"zhenup","_parent":{"__id__":5},"_components":[{"__type__":"cc.RigidBody","node":{"__id__":7},"_type":0,"_gravityScale":0,"bullet":true}],"_prefab":{"__type__":"cc.PrefabInfo","root":{"__id__":1},"asset":{"__uuid__":"5bnJZmLTZKqbe3zwqf+D0F"},"fileId":"92gcCyq19Kx5Evo3h1F7ig"},"_trs":{"__type__":"TypedArray","ctor":"Float64Array","array":[0,0,0,0,0,0,1,1,1,1]}},{"__type__":"cc.Node","_name":"zhendown","_parent":{"__id__":5},"_components":[{"__type__":"cc.RigidBody","node":{"__id__":8},"_type":0,"_gravityScale":0,"bullet":true}],"_prefab":{"__type__":"cc.PrefabInfo","root":{"__id__":1},"asset":{"__uuid__":"5bnJZmLTZKqbe3zwqf+D0F"},"fileId":"04WuOraqlFf6BB2E3kuJ5P"},"_trs":{"__type__":"TypedArray","ctor":"Float64Array","array":[0,-110.076,0,0,0,0,1,1,1,1]}},{"__type__":"cc.Node","_name":"zhenNodeTwo","_parent":{"__id__":1},"_children":[{"__id__":10},{"__id__":11},{"__id__":12}],"_prefab":{"__type__":"cc.PrefabInfo","root":{"__id__":1},"asset":{"__uuid__":"5bnJZmLTZKqbe3zwqf+D0F"},"fileId":"5czJB5wQFGELKRlLpSKL1z"},"_trs":{"__type__":"TypedArray","ctor":"Float64Array","array":[179.808,234.582,0,0,0,-0.9335804264972017,0.3583679495453004,1,1,1]},"_eulerAngles":{"__type__":"cc.Vec3","z":-138}},{"__type__":"cc.Node","_name":"zhen","_parent":{"__id__":9},"_components":[{"__type__":"cc.Sprite","node":{"__id__":10},"_materials":[{"__uuid__":"ecpdLyjvZBwrvm+cedCcQy"}],"_spriteFrame":{"__uuid__":"14vJwyNH1OspMXFimJtxkW"},"_type":1,"_sizeMode":0},{"__type__":"cc.RigidBody","node":{"__id__":10},"_type":3,"_gravityScale":0,"_fixedRotation":true,"enabledContactListener":true,"bullet":true},{"__type__":"cc.PhysicsPolygonCollider","node":{"__id__":10},"_offset":{"__type__":"cc.Vec2","x":151.5,"y":5.7},"points":[{"__type__":"cc.Vec2","x":-275.7,"y":-37.8},{"__type__":"cc.Vec2","x":-249.4,"y":-61.6},{"__type__":"cc.Vec2","x":-184.7,"y":-52.8},{"__type__":"cc.Vec2","x":-168.3,"y":-20.6},{"__type__":"cc.Vec2","x":-26.2,"y":-22.6},{"__type__":"cc.Vec2","x":-26.5,"y":13.5},{"__type__":"cc.Vec2","x":-170.5,"y":13.4},{"__type__":"cc.Vec2","x":-181.5,"y":39.2},{"__type__":"cc.Vec2","x":-244.7,"y":48.8},{"__type__":"cc.Vec2","x":-276.5,"y":27.3}]},{"__type__":"1cb3eoIRdhJWZayW7A68Y7j","node":{"__id__":10},"applyUpsensor":true}],"_prefab":{"__type__":"cc.PrefabInfo","root":{"__id__":1},"asset":{"__uuid__":"5bnJZmLTZKqbe3zwqf+D0F"},"fileId":"caFIMrUx9IVJwa3gzjdmV7"},"_contentSize":{"__type__":"cc.Size","width":300,"height":111},"_trs":{"__type__":"TypedArray","ctor":"Float64Array","array":[0,0,0,0,0,0,1,1,1,1]}},{"__type__":"cc.Node","_name":"zhenup","_parent":{"__id__":9},"_components":[{"__type__":"cc.RigidBody","node":{"__id__":11},"_type":0,"_gravityScale":0,"bullet":true}],"_prefab":{"__type__":"cc.PrefabInfo","root":{"__id__":1},"asset":{"__uuid__":"5bnJZmLTZKqbe3zwqf+D0F"},"fileId":"afTyTm6PtBv7NGD/l/HP81"},"_trs":{"__type__":"TypedArray","ctor":"Float64Array","array":[0,111.437,0,0,0,0,1,1,1,1]}},{"__type__":"cc.Node","_name":"zhendown","_parent":{"__id__":9},"_components":[{"__type__":"cc.RigidBody","node":{"__id__":12},"_type":0,"_gravityScale":0,"bullet":true}],"_prefab":{"__type__":"cc.PrefabInfo","root":{"__id__":1},"asset":{"__uuid__":"5bnJZmLTZKqbe3zwqf+D0F"},"fileId":"d99ADCyCVFTLu9mMTVPuUU"},"_trs":{"__type__":"TypedArray","ctor":"Float64Array","array":[0,0,0,0,0,0,1,1,1,1]}}],{"__type__":"cc.SpriteFrame","content":{"name":"guanqia119","texture":"8c0h9flE5OTbEQNXzRsQXs","rect":[0,0,580,1494],"offset":[0,0],"originalSize":[580,1494],"capInsets":[0,0,0,0]}}]