[{"__type__":"cc.SpriteFrame","content":{"name":"diqitian-en","texture":"04UcI/UD9Fnqml+IsVsOTV","rect":[2,1,82,24],"offset":[0,0.5],"originalSize":[86,27],"capInsets":[0,0,0,0]}},[{"__type__":"cc.Prefab","_name":"UISignPanel","data":{"__id__":1}},{"__type__":"cc.Node","_name":"SignPanel","_children":[{"__id__":2},{"__id__":3}],"_components":[{"__type__":"cc.Widget","node":{"__id__":1},"_alignFlags":45}],"_prefab":{"__type__":"cc.PrefabInfo","root":{"__id__":1},"asset":{"__uuid__":"30nMceUPBMDrm0gnfFrGd3"},"fileId":"66Mxx9OVVFMKAZu2kSPsVj"},"_contentSize":{"__type__":"cc.Size","width":1080,"height":1920},"_trs":{"__type__":"TypedArray","ctor":"Float64Array","array":[540,960,0,0,0,0,1,1,1,1]}},{"__type__":"cc.Node","_name":"Mask","_parent":{"__id__":1},"_components":[{"__type__":"cc.Sprite","node":{"__id__":2},"_materials":[{"__uuid__":"ecpdLyjvZBwrvm+cedCcQy"}],"_spriteFrame":{"__uuid__":"a2MjXRFdtLlYQ5ouAFv/+R"},"_sizeMode":0},{"__type__":"cc.Widget","node":{"__id__":2},"_alignFlags":45,"_originalWidth":100,"_originalHeight":100},{"__type__":"cc.BlockInputEvents","node":{"__id__":2}}],"_prefab":{"__type__":"cc.PrefabInfo","root":{"__id__":1},"asset":{"__uuid__":"30nMceUPBMDrm0gnfFrGd3"},"fileId":"25bHNfW65Gqp9fjg6akaHx"},"_opacity":120,"_color":{"__type__":"cc.Color"},"_contentSize":{"__type__":"cc.Size","width":1080,"height":1920},"_trs":{"__type__":"TypedArray","ctor":"Float64Array","array":[0,0,0,0,0,0,1,1,1,1]}},{"__type__":"cc.Node","_name":"Panel","_parent":{"__id__":1},"_children":[{"__id__":4},{"__id__":5},{"__id__":7},{"__id__":21},{"__id__":36},{"__id__":52},{"__id__":69},{"__id__":87},{"__id__":106},{"__id__":118},{"__id__":120},{"__id__":122}],"_prefab":{"__type__":"cc.PrefabInfo","root":{"__id__":1},"asset":{"__uuid__":"30nMceUPBMDrm0gnfFrGd3"},"fileId":"eeUxdSHsFKrIS7e0v9dLP4"},"_trs":{"__type__":"TypedArray","ctor":"Float64Array","array":[0,0,0,0,0,0,1,1,1,1]}},{"__type__":"cc.Node","_name":"image_qdkuang","_parent":{"__id__":3},"_components":[{"__type__":"cc.Sprite","node":{"__id__":4},"_materials":[{"__uuid__":"ecpdLyjvZBwrvm+cedCcQy"}],"_spriteFrame":{"__uuid__":"cd3vZ3JstBBrRPj5k8NK7Z"}}],"_prefab":{"__type__":"cc.PrefabInfo","root":{"__id__":1},"asset":{"__uuid__":"30nMceUPBMDrm0gnfFrGd3"},"fileId":"564Thwi/VL1pAPtxeqZhbb"},"_contentSize":{"__type__":"cc.Size","width":980,"height":889},"_trs":{"__type__":"TypedArray","ctor":"Float64Array","array":[0,182.991,0,0,0,0,1,1,1,1]}},{"__type__":"cc.Node","_name":"BtnClose","_parent":{"__id__":3},"_children":[{"__id__":6}],"_components":[{"__type__":"cc.Button","node":{"__id__":5},"_normalMaterial":{"__uuid__":"ecpdLyjvZBwrvm+cedCcQy"},"_N$transition":3,"transition":3,"_N$normalColor":{"__type__":"cc.Color","r":230,"g":230,"b":230},"_N$pressedColor":{"__type__":"cc.Color","r":200,"g":200,"b":200},"pressedColor":{"__type__":"cc.Color","r":200,"g":200,"b":200},"_N$disabledColor":{"__type__":"cc.Color","r":120,"g":120,"b":120,"a":200},"_N$normalSprite":{"__uuid__":"f0BIwQ8D5Ml7nTNQbh1YlS"},"_N$pressedSprite":{"__uuid__":"e97GVMl6JHh5Ml5qEDdSGa"},"pressedSprite":{"__uuid__":"e97GVMl6JHh5Ml5qEDdSGa"},"_N$hoverSprite":{"__uuid__":"f0BIwQ8D5Ml7nTNQbh1YlS"},"hoverSprite":{"__uuid__":"f0BIwQ8D5Ml7nTNQbh1YlS"},"_N$disabledSprite":{"__uuid__":"29FYIk+N1GYaeWH/q1NxQO"},"_N$target":{"__id__":6}}],"_prefab":{"__type__":"cc.PrefabInfo","root":{"__id__":1},"asset":{"__uuid__":"30nMceUPBMDrm0gnfFrGd3"},"fileId":"53JMOOOBpAj6cc8vTeSyDO"},"_contentSize":{"__type__":"cc.Size","width":70,"height":70},"_trs":{"__type__":"TypedArray","ctor":"Float64Array","array":[377.929,402.371,0,0,0,0,1,1,1,1]}},{"__type__":"cc.Node","_name":"Background","_parent":{"__id__":5},"_components":[{"__type__":"cc.Sprite","node":{"__id__":6},"_materials":[{"__uuid__":"ecpdLyjvZBwrvm+cedCcQy"}],"_spriteFrame":{"__uuid__":"cdnMcnzoBE9KKZbA3d7a+G"},"_type":1,"_sizeMode":0},{"__type__":"cc.Widget","node":{"__id__":6},"alignMode":0,"_alignFlags":45,"_left":-26,"_right":-26,"_top":-19.000000000000014,"_bottom":-18.999999999999986,"_originalWidth":100,"_originalHeight":40}],"_prefab":{"__type__":"cc.PrefabInfo","root":{"__id__":1},"asset":{"__uuid__":"30nMceUPBMDrm0gnfFrGd3"},"fileId":"82MR2T2yBAyYpmy6HicBOl"},"_contentSize":{"__type__":"cc.Size","width":122,"height":108},"_trs":{"__type__":"TypedArray","ctor":"Float64Array","array":[0,1.4210854715202004e-14,0,0,0,0,1,1,1,0]}},{"__type__":"cc.Node","_name":"Day_1","_parent":{"__id__":3},"_children":[{"__id__":8},{"__id__":10},{"__id__":14},{"__id__":17}],"_prefab":{"__type__":"cc.PrefabInfo","root":{"__id__":1},"asset":{"__uuid__":"30nMceUPBMDrm0gnfFrGd3"},"fileId":"a7jLPRh2JBd4yPP0hs1RHw"},"_trs":{"__type__":"TypedArray","ctor":"Float64Array","array":[-177,295,0,0,0,0,1,1,1,1]}},{"__type__":"cc.Node","_name":"Normal","_parent":{"__id__":7},"_children":[{"__id__":9}],"_prefab":{"__type__":"cc.PrefabInfo","root":{"__id__":1},"asset":{"__uuid__":"30nMceUPBMDrm0gnfFrGd3"},"fileId":"1cWAmo/3pBir1UmpTfoaPa"},"_trs":{"__type__":"TypedArray","ctor":"Float64Array","array":[0,0,0,0,0,0,1,1,1,1]}},{"__type__":"cc.Node","_name":"image_xxk1","_parent":{"__id__":8},"_components":[{"__type__":"cc.Sprite","node":{"__id__":9},"_materials":[{"__uuid__":"ecpdLyjvZBwrvm+cedCcQy"}],"_spriteFrame":{"__uuid__":"e1jcJ/1xhM6Ka7ETlqnl7o"},"_sizeMode":0}],"_prefab":{"__type__":"cc.PrefabInfo","root":{"__id__":1},"asset":{"__uuid__":"30nMceUPBMDrm0gnfFrGd3"},"fileId":"c2VSsqfq5INK4XIpYGD5PU"},"_contentSize":{"__type__":"cc.Size","width":181,"height":168},"_trs":{"__type__":"TypedArray","ctor":"Float64Array","array":[0,0,0,0,0,0,1,1,1,1]}},{"__type__":"cc.Node","_name":"Content","_parent":{"__id__":7},"_children":[{"__id__":11},{"__id__":12},{"__id__":13}],"_prefab":{"__type__":"cc.PrefabInfo","root":{"__id__":1},"asset":{"__uuid__":"30nMceUPBMDrm0gnfFrGd3"},"fileId":"34V2uap8JNGab/hBKuCbga"},"_trs":{"__type__":"TypedArray","ctor":"Float64Array","array":[0,0,0,0,0,0,1,1,1,1]}},{"__type__":"cc.Node","_name":"LabelDay","_parent":{"__id__":10},"_components":[{"__type__":"cc.Sprite","node":{"__id__":11},"_materials":[{"__uuid__":"ecpdLyjvZBwrvm+cedCcQy"}],"_spriteFrame":{"__uuid__":"6ai+khlQxCZ5mdFq6rwpwn"}}],"_prefab":{"__type__":"cc.PrefabInfo","root":{"__id__":1},"asset":{"__uuid__":"30nMceUPBMDrm0gnfFrGd3"},"fileId":"c9k1yR4zxFsr6kzyfIICoJ"},"_contentSize":{"__type__":"cc.Size","width":74,"height":25},"_trs":{"__type__":"TypedArray","ctor":"Float64Array","array":[-0.379,54.881,0,0,0,0,1,1,1,1]}},{"__type__":"cc.Node","_name":"image_qdzs","_parent":{"__id__":10},"_components":[{"__type__":"cc.Sprite","node":{"__id__":12},"_materials":[{"__uuid__":"ecpdLyjvZBwrvm+cedCcQy"}],"_spriteFrame":{"__uuid__":"28N6dfXORFeYS0TxW69Itz"},"_sizeMode":0}],"_prefab":{"__type__":"cc.PrefabInfo","root":{"__id__":1},"asset":{"__uuid__":"30nMceUPBMDrm0gnfFrGd3"},"fileId":"64tGfSY9JAAKjVz1x61t38"},"_contentSize":{"__type__":"cc.Size","width":62,"height":65},"_trs":{"__type__":"TypedArray","ctor":"Float64Array","array":[-2,-16,0,0,0,0,1,1,1,1]}},{"__type__":"cc.Node","_name":"LabelCoin","_parent":{"__id__":10},"_active":false,"_components":[{"__type__":"cc.Label","node":{"__id__":13},"_materials":[{"__uuid__":"ecpdLyjvZBwrvm+cedCcQy"}],"_useOriginalSize":false,"_string":"x10","_N$string":"x10","_fontSize":35,"_lineHeight":35,"_N$horizontalAlign":1,"_N$verticalAlign":1}],"_prefab":{"__type__":"cc.PrefabInfo","root":{"__id__":1},"asset":{"__uuid__":"30nMceUPBMDrm0gnfFrGd3"},"fileId":"0astsYl95MS7r438Td6BmT"},"_contentSize":{"__type__":"cc.Size","width":56.43,"height":44.1},"_trs":{"__type__":"TypedArray","ctor":"Float64Array","array":[0,-82.529,0,0,0,0,1,1,1,1]}},{"__type__":"cc.Node","_name":"Got","_parent":{"__id__":7},"_children":[{"__id__":15},{"__id__":16}],"_prefab":{"__type__":"cc.PrefabInfo","root":{"__id__":1},"asset":{"__uuid__":"30nMceUPBMDrm0gnfFrGd3"},"fileId":"679/cLUuJMJYWQpoOf8S23"},"_trs":{"__type__":"TypedArray","ctor":"Float64Array","array":[0,0,0,0,0,0,1,1,1,1]}},{"__type__":"cc.Node","_name":"image_xxk2","_parent":{"__id__":14},"_components":[{"__type__":"cc.Sprite","node":{"__id__":15},"_materials":[{"__uuid__":"ecpdLyjvZBwrvm+cedCcQy"}],"_spriteFrame":{"__uuid__":"dfOB9S0PxB250XuneqLPtV"}}],"_prefab":{"__type__":"cc.PrefabInfo","root":{"__id__":1},"asset":{"__uuid__":"30nMceUPBMDrm0gnfFrGd3"},"fileId":"52g3few9xKCJaiHhLeCWj+"},"_contentSize":{"__type__":"cc.Size","width":179,"height":162},"_trs":{"__type__":"TypedArray","ctor":"Float64Array","array":[0,0,0,0,0,0,1,1,1,1]}},{"__type__":"cc.Node","_name":"image_gou","_parent":{"__id__":14},"_active":false,"_components":[{"__type__":"cc.Sprite","node":{"__id__":16},"_materials":[{"__uuid__":"ecpdLyjvZBwrvm+cedCcQy"}],"_spriteFrame":{"__uuid__":"7fTka+4dVJwqcSx+xzqvmX"}}],"_prefab":{"__type__":"cc.PrefabInfo","root":{"__id__":1},"asset":{"__uuid__":"30nMceUPBMDrm0gnfFrGd3"},"fileId":"e2fEfekchLObUeob3w0ZF+"},"_contentSize":{"__type__":"cc.Size","width":118,"height":98},"_trs":{"__type__":"TypedArray","ctor":"Float64Array","array":[2.427,-4.854,0,0,0,0,1,1,1,1]}},{"__type__":"cc.Node","_name":"Current","_parent":{"__id__":7},"_children":[{"__id__":18},{"__id__":19},{"__id__":20}],"_prefab":{"__type__":"cc.PrefabInfo","root":{"__id__":1},"asset":{"__uuid__":"30nMceUPBMDrm0gnfFrGd3"},"fileId":"5dTBaBQRpOK4jk/wMs+gR/"},"_trs":{"__type__":"TypedArray","ctor":"Float64Array","array":[60,60,0,0,0,0,1,1,1,1]}},{"__type__":"cc.Node","_name":"image_xxguang","_parent":{"__id__":17},"_components":[{"__type__":"cc.Sprite","node":{"__id__":18},"_materials":[{"__uuid__":"ecpdLyjvZBwrvm+cedCcQy"}],"_spriteFrame":{"__uuid__":"d6VCji/SBGaJ1cyLRpqqcQ"}}],"_prefab":{"__type__":"cc.PrefabInfo","root":{"__id__":1},"asset":{"__uuid__":"30nMceUPBMDrm0gnfFrGd3"},"fileId":"35lArciIBJ1K623mwJ1h2g"},"_contentSize":{"__type__":"cc.Size","width":23,"height":23},"_trs":{"__type__":"TypedArray","ctor":"Float64Array","array":[0,0,0,0,0,0,1,1,1,1]}},{"__type__":"cc.Node","_name":"image_xxk1","_parent":{"__id__":17},"_active":false,"_components":[{"__type__":"cc.Sprite","node":{"__id__":19},"_materials":[{"__uuid__":"ecpdLyjvZBwrvm+cedCcQy"}]}],"_prefab":{"__type__":"cc.PrefabInfo","root":{"__id__":1},"asset":{"__uuid__":"30nMceUPBMDrm0gnfFrGd3"},"fileId":"bdDWd8/Y9PV5NkvDY4uMU9"},"_contentSize":{"__type__":"cc.Size","width":235,"height":215},"_trs":{"__type__":"TypedArray","ctor":"Float64Array","array":[0,0,0,0,0,0,1,1,1,1]}},{"__type__":"cc.Node","_name":"image_wpguang","_parent":{"__id__":17},"_active":false,"_components":[{"__type__":"cc.Sprite","node":{"__id__":20},"_materials":[{"__uuid__":"ecpdLyjvZBwrvm+cedCcQy"}],"_spriteFrame":{"__uuid__":"ffQJfQVF5BRLmvoQDk6i6r"}}],"_prefab":{"__type__":"cc.PrefabInfo","root":{"__id__":1},"asset":{"__uuid__":"30nMceUPBMDrm0gnfFrGd3"},"fileId":"e9FNTuvxZIMpw66Lldq5/R"},"_contentSize":{"__type__":"cc.Size","width":23,"height":23},"_trs":{"__type__":"TypedArray","ctor":"Float64Array","array":[0,-23.58,0,0,0,0,1,1,1,1]}},{"__type__":"cc.Node","_name":"Day_2","_parent":{"__id__":3},"_children":[{"__id__":22},{"__id__":24},{"__id__":29},{"__id__":32}],"_prefab":{"__type__":"cc.PrefabInfo","root":{"__id__":1},"asset":{"__uuid__":"30nMceUPBMDrm0gnfFrGd3"},"fileId":"25GuYuKx9GMLiUwOg/lB9h"},"_trs":{"__type__":"TypedArray","ctor":"Float64Array","array":[8,295,0,0,0,0,1,1,1,1]}},{"__type__":"cc.Node","_name":"Normal","_parent":{"__id__":21},"_children":[{"__id__":23}],"_prefab":{"__type__":"cc.PrefabInfo","root":{"__id__":1},"asset":{"__uuid__":"30nMceUPBMDrm0gnfFrGd3"},"fileId":"ea8K3SXQlJqJ6hMPBcGFpC"},"_trs":{"__type__":"TypedArray","ctor":"Float64Array","array":[0,0,0,0,0,0,1,1,1,1]}},{"__type__":"cc.Node","_name":"image_xxk1","_parent":{"__id__":22},"_components":[{"__type__":"cc.Sprite","node":{"__id__":23},"_materials":[{"__uuid__":"ecpdLyjvZBwrvm+cedCcQy"}],"_spriteFrame":{"__uuid__":"e1jcJ/1xhM6Ka7ETlqnl7o"},"_sizeMode":0}],"_prefab":{"__type__":"cc.PrefabInfo","root":{"__id__":1},"asset":{"__uuid__":"30nMceUPBMDrm0gnfFrGd3"},"fileId":"9453HwWvROPaw9j9rNS/CC"},"_contentSize":{"__type__":"cc.Size","width":181,"height":168},"_trs":{"__type__":"TypedArray","ctor":"Float64Array","array":[0,0,0,0,0,0,1,1,1,1]}},{"__type__":"cc.Node","_name":"Content","_parent":{"__id__":21},"_children":[{"__id__":25},{"__id__":26},{"__id__":27},{"__id__":28}],"_prefab":{"__type__":"cc.PrefabInfo","root":{"__id__":1},"asset":{"__uuid__":"30nMceUPBMDrm0gnfFrGd3"},"fileId":"b1qGeIbp9EdbNFJRMHvTXQ"},"_trs":{"__type__":"TypedArray","ctor":"Float64Array","array":[0,0,0,0,0,0,1,1,1,1]}},{"__type__":"cc.Node","_name":"LabelDay","_parent":{"__id__":24},"_components":[{"__type__":"cc.Sprite","node":{"__id__":25},"_materials":[{"__uuid__":"ecpdLyjvZBwrvm+cedCcQy"}],"_spriteFrame":{"__uuid__":"a3AgPAiVZDt67fQ/VhSjy6"}}],"_prefab":{"__type__":"cc.PrefabInfo","root":{"__id__":1},"asset":{"__uuid__":"30nMceUPBMDrm0gnfFrGd3"},"fileId":"76Vz+scdZPt5f6MFwrjRXX"},"_contentSize":{"__type__":"cc.Size","width":84,"height":25},"_trs":{"__type__":"TypedArray","ctor":"Float64Array","array":[-0.379,54.881,0,0,0,0,1,1,1,1]}},{"__type__":"cc.Node","_name":"image_qdzs","_parent":{"__id__":24},"_components":[{"__type__":"cc.Sprite","node":{"__id__":26},"_materials":[{"__uuid__":"ecpdLyjvZBwrvm+cedCcQy"}],"_spriteFrame":{"__uuid__":"28N6dfXORFeYS0TxW69Itz"},"_sizeMode":0}],"_prefab":{"__type__":"cc.PrefabInfo","root":{"__id__":1},"asset":{"__uuid__":"30nMceUPBMDrm0gnfFrGd3"},"fileId":"c8gh7Y5yZDwrCOheSvUSKL"},"_contentSize":{"__type__":"cc.Size","width":56.8,"height":59.6},"_trs":{"__type__":"TypedArray","ctor":"Float64Array","array":[15.8,-15.88,0,0,0,0,1,1,1,1]}},{"__type__":"cc.Node","_name":"image_qdzs","_parent":{"__id__":24},"_components":[{"__type__":"cc.Sprite","node":{"__id__":27},"_materials":[{"__uuid__":"ecpdLyjvZBwrvm+cedCcQy"}],"_spriteFrame":{"__uuid__":"28N6dfXORFeYS0TxW69Itz"},"_sizeMode":0}],"_prefab":{"__type__":"cc.PrefabInfo","root":{"__id__":1},"asset":{"__uuid__":"30nMceUPBMDrm0gnfFrGd3"},"fileId":"4cb79Q+edL1qq5UE6ZDaJz"},"_contentSize":{"__type__":"cc.Size","width":56.8,"height":59.6},"_trs":{"__type__":"TypedArray","ctor":"Float64Array","array":[-22.859,-16.425,0,0,0,0,1,1,1,1]}},{"__type__":"cc.Node","_name":"LabelCoin","_parent":{"__id__":24},"_active":false,"_components":[{"__type__":"cc.Label","node":{"__id__":28},"_materials":[{"__uuid__":"ecpdLyjvZBwrvm+cedCcQy"}],"_useOriginalSize":false,"_string":"x10","_N$string":"x10","_fontSize":35,"_lineHeight":35,"_N$horizontalAlign":1,"_N$verticalAlign":1}],"_prefab":{"__type__":"cc.PrefabInfo","root":{"__id__":1},"asset":{"__uuid__":"30nMceUPBMDrm0gnfFrGd3"},"fileId":"fcUpmObThJUaW3ckeL70nV"},"_contentSize":{"__type__":"cc.Size","width":56.43,"height":44.1},"_trs":{"__type__":"TypedArray","ctor":"Float64Array","array":[0,-82.529,0,0,0,0,1,1,1,1]}},{"__type__":"cc.Node","_name":"Got","_parent":{"__id__":21},"_children":[{"__id__":30},{"__id__":31}],"_prefab":{"__type__":"cc.PrefabInfo","root":{"__id__":1},"asset":{"__uuid__":"30nMceUPBMDrm0gnfFrGd3"},"fileId":"b8BXVqlctFRbJ6bb3T9dHc"},"_trs":{"__type__":"TypedArray","ctor":"Float64Array","array":[0,0,0,0,0,0,1,1,1,1]}},{"__type__":"cc.Node","_name":"image_xxk2","_parent":{"__id__":29},"_components":[{"__type__":"cc.Sprite","node":{"__id__":30},"_materials":[{"__uuid__":"ecpdLyjvZBwrvm+cedCcQy"}],"_spriteFrame":{"__uuid__":"dfOB9S0PxB250XuneqLPtV"}}],"_prefab":{"__type__":"cc.PrefabInfo","root":{"__id__":1},"asset":{"__uuid__":"30nMceUPBMDrm0gnfFrGd3"},"fileId":"51NV69CThDu5fJvtnGW+IS"},"_contentSize":{"__type__":"cc.Size","width":179,"height":162},"_trs":{"__type__":"TypedArray","ctor":"Float64Array","array":[0,0,0,0,0,0,1,1,1,1]}},{"__type__":"cc.Node","_name":"image_gou","_parent":{"__id__":29},"_active":false,"_components":[{"__type__":"cc.Sprite","node":{"__id__":31},"_materials":[{"__uuid__":"ecpdLyjvZBwrvm+cedCcQy"}],"_spriteFrame":{"__uuid__":"7fTka+4dVJwqcSx+xzqvmX"}}],"_prefab":{"__type__":"cc.PrefabInfo","root":{"__id__":1},"asset":{"__uuid__":"30nMceUPBMDrm0gnfFrGd3"},"fileId":"2aN9wOeZ9KyJSyEXO1WWlI"},"_contentSize":{"__type__":"cc.Size","width":118,"height":98},"_trs":{"__type__":"TypedArray","ctor":"Float64Array","array":[2.427,-4.854,0,0,0,0,1,1,1,1]}},{"__type__":"cc.Node","_name":"Current","_parent":{"__id__":21},"_children":[{"__id__":33},{"__id__":34},{"__id__":35}],"_prefab":{"__type__":"cc.PrefabInfo","root":{"__id__":1},"asset":{"__uuid__":"30nMceUPBMDrm0gnfFrGd3"},"fileId":"69qqB1H2ZGRLTxxM8jC4k5"},"_trs":{"__type__":"TypedArray","ctor":"Float64Array","array":[60,60,0,0,0,0,1,1,1,1]}},{"__type__":"cc.Node","_name":"image_xxguang","_parent":{"__id__":32},"_components":[{"__type__":"cc.Sprite","node":{"__id__":33},"_materials":[{"__uuid__":"ecpdLyjvZBwrvm+cedCcQy"}],"_spriteFrame":{"__uuid__":"d6VCji/SBGaJ1cyLRpqqcQ"}}],"_prefab":{"__type__":"cc.PrefabInfo","root":{"__id__":1},"asset":{"__uuid__":"30nMceUPBMDrm0gnfFrGd3"},"fileId":"28wi/aNpNE0JzcRFS68hNv"},"_contentSize":{"__type__":"cc.Size","width":23,"height":23},"_trs":{"__type__":"TypedArray","ctor":"Float64Array","array":[0,0,0,0,0,0,1,1,1,1]}},{"__type__":"cc.Node","_name":"image_xxk1","_parent":{"__id__":32},"_active":false,"_components":[{"__type__":"cc.Sprite","node":{"__id__":34},"_materials":[{"__uuid__":"ecpdLyjvZBwrvm+cedCcQy"}]}],"_prefab":{"__type__":"cc.PrefabInfo","root":{"__id__":1},"asset":{"__uuid__":"30nMceUPBMDrm0gnfFrGd3"},"fileId":"12pF8RR1dIYYPhP03u/zA5"},"_contentSize":{"__type__":"cc.Size","width":235,"height":215},"_trs":{"__type__":"TypedArray","ctor":"Float64Array","array":[0,0,0,0,0,0,1,1,1,1]}},{"__type__":"cc.Node","_name":"image_wpguang","_parent":{"__id__":32},"_active":false,"_components":[{"__type__":"cc.Sprite","node":{"__id__":35},"_materials":[{"__uuid__":"ecpdLyjvZBwrvm+cedCcQy"}],"_spriteFrame":{"__uuid__":"ffQJfQVF5BRLmvoQDk6i6r"}}],"_prefab":{"__type__":"cc.PrefabInfo","root":{"__id__":1},"asset":{"__uuid__":"30nMceUPBMDrm0gnfFrGd3"},"fileId":"23pryLVLdOn5JmCHR5vZls"},"_contentSize":{"__type__":"cc.Size","width":23,"height":23},"_trs":{"__type__":"TypedArray","ctor":"Float64Array","array":[0,-23.58,0,0,0,0,1,1,1,1]}},{"__type__":"cc.Node","_name":"Day_3","_parent":{"__id__":3},"_children":[{"__id__":37},{"__id__":39},{"__id__":45},{"__id__":48}],"_prefab":{"__type__":"cc.PrefabInfo","root":{"__id__":1},"asset":{"__uuid__":"30nMceUPBMDrm0gnfFrGd3"},"fileId":"f7O312TYFD84jfND7qIx+C"},"_trs":{"__type__":"TypedArray","ctor":"Float64Array","array":[190,295,0,0,0,0,1,1,1,1]}},{"__type__":"cc.Node","_name":"Normal","_parent":{"__id__":36},"_children":[{"__id__":38}],"_prefab":{"__type__":"cc.PrefabInfo","root":{"__id__":1},"asset":{"__uuid__":"30nMceUPBMDrm0gnfFrGd3"},"fileId":"0aUxHecg9G27Iy1Ds1xC3x"},"_trs":{"__type__":"TypedArray","ctor":"Float64Array","array":[0,0,0,0,0,0,1,1,1,1]}},{"__type__":"cc.Node","_name":"image_xxk1","_parent":{"__id__":37},"_components":[{"__type__":"cc.Sprite","node":{"__id__":38},"_materials":[{"__uuid__":"ecpdLyjvZBwrvm+cedCcQy"}],"_spriteFrame":{"__uuid__":"e1jcJ/1xhM6Ka7ETlqnl7o"},"_sizeMode":0}],"_prefab":{"__type__":"cc.PrefabInfo","root":{"__id__":1},"asset":{"__uuid__":"30nMceUPBMDrm0gnfFrGd3"},"fileId":"de3mkdtfBE2YZALnhdfn3y"},"_contentSize":{"__type__":"cc.Size","width":181,"height":168},"_trs":{"__type__":"TypedArray","ctor":"Float64Array","array":[0,0,0,0,0,0,1,1,1,1]}},{"__type__":"cc.Node","_name":"Content","_parent":{"__id__":36},"_children":[{"__id__":40},{"__id__":41},{"__id__":42},{"__id__":43},{"__id__":44}],"_prefab":{"__type__":"cc.PrefabInfo","root":{"__id__":1},"asset":{"__uuid__":"30nMceUPBMDrm0gnfFrGd3"},"fileId":"c89i6pIndI75UYyUeZt0dh"},"_trs":{"__type__":"TypedArray","ctor":"Float64Array","array":[0,0,0,0,0,0,1,1,1,1]}},{"__type__":"cc.Node","_name":"LabelDay","_parent":{"__id__":39},"_components":[{"__type__":"cc.Sprite","node":{"__id__":40},"_materials":[{"__uuid__":"ecpdLyjvZBwrvm+cedCcQy"}],"_spriteFrame":{"__uuid__":"dcbEwCBV1Fp5G/BkRFtXCC"}}],"_prefab":{"__type__":"cc.PrefabInfo","root":{"__id__":1},"asset":{"__uuid__":"30nMceUPBMDrm0gnfFrGd3"},"fileId":"018osfwaBAQoV2nCKMMZ+W"},"_contentSize":{"__type__":"cc.Size","width":85,"height":25},"_trs":{"__type__":"TypedArray","ctor":"Float64Array","array":[-0.379,54.881,0,0,0,0,1,1,1,1]}},{"__type__":"cc.Node","_name":"LabelCoin","_parent":{"__id__":39},"_active":false,"_components":[{"__type__":"cc.Label","node":{"__id__":41},"_materials":[{"__uuid__":"ecpdLyjvZBwrvm+cedCcQy"}],"_useOriginalSize":false,"_string":"x10","_N$string":"x10","_fontSize":35,"_lineHeight":35,"_N$horizontalAlign":1,"_N$verticalAlign":1}],"_prefab":{"__type__":"cc.PrefabInfo","root":{"__id__":1},"asset":{"__uuid__":"30nMceUPBMDrm0gnfFrGd3"},"fileId":"67kd+dDgpJsq17NbGC6rom"},"_contentSize":{"__type__":"cc.Size","width":56.43,"height":44.1},"_trs":{"__type__":"TypedArray","ctor":"Float64Array","array":[0,-82.529,0,0,0,0,1,1,1,1]}},{"__type__":"cc.Node","_name":"image_qdzs","_parent":{"__id__":39},"_components":[{"__type__":"cc.Sprite","node":{"__id__":42},"_materials":[{"__uuid__":"ecpdLyjvZBwrvm+cedCcQy"}],"_spriteFrame":{"__uuid__":"28N6dfXORFeYS0TxW69Itz"},"_sizeMode":0}],"_prefab":{"__type__":"cc.PrefabInfo","root":{"__id__":1},"asset":{"__uuid__":"30nMceUPBMDrm0gnfFrGd3"},"fileId":"3fInBfT41D9qO1l0dgDOll"},"_contentSize":{"__type__":"cc.Size","width":56.8,"height":59.6},"_trs":{"__type__":"TypedArray","ctor":"Float64Array","array":[-16.1,-18.9,0,0,0,0,1,1,1,1]}},{"__type__":"cc.Node","_name":"image_qdzs","_parent":{"__id__":39},"_components":[{"__type__":"cc.Sprite","node":{"__id__":43},"_materials":[{"__uuid__":"ecpdLyjvZBwrvm+cedCcQy"}],"_spriteFrame":{"__uuid__":"28N6dfXORFeYS0TxW69Itz"},"_sizeMode":0}],"_prefab":{"__type__":"cc.PrefabInfo","root":{"__id__":1},"asset":{"__uuid__":"30nMceUPBMDrm0gnfFrGd3"},"fileId":"72mRFWiIJHQ6BCZLnS2+45"},"_contentSize":{"__type__":"cc.Size","width":56.8,"height":59.6},"_trs":{"__type__":"TypedArray","ctor":"Float64Array","array":[7.9,-18.9,0,0,0,0,1,1,1,1]}},{"__type__":"cc.Node","_name":"image_qdzs","_parent":{"__id__":39},"_components":[{"__type__":"cc.Sprite","node":{"__id__":44},"_materials":[{"__uuid__":"ecpdLyjvZBwrvm+cedCcQy"}],"_spriteFrame":{"__uuid__":"28N6dfXORFeYS0TxW69Itz"},"_sizeMode":0}],"_prefab":{"__type__":"cc.PrefabInfo","root":{"__id__":1},"asset":{"__uuid__":"30nMceUPBMDrm0gnfFrGd3"},"fileId":"5a/63K1ohGVY9HEFtqIT16"},"_contentSize":{"__type__":"cc.Size","width":56.8,"height":59.6},"_trs":{"__type__":"TypedArray","ctor":"Float64Array","array":[-7.1,5.1,0,0,0,0,1,1,1,1]}},{"__type__":"cc.Node","_name":"Got","_parent":{"__id__":36},"_children":[{"__id__":46},{"__id__":47}],"_prefab":{"__type__":"cc.PrefabInfo","root":{"__id__":1},"asset":{"__uuid__":"30nMceUPBMDrm0gnfFrGd3"},"fileId":"beAe80QaJOaJVFWeYiKq2x"},"_trs":{"__type__":"TypedArray","ctor":"Float64Array","array":[0,0,0,0,0,0,1,1,1,1]}},{"__type__":"cc.Node","_name":"image_xxk2","_parent":{"__id__":45},"_components":[{"__type__":"cc.Sprite","node":{"__id__":46},"_materials":[{"__uuid__":"ecpdLyjvZBwrvm+cedCcQy"}],"_spriteFrame":{"__uuid__":"dfOB9S0PxB250XuneqLPtV"}}],"_prefab":{"__type__":"cc.PrefabInfo","root":{"__id__":1},"asset":{"__uuid__":"30nMceUPBMDrm0gnfFrGd3"},"fileId":"e7QVGDKrVBTY/RwfUe+j5W"},"_contentSize":{"__type__":"cc.Size","width":179,"height":162},"_trs":{"__type__":"TypedArray","ctor":"Float64Array","array":[0,0,0,0,0,0,1,1,1,1]}},{"__type__":"cc.Node","_name":"image_gou","_parent":{"__id__":45},"_active":false,"_components":[{"__type__":"cc.Sprite","node":{"__id__":47},"_materials":[{"__uuid__":"ecpdLyjvZBwrvm+cedCcQy"}],"_spriteFrame":{"__uuid__":"7fTka+4dVJwqcSx+xzqvmX"}}],"_prefab":{"__type__":"cc.PrefabInfo","root":{"__id__":1},"asset":{"__uuid__":"30nMceUPBMDrm0gnfFrGd3"},"fileId":"8cso4cIX1FyqJvkwrljJSx"},"_contentSize":{"__type__":"cc.Size","width":118,"height":98},"_trs":{"__type__":"TypedArray","ctor":"Float64Array","array":[2.427,-4.854,0,0,0,0,1,1,1,1]}},{"__type__":"cc.Node","_name":"Current","_parent":{"__id__":36},"_children":[{"__id__":49},{"__id__":50},{"__id__":51}],"_prefab":{"__type__":"cc.PrefabInfo","root":{"__id__":1},"asset":{"__uuid__":"30nMceUPBMDrm0gnfFrGd3"},"fileId":"79dESHmnNMo7g68EC5C8wM"},"_trs":{"__type__":"TypedArray","ctor":"Float64Array","array":[60,60,0,0,0,0,1,1,1,1]}},{"__type__":"cc.Node","_name":"image_xxguang","_parent":{"__id__":48},"_components":[{"__type__":"cc.Sprite","node":{"__id__":49},"_materials":[{"__uuid__":"ecpdLyjvZBwrvm+cedCcQy"}],"_spriteFrame":{"__uuid__":"d6VCji/SBGaJ1cyLRpqqcQ"}}],"_prefab":{"__type__":"cc.PrefabInfo","root":{"__id__":1},"asset":{"__uuid__":"30nMceUPBMDrm0gnfFrGd3"},"fileId":"d7Dg/4xllKt7nEz2n2jxE9"},"_contentSize":{"__type__":"cc.Size","width":23,"height":23},"_trs":{"__type__":"TypedArray","ctor":"Float64Array","array":[0,0,0,0,0,0,1,1,1,1]}},{"__type__":"cc.Node","_name":"image_xxk1","_parent":{"__id__":48},"_active":false,"_components":[{"__type__":"cc.Sprite","node":{"__id__":50},"_materials":[{"__uuid__":"ecpdLyjvZBwrvm+cedCcQy"}]}],"_prefab":{"__type__":"cc.PrefabInfo","root":{"__id__":1},"asset":{"__uuid__":"30nMceUPBMDrm0gnfFrGd3"},"fileId":"76Xj0MxLlIlLzf+KeP54Ib"},"_contentSize":{"__type__":"cc.Size","width":235,"height":215},"_trs":{"__type__":"TypedArray","ctor":"Float64Array","array":[0,0,0,0,0,0,1,1,1,1]}},{"__type__":"cc.Node","_name":"image_wpguang","_parent":{"__id__":48},"_active":false,"_components":[{"__type__":"cc.Sprite","node":{"__id__":51},"_materials":[{"__uuid__":"ecpdLyjvZBwrvm+cedCcQy"}],"_spriteFrame":{"__uuid__":"ffQJfQVF5BRLmvoQDk6i6r"}}],"_prefab":{"__type__":"cc.PrefabInfo","root":{"__id__":1},"asset":{"__uuid__":"30nMceUPBMDrm0gnfFrGd3"},"fileId":"20Hw3m1OtJYbeMq4ZVwnre"},"_contentSize":{"__type__":"cc.Size","width":23,"height":23},"_trs":{"__type__":"TypedArray","ctor":"Float64Array","array":[0,-23.58,0,0,0,0,1,1,1,1]}},{"__type__":"cc.Node","_name":"Day_4","_parent":{"__id__":3},"_children":[{"__id__":53},{"__id__":55},{"__id__":62},{"__id__":65}],"_prefab":{"__type__":"cc.PrefabInfo","root":{"__id__":1},"asset":{"__uuid__":"30nMceUPBMDrm0gnfFrGd3"},"fileId":"61yjeaQxpBY4YJ7rrYOr88"},"_trs":{"__type__":"TypedArray","ctor":"Float64Array","array":[-177,121,0,0,0,0,1,1,1,1]}},{"__type__":"cc.Node","_name":"Normal","_parent":{"__id__":52},"_children":[{"__id__":54}],"_prefab":{"__type__":"cc.PrefabInfo","root":{"__id__":1},"asset":{"__uuid__":"30nMceUPBMDrm0gnfFrGd3"},"fileId":"9aDO/p7SxCyKmFdfZCghdy"},"_trs":{"__type__":"TypedArray","ctor":"Float64Array","array":[0,0,0,0,0,0,1,1,1,1]}},{"__type__":"cc.Node","_name":"image_xxk1","_parent":{"__id__":53},"_components":[{"__type__":"cc.Sprite","node":{"__id__":54},"_materials":[{"__uuid__":"ecpdLyjvZBwrvm+cedCcQy"}],"_spriteFrame":{"__uuid__":"e1jcJ/1xhM6Ka7ETlqnl7o"},"_sizeMode":0}],"_prefab":{"__type__":"cc.PrefabInfo","root":{"__id__":1},"asset":{"__uuid__":"30nMceUPBMDrm0gnfFrGd3"},"fileId":"bafdv8xB5Hn4UDex7uUDdJ"},"_contentSize":{"__type__":"cc.Size","width":181,"height":168},"_trs":{"__type__":"TypedArray","ctor":"Float64Array","array":[0,0,0,0,0,0,1,1,1,1]}},{"__type__":"cc.Node","_name":"Content","_parent":{"__id__":52},"_children":[{"__id__":56},{"__id__":57},{"__id__":58},{"__id__":59},{"__id__":60},{"__id__":61}],"_prefab":{"__type__":"cc.PrefabInfo","root":{"__id__":1},"asset":{"__uuid__":"30nMceUPBMDrm0gnfFrGd3"},"fileId":"15O4lyl/pNgb7HzaMYp7vi"},"_trs":{"__type__":"TypedArray","ctor":"Float64Array","array":[0,0,0,0,0,0,1,1,1,1]}},{"__type__":"cc.Node","_name":"LabelDay","_parent":{"__id__":55},"_components":[{"__type__":"cc.Sprite","node":{"__id__":56},"_materials":[{"__uuid__":"ecpdLyjvZBwrvm+cedCcQy"}],"_spriteFrame":{"__uuid__":"36Sk+fSldKt7jpp+Y/P5X0"}}],"_prefab":{"__type__":"cc.PrefabInfo","root":{"__id__":1},"asset":{"__uuid__":"30nMceUPBMDrm0gnfFrGd3"},"fileId":"30cy2UVnNKIJCDdPRXCGXy"},"_contentSize":{"__type__":"cc.Size","width":85,"height":25},"_trs":{"__type__":"TypedArray","ctor":"Float64Array","array":[-0.379,54.881,0,0,0,0,1,1,1,1]}},{"__type__":"cc.Node","_name":"LabelCoin","_parent":{"__id__":55},"_active":false,"_components":[{"__type__":"cc.Label","node":{"__id__":57},"_materials":[{"__uuid__":"ecpdLyjvZBwrvm+cedCcQy"}],"_useOriginalSize":false,"_string":"x10","_N$string":"x10","_fontSize":35,"_lineHeight":35,"_N$horizontalAlign":1,"_N$verticalAlign":1}],"_prefab":{"__type__":"cc.PrefabInfo","root":{"__id__":1},"asset":{"__uuid__":"30nMceUPBMDrm0gnfFrGd3"},"fileId":"0cUgXWuAFG1rHj6dhBOiur"},"_contentSize":{"__type__":"cc.Size","width":56.43,"height":44.1},"_trs":{"__type__":"TypedArray","ctor":"Float64Array","array":[0,-82.529,0,0,0,0,1,1,1,1]}},{"__type__":"cc.Node","_name":"image_qdzs","_parent":{"__id__":55},"_components":[{"__type__":"cc.Sprite","node":{"__id__":58},"_materials":[{"__uuid__":"ecpdLyjvZBwrvm+cedCcQy"}],"_spriteFrame":{"__uuid__":"28N6dfXORFeYS0TxW69Itz"},"_sizeMode":0}],"_prefab":{"__type__":"cc.PrefabInfo","root":{"__id__":1},"asset":{"__uuid__":"30nMceUPBMDrm0gnfFrGd3"},"fileId":"af9mldNeFLvqItfvsaLerH"},"_contentSize":{"__type__":"cc.Size","width":48.8,"height":51.2},"_trs":{"__type__":"TypedArray","ctor":"Float64Array","array":[-24.1,2.9,0,0,0,0,1,1,1,1]}},{"__type__":"cc.Node","_name":"image_qdzs","_parent":{"__id__":55},"_components":[{"__type__":"cc.Sprite","node":{"__id__":59},"_materials":[{"__uuid__":"ecpdLyjvZBwrvm+cedCcQy"}],"_spriteFrame":{"__uuid__":"28N6dfXORFeYS0TxW69Itz"},"_sizeMode":0}],"_prefab":{"__type__":"cc.PrefabInfo","root":{"__id__":1},"asset":{"__uuid__":"30nMceUPBMDrm0gnfFrGd3"},"fileId":"7c0gy5go5PZZsgkovNQfKB"},"_contentSize":{"__type__":"cc.Size","width":48.8,"height":51.2},"_trs":{"__type__":"TypedArray","ctor":"Float64Array","array":[-23.1,-30.1,0,0,0,0,1,1,1,1]}},{"__type__":"cc.Node","_name":"image_qdzs","_parent":{"__id__":55},"_components":[{"__type__":"cc.Sprite","node":{"__id__":60},"_materials":[{"__uuid__":"ecpdLyjvZBwrvm+cedCcQy"}],"_spriteFrame":{"__uuid__":"28N6dfXORFeYS0TxW69Itz"},"_sizeMode":0}],"_prefab":{"__type__":"cc.PrefabInfo","root":{"__id__":1},"asset":{"__uuid__":"30nMceUPBMDrm0gnfFrGd3"},"fileId":"a7tWmU5DBI9YXKvMM2/D9I"},"_contentSize":{"__type__":"cc.Size","width":48.8,"height":51.2},"_trs":{"__type__":"TypedArray","ctor":"Float64Array","array":[14.9,8.9,0,0,0,0,1,1,1,1]}},{"__type__":"cc.Node","_name":"image_qdzs","_parent":{"__id__":55},"_components":[{"__type__":"cc.Sprite","node":{"__id__":61},"_materials":[{"__uuid__":"ecpdLyjvZBwrvm+cedCcQy"}],"_spriteFrame":{"__uuid__":"28N6dfXORFeYS0TxW69Itz"},"_sizeMode":0}],"_prefab":{"__type__":"cc.PrefabInfo","root":{"__id__":1},"asset":{"__uuid__":"30nMceUPBMDrm0gnfFrGd3"},"fileId":"b4ILw8ITJNn5XACP/ZcCr2"},"_contentSize":{"__type__":"cc.Size","width":48.8,"height":51.2},"_trs":{"__type__":"TypedArray","ctor":"Float64Array","array":[10.867,-28.459,0,0,0,0,1,1,1,1]}},{"__type__":"cc.Node","_name":"Got","_parent":{"__id__":52},"_children":[{"__id__":63},{"__id__":64}],"_active":false,"_prefab":{"__type__":"cc.PrefabInfo","root":{"__id__":1},"asset":{"__uuid__":"30nMceUPBMDrm0gnfFrGd3"},"fileId":"22MqFdCHRPRJMxGFQ6YYrU"},"_trs":{"__type__":"TypedArray","ctor":"Float64Array","array":[0,0,0,0,0,0,1,1,1,1]}},{"__type__":"cc.Node","_name":"image_xxk2","_parent":{"__id__":62},"_components":[{"__type__":"cc.Sprite","node":{"__id__":63},"_materials":[{"__uuid__":"ecpdLyjvZBwrvm+cedCcQy"}],"_spriteFrame":{"__uuid__":"dfOB9S0PxB250XuneqLPtV"}}],"_prefab":{"__type__":"cc.PrefabInfo","root":{"__id__":1},"asset":{"__uuid__":"30nMceUPBMDrm0gnfFrGd3"},"fileId":"cb0HNIIapKBY5jheWavgxe"},"_contentSize":{"__type__":"cc.Size","width":179,"height":162},"_trs":{"__type__":"TypedArray","ctor":"Float64Array","array":[0,0,0,0,0,0,1,1,1,1]}},{"__type__":"cc.Node","_name":"image_gou","_parent":{"__id__":62},"_components":[{"__type__":"cc.Sprite","node":{"__id__":64},"_materials":[{"__uuid__":"ecpdLyjvZBwrvm+cedCcQy"}],"_spriteFrame":{"__uuid__":"7fTka+4dVJwqcSx+xzqvmX"}}],"_prefab":{"__type__":"cc.PrefabInfo","root":{"__id__":1},"asset":{"__uuid__":"30nMceUPBMDrm0gnfFrGd3"},"fileId":"24wLIm3E1PO63Y6SbxtoAB"},"_contentSize":{"__type__":"cc.Size","width":118,"height":98},"_trs":{"__type__":"TypedArray","ctor":"Float64Array","array":[2.427,-4.854,0,0,0,0,1,1,1,1]}},{"__type__":"cc.Node","_name":"Current","_parent":{"__id__":52},"_children":[{"__id__":66},{"__id__":67},{"__id__":68}],"_prefab":{"__type__":"cc.PrefabInfo","root":{"__id__":1},"asset":{"__uuid__":"30nMceUPBMDrm0gnfFrGd3"},"fileId":"0aTY9AoPRHcLn4or+M1Djr"},"_trs":{"__type__":"TypedArray","ctor":"Float64Array","array":[60,60,0,0,0,0,1,1,1,1]}},{"__type__":"cc.Node","_name":"image_xxguang","_parent":{"__id__":65},"_components":[{"__type__":"cc.Sprite","node":{"__id__":66},"_materials":[{"__uuid__":"ecpdLyjvZBwrvm+cedCcQy"}],"_spriteFrame":{"__uuid__":"d6VCji/SBGaJ1cyLRpqqcQ"}}],"_prefab":{"__type__":"cc.PrefabInfo","root":{"__id__":1},"asset":{"__uuid__":"30nMceUPBMDrm0gnfFrGd3"},"fileId":"5aWHmQnhVMbpQG+QlSlDq9"},"_contentSize":{"__type__":"cc.Size","width":23,"height":23},"_trs":{"__type__":"TypedArray","ctor":"Float64Array","array":[0,0,0,0,0,0,1,1,1,1]}},{"__type__":"cc.Node","_name":"image_xxk1","_parent":{"__id__":65},"_active":false,"_components":[{"__type__":"cc.Sprite","node":{"__id__":67},"_materials":[{"__uuid__":"ecpdLyjvZBwrvm+cedCcQy"}]}],"_prefab":{"__type__":"cc.PrefabInfo","root":{"__id__":1},"asset":{"__uuid__":"30nMceUPBMDrm0gnfFrGd3"},"fileId":"b7t4YdliREiL8f4DRkNoGt"},"_contentSize":{"__type__":"cc.Size","width":235,"height":215},"_trs":{"__type__":"TypedArray","ctor":"Float64Array","array":[0,0,0,0,0,0,1,1,1,1]}},{"__type__":"cc.Node","_name":"image_wpguang","_parent":{"__id__":65},"_active":false,"_components":[{"__type__":"cc.Sprite","node":{"__id__":68},"_materials":[{"__uuid__":"ecpdLyjvZBwrvm+cedCcQy"}],"_spriteFrame":{"__uuid__":"ffQJfQVF5BRLmvoQDk6i6r"}}],"_prefab":{"__type__":"cc.PrefabInfo","root":{"__id__":1},"asset":{"__uuid__":"30nMceUPBMDrm0gnfFrGd3"},"fileId":"bfZ4TitEJNzq4hcglhorLT"},"_contentSize":{"__type__":"cc.Size","width":23,"height":23},"_trs":{"__type__":"TypedArray","ctor":"Float64Array","array":[0,-23.58,0,0,0,0,1,1,1,1]}},{"__type__":"cc.Node","_name":"Day_5","_parent":{"__id__":3},"_children":[{"__id__":70},{"__id__":72},{"__id__":80},{"__id__":83}],"_prefab":{"__type__":"cc.PrefabInfo","root":{"__id__":1},"asset":{"__uuid__":"30nMceUPBMDrm0gnfFrGd3"},"fileId":"89yiHUcApBEaRweV9KuLPU"},"_trs":{"__type__":"TypedArray","ctor":"Float64Array","array":[8,121,0,0,0,0,1,1,1,1]}},{"__type__":"cc.Node","_name":"Normal","_parent":{"__id__":69},"_children":[{"__id__":71}],"_prefab":{"__type__":"cc.PrefabInfo","root":{"__id__":1},"asset":{"__uuid__":"30nMceUPBMDrm0gnfFrGd3"},"fileId":"dfTeinDpFJrIWDny84zJTj"},"_trs":{"__type__":"TypedArray","ctor":"Float64Array","array":[0,0,0,0,0,0,1,1,1,1]}},{"__type__":"cc.Node","_name":"image_xxk1","_parent":{"__id__":70},"_components":[{"__type__":"cc.Sprite","node":{"__id__":71},"_materials":[{"__uuid__":"ecpdLyjvZBwrvm+cedCcQy"}],"_spriteFrame":{"__uuid__":"e1jcJ/1xhM6Ka7ETlqnl7o"},"_sizeMode":0}],"_prefab":{"__type__":"cc.PrefabInfo","root":{"__id__":1},"asset":{"__uuid__":"30nMceUPBMDrm0gnfFrGd3"},"fileId":"6cGrKrT31EVIju4RsqWIMr"},"_contentSize":{"__type__":"cc.Size","width":181,"height":168},"_trs":{"__type__":"TypedArray","ctor":"Float64Array","array":[0,0,0,0,0,0,1,1,1,1]}},{"__type__":"cc.Node","_name":"Content","_parent":{"__id__":69},"_children":[{"__id__":73},{"__id__":74},{"__id__":75},{"__id__":76},{"__id__":77},{"__id__":78},{"__id__":79}],"_prefab":{"__type__":"cc.PrefabInfo","root":{"__id__":1},"asset":{"__uuid__":"30nMceUPBMDrm0gnfFrGd3"},"fileId":"5fblShDm5D36K2cpHI6Y9e"},"_trs":{"__type__":"TypedArray","ctor":"Float64Array","array":[0,0,0,0,0,0,1,1,1,1]}},{"__type__":"cc.Node","_name":"LabelDay","_parent":{"__id__":72},"_components":[{"__type__":"cc.Sprite","node":{"__id__":73},"_materials":[{"__uuid__":"ecpdLyjvZBwrvm+cedCcQy"}],"_spriteFrame":{"__uuid__":"afrWhu5axBipPf9ej6uknJ"}}],"_prefab":{"__type__":"cc.PrefabInfo","root":{"__id__":1},"asset":{"__uuid__":"30nMceUPBMDrm0gnfFrGd3"},"fileId":"9ez9yQS+pIPpRPvV6VTtob"},"_contentSize":{"__type__":"cc.Size","width":86,"height":25},"_trs":{"__type__":"TypedArray","ctor":"Float64Array","array":[-0.379,54.881,0,0,0,0,1,1,1,1]}},{"__type__":"cc.Node","_name":"LabelCoin","_parent":{"__id__":72},"_active":false,"_components":[{"__type__":"cc.Label","node":{"__id__":74},"_materials":[{"__uuid__":"ecpdLyjvZBwrvm+cedCcQy"}],"_useOriginalSize":false,"_string":"x10","_N$string":"x10","_fontSize":35,"_lineHeight":35,"_N$horizontalAlign":1,"_N$verticalAlign":1}],"_prefab":{"__type__":"cc.PrefabInfo","root":{"__id__":1},"asset":{"__uuid__":"30nMceUPBMDrm0gnfFrGd3"},"fileId":"febQh9AtdGNqNelMtcuFPJ"},"_contentSize":{"__type__":"cc.Size","width":56.43,"height":44.1},"_trs":{"__type__":"TypedArray","ctor":"Float64Array","array":[0,-82.529,0,0,0,0,1,1,1,1]}},{"__type__":"cc.Node","_name":"image_qdzs","_parent":{"__id__":72},"_components":[{"__type__":"cc.Sprite","node":{"__id__":75},"_materials":[{"__uuid__":"ecpdLyjvZBwrvm+cedCcQy"}],"_spriteFrame":{"__uuid__":"28N6dfXORFeYS0TxW69Itz"},"_sizeMode":0}],"_prefab":{"__type__":"cc.PrefabInfo","root":{"__id__":1},"asset":{"__uuid__":"30nMceUPBMDrm0gnfFrGd3"},"fileId":"2fAunh3WRLD7Mp9ihp2crV"},"_contentSize":{"__type__":"cc.Size","width":43,"height":45},"_trs":{"__type__":"TypedArray","ctor":"Float64Array","array":[-26.856,3.866,0,0,0,0,1,1,1,1]}},{"__type__":"cc.Node","_name":"image_qdzs","_parent":{"__id__":72},"_components":[{"__type__":"cc.Sprite","node":{"__id__":76},"_materials":[{"__uuid__":"ecpdLyjvZBwrvm+cedCcQy"}],"_spriteFrame":{"__uuid__":"28N6dfXORFeYS0TxW69Itz"},"_sizeMode":0}],"_prefab":{"__type__":"cc.PrefabInfo","root":{"__id__":1},"asset":{"__uuid__":"30nMceUPBMDrm0gnfFrGd3"},"fileId":"5aZqdZ7BVP7LukAlWoBHpG"},"_contentSize":{"__type__":"cc.Size","width":43,"height":45},"_trs":{"__type__":"TypedArray","ctor":"Float64Array","array":[27.994,3.866,0,0,0,0,1,1,1,1]}},{"__type__":"cc.Node","_name":"image_qdzs","_parent":{"__id__":72},"_components":[{"__type__":"cc.Sprite","node":{"__id__":77},"_materials":[{"__uuid__":"ecpdLyjvZBwrvm+cedCcQy"}],"_spriteFrame":{"__uuid__":"28N6dfXORFeYS0TxW69Itz"},"_sizeMode":0}],"_prefab":{"__type__":"cc.PrefabInfo","root":{"__id__":1},"asset":{"__uuid__":"30nMceUPBMDrm0gnfFrGd3"},"fileId":"cdeouiE7hNPbLRS0u1xQKm"},"_contentSize":{"__type__":"cc.Size","width":43,"height":45},"_trs":{"__type__":"TypedArray","ctor":"Float64Array","array":[1,3.866,0,0,0,0,1,1,1,1]}},{"__type__":"cc.Node","_name":"image_qdzs","_parent":{"__id__":72},"_components":[{"__type__":"cc.Sprite","node":{"__id__":78},"_materials":[{"__uuid__":"ecpdLyjvZBwrvm+cedCcQy"}],"_spriteFrame":{"__uuid__":"28N6dfXORFeYS0TxW69Itz"},"_sizeMode":0}],"_prefab":{"__type__":"cc.PrefabInfo","root":{"__id__":1},"asset":{"__uuid__":"30nMceUPBMDrm0gnfFrGd3"},"fileId":"fftR+hBqhBz52p8nO9l5sQ"},"_contentSize":{"__type__":"cc.Size","width":43,"height":45},"_trs":{"__type__":"TypedArray","ctor":"Float64Array","array":[13.923,-33.179,0,0,0,0,1,1,1,1]}},{"__type__":"cc.Node","_name":"image_qdzs","_parent":{"__id__":72},"_components":[{"__type__":"cc.Sprite","node":{"__id__":79},"_materials":[{"__uuid__":"ecpdLyjvZBwrvm+cedCcQy"}],"_spriteFrame":{"__uuid__":"28N6dfXORFeYS0TxW69Itz"},"_sizeMode":0}],"_prefab":{"__type__":"cc.PrefabInfo","root":{"__id__":1},"asset":{"__uuid__":"30nMceUPBMDrm0gnfFrGd3"},"fileId":"70Kr5mdbtONayK+ELyITij"},"_contentSize":{"__type__":"cc.Size","width":43,"height":45},"_trs":{"__type__":"TypedArray","ctor":"Float64Array","array":[-15.369,-34.615,0,0,0,0,1,1,1,1]}},{"__type__":"cc.Node","_name":"Got","_parent":{"__id__":69},"_children":[{"__id__":81},{"__id__":82}],"_active":false,"_prefab":{"__type__":"cc.PrefabInfo","root":{"__id__":1},"asset":{"__uuid__":"30nMceUPBMDrm0gnfFrGd3"},"fileId":"4aSGa5OxVD77S+D3S99rmK"},"_trs":{"__type__":"TypedArray","ctor":"Float64Array","array":[0,0,0,0,0,0,1,1,1,1]}},{"__type__":"cc.Node","_name":"image_xxk2","_parent":{"__id__":80},"_components":[{"__type__":"cc.Sprite","node":{"__id__":81},"_materials":[{"__uuid__":"ecpdLyjvZBwrvm+cedCcQy"}],"_spriteFrame":{"__uuid__":"dfOB9S0PxB250XuneqLPtV"}}],"_prefab":{"__type__":"cc.PrefabInfo","root":{"__id__":1},"asset":{"__uuid__":"30nMceUPBMDrm0gnfFrGd3"},"fileId":"6fjxzAI15MX6c/9SCxVncW"},"_contentSize":{"__type__":"cc.Size","width":179,"height":162},"_trs":{"__type__":"TypedArray","ctor":"Float64Array","array":[0,0,0,0,0,0,1,1,1,1]}},{"__type__":"cc.Node","_name":"image_gou","_parent":{"__id__":80},"_components":[{"__type__":"cc.Sprite","node":{"__id__":82},"_materials":[{"__uuid__":"ecpdLyjvZBwrvm+cedCcQy"}],"_spriteFrame":{"__uuid__":"7fTka+4dVJwqcSx+xzqvmX"}}],"_prefab":{"__type__":"cc.PrefabInfo","root":{"__id__":1},"asset":{"__uuid__":"30nMceUPBMDrm0gnfFrGd3"},"fileId":"acqLrohGhHjKuo2Qe6V/oa"},"_contentSize":{"__type__":"cc.Size","width":118,"height":98},"_trs":{"__type__":"TypedArray","ctor":"Float64Array","array":[2.427,-4.854,0,0,0,0,1,1,1,1]}},{"__type__":"cc.Node","_name":"Current","_parent":{"__id__":69},"_children":[{"__id__":84},{"__id__":85},{"__id__":86}],"_prefab":{"__type__":"cc.PrefabInfo","root":{"__id__":1},"asset":{"__uuid__":"30nMceUPBMDrm0gnfFrGd3"},"fileId":"85P2yxmBdM9bWHhRVMvt4D"},"_trs":{"__type__":"TypedArray","ctor":"Float64Array","array":[60,60,0,0,0,0,1,1,1,1]}},{"__type__":"cc.Node","_name":"image_xxguang","_parent":{"__id__":83},"_components":[{"__type__":"cc.Sprite","node":{"__id__":84},"_materials":[{"__uuid__":"ecpdLyjvZBwrvm+cedCcQy"}],"_spriteFrame":{"__uuid__":"d6VCji/SBGaJ1cyLRpqqcQ"}}],"_prefab":{"__type__":"cc.PrefabInfo","root":{"__id__":1},"asset":{"__uuid__":"30nMceUPBMDrm0gnfFrGd3"},"fileId":"2eqrmSz3dEibp/LGiPuxPQ"},"_contentSize":{"__type__":"cc.Size","width":23,"height":23},"_trs":{"__type__":"TypedArray","ctor":"Float64Array","array":[0,0,0,0,0,0,1,1,1,1]}},{"__type__":"cc.Node","_name":"image_xxk1","_parent":{"__id__":83},"_active":false,"_components":[{"__type__":"cc.Sprite","node":{"__id__":85},"_materials":[{"__uuid__":"ecpdLyjvZBwrvm+cedCcQy"}]}],"_prefab":{"__type__":"cc.PrefabInfo","root":{"__id__":1},"asset":{"__uuid__":"30nMceUPBMDrm0gnfFrGd3"},"fileId":"7bHwux0xJDb6mAuHm6kLen"},"_contentSize":{"__type__":"cc.Size","width":235,"height":215},"_trs":{"__type__":"TypedArray","ctor":"Float64Array","array":[0,0,0,0,0,0,1,1,1,1]}},{"__type__":"cc.Node","_name":"image_wpguang","_parent":{"__id__":83},"_active":false,"_components":[{"__type__":"cc.Sprite","node":{"__id__":86},"_materials":[{"__uuid__":"ecpdLyjvZBwrvm+cedCcQy"}],"_spriteFrame":{"__uuid__":"ffQJfQVF5BRLmvoQDk6i6r"}}],"_prefab":{"__type__":"cc.PrefabInfo","root":{"__id__":1},"asset":{"__uuid__":"30nMceUPBMDrm0gnfFrGd3"},"fileId":"8fJ/LOxENOhaVqvQL4cxqj"},"_contentSize":{"__type__":"cc.Size","width":23,"height":23},"_trs":{"__type__":"TypedArray","ctor":"Float64Array","array":[0,-23.58,0,0,0,0,1,1,1,1]}},{"__type__":"cc.Node","_name":"Day_6","_parent":{"__id__":3},"_children":[{"__id__":88},{"__id__":90},{"__id__":99},{"__id__":102}],"_prefab":{"__type__":"cc.PrefabInfo","root":{"__id__":1},"asset":{"__uuid__":"30nMceUPBMDrm0gnfFrGd3"},"fileId":"f4IS5L6IFLcLU1lwmLL7is"},"_trs":{"__type__":"TypedArray","ctor":"Float64Array","array":[190,121,0,0,0,0,1,1,1,1]}},{"__type__":"cc.Node","_name":"Normal","_parent":{"__id__":87},"_children":[{"__id__":89}],"_prefab":{"__type__":"cc.PrefabInfo","root":{"__id__":1},"asset":{"__uuid__":"30nMceUPBMDrm0gnfFrGd3"},"fileId":"0aNiC62/tBE4Pe2cXib+UA"},"_trs":{"__type__":"TypedArray","ctor":"Float64Array","array":[0,0,0,0,0,0,1,1,1,1]}},{"__type__":"cc.Node","_name":"image_xxk1","_parent":{"__id__":88},"_components":[{"__type__":"cc.Sprite","node":{"__id__":89},"_materials":[{"__uuid__":"ecpdLyjvZBwrvm+cedCcQy"}],"_spriteFrame":{"__uuid__":"e1jcJ/1xhM6Ka7ETlqnl7o"},"_sizeMode":0}],"_prefab":{"__type__":"cc.PrefabInfo","root":{"__id__":1},"asset":{"__uuid__":"30nMceUPBMDrm0gnfFrGd3"},"fileId":"17PfFXq/xLeoP5+VyprwmJ"},"_contentSize":{"__type__":"cc.Size","width":181,"height":168},"_trs":{"__type__":"TypedArray","ctor":"Float64Array","array":[0,0,0,0,0,0,1,1,1,1]}},{"__type__":"cc.Node","_name":"Content","_parent":{"__id__":87},"_children":[{"__id__":91},{"__id__":92},{"__id__":93},{"__id__":94},{"__id__":95},{"__id__":96},{"__id__":97},{"__id__":98}],"_prefab":{"__type__":"cc.PrefabInfo","root":{"__id__":1},"asset":{"__uuid__":"30nMceUPBMDrm0gnfFrGd3"},"fileId":"9fAoxHXD9M25IkXXoZ6gYx"},"_trs":{"__type__":"TypedArray","ctor":"Float64Array","array":[0,0,0,0,0,0,1,1,1,1]}},{"__type__":"cc.Node","_name":"LabelDay","_parent":{"__id__":90},"_components":[{"__type__":"cc.Sprite","node":{"__id__":91},"_materials":[{"__uuid__":"ecpdLyjvZBwrvm+cedCcQy"}],"_spriteFrame":{"__uuid__":"c5gpdiW+1LgY/wAdvaxAUz"}}],"_prefab":{"__type__":"cc.PrefabInfo","root":{"__id__":1},"asset":{"__uuid__":"30nMceUPBMDrm0gnfFrGd3"},"fileId":"26HYnu3hxMJ7V5lN2kwnyI"},"_contentSize":{"__type__":"cc.Size","width":85,"height":25},"_trs":{"__type__":"TypedArray","ctor":"Float64Array","array":[-0.379,54.881,0,0,0,0,1,1,1,1]}},{"__type__":"cc.Node","_name":"LabelCoin","_parent":{"__id__":90},"_active":false,"_components":[{"__type__":"cc.Label","node":{"__id__":92},"_materials":[{"__uuid__":"ecpdLyjvZBwrvm+cedCcQy"}],"_useOriginalSize":false,"_string":"x10","_N$string":"x10","_fontSize":35,"_lineHeight":35,"_N$horizontalAlign":1,"_N$verticalAlign":1}],"_prefab":{"__type__":"cc.PrefabInfo","root":{"__id__":1},"asset":{"__uuid__":"30nMceUPBMDrm0gnfFrGd3"},"fileId":"59OXP+tohAIo8igZVqXkIP"},"_contentSize":{"__type__":"cc.Size","width":56.43,"height":44.1},"_trs":{"__type__":"TypedArray","ctor":"Float64Array","array":[0,-82.529,0,0,0,0,1,1,1,1]}},{"__type__":"cc.Node","_name":"image_qdzs","_parent":{"__id__":90},"_components":[{"__type__":"cc.Sprite","node":{"__id__":93},"_materials":[{"__uuid__":"ecpdLyjvZBwrvm+cedCcQy"}],"_spriteFrame":{"__uuid__":"28N6dfXORFeYS0TxW69Itz"},"_sizeMode":0}],"_prefab":{"__type__":"cc.PrefabInfo","root":{"__id__":1},"asset":{"__uuid__":"30nMceUPBMDrm0gnfFrGd3"},"fileId":"79ab4ZCSBJiJbRJUkqecKU"},"_contentSize":{"__type__":"cc.Size","width":43,"height":45},"_trs":{"__type__":"TypedArray","ctor":"Float64Array","array":[-22.238,3.866,0,0,0,0,1,1,1,1]}},{"__type__":"cc.Node","_name":"image_qdzs","_parent":{"__id__":90},"_components":[{"__type__":"cc.Sprite","node":{"__id__":94},"_materials":[{"__uuid__":"ecpdLyjvZBwrvm+cedCcQy"}],"_spriteFrame":{"__uuid__":"28N6dfXORFeYS0TxW69Itz"},"_sizeMode":0}],"_prefab":{"__type__":"cc.PrefabInfo","root":{"__id__":1},"asset":{"__uuid__":"30nMceUPBMDrm0gnfFrGd3"},"fileId":"f4yCldalJM6aoYG0Npebfn"},"_contentSize":{"__type__":"cc.Size","width":43,"height":45},"_trs":{"__type__":"TypedArray","ctor":"Float64Array","array":[1,3.866,0,0,0,0,1,1,1,1]}},{"__type__":"cc.Node","_name":"image_qdzs","_parent":{"__id__":90},"_components":[{"__type__":"cc.Sprite","node":{"__id__":95},"_materials":[{"__uuid__":"ecpdLyjvZBwrvm+cedCcQy"}],"_spriteFrame":{"__uuid__":"28N6dfXORFeYS0TxW69Itz"},"_sizeMode":0}],"_prefab":{"__type__":"cc.PrefabInfo","root":{"__id__":1},"asset":{"__uuid__":"30nMceUPBMDrm0gnfFrGd3"},"fileId":"64RcPec4BN/JzyCUvxG2VY"},"_contentSize":{"__type__":"cc.Size","width":43,"height":45},"_trs":{"__type__":"TypedArray","ctor":"Float64Array","array":[24.695,3.866,0,0,0,0,1,1,1,1]}},{"__type__":"cc.Node","_name":"image_qdzs","_parent":{"__id__":90},"_components":[{"__type__":"cc.Sprite","node":{"__id__":96},"_materials":[{"__uuid__":"ecpdLyjvZBwrvm+cedCcQy"}],"_spriteFrame":{"__uuid__":"28N6dfXORFeYS0TxW69Itz"},"_sizeMode":0}],"_prefab":{"__type__":"cc.PrefabInfo","root":{"__id__":1},"asset":{"__uuid__":"30nMceUPBMDrm0gnfFrGd3"},"fileId":"34jXjp34lJp5EhH/Yfmi79"},"_contentSize":{"__type__":"cc.Size","width":43,"height":45},"_trs":{"__type__":"TypedArray","ctor":"Float64Array","array":[-21.966,-34.615,0,0,0,0,1,1,1,1]}},{"__type__":"cc.Node","_name":"image_qdzs","_parent":{"__id__":90},"_components":[{"__type__":"cc.Sprite","node":{"__id__":97},"_materials":[{"__uuid__":"ecpdLyjvZBwrvm+cedCcQy"}],"_spriteFrame":{"__uuid__":"28N6dfXORFeYS0TxW69Itz"},"_sizeMode":0}],"_prefab":{"__type__":"cc.PrefabInfo","root":{"__id__":1},"asset":{"__uuid__":"30nMceUPBMDrm0gnfFrGd3"},"fileId":"b85GOYlpFOU5B3HfEqOO+d"},"_contentSize":{"__type__":"cc.Size","width":43,"height":45},"_trs":{"__type__":"TypedArray","ctor":"Float64Array","array":[-1.514,-34.615,0,0,0,0,1,1,1,1]}},{"__type__":"cc.Node","_name":"image_qdzs","_parent":{"__id__":90},"_components":[{"__type__":"cc.Sprite","node":{"__id__":98},"_materials":[{"__uuid__":"ecpdLyjvZBwrvm+cedCcQy"}],"_spriteFrame":{"__uuid__":"28N6dfXORFeYS0TxW69Itz"},"_sizeMode":0}],"_prefab":{"__type__":"cc.PrefabInfo","root":{"__id__":1},"asset":{"__uuid__":"30nMceUPBMDrm0gnfFrGd3"},"fileId":"c1lMGfabdOKrLJjgwAdIo5"},"_contentSize":{"__type__":"cc.Size","width":43,"height":45},"_trs":{"__type__":"TypedArray","ctor":"Float64Array","array":[25.139,-33.179,0,0,0,0,1,1,1,1]}},{"__type__":"cc.Node","_name":"Got","_parent":{"__id__":87},"_children":[{"__id__":100},{"__id__":101}],"_active":false,"_prefab":{"__type__":"cc.PrefabInfo","root":{"__id__":1},"asset":{"__uuid__":"30nMceUPBMDrm0gnfFrGd3"},"fileId":"8a3uR6SCNJ54tmD8P2NbPp"},"_trs":{"__type__":"TypedArray","ctor":"Float64Array","array":[0,0,0,0,0,0,1,1,1,1]}},{"__type__":"cc.Node","_name":"image_xxk2","_parent":{"__id__":99},"_components":[{"__type__":"cc.Sprite","node":{"__id__":100},"_materials":[{"__uuid__":"ecpdLyjvZBwrvm+cedCcQy"}],"_spriteFrame":{"__uuid__":"dfOB9S0PxB250XuneqLPtV"}}],"_prefab":{"__type__":"cc.PrefabInfo","root":{"__id__":1},"asset":{"__uuid__":"30nMceUPBMDrm0gnfFrGd3"},"fileId":"4drvrwA0hG1JGoLAxg1YEm"},"_contentSize":{"__type__":"cc.Size","width":179,"height":162},"_trs":{"__type__":"TypedArray","ctor":"Float64Array","array":[0,0,0,0,0,0,1,1,1,1]}},{"__type__":"cc.Node","_name":"image_gou","_parent":{"__id__":99},"_components":[{"__type__":"cc.Sprite","node":{"__id__":101},"_materials":[{"__uuid__":"ecpdLyjvZBwrvm+cedCcQy"}],"_spriteFrame":{"__uuid__":"7fTka+4dVJwqcSx+xzqvmX"}}],"_prefab":{"__type__":"cc.PrefabInfo","root":{"__id__":1},"asset":{"__uuid__":"30nMceUPBMDrm0gnfFrGd3"},"fileId":"2axGs5s2xGjoGruzwlqExy"},"_contentSize":{"__type__":"cc.Size","width":118,"height":98},"_trs":{"__type__":"TypedArray","ctor":"Float64Array","array":[2.427,-4.854,0,0,0,0,1,1,1,1]}},{"__type__":"cc.Node","_name":"Current","_parent":{"__id__":87},"_children":[{"__id__":103},{"__id__":104},{"__id__":105}],"_prefab":{"__type__":"cc.PrefabInfo","root":{"__id__":1},"asset":{"__uuid__":"30nMceUPBMDrm0gnfFrGd3"},"fileId":"cc99wQgLxHZ4ToJ55po2fz"},"_trs":{"__type__":"TypedArray","ctor":"Float64Array","array":[60,60,0,0,0,0,1,1,1,1]}},{"__type__":"cc.Node","_name":"image_xxguang","_parent":{"__id__":102},"_components":[{"__type__":"cc.Sprite","node":{"__id__":103},"_materials":[{"__uuid__":"ecpdLyjvZBwrvm+cedCcQy"}],"_spriteFrame":{"__uuid__":"d6VCji/SBGaJ1cyLRpqqcQ"}}],"_prefab":{"__type__":"cc.PrefabInfo","root":{"__id__":1},"asset":{"__uuid__":"30nMceUPBMDrm0gnfFrGd3"},"fileId":"26YBWnnpZBRpiB1LpIQFdv"},"_contentSize":{"__type__":"cc.Size","width":23,"height":23},"_trs":{"__type__":"TypedArray","ctor":"Float64Array","array":[0,0,0,0,0,0,1,1,1,1]}},{"__type__":"cc.Node","_name":"image_xxk1","_parent":{"__id__":102},"_active":false,"_components":[{"__type__":"cc.Sprite","node":{"__id__":104},"_materials":[{"__uuid__":"ecpdLyjvZBwrvm+cedCcQy"}]}],"_prefab":{"__type__":"cc.PrefabInfo","root":{"__id__":1},"asset":{"__uuid__":"30nMceUPBMDrm0gnfFrGd3"},"fileId":"3b6/ZzReBOD5Jt3LX4N5D1"},"_contentSize":{"__type__":"cc.Size","width":235,"height":215},"_trs":{"__type__":"TypedArray","ctor":"Float64Array","array":[0,0,0,0,0,0,1,1,1,1]}},{"__type__":"cc.Node","_name":"image_wpguang","_parent":{"__id__":102},"_active":false,"_components":[{"__type__":"cc.Sprite","node":{"__id__":105},"_materials":[{"__uuid__":"ecpdLyjvZBwrvm+cedCcQy"}],"_spriteFrame":{"__uuid__":"ffQJfQVF5BRLmvoQDk6i6r"}}],"_prefab":{"__type__":"cc.PrefabInfo","root":{"__id__":1},"asset":{"__uuid__":"30nMceUPBMDrm0gnfFrGd3"},"fileId":"d47VcrXZ5A3pKleUDjftf4"},"_contentSize":{"__type__":"cc.Size","width":23,"height":23},"_trs":{"__type__":"TypedArray","ctor":"Float64Array","array":[0,-23.58,0,0,0,0,1,1,1,1]}},{"__type__":"cc.Node","_name":"Day_7","_parent":{"__id__":3},"_children":[{"__id__":107},{"__id__":109},{"__id__":111},{"__id__":114}],"_prefab":{"__type__":"cc.PrefabInfo","root":{"__id__":1},"asset":{"__uuid__":"30nMceUPBMDrm0gnfFrGd3"},"fileId":"7cm79vSThBsZ6S59GxpnFh"},"_trs":{"__type__":"TypedArray","ctor":"Float64Array","array":[0,-52.31,0,0,0,0,1,1,1,1]}},{"__type__":"cc.Node","_name":"Normal","_parent":{"__id__":106},"_children":[{"__id__":108}],"_prefab":{"__type__":"cc.PrefabInfo","root":{"__id__":1},"asset":{"__uuid__":"30nMceUPBMDrm0gnfFrGd3"},"fileId":"57CmR02DhOF5ToTMXkxgBd"},"_trs":{"__type__":"TypedArray","ctor":"Float64Array","array":[0,0,0,0,0,0,1,1,1,1]}},{"__type__":"cc.Node","_name":"image_xxk1","_parent":{"__id__":107},"_components":[{"__type__":"cc.Sprite","node":{"__id__":108},"_materials":[{"__uuid__":"ecpdLyjvZBwrvm+cedCcQy"}],"_spriteFrame":{"__uuid__":"b8noshAMtBSI/hhjjXjEia"}}],"_prefab":{"__type__":"cc.PrefabInfo","root":{"__id__":1},"asset":{"__uuid__":"30nMceUPBMDrm0gnfFrGd3"},"fileId":"d28LoLI5tFGKEAgb+/4r/h"},"_contentSize":{"__type__":"cc.Size","width":371,"height":168},"_trs":{"__type__":"TypedArray","ctor":"Float64Array","array":[0,0,0,0,0,0,1,1,1,1]}},{"__type__":"cc.Node","_name":"Content","_parent":{"__id__":106},"_children":[{"__id__":110}],"_prefab":{"__type__":"cc.PrefabInfo","root":{"__id__":1},"asset":{"__uuid__":"30nMceUPBMDrm0gnfFrGd3"},"fileId":"04Es1P4q1AS5jTbnOmGfbe"},"_trs":{"__type__":"TypedArray","ctor":"Float64Array","array":[0,0,0,0,0,0,1,1,1,1]}},{"__type__":"cc.Node","_name":"LabelDay","_parent":{"__id__":109},"_components":[{"__type__":"cc.Sprite","node":{"__id__":110},"_materials":[{"__uuid__":"ecpdLyjvZBwrvm+cedCcQy"}],"_spriteFrame":{"__uuid__":"209vHdoQhA/5xtD4QcqYuS"}}],"_prefab":{"__type__":"cc.PrefabInfo","root":{"__id__":1},"asset":{"__uuid__":"30nMceUPBMDrm0gnfFrGd3"},"fileId":"50qcig1rNJ54HqtUmrINLV"},"_contentSize":{"__type__":"cc.Size","width":82,"height":24},"_trs":{"__type__":"TypedArray","ctor":"Float64Array","array":[-0.379,48.881,0,0,0,0,1,1,1,1]}},{"__type__":"cc.Node","_name":"Got","_parent":{"__id__":106},"_children":[{"__id__":112},{"__id__":113}],"_active":false,"_prefab":{"__type__":"cc.PrefabInfo","root":{"__id__":1},"asset":{"__uuid__":"30nMceUPBMDrm0gnfFrGd3"},"fileId":"78HvT1/DJJhqFHifhy2bS+"},"_trs":{"__type__":"TypedArray","ctor":"Float64Array","array":[0,0,0,0,0,0,1,1,1,1]}},{"__type__":"cc.Node","_name":"image_xxk2","_parent":{"__id__":111},"_components":[{"__type__":"cc.Sprite","node":{"__id__":112},"_materials":[{"__uuid__":"ecpdLyjvZBwrvm+cedCcQy"}]}],"_prefab":{"__type__":"cc.PrefabInfo","root":{"__id__":1},"asset":{"__uuid__":"30nMceUPBMDrm0gnfFrGd3"},"fileId":"0dChjN+U5HP7GVHmmWyRZo"},"_contentSize":{"__type__":"cc.Size","width":373,"height":173},"_trs":{"__type__":"TypedArray","ctor":"Float64Array","array":[0,0,0,0,0,0,1,1,1,1]}},{"__type__":"cc.Node","_name":"image_gou","_parent":{"__id__":111},"_components":[{"__type__":"cc.Sprite","node":{"__id__":113},"_materials":[{"__uuid__":"ecpdLyjvZBwrvm+cedCcQy"}],"_spriteFrame":{"__uuid__":"59GCTLNhxOQIT/pbckVVdA"}}],"_prefab":{"__type__":"cc.PrefabInfo","root":{"__id__":1},"asset":{"__uuid__":"30nMceUPBMDrm0gnfFrGd3"},"fileId":"6ey3O4o/1CmoEiEtIEbjhP"},"_contentSize":{"__type__":"cc.Size","width":372,"height":166},"_trs":{"__type__":"TypedArray","ctor":"Float64Array","array":[2.427,-4.854,0,0,0,0,1,1,1,1]}},{"__type__":"cc.Node","_name":"Current","_parent":{"__id__":106},"_children":[{"__id__":115},{"__id__":116},{"__id__":117}],"_prefab":{"__type__":"cc.PrefabInfo","root":{"__id__":1},"asset":{"__uuid__":"30nMceUPBMDrm0gnfFrGd3"},"fileId":"dbgzw4kRNAVbCl46QiWW/m"},"_trs":{"__type__":"TypedArray","ctor":"Float64Array","array":[121.165,68.839,0,0,0,0,1,1,1,1]}},{"__type__":"cc.Node","_name":"image_xxguang","_parent":{"__id__":114},"_components":[{"__type__":"cc.Sprite","node":{"__id__":115},"_materials":[{"__uuid__":"ecpdLyjvZBwrvm+cedCcQy"}],"_spriteFrame":{"__uuid__":"d6VCji/SBGaJ1cyLRpqqcQ"}}],"_prefab":{"__type__":"cc.PrefabInfo","root":{"__id__":1},"asset":{"__uuid__":"30nMceUPBMDrm0gnfFrGd3"},"fileId":"90TEDtszBIsqLYnIz7/X2Y"},"_contentSize":{"__type__":"cc.Size","width":23,"height":23},"_trs":{"__type__":"TypedArray","ctor":"Float64Array","array":[0,0,0,0,0,0,1,1,1,1]}},{"__type__":"cc.Node","_name":"image_xxk1","_parent":{"__id__":114},"_active":false,"_components":[{"__type__":"cc.Sprite","node":{"__id__":116},"_materials":[{"__uuid__":"ecpdLyjvZBwrvm+cedCcQy"}]}],"_prefab":{"__type__":"cc.PrefabInfo","root":{"__id__":1},"asset":{"__uuid__":"30nMceUPBMDrm0gnfFrGd3"},"fileId":"96fT79cxFDJJ3CBINvIjpZ"},"_contentSize":{"__type__":"cc.Size","width":235,"height":215},"_trs":{"__type__":"TypedArray","ctor":"Float64Array","array":[0,0,0,0,0,0,1,1,1,1]}},{"__type__":"cc.Node","_name":"image_wpguang","_parent":{"__id__":114},"_active":false,"_components":[{"__type__":"cc.Sprite","node":{"__id__":117},"_materials":[{"__uuid__":"ecpdLyjvZBwrvm+cedCcQy"}],"_spriteFrame":{"__uuid__":"ffQJfQVF5BRLmvoQDk6i6r"}}],"_prefab":{"__type__":"cc.PrefabInfo","root":{"__id__":1},"asset":{"__uuid__":"30nMceUPBMDrm0gnfFrGd3"},"fileId":"b5VP5ZnqdExZT0pjqAXoRw"},"_contentSize":{"__type__":"cc.Size","width":23,"height":23},"_trs":{"__type__":"TypedArray","ctor":"Float64Array","array":[0,-23.58,0,0,0,0,1,1,1,1]}},{"__type__":"cc.Node","_name":"BtnDouble","_parent":{"__id__":3},"_children":[{"__id__":119}],"_components":[{"__type__":"cc.Button","node":{"__id__":118},"_normalMaterial":{"__uuid__":"ecpdLyjvZBwrvm+cedCcQy"},"_N$transition":3,"transition":3,"_N$normalColor":{"__type__":"cc.Color","r":230,"g":230,"b":230},"_N$pressedColor":{"__type__":"cc.Color","r":200,"g":200,"b":200},"pressedColor":{"__type__":"cc.Color","r":200,"g":200,"b":200},"_N$disabledColor":{"__type__":"cc.Color","r":120,"g":120,"b":120,"a":200},"_N$normalSprite":{"__uuid__":"004UlGpEpG6qfe85l5n0Rx"},"_N$pressedSprite":{"__uuid__":"e97GVMl6JHh5Ml5qEDdSGa"},"pressedSprite":{"__uuid__":"e97GVMl6JHh5Ml5qEDdSGa"},"_N$hoverSprite":{"__uuid__":"f0BIwQ8D5Ml7nTNQbh1YlS"},"hoverSprite":{"__uuid__":"f0BIwQ8D5Ml7nTNQbh1YlS"},"_N$disabledSprite":{"__uuid__":"29FYIk+N1GYaeWH/q1NxQO"},"_N$target":{"__id__":119}}],"_prefab":{"__type__":"cc.PrefabInfo","root":{"__id__":1},"asset":{"__uuid__":"30nMceUPBMDrm0gnfFrGd3"},"fileId":"1fDrV86clA7pGdZ6dWoiA6"},"_contentSize":{"__type__":"cc.Size","width":443,"height":157},"_trs":{"__type__":"TypedArray","ctor":"Float64Array","array":[0,-259.491,0,0,0,0,1,1,1,1]}},{"__type__":"cc.Node","_name":"Background","_parent":{"__id__":118},"_components":[{"__type__":"cc.Sprite","node":{"__id__":119},"_materials":[{"__uuid__":"ecpdLyjvZBwrvm+cedCcQy"}],"_spriteFrame":{"__uuid__":"c7B4AK5ylDraGIb+2O2Do5"},"_type":1},{"__type__":"cc.Widget","node":{"__id__":119},"alignMode":0,"_alignFlags":45,"_originalWidth":100,"_originalHeight":40}],"_prefab":{"__type__":"cc.PrefabInfo","root":{"__id__":1},"asset":{"__uuid__":"30nMceUPBMDrm0gnfFrGd3"},"fileId":"5aC5JKAWZEQqSYUx9YAgrV"},"_contentSize":{"__type__":"cc.Size","width":443,"height":157},"_trs":{"__type__":"TypedArray","ctor":"Float64Array","array":[0,0,0,0,0,0,1,1,1,0]}},{"__type__":"cc.Node","_name":"BtnGet","_parent":{"__id__":3},"_children":[{"__id__":121}],"_components":[{"__type__":"cc.Button","node":{"__id__":120},"_normalMaterial":{"__uuid__":"ecpdLyjvZBwrvm+cedCcQy"},"_N$transition":3,"transition":3,"_N$normalColor":{"__type__":"cc.Color","r":230,"g":230,"b":230},"_N$pressedColor":{"__type__":"cc.Color","r":200,"g":200,"b":200},"pressedColor":{"__type__":"cc.Color","r":200,"g":200,"b":200},"_N$disabledColor":{"__type__":"cc.Color","r":120,"g":120,"b":120,"a":200},"_N$normalSprite":{"__uuid__":"004UlGpEpG6qfe85l5n0Rx"},"_N$pressedSprite":{"__uuid__":"e97GVMl6JHh5Ml5qEDdSGa"},"pressedSprite":{"__uuid__":"e97GVMl6JHh5Ml5qEDdSGa"},"_N$hoverSprite":{"__uuid__":"f0BIwQ8D5Ml7nTNQbh1YlS"},"hoverSprite":{"__uuid__":"f0BIwQ8D5Ml7nTNQbh1YlS"},"_N$disabledSprite":{"__uuid__":"29FYIk+N1GYaeWH/q1NxQO"},"_N$target":{"__id__":121}}],"_prefab":{"__type__":"cc.PrefabInfo","root":{"__id__":1},"asset":{"__uuid__":"30nMceUPBMDrm0gnfFrGd3"},"fileId":"eaN+HF7fJNkaWwIq5KfcFb"},"_contentSize":{"__type__":"cc.Size","width":443,"height":157},"_trs":{"__type__":"TypedArray","ctor":"Float64Array","array":[0,-450,0,0,0,0,1,1,1,1]}},{"__type__":"cc.Node","_name":"Background","_parent":{"__id__":120},"_components":[{"__type__":"cc.Sprite","node":{"__id__":121},"_materials":[{"__uuid__":"ecpdLyjvZBwrvm+cedCcQy"}],"_spriteFrame":{"__uuid__":"b4+eZA3ZRH46/+7qOXz9Gp"},"_type":1},{"__type__":"cc.Widget","node":{"__id__":121},"alignMode":0,"_alignFlags":45,"_originalWidth":100,"_originalHeight":40}],"_prefab":{"__type__":"cc.PrefabInfo","root":{"__id__":1},"asset":{"__uuid__":"30nMceUPBMDrm0gnfFrGd3"},"fileId":"7eOdAFO69JNIwzQjYuytuL"},"_contentSize":{"__type__":"cc.Size","width":443,"height":157},"_trs":{"__type__":"TypedArray","ctor":"Float64Array","array":[0,0,0,0,0,0,1,1,1,0]}},{"__type__":"cc.Node","_name":"BtnGot","_parent":{"__id__":3},"_children":[{"__id__":123}],"_components":[{"__type__":"cc.Sprite","node":{"__id__":122},"_materials":[{"__uuid__":"ecpdLyjvZBwrvm+cedCcQy"}],"_spriteFrame":{"__uuid__":"87m1T83JVAHpBs4GObCz1v"},"_sizeMode":0}],"_prefab":{"__type__":"cc.PrefabInfo","root":{"__id__":1},"asset":{"__uuid__":"30nMceUPBMDrm0gnfFrGd3"},"fileId":"b8CbyBrHZFP7kww4BotLnf"},"_contentSize":{"__type__":"cc.Size","width":507,"height":119},"_trs":{"__type__":"TypedArray","ctor":"Float64Array","array":[0,55,0,0,0,0,1,1,1,1]}},{"__type__":"cc.Node","_name":"New Sprite","_parent":{"__id__":122},"_components":[{"__type__":"cc.Sprite","node":{"__id__":123},"_materials":[{"__uuid__":"ecpdLyjvZBwrvm+cedCcQy"}],"_spriteFrame":{"__uuid__":"6bP/TlW/xHMJ4ofepzP32Y"}}],"_prefab":{"__type__":"cc.PrefabInfo","root":{"__id__":1},"asset":{"__uuid__":"30nMceUPBMDrm0gnfFrGd3"},"fileId":"07FcQybNJPEKbljGtb15x4"},"_contentSize":{"__type__":"cc.Size","width":304,"height":48},"_trs":{"__type__":"TypedArray","ctor":"Float64Array","array":[0,0,0,0,0,0,1,1,1,1]}}],{"__type__":"cc.SpriteFrame","content":{"name":"disitian-en","texture":"efB7W4SH9K4rqRyhz0Ut2g","rect":[0,1,85,25],"offset":[-0.5,0],"originalSize":[86,27],"capInsets":[0,0,0,0]}},{"__type__":"cc.SpriteFrame","content":{"name":"diqitianGotIcon","texture":"f3TiONgy1HppbWbpRnmr32","rect":[0,6,372,166],"offset":[-0.5,-2.5],"originalSize":[373,173],"capInsets":[0,0,0,0]}},{"__type__":"cc.SpriteFrame","content":{"name":"diyitian-en","texture":"55TKSfpQtAfLSAZO94gQoa","rect":[6,1,74,25],"offset":[0,0],"originalSize":[86,27],"capInsets":[0,0,0,0]}},{"__type__":"cc.SpriteFrame","content":{"name":"sign_got-en","texture":"267Vjrjh9JMpM/gU5aDq7q","rect":[0,0,304,48],"offset":[0,0],"originalSize":[304,48],"capInsets":[0,0,0,0]}},{"__type__":"cc.SpriteFrame","content":{"name":"image_gou","texture":"69z5h6u4FAM7JsTByOxmgu","rect":[0,0,118,98],"offset":[0,0],"originalSize":[118,98],"capInsets":[0,0,0,0]}},{"__type__":"cc.SpriteFrame","content":{"name":"diertian-en","texture":"82IADWu0hDN5WeRL2aya2x","rect":[1,1,84,25],"offset":[0,0],"originalSize":[86,27],"capInsets":[0,0,0,0]}},{"__type__":"cc.SpriteFrame","content":{"name":"diwutian-en","texture":"2enOGNhA5OHZrJ3IAKU/7m","rect":[0,1,86,25],"offset":[0,0],"originalSize":[86,27],"capInsets":[0,0,0,0]}},{"__type__":"cc.SpriteFrame","content":{"name":"qd_zhijielingqv-en","texture":"7dF4aW8rVGPpyIvKSSaFjP","rect":[0,0,443,157],"offset":[0,0],"originalSize":[443,157],"capInsets":[0,0,0,0]}},{"__type__":"cc.SpriteFrame","content":{"name":"diqitianBg-en","texture":"6c8/8IjfxN1JQtqjLlgPH8","rect":[0,1,371,168],"offset":[0,0],"originalSize":[371,170],"capInsets":[0,0,0,0]}},{"__type__":"cc.SpriteFrame","content":{"name":"diliutian-en","texture":"a4eG27pqRIragWAvqlLjhu","rect":[0,1,85,25],"offset":[-0.5,0],"originalSize":[86,27],"capInsets":[0,0,0,0]}},{"__type__":"cc.SpriteFrame","content":{"name":"qd_shuangbei-en","texture":"6c+/N/ryBC7LHysATRk/XD","rect":[0,0,443,157],"offset":[0,0],"originalSize":[443,157],"capInsets":[0,0,0,0]}},{"__type__":"cc.SpriteFrame","content":{"name":"signBg-en","texture":"25jDT08mNJsLxdJdiNcPrL","rect":[0,0,980,889],"offset":[0,0],"originalSize":[980,889],"capInsets":[0,0,0,0]}},{"__type__":"cc.SpriteFrame","content":{"name":"image_xxguang","texture":"92ON0zkh9Lva7RM+ozZDzv","rect":[0,0,23,23],"offset":[0,0],"originalSize":[23,23],"capInsets":[0,0,0,0]}},{"__type__":"cc.SpriteFrame","content":{"name":"disantian-en","texture":"2bxtkWb5xAr6nqpT+HT4Ma","rect":[0,1,85,25],"offset":[-0.5,0],"originalSize":[86,27],"capInsets":[0,0,0,0]}},{"__type__":"cc.SpriteFrame","content":{"name":"iconGot","texture":"fepYlL0qxKxpv7cyzjUCmx","rect":[0,0,179,162],"offset":[0,0],"originalSize":[179,162],"capInsets":[0,0,0,0]}},{"__type__":"cc.SpriteFrame","content":{"name":"image_xxk1","texture":"c1RKTOHt1NCIIV4HessHeM","rect":[0,0,181,168],"offset":[0,0],"originalSize":[181,168],"capInsets":[0,0,0,0]}},{"__type__":"cc.SpriteFrame","content":{"name":"image_wpguang","texture":"953t2swKNBJ7v56eixh/RR","rect":[0,0,23,23],"offset":[0,0],"originalSize":[23,23],"capInsets":[0,0,0,0]}}]