[[{"__type__":"cc.Prefab","_name":"UIDerived83","data":{"__id__":1}},{"__type__":"cc.Node","_name":"UIDerived61","_children":[{"__type__":"cc.Node","_name":"bule_node","_parent":{"__id__":1},"_prefab":{"__type__":"cc.PrefabInfo","root":{"__id__":1},"asset":{"__uuid__":"92gwTGZZZNur/TprRz1Xnc"},"fileId":"42+5HAiwBAI6cl4O3/64A1"},"_trs":{"__type__":"TypedArray","ctor":"Float64Array","array":[0,0,0,0,0,0,1,1,1,1]}},{"__type__":"cc.Node","_name":"greenwater_node","_parent":{"__id__":1},"_prefab":{"__type__":"cc.PrefabInfo","root":{"__id__":1},"asset":{"__uuid__":"92gwTGZZZNur/TprRz1Xnc"},"fileId":"105YqyLJVCbqrPWvbGJVZF"},"_trs":{"__type__":"TypedArray","ctor":"Float64Array","array":[0,0,0,0,0,0,1,1,1,1]}},{"__type__":"cc.Node","_name":"redwater_node","_parent":{"__id__":1},"_prefab":{"__type__":"cc.PrefabInfo","root":{"__id__":1},"asset":{"__uuid__":"92gwTGZZZNur/TprRz1Xnc"},"fileId":"d8nkNNX7tJ1o3FxAXpaexq"},"_trs":{"__type__":"TypedArray","ctor":"Float64Array","array":[0,0,0,0,0,0,1,1,1,1]}},{"__id__":2},{"__id__":3},{"__id__":4},{"__id__":5},{"__type__":"cc.Node","_name":"greenPos_node","_parent":{"__id__":1},"_prefab":{"__type__":"cc.PrefabInfo","root":{"__id__":1},"asset":{"__uuid__":"92gwTGZZZNur/TprRz1Xnc"},"fileId":"7d09SGAjREtK3lU1HBC/v8"},"_trs":{"__type__":"TypedArray","ctor":"Float64Array","array":[0,0,0,0,0,0,1,1,1,1]}},{"__id__":6},{"__id__":8},{"__id__":10},{"__id__":12},{"__type__":"cc.Node","_name":"player","_parent":{"__id__":1},"_prefab":{"__type__":"cc.PrefabInfo","root":{"__id__":1},"asset":{"__uuid__":"92gwTGZZZNur/TprRz1Xnc"},"fileId":"f1eJb9ErtLOLKv09Ew+Neo"},"_contentSize":{"__type__":"cc.Size","width":240,"height":140},"_trs":{"__type__":"TypedArray","ctor":"Float64Array","array":[223.716,-655.056,0,0,0,0,1,-0.7,0.7,1]}},{"__type__":"cc.Node","_name":"enemy","_parent":{"__id__":1},"_prefab":{"__type__":"cc.PrefabInfo","root":{"__id__":1},"asset":{"__uuid__":"92gwTGZZZNur/TprRz1Xnc"},"fileId":"f6XryYGq1JCJ/euXgoga0F"},"_trs":{"__type__":"TypedArray","ctor":"Float64Array","array":[-135.765,-632.235,0,0,0,0,1,1,1,1]}}],"_components":[{"__type__":"cc.Sprite","node":{"__id__":1},"_materials":[{"__uuid__":"ecpdLyjvZBwrvm+cedCcQy"}],"_spriteFrame":{"__uuid__":"aaQjmRjXBDgKFBqbksACY7"}},{"__type__":"cc.RigidBody","node":{"__id__":1},"_type":0},{"__type__":"cc.PhysicsPolygonCollider","node":{"__id__":1},"_offset":{"__type__":"cc.Vec2","x":-305,"y":706},"points":[{"__type__":"cc.Vec2","x":-40,"y":-1470},{"__type__":"cc.Vec2","x":663,"y":-1484},{"__type__":"cc.Vec2","x":659,"y":47},{"__type__":"cc.Vec2","x":610.1,"y":10},{"__type__":"cc.Vec2","x":611.7,"y":-629.3},{"__type__":"cc.Vec2","x":317.9,"y":-631.3},{"__type__":"cc.Vec2","x":315.1,"y":-392.6},{"__type__":"cc.Vec2","x":297.4,"y":-372.5},{"__type__":"cc.Vec2","x":188.2,"y":-421.5},{"__type__":"cc.Vec2","x":161.8,"y":-451.2},{"__type__":"cc.Vec2","x":159.5,"y":-838.1},{"__type__":"cc.Vec2","x":608,"y":-841},{"__type__":"cc.Vec2","x":608,"y":-1416},{"__type__":"cc.Vec2","x":446,"y":-1419},{"__type__":"cc.Vec2","x":444,"y":-1117},{"__type__":"cc.Vec2","x":303.7,"y":-1044.2},{"__type__":"cc.Vec2","x":292,"y":-1061.8},{"__type__":"cc.Vec2","x":291,"y":-1148},{"__type__":"cc.Vec2","x":290.9,"y":-1420.8},{"__type__":"cc.Vec2","x":68.2,"y":-1413.6},{"__type__":"cc.Vec2","x":58.9,"y":-1130.6},{"__type__":"cc.Vec2","x":41.5,"y":-1102.9},{"__type__":"cc.Vec2","x":1.9,"y":-1054.8},{"__type__":"cc.Vec2","x":-1,"y":-106},{"__type__":"cc.Vec2","x":378,"y":-102},{"__type__":"cc.Vec2","x":379,"y":6},{"__type__":"cc.Vec2","x":609,"y":10.2},{"__type__":"cc.Vec2","x":661.6,"y":51.4},{"__type__":"cc.Vec2","x":-50,"y":50}]},{"__type__":"1100eDGpRlLMYp5CrYQGpcQ","node":{"__id__":1},"player_happy":true}],"_prefab":{"__type__":"cc.PrefabInfo","root":{"__id__":1},"asset":{"__uuid__":"92gwTGZZZNur/TprRz1Xnc"},"fileId":"1bAWuynZpIgb7JV6il2CGF"},"_contentSize":{"__type__":"cc.Size","width":700,"height":1515},"_trs":{"__type__":"TypedArray","ctor":"Float64Array","array":[0,0,0,0,0,0,1,1,1,1]}},{"__type__":"cc.Node","_name":"black_node","_parent":{"__id__":1},"_components":[{"__type__":"6c0e8KZwr5L34azTYX21stu","node":{"__id__":2}}],"_prefab":{"__type__":"cc.PrefabInfo","root":{"__id__":1},"asset":{"__uuid__":"92gwTGZZZNur/TprRz1Xnc"},"fileId":"c7Nh5VV/1A04vP/hpe1Y/O"},"_trs":{"__type__":"TypedArray","ctor":"Float64Array","array":[0,0,0,0,0,0,1,1,1,1]}},{"__type__":"cc.Node","_name":"gray_node","_parent":{"__id__":1},"_components":[{"__type__":"3400dF2d2tHLK8+En9baGXY","node":{"__id__":3},"grey_prefab":{"__uuid__":"13FEeEL1NMaK5TFGpFQpJr"}}],"_prefab":{"__type__":"cc.PrefabInfo","root":{"__id__":1},"asset":{"__uuid__":"92gwTGZZZNur/TprRz1Xnc"},"fileId":"afUGPHcxdDxI1/UKHub2Lj"},"_trs":{"__type__":"TypedArray","ctor":"Float64Array","array":[0,0,0,0,0,0,1,1,1,1]}},{"__type__":"cc.Node","_name":"bulePos_node","_parent":{"__id__":1},"_children":[{"__type__":"cc.Node","_name":"New Node","_parent":{"__id__":4},"_prefab":{"__type__":"cc.PrefabInfo","root":{"__id__":1},"asset":{"__uuid__":"92gwTGZZZNur/TprRz1Xnc"},"fileId":"85VJQktNhI4LCl2KxJHTQi"},"_trs":{"__type__":"TypedArray","ctor":"Float64Array","array":[204.944,-559.844,0,0,0,0,1,1,1,1]}},{"__type__":"cc.Node","_name":"New Node","_parent":{"__id__":4},"_prefab":{"__type__":"cc.PrefabInfo","root":{"__id__":1},"asset":{"__uuid__":"92gwTGZZZNur/TprRz1Xnc"},"fileId":"0cEjkF/htIgpb3+2S25wv6"},"_trs":{"__type__":"TypedArray","ctor":"Float64Array","array":[-141.422,-520.431,0,0,0,0,1,1,1,1]}}],"_prefab":{"__type__":"cc.PrefabInfo","root":{"__id__":1},"asset":{"__uuid__":"92gwTGZZZNur/TprRz1Xnc"},"fileId":"4eOuO7sqVPxrlkrg+USibz"},"_trs":{"__type__":"TypedArray","ctor":"Float64Array","array":[0,0,0,0,0,0,1,1,1,1]}},{"__type__":"cc.Node","_name":"redPos_node","_parent":{"__id__":1},"_children":[{"__type__":"cc.Node","_name":"New Node","_parent":{"__id__":5},"_prefab":{"__type__":"cc.PrefabInfo","root":{"__id__":1},"asset":{"__uuid__":"92gwTGZZZNur/TprRz1Xnc"},"fileId":"58tgD1ynJEh78Tpkk9DtZ2"},"_trs":{"__type__":"TypedArray","ctor":"Float64Array","array":[-15.477,508.86,0,0,0,0,1,1,1,1]}}],"_prefab":{"__type__":"cc.PrefabInfo","root":{"__id__":1},"asset":{"__uuid__":"92gwTGZZZNur/TprRz1Xnc"},"fileId":"7em4w9yCxFU683Aw5q2ULq"},"_trs":{"__type__":"TypedArray","ctor":"Float64Array","array":[0,0,0,0,0,0,1,1,1,1]}},{"__type__":"cc.Node","_name":"zhenNode","_parent":{"__id__":1},"_children":[{"__id__":7}],"_prefab":{"__type__":"cc.PrefabInfo","root":{"__id__":1},"asset":{"__uuid__":"92gwTGZZZNur/TprRz1Xnc"},"fileId":"e1U0CCZDFDDIgiTZtkyLuT"},"_trs":{"__type__":"TypedArray","ctor":"Float64Array","array":[43.914,374.674,0,0,0,0.2399569579347376,0.9707835280528335,1,1,1]},"_eulerAngles":{"__type__":"cc.Vec3","z":27.768},"_groupIndex":8,"groupIndex":8},{"__type__":"cc.Node","_name":"zhen","_parent":{"__id__":6},"_components":[{"__type__":"cc.Sprite","node":{"__id__":7},"_materials":[{"__uuid__":"ecpdLyjvZBwrvm+cedCcQy"}],"_spriteFrame":{"__uuid__":"81u1O4l2lM2IGXbUA/0aw7"},"_type":1,"_sizeMode":0},{"__type__":"cc.RigidBody","node":{"__id__":7},"_type":3,"_allowSleep":false,"_gravityScale":0,"_fixedRotation":true,"enabledContactListener":true,"bullet":true},{"__type__":"cc.PhysicsPolygonCollider","node":{"__id__":7},"tag":222,"_offset":{"__type__":"cc.Vec2","x":500,"y":-5},"points":[{"__type__":"cc.Vec2","x":-48.9,"y":-66.3},{"__type__":"cc.Vec2","x":62.5,"y":-66.3},{"__type__":"cc.Vec2","x":63,"y":67.4},{"__type__":"cc.Vec2","x":-48.4,"y":69},{"__type__":"cc.Vec2","x":-52.2,"y":41.4},{"__type__":"cc.Vec2","x":-1064,"y":53},{"__type__":"cc.Vec2","x":-1067,"y":-38},{"__type__":"cc.Vec2","x":-49.2,"y":-34.3}]},{"__type__":"72555Q9muRD1505Zi2fOOxm","node":{"__id__":7},"linevelocityX":500}],"_prefab":{"__type__":"cc.PrefabInfo","root":{"__id__":1},"asset":{"__uuid__":"92gwTGZZZNur/TprRz1Xnc"},"fileId":"69oS+isFNKEKcAoZ028CPr"},"_contentSize":{"__type__":"cc.Size","width":1124,"height":111},"_trs":{"__type__":"TypedArray","ctor":"Float64Array","array":[0,0,0,0,0,0,1,0.8,0.8,0.8]},"_groupIndex":8,"groupIndex":8},{"__type__":"cc.Node","_name":"zhenNode","_parent":{"__id__":1},"_children":[{"__id__":9}],"_prefab":{"__type__":"cc.PrefabInfo","root":{"__id__":1},"asset":{"__uuid__":"92gwTGZZZNur/TprRz1Xnc"},"fileId":"baUD3imXZGGYAhSL7pLWhC"},"_trs":{"__type__":"TypedArray","ctor":"Float64Array","array":[-138.022,558.327,0,0,0,0.8463419402600585,0.5326399535866978,1,1,1]},"_eulerAngles":{"__type__":"cc.Vec3","z":115.632},"_groupIndex":8,"groupIndex":8},{"__type__":"cc.Node","_name":"zhen","_parent":{"__id__":8},"_components":[{"__type__":"cc.Sprite","node":{"__id__":9},"_materials":[{"__uuid__":"ecpdLyjvZBwrvm+cedCcQy"}],"_spriteFrame":{"__uuid__":"81u1O4l2lM2IGXbUA/0aw7"},"_type":1},{"__type__":"cc.RigidBody","node":{"__id__":9},"_type":3,"_allowSleep":false,"_gravityScale":0,"_fixedRotation":true,"enabledContactListener":true,"bullet":true},{"__type__":"cc.PhysicsPolygonCollider","node":{"__id__":9},"tag":222,"_offset":{"__type__":"cc.Vec2","x":241,"y":-1},"points":[{"__type__":"cc.Vec2","x":-48.9,"y":-66.3},{"__type__":"cc.Vec2","x":62.5,"y":-66.3},{"__type__":"cc.Vec2","x":63,"y":67.4},{"__type__":"cc.Vec2","x":-48.4,"y":69},{"__type__":"cc.Vec2","x":-52.2,"y":41.4},{"__type__":"cc.Vec2","x":-533.6,"y":43.1},{"__type__":"cc.Vec2","x":-532.1,"y":-35.8},{"__type__":"cc.Vec2","x":-49.2,"y":-34.3}]},{"__type__":"72555Q9muRD1505Zi2fOOxm","node":{"__id__":9},"linevelocityX":500}],"_prefab":{"__type__":"cc.PrefabInfo","root":{"__id__":1},"asset":{"__uuid__":"92gwTGZZZNur/TprRz1Xnc"},"fileId":"90qqbUJnZObrA40o11OLRs"},"_contentSize":{"__type__":"cc.Size","width":587,"height":111},"_trs":{"__type__":"TypedArray","ctor":"Float64Array","array":[0,0,0,0,0,0,1,0.8,0.8,0.8]},"_groupIndex":8,"groupIndex":8},{"__type__":"cc.Node","_name":"zhenNode","_parent":{"__id__":1},"_children":[{"__id__":11}],"_prefab":{"__type__":"cc.PrefabInfo","root":{"__id__":1},"asset":{"__uuid__":"92gwTGZZZNur/TprRz1Xnc"},"fileId":"347jEPznlFNoWDy+X3LITY"},"_trs":{"__type__":"TypedArray","ctor":"Float64Array","array":[180.193,-138.548,0,0,0,0.48490120754945787,0.8745689331991375,1,1,1]},"_eulerAngles":{"__type__":"cc.Vec3","z":58.012},"_groupIndex":8,"groupIndex":8},{"__type__":"cc.Node","_name":"zhen","_parent":{"__id__":10},"_components":[{"__type__":"cc.Sprite","node":{"__id__":11},"_materials":[{"__uuid__":"ecpdLyjvZBwrvm+cedCcQy"}],"_spriteFrame":{"__uuid__":"81u1O4l2lM2IGXbUA/0aw7"},"_type":1},{"__type__":"cc.RigidBody","node":{"__id__":11},"_type":3,"_allowSleep":false,"_gravityScale":0,"_fixedRotation":true,"enabledContactListener":true,"bullet":true},{"__type__":"cc.PhysicsPolygonCollider","node":{"__id__":11},"tag":222,"_offset":{"__type__":"cc.Vec2","x":241,"y":-1},"points":[{"__type__":"cc.Vec2","x":-48.9,"y":-66.3},{"__type__":"cc.Vec2","x":62.5,"y":-66.3},{"__type__":"cc.Vec2","x":63,"y":67.4},{"__type__":"cc.Vec2","x":-48.4,"y":69},{"__type__":"cc.Vec2","x":-52.2,"y":41.4},{"__type__":"cc.Vec2","x":-533.6,"y":43.1},{"__type__":"cc.Vec2","x":-532.1,"y":-35.8},{"__type__":"cc.Vec2","x":-49.2,"y":-34.3}]},{"__type__":"72555Q9muRD1505Zi2fOOxm","node":{"__id__":11},"linevelocityX":500}],"_prefab":{"__type__":"cc.PrefabInfo","root":{"__id__":1},"asset":{"__uuid__":"92gwTGZZZNur/TprRz1Xnc"},"fileId":"833B2Rc6JIRq/j9VkNadnh"},"_contentSize":{"__type__":"cc.Size","width":587,"height":111},"_trs":{"__type__":"TypedArray","ctor":"Float64Array","array":[0,0,0,0,0,0,1,0.8,0.8,0.8]},"_groupIndex":8,"groupIndex":8},{"__type__":"cc.Node","_name":"zhenNode","_parent":{"__id__":1},"_children":[{"__id__":13}],"_prefab":{"__type__":"cc.PrefabInfo","root":{"__id__":1},"asset":{"__uuid__":"92gwTGZZZNur/TprRz1Xnc"},"fileId":"a7ZY8DiJ1LM76mKVu0RIjt"},"_trs":{"__type__":"TypedArray","ctor":"Float64Array","array":[-38.867,-295.609,0,0,0,0.9641718389277115,0.2652784669338148,1,1,1]},"_eulerAngles":{"__type__":"cc.Vec3","z":149.233},"_groupIndex":8,"groupIndex":8},{"__type__":"cc.Node","_name":"zhen","_parent":{"__id__":12},"_components":[{"__type__":"cc.Sprite","node":{"__id__":13},"_materials":[{"__uuid__":"ecpdLyjvZBwrvm+cedCcQy"}],"_spriteFrame":{"__uuid__":"81u1O4l2lM2IGXbUA/0aw7"},"_type":1,"_sizeMode":0},{"__type__":"cc.RigidBody","node":{"__id__":13},"_type":3,"_allowSleep":false,"_gravityScale":0,"_fixedRotation":true,"enabledContactListener":true,"bullet":true},{"__type__":"cc.PhysicsPolygonCollider","node":{"__id__":13},"tag":222,"_offset":{"__type__":"cc.Vec2","x":500,"y":-5},"points":[{"__type__":"cc.Vec2","x":-48.9,"y":-66.3},{"__type__":"cc.Vec2","x":62.5,"y":-66.3},{"__type__":"cc.Vec2","x":63,"y":67.4},{"__type__":"cc.Vec2","x":-48.4,"y":69},{"__type__":"cc.Vec2","x":-52.2,"y":41.4},{"__type__":"cc.Vec2","x":-1064,"y":53},{"__type__":"cc.Vec2","x":-1067,"y":-38},{"__type__":"cc.Vec2","x":-49.2,"y":-34.3}]},{"__type__":"72555Q9muRD1505Zi2fOOxm","node":{"__id__":13},"linevelocityX":500}],"_prefab":{"__type__":"cc.PrefabInfo","root":{"__id__":1},"asset":{"__uuid__":"92gwTGZZZNur/TprRz1Xnc"},"fileId":"40fy3rwuhADqpc5J1mR8zN"},"_contentSize":{"__type__":"cc.Size","width":1124,"height":111},"_trs":{"__type__":"TypedArray","ctor":"Float64Array","array":[0,0,0,0,0,0,1,0.8,0.8,0.8]},"_groupIndex":8,"groupIndex":8}],{"__type__":"cc.SpriteFrame","content":{"name":"guanqia79","texture":"c30vSUSxlFyqBE8ONJ2yAP","rect":[1,1,700,1515],"offset":[0,0],"originalSize":[702,1517],"capInsets":[0,0,0,0]}}]