[{"__type__":"cc.SpriteFrame","content":{"name":"guanqia56","texture":"1arJK6HANHpJLpnXOx/ltf","rect":[1,1,956,1501],"offset":[-0.5,0],"originalSize":[959,1503],"capInsets":[0,0,0,0]}},[{"__type__":"cc.Prefab","_name":"UIDerived76","data":{"__id__":1}},{"__type__":"cc.Node","_name":"UIDerived21","_children":[{"__type__":"cc.Node","_name":"player","_parent":{"__id__":1},"_prefab":{"__type__":"cc.PrefabInfo","root":{"__id__":1},"asset":{"__uuid__":"8diUGTQXJG1qqlr0cyj4FH"},"fileId":"341r5Te2VGt4tE+NkmPbeg"},"_contentSize":{"__type__":"cc.Size","width":240,"height":140},"_trs":{"__type__":"TypedArray","ctor":"Float64Array","array":[-310.493,-606.733,0,0,0,0,1,0.7,0.7,0.7]}},{"__type__":"cc.Node","_name":"greenPos_node","_parent":{"__id__":1},"_prefab":{"__type__":"cc.PrefabInfo","root":{"__id__":1},"asset":{"__uuid__":"8diUGTQXJG1qqlr0cyj4FH"},"fileId":"479snuhmFHXIQdvaxuDWhm"},"_trs":{"__type__":"TypedArray","ctor":"Float64Array","array":[0,0,0,0,0,0,1,1,1,1]}},{"__type__":"cc.Node","_name":"redPos_node","_parent":{"__id__":1},"_prefab":{"__type__":"cc.PrefabInfo","root":{"__id__":1},"asset":{"__uuid__":"8diUGTQXJG1qqlr0cyj4FH"},"fileId":"49RT39TEJHSq1EcYQ8yry/"},"_trs":{"__type__":"TypedArray","ctor":"Float64Array","array":[0,0,0,0,0,0,1,1,1,1]}},{"__id__":2},{"__id__":3},{"__id__":4},{"__type__":"cc.Node","_name":"redwater_node","_parent":{"__id__":1},"_prefab":{"__type__":"cc.PrefabInfo","root":{"__id__":1},"asset":{"__uuid__":"8diUGTQXJG1qqlr0cyj4FH"},"fileId":"b6bqoPL5BG46e8IxBFL5tV"},"_trs":{"__type__":"TypedArray","ctor":"Float64Array","array":[0,0,0,0,0,0,1,1,1,1]}},{"__type__":"cc.Node","_name":"greenwater_node","_parent":{"__id__":1},"_prefab":{"__type__":"cc.PrefabInfo","root":{"__id__":1},"asset":{"__uuid__":"8diUGTQXJG1qqlr0cyj4FH"},"fileId":"9c9p5u2xVDFJ0csBxGZQVj"},"_trs":{"__type__":"TypedArray","ctor":"Float64Array","array":[0,0,0,0,0,0,1,1,1,1]}},{"__type__":"cc.Node","_name":"bule_node","_parent":{"__id__":1},"_prefab":{"__type__":"cc.PrefabInfo","root":{"__id__":1},"asset":{"__uuid__":"8diUGTQXJG1qqlr0cyj4FH"},"fileId":"d66N3fVZ1PVqLvrQp1PUev"},"_trs":{"__type__":"TypedArray","ctor":"Float64Array","array":[0,0,0,0,0,0,1,1,1,1]}},{"__id__":5},{"__id__":7},{"__id__":11},{"__id__":18},{"__id__":14}],"_components":[{"__type__":"cc.Sprite","node":{"__id__":1},"_materials":[{"__uuid__":"ecpdLyjvZBwrvm+cedCcQy"}],"_spriteFrame":{"__uuid__":"26Bzu/cSBHq5jQV+ZFwYqk"}},{"__type__":"1100eDGpRlLMYp5CrYQGpcQ","node":{"__id__":1}},{"__type__":"cc.RigidBody","node":{"__id__":1},"_type":0},{"__type__":"cc.PhysicsPolygonCollider","node":{"__id__":1},"points":[{"__type__":"cc.Vec2","x":-502,"y":-760},{"__type__":"cc.Vec2","x":505,"y":-764},{"__type__":"cc.Vec2","x":496,"y":780},{"__type__":"cc.Vec2","x":373.7,"y":568.9},{"__type__":"cc.Vec2","x":237,"y":504},{"__type__":"cc.Vec2","x":243,"y":138},{"__type__":"cc.Vec2","x":433.7,"y":126},{"__type__":"cc.Vec2","x":437.2,"y":-369.8},{"__type__":"cc.Vec2","x":-111.3,"y":-365.7},{"__type__":"cc.Vec2","x":-113.3,"y":254.1},{"__type__":"cc.Vec2","x":-128.4,"y":275.5},{"__type__":"cc.Vec2","x":-310.6,"y":281.4},{"__type__":"cc.Vec2","x":-337.3,"y":258.5},{"__type__":"cc.Vec2","x":-337.3,"y":-481.7},{"__type__":"cc.Vec2","x":-323.7,"y":-522.9},{"__type__":"cc.Vec2","x":-141.4,"y":-516.3},{"__type__":"cc.Vec2","x":-148.8,"y":-602.7},{"__type__":"cc.Vec2","x":-175.9,"y":-670},{"__type__":"cc.Vec2","x":-235,"y":-709.2},{"__type__":"cc.Vec2","x":-324.8,"y":-707.1},{"__type__":"cc.Vec2","x":-404.3,"y":-668.2},{"__type__":"cc.Vec2","x":-430,"y":-615},{"__type__":"cc.Vec2","x":-431,"y":368},{"__type__":"cc.Vec2","x":-12,"y":369.4},{"__type__":"cc.Vec2","x":-9.2,"y":-272.7},{"__type__":"cc.Vec2","x":332.5,"y":-280.6},{"__type__":"cc.Vec2","x":332.4,"y":17.4},{"__type__":"cc.Vec2","x":313.6,"y":45.5},{"__type__":"cc.Vec2","x":141.2,"y":43},{"__type__":"cc.Vec2","x":140.7,"y":501.5},{"__type__":"cc.Vec2","x":116.1,"y":525.5},{"__type__":"cc.Vec2","x":15.3,"y":567.8},{"__type__":"cc.Vec2","x":12.7,"y":703.1},{"__type__":"cc.Vec2","x":372.7,"y":708.6},{"__type__":"cc.Vec2","x":371.8,"y":568.7},{"__type__":"cc.Vec2","x":492.8,"y":779.5},{"__type__":"cc.Vec2","x":-500,"y":779}]}],"_prefab":{"__type__":"cc.PrefabInfo","root":{"__id__":1},"asset":{"__uuid__":"8diUGTQXJG1qqlr0cyj4FH"},"fileId":"56I1Df9i1FcabilBJqgdss"},"_contentSize":{"__type__":"cc.Size","width":956,"height":1501},"_trs":{"__type__":"TypedArray","ctor":"Float64Array","array":[0,0,0,0,0,0,1,1,1,1]}},{"__type__":"cc.Node","_name":"bulePos_node","_parent":{"__id__":1},"_children":[{"__type__":"cc.Node","_name":"New Node","_parent":{"__id__":2},"_prefab":{"__type__":"cc.PrefabInfo","root":{"__id__":1},"asset":{"__uuid__":"8diUGTQXJG1qqlr0cyj4FH"},"fileId":"4bVPE93OdBmYg3IaVkVNmQ"},"_trs":{"__type__":"TypedArray","ctor":"Float64Array","array":[152.138,578.349,0,0,0,0,1,1,1,1]}}],"_prefab":{"__type__":"cc.PrefabInfo","root":{"__id__":1},"asset":{"__uuid__":"8diUGTQXJG1qqlr0cyj4FH"},"fileId":"16TVI97qBD55M7rvldH5AH"},"_trs":{"__type__":"TypedArray","ctor":"Float64Array","array":[0,0,0,0,0,0,1,1,1,1]}},{"__type__":"cc.Node","_name":"gray_node","_parent":{"__id__":1},"_components":[{"__type__":"3400dF2d2tHLK8+En9baGXY","node":{"__id__":3},"grey_prefab":{"__uuid__":"13FEeEL1NMaK5TFGpFQpJr"}}],"_prefab":{"__type__":"cc.PrefabInfo","root":{"__id__":1},"asset":{"__uuid__":"8diUGTQXJG1qqlr0cyj4FH"},"fileId":"96m6JYbwBL+qFdIKmIf5QS"},"_trs":{"__type__":"TypedArray","ctor":"Float64Array","array":[0,0,0,0,0,0,1,1,1,1]}},{"__type__":"cc.Node","_name":"black_node","_parent":{"__id__":1},"_components":[{"__type__":"6c0e8KZwr5L34azTYX21stu","node":{"__id__":4}}],"_prefab":{"__type__":"cc.PrefabInfo","root":{"__id__":1},"asset":{"__uuid__":"8diUGTQXJG1qqlr0cyj4FH"},"fileId":"fdNROgxIVLMoWcM5dUawTA"},"_trs":{"__type__":"TypedArray","ctor":"Float64Array","array":[0,0,0,0,0,0,1,1,1,1]}},{"__type__":"cc.Node","_name":"zhenNode","_parent":{"__id__":1},"_children":[{"__id__":6}],"_prefab":{"__type__":"cc.PrefabInfo","root":{"__id__":1},"asset":{"__uuid__":"8diUGTQXJG1qqlr0cyj4FH"},"fileId":"e6F37HjPZBzpYaBIjA95fr"},"_trs":{"__type__":"TypedArray","ctor":"Float64Array","array":[227,458,0,0,0,0,1,1,1,1]},"_groupIndex":8,"groupIndex":8},{"__type__":"cc.Node","_name":"zhen","_parent":{"__id__":5},"_components":[{"__type__":"cc.Sprite","node":{"__id__":6},"_materials":[{"__uuid__":"ecpdLyjvZBwrvm+cedCcQy"}],"_spriteFrame":{"__uuid__":"81u1O4l2lM2IGXbUA/0aw7"},"_type":1,"_sizeMode":0},{"__type__":"cc.RigidBody","node":{"__id__":6},"_type":3,"_allowSleep":false,"_gravityScale":0,"_fixedRotation":true,"enabledContactListener":true,"bullet":true},{"__type__":"cc.PhysicsPolygonCollider","node":{"__id__":6},"tag":222,"_offset":{"__type__":"cc.Vec2","x":-117.5,"y":0.5},"points":[{"__type__":"cc.Vec2","x":227.5,"y":55.5},{"__type__":"cc.Vec2","x":214.5,"y":51.5},{"__type__":"cc.Vec2","x":206.5,"y":45.5},{"__type__":"cc.Vec2","x":192,"y":33.4},{"__type__":"cc.Vec2","x":188.8,"y":24.1},{"__type__":"cc.Vec2","x":185.6,"y":31.6},{"__type__":"cc.Vec2","x":-48,"y":34.4},{"__type__":"cc.Vec2","x":-57.8},{"__type__":"cc.Vec2","x":-51.2,"y":-17.4},{"__type__":"cc.Vec2","x":184.9,"y":-17.2},{"__type__":"cc.Vec2","x":193.4,"y":-34.3},{"__type__":"cc.Vec2","x":209.9,"y":-47.8},{"__type__":"cc.Vec2","x":238.1,"y":-54.9},{"__type__":"cc.Vec2","x":261.8,"y":-50.5},{"__type__":"cc.Vec2","x":285.2,"y":-28.5},{"__type__":"cc.Vec2","x":291.1,"y":-15.6},{"__type__":"cc.Vec2","x":292.7,"y":0.3},{"__type__":"cc.Vec2","x":288.9,"y":22},{"__type__":"cc.Vec2","x":265.3,"y":49.4}]},{"__type__":"72555Q9muRD1505Zi2fOOxm","node":{"__id__":6},"linevelocityX":500}],"_prefab":{"__type__":"cc.PrefabInfo","root":{"__id__":1},"asset":{"__uuid__":"8diUGTQXJG1qqlr0cyj4FH"},"fileId":"e2idMgYCJLA7orbkt9WPUg"},"_contentSize":{"__type__":"cc.Size","width":349,"height":111},"_trs":{"__type__":"TypedArray","ctor":"Float64Array","array":[0,0,0,0,0,0,1,0.8,0.8,0.8]},"_groupIndex":8,"groupIndex":8},{"__type__":"cc.Node","_name":"zhenNodeTwo","_parent":{"__id__":1},"_children":[{"__id__":8},{"__id__":9},{"__id__":10}],"_prefab":{"__type__":"cc.PrefabInfo","root":{"__id__":1},"asset":{"__uuid__":"8diUGTQXJG1qqlr0cyj4FH"},"fileId":"5c70+5/DxLBr3+DUvI6JwO"},"_trs":{"__type__":"TypedArray","ctor":"Float64Array","array":[251.946,23.041,0,0,0,0.7071067811865475,0.7071067811865476,1,1,1]},"_eulerAngles":{"__type__":"cc.Vec3","z":90}},{"__type__":"cc.Node","_name":"zhen","_parent":{"__id__":7},"_components":[{"__type__":"cc.Sprite","node":{"__id__":8},"_materials":[{"__uuid__":"ecpdLyjvZBwrvm+cedCcQy"}],"_spriteFrame":{"__uuid__":"14vJwyNH1OspMXFimJtxkW"},"_type":1,"_sizeMode":0},{"__type__":"cc.RigidBody","node":{"__id__":8},"_type":3,"_gravityScale":0,"_fixedRotation":true,"enabledContactListener":true,"bullet":true},{"__type__":"cc.PhysicsPolygonCollider","node":{"__id__":8},"_offset":{"__type__":"cc.Vec2","x":194.1,"y":2.7},"points":[{"__type__":"cc.Vec2","x":-319,"y":-58},{"__type__":"cc.Vec2","x":-210,"y":-58},{"__type__":"cc.Vec2","x":-211,"y":-25.9},{"__type__":"cc.Vec2","x":-67,"y":-25.7},{"__type__":"cc.Vec2","x":-65,"y":21.3},{"__type__":"cc.Vec2","x":-208,"y":24.8},{"__type__":"cc.Vec2","x":-207,"y":52},{"__type__":"cc.Vec2","x":-319,"y":51}]},{"__type__":"1cb3eoIRdhJWZayW7A68Y7j","node":{"__id__":8},"applyUpsensor":true}],"_prefab":{"__type__":"cc.PrefabInfo","root":{"__id__":1},"asset":{"__uuid__":"8diUGTQXJG1qqlr0cyj4FH"},"fileId":"ceOhuJUMxFuZXbyUSf4TwR"},"_contentSize":{"__type__":"cc.Size","width":253,"height":111},"_trs":{"__type__":"TypedArray","ctor":"Float64Array","array":[0,0,0,0,0,0,1,1,1,1]}},{"__type__":"cc.Node","_name":"zhenup","_parent":{"__id__":7},"_components":[{"__type__":"cc.RigidBody","node":{"__id__":9},"_type":0,"_gravityScale":0,"bullet":true}],"_prefab":{"__type__":"cc.PrefabInfo","root":{"__id__":1},"asset":{"__uuid__":"8diUGTQXJG1qqlr0cyj4FH"},"fileId":"fdG8KwGItNGp3Oiy3gIXqR"},"_trs":{"__type__":"TypedArray","ctor":"Float64Array","array":[0,102.334,0,0,0,0,1,1,1,1]}},{"__type__":"cc.Node","_name":"zhendown","_parent":{"__id__":7},"_components":[{"__type__":"cc.RigidBody","node":{"__id__":10},"_type":0,"_gravityScale":0,"bullet":true}],"_prefab":{"__type__":"cc.PrefabInfo","root":{"__id__":1},"asset":{"__uuid__":"8diUGTQXJG1qqlr0cyj4FH"},"fileId":"80KMbTNRxDQoCwr9LtpUdg"},"_trs":{"__type__":"TypedArray","ctor":"Float64Array","array":[0,-64,0,0,0,0,1,1,1,1]}},{"__type__":"cc.Node","_name":"zhenNodeTwo","_parent":{"__id__":1},"_children":[{"__id__":12},{"__id__":21},{"__id__":22}],"_prefab":{"__type__":"cc.PrefabInfo","root":{"__id__":1},"asset":{"__uuid__":"8diUGTQXJG1qqlr0cyj4FH"},"fileId":"65tWXeQrtKKaw/cq3htLh1"},"_trs":{"__type__":"TypedArray","ctor":"Float64Array","array":[281.812,-372.112,0,0,0,0.7071067811865475,0.7071067811865476,1,1,1]},"_eulerAngles":{"__type__":"cc.Vec3","z":90}},{"__type__":"cc.Node","_name":"zhen","_parent":{"__id__":11},"_components":[{"__type__":"cc.Sprite","node":{"__id__":12},"_materials":[{"__uuid__":"ecpdLyjvZBwrvm+cedCcQy"}],"_spriteFrame":{"__uuid__":"14vJwyNH1OspMXFimJtxkW"},"_type":1,"_sizeMode":0},{"__type__":"cc.RigidBody","node":{"__id__":12},"_type":3,"_gravityScale":0,"_fixedRotation":true,"enabledContactListener":true,"bullet":true},{"__type__":"cc.PhysicsPolygonCollider","node":{"__id__":12},"_offset":{"__type__":"cc.Vec2","x":194.1,"y":2.7},"points":[{"__type__":"cc.Vec2","x":-319,"y":-58},{"__type__":"cc.Vec2","x":-210,"y":-58},{"__type__":"cc.Vec2","x":-210.7,"y":-23.9},{"__type__":"cc.Vec2","x":-55.2,"y":-24.3},{"__type__":"cc.Vec2","x":-56,"y":28.8},{"__type__":"cc.Vec2","x":-205.8,"y":30},{"__type__":"cc.Vec2","x":-207,"y":52},{"__type__":"cc.Vec2","x":-319,"y":51}]},{"__type__":"1cb3eoIRdhJWZayW7A68Y7j","node":{"__id__":12},"applyUpsensor":true,"applyDownsensor":true,"allzhen":[{"__id__":13}]}],"_prefab":{"__type__":"cc.PrefabInfo","root":{"__id__":1},"asset":{"__uuid__":"8diUGTQXJG1qqlr0cyj4FH"},"fileId":"94AdG0CIVOaoJwS4NwMr0t"},"_contentSize":{"__type__":"cc.Size","width":253,"height":111},"_trs":{"__type__":"TypedArray","ctor":"Float64Array","array":[0,0,0,0,0,0,1,1,1,1]}},{"__type__":"cc.Node","_name":"zhen","_parent":{"__id__":14},"_components":[{"__type__":"cc.Sprite","node":{"__id__":13},"_materials":[{"__uuid__":"ecpdLyjvZBwrvm+cedCcQy"}],"_spriteFrame":{"__uuid__":"14vJwyNH1OspMXFimJtxkW"},"_type":1,"_sizeMode":0},{"__type__":"cc.RigidBody","node":{"__id__":13},"_type":3,"_gravityScale":0,"_fixedRotation":true,"enabledContactListener":true,"bullet":true},{"__type__":"cc.PhysicsPolygonCollider","node":{"__id__":13},"_offset":{"__type__":"cc.Vec2","x":194.1,"y":2.7},"points":[{"__type__":"cc.Vec2","x":-319,"y":-58},{"__type__":"cc.Vec2","x":-210,"y":-58},{"__type__":"cc.Vec2","x":-208.7,"y":-22.9},{"__type__":"cc.Vec2","x":-59.9,"y":-22.4},{"__type__":"cc.Vec2","x":-59.3,"y":25.9},{"__type__":"cc.Vec2","x":-208.7,"y":26.3},{"__type__":"cc.Vec2","x":-207,"y":52},{"__type__":"cc.Vec2","x":-319,"y":51}]},{"__type__":"1cb3eoIRdhJWZayW7A68Y7j","node":{"__id__":13},"applyDownsensor":true,"allzhen":[{"__id__":12},{"__id__":17}]}],"_prefab":{"__type__":"cc.PrefabInfo","root":{"__id__":1},"asset":{"__uuid__":"8diUGTQXJG1qqlr0cyj4FH"},"fileId":"47waA2zRdNUKLtQIc6oUGL"},"_contentSize":{"__type__":"cc.Size","width":253,"height":111},"_trs":{"__type__":"TypedArray","ctor":"Float64Array","array":[0,0,0,0,0,0,1,1,1,1]}},{"__type__":"cc.Node","_name":"zhenNodeTwo","_parent":{"__id__":1},"_children":[{"__id__":13},{"__id__":15},{"__id__":16}],"_prefab":{"__type__":"cc.PrefabInfo","root":{"__id__":1},"asset":{"__uuid__":"8diUGTQXJG1qqlr0cyj4FH"},"fileId":"f26Pyem0pEZZTy/+pUY+0m"},"_trs":{"__type__":"TypedArray","ctor":"Float64Array","array":[-102.406,145.041,0,0,0,0,1,1,1,1]}},{"__type__":"cc.Node","_name":"zhenup","_parent":{"__id__":14},"_components":[{"__type__":"cc.RigidBody","node":{"__id__":15},"_type":0,"_gravityScale":0,"bullet":true}],"_prefab":{"__type__":"cc.PrefabInfo","root":{"__id__":1},"asset":{"__uuid__":"8diUGTQXJG1qqlr0cyj4FH"},"fileId":"2dSeiUFbtMG5B/GAvmi1jJ"},"_trs":{"__type__":"TypedArray","ctor":"Float64Array","array":[-29,61.863,0,0,0,0,1,1,1,1]}},{"__type__":"cc.Node","_name":"zhendown","_parent":{"__id__":14},"_components":[{"__type__":"cc.RigidBody","node":{"__id__":16},"_type":0,"_gravityScale":0,"bullet":true}],"_prefab":{"__type__":"cc.PrefabInfo","root":{"__id__":1},"asset":{"__uuid__":"8diUGTQXJG1qqlr0cyj4FH"},"fileId":"0cyjpuTL5FNYszWEufMw6e"},"_trs":{"__type__":"TypedArray","ctor":"Float64Array","array":[-22,-505.798,0,0,0,0,1,1,1,1]}},{"__type__":"cc.Node","_name":"zhen","_parent":{"__id__":18},"_components":[{"__type__":"cc.Sprite","node":{"__id__":17},"_materials":[{"__uuid__":"ecpdLyjvZBwrvm+cedCcQy"}],"_spriteFrame":{"__uuid__":"14vJwyNH1OspMXFimJtxkW"},"_type":1,"_sizeMode":0},{"__type__":"cc.RigidBody","node":{"__id__":17},"_type":3,"_gravityScale":0,"_fixedRotation":true,"enabledContactListener":true,"bullet":true},{"__type__":"cc.PhysicsPolygonCollider","node":{"__id__":17},"_offset":{"__type__":"cc.Vec2","x":194.1,"y":2.7},"points":[{"__type__":"cc.Vec2","x":-319,"y":-58},{"__type__":"cc.Vec2","x":-210,"y":-58},{"__type__":"cc.Vec2","x":-209.9,"y":-26},{"__type__":"cc.Vec2","x":-78,"y":-26.9},{"__type__":"cc.Vec2","x":-76.1,"y":23.1},{"__type__":"cc.Vec2","x":-209.7,"y":22.1},{"__type__":"cc.Vec2","x":-207,"y":52},{"__type__":"cc.Vec2","x":-319,"y":51}]},{"__type__":"1cb3eoIRdhJWZayW7A68Y7j","node":{"__id__":17},"applyUpsensor":true,"applyDownsensor":true}],"_prefab":{"__type__":"cc.PrefabInfo","root":{"__id__":1},"asset":{"__uuid__":"8diUGTQXJG1qqlr0cyj4FH"},"fileId":"57ea7sXQ1DK7ufkprlDeZR"},"_contentSize":{"__type__":"cc.Size","width":253,"height":111},"_trs":{"__type__":"TypedArray","ctor":"Float64Array","array":[0,0,0,0,0,0,1,1,1,1]}},{"__type__":"cc.Node","_name":"zhenNodeTwo","_parent":{"__id__":1},"_children":[{"__id__":17},{"__id__":19},{"__id__":20}],"_prefab":{"__type__":"cc.PrefabInfo","root":{"__id__":1},"asset":{"__uuid__":"8diUGTQXJG1qqlr0cyj4FH"},"fileId":"50FclRaDtOIIVK8qgNU7Pe"},"_trs":{"__type__":"TypedArray","ctor":"Float64Array","array":[-295.406,382.041,0,0,0,0.7071067811865476,-0.7071067811865475,1,1,1]},"_eulerAngles":{"__type__":"cc.Vec3","z":270}},{"__type__":"cc.Node","_name":"zhenup","_parent":{"__id__":18},"_components":[{"__type__":"cc.RigidBody","node":{"__id__":19},"_type":0,"_gravityScale":0,"bullet":true}],"_prefab":{"__type__":"cc.PrefabInfo","root":{"__id__":1},"asset":{"__uuid__":"8diUGTQXJG1qqlr0cyj4FH"},"fileId":"c59lyF9wRCibOHuG59qiaE"},"_trs":{"__type__":"TypedArray","ctor":"Float64Array","array":[0,281.145,0,0,0,0,1,1,1,1]}},{"__type__":"cc.Node","_name":"zhendown","_parent":{"__id__":18},"_components":[{"__type__":"cc.RigidBody","node":{"__id__":20},"_type":0,"_gravityScale":0,"bullet":true}],"_prefab":{"__type__":"cc.PrefabInfo","root":{"__id__":1},"asset":{"__uuid__":"8diUGTQXJG1qqlr0cyj4FH"},"fileId":"fc1W8BRk5IzY+nltCQKBwG"},"_trs":{"__type__":"TypedArray","ctor":"Float64Array","array":[0,-139.047,0,0,0,0,1,1,1,1]}},{"__type__":"cc.Node","_name":"zhenup","_parent":{"__id__":11},"_components":[{"__type__":"cc.RigidBody","node":{"__id__":21},"_type":0,"_gravityScale":0,"bullet":true}],"_prefab":{"__type__":"cc.PrefabInfo","root":{"__id__":1},"asset":{"__uuid__":"8diUGTQXJG1qqlr0cyj4FH"},"fileId":"14jFvxeQhD4r5scKR1lTpk"},"_trs":{"__type__":"TypedArray","ctor":"Float64Array","array":[0,391.021,0,0,0,0,1,1,1,1]}},{"__type__":"cc.Node","_name":"zhendown","_parent":{"__id__":11},"_components":[{"__type__":"cc.RigidBody","node":{"__id__":22},"_type":0,"_gravityScale":0,"bullet":true}],"_prefab":{"__type__":"cc.PrefabInfo","root":{"__id__":1},"asset":{"__uuid__":"8diUGTQXJG1qqlr0cyj4FH"},"fileId":"c8Dk9dK7tK34rrXTCch52w"},"_trs":{"__type__":"TypedArray","ctor":"Float64Array","array":[0,-150.282,0,0,0,0,1,1,1,1]}}]]