[{"__type__":"cc.SpriteFrame","content":{"name":"guanqia121","texture":"67fMXX1jpNA6VE1hfsfiVd","rect":[1,1,883,1515],"offset":[0,-0.5],"originalSize":[885,1516],"capInsets":[0,0,0,0]}},[{"__type__":"cc.Prefab","_name":"UIDerived101","data":{"__id__":1}},{"__type__":"cc.Node","_name":"UIDerived101","_children":[{"__type__":"cc.Node","_name":"player","_parent":{"__id__":1},"_prefab":{"__type__":"cc.PrefabInfo","root":{"__id__":1},"asset":{"__uuid__":"a5wSC4d8hFKr2z6hviiKQ9"},"fileId":"fdtrgitANGhKsT1NBDl57h"},"_contentSize":{"__type__":"cc.Size","width":240,"height":140},"_trs":{"__type__":"TypedArray","ctor":"Float64Array","array":[-223.269,-625.731,0,0,0,0,1,0.7,0.7,0.7]}},{"__type__":"cc.Node","_name":"greenPos_node","_parent":{"__id__":1},"_prefab":{"__type__":"cc.PrefabInfo","root":{"__id__":1},"asset":{"__uuid__":"a5wSC4d8hFKr2z6hviiKQ9"},"fileId":"41D1Lua+FAo6rsSNbFKqxM"},"_trs":{"__type__":"TypedArray","ctor":"Float64Array","array":[0,0,0,0,0,0,1,1,1,1]}},{"__type__":"cc.Node","_name":"redPos_node","_parent":{"__id__":1},"_prefab":{"__type__":"cc.PrefabInfo","root":{"__id__":1},"asset":{"__uuid__":"a5wSC4d8hFKr2z6hviiKQ9"},"fileId":"4c9Rf4uSpFp7d3eKMXEgAx"},"_trs":{"__type__":"TypedArray","ctor":"Float64Array","array":[0,0,0,0,0,0,1,1,1,1]}},{"__id__":2},{"__id__":3},{"__type__":"cc.Node","_name":"redwater_node","_parent":{"__id__":1},"_prefab":{"__type__":"cc.PrefabInfo","root":{"__id__":1},"asset":{"__uuid__":"a5wSC4d8hFKr2z6hviiKQ9"},"fileId":"48T3bpl8FCXpkDNTYdZgaD"},"_trs":{"__type__":"TypedArray","ctor":"Float64Array","array":[0,0,0,0,0,0,1,1,1,1]}},{"__type__":"cc.Node","_name":"bule_node","_parent":{"__id__":1},"_prefab":{"__type__":"cc.PrefabInfo","root":{"__id__":1},"asset":{"__uuid__":"a5wSC4d8hFKr2z6hviiKQ9"},"fileId":"1bIH8+QFlI54hBoo5TOTWM"},"_trs":{"__type__":"TypedArray","ctor":"Float64Array","array":[0,0,0,0,0,0,1,1,1,1]}},{"__id__":4},{"__id__":6}],"_components":[{"__type__":"cc.Sprite","node":{"__id__":1},"_materials":[{"__uuid__":"ecpdLyjvZBwrvm+cedCcQy"}],"_spriteFrame":{"__uuid__":"7fRzzljHhPcok4ZF/M8/Nx"}},{"__type__":"cc.PhysicsPolygonCollider","node":{"__id__":1},"_offset":{"__type__":"cc.Vec2","x":1.6,"y":-4},"points":[{"__type__":"cc.Vec2","x":96.7,"y":-341.1},{"__type__":"cc.Vec2","x":151.4,"y":-336.2},{"__type__":"cc.Vec2","x":215.5,"y":-335},{"__type__":"cc.Vec2","x":293,"y":-340.5},{"__type__":"cc.Vec2","x":346.5,"y":-365.1},{"__type__":"cc.Vec2","x":375,"y":-396.2},{"__type__":"cc.Vec2","x":394.7,"y":-452.1},{"__type__":"cc.Vec2","x":399.5,"y":-605.8},{"__type__":"cc.Vec2","x":376.8,"y":-662.6},{"__type__":"cc.Vec2","x":346.1,"y":-688.9},{"__type__":"cc.Vec2","x":248.5,"y":-712.1},{"__type__":"cc.Vec2","x":177.7,"y":-714.4},{"__type__":"cc.Vec2","x":121.5,"y":-703.6},{"__type__":"cc.Vec2","x":71.5,"y":-672.4},{"__type__":"cc.Vec2","x":14.8,"y":-619.6},{"__type__":"cc.Vec2","x":-29.6,"y":-544.9},{"__type__":"cc.Vec2","x":-51.7,"y":-491.8},{"__type__":"cc.Vec2","x":-61.2,"y":-488.8},{"__type__":"cc.Vec2","x":-68.2,"y":-493.7},{"__type__":"cc.Vec2","x":-76.4,"y":-599},{"__type__":"cc.Vec2","x":-87.7,"y":-645.7},{"__type__":"cc.Vec2","x":-116.9,"y":-684.3},{"__type__":"cc.Vec2","x":-175.3,"y":-709.6},{"__type__":"cc.Vec2","x":-246.1,"y":-706.9},{"__type__":"cc.Vec2","x":-320.4,"y":-682.3},{"__type__":"cc.Vec2","x":-363.3,"y":-661},{"__type__":"cc.Vec2","x":-385,"y":-626.9},{"__type__":"cc.Vec2","x":-398.2,"y":-563.9},{"__type__":"cc.Vec2","x":-392.9,"y":-509.4},{"__type__":"cc.Vec2","x":-335.1,"y":-444},{"__type__":"cc.Vec2","x":-239.5,"y":-407.2},{"__type__":"cc.Vec2","x":-75.2,"y":-378.7},{"__type__":"cc.Vec2","x":-60.7,"y":-367.1},{"__type__":"cc.Vec2","x":-62.2,"y":-340.7},{"__type__":"cc.Vec2","x":-382.4,"y":717.4},{"__type__":"cc.Vec2","x":-162.8,"y":716.9},{"__type__":"cc.Vec2","x":438.7,"y":761.4},{"__type__":"cc.Vec2","x":-443,"y":762},{"__type__":"cc.Vec2","x":-440.5,"y":-757.3},{"__type__":"cc.Vec2","x":-158,"y":-758.7},{"__type__":"cc.Vec2","x":441.2,"y":-761.8},{"__type__":"cc.Vec2","x":436,"y":-238},{"__type__":"cc.Vec2","x":439.6,"y":751.9},{"__type__":"cc.Vec2","x":-161.8,"y":716.3},{"__type__":"cc.Vec2","x":-78,"y":332}]},{"__type__":"cc.PhysicsPolygonCollider","node":{"__id__":1},"_offset":{"__type__":"cc.Vec2","x":6.4,"y":-15.5},"points":[{"__type__":"cc.Vec2","x":156.8,"y":-581.4},{"__type__":"cc.Vec2","x":198.5,"y":-584.6},{"__type__":"cc.Vec2","x":243.2,"y":-576},{"__type__":"cc.Vec2","x":285.6,"y":-545.4},{"__type__":"cc.Vec2","x":301.5,"y":-508.1},{"__type__":"cc.Vec2","x":288,"y":-467},{"__type__":"cc.Vec2","x":261.8,"y":-444.3},{"__type__":"cc.Vec2","x":218.2,"y":-425.8},{"__type__":"cc.Vec2","x":169.5,"y":-423.2},{"__type__":"cc.Vec2","x":117,"y":-431},{"__type__":"cc.Vec2","x":84.9,"y":-460.6},{"__type__":"cc.Vec2","x":89.6,"y":-514.3},{"__type__":"cc.Vec2","x":120.8,"y":-558.3}]},{"__type__":"cc.RigidBody","node":{"__id__":1},"_type":0},{"__type__":"1100eDGpRlLMYp5CrYQGpcQ","node":{"__id__":1}}],"_prefab":{"__type__":"cc.PrefabInfo","root":{"__id__":1},"asset":{"__uuid__":"a5wSC4d8hFKr2z6hviiKQ9"},"fileId":"04xRUylCpFw5m6UvZ7mOn0"},"_contentSize":{"__type__":"cc.Size","width":883,"height":1515},"_trs":{"__type__":"TypedArray","ctor":"Float64Array","array":[0,0,0,0,0,0,1,1,1,1]}},{"__type__":"cc.Node","_name":"bulePos_node","_parent":{"__id__":1},"_children":[{"__type__":"cc.Node","_name":"New Node","_parent":{"__id__":2},"_prefab":{"__type__":"cc.PrefabInfo","root":{"__id__":1},"asset":{"__uuid__":"a5wSC4d8hFKr2z6hviiKQ9"},"fileId":"7cVHq/YmFJSK1YkGaAkssQ"},"_trs":{"__type__":"TypedArray","ctor":"Float64Array","array":[-257.261,625.735,0,0,0,0,1,1,1,1]}}],"_prefab":{"__type__":"cc.PrefabInfo","root":{"__id__":1},"asset":{"__uuid__":"a5wSC4d8hFKr2z6hviiKQ9"},"fileId":"9fHC+1JMtNHa59fCG/cyzD"},"_trs":{"__type__":"TypedArray","ctor":"Float64Array","array":[0,0,0,0,0,0,1,1,1,1]}},{"__type__":"cc.Node","_name":"black_node","_parent":{"__id__":1},"_components":[{"__type__":"6c0e8KZwr5L34azTYX21stu","node":{"__id__":3}}],"_prefab":{"__type__":"cc.PrefabInfo","root":{"__id__":1},"asset":{"__uuid__":"a5wSC4d8hFKr2z6hviiKQ9"},"fileId":"deYPtorZ9CA7R2qXzQQXmW"},"_trs":{"__type__":"TypedArray","ctor":"Float64Array","array":[0,0,0,0,0,0,1,1,1,1]}},{"__type__":"cc.Node","_name":"zhenNode","_parent":{"__id__":1},"_children":[{"__id__":5}],"_prefab":{"__type__":"cc.PrefabInfo","root":{"__id__":1},"asset":{"__uuid__":"a5wSC4d8hFKr2z6hviiKQ9"},"fileId":"76arQUWH1HL6I9MpHcIWam"},"_trs":{"__type__":"TypedArray","ctor":"Float64Array","array":[-150.765,525.841,0,0,0,0.15643446504023087,0.9876883405951378,1,1,1]},"_eulerAngles":{"__type__":"cc.Vec3","z":18},"_groupIndex":8,"groupIndex":8},{"__type__":"cc.Node","_name":"zhen","_parent":{"__id__":4},"_components":[{"__type__":"cc.Sprite","node":{"__id__":5},"_materials":[{"__uuid__":"ecpdLyjvZBwrvm+cedCcQy"}],"_spriteFrame":{"__uuid__":"81u1O4l2lM2IGXbUA/0aw7"},"_type":1},{"__type__":"cc.RigidBody","node":{"__id__":5},"_type":3,"_allowSleep":false,"_gravityScale":0,"_fixedRotation":true,"enabledContactListener":true},{"__type__":"cc.PhysicsPolygonCollider","node":{"__id__":5},"tag":222,"points":[{"__type__":"cc.Vec2","x":227.5,"y":55.5},{"__type__":"cc.Vec2","x":214.5,"y":51.5},{"__type__":"cc.Vec2","x":206.5,"y":45.5},{"__type__":"cc.Vec2","x":192,"y":33.4},{"__type__":"cc.Vec2","x":188.8,"y":24.1},{"__type__":"cc.Vec2","x":187.7,"y":38.7},{"__type__":"cc.Vec2","x":-286.6,"y":37.9},{"__type__":"cc.Vec2","x":-292.8,"y":-0.5},{"__type__":"cc.Vec2","x":-281.9,"y":-14.7},{"__type__":"cc.Vec2","x":184.9,"y":-17.2},{"__type__":"cc.Vec2","x":193.4,"y":-34.3},{"__type__":"cc.Vec2","x":209.9,"y":-47.8},{"__type__":"cc.Vec2","x":238.1,"y":-54.9},{"__type__":"cc.Vec2","x":261.8,"y":-50.5},{"__type__":"cc.Vec2","x":285.2,"y":-28.5},{"__type__":"cc.Vec2","x":291.1,"y":-15.6},{"__type__":"cc.Vec2","x":292.7,"y":0.3},{"__type__":"cc.Vec2","x":288.9,"y":22},{"__type__":"cc.Vec2","x":265.3,"y":49.4}]},{"__type__":"72555Q9muRD1505Zi2fOOxm","node":{"__id__":5},"linevelocityX":1000}],"_prefab":{"__type__":"cc.PrefabInfo","root":{"__id__":1},"asset":{"__uuid__":"a5wSC4d8hFKr2z6hviiKQ9"},"fileId":"5arMNxuy9CdKOG2WZe5j/c"},"_contentSize":{"__type__":"cc.Size","width":587,"height":111},"_trs":{"__type__":"TypedArray","ctor":"Float64Array","array":[0,0,0,0,0,0,1,0.8,0.8,0.8]},"_groupIndex":8,"groupIndex":8},{"__type__":"cc.Node","_name":"rotationStage","_parent":{"__id__":1},"_components":[{"__type__":"cc.Sprite","node":{"__id__":6},"_materials":[{"__uuid__":"ecpdLyjvZBwrvm+cedCcQy"}],"_spriteFrame":{"__uuid__":"7cQ9AZ2ihAL7w7j2iXN4dt"}},{"__type__":"ae444naYU1I/IZzwhFmo0bP","node":{"__id__":6},"changeAngle":180},{"__type__":"cc.RigidBody","node":{"__id__":6},"_type":0},{"__type__":"cc.PhysicsBoxCollider","node":{"__id__":6},"_offset":{"__type__":"cc.Vec2","y":2.6},"_size":{"__type__":"cc.Size","width":555,"height":70}},{"__type__":"cc.PhysicsBoxCollider","node":{"__id__":6},"_offset":{"__type__":"cc.Vec2","x":1.8},"_size":{"__type__":"cc.Size","width":70,"height":555}}],"_prefab":{"__type__":"cc.PrefabInfo","root":{"__id__":1},"asset":{"__uuid__":"a5wSC4d8hFKr2z6hviiKQ9"},"fileId":"37Ekw7yNZHDoqRu7TMri7j"},"_contentSize":{"__type__":"cc.Size","width":555,"height":555},"_trs":{"__type__":"TypedArray","ctor":"Float64Array","array":[199.875,-503.712,0,0,0,0.25881904510252074,0.9659258262890683,0.9,0.9,1]},"_eulerAngles":{"__type__":"cc.Vec3","z":30}}]]