[{"__type__":"cc.SpriteFrame","content":{"name":"LabelAtlas","texture":"52caVJoSJFiprhk4hJaiDn","rect":[0,0,240,132],"offset":[0,0],"originalSize":[240,132],"capInsets":[0,0,0,0]}},{"__type__":"cc.BitmapFont","_name":"LabelAtlas.labelatlas","spriteFrame":{"__uuid__":"a2A6N9/s5BNorBZPqD/aZ3"},"fontSize":40,"_fntConfig":{"commonHeight":40,"fontSize":40,"atlasName":"LabelAtlas.labelatlas.png","fontDefDictionary":{"48":{"rect":{"x":0,"y":0,"width":48,"height":66},"xOffset":0,"yOffset":0,"xAdvance":48},"49":{"rect":{"x":48,"y":0,"width":48,"height":66},"xOffset":0,"yOffset":0,"xAdvance":48},"50":{"rect":{"x":96,"y":0,"width":48,"height":66},"xOffset":0,"yOffset":0,"xAdvance":48},"51":{"rect":{"x":0,"y":66,"width":48,"height":66},"xOffset":0,"yOffset":0,"xAdvance":48},"52":{"rect":{"x":48,"y":66,"width":48,"height":66},"xOffset":0,"yOffset":0,"xAdvance":48},"53":{"rect":{"x":96,"y":66,"width":48,"height":66},"xOffset":0,"yOffset":0,"xAdvance":48},"54":{"rect":{"x":144,"y":0,"width":48,"height":66},"xOffset":0,"yOffset":0,"xAdvance":48},"55":{"rect":{"x":144,"y":66,"width":48,"height":66},"xOffset":0,"yOffset":0,"xAdvance":48},"56":{"rect":{"x":192,"y":0,"width":48,"height":66},"xOffset":0,"yOffset":0,"xAdvance":48},"57":{"rect":{"x":192,"y":66,"width":48,"height":66},"xOffset":0,"yOffset":0,"xAdvance":48}},"kerningDict":{}}}]