[{"__type__":"cc.SpriteFrame","content":{"name":"guanqia12","texture":"38/txYhU1OZ5rHZPYcgmrI","rect":[0,1,980,1425],"offset":[-0.5,0],"originalSize":[981,1427],"capInsets":[0,0,0,0]}},[{"__type__":"cc.Prefab","_name":"UIDerived19","data":{"__id__":1}},{"__type__":"cc.Node","_name":"UIDerived20","_children":[{"__type__":"cc.Node","_name":"player","_parent":{"__id__":1},"_prefab":{"__type__":"cc.PrefabInfo","root":{"__id__":1},"asset":{"__uuid__":"f6UQBp3CpKsZ0Hi2kQ2EuX"},"fileId":"e0q6NugAxHAaZa9NMW5USH"},"_contentSize":{"__type__":"cc.Size","width":234.2,"height":136},"_trs":{"__type__":"TypedArray","ctor":"Float64Array","array":[321.355,-580.347,0,0,0,0,1,-0.7,0.7,1]}},{"__type__":"cc.Node","_name":"greenPos_node","_parent":{"__id__":1},"_prefab":{"__type__":"cc.PrefabInfo","root":{"__id__":1},"asset":{"__uuid__":"f6UQBp3CpKsZ0Hi2kQ2EuX"},"fileId":"b3QOlrFWVDo6OHSyvGsDnx"},"_trs":{"__type__":"TypedArray","ctor":"Float64Array","array":[0,0,0,0,0,0,1,1,1,1]}},{"__type__":"cc.Node","_name":"redPos_node","_parent":{"__id__":1},"_prefab":{"__type__":"cc.PrefabInfo","root":{"__id__":1},"asset":{"__uuid__":"f6UQBp3CpKsZ0Hi2kQ2EuX"},"fileId":"00Ucdo9hlOaKPcfiGreOns"},"_trs":{"__type__":"TypedArray","ctor":"Float64Array","array":[0,0,0,0,0,0,1,1,1,1]}},{"__id__":2},{"__type__":"cc.Node","_name":"gray_node","_parent":{"__id__":1},"_prefab":{"__type__":"cc.PrefabInfo","root":{"__id__":1},"asset":{"__uuid__":"f6UQBp3CpKsZ0Hi2kQ2EuX"},"fileId":"ecXiou3G1LdqPn6TgJP4Y+"},"_trs":{"__type__":"TypedArray","ctor":"Float64Array","array":[0,0,0,0,0,0,1,1,1,1]}},{"__id__":3},{"__type__":"cc.Node","_name":"redwater_node","_parent":{"__id__":1},"_prefab":{"__type__":"cc.PrefabInfo","root":{"__id__":1},"asset":{"__uuid__":"f6UQBp3CpKsZ0Hi2kQ2EuX"},"fileId":"06whll5JhIDZQnSpHLELfg"},"_trs":{"__type__":"TypedArray","ctor":"Float64Array","array":[0,0,0,0,0,0,1,1,1,1]}},{"__type__":"cc.Node","_name":"greenwater_node","_parent":{"__id__":1},"_prefab":{"__type__":"cc.PrefabInfo","root":{"__id__":1},"asset":{"__uuid__":"f6UQBp3CpKsZ0Hi2kQ2EuX"},"fileId":"49UBsTM2VEZZ3WqylMh1TY"},"_trs":{"__type__":"TypedArray","ctor":"Float64Array","array":[0,0,0,0,0,0,1,1,1,1]}},{"__type__":"cc.Node","_name":"bule_node","_parent":{"__id__":1},"_prefab":{"__type__":"cc.PrefabInfo","root":{"__id__":1},"asset":{"__uuid__":"f6UQBp3CpKsZ0Hi2kQ2EuX"},"fileId":"b7CuE1JvlCwL4u5X9/FANm"},"_trs":{"__type__":"TypedArray","ctor":"Float64Array","array":[0,0,0,0,0,0,1,1,1,1]}},{"__id__":4},{"__id__":8},{"__id__":12}],"_components":[{"__type__":"cc.PhysicsPolygonCollider","node":{"__id__":1},"points":[{"__type__":"cc.Vec2","x":-299,"y":752},{"__type__":"cc.Vec2","x":-1083,"y":753},{"__type__":"cc.Vec2","x":-749,"y":203},{"__type__":"cc.Vec2","x":-754},{"__type__":"cc.Vec2","x":-749,"y":-99},{"__type__":"cc.Vec2","x":-491.2,"y":-109.6},{"__type__":"cc.Vec2","x":-22.3,"y":-107},{"__type__":"cc.Vec2","x":-5.4,"y":-94.9},{"__type__":"cc.Vec2","x":-6.8,"y":27.6},{"__type__":"cc.Vec2","x":-21.5,"y":36.9},{"__type__":"cc.Vec2","x":-134,"y":37},{"__type__":"cc.Vec2","x":-133,"y":599},{"__type__":"cc.Vec2","x":-71,"y":673},{"__type__":"cc.Vec2","x":232.1,"y":674.2},{"__type__":"cc.Vec2","x":298.3,"y":594.6},{"__type__":"cc.Vec2","x":299.1,"y":298},{"__type__":"cc.Vec2","x":288.3,"y":292.2},{"__type__":"cc.Vec2","x":-3.1,"y":294.5},{"__type__":"cc.Vec2","x":-24.2,"y":270.8},{"__type__":"cc.Vec2","x":-20.9,"y":162.3},{"__type__":"cc.Vec2","x":-12,"y":146},{"__type__":"cc.Vec2","x":25.3,"y":147.8},{"__type__":"cc.Vec2","x":96,"y":147},{"__type__":"cc.Vec2","x":105.1,"y":138.8},{"__type__":"cc.Vec2","x":105.7,"y":-87.1},{"__type__":"cc.Vec2","x":113.3,"y":-103.5},{"__type__":"cc.Vec2","x":129.1,"y":-109.2},{"__type__":"cc.Vec2","x":353.4,"y":-108.2},{"__type__":"cc.Vec2","x":363.8,"y":-119.4},{"__type__":"cc.Vec2","x":363,"y":-362.4},{"__type__":"cc.Vec2","x":435.5,"y":-503.7},{"__type__":"cc.Vec2","x":452.3,"y":-566.7},{"__type__":"cc.Vec2","x":447.6,"y":-605.2},{"__type__":"cc.Vec2","x":431.3,"y":-635},{"__type__":"cc.Vec2","x":376,"y":-665.4},{"__type__":"cc.Vec2","x":301.8,"y":-675},{"__type__":"cc.Vec2","x":238,"y":-664.2},{"__type__":"cc.Vec2","x":188.3,"y":-639.7},{"__type__":"cc.Vec2","x":163.1,"y":-600.3},{"__type__":"cc.Vec2","x":159.8,"y":-571.6},{"__type__":"cc.Vec2","x":163.5,"y":-536.2},{"__type__":"cc.Vec2","x":184.3,"y":-475.5},{"__type__":"cc.Vec2","x":248,"y":-364.8},{"__type__":"cc.Vec2","x":249.7,"y":-233.9},{"__type__":"cc.Vec2","x":231.7,"y":-220.6},{"__type__":"cc.Vec2","x":-138,"y":-219.5},{"__type__":"cc.Vec2","x":-161,"y":-233.7},{"__type__":"cc.Vec2","x":-499,"y":-643},{"__type__":"cc.Vec2","x":-694,"y":-899},{"__type__":"cc.Vec2","x":-608,"y":-836},{"__type__":"cc.Vec2","x":-497,"y":-815},{"__type__":"cc.Vec2","x":-485,"y":-713},{"__type__":"cc.Vec2","x":-405,"y":-713},{"__type__":"cc.Vec2","x":-302,"y":-714},{"__type__":"cc.Vec2","x":-181,"y":-716},{"__type__":"cc.Vec2","x":3,"y":-719},{"__type__":"cc.Vec2","x":160,"y":-724},{"__type__":"cc.Vec2","x":320,"y":-725},{"__type__":"cc.Vec2","x":404,"y":-720},{"__type__":"cc.Vec2","x":494,"y":-721},{"__type__":"cc.Vec2","x":493,"y":-548},{"__type__":"cc.Vec2","x":492,"y":-407},{"__type__":"cc.Vec2","x":492,"y":-232},{"__type__":"cc.Vec2","x":493,"y":-64},{"__type__":"cc.Vec2","x":489,"y":34},{"__type__":"cc.Vec2","x":491,"y":69},{"__type__":"cc.Vec2","x":492,"y":192},{"__type__":"cc.Vec2","x":493,"y":217},{"__type__":"cc.Vec2","x":490,"y":267},{"__type__":"cc.Vec2","x":501,"y":471},{"__type__":"cc.Vec2","x":509,"y":751},{"__type__":"cc.Vec2","x":-50,"y":752}]},{"__type__":"cc.Sprite","node":{"__id__":1},"_materials":[{"__uuid__":"ecpdLyjvZBwrvm+cedCcQy"}],"_spriteFrame":{"__uuid__":"984M9MbHlM8KJWcdxQcLT0"}},{"__type__":"1100eDGpRlLMYp5CrYQGpcQ","node":{"__id__":1}},{"__type__":"cc.RigidBody","node":{"__id__":1},"_type":0}],"_prefab":{"__type__":"cc.PrefabInfo","root":{"__id__":1},"asset":{"__uuid__":"f6UQBp3CpKsZ0Hi2kQ2EuX"},"fileId":"d4K3JHE91KkY9udheYBaFZ"},"_contentSize":{"__type__":"cc.Size","width":980,"height":1425},"_trs":{"__type__":"TypedArray","ctor":"Float64Array","array":[-51.605,27.862,0,0,0,0,1,1,1,1]}},{"__type__":"cc.Node","_name":"bulePos_node","_parent":{"__id__":1},"_children":[{"__type__":"cc.Node","_name":"New Node","_parent":{"__id__":2},"_prefab":{"__type__":"cc.PrefabInfo","root":{"__id__":1},"asset":{"__uuid__":"f6UQBp3CpKsZ0Hi2kQ2EuX"},"fileId":"2998a1IqxKM5/OqgX2i9+2"},"_trs":{"__type__":"TypedArray","ctor":"Float64Array","array":[71.953,428.914,0,0,0,0,1,1,1,1]}}],"_prefab":{"__type__":"cc.PrefabInfo","root":{"__id__":1},"asset":{"__uuid__":"f6UQBp3CpKsZ0Hi2kQ2EuX"},"fileId":"b5QBkmx31JWbXp8X5wPX7p"},"_trs":{"__type__":"TypedArray","ctor":"Float64Array","array":[0,0,0,0,0,0,1,1,1,1]}},{"__type__":"cc.Node","_name":"black_node","_parent":{"__id__":1},"_components":[{"__type__":"6c0e8KZwr5L34azTYX21stu","node":{"__id__":3}}],"_prefab":{"__type__":"cc.PrefabInfo","root":{"__id__":1},"asset":{"__uuid__":"f6UQBp3CpKsZ0Hi2kQ2EuX"},"fileId":"23B6+sl5RJTKEFSdmM+8ZH"},"_trs":{"__type__":"TypedArray","ctor":"Float64Array","array":[0,0,0,0,0,0,1,1,1,1]}},{"__type__":"cc.Node","_name":"zhenNodeTwo","_parent":{"__id__":1},"_children":[{"__id__":5},{"__id__":6},{"__id__":7}],"_prefab":{"__type__":"cc.PrefabInfo","root":{"__id__":1},"asset":{"__uuid__":"f6UQBp3CpKsZ0Hi2kQ2EuX"},"fileId":"99LQe3BCFGkagnWCBo7Jcr"},"_trs":{"__type__":"TypedArray","ctor":"Float64Array","array":[-136.436,267.597,0,0,0,0,1,1,1,1]}},{"__type__":"cc.Node","_name":"zhen","_parent":{"__id__":4},"_components":[{"__type__":"cc.Sprite","node":{"__id__":5},"_materials":[{"__uuid__":"ecpdLyjvZBwrvm+cedCcQy"}],"_spriteFrame":{"__uuid__":"14vJwyNH1OspMXFimJtxkW"},"_type":1,"_sizeMode":0},{"__type__":"cc.RigidBody","node":{"__id__":5},"_type":3,"_gravityScale":0,"_fixedRotation":true,"enabledContactListener":true,"bullet":true},{"__type__":"cc.PhysicsPolygonCollider","node":{"__id__":5},"_offset":{"__type__":"cc.Vec2","x":181.9,"y":3.1},"points":[{"__type__":"cc.Vec2","x":-319,"y":-58},{"__type__":"cc.Vec2","x":-210,"y":-58},{"__type__":"cc.Vec2","x":-210.1,"y":-25.6},{"__type__":"cc.Vec2","x":-48.1,"y":-25},{"__type__":"cc.Vec2","x":-48.3,"y":21.8},{"__type__":"cc.Vec2","x":-209.4,"y":20.8},{"__type__":"cc.Vec2","x":-207,"y":52},{"__type__":"cc.Vec2","x":-319,"y":51}]},{"__type__":"1cb3eoIRdhJWZayW7A68Y7j","node":{"__id__":5},"applyDownsensor":true}],"_prefab":{"__type__":"cc.PrefabInfo","root":{"__id__":1},"asset":{"__uuid__":"f6UQBp3CpKsZ0Hi2kQ2EuX"},"fileId":"eeoDEWwpZND58Cg9EFtvRv"},"_contentSize":{"__type__":"cc.Size","width":277,"height":111},"_trs":{"__type__":"TypedArray","ctor":"Float64Array","array":[0,0,0,0,0,0,1,1,1,1]},"_groupIndex":8,"groupIndex":8},{"__type__":"cc.Node","_name":"zhendown","_parent":{"__id__":4},"_components":[{"__type__":"cc.RigidBody","node":{"__id__":6},"_type":0,"_gravityScale":0,"bullet":true}],"_prefab":{"__type__":"cc.PrefabInfo","root":{"__id__":1},"asset":{"__uuid__":"f6UQBp3CpKsZ0Hi2kQ2EuX"},"fileId":"13g5u6VzBNjZfnjKmquikd"},"_trs":{"__type__":"TypedArray","ctor":"Float64Array","array":[0,-227.966,0,0,0,0,1,1,1,1]}},{"__type__":"cc.Node","_name":"zhenup","_parent":{"__id__":4},"_components":[{"__type__":"cc.RigidBody","node":{"__id__":7},"_type":0,"_gravityScale":0,"bullet":true}],"_prefab":{"__type__":"cc.PrefabInfo","root":{"__id__":1},"asset":{"__uuid__":"f6UQBp3CpKsZ0Hi2kQ2EuX"},"fileId":"02bXwgnoxBS4qv1nNRyDt1"},"_trs":{"__type__":"TypedArray","ctor":"Float64Array","array":[0,335,0,0,0,0,1,1,1,1]}},{"__type__":"cc.Node","_name":"zhenNodeTwo","_parent":{"__id__":1},"_children":[{"__id__":9},{"__id__":10},{"__id__":11}],"_prefab":{"__type__":"cc.PrefabInfo","root":{"__id__":1},"asset":{"__uuid__":"f6UQBp3CpKsZ0Hi2kQ2EuX"},"fileId":"6fVHpync5PcYKCfMiXZ5Dr"},"_trs":{"__type__":"TypedArray","ctor":"Float64Array","array":[154.564,-215.403,0,0,0,0.7071067811865475,0.7071067811865476,1,1,1]},"_eulerAngles":{"__type__":"cc.Vec3","z":90}},{"__type__":"cc.Node","_name":"zhen","_parent":{"__id__":8},"_components":[{"__type__":"cc.Sprite","node":{"__id__":9},"_materials":[{"__uuid__":"ecpdLyjvZBwrvm+cedCcQy"}],"_spriteFrame":{"__uuid__":"14vJwyNH1OspMXFimJtxkW"},"_type":1,"_sizeMode":0},{"__type__":"cc.RigidBody","node":{"__id__":9},"_type":3,"_gravityScale":0,"_fixedRotation":true,"enabledContactListener":true,"bullet":true},{"__type__":"cc.PhysicsPolygonCollider","node":{"__id__":9},"_offset":{"__type__":"cc.Vec2","x":181.9,"y":3.1},"points":[{"__type__":"cc.Vec2","x":-319,"y":-58},{"__type__":"cc.Vec2","x":-210,"y":-58},{"__type__":"cc.Vec2","x":-213,"y":-26.4},{"__type__":"cc.Vec2","x":-44.5,"y":-27.9},{"__type__":"cc.Vec2","x":-43.4,"y":22.3},{"__type__":"cc.Vec2","x":-208,"y":22.3},{"__type__":"cc.Vec2","x":-207,"y":52},{"__type__":"cc.Vec2","x":-319,"y":51}]},{"__type__":"1cb3eoIRdhJWZayW7A68Y7j","node":{"__id__":9}}],"_prefab":{"__type__":"cc.PrefabInfo","root":{"__id__":1},"asset":{"__uuid__":"f6UQBp3CpKsZ0Hi2kQ2EuX"},"fileId":"315suJTa1JxZadi7fI1PyQ"},"_contentSize":{"__type__":"cc.Size","width":277,"height":111},"_trs":{"__type__":"TypedArray","ctor":"Float64Array","array":[0,0,0,0,0,0,1,1,1,1]},"_groupIndex":8,"groupIndex":8},{"__type__":"cc.Node","_name":"zhendown","_parent":{"__id__":8},"_components":[{"__type__":"cc.RigidBody","node":{"__id__":10},"_type":0,"_gravityScale":0,"bullet":true}],"_prefab":{"__type__":"cc.PrefabInfo","root":{"__id__":1},"asset":{"__uuid__":"f6UQBp3CpKsZ0Hi2kQ2EuX"},"fileId":"8ah5vSzNpFCbeGe4sm7EHU"},"_trs":{"__type__":"TypedArray","ctor":"Float64Array","array":[-25,-85,0,0,0,0,1,1,1,1]}},{"__type__":"cc.Node","_name":"zhenup","_parent":{"__id__":8},"_components":[{"__type__":"cc.RigidBody","node":{"__id__":11},"_type":0,"_gravityScale":0,"bullet":true}],"_prefab":{"__type__":"cc.PrefabInfo","root":{"__id__":1},"asset":{"__uuid__":"f6UQBp3CpKsZ0Hi2kQ2EuX"},"fileId":"e3FqaEWGhDsI7RSxpAZ71x"},"_trs":{"__type__":"TypedArray","ctor":"Float64Array","array":[-25,300,0,0,0,0,1,1,1,1]}},{"__type__":"cc.Node","_name":"outsize","_parent":{"__id__":1},"_components":[{"__type__":"cc.RigidBody","node":{"__id__":12},"_type":0,"enabledContactListener":true},{"__type__":"cc.PhysicsBoxCollider","node":{"__id__":12},"_sensor":true,"_offset":{"__type__":"cc.Vec2","x":-512,"y":-379},"_size":{"__type__":"cc.Size","width":45,"height":618}},{"__type__":"88fdbqXNLxKvYazHV1tJhDp","node":{"__id__":12}}],"_prefab":{"__type__":"cc.PrefabInfo","root":{"__id__":1},"asset":{"__uuid__":"f6UQBp3CpKsZ0Hi2kQ2EuX"},"fileId":"91ddIpHUNBl7P1+b3TcSZC"},"_trs":{"__type__":"TypedArray","ctor":"Float64Array","array":[0,0,0,0,0,0,1,1,1,1]}}]]