[[{"__type__":"cc.Prefab","_name":"UIDerived5","data":{"__id__":1}},{"__type__":"cc.Node","_name":"UIDerived5","_children":[{"__type__":"cc.Node","_name":"player","_parent":{"__id__":1},"_prefab":{"__type__":"cc.PrefabInfo","root":{"__id__":1},"asset":{"__uuid__":"949js63htNQZkR/XtGTK49"},"fileId":"e1PECfjENEbr4iU+RNHacu"},"_contentSize":{"__type__":"cc.Size","width":234.2,"height":136},"_trs":{"__type__":"TypedArray","ctor":"Float64Array","array":[164.874,-574.96,0,0,0,0,1,0.7,0.7,0.7]}},{"__type__":"cc.Node","_name":"greenPos_node","_parent":{"__id__":1},"_prefab":{"__type__":"cc.PrefabInfo","root":{"__id__":1},"asset":{"__uuid__":"949js63htNQZkR/XtGTK49"},"fileId":"2ehpq9ISpOspZWs1NC9vOE"},"_trs":{"__type__":"TypedArray","ctor":"Float64Array","array":[0,0,0,0,0,0,1,1,1,1]}},{"__id__":2},{"__id__":3},{"__type__":"cc.Node","_name":"gray_node","_parent":{"__id__":1},"_prefab":{"__type__":"cc.PrefabInfo","root":{"__id__":1},"asset":{"__uuid__":"949js63htNQZkR/XtGTK49"},"fileId":"e9ItPXvlJBhZxsOwGBaUy9"},"_trs":{"__type__":"TypedArray","ctor":"Float64Array","array":[0,0,0,0,0,0,1,1,1,1]}},{"__id__":4},{"__type__":"cc.Node","_name":"redwater_node","_parent":{"__id__":1},"_prefab":{"__type__":"cc.PrefabInfo","root":{"__id__":1},"asset":{"__uuid__":"949js63htNQZkR/XtGTK49"},"fileId":"d6UMDdA+JKBLToDIfTsPPz"},"_trs":{"__type__":"TypedArray","ctor":"Float64Array","array":[0,0,0,0,0,0,1,1,1,1]}},{"__type__":"cc.Node","_name":"greenwater_node","_parent":{"__id__":1},"_prefab":{"__type__":"cc.PrefabInfo","root":{"__id__":1},"asset":{"__uuid__":"949js63htNQZkR/XtGTK49"},"fileId":"a12Lz3Sv1IqLRPRMmcohXK"},"_trs":{"__type__":"TypedArray","ctor":"Float64Array","array":[0,0,0,0,0,0,1,1,1,1]}},{"__type__":"cc.Node","_name":"bule_node","_parent":{"__id__":1},"_prefab":{"__type__":"cc.PrefabInfo","root":{"__id__":1},"asset":{"__uuid__":"949js63htNQZkR/XtGTK49"},"fileId":"01uJ+UUDxMVqXHM3rB8rTz"},"_trs":{"__type__":"TypedArray","ctor":"Float64Array","array":[0,0,0,0,0,0,1,1,1,1]}},{"__id__":5},{"__id__":7},{"__id__":9}],"_components":[{"__type__":"cc.Sprite","node":{"__id__":1},"_materials":[{"__uuid__":"ecpdLyjvZBwrvm+cedCcQy"}],"_spriteFrame":{"__uuid__":"fdSfK+/M5PEIv1ZELuDA7v"}},{"__type__":"cc.RigidBody","node":{"__id__":1},"_type":0},{"__type__":"cc.PhysicsPolygonCollider","node":{"__id__":1},"points":[{"__type__":"cc.Vec2","x":369,"y":798},{"__type__":"cc.Vec2","x":99.2,"y":801.9},{"__type__":"cc.Vec2","x":47,"y":689},{"__type__":"cc.Vec2","x":48.2,"y":-231.1},{"__type__":"cc.Vec2","x":68.1,"y":-256.7},{"__type__":"cc.Vec2","x":109.4,"y":-256.1},{"__type__":"cc.Vec2","x":172.5,"y":-261.8},{"__type__":"cc.Vec2","x":213.8,"y":-274.8},{"__type__":"cc.Vec2","x":255.4,"y":-298.4},{"__type__":"cc.Vec2","x":288.3,"y":-324.7},{"__type__":"cc.Vec2","x":311.1,"y":-388.8},{"__type__":"cc.Vec2","x":316.8,"y":-471.1},{"__type__":"cc.Vec2","x":305.8,"y":-568.7},{"__type__":"cc.Vec2","x":283.9,"y":-633},{"__type__":"cc.Vec2","x":262.1,"y":-664.7},{"__type__":"cc.Vec2","x":211.9,"y":-693.1},{"__type__":"cc.Vec2","x":158.1,"y":-697.4},{"__type__":"cc.Vec2","x":90.9,"y":-683.6},{"__type__":"cc.Vec2","x":40.1,"y":-642.9},{"__type__":"cc.Vec2","x":20,"y":-574.1},{"__type__":"cc.Vec2","x":14.2,"y":-479.3},{"__type__":"cc.Vec2","x":7,"y":-423.9},{"__type__":"cc.Vec2","x":-6.8,"y":-399},{"__type__":"cc.Vec2","x":-49.1,"y":-375.3},{"__type__":"cc.Vec2","x":-136.6,"y":-368.7},{"__type__":"cc.Vec2","x":-201.4,"y":-348.6},{"__type__":"cc.Vec2","x":-270,"y":-308.5},{"__type__":"cc.Vec2","x":-316.7,"y":-245.4},{"__type__":"cc.Vec2","x":-310.3,"y":693.4},{"__type__":"cc.Vec2","x":46.5,"y":691.3},{"__type__":"cc.Vec2","x":101.2,"y":801.7},{"__type__":"cc.Vec2","x":-413,"y":811},{"__type__":"cc.Vec2","x":-405,"y":-797},{"__type__":"cc.Vec2","x":386,"y":-789}]},{"__type__":"1100eDGpRlLMYp5CrYQGpcQ","node":{"__id__":1}},{"__type__":"cc.PhysicsPolygonCollider","node":{"__id__":1},"points":[{"__type__":"cc.Vec2","x":-178.7,"y":-32.6},{"__type__":"cc.Vec2","x":-204.4,"y":-95.1},{"__type__":"cc.Vec2","x":-210.7,"y":-146.9},{"__type__":"cc.Vec2","x":-194.6,"y":-197.5},{"__type__":"cc.Vec2","x":-166.3,"y":-218.1},{"__type__":"cc.Vec2","x":-129.3,"y":-219.7},{"__type__":"cc.Vec2","x":-84.2,"y":-213.9},{"__type__":"cc.Vec2","x":-48.3,"y":-168.1},{"__type__":"cc.Vec2","x":-59.9,"y":-86.7},{"__type__":"cc.Vec2","x":-82.1,"y":-34.9},{"__type__":"cc.Vec2","x":-109.9,"y":-9.6},{"__type__":"cc.Vec2","x":-148.1,"y":-8.2}]}],"_prefab":{"__type__":"cc.PrefabInfo","root":{"__id__":1},"asset":{"__uuid__":"949js63htNQZkR/XtGTK49"},"fileId":"a5Duov9whN/rGykYP6rUdO"},"_contentSize":{"__type__":"cc.Size","width":712,"height":1468},"_trs":{"__type__":"TypedArray","ctor":"Float64Array","array":[20.251,0,0,0,0,0,1,1,1,1]}},{"__type__":"cc.Node","_name":"redPos_node","_parent":{"__id__":1},"_children":[{"__type__":"cc.Node","_name":"New Node","_parent":{"__id__":2},"_prefab":{"__type__":"cc.PrefabInfo","root":{"__id__":1},"asset":{"__uuid__":"949js63htNQZkR/XtGTK49"},"fileId":"f8NKVt/LNJfZOOf9NNJCU/"},"_trs":{"__type__":"TypedArray","ctor":"Float64Array","array":[-159.469,445.638,0,0,0,0,1,1,1,1]}}],"_prefab":{"__type__":"cc.PrefabInfo","root":{"__id__":1},"asset":{"__uuid__":"949js63htNQZkR/XtGTK49"},"fileId":"04hmrUA8xGTZ3Aod3OHFr2"},"_trs":{"__type__":"TypedArray","ctor":"Float64Array","array":[0,0,0,0,0,0,1,1,1,1]}},{"__type__":"cc.Node","_name":"bulePos_node","_parent":{"__id__":1},"_children":[{"__type__":"cc.Node","_name":"New Node","_parent":{"__id__":3},"_prefab":{"__type__":"cc.PrefabInfo","root":{"__id__":1},"asset":{"__uuid__":"949js63htNQZkR/XtGTK49"},"fileId":"3fM6TShoJL77HDFYBIpHjM"},"_trs":{"__type__":"TypedArray","ctor":"Float64Array","array":[-190,115.155,0,0,0,0,1,1,1,1]}}],"_prefab":{"__type__":"cc.PrefabInfo","root":{"__id__":1},"asset":{"__uuid__":"949js63htNQZkR/XtGTK49"},"fileId":"141XMfCdZDdbQfor4E3QHQ"},"_trs":{"__type__":"TypedArray","ctor":"Float64Array","array":[0,0,0,0,0,0,1,1,1,1]}},{"__type__":"cc.Node","_name":"black_node","_parent":{"__id__":1},"_components":[{"__type__":"6c0e8KZwr5L34azTYX21stu","node":{"__id__":4}}],"_prefab":{"__type__":"cc.PrefabInfo","root":{"__id__":1},"asset":{"__uuid__":"949js63htNQZkR/XtGTK49"},"fileId":"4a0riQS1hKVLEsNyJxHicn"},"_trs":{"__type__":"TypedArray","ctor":"Float64Array","array":[0,0,0,0,0,0,1,1,1,1]}},{"__type__":"cc.Node","_name":"zhenNode","_parent":{"__id__":1},"_children":[{"__id__":6}],"_prefab":{"__type__":"cc.PrefabInfo","root":{"__id__":1},"asset":{"__uuid__":"949js63htNQZkR/XtGTK49"},"fileId":"49Rq0EvV9AQa1NRh461Qe5"},"_trs":{"__type__":"TypedArray","ctor":"Float64Array","array":[-110,229.74,0,0,0,0,1,1,1,1]},"_groupIndex":8,"groupIndex":8},{"__type__":"cc.Node","_name":"zhen","_parent":{"__id__":5},"_components":[{"__type__":"cc.Sprite","node":{"__id__":6},"_materials":[{"__uuid__":"ecpdLyjvZBwrvm+cedCcQy"}],"_spriteFrame":{"__uuid__":"81u1O4l2lM2IGXbUA/0aw7"},"_type":1,"_sizeMode":0},{"__type__":"cc.RigidBody","node":{"__id__":6},"_type":3,"_allowSleep":false,"_gravityScale":0,"_fixedRotation":true,"enabledContactListener":true},{"__type__":"cc.PhysicsPolygonCollider","node":{"__id__":6},"tag":222,"points":[{"__type__":"cc.Vec2","x":329.3,"y":49.1},{"__type__":"cc.Vec2","x":300.4,"y":33.3},{"__type__":"cc.Vec2","x":-398.6,"y":29},{"__type__":"cc.Vec2","x":-398,"y":-5},{"__type__":"cc.Vec2","x":-382,"y":-13},{"__type__":"cc.Vec2","x":298.7,"y":-14.2},{"__type__":"cc.Vec2","x":325.9,"y":-48.1},{"__type__":"cc.Vec2","x":364.6,"y":-51},{"__type__":"cc.Vec2","x":394.4,"y":-29.4},{"__type__":"cc.Vec2","x":402.1,"y":8.1},{"__type__":"cc.Vec2","x":380.6,"y":43.4}]},{"__type__":"72555Q9muRD1505Zi2fOOxm","node":{"__id__":6},"linevelocityX":500},{"__type__":"cc.Widget","node":{"__id__":6},"_alignFlags":45,"_left":-296.02499952362797,"_right":-352.02499952362797,"_top":-44.4,"_bottom":-44.4,"_originalWidth":880,"_originalHeight":111}],"_prefab":{"__type__":"cc.PrefabInfo","root":{"__id__":1},"asset":{"__uuid__":"949js63htNQZkR/XtGTK49"},"fileId":"c09sEeJZlPbq54E2OzkNSQ"},"_contentSize":{"__type__":"cc.Size","width":810.0624988090699,"height":110.99999999999999},"_trs":{"__type__":"TypedArray","ctor":"Float64Array","array":[28,0,0,0,0,0,1,0.8,0.8,0.8]},"_groupIndex":8,"groupIndex":8},{"__type__":"cc.Node","_name":"zhenNode","_parent":{"__id__":1},"_children":[{"__id__":8}],"_prefab":{"__type__":"cc.PrefabInfo","root":{"__id__":1},"asset":{"__uuid__":"949js63htNQZkR/XtGTK49"},"fileId":"ed+qOJqqxLQqXTKvW/+XnM"},"_trs":{"__type__":"TypedArray","ctor":"Float64Array","array":[18.128,18.371,0,0,0,0.3704277476195808,0.9288612833967643,1,1,1]},"_eulerAngles":{"__type__":"cc.Vec3","z":43.483999999999995},"_groupIndex":8,"groupIndex":8},{"__type__":"cc.Node","_name":"zhen","_parent":{"__id__":7},"_components":[{"__type__":"cc.Sprite","node":{"__id__":8},"_materials":[{"__uuid__":"ecpdLyjvZBwrvm+cedCcQy"}],"_spriteFrame":{"__uuid__":"81u1O4l2lM2IGXbUA/0aw7"},"_type":1,"_sizeMode":0},{"__type__":"cc.RigidBody","node":{"__id__":8},"_type":3,"_allowSleep":false,"_gravityScale":0,"_fixedRotation":true,"enabledContactListener":true},{"__type__":"cc.PhysicsPolygonCollider","node":{"__id__":8},"tag":222,"points":[{"__type__":"cc.Vec2","x":174.9,"y":51.5},{"__type__":"cc.Vec2","x":143.9,"y":34.1},{"__type__":"cc.Vec2","x":-234.2,"y":35},{"__type__":"cc.Vec2","x":-245,"y":-1},{"__type__":"cc.Vec2","x":-230,"y":-16},{"__type__":"cc.Vec2","x":142.4,"y":-15.1},{"__type__":"cc.Vec2","x":174.5,"y":-47.8},{"__type__":"cc.Vec2","x":224.9,"y":-40.5},{"__type__":"cc.Vec2","x":240.1,"y":-21.7},{"__type__":"cc.Vec2","x":247.5,"y":0.6},{"__type__":"cc.Vec2","x":241.5,"y":19.3},{"__type__":"cc.Vec2","x":226.6,"y":43.7},{"__type__":"cc.Vec2","x":197.9,"y":51.2}]},{"__type__":"72555Q9muRD1505Zi2fOOxm","node":{"__id__":8},"linevelocityX":500},{"__type__":"cc.Widget","node":{"__id__":8},"_alignFlags":45,"_left":-198.83394615897015,"_right":-198.83394615897012,"_top":-44.40000000000001,"_bottom":-44.400000000000006,"_originalWidth":880,"_originalHeight":111}],"_prefab":{"__type__":"cc.PrefabInfo","root":{"__id__":1},"asset":{"__uuid__":"949js63htNQZkR/XtGTK49"},"fileId":"eaWKioGbtPNrJxacVtQVwZ"},"_contentSize":{"__type__":"cc.Size","width":497.08486539742535,"height":111.00000000000001},"_trs":{"__type__":"TypedArray","ctor":"Float64Array","array":[0,0,0,0,0,0,1,0.8,0.8,0.8]},"_groupIndex":8,"groupIndex":8},{"__type__":"cc.Node","_name":"zhenNode","_parent":{"__id__":1},"_children":[{"__id__":10}],"_prefab":{"__type__":"cc.PrefabInfo","root":{"__id__":1},"asset":{"__uuid__":"949js63htNQZkR/XtGTK49"},"fileId":"f53IqXdZxOcIo1SPpLaHb+"},"_trs":{"__type__":"TypedArray","ctor":"Float64Array","array":[-296.621,48.118,0,0,0,0.9369682988187775,0.34941437722086666,1,1,1]},"_eulerAngles":{"__type__":"cc.Vec3","z":139.09699999999998},"_groupIndex":8,"groupIndex":8},{"__type__":"cc.Node","_name":"zhen","_parent":{"__id__":9},"_components":[{"__type__":"cc.Sprite","node":{"__id__":10},"_materials":[{"__uuid__":"ecpdLyjvZBwrvm+cedCcQy"}],"_spriteFrame":{"__uuid__":"81u1O4l2lM2IGXbUA/0aw7"},"_type":1,"_sizeMode":0},{"__type__":"cc.RigidBody","node":{"__id__":10},"_type":3,"_allowSleep":false,"_gravityScale":0,"_fixedRotation":true,"enabledContactListener":true},{"__type__":"cc.PhysicsPolygonCollider","node":{"__id__":10},"tag":222,"points":[{"__type__":"cc.Vec2","x":174.9,"y":51.5},{"__type__":"cc.Vec2","x":140.3,"y":15.9},{"__type__":"cc.Vec2","x":-236,"y":14},{"__type__":"cc.Vec2","x":-245,"y":-1},{"__type__":"cc.Vec2","x":-232.2,"y":-29.9},{"__type__":"cc.Vec2","x":148.1,"y":-33.1},{"__type__":"cc.Vec2","x":174.5,"y":-47.8},{"__type__":"cc.Vec2","x":224.9,"y":-40.5},{"__type__":"cc.Vec2","x":240.1,"y":-21.7},{"__type__":"cc.Vec2","x":247.5,"y":0.6},{"__type__":"cc.Vec2","x":241.5,"y":19.3},{"__type__":"cc.Vec2","x":226.6,"y":43.7},{"__type__":"cc.Vec2","x":197.9,"y":51.2}]},{"__type__":"72555Q9muRD1505Zi2fOOxm","node":{"__id__":10},"linevelocityX":500},{"__type__":"cc.Widget","node":{"__id__":10},"_alignFlags":45,"_left":-198.83394615897015,"_right":-198.83394615897012,"_top":-44.40000000000001,"_bottom":-44.400000000000006,"_originalWidth":880,"_originalHeight":111}],"_prefab":{"__type__":"cc.PrefabInfo","root":{"__id__":1},"asset":{"__uuid__":"949js63htNQZkR/XtGTK49"},"fileId":"dcAUUXpvRNorhZz84E3Jsa"},"_contentSize":{"__type__":"cc.Size","width":497.08486539742535,"height":111.00000000000001},"_trs":{"__type__":"TypedArray","ctor":"Float64Array","array":[0,0,0,0,0,0,1,0.8,0.8,0.8]},"_groupIndex":8,"groupIndex":8}],{"__type__":"cc.SpriteFrame","content":{"name":"guanqia5","texture":"99atjVZfZDHoWGRqtryZBl","rect":[1,1,712,1468],"offset":[0,0],"originalSize":[714,1470],"capInsets":[0,0,0,0]}}]