[{"__type__":"cc.SpriteFrame","content":{"name":"coin2","texture":"25Gsm55uBKJooYyKuF1nLR","rect":[0,0,68,70],"offset":[0,0],"originalSize":[68,70],"capInsets":[0,0,0,0]}},{"__type__":"cc.SpriteFrame","content":{"name":"text_wuqi","texture":"613HGYeQZJeoZu9gRfH2Fu","rect":[2,1,202,111],"offset":[0,0.5],"originalSize":[206,114],"capInsets":[0,0,0,0]}},{"__type__":"cc.SpriteFrame","content":{"name":"unlock","texture":"52MF+vVndPDopH2K6lzVKW","rect":[1,0,54,75],"offset":[0,0.5],"originalSize":[56,76],"capInsets":[0,0,0,0]}},{"__type__":"cc.SpriteFrame","content":{"name":"Skin_11","texture":"b1eWdmARRN774y5JUhcLJv","rect":[0,2,147,126],"offset":[0,0],"originalSize":[147,130],"capInsets":[0,0,0,0]}},{"__type__":"cc.SpriteFrame","content":{"name":"Skin_9","texture":"34DAub+thDaK25L7RUBe07","rect":[2,6,143,119],"offset":[0,-0.5],"originalSize":[147,130],"capInsets":[0,0,0,0]}},{"__type__":"cc.SpriteFrame","content":{"name":"Skin_6","texture":"76TJSKsfpJhaxVPGjgn3HI","rect":[1,14,130,81],"offset":[-0.5,0],"originalSize":[133,109],"capInsets":[0,0,0,0]}},{"__type__":"cc.SpriteFrame","content":{"name":"Skin_2","texture":"d28DnK6v9Fpqw43BF26TdA","rect":[0,19,132,71],"offset":[-0.5,0],"originalSize":[133,109],"capInsets":[0,0,0,0]}},{"__type__":"cc.SpriteFrame","content":{"name":"Skin_3","texture":"32M61xi99GmrQXeOQfWgQ3","rect":[1,14,130,82],"offset":[-0.5,-0.5],"originalSize":[133,109],"capInsets":[0,0,0,0]}},{"__type__":"cc.SpriteFrame","content":{"name":"skinBg","texture":"28i+hKrf9HRrbIz3jvwk6V","rect":[0,0,1080,1920],"offset":[0,0],"originalSize":[1080,1920],"capInsets":[0,0,0,0]}},{"__type__":"cc.SpriteFrame","content":{"name":"skinFrame-en","texture":"1fq6V3FTNL6KQLdzM+Qzqi","rect":[0,1,917,1496],"offset":[-0.5,1],"originalSize":[918,1500],"capInsets":[0,0,0,0]}},{"__type__":"cc.SpriteFrame","content":{"name":"stateBg","texture":"d4Pikz1LdIcZDttIQWPWzq","rect":[1,0,233,130],"offset":[0,1],"originalSize":[235,132],"capInsets":[0,0,0,0]}},{"__type__":"cc.SpriteFrame","content":{"name":"image_wqk2","texture":"a0+Xmm7n5NoJJ4guHT5rSt","rect":[1,0,233,130],"offset":[0,1],"originalSize":[235,132],"capInsets":[0,0,0,0]}},{"__type__":"cc.SpriteFrame","content":{"name":"got_text-en","texture":"54RLOkwm5Pyrjl0F9UNw+0","rect":[0,0,111,29],"offset":[0,0],"originalSize":[111,29],"capInsets":[0,0,0,0]}},{"__type__":"cc.SpriteFrame","content":{"name":"Skin_10","texture":"63rVV4s2JJVKJEmuDnwqyt","rect":[0,0,147,130],"offset":[0,0],"originalSize":[147,130],"capInsets":[0,0,0,0]}},{"__type__":"cc.SpriteFrame","content":{"name":"Skin_4","texture":"e4lD3KXk9GH42dM+prrcXu","rect":[5,11,122,87],"offset":[-0.5,0],"originalSize":[133,109],"capInsets":[0,0,0,0]}},{"__type__":"cc.SpriteFrame","content":{"name":"Skin_7","texture":"1bYdPyfZ9C+qIgojBA8uyH","rect":[0,12,132,85],"offset":[-0.5,0],"originalSize":[133,109],"capInsets":[0,0,0,0]}},{"__type__":"cc.SpriteFrame","content":{"name":"image_xuanz","texture":"14w7vkrH1EOaQ25IMdZU7I","rect":[0,0,45,45],"offset":[0,0],"originalSize":[45,45],"capInsets":[0,0,0,0]}},{"__type__":"cc.SpriteFrame","content":{"name":"Skin_1","texture":"445b2wEgxHioXVWrBvRBX5","rect":[6,14,120,82],"offset":[-0.5,-0.5],"originalSize":[133,109],"capInsets":[0,0,0,0]}},{"__type__":"cc.SpriteFrame","content":{"name":"Skin_8","texture":"8c7VSMcNlDKa1OGK1Hm4Wh","rect":[0,16,133,78],"offset":[0,-0.5],"originalSize":[133,109],"capInsets":[0,0,0,0]}},{"__type__":"cc.SpriteFrame","content":{"name":"paopao","texture":"baRzPC8zRM8LXaSQ8dBGG+","rect":[0,0,172,172],"offset":[0,0],"originalSize":[172,172],"capInsets":[0,0,0,0]}},{"__type__":"cc.SpriteFrame","content":{"name":"Skin_5","texture":"b8BnFVXd9MUL/B87LsjjWW","rect":[5,0,122,109],"offset":[-0.5,0],"originalSize":[133,109],"capInsets":[0,0,0,0]}},[{"__type__":"cc.Prefab","_name":"UISkinPage","data":{"__id__":1}},{"__type__":"cc.Node","_name":"UISkinPanel","_children":[{"__id__":2},{"__id__":3},{"__id__":4},{"__id__":173},{"__id__":178}],"_components":[{"__type__":"cc.Widget","node":{"__id__":1},"_alignFlags":45}],"_prefab":{"__type__":"cc.PrefabInfo","root":{"__id__":1},"asset":{"__uuid__":"detwnngQBNibyj3eJaYGR8"},"fileId":"e6ITrCfhVAibcJeKdDibmc"},"_contentSize":{"__type__":"cc.Size","width":1080,"height":1920},"_trs":{"__type__":"TypedArray","ctor":"Float64Array","array":[540,960,0,0,0,0,1,1,1,1]}},{"__type__":"cc.Node","_name":"Mask","_parent":{"__id__":1},"_components":[{"__type__":"cc.Sprite","node":{"__id__":2},"_materials":[{"__uuid__":"ecpdLyjvZBwrvm+cedCcQy"}],"_spriteFrame":{"__uuid__":"87Vi6EratIIaYSJUiQGZ/t"},"_sizeMode":0},{"__type__":"cc.Widget","node":{"__id__":2},"_alignFlags":45,"_originalWidth":103,"_originalHeight":100},{"__type__":"cc.BlockInputEvents","node":{"__id__":2}}],"_prefab":{"__type__":"cc.PrefabInfo","root":{"__id__":1},"asset":{"__uuid__":"detwnngQBNibyj3eJaYGR8"},"fileId":"5eJ8AFNAlHy5J5IrGn6u0b"},"_contentSize":{"__type__":"cc.Size","width":1080,"height":1920},"_trs":{"__type__":"TypedArray","ctor":"Float64Array","array":[0,0,0,0,0,0,1,1,1,1]}},{"__type__":"cc.Node","_name":"text_wuqi","_parent":{"__id__":1},"_active":false,"_components":[{"__type__":"cc.Sprite","node":{"__id__":3},"_materials":[{"__uuid__":"ecpdLyjvZBwrvm+cedCcQy"}],"_spriteFrame":{"__uuid__":"2e5YBZRbhIWpEjAzCADgB2"}},{"__type__":"cc.Widget","node":{"__id__":3},"_alignFlags":1,"_top":227.51999999999998}],"_prefab":{"__type__":"cc.PrefabInfo","root":{"__id__":1},"asset":{"__uuid__":"detwnngQBNibyj3eJaYGR8"},"fileId":"21yhsFVmJE3JEBpLDnSgCZ"},"_contentSize":{"__type__":"cc.Size","width":206,"height":114},"_trs":{"__type__":"TypedArray","ctor":"Float64Array","array":[0,675.48,0,0,0,0,1,1,1,1]}},{"__type__":"cc.Node","_name":"SkinList","_parent":{"__id__":1},"_children":[{"__id__":5},{"__id__":19},{"__id__":33},{"__id__":47},{"__id__":61},{"__id__":75},{"__id__":89},{"__id__":103},{"__id__":117},{"__id__":131},{"__id__":145},{"__id__":159}],"_components":[{"__type__":"cc.Widget","node":{"__id__":4},"_alignFlags":2,"_left":81,"_right":81,"_top":210,"_bottom":210,"_originalWidth":918,"_originalHeight":1500},{"__type__":"cc.Sprite","node":{"__id__":4},"_materials":[{"__uuid__":"ecpdLyjvZBwrvm+cedCcQy"}],"_spriteFrame":{"__uuid__":"8bXoYNwL9Ni7V7ZQXJCEs3"},"_sizeMode":0}],"_prefab":{"__type__":"cc.PrefabInfo","root":{"__id__":1},"asset":{"__uuid__":"detwnngQBNibyj3eJaYGR8"},"fileId":"acUti2q9RKJ78tt81DWCGB"},"_contentSize":{"__type__":"cc.Size","width":918,"height":1500},"_trs":{"__type__":"TypedArray","ctor":"Float64Array","array":[0,0,0,0,0,0,1,1,1,1]}},{"__type__":"cc.Node","_name":"SkinItem_0","_parent":{"__id__":4},"_children":[{"__id__":6},{"__id__":7},{"__id__":8},{"__id__":13},{"__id__":16}],"_prefab":{"__type__":"cc.PrefabInfo","root":{"__id__":1},"asset":{"__uuid__":"detwnngQBNibyj3eJaYGR8"},"fileId":"0cjmL9RmtOfqlSxR8CrvEF"},"_contentSize":{"__type__":"cc.Size","width":215,"height":250},"_trs":{"__type__":"TypedArray","ctor":"Float64Array","array":[-259,347.543,0,0,0,0,1,1,1,1]}},{"__type__":"cc.Node","_name":"Icon","_parent":{"__id__":5},"_components":[{"__type__":"cc.Sprite","node":{"__id__":6},"_materials":[{"__uuid__":"ecpdLyjvZBwrvm+cedCcQy"}],"_spriteFrame":{"__uuid__":"f8sZDO8P5AUr0ozilV5ccn"}}],"_prefab":{"__type__":"cc.PrefabInfo","root":{"__id__":1},"asset":{"__uuid__":"detwnngQBNibyj3eJaYGR8"},"fileId":"1dz3ooGLVON4xX5+PMtrqp"},"_contentSize":{"__type__":"cc.Size","width":122,"height":71},"_trs":{"__type__":"TypedArray","ctor":"Float64Array","array":[0,0,0,0,0,0,1,1,1,1]}},{"__type__":"cc.Node","_name":"paopao","_parent":{"__id__":5},"_components":[{"__type__":"cc.Sprite","node":{"__id__":7},"_materials":[{"__uuid__":"ecpdLyjvZBwrvm+cedCcQy"}],"_spriteFrame":{"__uuid__":"d63ZyHJqRCHID1TrWSsEyp"},"_sizeMode":2}],"_prefab":{"__type__":"cc.PrefabInfo","root":{"__id__":1},"asset":{"__uuid__":"detwnngQBNibyj3eJaYGR8"},"fileId":"1aNaEGssNHMJJdOxjWI+dl"},"_contentSize":{"__type__":"cc.Size","width":172,"height":172},"_trs":{"__type__":"TypedArray","ctor":"Float64Array","array":[0,0,0,0,0,0,1,1,1,1]}},{"__type__":"cc.Node","_name":"Lock","_parent":{"__id__":5},"_children":[{"__id__":9},{"__id__":10},{"__id__":11},{"__id__":12}],"_prefab":{"__type__":"cc.PrefabInfo","root":{"__id__":1},"asset":{"__uuid__":"detwnngQBNibyj3eJaYGR8"},"fileId":"de4pHoCAhNMZmIV0bJ0/5a"},"_trs":{"__type__":"TypedArray","ctor":"Float64Array","array":[0,0,0,0,0,0,1,1,1,1]}},{"__type__":"cc.Node","_name":"image_wqk0","_parent":{"__id__":8},"_components":[{"__type__":"cc.Sprite","node":{"__id__":9},"_materials":[{"__uuid__":"ecpdLyjvZBwrvm+cedCcQy"}],"_spriteFrame":{"__uuid__":"30ejsUtXBHy5JPuKZHbPYT"}}],"_prefab":{"__type__":"cc.PrefabInfo","root":{"__id__":1},"asset":{"__uuid__":"detwnngQBNibyj3eJaYGR8"},"fileId":"adHxL2nkZGV6ZjeLK32JgV"},"_contentSize":{"__type__":"cc.Size","width":54,"height":75},"_trs":{"__type__":"TypedArray","ctor":"Float64Array","array":[0,0,0,0,0,0,1,1,1,1]}},{"__type__":"cc.Node","_name":"goldbg","_parent":{"__id__":8},"_components":[{"__type__":"cc.Sprite","node":{"__id__":10},"_materials":[{"__uuid__":"ecpdLyjvZBwrvm+cedCcQy"}],"_spriteFrame":{"__uuid__":"8dFplRGzlFbpDPp+kUnRgF"},"_sizeMode":0}],"_prefab":{"__type__":"cc.PrefabInfo","root":{"__id__":1},"asset":{"__uuid__":"detwnngQBNibyj3eJaYGR8"},"fileId":"46DxhrpnxMGp6KL3UizUYF"},"_contentSize":{"__type__":"cc.Size","width":235,"height":132},"_trs":{"__type__":"TypedArray","ctor":"Float64Array","array":[0,-79,0,0,0,0,1,1,1,1]}},{"__type__":"cc.Node","_name":"goldimg","_parent":{"__id__":8},"_components":[{"__type__":"cc.Sprite","node":{"__id__":11},"_materials":[{"__uuid__":"ecpdLyjvZBwrvm+cedCcQy"}],"_spriteFrame":{"__uuid__":"28N6dfXORFeYS0TxW69Itz"},"_sizeMode":0}],"_prefab":{"__type__":"cc.PrefabInfo","root":{"__id__":1},"asset":{"__uuid__":"detwnngQBNibyj3eJaYGR8"},"fileId":"c8+BhNVjZKKL05SEddgkaD"},"_contentSize":{"__type__":"cc.Size","width":41,"height":43},"_trs":{"__type__":"TypedArray","ctor":"Float64Array","array":[-65,-84,0,0,0,0,1,1,1,1]}},{"__type__":"cc.Node","_name":"lableGold","_parent":{"__id__":8},"_components":[{"__type__":"cc.Label","node":{"__id__":12},"_materials":[{"__uuid__":"ecpdLyjvZBwrvm+cedCcQy"}],"_useOriginalSize":false,"_string":"300","_N$string":"300","_N$horizontalAlign":1,"_N$verticalAlign":1}],"_prefab":{"__type__":"cc.PrefabInfo","root":{"__id__":1},"asset":{"__uuid__":"detwnngQBNibyj3eJaYGR8"},"fileId":"8bRLOD8nxLrpaG64GuDcAr"},"_contentSize":{"__type__":"cc.Size","width":66.74,"height":50.4},"_trs":{"__type__":"TypedArray","ctor":"Float64Array","array":[0,-82.26,0,0,0,0,1,1,1,1]}},{"__type__":"cc.Node","_name":"Check","_parent":{"__id__":5},"_children":[{"__id__":14},{"__id__":15}],"_prefab":{"__type__":"cc.PrefabInfo","root":{"__id__":1},"asset":{"__uuid__":"detwnngQBNibyj3eJaYGR8"},"fileId":"1cQqZRrxJPDJazXHyx78v9"},"_trs":{"__type__":"TypedArray","ctor":"Float64Array","array":[0,-90,0,0,0,0,1,1,1,1]}},{"__type__":"cc.Node","_name":"image_wqk2","_parent":{"__id__":13},"_components":[{"__type__":"cc.Sprite","node":{"__id__":14},"_materials":[{"__uuid__":"ecpdLyjvZBwrvm+cedCcQy"}],"_spriteFrame":{"__uuid__":"91wpg7uIRI6IpvFkOg5vGQ"}}],"_prefab":{"__type__":"cc.PrefabInfo","root":{"__id__":1},"asset":{"__uuid__":"detwnngQBNibyj3eJaYGR8"},"fileId":"3aDYn74/5JeIARUpdM6JLz"},"_contentSize":{"__type__":"cc.Size","width":233,"height":130},"_trs":{"__type__":"TypedArray","ctor":"Float64Array","array":[0,12,0,0,0,0,1,1,1,1]}},{"__type__":"cc.Node","_name":"image_xuanz","_parent":{"__id__":13},"_active":false,"_components":[{"__type__":"cc.Sprite","node":{"__id__":15},"_materials":[{"__uuid__":"ecpdLyjvZBwrvm+cedCcQy"}],"_spriteFrame":{"__uuid__":"beQGdcfJBBCorYLEcGel4d"}}],"_prefab":{"__type__":"cc.PrefabInfo","root":{"__id__":1},"asset":{"__uuid__":"detwnngQBNibyj3eJaYGR8"},"fileId":"4eved0niFFWrMYFkPYAKf+"},"_contentSize":{"__type__":"cc.Size","width":45,"height":45},"_trs":{"__type__":"TypedArray","ctor":"Float64Array","array":[0,4,0,0,0,0,1,1,1,1]}},{"__type__":"cc.Node","_name":"Unlock","_parent":{"__id__":5},"_children":[{"__id__":17},{"__id__":18}],"_prefab":{"__type__":"cc.PrefabInfo","root":{"__id__":1},"asset":{"__uuid__":"detwnngQBNibyj3eJaYGR8"},"fileId":"64OFqJEpxICr4gL6EcGRsv"},"_trs":{"__type__":"TypedArray","ctor":"Float64Array","array":[0,0,0,0,0,0,1,1,1,1]}},{"__type__":"cc.Node","_name":"image_wqk1","_parent":{"__id__":16},"_components":[{"__type__":"cc.Sprite","node":{"__id__":17},"_materials":[{"__uuid__":"ecpdLyjvZBwrvm+cedCcQy"}],"_spriteFrame":{"__uuid__":"8dFplRGzlFbpDPp+kUnRgF"}}],"_prefab":{"__type__":"cc.PrefabInfo","root":{"__id__":1},"asset":{"__uuid__":"detwnngQBNibyj3eJaYGR8"},"fileId":"bdUad61p5AQq5MjeE9FziW"},"_contentSize":{"__type__":"cc.Size","width":233,"height":130},"_trs":{"__type__":"TypedArray","ctor":"Float64Array","array":[0,-79.928,0,0,0,0,1,1,1,1]}},{"__type__":"cc.Node","_name":"New Sprite","_parent":{"__id__":16},"_components":[{"__type__":"cc.Sprite","node":{"__id__":18},"_materials":[{"__uuid__":"ecpdLyjvZBwrvm+cedCcQy"}],"_spriteFrame":{"__uuid__":"94goxCZlNJ9at/5Gr1FV31"}}],"_prefab":{"__type__":"cc.PrefabInfo","root":{"__id__":1},"asset":{"__uuid__":"detwnngQBNibyj3eJaYGR8"},"fileId":"c5avInBZBMa7WtbOX/ZOZk"},"_contentSize":{"__type__":"cc.Size","width":111,"height":29},"_trs":{"__type__":"TypedArray","ctor":"Float64Array","array":[-3,-83,0,0,0,0,1,1,1,1]}},{"__type__":"cc.Node","_name":"SkinItem_1","_parent":{"__id__":4},"_children":[{"__id__":20},{"__id__":21},{"__id__":22},{"__id__":27},{"__id__":30}],"_prefab":{"__type__":"cc.PrefabInfo","root":{"__id__":1},"asset":{"__uuid__":"detwnngQBNibyj3eJaYGR8"},"fileId":"6aFxgbrDlIc57GQjkh/2eF"},"_contentSize":{"__type__":"cc.Size","width":215,"height":250},"_trs":{"__type__":"TypedArray","ctor":"Float64Array","array":[-4,347.543,0,0,0,0,1,1,1,1]}},{"__type__":"cc.Node","_name":"Icon","_parent":{"__id__":19},"_components":[{"__type__":"cc.Sprite","node":{"__id__":20},"_materials":[{"__uuid__":"ecpdLyjvZBwrvm+cedCcQy"}],"_spriteFrame":{"__uuid__":"bf4IvTeG9AYpQRdN8FFl1j"}}],"_prefab":{"__type__":"cc.PrefabInfo","root":{"__id__":1},"asset":{"__uuid__":"detwnngQBNibyj3eJaYGR8"},"fileId":"b5Wg2JiAxApZ9ipyXtmkdU"},"_contentSize":{"__type__":"cc.Size","width":120,"height":82},"_trs":{"__type__":"TypedArray","ctor":"Float64Array","array":[0,0,0,0,0,0,1,1,1,1]}},{"__type__":"cc.Node","_name":"paopao","_parent":{"__id__":19},"_components":[{"__type__":"cc.Sprite","node":{"__id__":21},"_materials":[{"__uuid__":"ecpdLyjvZBwrvm+cedCcQy"}],"_spriteFrame":{"__uuid__":"d63ZyHJqRCHID1TrWSsEyp"},"_sizeMode":2}],"_prefab":{"__type__":"cc.PrefabInfo","root":{"__id__":1},"asset":{"__uuid__":"detwnngQBNibyj3eJaYGR8"},"fileId":"c7d81MYRZK+KAQALkTL6sw"},"_contentSize":{"__type__":"cc.Size","width":172,"height":172},"_trs":{"__type__":"TypedArray","ctor":"Float64Array","array":[0,0,0,0,0,0,1,1,1,1]}},{"__type__":"cc.Node","_name":"Lock","_parent":{"__id__":19},"_children":[{"__id__":23},{"__id__":24},{"__id__":25},{"__id__":26}],"_prefab":{"__type__":"cc.PrefabInfo","root":{"__id__":1},"asset":{"__uuid__":"detwnngQBNibyj3eJaYGR8"},"fileId":"90bJNEzMtJ+pWWnLjzbdZs"},"_trs":{"__type__":"TypedArray","ctor":"Float64Array","array":[0,0,0,0,0,0,1,1,1,1]}},{"__type__":"cc.Node","_name":"image_wqk0","_parent":{"__id__":22},"_components":[{"__type__":"cc.Sprite","node":{"__id__":23},"_materials":[{"__uuid__":"ecpdLyjvZBwrvm+cedCcQy"}],"_spriteFrame":{"__uuid__":"30ejsUtXBHy5JPuKZHbPYT"}}],"_prefab":{"__type__":"cc.PrefabInfo","root":{"__id__":1},"asset":{"__uuid__":"detwnngQBNibyj3eJaYGR8"},"fileId":"423GgziNhM17GJmb/8KUCl"},"_contentSize":{"__type__":"cc.Size","width":54,"height":75},"_trs":{"__type__":"TypedArray","ctor":"Float64Array","array":[0,0,0,0,0,0,1,1,1,1]}},{"__type__":"cc.Node","_name":"goldbg","_parent":{"__id__":22},"_components":[{"__type__":"cc.Sprite","node":{"__id__":24},"_materials":[{"__uuid__":"ecpdLyjvZBwrvm+cedCcQy"}],"_spriteFrame":{"__uuid__":"8dFplRGzlFbpDPp+kUnRgF"},"_sizeMode":0}],"_prefab":{"__type__":"cc.PrefabInfo","root":{"__id__":1},"asset":{"__uuid__":"detwnngQBNibyj3eJaYGR8"},"fileId":"02G6Y1u5dI94oJbEzj6Aze"},"_contentSize":{"__type__":"cc.Size","width":235,"height":132},"_trs":{"__type__":"TypedArray","ctor":"Float64Array","array":[0,-79,0,0,0,0,1,1,1,1]}},{"__type__":"cc.Node","_name":"goldimg","_parent":{"__id__":22},"_components":[{"__type__":"cc.Sprite","node":{"__id__":25},"_materials":[{"__uuid__":"ecpdLyjvZBwrvm+cedCcQy"}],"_spriteFrame":{"__uuid__":"28N6dfXORFeYS0TxW69Itz"},"_sizeMode":0}],"_prefab":{"__type__":"cc.PrefabInfo","root":{"__id__":1},"asset":{"__uuid__":"detwnngQBNibyj3eJaYGR8"},"fileId":"f92uRc2v1CnrtMli1Rd4wV"},"_contentSize":{"__type__":"cc.Size","width":41,"height":43},"_trs":{"__type__":"TypedArray","ctor":"Float64Array","array":[-65,-84,0,0,0,0,1,1,1,1]}},{"__type__":"cc.Node","_name":"lableGold","_parent":{"__id__":22},"_components":[{"__type__":"cc.Label","node":{"__id__":26},"_materials":[{"__uuid__":"ecpdLyjvZBwrvm+cedCcQy"}],"_useOriginalSize":false,"_string":"300","_N$string":"300","_N$horizontalAlign":1,"_N$verticalAlign":1}],"_prefab":{"__type__":"cc.PrefabInfo","root":{"__id__":1},"asset":{"__uuid__":"detwnngQBNibyj3eJaYGR8"},"fileId":"72MMqlBexCvbl2Oc9jmwJj"},"_contentSize":{"__type__":"cc.Size","width":66.74,"height":50.4},"_trs":{"__type__":"TypedArray","ctor":"Float64Array","array":[0,-82.26,0,0,0,0,1,1,1,1]}},{"__type__":"cc.Node","_name":"Check","_parent":{"__id__":19},"_children":[{"__id__":28},{"__id__":29}],"_prefab":{"__type__":"cc.PrefabInfo","root":{"__id__":1},"asset":{"__uuid__":"detwnngQBNibyj3eJaYGR8"},"fileId":"c7MB59XHtNmJ6kjVNF/V4g"},"_trs":{"__type__":"TypedArray","ctor":"Float64Array","array":[0,-90,0,0,0,0,1,1,1,1]}},{"__type__":"cc.Node","_name":"image_wqk2","_parent":{"__id__":27},"_components":[{"__type__":"cc.Sprite","node":{"__id__":28},"_materials":[{"__uuid__":"ecpdLyjvZBwrvm+cedCcQy"}],"_spriteFrame":{"__uuid__":"91wpg7uIRI6IpvFkOg5vGQ"}}],"_prefab":{"__type__":"cc.PrefabInfo","root":{"__id__":1},"asset":{"__uuid__":"detwnngQBNibyj3eJaYGR8"},"fileId":"54ou+M0zJJ1ajvILiMhQCm"},"_contentSize":{"__type__":"cc.Size","width":233,"height":130},"_trs":{"__type__":"TypedArray","ctor":"Float64Array","array":[0,12,0,0,0,0,1,1,1,1]}},{"__type__":"cc.Node","_name":"image_xuanz","_parent":{"__id__":27},"_active":false,"_components":[{"__type__":"cc.Sprite","node":{"__id__":29},"_materials":[{"__uuid__":"ecpdLyjvZBwrvm+cedCcQy"}],"_spriteFrame":{"__uuid__":"beQGdcfJBBCorYLEcGel4d"}}],"_prefab":{"__type__":"cc.PrefabInfo","root":{"__id__":1},"asset":{"__uuid__":"detwnngQBNibyj3eJaYGR8"},"fileId":"6ahafc4aBMT7+cUcRZuxZB"},"_contentSize":{"__type__":"cc.Size","width":45,"height":45},"_trs":{"__type__":"TypedArray","ctor":"Float64Array","array":[0,4,0,0,0,0,1,1,1,1]}},{"__type__":"cc.Node","_name":"Unlock","_parent":{"__id__":19},"_children":[{"__id__":31},{"__id__":32}],"_prefab":{"__type__":"cc.PrefabInfo","root":{"__id__":1},"asset":{"__uuid__":"detwnngQBNibyj3eJaYGR8"},"fileId":"5cGQ7dsLFP85ezG9dvZVL8"},"_trs":{"__type__":"TypedArray","ctor":"Float64Array","array":[0,0,0,0,0,0,1,1,1,1]}},{"__type__":"cc.Node","_name":"image_wqk1","_parent":{"__id__":30},"_components":[{"__type__":"cc.Sprite","node":{"__id__":31},"_materials":[{"__uuid__":"ecpdLyjvZBwrvm+cedCcQy"}],"_spriteFrame":{"__uuid__":"8dFplRGzlFbpDPp+kUnRgF"}}],"_prefab":{"__type__":"cc.PrefabInfo","root":{"__id__":1},"asset":{"__uuid__":"detwnngQBNibyj3eJaYGR8"},"fileId":"9eXg8e+FpEZpy1rryFMOvC"},"_contentSize":{"__type__":"cc.Size","width":233,"height":130},"_trs":{"__type__":"TypedArray","ctor":"Float64Array","array":[0,-79.928,0,0,0,0,1,1,1,1]}},{"__type__":"cc.Node","_name":"New Sprite","_parent":{"__id__":30},"_components":[{"__type__":"cc.Sprite","node":{"__id__":32},"_materials":[{"__uuid__":"ecpdLyjvZBwrvm+cedCcQy"}],"_spriteFrame":{"__uuid__":"94goxCZlNJ9at/5Gr1FV31"}}],"_prefab":{"__type__":"cc.PrefabInfo","root":{"__id__":1},"asset":{"__uuid__":"detwnngQBNibyj3eJaYGR8"},"fileId":"332TOECllLqqPEKseV+sGC"},"_contentSize":{"__type__":"cc.Size","width":111,"height":29},"_trs":{"__type__":"TypedArray","ctor":"Float64Array","array":[-3,-83,0,0,0,0,1,1,1,1]}},{"__type__":"cc.Node","_name":"SkinItem_2","_parent":{"__id__":4},"_children":[{"__id__":34},{"__id__":35},{"__id__":36},{"__id__":41},{"__id__":44}],"_prefab":{"__type__":"cc.PrefabInfo","root":{"__id__":1},"asset":{"__uuid__":"detwnngQBNibyj3eJaYGR8"},"fileId":"f3VON/lplB0IGabt+Hluw9"},"_contentSize":{"__type__":"cc.Size","width":215,"height":250},"_trs":{"__type__":"TypedArray","ctor":"Float64Array","array":[252,347.543,0,0,0,0,1,1,1,1]}},{"__type__":"cc.Node","_name":"Icon","_parent":{"__id__":33},"_components":[{"__type__":"cc.Sprite","node":{"__id__":34},"_materials":[{"__uuid__":"ecpdLyjvZBwrvm+cedCcQy"}],"_spriteFrame":{"__uuid__":"76tAx0DKlAV66qhRgfl2ym"}}],"_prefab":{"__type__":"cc.PrefabInfo","root":{"__id__":1},"asset":{"__uuid__":"detwnngQBNibyj3eJaYGR8"},"fileId":"cb3ehonqpELamyozFrJvvY"},"_contentSize":{"__type__":"cc.Size","width":132,"height":71},"_trs":{"__type__":"TypedArray","ctor":"Float64Array","array":[0,0,0,0,0,0,1,1,1,1]}},{"__type__":"cc.Node","_name":"paopao","_parent":{"__id__":33},"_components":[{"__type__":"cc.Sprite","node":{"__id__":35},"_materials":[{"__uuid__":"ecpdLyjvZBwrvm+cedCcQy"}],"_spriteFrame":{"__uuid__":"d63ZyHJqRCHID1TrWSsEyp"},"_sizeMode":2}],"_prefab":{"__type__":"cc.PrefabInfo","root":{"__id__":1},"asset":{"__uuid__":"detwnngQBNibyj3eJaYGR8"},"fileId":"23SpGs9zdAkoR/CMpn2/2h"},"_contentSize":{"__type__":"cc.Size","width":172,"height":172},"_trs":{"__type__":"TypedArray","ctor":"Float64Array","array":[0,0,0,0,0,0,1,1,1,1]}},{"__type__":"cc.Node","_name":"Lock","_parent":{"__id__":33},"_children":[{"__id__":37},{"__id__":38},{"__id__":39},{"__id__":40}],"_prefab":{"__type__":"cc.PrefabInfo","root":{"__id__":1},"asset":{"__uuid__":"detwnngQBNibyj3eJaYGR8"},"fileId":"69wS2HG8BADJlwl85X3JlA"},"_trs":{"__type__":"TypedArray","ctor":"Float64Array","array":[0,0,0,0,0,0,1,1,1,1]}},{"__type__":"cc.Node","_name":"image_wqk0","_parent":{"__id__":36},"_components":[{"__type__":"cc.Sprite","node":{"__id__":37},"_materials":[{"__uuid__":"ecpdLyjvZBwrvm+cedCcQy"}],"_spriteFrame":{"__uuid__":"30ejsUtXBHy5JPuKZHbPYT"}}],"_prefab":{"__type__":"cc.PrefabInfo","root":{"__id__":1},"asset":{"__uuid__":"detwnngQBNibyj3eJaYGR8"},"fileId":"2cHQTv7r5FoqDJ3ZLxa7Hx"},"_contentSize":{"__type__":"cc.Size","width":54,"height":75},"_trs":{"__type__":"TypedArray","ctor":"Float64Array","array":[0,0,0,0,0,0,1,1,1,1]}},{"__type__":"cc.Node","_name":"goldbg","_parent":{"__id__":36},"_components":[{"__type__":"cc.Sprite","node":{"__id__":38},"_materials":[{"__uuid__":"ecpdLyjvZBwrvm+cedCcQy"}],"_spriteFrame":{"__uuid__":"8dFplRGzlFbpDPp+kUnRgF"},"_sizeMode":0}],"_prefab":{"__type__":"cc.PrefabInfo","root":{"__id__":1},"asset":{"__uuid__":"detwnngQBNibyj3eJaYGR8"},"fileId":"25uEp0u9VFrrITdAn+GT5X"},"_contentSize":{"__type__":"cc.Size","width":235,"height":132},"_trs":{"__type__":"TypedArray","ctor":"Float64Array","array":[0,-79,0,0,0,0,1,1,1,1]}},{"__type__":"cc.Node","_name":"goldimg","_parent":{"__id__":36},"_components":[{"__type__":"cc.Sprite","node":{"__id__":39},"_materials":[{"__uuid__":"ecpdLyjvZBwrvm+cedCcQy"}],"_spriteFrame":{"__uuid__":"28N6dfXORFeYS0TxW69Itz"},"_sizeMode":0}],"_prefab":{"__type__":"cc.PrefabInfo","root":{"__id__":1},"asset":{"__uuid__":"detwnngQBNibyj3eJaYGR8"},"fileId":"eaDN0ulLtFo661fRUxCm3G"},"_contentSize":{"__type__":"cc.Size","width":41,"height":43},"_trs":{"__type__":"TypedArray","ctor":"Float64Array","array":[-65,-84,0,0,0,0,1,1,1,1]}},{"__type__":"cc.Node","_name":"lableGold","_parent":{"__id__":36},"_components":[{"__type__":"cc.Label","node":{"__id__":40},"_materials":[{"__uuid__":"ecpdLyjvZBwrvm+cedCcQy"}],"_useOriginalSize":false,"_string":"300","_N$string":"300","_N$horizontalAlign":1,"_N$verticalAlign":1}],"_prefab":{"__type__":"cc.PrefabInfo","root":{"__id__":1},"asset":{"__uuid__":"detwnngQBNibyj3eJaYGR8"},"fileId":"a6L2HXZmtLZ4x7kGtY2bv4"},"_contentSize":{"__type__":"cc.Size","width":66.74,"height":50.4},"_trs":{"__type__":"TypedArray","ctor":"Float64Array","array":[0,-82.26,0,0,0,0,1,1,1,1]}},{"__type__":"cc.Node","_name":"Check","_parent":{"__id__":33},"_children":[{"__id__":42},{"__id__":43}],"_prefab":{"__type__":"cc.PrefabInfo","root":{"__id__":1},"asset":{"__uuid__":"detwnngQBNibyj3eJaYGR8"},"fileId":"13W4KXGehOmpqnMpDJOJhF"},"_trs":{"__type__":"TypedArray","ctor":"Float64Array","array":[0,-90,0,0,0,0,1,1,1,1]}},{"__type__":"cc.Node","_name":"image_wqk2","_parent":{"__id__":41},"_components":[{"__type__":"cc.Sprite","node":{"__id__":42},"_materials":[{"__uuid__":"ecpdLyjvZBwrvm+cedCcQy"}],"_spriteFrame":{"__uuid__":"91wpg7uIRI6IpvFkOg5vGQ"}}],"_prefab":{"__type__":"cc.PrefabInfo","root":{"__id__":1},"asset":{"__uuid__":"detwnngQBNibyj3eJaYGR8"},"fileId":"3cLKSPWwpM05IKpd2aGaIl"},"_contentSize":{"__type__":"cc.Size","width":233,"height":130},"_trs":{"__type__":"TypedArray","ctor":"Float64Array","array":[0,12,0,0,0,0,1,1,1,1]}},{"__type__":"cc.Node","_name":"image_xuanz","_parent":{"__id__":41},"_active":false,"_components":[{"__type__":"cc.Sprite","node":{"__id__":43},"_materials":[{"__uuid__":"ecpdLyjvZBwrvm+cedCcQy"}],"_spriteFrame":{"__uuid__":"beQGdcfJBBCorYLEcGel4d"}}],"_prefab":{"__type__":"cc.PrefabInfo","root":{"__id__":1},"asset":{"__uuid__":"detwnngQBNibyj3eJaYGR8"},"fileId":"dbYb1liO5EKZJNHpxxA090"},"_contentSize":{"__type__":"cc.Size","width":45,"height":45},"_trs":{"__type__":"TypedArray","ctor":"Float64Array","array":[0,4,0,0,0,0,1,1,1,1]}},{"__type__":"cc.Node","_name":"Unlock","_parent":{"__id__":33},"_children":[{"__id__":45},{"__id__":46}],"_prefab":{"__type__":"cc.PrefabInfo","root":{"__id__":1},"asset":{"__uuid__":"detwnngQBNibyj3eJaYGR8"},"fileId":"340u9PyRRK5o5LgANIkGp9"},"_trs":{"__type__":"TypedArray","ctor":"Float64Array","array":[0,0,0,0,0,0,1,1,1,1]}},{"__type__":"cc.Node","_name":"image_wqk1","_parent":{"__id__":44},"_components":[{"__type__":"cc.Sprite","node":{"__id__":45},"_materials":[{"__uuid__":"ecpdLyjvZBwrvm+cedCcQy"}],"_spriteFrame":{"__uuid__":"8dFplRGzlFbpDPp+kUnRgF"}}],"_prefab":{"__type__":"cc.PrefabInfo","root":{"__id__":1},"asset":{"__uuid__":"detwnngQBNibyj3eJaYGR8"},"fileId":"68IrOY91tA47rUIJosTtrv"},"_contentSize":{"__type__":"cc.Size","width":233,"height":130},"_trs":{"__type__":"TypedArray","ctor":"Float64Array","array":[0,-79.928,0,0,0,0,1,1,1,1]}},{"__type__":"cc.Node","_name":"New Sprite","_parent":{"__id__":44},"_components":[{"__type__":"cc.Sprite","node":{"__id__":46},"_materials":[{"__uuid__":"ecpdLyjvZBwrvm+cedCcQy"}],"_spriteFrame":{"__uuid__":"94goxCZlNJ9at/5Gr1FV31"}}],"_prefab":{"__type__":"cc.PrefabInfo","root":{"__id__":1},"asset":{"__uuid__":"detwnngQBNibyj3eJaYGR8"},"fileId":"a5Uffq2eBLupG/TIY3EpcL"},"_contentSize":{"__type__":"cc.Size","width":111,"height":29},"_trs":{"__type__":"TypedArray","ctor":"Float64Array","array":[-3,-83,0,0,0,0,1,1,1,1]}},{"__type__":"cc.Node","_name":"SkinItem_3","_parent":{"__id__":4},"_children":[{"__id__":48},{"__id__":49},{"__id__":50},{"__id__":55},{"__id__":58}],"_prefab":{"__type__":"cc.PrefabInfo","root":{"__id__":1},"asset":{"__uuid__":"detwnngQBNibyj3eJaYGR8"},"fileId":"1dUPYu9OVKKomZkmW47FgX"},"_contentSize":{"__type__":"cc.Size","width":215,"height":250},"_trs":{"__type__":"TypedArray","ctor":"Float64Array","array":[-259,74.32,0,0,0,0,1,1,1,1]}},{"__type__":"cc.Node","_name":"Icon","_parent":{"__id__":47},"_components":[{"__type__":"cc.Sprite","node":{"__id__":48},"_materials":[{"__uuid__":"ecpdLyjvZBwrvm+cedCcQy"}],"_spriteFrame":{"__uuid__":"7f0W5MOYVEYZ6/sggUGjxc"}}],"_prefab":{"__type__":"cc.PrefabInfo","root":{"__id__":1},"asset":{"__uuid__":"detwnngQBNibyj3eJaYGR8"},"fileId":"78nnOkGlFJeKGXWGY0jY/E"},"_contentSize":{"__type__":"cc.Size","width":130,"height":82},"_trs":{"__type__":"TypedArray","ctor":"Float64Array","array":[0,0,0,0,0,0,1,1,1,1]}},{"__type__":"cc.Node","_name":"paopao","_parent":{"__id__":47},"_components":[{"__type__":"cc.Sprite","node":{"__id__":49},"_materials":[{"__uuid__":"ecpdLyjvZBwrvm+cedCcQy"}],"_spriteFrame":{"__uuid__":"d63ZyHJqRCHID1TrWSsEyp"},"_sizeMode":2}],"_prefab":{"__type__":"cc.PrefabInfo","root":{"__id__":1},"asset":{"__uuid__":"detwnngQBNibyj3eJaYGR8"},"fileId":"188ZjunbBAJ5NywwvhfJsV"},"_contentSize":{"__type__":"cc.Size","width":172,"height":172},"_trs":{"__type__":"TypedArray","ctor":"Float64Array","array":[0,0,0,0,0,0,1,1,1,1]}},{"__type__":"cc.Node","_name":"Lock","_parent":{"__id__":47},"_children":[{"__id__":51},{"__id__":52},{"__id__":53},{"__id__":54}],"_prefab":{"__type__":"cc.PrefabInfo","root":{"__id__":1},"asset":{"__uuid__":"detwnngQBNibyj3eJaYGR8"},"fileId":"80ZPaSif1HnLpL1H99D/E4"},"_trs":{"__type__":"TypedArray","ctor":"Float64Array","array":[0,0,0,0,0,0,1,1,1,1]}},{"__type__":"cc.Node","_name":"image_wqk0","_parent":{"__id__":50},"_components":[{"__type__":"cc.Sprite","node":{"__id__":51},"_materials":[{"__uuid__":"ecpdLyjvZBwrvm+cedCcQy"}],"_spriteFrame":{"__uuid__":"30ejsUtXBHy5JPuKZHbPYT"}}],"_prefab":{"__type__":"cc.PrefabInfo","root":{"__id__":1},"asset":{"__uuid__":"detwnngQBNibyj3eJaYGR8"},"fileId":"a8b5BO/jtD94Ypl6mKNf+y"},"_contentSize":{"__type__":"cc.Size","width":54,"height":75},"_trs":{"__type__":"TypedArray","ctor":"Float64Array","array":[0,0,0,0,0,0,1,1,1,1]}},{"__type__":"cc.Node","_name":"goldbg","_parent":{"__id__":50},"_components":[{"__type__":"cc.Sprite","node":{"__id__":52},"_materials":[{"__uuid__":"ecpdLyjvZBwrvm+cedCcQy"}],"_spriteFrame":{"__uuid__":"8dFplRGzlFbpDPp+kUnRgF"},"_sizeMode":0}],"_prefab":{"__type__":"cc.PrefabInfo","root":{"__id__":1},"asset":{"__uuid__":"detwnngQBNibyj3eJaYGR8"},"fileId":"2fp0ZbNihIpYAe1j/dN3dW"},"_contentSize":{"__type__":"cc.Size","width":235,"height":132},"_trs":{"__type__":"TypedArray","ctor":"Float64Array","array":[0,-79,0,0,0,0,1,1,1,1]}},{"__type__":"cc.Node","_name":"goldimg","_parent":{"__id__":50},"_components":[{"__type__":"cc.Sprite","node":{"__id__":53},"_materials":[{"__uuid__":"ecpdLyjvZBwrvm+cedCcQy"}],"_spriteFrame":{"__uuid__":"28N6dfXORFeYS0TxW69Itz"},"_sizeMode":0}],"_prefab":{"__type__":"cc.PrefabInfo","root":{"__id__":1},"asset":{"__uuid__":"detwnngQBNibyj3eJaYGR8"},"fileId":"74WAIw4X9Lt6q7SEGuRoFP"},"_contentSize":{"__type__":"cc.Size","width":41,"height":43},"_trs":{"__type__":"TypedArray","ctor":"Float64Array","array":[-65,-84,0,0,0,0,1,1,1,1]}},{"__type__":"cc.Node","_name":"lableGold","_parent":{"__id__":50},"_components":[{"__type__":"cc.Label","node":{"__id__":54},"_materials":[{"__uuid__":"ecpdLyjvZBwrvm+cedCcQy"}],"_useOriginalSize":false,"_string":"300","_N$string":"300","_N$horizontalAlign":1,"_N$verticalAlign":1}],"_prefab":{"__type__":"cc.PrefabInfo","root":{"__id__":1},"asset":{"__uuid__":"detwnngQBNibyj3eJaYGR8"},"fileId":"15k8fEL/FIEL7FqzY/3Mht"},"_contentSize":{"__type__":"cc.Size","width":66.74,"height":50.4},"_trs":{"__type__":"TypedArray","ctor":"Float64Array","array":[0,-82.26,0,0,0,0,1,1,1,1]}},{"__type__":"cc.Node","_name":"Check","_parent":{"__id__":47},"_children":[{"__id__":56},{"__id__":57}],"_prefab":{"__type__":"cc.PrefabInfo","root":{"__id__":1},"asset":{"__uuid__":"detwnngQBNibyj3eJaYGR8"},"fileId":"5eGoi6QuJDDaUOl7Ggmw/E"},"_trs":{"__type__":"TypedArray","ctor":"Float64Array","array":[0,-90,0,0,0,0,1,1,1,1]}},{"__type__":"cc.Node","_name":"image_wqk2","_parent":{"__id__":55},"_components":[{"__type__":"cc.Sprite","node":{"__id__":56},"_materials":[{"__uuid__":"ecpdLyjvZBwrvm+cedCcQy"}],"_spriteFrame":{"__uuid__":"91wpg7uIRI6IpvFkOg5vGQ"}}],"_prefab":{"__type__":"cc.PrefabInfo","root":{"__id__":1},"asset":{"__uuid__":"detwnngQBNibyj3eJaYGR8"},"fileId":"13gwquCy1HF7+hUBfP000f"},"_contentSize":{"__type__":"cc.Size","width":233,"height":130},"_trs":{"__type__":"TypedArray","ctor":"Float64Array","array":[0,12,0,0,0,0,1,1,1,1]}},{"__type__":"cc.Node","_name":"image_xuanz","_parent":{"__id__":55},"_active":false,"_components":[{"__type__":"cc.Sprite","node":{"__id__":57},"_materials":[{"__uuid__":"ecpdLyjvZBwrvm+cedCcQy"}],"_spriteFrame":{"__uuid__":"beQGdcfJBBCorYLEcGel4d"}}],"_prefab":{"__type__":"cc.PrefabInfo","root":{"__id__":1},"asset":{"__uuid__":"detwnngQBNibyj3eJaYGR8"},"fileId":"3atwQi2tZKzK4cFdY4TkRK"},"_contentSize":{"__type__":"cc.Size","width":45,"height":45},"_trs":{"__type__":"TypedArray","ctor":"Float64Array","array":[0,4,0,0,0,0,1,1,1,1]}},{"__type__":"cc.Node","_name":"Unlock","_parent":{"__id__":47},"_children":[{"__id__":59},{"__id__":60}],"_prefab":{"__type__":"cc.PrefabInfo","root":{"__id__":1},"asset":{"__uuid__":"detwnngQBNibyj3eJaYGR8"},"fileId":"bcA7s+TKBG2qAJkpO3AND8"},"_trs":{"__type__":"TypedArray","ctor":"Float64Array","array":[0,0,0,0,0,0,1,1,1,1]}},{"__type__":"cc.Node","_name":"image_wqk1","_parent":{"__id__":58},"_components":[{"__type__":"cc.Sprite","node":{"__id__":59},"_materials":[{"__uuid__":"ecpdLyjvZBwrvm+cedCcQy"}],"_spriteFrame":{"__uuid__":"8dFplRGzlFbpDPp+kUnRgF"}}],"_prefab":{"__type__":"cc.PrefabInfo","root":{"__id__":1},"asset":{"__uuid__":"detwnngQBNibyj3eJaYGR8"},"fileId":"33eNCeGCxNsJAr9doogqeO"},"_contentSize":{"__type__":"cc.Size","width":233,"height":130},"_trs":{"__type__":"TypedArray","ctor":"Float64Array","array":[0,-79.928,0,0,0,0,1,1,1,1]}},{"__type__":"cc.Node","_name":"New Sprite","_parent":{"__id__":58},"_components":[{"__type__":"cc.Sprite","node":{"__id__":60},"_materials":[{"__uuid__":"ecpdLyjvZBwrvm+cedCcQy"}],"_spriteFrame":{"__uuid__":"94goxCZlNJ9at/5Gr1FV31"}}],"_prefab":{"__type__":"cc.PrefabInfo","root":{"__id__":1},"asset":{"__uuid__":"detwnngQBNibyj3eJaYGR8"},"fileId":"076tEoOFJKNo6T5JX1Bnjc"},"_contentSize":{"__type__":"cc.Size","width":111,"height":29},"_trs":{"__type__":"TypedArray","ctor":"Float64Array","array":[-3,-83,0,0,0,0,1,1,1,1]}},{"__type__":"cc.Node","_name":"SkinItem_4","_parent":{"__id__":4},"_children":[{"__id__":62},{"__id__":63},{"__id__":64},{"__id__":69},{"__id__":72}],"_prefab":{"__type__":"cc.PrefabInfo","root":{"__id__":1},"asset":{"__uuid__":"detwnngQBNibyj3eJaYGR8"},"fileId":"e37SBV5YZOo4vrahi6t4bp"},"_contentSize":{"__type__":"cc.Size","width":215,"height":250},"_trs":{"__type__":"TypedArray","ctor":"Float64Array","array":[-4,61.702,0,0,0,0,1,1,1,1]}},{"__type__":"cc.Node","_name":"Icon","_parent":{"__id__":61},"_components":[{"__type__":"cc.Sprite","node":{"__id__":62},"_materials":[{"__uuid__":"ecpdLyjvZBwrvm+cedCcQy"}],"_spriteFrame":{"__uuid__":"abssyWdKRB6bDqFj0VHW6C"}}],"_prefab":{"__type__":"cc.PrefabInfo","root":{"__id__":1},"asset":{"__uuid__":"detwnngQBNibyj3eJaYGR8"},"fileId":"0eSokU24BJfKlnNdjjWQ6f"},"_contentSize":{"__type__":"cc.Size","width":122,"height":87},"_trs":{"__type__":"TypedArray","ctor":"Float64Array","array":[0,0,0,0,0,0,1,1,1,1]}},{"__type__":"cc.Node","_name":"paopao","_parent":{"__id__":61},"_components":[{"__type__":"cc.Sprite","node":{"__id__":63},"_materials":[{"__uuid__":"ecpdLyjvZBwrvm+cedCcQy"}],"_spriteFrame":{"__uuid__":"d63ZyHJqRCHID1TrWSsEyp"},"_sizeMode":2}],"_prefab":{"__type__":"cc.PrefabInfo","root":{"__id__":1},"asset":{"__uuid__":"detwnngQBNibyj3eJaYGR8"},"fileId":"7bFI4TpvtDMb/jF98rolmS"},"_contentSize":{"__type__":"cc.Size","width":172,"height":172},"_trs":{"__type__":"TypedArray","ctor":"Float64Array","array":[0,0,0,0,0,0,1,1,1,1]}},{"__type__":"cc.Node","_name":"Lock","_parent":{"__id__":61},"_children":[{"__id__":65},{"__id__":66},{"__id__":67},{"__id__":68}],"_prefab":{"__type__":"cc.PrefabInfo","root":{"__id__":1},"asset":{"__uuid__":"detwnngQBNibyj3eJaYGR8"},"fileId":"2dpZXPeFRFwK8c96XL6ULa"},"_trs":{"__type__":"TypedArray","ctor":"Float64Array","array":[0,0,0,0,0,0,1,1,1,1]}},{"__type__":"cc.Node","_name":"image_wqk0","_parent":{"__id__":64},"_components":[{"__type__":"cc.Sprite","node":{"__id__":65},"_materials":[{"__uuid__":"ecpdLyjvZBwrvm+cedCcQy"}],"_spriteFrame":{"__uuid__":"30ejsUtXBHy5JPuKZHbPYT"}}],"_prefab":{"__type__":"cc.PrefabInfo","root":{"__id__":1},"asset":{"__uuid__":"detwnngQBNibyj3eJaYGR8"},"fileId":"92qPoQx7hKuZmTyPpmxpao"},"_contentSize":{"__type__":"cc.Size","width":54,"height":75},"_trs":{"__type__":"TypedArray","ctor":"Float64Array","array":[0,0,0,0,0,0,1,1,1,1]}},{"__type__":"cc.Node","_name":"goldbg","_parent":{"__id__":64},"_components":[{"__type__":"cc.Sprite","node":{"__id__":66},"_materials":[{"__uuid__":"ecpdLyjvZBwrvm+cedCcQy"}],"_spriteFrame":{"__uuid__":"8dFplRGzlFbpDPp+kUnRgF"},"_sizeMode":0}],"_prefab":{"__type__":"cc.PrefabInfo","root":{"__id__":1},"asset":{"__uuid__":"detwnngQBNibyj3eJaYGR8"},"fileId":"acfCIKslRPRbmVOOie1yTY"},"_contentSize":{"__type__":"cc.Size","width":235,"height":132},"_trs":{"__type__":"TypedArray","ctor":"Float64Array","array":[0,-79,0,0,0,0,1,1,1,1]}},{"__type__":"cc.Node","_name":"goldimg","_parent":{"__id__":64},"_components":[{"__type__":"cc.Sprite","node":{"__id__":67},"_materials":[{"__uuid__":"ecpdLyjvZBwrvm+cedCcQy"}],"_spriteFrame":{"__uuid__":"28N6dfXORFeYS0TxW69Itz"},"_sizeMode":0}],"_prefab":{"__type__":"cc.PrefabInfo","root":{"__id__":1},"asset":{"__uuid__":"detwnngQBNibyj3eJaYGR8"},"fileId":"77hMNfZRhIKJNydDusApWr"},"_contentSize":{"__type__":"cc.Size","width":41,"height":43},"_trs":{"__type__":"TypedArray","ctor":"Float64Array","array":[-65,-84,0,0,0,0,1,1,1,1]}},{"__type__":"cc.Node","_name":"lableGold","_parent":{"__id__":64},"_components":[{"__type__":"cc.Label","node":{"__id__":68},"_materials":[{"__uuid__":"ecpdLyjvZBwrvm+cedCcQy"}],"_useOriginalSize":false,"_string":"300","_N$string":"300","_N$horizontalAlign":1,"_N$verticalAlign":1}],"_prefab":{"__type__":"cc.PrefabInfo","root":{"__id__":1},"asset":{"__uuid__":"detwnngQBNibyj3eJaYGR8"},"fileId":"28rEkv/NhKTqljgp3WfdhR"},"_contentSize":{"__type__":"cc.Size","width":66.74,"height":50.4},"_trs":{"__type__":"TypedArray","ctor":"Float64Array","array":[0,-82.26,0,0,0,0,1,1,1,1]}},{"__type__":"cc.Node","_name":"Check","_parent":{"__id__":61},"_children":[{"__id__":70},{"__id__":71}],"_prefab":{"__type__":"cc.PrefabInfo","root":{"__id__":1},"asset":{"__uuid__":"detwnngQBNibyj3eJaYGR8"},"fileId":"4eic24xOxKlrGwo8V3VyJQ"},"_trs":{"__type__":"TypedArray","ctor":"Float64Array","array":[0,-90,0,0,0,0,1,1,1,1]}},{"__type__":"cc.Node","_name":"image_wqk2","_parent":{"__id__":69},"_components":[{"__type__":"cc.Sprite","node":{"__id__":70},"_materials":[{"__uuid__":"ecpdLyjvZBwrvm+cedCcQy"}],"_spriteFrame":{"__uuid__":"91wpg7uIRI6IpvFkOg5vGQ"}}],"_prefab":{"__type__":"cc.PrefabInfo","root":{"__id__":1},"asset":{"__uuid__":"detwnngQBNibyj3eJaYGR8"},"fileId":"63Y5Ztv6BG9qeMRmwdrwiJ"},"_contentSize":{"__type__":"cc.Size","width":233,"height":130},"_trs":{"__type__":"TypedArray","ctor":"Float64Array","array":[0,12,0,0,0,0,1,1,1,1]}},{"__type__":"cc.Node","_name":"image_xuanz","_parent":{"__id__":69},"_active":false,"_components":[{"__type__":"cc.Sprite","node":{"__id__":71},"_materials":[{"__uuid__":"ecpdLyjvZBwrvm+cedCcQy"}],"_spriteFrame":{"__uuid__":"beQGdcfJBBCorYLEcGel4d"}}],"_prefab":{"__type__":"cc.PrefabInfo","root":{"__id__":1},"asset":{"__uuid__":"detwnngQBNibyj3eJaYGR8"},"fileId":"36/O8bAqZGkI03imORiH6h"},"_contentSize":{"__type__":"cc.Size","width":45,"height":45},"_trs":{"__type__":"TypedArray","ctor":"Float64Array","array":[0,4,0,0,0,0,1,1,1,1]}},{"__type__":"cc.Node","_name":"Unlock","_parent":{"__id__":61},"_children":[{"__id__":73},{"__id__":74}],"_prefab":{"__type__":"cc.PrefabInfo","root":{"__id__":1},"asset":{"__uuid__":"detwnngQBNibyj3eJaYGR8"},"fileId":"d8FG0dxu5OUb2bDRi5sBcV"},"_trs":{"__type__":"TypedArray","ctor":"Float64Array","array":[0,0,0,0,0,0,1,1,1,1]}},{"__type__":"cc.Node","_name":"image_wqk1","_parent":{"__id__":72},"_components":[{"__type__":"cc.Sprite","node":{"__id__":73},"_materials":[{"__uuid__":"ecpdLyjvZBwrvm+cedCcQy"}],"_spriteFrame":{"__uuid__":"8dFplRGzlFbpDPp+kUnRgF"}}],"_prefab":{"__type__":"cc.PrefabInfo","root":{"__id__":1},"asset":{"__uuid__":"detwnngQBNibyj3eJaYGR8"},"fileId":"7fER1hnKNKEYwNjEyLTfOl"},"_contentSize":{"__type__":"cc.Size","width":233,"height":130},"_trs":{"__type__":"TypedArray","ctor":"Float64Array","array":[0,-79.928,0,0,0,0,1,1,1,1]}},{"__type__":"cc.Node","_name":"New Sprite","_parent":{"__id__":72},"_components":[{"__type__":"cc.Sprite","node":{"__id__":74},"_materials":[{"__uuid__":"ecpdLyjvZBwrvm+cedCcQy"}],"_spriteFrame":{"__uuid__":"94goxCZlNJ9at/5Gr1FV31"}}],"_prefab":{"__type__":"cc.PrefabInfo","root":{"__id__":1},"asset":{"__uuid__":"detwnngQBNibyj3eJaYGR8"},"fileId":"39hkLCZVFKjpMk3OUXTX/n"},"_contentSize":{"__type__":"cc.Size","width":111,"height":29},"_trs":{"__type__":"TypedArray","ctor":"Float64Array","array":[-3,-83,0,0,0,0,1,1,1,1]}},{"__type__":"cc.Node","_name":"SkinItem_5","_parent":{"__id__":4},"_children":[{"__id__":76},{"__id__":77},{"__id__":78},{"__id__":83},{"__id__":86}],"_prefab":{"__type__":"cc.PrefabInfo","root":{"__id__":1},"asset":{"__uuid__":"detwnngQBNibyj3eJaYGR8"},"fileId":"dfs0kcFONPN71xWNOSnN9J"},"_contentSize":{"__type__":"cc.Size","width":215,"height":250},"_trs":{"__type__":"TypedArray","ctor":"Float64Array","array":[252,61.702,0,0,0,0,1,1,1,1]}},{"__type__":"cc.Node","_name":"Icon","_parent":{"__id__":75},"_components":[{"__type__":"cc.Sprite","node":{"__id__":76},"_materials":[{"__uuid__":"ecpdLyjvZBwrvm+cedCcQy"}],"_spriteFrame":{"__uuid__":"dayTyvl/tBFJ6OHnjfFQ3A"}}],"_prefab":{"__type__":"cc.PrefabInfo","root":{"__id__":1},"asset":{"__uuid__":"detwnngQBNibyj3eJaYGR8"},"fileId":"02vXuzydxKX66/pZiTK4Xz"},"_contentSize":{"__type__":"cc.Size","width":122,"height":109},"_trs":{"__type__":"TypedArray","ctor":"Float64Array","array":[0,0,0,0,0,0,1,1,1,1]}},{"__type__":"cc.Node","_name":"paopao","_parent":{"__id__":75},"_components":[{"__type__":"cc.Sprite","node":{"__id__":77},"_materials":[{"__uuid__":"ecpdLyjvZBwrvm+cedCcQy"}],"_spriteFrame":{"__uuid__":"d63ZyHJqRCHID1TrWSsEyp"},"_sizeMode":2}],"_prefab":{"__type__":"cc.PrefabInfo","root":{"__id__":1},"asset":{"__uuid__":"detwnngQBNibyj3eJaYGR8"},"fileId":"4fvpyimqNG9p0YuTj+fP01"},"_contentSize":{"__type__":"cc.Size","width":172,"height":172},"_trs":{"__type__":"TypedArray","ctor":"Float64Array","array":[0,0,0,0,0,0,1,1,1,1]}},{"__type__":"cc.Node","_name":"Lock","_parent":{"__id__":75},"_children":[{"__id__":79},{"__id__":80},{"__id__":81},{"__id__":82}],"_prefab":{"__type__":"cc.PrefabInfo","root":{"__id__":1},"asset":{"__uuid__":"detwnngQBNibyj3eJaYGR8"},"fileId":"48Rt7KuupHkr4+NOx2c3VX"},"_trs":{"__type__":"TypedArray","ctor":"Float64Array","array":[0,0,0,0,0,0,1,1,1,1]}},{"__type__":"cc.Node","_name":"image_wqk0","_parent":{"__id__":78},"_components":[{"__type__":"cc.Sprite","node":{"__id__":79},"_materials":[{"__uuid__":"ecpdLyjvZBwrvm+cedCcQy"}],"_spriteFrame":{"__uuid__":"30ejsUtXBHy5JPuKZHbPYT"}}],"_prefab":{"__type__":"cc.PrefabInfo","root":{"__id__":1},"asset":{"__uuid__":"detwnngQBNibyj3eJaYGR8"},"fileId":"2bpx4A79VEIZ0P7U/snSz6"},"_contentSize":{"__type__":"cc.Size","width":54,"height":75},"_trs":{"__type__":"TypedArray","ctor":"Float64Array","array":[0,0,0,0,0,0,1,1,1,1]}},{"__type__":"cc.Node","_name":"goldbg","_parent":{"__id__":78},"_components":[{"__type__":"cc.Sprite","node":{"__id__":80},"_materials":[{"__uuid__":"ecpdLyjvZBwrvm+cedCcQy"}],"_spriteFrame":{"__uuid__":"8dFplRGzlFbpDPp+kUnRgF"},"_sizeMode":0}],"_prefab":{"__type__":"cc.PrefabInfo","root":{"__id__":1},"asset":{"__uuid__":"detwnngQBNibyj3eJaYGR8"},"fileId":"249pRYnp5AHLQ/j4+qHG9y"},"_contentSize":{"__type__":"cc.Size","width":235,"height":132},"_trs":{"__type__":"TypedArray","ctor":"Float64Array","array":[0,-79,0,0,0,0,1,1,1,1]}},{"__type__":"cc.Node","_name":"goldimg","_parent":{"__id__":78},"_components":[{"__type__":"cc.Sprite","node":{"__id__":81},"_materials":[{"__uuid__":"ecpdLyjvZBwrvm+cedCcQy"}],"_spriteFrame":{"__uuid__":"28N6dfXORFeYS0TxW69Itz"},"_sizeMode":0}],"_prefab":{"__type__":"cc.PrefabInfo","root":{"__id__":1},"asset":{"__uuid__":"detwnngQBNibyj3eJaYGR8"},"fileId":"1c2BTSrDNGPJLCbJjWkCLn"},"_contentSize":{"__type__":"cc.Size","width":41,"height":43},"_trs":{"__type__":"TypedArray","ctor":"Float64Array","array":[-65,-84,0,0,0,0,1,1,1,1]}},{"__type__":"cc.Node","_name":"lableGold","_parent":{"__id__":78},"_components":[{"__type__":"cc.Label","node":{"__id__":82},"_materials":[{"__uuid__":"ecpdLyjvZBwrvm+cedCcQy"}],"_useOriginalSize":false,"_string":"300","_N$string":"300","_N$horizontalAlign":1,"_N$verticalAlign":1}],"_prefab":{"__type__":"cc.PrefabInfo","root":{"__id__":1},"asset":{"__uuid__":"detwnngQBNibyj3eJaYGR8"},"fileId":"90nk5pcpdEvpwxzZbXJhiC"},"_contentSize":{"__type__":"cc.Size","width":66.74,"height":50.4},"_trs":{"__type__":"TypedArray","ctor":"Float64Array","array":[0,-82.26,0,0,0,0,1,1,1,1]}},{"__type__":"cc.Node","_name":"Check","_parent":{"__id__":75},"_children":[{"__id__":84},{"__id__":85}],"_prefab":{"__type__":"cc.PrefabInfo","root":{"__id__":1},"asset":{"__uuid__":"detwnngQBNibyj3eJaYGR8"},"fileId":"7ae64PxutC6YfXFULh9pHj"},"_trs":{"__type__":"TypedArray","ctor":"Float64Array","array":[0,-90,0,0,0,0,1,1,1,1]}},{"__type__":"cc.Node","_name":"image_wqk2","_parent":{"__id__":83},"_components":[{"__type__":"cc.Sprite","node":{"__id__":84},"_materials":[{"__uuid__":"ecpdLyjvZBwrvm+cedCcQy"}],"_spriteFrame":{"__uuid__":"91wpg7uIRI6IpvFkOg5vGQ"}}],"_prefab":{"__type__":"cc.PrefabInfo","root":{"__id__":1},"asset":{"__uuid__":"detwnngQBNibyj3eJaYGR8"},"fileId":"04ffYcet9HA5hpluekJ5wn"},"_contentSize":{"__type__":"cc.Size","width":233,"height":130},"_trs":{"__type__":"TypedArray","ctor":"Float64Array","array":[0,12,0,0,0,0,1,1,1,1]}},{"__type__":"cc.Node","_name":"image_xuanz","_parent":{"__id__":83},"_active":false,"_components":[{"__type__":"cc.Sprite","node":{"__id__":85},"_materials":[{"__uuid__":"ecpdLyjvZBwrvm+cedCcQy"}],"_spriteFrame":{"__uuid__":"beQGdcfJBBCorYLEcGel4d"}}],"_prefab":{"__type__":"cc.PrefabInfo","root":{"__id__":1},"asset":{"__uuid__":"detwnngQBNibyj3eJaYGR8"},"fileId":"b0xkuYjMVDF73Y4ImJBYk3"},"_contentSize":{"__type__":"cc.Size","width":45,"height":45},"_trs":{"__type__":"TypedArray","ctor":"Float64Array","array":[0,4,0,0,0,0,1,1,1,1]}},{"__type__":"cc.Node","_name":"Unlock","_parent":{"__id__":75},"_children":[{"__id__":87},{"__id__":88}],"_prefab":{"__type__":"cc.PrefabInfo","root":{"__id__":1},"asset":{"__uuid__":"detwnngQBNibyj3eJaYGR8"},"fileId":"d2cHsyNNlLuoWOnKhUiukg"},"_trs":{"__type__":"TypedArray","ctor":"Float64Array","array":[0,0,0,0,0,0,1,1,1,1]}},{"__type__":"cc.Node","_name":"image_wqk1","_parent":{"__id__":86},"_components":[{"__type__":"cc.Sprite","node":{"__id__":87},"_materials":[{"__uuid__":"ecpdLyjvZBwrvm+cedCcQy"}],"_spriteFrame":{"__uuid__":"8dFplRGzlFbpDPp+kUnRgF"}}],"_prefab":{"__type__":"cc.PrefabInfo","root":{"__id__":1},"asset":{"__uuid__":"detwnngQBNibyj3eJaYGR8"},"fileId":"8deq1VV4ZOhbxnU90fOcR3"},"_contentSize":{"__type__":"cc.Size","width":233,"height":130},"_trs":{"__type__":"TypedArray","ctor":"Float64Array","array":[0,-79.928,0,0,0,0,1,1,1,1]}},{"__type__":"cc.Node","_name":"New Sprite","_parent":{"__id__":86},"_components":[{"__type__":"cc.Sprite","node":{"__id__":88},"_materials":[{"__uuid__":"ecpdLyjvZBwrvm+cedCcQy"}],"_spriteFrame":{"__uuid__":"94goxCZlNJ9at/5Gr1FV31"}}],"_prefab":{"__type__":"cc.PrefabInfo","root":{"__id__":1},"asset":{"__uuid__":"detwnngQBNibyj3eJaYGR8"},"fileId":"7d5hthgy9E6rZdozRY4OCY"},"_contentSize":{"__type__":"cc.Size","width":111,"height":29},"_trs":{"__type__":"TypedArray","ctor":"Float64Array","array":[-3,-83,0,0,0,0,1,1,1,1]}},{"__type__":"cc.Node","_name":"SkinItem_6","_parent":{"__id__":4},"_children":[{"__id__":90},{"__id__":91},{"__id__":92},{"__id__":97},{"__id__":100}],"_prefab":{"__type__":"cc.PrefabInfo","root":{"__id__":1},"asset":{"__uuid__":"detwnngQBNibyj3eJaYGR8"},"fileId":"0bJAe+WpZGhZji1/1rgIx0"},"_contentSize":{"__type__":"cc.Size","width":215,"height":250},"_trs":{"__type__":"TypedArray","ctor":"Float64Array","array":[-259,-220.605,0,0,0,0,1,1,1,1]}},{"__type__":"cc.Node","_name":"Icon","_parent":{"__id__":89},"_components":[{"__type__":"cc.Sprite","node":{"__id__":90},"_materials":[{"__uuid__":"ecpdLyjvZBwrvm+cedCcQy"}],"_spriteFrame":{"__uuid__":"72khqpPU1PP5+UJsJhMGvH"}}],"_prefab":{"__type__":"cc.PrefabInfo","root":{"__id__":1},"asset":{"__uuid__":"detwnngQBNibyj3eJaYGR8"},"fileId":"1cMXPO6i9LG6f6cj+bdHdb"},"_contentSize":{"__type__":"cc.Size","width":130,"height":81},"_trs":{"__type__":"TypedArray","ctor":"Float64Array","array":[0,0,0,0,0,0,1,1,1,1]}},{"__type__":"cc.Node","_name":"paopao","_parent":{"__id__":89},"_components":[{"__type__":"cc.Sprite","node":{"__id__":91},"_materials":[{"__uuid__":"ecpdLyjvZBwrvm+cedCcQy"}],"_spriteFrame":{"__uuid__":"d63ZyHJqRCHID1TrWSsEyp"},"_sizeMode":2}],"_prefab":{"__type__":"cc.PrefabInfo","root":{"__id__":1},"asset":{"__uuid__":"detwnngQBNibyj3eJaYGR8"},"fileId":"35JbVs/OFKdZieM1L4tYA+"},"_contentSize":{"__type__":"cc.Size","width":172,"height":172},"_trs":{"__type__":"TypedArray","ctor":"Float64Array","array":[0,0,0,0,0,0,1,1,1,1]}},{"__type__":"cc.Node","_name":"Lock","_parent":{"__id__":89},"_children":[{"__id__":93},{"__id__":94},{"__id__":95},{"__id__":96}],"_prefab":{"__type__":"cc.PrefabInfo","root":{"__id__":1},"asset":{"__uuid__":"detwnngQBNibyj3eJaYGR8"},"fileId":"6bMUZxN4FCGYdd/DiR8rAz"},"_trs":{"__type__":"TypedArray","ctor":"Float64Array","array":[0,0,0,0,0,0,1,1,1,1]}},{"__type__":"cc.Node","_name":"image_wqk0","_parent":{"__id__":92},"_components":[{"__type__":"cc.Sprite","node":{"__id__":93},"_materials":[{"__uuid__":"ecpdLyjvZBwrvm+cedCcQy"}],"_spriteFrame":{"__uuid__":"30ejsUtXBHy5JPuKZHbPYT"}}],"_prefab":{"__type__":"cc.PrefabInfo","root":{"__id__":1},"asset":{"__uuid__":"detwnngQBNibyj3eJaYGR8"},"fileId":"dffLEqOZBIMoMauuhSsvwt"},"_contentSize":{"__type__":"cc.Size","width":54,"height":75},"_trs":{"__type__":"TypedArray","ctor":"Float64Array","array":[0,0,0,0,0,0,1,1,1,1]}},{"__type__":"cc.Node","_name":"goldbg","_parent":{"__id__":92},"_components":[{"__type__":"cc.Sprite","node":{"__id__":94},"_materials":[{"__uuid__":"ecpdLyjvZBwrvm+cedCcQy"}],"_spriteFrame":{"__uuid__":"8dFplRGzlFbpDPp+kUnRgF"},"_sizeMode":0}],"_prefab":{"__type__":"cc.PrefabInfo","root":{"__id__":1},"asset":{"__uuid__":"detwnngQBNibyj3eJaYGR8"},"fileId":"20EQJXjcBLfqFJ7WyXtJIl"},"_contentSize":{"__type__":"cc.Size","width":235,"height":132},"_trs":{"__type__":"TypedArray","ctor":"Float64Array","array":[0,-79,0,0,0,0,1,1,1,1]}},{"__type__":"cc.Node","_name":"goldimg","_parent":{"__id__":92},"_components":[{"__type__":"cc.Sprite","node":{"__id__":95},"_materials":[{"__uuid__":"ecpdLyjvZBwrvm+cedCcQy"}],"_spriteFrame":{"__uuid__":"28N6dfXORFeYS0TxW69Itz"},"_sizeMode":0}],"_prefab":{"__type__":"cc.PrefabInfo","root":{"__id__":1},"asset":{"__uuid__":"detwnngQBNibyj3eJaYGR8"},"fileId":"27Ls8Lk1JKpa3th+ZkWm8z"},"_contentSize":{"__type__":"cc.Size","width":41,"height":43},"_trs":{"__type__":"TypedArray","ctor":"Float64Array","array":[-65,-84,0,0,0,0,1,1,1,1]}},{"__type__":"cc.Node","_name":"lableGold","_parent":{"__id__":92},"_components":[{"__type__":"cc.Label","node":{"__id__":96},"_materials":[{"__uuid__":"ecpdLyjvZBwrvm+cedCcQy"}],"_useOriginalSize":false,"_string":"300","_N$string":"300","_N$horizontalAlign":1,"_N$verticalAlign":1}],"_prefab":{"__type__":"cc.PrefabInfo","root":{"__id__":1},"asset":{"__uuid__":"detwnngQBNibyj3eJaYGR8"},"fileId":"79XqiliSRAvLowOr3Nb0X+"},"_contentSize":{"__type__":"cc.Size","width":66.74,"height":50.4},"_trs":{"__type__":"TypedArray","ctor":"Float64Array","array":[0,-82.26,0,0,0,0,1,1,1,1]}},{"__type__":"cc.Node","_name":"Check","_parent":{"__id__":89},"_children":[{"__id__":98},{"__id__":99}],"_prefab":{"__type__":"cc.PrefabInfo","root":{"__id__":1},"asset":{"__uuid__":"detwnngQBNibyj3eJaYGR8"},"fileId":"24N1/7S8dPsaSbEZdRW6fL"},"_trs":{"__type__":"TypedArray","ctor":"Float64Array","array":[0,-90,0,0,0,0,1,1,1,1]}},{"__type__":"cc.Node","_name":"image_wqk2","_parent":{"__id__":97},"_components":[{"__type__":"cc.Sprite","node":{"__id__":98},"_materials":[{"__uuid__":"ecpdLyjvZBwrvm+cedCcQy"}],"_spriteFrame":{"__uuid__":"91wpg7uIRI6IpvFkOg5vGQ"}}],"_prefab":{"__type__":"cc.PrefabInfo","root":{"__id__":1},"asset":{"__uuid__":"detwnngQBNibyj3eJaYGR8"},"fileId":"1e/nSFCntBQbBVXwdEk/5P"},"_contentSize":{"__type__":"cc.Size","width":233,"height":130},"_trs":{"__type__":"TypedArray","ctor":"Float64Array","array":[0,12,0,0,0,0,1,1,1,1]}},{"__type__":"cc.Node","_name":"image_xuanz","_parent":{"__id__":97},"_active":false,"_components":[{"__type__":"cc.Sprite","node":{"__id__":99},"_materials":[{"__uuid__":"ecpdLyjvZBwrvm+cedCcQy"}],"_spriteFrame":{"__uuid__":"beQGdcfJBBCorYLEcGel4d"}}],"_prefab":{"__type__":"cc.PrefabInfo","root":{"__id__":1},"asset":{"__uuid__":"detwnngQBNibyj3eJaYGR8"},"fileId":"c4IS6VIAVNvYXiJronaaj7"},"_contentSize":{"__type__":"cc.Size","width":45,"height":45},"_trs":{"__type__":"TypedArray","ctor":"Float64Array","array":[0,4,0,0,0,0,1,1,1,1]}},{"__type__":"cc.Node","_name":"Unlock","_parent":{"__id__":89},"_children":[{"__id__":101},{"__id__":102}],"_prefab":{"__type__":"cc.PrefabInfo","root":{"__id__":1},"asset":{"__uuid__":"detwnngQBNibyj3eJaYGR8"},"fileId":"01bsRYGDxKu4Wa2ipFkeL7"},"_trs":{"__type__":"TypedArray","ctor":"Float64Array","array":[0,0,0,0,0,0,1,1,1,1]}},{"__type__":"cc.Node","_name":"image_wqk1","_parent":{"__id__":100},"_components":[{"__type__":"cc.Sprite","node":{"__id__":101},"_materials":[{"__uuid__":"ecpdLyjvZBwrvm+cedCcQy"}],"_spriteFrame":{"__uuid__":"8dFplRGzlFbpDPp+kUnRgF"}}],"_prefab":{"__type__":"cc.PrefabInfo","root":{"__id__":1},"asset":{"__uuid__":"detwnngQBNibyj3eJaYGR8"},"fileId":"65QkO/9DFLCq1Tg5thzhlI"},"_contentSize":{"__type__":"cc.Size","width":233,"height":130},"_trs":{"__type__":"TypedArray","ctor":"Float64Array","array":[0,-79.928,0,0,0,0,1,1,1,1]}},{"__type__":"cc.Node","_name":"New Sprite","_parent":{"__id__":100},"_components":[{"__type__":"cc.Sprite","node":{"__id__":102},"_materials":[{"__uuid__":"ecpdLyjvZBwrvm+cedCcQy"}],"_spriteFrame":{"__uuid__":"94goxCZlNJ9at/5Gr1FV31"}}],"_prefab":{"__type__":"cc.PrefabInfo","root":{"__id__":1},"asset":{"__uuid__":"detwnngQBNibyj3eJaYGR8"},"fileId":"d8wDvgRcZOCJhh7AlnG9dO"},"_contentSize":{"__type__":"cc.Size","width":111,"height":29},"_trs":{"__type__":"TypedArray","ctor":"Float64Array","array":[-3,-83,0,0,0,0,1,1,1,1]}},{"__type__":"cc.Node","_name":"SkinItem_7","_parent":{"__id__":4},"_children":[{"__id__":104},{"__id__":105},{"__id__":106},{"__id__":111},{"__id__":114}],"_prefab":{"__type__":"cc.PrefabInfo","root":{"__id__":1},"asset":{"__uuid__":"detwnngQBNibyj3eJaYGR8"},"fileId":"deqyeJ7UZC45eYh9RCalkQ"},"_contentSize":{"__type__":"cc.Size","width":215,"height":250},"_trs":{"__type__":"TypedArray","ctor":"Float64Array","array":[-4,-220.605,0,0,0,0,1,1,1,1]}},{"__type__":"cc.Node","_name":"Icon","_parent":{"__id__":103},"_components":[{"__type__":"cc.Sprite","node":{"__id__":104},"_materials":[{"__uuid__":"ecpdLyjvZBwrvm+cedCcQy"}],"_spriteFrame":{"__uuid__":"b1brV+HdRNyoon/TlMqXcb"}}],"_prefab":{"__type__":"cc.PrefabInfo","root":{"__id__":1},"asset":{"__uuid__":"detwnngQBNibyj3eJaYGR8"},"fileId":"63AC/ZMX9DAp0fVZHDU7PJ"},"_contentSize":{"__type__":"cc.Size","width":132,"height":85},"_trs":{"__type__":"TypedArray","ctor":"Float64Array","array":[0,0,0,0,0,0,1,1,1,1]}},{"__type__":"cc.Node","_name":"paopao","_parent":{"__id__":103},"_components":[{"__type__":"cc.Sprite","node":{"__id__":105},"_materials":[{"__uuid__":"ecpdLyjvZBwrvm+cedCcQy"}],"_spriteFrame":{"__uuid__":"d63ZyHJqRCHID1TrWSsEyp"},"_sizeMode":2}],"_prefab":{"__type__":"cc.PrefabInfo","root":{"__id__":1},"asset":{"__uuid__":"detwnngQBNibyj3eJaYGR8"},"fileId":"5coYNEVvZA7IBEAGaVas0c"},"_contentSize":{"__type__":"cc.Size","width":172,"height":172},"_trs":{"__type__":"TypedArray","ctor":"Float64Array","array":[0,0,0,0,0,0,1,1,1,1]}},{"__type__":"cc.Node","_name":"Lock","_parent":{"__id__":103},"_children":[{"__id__":107},{"__id__":108},{"__id__":109},{"__id__":110}],"_prefab":{"__type__":"cc.PrefabInfo","root":{"__id__":1},"asset":{"__uuid__":"detwnngQBNibyj3eJaYGR8"},"fileId":"4cHv+/yShIuKL49D0MKkys"},"_trs":{"__type__":"TypedArray","ctor":"Float64Array","array":[0,0,0,0,0,0,1,1,1,1]}},{"__type__":"cc.Node","_name":"image_wqk0","_parent":{"__id__":106},"_components":[{"__type__":"cc.Sprite","node":{"__id__":107},"_materials":[{"__uuid__":"ecpdLyjvZBwrvm+cedCcQy"}],"_spriteFrame":{"__uuid__":"30ejsUtXBHy5JPuKZHbPYT"}}],"_prefab":{"__type__":"cc.PrefabInfo","root":{"__id__":1},"asset":{"__uuid__":"detwnngQBNibyj3eJaYGR8"},"fileId":"17PumBPM5NWZAxLrV9IGI9"},"_contentSize":{"__type__":"cc.Size","width":54,"height":75},"_trs":{"__type__":"TypedArray","ctor":"Float64Array","array":[0,0,0,0,0,0,1,1,1,1]}},{"__type__":"cc.Node","_name":"goldbg","_parent":{"__id__":106},"_components":[{"__type__":"cc.Sprite","node":{"__id__":108},"_materials":[{"__uuid__":"ecpdLyjvZBwrvm+cedCcQy"}],"_spriteFrame":{"__uuid__":"8dFplRGzlFbpDPp+kUnRgF"},"_sizeMode":0}],"_prefab":{"__type__":"cc.PrefabInfo","root":{"__id__":1},"asset":{"__uuid__":"detwnngQBNibyj3eJaYGR8"},"fileId":"4b487Zy29N+LQvO9LeAuyX"},"_contentSize":{"__type__":"cc.Size","width":235,"height":132},"_trs":{"__type__":"TypedArray","ctor":"Float64Array","array":[0,-79,0,0,0,0,1,1,1,1]}},{"__type__":"cc.Node","_name":"goldimg","_parent":{"__id__":106},"_components":[{"__type__":"cc.Sprite","node":{"__id__":109},"_materials":[{"__uuid__":"ecpdLyjvZBwrvm+cedCcQy"}],"_spriteFrame":{"__uuid__":"28N6dfXORFeYS0TxW69Itz"},"_sizeMode":0}],"_prefab":{"__type__":"cc.PrefabInfo","root":{"__id__":1},"asset":{"__uuid__":"detwnngQBNibyj3eJaYGR8"},"fileId":"80WaILpihKLqbyM3eL6jmw"},"_contentSize":{"__type__":"cc.Size","width":41,"height":43},"_trs":{"__type__":"TypedArray","ctor":"Float64Array","array":[-65,-84,0,0,0,0,1,1,1,1]}},{"__type__":"cc.Node","_name":"lableGold","_parent":{"__id__":106},"_components":[{"__type__":"cc.Label","node":{"__id__":110},"_materials":[{"__uuid__":"ecpdLyjvZBwrvm+cedCcQy"}],"_useOriginalSize":false,"_string":"300","_N$string":"300","_N$horizontalAlign":1,"_N$verticalAlign":1}],"_prefab":{"__type__":"cc.PrefabInfo","root":{"__id__":1},"asset":{"__uuid__":"detwnngQBNibyj3eJaYGR8"},"fileId":"fdfaoQrWVLNYn1p6cbIQ6H"},"_contentSize":{"__type__":"cc.Size","width":66.74,"height":50.4},"_trs":{"__type__":"TypedArray","ctor":"Float64Array","array":[0,-82.26,0,0,0,0,1,1,1,1]}},{"__type__":"cc.Node","_name":"Check","_parent":{"__id__":103},"_children":[{"__id__":112},{"__id__":113}],"_prefab":{"__type__":"cc.PrefabInfo","root":{"__id__":1},"asset":{"__uuid__":"detwnngQBNibyj3eJaYGR8"},"fileId":"6b5lJUK8tJrrivSu/NDes/"},"_trs":{"__type__":"TypedArray","ctor":"Float64Array","array":[0,-90,0,0,0,0,1,1,1,1]}},{"__type__":"cc.Node","_name":"image_wqk2","_parent":{"__id__":111},"_components":[{"__type__":"cc.Sprite","node":{"__id__":112},"_materials":[{"__uuid__":"ecpdLyjvZBwrvm+cedCcQy"}],"_spriteFrame":{"__uuid__":"91wpg7uIRI6IpvFkOg5vGQ"}}],"_prefab":{"__type__":"cc.PrefabInfo","root":{"__id__":1},"asset":{"__uuid__":"detwnngQBNibyj3eJaYGR8"},"fileId":"17bk8u6YNPn41qUI4CjYDe"},"_contentSize":{"__type__":"cc.Size","width":233,"height":130},"_trs":{"__type__":"TypedArray","ctor":"Float64Array","array":[0,12,0,0,0,0,1,1,1,1]}},{"__type__":"cc.Node","_name":"image_xuanz","_parent":{"__id__":111},"_active":false,"_components":[{"__type__":"cc.Sprite","node":{"__id__":113},"_materials":[{"__uuid__":"ecpdLyjvZBwrvm+cedCcQy"}],"_spriteFrame":{"__uuid__":"beQGdcfJBBCorYLEcGel4d"}}],"_prefab":{"__type__":"cc.PrefabInfo","root":{"__id__":1},"asset":{"__uuid__":"detwnngQBNibyj3eJaYGR8"},"fileId":"47SRrhSEJHrq2O/0tX9c8I"},"_contentSize":{"__type__":"cc.Size","width":45,"height":45},"_trs":{"__type__":"TypedArray","ctor":"Float64Array","array":[0,4,0,0,0,0,1,1,1,1]}},{"__type__":"cc.Node","_name":"Unlock","_parent":{"__id__":103},"_children":[{"__id__":115},{"__id__":116}],"_prefab":{"__type__":"cc.PrefabInfo","root":{"__id__":1},"asset":{"__uuid__":"detwnngQBNibyj3eJaYGR8"},"fileId":"afaSDIGrJIhrt/rhQviBxK"},"_trs":{"__type__":"TypedArray","ctor":"Float64Array","array":[0,0,0,0,0,0,1,1,1,1]}},{"__type__":"cc.Node","_name":"image_wqk1","_parent":{"__id__":114},"_components":[{"__type__":"cc.Sprite","node":{"__id__":115},"_materials":[{"__uuid__":"ecpdLyjvZBwrvm+cedCcQy"}],"_spriteFrame":{"__uuid__":"8dFplRGzlFbpDPp+kUnRgF"}}],"_prefab":{"__type__":"cc.PrefabInfo","root":{"__id__":1},"asset":{"__uuid__":"detwnngQBNibyj3eJaYGR8"},"fileId":"52UxTF+wFL47LOFB/st25C"},"_contentSize":{"__type__":"cc.Size","width":233,"height":130},"_trs":{"__type__":"TypedArray","ctor":"Float64Array","array":[0,-79.928,0,0,0,0,1,1,1,1]}},{"__type__":"cc.Node","_name":"New Sprite","_parent":{"__id__":114},"_components":[{"__type__":"cc.Sprite","node":{"__id__":116},"_materials":[{"__uuid__":"ecpdLyjvZBwrvm+cedCcQy"}],"_spriteFrame":{"__uuid__":"94goxCZlNJ9at/5Gr1FV31"}}],"_prefab":{"__type__":"cc.PrefabInfo","root":{"__id__":1},"asset":{"__uuid__":"detwnngQBNibyj3eJaYGR8"},"fileId":"d2bDmV0bJCTquLsUvuaQlT"},"_contentSize":{"__type__":"cc.Size","width":111,"height":29},"_trs":{"__type__":"TypedArray","ctor":"Float64Array","array":[-3,-83,0,0,0,0,1,1,1,1]}},{"__type__":"cc.Node","_name":"SkinItem_8","_parent":{"__id__":4},"_children":[{"__id__":118},{"__id__":119},{"__id__":120},{"__id__":125},{"__id__":128}],"_prefab":{"__type__":"cc.PrefabInfo","root":{"__id__":1},"asset":{"__uuid__":"detwnngQBNibyj3eJaYGR8"},"fileId":"f4ZDvJHfBNmqHFDTs/Vipe"},"_contentSize":{"__type__":"cc.Size","width":215,"height":250},"_trs":{"__type__":"TypedArray","ctor":"Float64Array","array":[252,-220.605,0,0,0,0,1,1,1,1]}},{"__type__":"cc.Node","_name":"Icon","_parent":{"__id__":117},"_components":[{"__type__":"cc.Sprite","node":{"__id__":118},"_materials":[{"__uuid__":"ecpdLyjvZBwrvm+cedCcQy"}],"_spriteFrame":{"__uuid__":"c69Q+gryJF6rJOO+RRlSRT"}}],"_prefab":{"__type__":"cc.PrefabInfo","root":{"__id__":1},"asset":{"__uuid__":"detwnngQBNibyj3eJaYGR8"},"fileId":"faemhQkL5HS7+X0gvqpI+O"},"_contentSize":{"__type__":"cc.Size","width":133,"height":78},"_trs":{"__type__":"TypedArray","ctor":"Float64Array","array":[0,0,0,0,0,0,1,1,1,1]}},{"__type__":"cc.Node","_name":"paopao","_parent":{"__id__":117},"_components":[{"__type__":"cc.Sprite","node":{"__id__":119},"_materials":[{"__uuid__":"ecpdLyjvZBwrvm+cedCcQy"}],"_spriteFrame":{"__uuid__":"d63ZyHJqRCHID1TrWSsEyp"},"_sizeMode":2}],"_prefab":{"__type__":"cc.PrefabInfo","root":{"__id__":1},"asset":{"__uuid__":"detwnngQBNibyj3eJaYGR8"},"fileId":"50iUxPSf5AWaqVFkA0r8Cw"},"_contentSize":{"__type__":"cc.Size","width":172,"height":172},"_trs":{"__type__":"TypedArray","ctor":"Float64Array","array":[0,0,0,0,0,0,1,1,1,1]}},{"__type__":"cc.Node","_name":"Lock","_parent":{"__id__":117},"_children":[{"__id__":121},{"__id__":122},{"__id__":123},{"__id__":124}],"_prefab":{"__type__":"cc.PrefabInfo","root":{"__id__":1},"asset":{"__uuid__":"detwnngQBNibyj3eJaYGR8"},"fileId":"d24s0N4lRDHKDaLHubfo9j"},"_trs":{"__type__":"TypedArray","ctor":"Float64Array","array":[0,0,0,0,0,0,1,1,1,1]}},{"__type__":"cc.Node","_name":"image_wqk0","_parent":{"__id__":120},"_components":[{"__type__":"cc.Sprite","node":{"__id__":121},"_materials":[{"__uuid__":"ecpdLyjvZBwrvm+cedCcQy"}],"_spriteFrame":{"__uuid__":"30ejsUtXBHy5JPuKZHbPYT"}}],"_prefab":{"__type__":"cc.PrefabInfo","root":{"__id__":1},"asset":{"__uuid__":"detwnngQBNibyj3eJaYGR8"},"fileId":"6cSPHojxxDn4ex2X500fRO"},"_contentSize":{"__type__":"cc.Size","width":54,"height":75},"_trs":{"__type__":"TypedArray","ctor":"Float64Array","array":[0,0,0,0,0,0,1,1,1,1]}},{"__type__":"cc.Node","_name":"goldbg","_parent":{"__id__":120},"_components":[{"__type__":"cc.Sprite","node":{"__id__":122},"_materials":[{"__uuid__":"ecpdLyjvZBwrvm+cedCcQy"}],"_spriteFrame":{"__uuid__":"8dFplRGzlFbpDPp+kUnRgF"},"_sizeMode":0}],"_prefab":{"__type__":"cc.PrefabInfo","root":{"__id__":1},"asset":{"__uuid__":"detwnngQBNibyj3eJaYGR8"},"fileId":"48X3kRRVpCz5Ds4j3YIfea"},"_contentSize":{"__type__":"cc.Size","width":235,"height":132},"_trs":{"__type__":"TypedArray","ctor":"Float64Array","array":[0,-79,0,0,0,0,1,1,1,1]}},{"__type__":"cc.Node","_name":"goldimg","_parent":{"__id__":120},"_components":[{"__type__":"cc.Sprite","node":{"__id__":123},"_materials":[{"__uuid__":"ecpdLyjvZBwrvm+cedCcQy"}],"_spriteFrame":{"__uuid__":"28N6dfXORFeYS0TxW69Itz"},"_sizeMode":0}],"_prefab":{"__type__":"cc.PrefabInfo","root":{"__id__":1},"asset":{"__uuid__":"detwnngQBNibyj3eJaYGR8"},"fileId":"a3XxGhTK5D8KGGcmPwoquo"},"_contentSize":{"__type__":"cc.Size","width":41,"height":43},"_trs":{"__type__":"TypedArray","ctor":"Float64Array","array":[-65,-84,0,0,0,0,1,1,1,1]}},{"__type__":"cc.Node","_name":"lableGold","_parent":{"__id__":120},"_components":[{"__type__":"cc.Label","node":{"__id__":124},"_materials":[{"__uuid__":"ecpdLyjvZBwrvm+cedCcQy"}],"_useOriginalSize":false,"_string":"300","_N$string":"300","_N$horizontalAlign":1,"_N$verticalAlign":1}],"_prefab":{"__type__":"cc.PrefabInfo","root":{"__id__":1},"asset":{"__uuid__":"detwnngQBNibyj3eJaYGR8"},"fileId":"bfHJKYthlLGZA2Jl4fYJuG"},"_contentSize":{"__type__":"cc.Size","width":66.74,"height":50.4},"_trs":{"__type__":"TypedArray","ctor":"Float64Array","array":[0,-82.26,0,0,0,0,1,1,1,1]}},{"__type__":"cc.Node","_name":"Check","_parent":{"__id__":117},"_children":[{"__id__":126},{"__id__":127}],"_prefab":{"__type__":"cc.PrefabInfo","root":{"__id__":1},"asset":{"__uuid__":"detwnngQBNibyj3eJaYGR8"},"fileId":"cazDs9W/1IWYBPI2qmYPl1"},"_trs":{"__type__":"TypedArray","ctor":"Float64Array","array":[0,-90,0,0,0,0,1,1,1,1]}},{"__type__":"cc.Node","_name":"image_wqk2","_parent":{"__id__":125},"_components":[{"__type__":"cc.Sprite","node":{"__id__":126},"_materials":[{"__uuid__":"ecpdLyjvZBwrvm+cedCcQy"}],"_spriteFrame":{"__uuid__":"91wpg7uIRI6IpvFkOg5vGQ"}}],"_prefab":{"__type__":"cc.PrefabInfo","root":{"__id__":1},"asset":{"__uuid__":"detwnngQBNibyj3eJaYGR8"},"fileId":"afBpIhc1xH9Yxf7ePk7QiU"},"_contentSize":{"__type__":"cc.Size","width":233,"height":130},"_trs":{"__type__":"TypedArray","ctor":"Float64Array","array":[0,12,0,0,0,0,1,1,1,1]}},{"__type__":"cc.Node","_name":"image_xuanz","_parent":{"__id__":125},"_active":false,"_components":[{"__type__":"cc.Sprite","node":{"__id__":127},"_materials":[{"__uuid__":"ecpdLyjvZBwrvm+cedCcQy"}],"_spriteFrame":{"__uuid__":"beQGdcfJBBCorYLEcGel4d"}}],"_prefab":{"__type__":"cc.PrefabInfo","root":{"__id__":1},"asset":{"__uuid__":"detwnngQBNibyj3eJaYGR8"},"fileId":"d7ip8wwqpPZJANdFoSmoFw"},"_contentSize":{"__type__":"cc.Size","width":45,"height":45},"_trs":{"__type__":"TypedArray","ctor":"Float64Array","array":[0,4,0,0,0,0,1,1,1,1]}},{"__type__":"cc.Node","_name":"Unlock","_parent":{"__id__":117},"_children":[{"__id__":129},{"__id__":130}],"_prefab":{"__type__":"cc.PrefabInfo","root":{"__id__":1},"asset":{"__uuid__":"detwnngQBNibyj3eJaYGR8"},"fileId":"b4GH0e/zRAjr/q4o/ApmsS"},"_trs":{"__type__":"TypedArray","ctor":"Float64Array","array":[0,0,0,0,0,0,1,1,1,1]}},{"__type__":"cc.Node","_name":"image_wqk1","_parent":{"__id__":128},"_components":[{"__type__":"cc.Sprite","node":{"__id__":129},"_materials":[{"__uuid__":"ecpdLyjvZBwrvm+cedCcQy"}],"_spriteFrame":{"__uuid__":"8dFplRGzlFbpDPp+kUnRgF"}}],"_prefab":{"__type__":"cc.PrefabInfo","root":{"__id__":1},"asset":{"__uuid__":"detwnngQBNibyj3eJaYGR8"},"fileId":"ed2pVzajtK1bso8OlMkepY"},"_contentSize":{"__type__":"cc.Size","width":233,"height":130},"_trs":{"__type__":"TypedArray","ctor":"Float64Array","array":[0,-79.928,0,0,0,0,1,1,1,1]}},{"__type__":"cc.Node","_name":"New Sprite","_parent":{"__id__":128},"_components":[{"__type__":"cc.Sprite","node":{"__id__":130},"_materials":[{"__uuid__":"ecpdLyjvZBwrvm+cedCcQy"}],"_spriteFrame":{"__uuid__":"94goxCZlNJ9at/5Gr1FV31"}}],"_prefab":{"__type__":"cc.PrefabInfo","root":{"__id__":1},"asset":{"__uuid__":"detwnngQBNibyj3eJaYGR8"},"fileId":"79JU32URVNLYHV8NeYh6gf"},"_contentSize":{"__type__":"cc.Size","width":111,"height":29},"_trs":{"__type__":"TypedArray","ctor":"Float64Array","array":[-3,-83,0,0,0,0,1,1,1,1]}},{"__type__":"cc.Node","_name":"SkinItem_9","_parent":{"__id__":4},"_children":[{"__id__":132},{"__id__":133},{"__id__":134},{"__id__":139},{"__id__":142}],"_prefab":{"__type__":"cc.PrefabInfo","root":{"__id__":1},"asset":{"__uuid__":"detwnngQBNibyj3eJaYGR8"},"fileId":"7eKdO+46BKK4DKhEV1CgCj"},"_contentSize":{"__type__":"cc.Size","width":215,"height":250},"_trs":{"__type__":"TypedArray","ctor":"Float64Array","array":[-259,-487.074,0,0,0,0,1,1,1,1]}},{"__type__":"cc.Node","_name":"Icon","_parent":{"__id__":131},"_components":[{"__type__":"cc.Sprite","node":{"__id__":132},"_materials":[{"__uuid__":"ecpdLyjvZBwrvm+cedCcQy"}],"_spriteFrame":{"__uuid__":"66oNqnrXFK4It0a3VQHlxy"}}],"_prefab":{"__type__":"cc.PrefabInfo","root":{"__id__":1},"asset":{"__uuid__":"detwnngQBNibyj3eJaYGR8"},"fileId":"1eerhcQPJHboC0hCDFGAO9"},"_contentSize":{"__type__":"cc.Size","width":143,"height":119},"_trs":{"__type__":"TypedArray","ctor":"Float64Array","array":[0,0,0,0,0,0,1,1,1,1]}},{"__type__":"cc.Node","_name":"paopao","_parent":{"__id__":131},"_components":[{"__type__":"cc.Sprite","node":{"__id__":133},"_materials":[{"__uuid__":"ecpdLyjvZBwrvm+cedCcQy"}],"_spriteFrame":{"__uuid__":"d63ZyHJqRCHID1TrWSsEyp"},"_sizeMode":2}],"_prefab":{"__type__":"cc.PrefabInfo","root":{"__id__":1},"asset":{"__uuid__":"detwnngQBNibyj3eJaYGR8"},"fileId":"5aT2d+TTxBGIweHb/qL/92"},"_contentSize":{"__type__":"cc.Size","width":172,"height":172},"_trs":{"__type__":"TypedArray","ctor":"Float64Array","array":[0,0,0,0,0,0,1,1,1,1]}},{"__type__":"cc.Node","_name":"Lock","_parent":{"__id__":131},"_children":[{"__id__":135},{"__id__":136},{"__id__":137},{"__id__":138}],"_prefab":{"__type__":"cc.PrefabInfo","root":{"__id__":1},"asset":{"__uuid__":"detwnngQBNibyj3eJaYGR8"},"fileId":"2d5Tz1FCVMe5PoY8VpXD4P"},"_trs":{"__type__":"TypedArray","ctor":"Float64Array","array":[0,0,0,0,0,0,1,1,1,1]}},{"__type__":"cc.Node","_name":"image_wqk0","_parent":{"__id__":134},"_components":[{"__type__":"cc.Sprite","node":{"__id__":135},"_materials":[{"__uuid__":"ecpdLyjvZBwrvm+cedCcQy"}],"_spriteFrame":{"__uuid__":"30ejsUtXBHy5JPuKZHbPYT"}}],"_prefab":{"__type__":"cc.PrefabInfo","root":{"__id__":1},"asset":{"__uuid__":"detwnngQBNibyj3eJaYGR8"},"fileId":"8bN9IM6GhFe5QrBtc1JTeD"},"_contentSize":{"__type__":"cc.Size","width":54,"height":75},"_trs":{"__type__":"TypedArray","ctor":"Float64Array","array":[0,0,0,0,0,0,1,1,1,1]}},{"__type__":"cc.Node","_name":"goldbg","_parent":{"__id__":134},"_components":[{"__type__":"cc.Sprite","node":{"__id__":136},"_materials":[{"__uuid__":"ecpdLyjvZBwrvm+cedCcQy"}],"_spriteFrame":{"__uuid__":"8dFplRGzlFbpDPp+kUnRgF"},"_sizeMode":0}],"_prefab":{"__type__":"cc.PrefabInfo","root":{"__id__":1},"asset":{"__uuid__":"detwnngQBNibyj3eJaYGR8"},"fileId":"f76Tl5w2VCFaElNN0loNLt"},"_contentSize":{"__type__":"cc.Size","width":235,"height":132},"_trs":{"__type__":"TypedArray","ctor":"Float64Array","array":[0,-79,0,0,0,0,1,1,1,1]}},{"__type__":"cc.Node","_name":"goldimg","_parent":{"__id__":134},"_components":[{"__type__":"cc.Sprite","node":{"__id__":137},"_materials":[{"__uuid__":"ecpdLyjvZBwrvm+cedCcQy"}],"_spriteFrame":{"__uuid__":"28N6dfXORFeYS0TxW69Itz"},"_sizeMode":0}],"_prefab":{"__type__":"cc.PrefabInfo","root":{"__id__":1},"asset":{"__uuid__":"detwnngQBNibyj3eJaYGR8"},"fileId":"547n6b5SZOXYC869Zf2J7O"},"_contentSize":{"__type__":"cc.Size","width":41,"height":43},"_trs":{"__type__":"TypedArray","ctor":"Float64Array","array":[-65,-84,0,0,0,0,1,1,1,1]}},{"__type__":"cc.Node","_name":"lableGold","_parent":{"__id__":134},"_components":[{"__type__":"cc.Label","node":{"__id__":138},"_materials":[{"__uuid__":"ecpdLyjvZBwrvm+cedCcQy"}],"_useOriginalSize":false,"_string":"300","_N$string":"300","_N$horizontalAlign":1,"_N$verticalAlign":1}],"_prefab":{"__type__":"cc.PrefabInfo","root":{"__id__":1},"asset":{"__uuid__":"detwnngQBNibyj3eJaYGR8"},"fileId":"b5OHyd6YlCY5h7axZ0pbdn"},"_contentSize":{"__type__":"cc.Size","width":66.74,"height":50.4},"_trs":{"__type__":"TypedArray","ctor":"Float64Array","array":[0,-82.26,0,0,0,0,1,1,1,1]}},{"__type__":"cc.Node","_name":"Check","_parent":{"__id__":131},"_children":[{"__id__":140},{"__id__":141}],"_prefab":{"__type__":"cc.PrefabInfo","root":{"__id__":1},"asset":{"__uuid__":"detwnngQBNibyj3eJaYGR8"},"fileId":"b4HiASlkVN0J95cugEdzmV"},"_trs":{"__type__":"TypedArray","ctor":"Float64Array","array":[0,-90,0,0,0,0,1,1,1,1]}},{"__type__":"cc.Node","_name":"image_wqk2","_parent":{"__id__":139},"_components":[{"__type__":"cc.Sprite","node":{"__id__":140},"_materials":[{"__uuid__":"ecpdLyjvZBwrvm+cedCcQy"}],"_spriteFrame":{"__uuid__":"91wpg7uIRI6IpvFkOg5vGQ"}}],"_prefab":{"__type__":"cc.PrefabInfo","root":{"__id__":1},"asset":{"__uuid__":"detwnngQBNibyj3eJaYGR8"},"fileId":"2ejC62r2xEl44nVXiid+c6"},"_contentSize":{"__type__":"cc.Size","width":233,"height":130},"_trs":{"__type__":"TypedArray","ctor":"Float64Array","array":[0,12,0,0,0,0,1,1,1,1]}},{"__type__":"cc.Node","_name":"image_xuanz","_parent":{"__id__":139},"_active":false,"_components":[{"__type__":"cc.Sprite","node":{"__id__":141},"_materials":[{"__uuid__":"ecpdLyjvZBwrvm+cedCcQy"}],"_spriteFrame":{"__uuid__":"beQGdcfJBBCorYLEcGel4d"}}],"_prefab":{"__type__":"cc.PrefabInfo","root":{"__id__":1},"asset":{"__uuid__":"detwnngQBNibyj3eJaYGR8"},"fileId":"7bub1rCsxGsYEniaVeR6qX"},"_contentSize":{"__type__":"cc.Size","width":45,"height":45},"_trs":{"__type__":"TypedArray","ctor":"Float64Array","array":[0,4,0,0,0,0,1,1,1,1]}},{"__type__":"cc.Node","_name":"Unlock","_parent":{"__id__":131},"_children":[{"__id__":143},{"__id__":144}],"_prefab":{"__type__":"cc.PrefabInfo","root":{"__id__":1},"asset":{"__uuid__":"detwnngQBNibyj3eJaYGR8"},"fileId":"7dDS1T3XVCJZDik+unSuqg"},"_trs":{"__type__":"TypedArray","ctor":"Float64Array","array":[0,0,0,0,0,0,1,1,1,1]}},{"__type__":"cc.Node","_name":"image_wqk1","_parent":{"__id__":142},"_components":[{"__type__":"cc.Sprite","node":{"__id__":143},"_materials":[{"__uuid__":"ecpdLyjvZBwrvm+cedCcQy"}],"_spriteFrame":{"__uuid__":"8dFplRGzlFbpDPp+kUnRgF"}}],"_prefab":{"__type__":"cc.PrefabInfo","root":{"__id__":1},"asset":{"__uuid__":"detwnngQBNibyj3eJaYGR8"},"fileId":"03GrY10n9EWJ0Sc8ql7Pks"},"_contentSize":{"__type__":"cc.Size","width":233,"height":130},"_trs":{"__type__":"TypedArray","ctor":"Float64Array","array":[0,-79.928,0,0,0,0,1,1,1,1]}},{"__type__":"cc.Node","_name":"New Sprite","_parent":{"__id__":142},"_components":[{"__type__":"cc.Sprite","node":{"__id__":144},"_materials":[{"__uuid__":"ecpdLyjvZBwrvm+cedCcQy"}],"_spriteFrame":{"__uuid__":"94goxCZlNJ9at/5Gr1FV31"}}],"_prefab":{"__type__":"cc.PrefabInfo","root":{"__id__":1},"asset":{"__uuid__":"detwnngQBNibyj3eJaYGR8"},"fileId":"c2bfzCFIxBy7B243U0oC77"},"_contentSize":{"__type__":"cc.Size","width":111,"height":29},"_trs":{"__type__":"TypedArray","ctor":"Float64Array","array":[-3,-83,0,0,0,0,1,1,1,1]}},{"__type__":"cc.Node","_name":"SkinItem_10","_parent":{"__id__":4},"_children":[{"__id__":146},{"__id__":147},{"__id__":148},{"__id__":153},{"__id__":156}],"_prefab":{"__type__":"cc.PrefabInfo","root":{"__id__":1},"asset":{"__uuid__":"detwnngQBNibyj3eJaYGR8"},"fileId":"8dJQ018ZtCEZES0nb88Akq"},"_contentSize":{"__type__":"cc.Size","width":215,"height":250},"_trs":{"__type__":"TypedArray","ctor":"Float64Array","array":[-4,-487.074,0,0,0,0,1,1,1,1]}},{"__type__":"cc.Node","_name":"Icon","_parent":{"__id__":145},"_components":[{"__type__":"cc.Sprite","node":{"__id__":146},"_materials":[{"__uuid__":"ecpdLyjvZBwrvm+cedCcQy"}],"_spriteFrame":{"__uuid__":"97qMVXhglIUJAWjOi7KXzm"}}],"_prefab":{"__type__":"cc.PrefabInfo","root":{"__id__":1},"asset":{"__uuid__":"detwnngQBNibyj3eJaYGR8"},"fileId":"d9sL0eQjNC+IGEN95PPHQp"},"_contentSize":{"__type__":"cc.Size","width":147,"height":130},"_trs":{"__type__":"TypedArray","ctor":"Float64Array","array":[0,0,0,0,0,0,1,1,1,1]}},{"__type__":"cc.Node","_name":"paopao","_parent":{"__id__":145},"_components":[{"__type__":"cc.Sprite","node":{"__id__":147},"_materials":[{"__uuid__":"ecpdLyjvZBwrvm+cedCcQy"}],"_spriteFrame":{"__uuid__":"d63ZyHJqRCHID1TrWSsEyp"},"_sizeMode":2}],"_prefab":{"__type__":"cc.PrefabInfo","root":{"__id__":1},"asset":{"__uuid__":"detwnngQBNibyj3eJaYGR8"},"fileId":"fe70PaZmZN/pS8XNg+4Q+O"},"_contentSize":{"__type__":"cc.Size","width":172,"height":172},"_trs":{"__type__":"TypedArray","ctor":"Float64Array","array":[0,0,0,0,0,0,1,1,1,1]}},{"__type__":"cc.Node","_name":"Lock","_parent":{"__id__":145},"_children":[{"__id__":149},{"__id__":150},{"__id__":151},{"__id__":152}],"_prefab":{"__type__":"cc.PrefabInfo","root":{"__id__":1},"asset":{"__uuid__":"detwnngQBNibyj3eJaYGR8"},"fileId":"ef0jD6oA1NwL+w9I90YaVB"},"_trs":{"__type__":"TypedArray","ctor":"Float64Array","array":[0,0,0,0,0,0,1,1,1,1]}},{"__type__":"cc.Node","_name":"image_wqk0","_parent":{"__id__":148},"_components":[{"__type__":"cc.Sprite","node":{"__id__":149},"_materials":[{"__uuid__":"ecpdLyjvZBwrvm+cedCcQy"}],"_spriteFrame":{"__uuid__":"30ejsUtXBHy5JPuKZHbPYT"}}],"_prefab":{"__type__":"cc.PrefabInfo","root":{"__id__":1},"asset":{"__uuid__":"detwnngQBNibyj3eJaYGR8"},"fileId":"83UVqs8v1FaJ7Igb7PWdZP"},"_contentSize":{"__type__":"cc.Size","width":54,"height":75},"_trs":{"__type__":"TypedArray","ctor":"Float64Array","array":[0,0,0,0,0,0,1,1,1,1]}},{"__type__":"cc.Node","_name":"goldbg","_parent":{"__id__":148},"_components":[{"__type__":"cc.Sprite","node":{"__id__":150},"_materials":[{"__uuid__":"ecpdLyjvZBwrvm+cedCcQy"}],"_spriteFrame":{"__uuid__":"8dFplRGzlFbpDPp+kUnRgF"},"_sizeMode":0}],"_prefab":{"__type__":"cc.PrefabInfo","root":{"__id__":1},"asset":{"__uuid__":"detwnngQBNibyj3eJaYGR8"},"fileId":"e5YA9BUCRJqaMOzgz5DZaL"},"_contentSize":{"__type__":"cc.Size","width":235,"height":132},"_trs":{"__type__":"TypedArray","ctor":"Float64Array","array":[0,-79,0,0,0,0,1,1,1,1]}},{"__type__":"cc.Node","_name":"goldimg","_parent":{"__id__":148},"_components":[{"__type__":"cc.Sprite","node":{"__id__":151},"_materials":[{"__uuid__":"ecpdLyjvZBwrvm+cedCcQy"}],"_spriteFrame":{"__uuid__":"28N6dfXORFeYS0TxW69Itz"},"_sizeMode":0}],"_prefab":{"__type__":"cc.PrefabInfo","root":{"__id__":1},"asset":{"__uuid__":"detwnngQBNibyj3eJaYGR8"},"fileId":"fc487HzRxNnqoFGBLESJE/"},"_contentSize":{"__type__":"cc.Size","width":41,"height":43},"_trs":{"__type__":"TypedArray","ctor":"Float64Array","array":[-65,-84,0,0,0,0,1,1,1,1]}},{"__type__":"cc.Node","_name":"lableGold","_parent":{"__id__":148},"_components":[{"__type__":"cc.Label","node":{"__id__":152},"_materials":[{"__uuid__":"ecpdLyjvZBwrvm+cedCcQy"}],"_useOriginalSize":false,"_string":"300","_N$string":"300","_N$horizontalAlign":1,"_N$verticalAlign":1}],"_prefab":{"__type__":"cc.PrefabInfo","root":{"__id__":1},"asset":{"__uuid__":"detwnngQBNibyj3eJaYGR8"},"fileId":"05YPmxhTlP0pQLLmyP5l58"},"_contentSize":{"__type__":"cc.Size","width":66.74,"height":50.4},"_trs":{"__type__":"TypedArray","ctor":"Float64Array","array":[0,-82.26,0,0,0,0,1,1,1,1]}},{"__type__":"cc.Node","_name":"Check","_parent":{"__id__":145},"_children":[{"__id__":154},{"__id__":155}],"_prefab":{"__type__":"cc.PrefabInfo","root":{"__id__":1},"asset":{"__uuid__":"detwnngQBNibyj3eJaYGR8"},"fileId":"fc7d2kLnpB5pS8fMUG8AVt"},"_trs":{"__type__":"TypedArray","ctor":"Float64Array","array":[0,-90,0,0,0,0,1,1,1,1]}},{"__type__":"cc.Node","_name":"image_wqk2","_parent":{"__id__":153},"_components":[{"__type__":"cc.Sprite","node":{"__id__":154},"_materials":[{"__uuid__":"ecpdLyjvZBwrvm+cedCcQy"}],"_spriteFrame":{"__uuid__":"91wpg7uIRI6IpvFkOg5vGQ"}}],"_prefab":{"__type__":"cc.PrefabInfo","root":{"__id__":1},"asset":{"__uuid__":"detwnngQBNibyj3eJaYGR8"},"fileId":"26Nok+5+xC/YsnrQsAdzHq"},"_contentSize":{"__type__":"cc.Size","width":233,"height":130},"_trs":{"__type__":"TypedArray","ctor":"Float64Array","array":[0,12,0,0,0,0,1,1,1,1]}},{"__type__":"cc.Node","_name":"image_xuanz","_parent":{"__id__":153},"_active":false,"_components":[{"__type__":"cc.Sprite","node":{"__id__":155},"_materials":[{"__uuid__":"ecpdLyjvZBwrvm+cedCcQy"}],"_spriteFrame":{"__uuid__":"beQGdcfJBBCorYLEcGel4d"}}],"_prefab":{"__type__":"cc.PrefabInfo","root":{"__id__":1},"asset":{"__uuid__":"detwnngQBNibyj3eJaYGR8"},"fileId":"5eu2NPUJRFkpSkaepJeCAe"},"_contentSize":{"__type__":"cc.Size","width":45,"height":45},"_trs":{"__type__":"TypedArray","ctor":"Float64Array","array":[0,4,0,0,0,0,1,1,1,1]}},{"__type__":"cc.Node","_name":"Unlock","_parent":{"__id__":145},"_children":[{"__id__":157},{"__id__":158}],"_prefab":{"__type__":"cc.PrefabInfo","root":{"__id__":1},"asset":{"__uuid__":"detwnngQBNibyj3eJaYGR8"},"fileId":"1fXU0/QwFCDJPMHwXOONQx"},"_trs":{"__type__":"TypedArray","ctor":"Float64Array","array":[0,0,0,0,0,0,1,1,1,1]}},{"__type__":"cc.Node","_name":"image_wqk1","_parent":{"__id__":156},"_components":[{"__type__":"cc.Sprite","node":{"__id__":157},"_materials":[{"__uuid__":"ecpdLyjvZBwrvm+cedCcQy"}],"_spriteFrame":{"__uuid__":"8dFplRGzlFbpDPp+kUnRgF"}}],"_prefab":{"__type__":"cc.PrefabInfo","root":{"__id__":1},"asset":{"__uuid__":"detwnngQBNibyj3eJaYGR8"},"fileId":"86+ZttaxFNxbwJ/kFTXdJE"},"_contentSize":{"__type__":"cc.Size","width":233,"height":130},"_trs":{"__type__":"TypedArray","ctor":"Float64Array","array":[0,-79.928,0,0,0,0,1,1,1,1]}},{"__type__":"cc.Node","_name":"New Sprite","_parent":{"__id__":156},"_components":[{"__type__":"cc.Sprite","node":{"__id__":158},"_materials":[{"__uuid__":"ecpdLyjvZBwrvm+cedCcQy"}],"_spriteFrame":{"__uuid__":"94goxCZlNJ9at/5Gr1FV31"}}],"_prefab":{"__type__":"cc.PrefabInfo","root":{"__id__":1},"asset":{"__uuid__":"detwnngQBNibyj3eJaYGR8"},"fileId":"65dF+ASYpKuI3TISKL5Fxc"},"_contentSize":{"__type__":"cc.Size","width":111,"height":29},"_trs":{"__type__":"TypedArray","ctor":"Float64Array","array":[-3,-83,0,0,0,0,1,1,1,1]}},{"__type__":"cc.Node","_name":"SkinItem_11","_parent":{"__id__":4},"_children":[{"__id__":160},{"__id__":161},{"__id__":162},{"__id__":167},{"__id__":170}],"_prefab":{"__type__":"cc.PrefabInfo","root":{"__id__":1},"asset":{"__uuid__":"detwnngQBNibyj3eJaYGR8"},"fileId":"09dnlNS7JEHZnBoVPeC9ie"},"_contentSize":{"__type__":"cc.Size","width":215,"height":250},"_trs":{"__type__":"TypedArray","ctor":"Float64Array","array":[252,-487.074,0,0,0,0,1,1,1,1]}},{"__type__":"cc.Node","_name":"Icon","_parent":{"__id__":159},"_components":[{"__type__":"cc.Sprite","node":{"__id__":160},"_materials":[{"__uuid__":"ecpdLyjvZBwrvm+cedCcQy"}],"_spriteFrame":{"__uuid__":"62svId+hpKGJO+MZPKyspN"}}],"_prefab":{"__type__":"cc.PrefabInfo","root":{"__id__":1},"asset":{"__uuid__":"detwnngQBNibyj3eJaYGR8"},"fileId":"aaLRhLjBpHypUmQlGWIHHE"},"_contentSize":{"__type__":"cc.Size","width":147,"height":126},"_trs":{"__type__":"TypedArray","ctor":"Float64Array","array":[0,0,0,0,0,0,1,1,1,1]}},{"__type__":"cc.Node","_name":"paopao","_parent":{"__id__":159},"_components":[{"__type__":"cc.Sprite","node":{"__id__":161},"_materials":[{"__uuid__":"ecpdLyjvZBwrvm+cedCcQy"}],"_spriteFrame":{"__uuid__":"d63ZyHJqRCHID1TrWSsEyp"},"_sizeMode":2}],"_prefab":{"__type__":"cc.PrefabInfo","root":{"__id__":1},"asset":{"__uuid__":"detwnngQBNibyj3eJaYGR8"},"fileId":"21+kcRxPxBLqVAlKUoQNlN"},"_contentSize":{"__type__":"cc.Size","width":172,"height":172},"_trs":{"__type__":"TypedArray","ctor":"Float64Array","array":[0,0,0,0,0,0,1,1,1,1]}},{"__type__":"cc.Node","_name":"Lock","_parent":{"__id__":159},"_children":[{"__id__":163},{"__id__":164},{"__id__":165},{"__id__":166}],"_prefab":{"__type__":"cc.PrefabInfo","root":{"__id__":1},"asset":{"__uuid__":"detwnngQBNibyj3eJaYGR8"},"fileId":"d6Od4g4dlBaoPnCdfBiUYv"},"_trs":{"__type__":"TypedArray","ctor":"Float64Array","array":[0,0,0,0,0,0,1,1,1,1]}},{"__type__":"cc.Node","_name":"image_wqk0","_parent":{"__id__":162},"_components":[{"__type__":"cc.Sprite","node":{"__id__":163},"_materials":[{"__uuid__":"ecpdLyjvZBwrvm+cedCcQy"}],"_spriteFrame":{"__uuid__":"30ejsUtXBHy5JPuKZHbPYT"}}],"_prefab":{"__type__":"cc.PrefabInfo","root":{"__id__":1},"asset":{"__uuid__":"detwnngQBNibyj3eJaYGR8"},"fileId":"71zhHtEnRBrI+BOlmYxUhB"},"_contentSize":{"__type__":"cc.Size","width":54,"height":75},"_trs":{"__type__":"TypedArray","ctor":"Float64Array","array":[0,0,0,0,0,0,1,1,1,1]}},{"__type__":"cc.Node","_name":"goldbg","_parent":{"__id__":162},"_components":[{"__type__":"cc.Sprite","node":{"__id__":164},"_materials":[{"__uuid__":"ecpdLyjvZBwrvm+cedCcQy"}],"_spriteFrame":{"__uuid__":"8dFplRGzlFbpDPp+kUnRgF"},"_sizeMode":0}],"_prefab":{"__type__":"cc.PrefabInfo","root":{"__id__":1},"asset":{"__uuid__":"detwnngQBNibyj3eJaYGR8"},"fileId":"20b6Phtc5HD6b3EZ5kwdvo"},"_contentSize":{"__type__":"cc.Size","width":235,"height":132},"_trs":{"__type__":"TypedArray","ctor":"Float64Array","array":[0,-79,0,0,0,0,1,1,1,1]}},{"__type__":"cc.Node","_name":"goldimg","_parent":{"__id__":162},"_components":[{"__type__":"cc.Sprite","node":{"__id__":165},"_materials":[{"__uuid__":"ecpdLyjvZBwrvm+cedCcQy"}],"_spriteFrame":{"__uuid__":"28N6dfXORFeYS0TxW69Itz"},"_sizeMode":0}],"_prefab":{"__type__":"cc.PrefabInfo","root":{"__id__":1},"asset":{"__uuid__":"detwnngQBNibyj3eJaYGR8"},"fileId":"9d+MQA2ARJq6/bqvbky5/+"},"_contentSize":{"__type__":"cc.Size","width":41,"height":43},"_trs":{"__type__":"TypedArray","ctor":"Float64Array","array":[-65,-84,0,0,0,0,1,1,1,1]}},{"__type__":"cc.Node","_name":"lableGold","_parent":{"__id__":162},"_components":[{"__type__":"cc.Label","node":{"__id__":166},"_materials":[{"__uuid__":"ecpdLyjvZBwrvm+cedCcQy"}],"_useOriginalSize":false,"_string":"300","_N$string":"300","_N$horizontalAlign":1,"_N$verticalAlign":1}],"_prefab":{"__type__":"cc.PrefabInfo","root":{"__id__":1},"asset":{"__uuid__":"detwnngQBNibyj3eJaYGR8"},"fileId":"5fWiE4zppAgKQoOknsjPM6"},"_contentSize":{"__type__":"cc.Size","width":66.74,"height":50.4},"_trs":{"__type__":"TypedArray","ctor":"Float64Array","array":[0,-82.26,0,0,0,0,1,1,1,1]}},{"__type__":"cc.Node","_name":"Check","_parent":{"__id__":159},"_children":[{"__id__":168},{"__id__":169}],"_prefab":{"__type__":"cc.PrefabInfo","root":{"__id__":1},"asset":{"__uuid__":"detwnngQBNibyj3eJaYGR8"},"fileId":"aeYQEC6CNHi7EcbS06rck1"},"_trs":{"__type__":"TypedArray","ctor":"Float64Array","array":[0,-90,0,0,0,0,1,1,1,1]}},{"__type__":"cc.Node","_name":"image_wqk2","_parent":{"__id__":167},"_components":[{"__type__":"cc.Sprite","node":{"__id__":168},"_materials":[{"__uuid__":"ecpdLyjvZBwrvm+cedCcQy"}],"_spriteFrame":{"__uuid__":"91wpg7uIRI6IpvFkOg5vGQ"}}],"_prefab":{"__type__":"cc.PrefabInfo","root":{"__id__":1},"asset":{"__uuid__":"detwnngQBNibyj3eJaYGR8"},"fileId":"c9RBEZZepJarmhAm2RKwoU"},"_contentSize":{"__type__":"cc.Size","width":233,"height":130},"_trs":{"__type__":"TypedArray","ctor":"Float64Array","array":[0,12,0,0,0,0,1,1,1,1]}},{"__type__":"cc.Node","_name":"image_xuanz","_parent":{"__id__":167},"_active":false,"_components":[{"__type__":"cc.Sprite","node":{"__id__":169},"_materials":[{"__uuid__":"ecpdLyjvZBwrvm+cedCcQy"}],"_spriteFrame":{"__uuid__":"beQGdcfJBBCorYLEcGel4d"}}],"_prefab":{"__type__":"cc.PrefabInfo","root":{"__id__":1},"asset":{"__uuid__":"detwnngQBNibyj3eJaYGR8"},"fileId":"5074iXvPlIo4tttN5iaMWh"},"_contentSize":{"__type__":"cc.Size","width":45,"height":45},"_trs":{"__type__":"TypedArray","ctor":"Float64Array","array":[0,4,0,0,0,0,1,1,1,1]}},{"__type__":"cc.Node","_name":"Unlock","_parent":{"__id__":159},"_children":[{"__id__":171},{"__id__":172}],"_prefab":{"__type__":"cc.PrefabInfo","root":{"__id__":1},"asset":{"__uuid__":"detwnngQBNibyj3eJaYGR8"},"fileId":"310dOLCU1LoLsWy2ftruWn"},"_trs":{"__type__":"TypedArray","ctor":"Float64Array","array":[0,0,0,0,0,0,1,1,1,1]}},{"__type__":"cc.Node","_name":"image_wqk1","_parent":{"__id__":170},"_components":[{"__type__":"cc.Sprite","node":{"__id__":171},"_materials":[{"__uuid__":"ecpdLyjvZBwrvm+cedCcQy"}],"_spriteFrame":{"__uuid__":"8dFplRGzlFbpDPp+kUnRgF"}}],"_prefab":{"__type__":"cc.PrefabInfo","root":{"__id__":1},"asset":{"__uuid__":"detwnngQBNibyj3eJaYGR8"},"fileId":"33DK2F66RIBKn4dWUK2a0r"},"_contentSize":{"__type__":"cc.Size","width":233,"height":130},"_trs":{"__type__":"TypedArray","ctor":"Float64Array","array":[0,-79.928,0,0,0,0,1,1,1,1]}},{"__type__":"cc.Node","_name":"New Sprite","_parent":{"__id__":170},"_components":[{"__type__":"cc.Sprite","node":{"__id__":172},"_materials":[{"__uuid__":"ecpdLyjvZBwrvm+cedCcQy"}],"_spriteFrame":{"__uuid__":"94goxCZlNJ9at/5Gr1FV31"}}],"_prefab":{"__type__":"cc.PrefabInfo","root":{"__id__":1},"asset":{"__uuid__":"detwnngQBNibyj3eJaYGR8"},"fileId":"a1Z+uyqJZHxLNIsrzer/1D"},"_contentSize":{"__type__":"cc.Size","width":111,"height":29},"_trs":{"__type__":"TypedArray","ctor":"Float64Array","array":[-3,-83,0,0,0,0,1,1,1,1]}},{"__type__":"cc.Node","_name":"CoinLabel","_parent":{"__id__":1},"_children":[{"__id__":174},{"__id__":175},{"__id__":176},{"__id__":177}],"_components":[{"__type__":"cc.Widget","node":{"__id__":173},"_alignFlags":32,"_left":790.929,"_right":46.863999999999976,"_top":120.80700000000002,"_verticalCenter":790.693,"_horizontalCenter":373.636},{"__type__":"96bb6h8GYdOW47cjyMPjHjl","node":{"__id__":173}}],"_prefab":{"__type__":"cc.PrefabInfo","root":{"__id__":1},"asset":{"__uuid__":"detwnngQBNibyj3eJaYGR8"},"fileId":"e2R00sc2VBxbwWyUfR/JOk"},"_contentSize":{"__type__":"cc.Size","width":239,"height":97},"_trs":{"__type__":"TypedArray","ctor":"Float64Array","array":[373.636,705.693,0,0,0,0,1,1,1,1]}},{"__type__":"cc.Node","_name":"frame","_parent":{"__id__":173},"_components":[{"__type__":"cc.Sprite","node":{"__id__":174},"_materials":[{"__uuid__":"ecpdLyjvZBwrvm+cedCcQy"}],"_spriteFrame":{"__uuid__":"cboPgQsHlCL5tMnf5UibRC"}}],"_prefab":{"__type__":"cc.PrefabInfo","root":{"__id__":1},"asset":{"__uuid__":"detwnngQBNibyj3eJaYGR8"},"fileId":"c9Mj9rRw1IBpAeQjFE09nn"},"_contentSize":{"__type__":"cc.Size","width":233,"height":68},"_trs":{"__type__":"TypedArray","ctor":"Float64Array","array":[0,0,0,0,0,0,1,1,1,1]}},{"__type__":"cc.Node","_name":"image_hbzs","_parent":{"__id__":173},"_components":[{"__type__":"cc.Sprite","node":{"__id__":175},"_materials":[{"__uuid__":"ecpdLyjvZBwrvm+cedCcQy"}],"_spriteFrame":{"__uuid__":"25mjYshFBPA5Q9Wt+CI6vU"},"_sizeMode":0}],"_prefab":{"__type__":"cc.PrefabInfo","root":{"__id__":1},"asset":{"__uuid__":"detwnngQBNibyj3eJaYGR8"},"fileId":"f6fHR9FOpESrJnyyLENvsk"},"_contentSize":{"__type__":"cc.Size","width":68,"height":70},"_trs":{"__type__":"TypedArray","ctor":"Float64Array","array":[-105.387,-0.911,0,0,0,0,1,0.8,0.8,1]}},{"__type__":"cc.Node","_name":"Label","_parent":{"__id__":173},"_components":[{"__type__":"cc.Label","node":{"__id__":176},"_materials":[{"__uuid__":"ecpdLyjvZBwrvm+cedCcQy"}],"_useOriginalSize":false,"_string":"66666","_N$string":"66666","_fontSize":45,"_lineHeight":50,"_N$horizontalAlign":1,"_N$verticalAlign":1}],"_prefab":{"__type__":"cc.PrefabInfo","root":{"__id__":1},"asset":{"__uuid__":"detwnngQBNibyj3eJaYGR8"},"fileId":"5ck22PvJVPKp9yc68Qjv4o"},"_contentSize":{"__type__":"cc.Size","width":125.13,"height":63},"_trs":{"__type__":"TypedArray","ctor":"Float64Array","array":[-11.629,1.23,0,0,0,0,1,1,1,1]}},{"__type__":"cc.Node","_name":"addgold","_parent":{"__id__":173},"_components":[{"__type__":"cc.Sprite","node":{"__id__":177},"_materials":[{"__uuid__":"ecpdLyjvZBwrvm+cedCcQy"}],"_spriteFrame":{"__uuid__":"5fAyuotRhM4a78xMSVX5qX"},"_sizeMode":0},{"__type__":"cc.Button","node":{"__id__":177},"_N$transition":3,"transition":3}],"_prefab":{"__type__":"cc.PrefabInfo","root":{"__id__":1},"asset":{"__uuid__":"detwnngQBNibyj3eJaYGR8"},"fileId":"f8eJfYZKFKlI4bI42Ue8Pt"},"_contentSize":{"__type__":"cc.Size","width":86,"height":86},"_trs":{"__type__":"TypedArray","ctor":"Float64Array","array":[104,-10,0,0,0,0,1,1,1,0]}},{"__type__":"cc.Node","_name":"BtnClose","_parent":{"__id__":1},"_children":[{"__id__":179}],"_components":[{"__type__":"cc.Button","node":{"__id__":178},"_normalMaterial":{"__uuid__":"ecpdLyjvZBwrvm+cedCcQy"},"_N$transition":3,"transition":3,"_N$normalColor":{"__type__":"cc.Color","r":230,"g":230,"b":230},"_N$pressedColor":{"__type__":"cc.Color","r":200,"g":200,"b":200},"pressedColor":{"__type__":"cc.Color","r":200,"g":200,"b":200},"_N$disabledColor":{"__type__":"cc.Color","r":120,"g":120,"b":120,"a":200},"_N$pressedSprite":{"__uuid__":"e97GVMl6JHh5Ml5qEDdSGa"},"pressedSprite":{"__uuid__":"e97GVMl6JHh5Ml5qEDdSGa"},"_N$hoverSprite":{"__uuid__":"f0BIwQ8D5Ml7nTNQbh1YlS"},"hoverSprite":{"__uuid__":"f0BIwQ8D5Ml7nTNQbh1YlS"},"_N$disabledSprite":{"__uuid__":"29FYIk+N1GYaeWH/q1NxQO"},"_N$target":{"__id__":179}},{"__type__":"cc.Widget","node":{"__id__":178},"_alignFlags":8,"_left":44.269000000000005,"_top":95.88599999999997,"_verticalCenter":792.114,"_horizontalCenter":-414.731}],"_prefab":{"__type__":"cc.PrefabInfo","root":{"__id__":1},"asset":{"__uuid__":"detwnngQBNibyj3eJaYGR8"},"fileId":"ceoT5z0StGHbepvc1vLXLs"},"_contentSize":{"__type__":"cc.Size","width":108,"height":96},"_trs":{"__type__":"TypedArray","ctor":"Float64Array","array":[-441.731,816.114,0,0,0,0,1,1,1,1]}},{"__type__":"cc.Node","_name":"Background","_parent":{"__id__":178},"_children":[{"__id__":180}],"_components":[{"__type__":"cc.Sprite","node":{"__id__":179},"_materials":[{"__uuid__":"ecpdLyjvZBwrvm+cedCcQy"}],"_spriteFrame":{"__uuid__":"a2WGFFkiVHiJFVaHAnE7oJ"},"_type":1,"_sizeMode":2},{"__type__":"cc.Widget","node":{"__id__":179},"alignMode":0,"_alignFlags":45,"_left":-11,"_right":-11,"_top":-10,"_bottom":-10,"_originalWidth":100,"_originalHeight":40}],"_prefab":{"__type__":"cc.PrefabInfo","root":{"__id__":1},"asset":{"__uuid__":"detwnngQBNibyj3eJaYGR8"},"fileId":"04ep96FARPAJV+iEZd2gwT"},"_contentSize":{"__type__":"cc.Size","width":130,"height":116},"_trs":{"__type__":"TypedArray","ctor":"Float64Array","array":[0,0,0,0,0,0,1,1,1,0]}},{"__type__":"cc.Node","_name":"New Label","_parent":{"__id__":179},"_components":[{"__type__":"cc.Label","node":{"__id__":180},"_materials":[{"__uuid__":"ecpdLyjvZBwrvm+cedCcQy"}],"_useOriginalSize":false,"_N$horizontalAlign":1,"_N$verticalAlign":1}],"_prefab":{"__type__":"cc.PrefabInfo","root":{"__id__":1},"asset":{"__uuid__":"detwnngQBNibyj3eJaYGR8"},"fileId":"3cjuqjCxZLFq2Aapnq6Rli"},"_contentSize":{"__type__":"cc.Size","height":50.4},"_trs":{"__type__":"TypedArray","ctor":"Float64Array","array":[0,0,0,0,0,0,1,1,1,1]}}]]