[{"__type__":"cc.SpriteFrame","content":{"name":"guanqia37","texture":"9cFunLV5ZD97zO7TJmkhPl","rect":[2,1,956,1539],"offset":[0,0],"originalSize":[960,1541],"capInsets":[0,0,0,0]}},[{"__type__":"cc.Prefab","_name":"UIDerived54","data":{"__id__":1}},{"__type__":"cc.Node","_name":"UIDerived43","_children":[{"__type__":"cc.Node","_name":"enemy","_parent":{"__id__":1},"_prefab":{"__type__":"cc.PrefabInfo","root":{"__id__":1},"asset":{"__uuid__":"81hfmBsnBNyIjS9N5Ow/EU"},"fileId":"037ttc0K9BqIMKoPieiPMV"},"_trs":{"__type__":"TypedArray","ctor":"Float64Array","array":[-38.784,-595.994,0,0,0,0,1,1,1,1]}},{"__type__":"cc.Node","_name":"player","_parent":{"__id__":1},"_prefab":{"__type__":"cc.PrefabInfo","root":{"__id__":1},"asset":{"__uuid__":"81hfmBsnBNyIjS9N5Ow/EU"},"fileId":"32yRHgI2RGPJfxPcBJEIYr"},"_contentSize":{"__type__":"cc.Size","width":240,"height":140},"_trs":{"__type__":"TypedArray","ctor":"Float64Array","array":[311.276,-587.112,0,0,0,0,1,-0.7,0.7,1]}},{"__type__":"cc.Node","_name":"greenPos_node","_parent":{"__id__":1},"_prefab":{"__type__":"cc.PrefabInfo","root":{"__id__":1},"asset":{"__uuid__":"81hfmBsnBNyIjS9N5Ow/EU"},"fileId":"753NkKsE1KKI9pW4ECymr8"},"_trs":{"__type__":"TypedArray","ctor":"Float64Array","array":[0,0,0,0,0,0,1,1,1,1]}},{"__id__":2},{"__id__":3},{"__id__":4},{"__id__":5},{"__type__":"cc.Node","_name":"redwater_node","_parent":{"__id__":1},"_prefab":{"__type__":"cc.PrefabInfo","root":{"__id__":1},"asset":{"__uuid__":"81hfmBsnBNyIjS9N5Ow/EU"},"fileId":"d2y+eDdaxJ1rAT3KzX7APU"},"_trs":{"__type__":"TypedArray","ctor":"Float64Array","array":[0,0,0,0,0,0,1,1,1,1]}},{"__type__":"cc.Node","_name":"greenwater_node","_parent":{"__id__":1},"_prefab":{"__type__":"cc.PrefabInfo","root":{"__id__":1},"asset":{"__uuid__":"81hfmBsnBNyIjS9N5Ow/EU"},"fileId":"1fH1hGwDNNe5adPb2kUB0Q"},"_trs":{"__type__":"TypedArray","ctor":"Float64Array","array":[0,0,0,0,0,0,1,1,1,1]}},{"__type__":"cc.Node","_name":"bule_node","_parent":{"__id__":1},"_prefab":{"__type__":"cc.PrefabInfo","root":{"__id__":1},"asset":{"__uuid__":"81hfmBsnBNyIjS9N5Ow/EU"},"fileId":"9apNI3I6NKpaSCFNQvxjS2"},"_trs":{"__type__":"TypedArray","ctor":"Float64Array","array":[0,0,0,0,0,0,1,1,1,1]}},{"__id__":6},{"__id__":8},{"__id__":10},{"__id__":12},{"__id__":14}],"_components":[{"__type__":"cc.Sprite","node":{"__id__":1},"_materials":[{"__uuid__":"ecpdLyjvZBwrvm+cedCcQy"}],"_spriteFrame":{"__uuid__":"01v+TvTjlLkIqczsd66mPJ"}},{"__type__":"1100eDGpRlLMYp5CrYQGpcQ","node":{"__id__":1},"player_happy":true},{"__type__":"cc.RigidBody","node":{"__id__":1},"_type":0},{"__type__":"cc.PhysicsPolygonCollider","node":{"__id__":1},"_offset":{"__type__":"cc.Vec2","x":-432,"y":721},"points":[{"__type__":"cc.Vec2","x":-47,"y":-1494},{"__type__":"cc.Vec2","x":916,"y":-1492},{"__type__":"cc.Vec2","x":913,"y":-196},{"__type__":"cc.Vec2","x":910,"y":43},{"__type__":"cc.Vec2","x":43,"y":50},{"__type__":"cc.Vec2","x":46,"y":7},{"__type__":"cc.Vec2","x":295,"y":13},{"__type__":"cc.Vec2","x":288,"y":-217},{"__type__":"cc.Vec2","x":293,"y":-420},{"__type__":"cc.Vec2","x":863,"y":-961},{"__type__":"cc.Vec2","x":867,"y":-1260},{"__type__":"cc.Vec2","x":848,"y":-1406},{"__type__":"cc.Vec2","x":790,"y":-1442},{"__type__":"cc.Vec2","x":716,"y":-1448},{"__type__":"cc.Vec2","x":659,"y":-1425},{"__type__":"cc.Vec2","x":629,"y":-1360},{"__type__":"cc.Vec2","x":625,"y":-1221},{"__type__":"cc.Vec2","x":644,"y":-992},{"__type__":"cc.Vec2","x":617,"y":-942},{"__type__":"cc.Vec2","x":559,"y":-970},{"__type__":"cc.Vec2","x":529,"y":-1303},{"__type__":"cc.Vec2","x":495,"y":-1402},{"__type__":"cc.Vec2","x":410,"y":-1446},{"__type__":"cc.Vec2","x":346,"y":-1428},{"__type__":"cc.Vec2","x":304,"y":-1364},{"__type__":"cc.Vec2","x":303,"y":-1184},{"__type__":"cc.Vec2","x":329,"y":-1022},{"__type__":"cc.Vec2","x":403,"y":-894},{"__type__":"cc.Vec2","x":472,"y":-837},{"__type__":"cc.Vec2","x":477,"y":-813},{"__type__":"cc.Vec2","x":445,"y":-795},{"__type__":"cc.Vec2","x":400,"y":-805},{"__type__":"cc.Vec2","x":335,"y":-870},{"__type__":"cc.Vec2","x":263.9,"y":-990},{"__type__":"cc.Vec2","x":217.3,"y":-1169.4},{"__type__":"cc.Vec2","x":215.3,"y":-1313.9},{"__type__":"cc.Vec2","x":194.7,"y":-1396.1},{"__type__":"cc.Vec2","x":121.6,"y":-1444.6},{"__type__":"cc.Vec2","x":35.8,"y":-1436.1},{"__type__":"cc.Vec2","x":-4.2,"y":-1375},{"__type__":"cc.Vec2","x":-5.6,"y":-1295.5},{"__type__":"cc.Vec2","x":46.8,"y":-1044.7},{"__type__":"cc.Vec2","x":43,"y":49.2},{"__type__":"cc.Vec2","x":-50,"y":50}]}],"_prefab":{"__type__":"cc.PrefabInfo","root":{"__id__":1},"asset":{"__uuid__":"81hfmBsnBNyIjS9N5Ow/EU"},"fileId":"9fEQM9aCRIsp/iUGIz27Pq"},"_contentSize":{"__type__":"cc.Size","width":958,"height":1539},"_trs":{"__type__":"TypedArray","ctor":"Float64Array","array":[0,-39.499,0,0,0,0,1,1,1,1]}},{"__type__":"cc.Node","_name":"redPos_node","_parent":{"__id__":1},"_children":[{"__type__":"cc.Node","_name":"New Node","_parent":{"__id__":2},"_prefab":{"__type__":"cc.PrefabInfo","root":{"__id__":1},"asset":{"__uuid__":"81hfmBsnBNyIjS9N5Ow/EU"},"fileId":"3aphIA6H1M7Yfqn94NYg9C"},"_trs":{"__type__":"TypedArray","ctor":"Float64Array","array":[-349.313,504.058,0,0,0,0,1,1,1,1]}}],"_prefab":{"__type__":"cc.PrefabInfo","root":{"__id__":1},"asset":{"__uuid__":"81hfmBsnBNyIjS9N5Ow/EU"},"fileId":"5eVLwPE25P9pWhyexcUUWI"},"_trs":{"__type__":"TypedArray","ctor":"Float64Array","array":[0,0,0,0,0,0,1,1,1,1]}},{"__type__":"cc.Node","_name":"bulePos_node","_parent":{"__id__":1},"_children":[{"__type__":"cc.Node","_name":"New Node","_parent":{"__id__":3},"_prefab":{"__type__":"cc.PrefabInfo","root":{"__id__":1},"asset":{"__uuid__":"81hfmBsnBNyIjS9N5Ow/EU"},"fileId":"88LqQvgoxOiqiViXHz5Xbh"},"_trs":{"__type__":"TypedArray","ctor":"Float64Array","array":[-54.212,-588.497,0,0,0,0,1,1,1,1]}},{"__type__":"cc.Node","_name":"New Node","_parent":{"__id__":3},"_prefab":{"__type__":"cc.PrefabInfo","root":{"__id__":1},"asset":{"__uuid__":"81hfmBsnBNyIjS9N5Ow/EU"},"fileId":"0bESknGShP3pYn+0qXUzUH"},"_trs":{"__type__":"TypedArray","ctor":"Float64Array","array":[302,-559,0,0,0,0,1,1,1,1]}}],"_prefab":{"__type__":"cc.PrefabInfo","root":{"__id__":1},"asset":{"__uuid__":"81hfmBsnBNyIjS9N5Ow/EU"},"fileId":"a2m8A1vrRBqYNtUXrt8ctw"},"_trs":{"__type__":"TypedArray","ctor":"Float64Array","array":[0,0,0,0,0,0,1,1,1,1]}},{"__type__":"cc.Node","_name":"gray_node","_parent":{"__id__":1},"_components":[{"__type__":"3400dF2d2tHLK8+En9baGXY","node":{"__id__":4},"grey_prefab":{"__uuid__":"13FEeEL1NMaK5TFGpFQpJr"}}],"_prefab":{"__type__":"cc.PrefabInfo","root":{"__id__":1},"asset":{"__uuid__":"81hfmBsnBNyIjS9N5Ow/EU"},"fileId":"00HW9gu5BBzqK95T4NpC62"},"_trs":{"__type__":"TypedArray","ctor":"Float64Array","array":[0,0,0,0,0,0,1,1,1,1]}},{"__type__":"cc.Node","_name":"black_node","_parent":{"__id__":1},"_components":[{"__type__":"6c0e8KZwr5L34azTYX21stu","node":{"__id__":5}}],"_prefab":{"__type__":"cc.PrefabInfo","root":{"__id__":1},"asset":{"__uuid__":"81hfmBsnBNyIjS9N5Ow/EU"},"fileId":"9bOpLF7kJDn4sS2i7K0krR"},"_trs":{"__type__":"TypedArray","ctor":"Float64Array","array":[0,0,0,0,0,0,1,1,1,1]}},{"__type__":"cc.Node","_name":"zhenNode","_parent":{"__id__":1},"_children":[{"__id__":7}],"_prefab":{"__type__":"cc.PrefabInfo","root":{"__id__":1},"asset":{"__uuid__":"81hfmBsnBNyIjS9N5Ow/EU"},"fileId":"1auIDH/PdFP7Y7rdcwQLKe"},"_trs":{"__type__":"TypedArray","ctor":"Float64Array","array":[-138.367,14.925,0,0,0,0.942393625564778,0.3345059857384812,1,1,1]},"_eulerAngles":{"__type__":"cc.Vec3","z":140.915},"_groupIndex":8,"groupIndex":8},{"__type__":"cc.Node","_name":"zhen","_parent":{"__id__":6},"_components":[{"__type__":"cc.Sprite","node":{"__id__":7},"_materials":[{"__uuid__":"ecpdLyjvZBwrvm+cedCcQy"}],"_spriteFrame":{"__uuid__":"81u1O4l2lM2IGXbUA/0aw7"},"_type":1,"_sizeMode":0},{"__type__":"cc.RigidBody","node":{"__id__":7},"_type":3,"_allowSleep":false,"_gravityScale":0,"_fixedRotation":true,"enabledContactListener":true,"bullet":true},{"__type__":"cc.PhysicsPolygonCollider","node":{"__id__":7},"tag":222,"_offset":{"__type__":"cc.Vec2","x":254,"y":-3},"points":[{"__type__":"cc.Vec2","x":227.5,"y":55.5},{"__type__":"cc.Vec2","x":214.5,"y":51.5},{"__type__":"cc.Vec2","x":206.5,"y":45.5},{"__type__":"cc.Vec2","x":192,"y":33.4},{"__type__":"cc.Vec2","x":188.8,"y":24.1},{"__type__":"cc.Vec2","x":188.5,"y":21.8},{"__type__":"cc.Vec2","x":-795.7,"y":22.4},{"__type__":"cc.Vec2","x":-805.9,"y":3.4},{"__type__":"cc.Vec2","x":-794.3,"y":-13.3},{"__type__":"cc.Vec2","x":189.7,"y":-20.8},{"__type__":"cc.Vec2","x":193.4,"y":-34.3},{"__type__":"cc.Vec2","x":209.9,"y":-47.8},{"__type__":"cc.Vec2","x":238.1,"y":-54.9},{"__type__":"cc.Vec2","x":261.8,"y":-50.5},{"__type__":"cc.Vec2","x":285.2,"y":-28.5},{"__type__":"cc.Vec2","x":291.1,"y":-15.6},{"__type__":"cc.Vec2","x":292.7,"y":0.3},{"__type__":"cc.Vec2","x":288.9,"y":22},{"__type__":"cc.Vec2","x":265.3,"y":49.4}]},{"__type__":"72555Q9muRD1505Zi2fOOxm","node":{"__id__":7},"linevelocityX":500}],"_prefab":{"__type__":"cc.PrefabInfo","root":{"__id__":1},"asset":{"__uuid__":"81hfmBsnBNyIjS9N5Ow/EU"},"fileId":"42iedLlBtN/4CprPAKI696"},"_contentSize":{"__type__":"cc.Size","width":1100,"height":111},"_trs":{"__type__":"TypedArray","ctor":"Float64Array","array":[0,0,0,0,0,0,1,0.8,0.8,0.8]},"_groupIndex":8,"groupIndex":8},{"__type__":"cc.Node","_name":"zhenNode","_parent":{"__id__":1},"_children":[{"__id__":9}],"_prefab":{"__type__":"cc.PrefabInfo","root":{"__id__":1},"asset":{"__uuid__":"81hfmBsnBNyIjS9N5Ow/EU"},"fileId":"cbd163iyRHxY8AVKyMYgul"},"_trs":{"__type__":"TypedArray","ctor":"Float64Array","array":[-103.5,192.5,0,0,0,0.3826834323650898,0.9238795325112867,1,1,1]},"_eulerAngles":{"__type__":"cc.Vec3","z":45},"_groupIndex":8,"groupIndex":8},{"__type__":"cc.Node","_name":"zhen","_parent":{"__id__":8},"_components":[{"__type__":"cc.Sprite","node":{"__id__":9},"_materials":[{"__uuid__":"ecpdLyjvZBwrvm+cedCcQy"}],"_spriteFrame":{"__uuid__":"81u1O4l2lM2IGXbUA/0aw7"},"_type":1,"_sizeMode":0},{"__type__":"cc.RigidBody","node":{"__id__":9},"_type":3,"_allowSleep":false,"_gravityScale":0,"_fixedRotation":true,"enabledContactListener":true,"bullet":true},{"__type__":"cc.PhysicsPolygonCollider","node":{"__id__":9},"tag":222,"_offset":{"__type__":"cc.Vec2","x":165.8,"y":6.6},"points":[{"__type__":"cc.Vec2","x":-50,"y":-50},{"__type__":"cc.Vec2","x":50,"y":-50},{"__type__":"cc.Vec2","x":50,"y":50},{"__type__":"cc.Vec2","x":-50,"y":50},{"__type__":"cc.Vec2","x":-55.1,"y":41.7},{"__type__":"cc.Vec2","x":-328.7,"y":37.4},{"__type__":"cc.Vec2","x":-323.6,"y":-23.5},{"__type__":"cc.Vec2","x":-56.2,"y":-21.6}]},{"__type__":"72555Q9muRD1505Zi2fOOxm","node":{"__id__":9},"linevelocityX":500}],"_prefab":{"__type__":"cc.PrefabInfo","root":{"__id__":1},"asset":{"__uuid__":"81hfmBsnBNyIjS9N5Ow/EU"},"fileId":"43CVAzEltJIKSOuoG6vqRy"},"_contentSize":{"__type__":"cc.Size","width":402,"height":111},"_anchorPoint":{"__type__":"cc.Vec2","x":0.4566758239646398,"y":0.40947859269119163},"_trs":{"__type__":"TypedArray","ctor":"Float64Array","array":[0,0,0,0,0,0,1,0.8,0.8,0.8]},"_groupIndex":8,"groupIndex":8},{"__type__":"cc.Node","_name":"zhenNode","_parent":{"__id__":1},"_children":[{"__id__":11}],"_prefab":{"__type__":"cc.PrefabInfo","root":{"__id__":1},"asset":{"__uuid__":"81hfmBsnBNyIjS9N5Ow/EU"},"fileId":"1813y0JCBBR7MxecIndgbL"},"_trs":{"__type__":"TypedArray","ctor":"Float64Array","array":[7.75,101.416,0,0,0,0.4110052708343951,0.9116329674525518,1,1,1]},"_eulerAngles":{"__type__":"cc.Vec3","z":48.536},"_groupIndex":8,"groupIndex":8},{"__type__":"cc.Node","_name":"zhen","_parent":{"__id__":10},"_components":[{"__type__":"cc.Sprite","node":{"__id__":11},"_materials":[{"__uuid__":"ecpdLyjvZBwrvm+cedCcQy"}],"_spriteFrame":{"__uuid__":"81u1O4l2lM2IGXbUA/0aw7"},"_type":1,"_sizeMode":0},{"__type__":"cc.RigidBody","node":{"__id__":11},"_type":3,"_allowSleep":false,"_gravityScale":0,"_fixedRotation":true,"enabledContactListener":true,"bullet":true},{"__type__":"cc.PhysicsPolygonCollider","node":{"__id__":11},"tag":222,"_offset":{"__type__":"cc.Vec2","x":165.8,"y":6.6},"points":[{"__type__":"cc.Vec2","x":-50,"y":-50},{"__type__":"cc.Vec2","x":50,"y":-50},{"__type__":"cc.Vec2","x":52.7,"y":63.1},{"__type__":"cc.Vec2","x":-51.6,"y":62.9},{"__type__":"cc.Vec2","x":-52.9,"y":45.9},{"__type__":"cc.Vec2","x":-329.2,"y":41.3},{"__type__":"cc.Vec2","x":-323.6,"y":-23.5},{"__type__":"cc.Vec2","x":-56.2,"y":-21.6}]},{"__type__":"72555Q9muRD1505Zi2fOOxm","node":{"__id__":11},"linevelocityX":500}],"_prefab":{"__type__":"cc.PrefabInfo","root":{"__id__":1},"asset":{"__uuid__":"81hfmBsnBNyIjS9N5Ow/EU"},"fileId":"d6zrR7BHJJbKMsdrzEvneq"},"_contentSize":{"__type__":"cc.Size","width":402,"height":111},"_anchorPoint":{"__type__":"cc.Vec2","x":0.4566758239646398,"y":0.40947859269119163},"_trs":{"__type__":"TypedArray","ctor":"Float64Array","array":[0,0,0,0,0,0,1,0.8,0.8,0.8]},"_groupIndex":8,"groupIndex":8},{"__type__":"cc.Node","_name":"zhenNode","_parent":{"__id__":1},"_children":[{"__id__":13}],"_prefab":{"__type__":"cc.PrefabInfo","root":{"__id__":1},"asset":{"__uuid__":"81hfmBsnBNyIjS9N5Ow/EU"},"fileId":"6fbLvFHPNOY474cjX859Gz"},"_trs":{"__type__":"TypedArray","ctor":"Float64Array","array":[131.23,1.959,0,0,0,0.4110052708343951,0.9116329674525518,1,1,1]},"_eulerAngles":{"__type__":"cc.Vec3","z":48.536},"_groupIndex":8,"groupIndex":8},{"__type__":"cc.Node","_name":"zhen","_parent":{"__id__":12},"_components":[{"__type__":"cc.Sprite","node":{"__id__":13},"_materials":[{"__uuid__":"ecpdLyjvZBwrvm+cedCcQy"}],"_spriteFrame":{"__uuid__":"81u1O4l2lM2IGXbUA/0aw7"},"_type":1,"_sizeMode":0},{"__type__":"cc.RigidBody","node":{"__id__":13},"_type":3,"_allowSleep":false,"_gravityScale":0,"_fixedRotation":true,"enabledContactListener":true,"bullet":true},{"__type__":"cc.PhysicsPolygonCollider","node":{"__id__":13},"tag":222,"_offset":{"__type__":"cc.Vec2","x":165.8,"y":6.6},"points":[{"__type__":"cc.Vec2","x":-50,"y":-50},{"__type__":"cc.Vec2","x":50,"y":-50},{"__type__":"cc.Vec2","x":52.5,"y":59.3},{"__type__":"cc.Vec2","x":-49.3,"y":61.3},{"__type__":"cc.Vec2","x":-53.3,"y":40.2},{"__type__":"cc.Vec2","x":-321.4,"y":44.6},{"__type__":"cc.Vec2","x":-323.6,"y":-23.5},{"__type__":"cc.Vec2","x":-56.2,"y":-21.6}]},{"__type__":"72555Q9muRD1505Zi2fOOxm","node":{"__id__":13},"linevelocityX":500}],"_prefab":{"__type__":"cc.PrefabInfo","root":{"__id__":1},"asset":{"__uuid__":"81hfmBsnBNyIjS9N5Ow/EU"},"fileId":"56YLVsH2ZMGIKY1yDk9+z/"},"_contentSize":{"__type__":"cc.Size","width":402,"height":111},"_anchorPoint":{"__type__":"cc.Vec2","x":0.4566758239646398,"y":0.40947859269119163},"_trs":{"__type__":"TypedArray","ctor":"Float64Array","array":[0,0,0,0,0,0,1,0.8,0.8,0.8]},"_groupIndex":8,"groupIndex":8},{"__type__":"cc.Node","_name":"zhenNode","_parent":{"__id__":1},"_children":[{"__id__":15}],"_prefab":{"__type__":"cc.PrefabInfo","root":{"__id__":1},"asset":{"__uuid__":"81hfmBsnBNyIjS9N5Ow/EU"},"fileId":"8fs/IP64hCn6kNBzafsLtV"},"_trs":{"__type__":"TypedArray","ctor":"Float64Array","array":[290.209,-131.214,0,0,0,0.4110052708343951,0.9116329674525518,1,1,1]},"_eulerAngles":{"__type__":"cc.Vec3","z":48.536},"_groupIndex":8,"groupIndex":8},{"__type__":"cc.Node","_name":"zhen","_parent":{"__id__":14},"_components":[{"__type__":"cc.Sprite","node":{"__id__":15},"_materials":[{"__uuid__":"ecpdLyjvZBwrvm+cedCcQy"}],"_spriteFrame":{"__uuid__":"81u1O4l2lM2IGXbUA/0aw7"},"_type":1,"_sizeMode":0},{"__type__":"cc.RigidBody","node":{"__id__":15},"_type":3,"_allowSleep":false,"_gravityScale":0,"_fixedRotation":true,"enabledContactListener":true,"bullet":true},{"__type__":"cc.PhysicsPolygonCollider","node":{"__id__":15},"tag":222,"_offset":{"__type__":"cc.Vec2","x":165.8,"y":6.6},"points":[{"__type__":"cc.Vec2","x":-50,"y":-50},{"__type__":"cc.Vec2","x":50,"y":-50},{"__type__":"cc.Vec2","x":51.9,"y":65.1},{"__type__":"cc.Vec2","x":-46.2,"y":65.9},{"__type__":"cc.Vec2","x":-52.6,"y":43.5},{"__type__":"cc.Vec2","x":-333.1,"y":47.7},{"__type__":"cc.Vec2","x":-332.6,"y":-23.4},{"__type__":"cc.Vec2","x":-56.2,"y":-21.6}]},{"__type__":"72555Q9muRD1505Zi2fOOxm","node":{"__id__":15},"linevelocityX":500}],"_prefab":{"__type__":"cc.PrefabInfo","root":{"__id__":1},"asset":{"__uuid__":"81hfmBsnBNyIjS9N5Ow/EU"},"fileId":"f9haI6uVZCOo7rfVm5JxXT"},"_contentSize":{"__type__":"cc.Size","width":402,"height":111},"_anchorPoint":{"__type__":"cc.Vec2","x":0.4566758239646398,"y":0.40947859269119163},"_trs":{"__type__":"TypedArray","ctor":"Float64Array","array":[0,0,0,0,0,0,1,0.8,0.8,0.8]},"_groupIndex":8,"groupIndex":8}]]