[{"__type__":"cc.SpriteFrame","content":{"name":"guanqia82","texture":"f2BKvKI4ZKJ4Xz/GpIt6jH","rect":[1,1,887,1255],"offset":[0.5,0],"originalSize":[888,1257],"capInsets":[0,0,0,0]}},[{"__type__":"cc.Prefab","_name":"UIDerived64","data":{"__id__":1}},{"__type__":"cc.Node","_name":"UIDerived74","_children":[{"__type__":"cc.Node","_name":"bule_node","_parent":{"__id__":1},"_prefab":{"__type__":"cc.PrefabInfo","root":{"__id__":1},"asset":{"__uuid__":"93MhMVxodPGZwNrXxMQLkr"},"fileId":"554kUqPi9O+bF8gbLaDpFP"},"_trs":{"__type__":"TypedArray","ctor":"Float64Array","array":[0,0,0,0,0,0,1,1,1,1]}},{"__type__":"cc.Node","_name":"greenwater_node","_parent":{"__id__":1},"_prefab":{"__type__":"cc.PrefabInfo","root":{"__id__":1},"asset":{"__uuid__":"93MhMVxodPGZwNrXxMQLkr"},"fileId":"68CoFXgARAK7W/hEE/0PzS"},"_trs":{"__type__":"TypedArray","ctor":"Float64Array","array":[0,0,0,0,0,0,1,1,1,1]}},{"__type__":"cc.Node","_name":"redwater_node","_parent":{"__id__":1},"_prefab":{"__type__":"cc.PrefabInfo","root":{"__id__":1},"asset":{"__uuid__":"93MhMVxodPGZwNrXxMQLkr"},"fileId":"cfVbIX8dVJJZC627ZbF3aD"},"_trs":{"__type__":"TypedArray","ctor":"Float64Array","array":[0,0,0,0,0,0,1,1,1,1]}},{"__id__":2},{"__id__":3},{"__id__":4},{"__id__":5},{"__type__":"cc.Node","_name":"greenPos_node","_parent":{"__id__":1},"_prefab":{"__type__":"cc.PrefabInfo","root":{"__id__":1},"asset":{"__uuid__":"93MhMVxodPGZwNrXxMQLkr"},"fileId":"73XfPB8phEcL6DX3ewH+5I"},"_trs":{"__type__":"TypedArray","ctor":"Float64Array","array":[0,0,0,0,0,0,1,1,1,1]}},{"__type__":"cc.Node","_name":"player","_parent":{"__id__":1},"_prefab":{"__type__":"cc.PrefabInfo","root":{"__id__":1},"asset":{"__uuid__":"93MhMVxodPGZwNrXxMQLkr"},"fileId":"f0wHIbv4hFSY+Mm2AZvRCm"},"_contentSize":{"__type__":"cc.Size","width":240,"height":140},"_trs":{"__type__":"TypedArray","ctor":"Float64Array","array":[176.345,-523.782,0,0,0,0,1,-0.7,0.7,1]}},{"__id__":6},{"__id__":9},{"__id__":17},{"__id__":13},{"__id__":22}],"_components":[{"__type__":"cc.Sprite","node":{"__id__":1},"_materials":[{"__uuid__":"ecpdLyjvZBwrvm+cedCcQy"}],"_spriteFrame":{"__uuid__":"3b1Okj1bhPbLiuiXGJyxbC"}},{"__type__":"cc.RigidBody","node":{"__id__":1},"_type":0},{"__type__":"cc.PhysicsPolygonCollider","node":{"__id__":1},"_offset":{"__type__":"cc.Vec2","x":-394,"y":584},"points":[{"__type__":"cc.Vec2","x":-5.7,"y":-1.2},{"__type__":"cc.Vec2","x":537.5,"y":-4.1},{"__type__":"cc.Vec2","x":535.7,"y":-568.4},{"__type__":"cc.Vec2","x":540.7,"y":-645},{"__type__":"cc.Vec2","x":570.1,"y":-709},{"__type__":"cc.Vec2","x":645,"y":-735},{"__type__":"cc.Vec2","x":838.9,"y":-729},{"__type__":"cc.Vec2","x":598,"y":45},{"__type__":"cc.Vec2","x":-50,"y":50},{"__type__":"cc.Vec2","x":-49,"y":-777},{"__type__":"cc.Vec2","x":329,"y":-1217},{"__type__":"cc.Vec2","x":837,"y":-1213},{"__type__":"cc.Vec2","x":837.8,"y":-830.2},{"__type__":"cc.Vec2","x":654.7,"y":-828.5},{"__type__":"cc.Vec2","x":640.1,"y":-836.6},{"__type__":"cc.Vec2","x":620.9,"y":-858.5},{"__type__":"cc.Vec2","x":610,"y":-889.9},{"__type__":"cc.Vec2","x":619.4,"y":-919.1},{"__type__":"cc.Vec2","x":649.5,"y":-943.4},{"__type__":"cc.Vec2","x":685.3,"y":-967.8},{"__type__":"cc.Vec2","x":704.4,"y":-1009.3},{"__type__":"cc.Vec2","x":707.4,"y":-1076},{"__type__":"cc.Vec2","x":696,"y":-1132},{"__type__":"cc.Vec2","x":661.7,"y":-1166.1},{"__type__":"cc.Vec2","x":482.4,"y":-1171.1},{"__type__":"cc.Vec2","x":384,"y":-1162},{"__type__":"cc.Vec2","x":377.1,"y":-1133.6},{"__type__":"cc.Vec2","x":376,"y":-1023},{"__type__":"cc.Vec2","x":401,"y":-983.3},{"__type__":"cc.Vec2","x":463.5,"y":-968.1},{"__type__":"cc.Vec2","x":532.8,"y":-954.2},{"__type__":"cc.Vec2","x":566.1,"y":-922.1},{"__type__":"cc.Vec2","x":566.6,"y":-867.6},{"__type__":"cc.Vec2","x":553.4,"y":-820},{"__type__":"cc.Vec2","x":418.3,"y":-733.3},{"__type__":"cc.Vec2","x":-3.4,"y":-727}]},{"__type__":"cc.PhysicsPolygonCollider","node":{"__id__":1},"_offset":{"__type__":"cc.Vec2","x":-255,"y":432},"points":[{"__type__":"cc.Vec2","x":-47,"y":-484},{"__type__":"cc.Vec2","x":303.8,"y":-480.3},{"__type__":"cc.Vec2","x":296.3,"y":54.4},{"__type__":"cc.Vec2","x":-48.9,"y":51.1}]},{"__type__":"1100eDGpRlLMYp5CrYQGpcQ","node":{"__id__":1}}],"_prefab":{"__type__":"cc.PrefabInfo","root":{"__id__":1},"asset":{"__uuid__":"93MhMVxodPGZwNrXxMQLkr"},"fileId":"a5pre2Ws9LiIYIq2qY/Yfq"},"_contentSize":{"__type__":"cc.Size","width":887,"height":1255},"_trs":{"__type__":"TypedArray","ctor":"Float64Array","array":[115.452,0,0,0,0,0,1,1,1,1]}},{"__type__":"cc.Node","_name":"black_node","_parent":{"__id__":1},"_components":[{"__type__":"6c0e8KZwr5L34azTYX21stu","node":{"__id__":2}}],"_prefab":{"__type__":"cc.PrefabInfo","root":{"__id__":1},"asset":{"__uuid__":"93MhMVxodPGZwNrXxMQLkr"},"fileId":"57wAupYYBBpYkvQrHGHMmj"},"_trs":{"__type__":"TypedArray","ctor":"Float64Array","array":[0,0,0,0,0,0,1,1,1,1]}},{"__type__":"cc.Node","_name":"gray_node","_parent":{"__id__":1},"_components":[{"__type__":"3400dF2d2tHLK8+En9baGXY","node":{"__id__":3},"grey_prefab":{"__uuid__":"13FEeEL1NMaK5TFGpFQpJr"}}],"_prefab":{"__type__":"cc.PrefabInfo","root":{"__id__":1},"asset":{"__uuid__":"93MhMVxodPGZwNrXxMQLkr"},"fileId":"e1kfIUF8tM9b/B/C8Ahu+b"},"_trs":{"__type__":"TypedArray","ctor":"Float64Array","array":[0,0,0,0,0,0,1,1,1,1]}},{"__type__":"cc.Node","_name":"bulePos_node","_parent":{"__id__":1},"_children":[{"__type__":"cc.Node","_name":"New Node","_parent":{"__id__":4},"_prefab":{"__type__":"cc.PrefabInfo","root":{"__id__":1},"asset":{"__uuid__":"93MhMVxodPGZwNrXxMQLkr"},"fileId":"73CysB0GhEbLw7E7w/1kEv"},"_trs":{"__type__":"TypedArray","ctor":"Float64Array","array":[79.043,382.362,0,0,0,0,1,1,1,1]}}],"_prefab":{"__type__":"cc.PrefabInfo","root":{"__id__":1},"asset":{"__uuid__":"93MhMVxodPGZwNrXxMQLkr"},"fileId":"72Snagp49EubykV/Z1Ztx8"},"_trs":{"__type__":"TypedArray","ctor":"Float64Array","array":[0,0,0,0,0,0,1,1,1,1]}},{"__type__":"cc.Node","_name":"redPos_node","_parent":{"__id__":1},"_children":[{"__type__":"cc.Node","_name":"New Node","_parent":{"__id__":5},"_prefab":{"__type__":"cc.PrefabInfo","root":{"__id__":1},"asset":{"__uuid__":"93MhMVxodPGZwNrXxMQLkr"},"fileId":"cbDD1XcoBI866/B9gk/uLS"},"_trs":{"__type__":"TypedArray","ctor":"Float64Array","array":[-361.741,489.4,0,0,0,0,1,1,1,1]}}],"_prefab":{"__type__":"cc.PrefabInfo","root":{"__id__":1},"asset":{"__uuid__":"93MhMVxodPGZwNrXxMQLkr"},"fileId":"cfktTzSRZEIoOCXrAduS5d"},"_trs":{"__type__":"TypedArray","ctor":"Float64Array","array":[0,0,0,0,0,0,1,1,1,1]}},{"__type__":"cc.Node","_name":"zhenNodeTwo","_parent":{"__id__":1},"_children":[{"__id__":7},{"__id__":20},{"__id__":21}],"_prefab":{"__type__":"cc.PrefabInfo","root":{"__id__":1},"asset":{"__uuid__":"93MhMVxodPGZwNrXxMQLkr"},"fileId":"36ySBKcshOKp0KYdXZB8Uc"},"_trs":{"__type__":"TypedArray","ctor":"Float64Array","array":[157.946,94.041,0,0,0,1,6.123233995736766e-17,1,1,1]},"_eulerAngles":{"__type__":"cc.Vec3","z":180}},{"__type__":"cc.Node","_name":"zhen","_parent":{"__id__":6},"_components":[{"__type__":"cc.Sprite","node":{"__id__":7},"_materials":[{"__uuid__":"ecpdLyjvZBwrvm+cedCcQy"}],"_spriteFrame":{"__uuid__":"14vJwyNH1OspMXFimJtxkW"},"_type":1,"_sizeMode":0},{"__type__":"cc.RigidBody","node":{"__id__":7},"_type":3,"_gravityScale":0,"_fixedRotation":true,"enabledContactListener":true,"bullet":true},{"__type__":"cc.PhysicsPolygonCollider","node":{"__id__":7},"_offset":{"__type__":"cc.Vec2","x":176,"y":5},"points":[{"__type__":"cc.Vec2","x":-346.7,"y":-79.8},{"__type__":"cc.Vec2","x":-208.7,"y":-78.5},{"__type__":"cc.Vec2","x":-207.7,"y":-24},{"__type__":"cc.Vec2","x":-34.6,"y":-22.9},{"__type__":"cc.Vec2","x":-34.6,"y":16.9},{"__type__":"cc.Vec2","x":-207.7,"y":18.6},{"__type__":"cc.Vec2","x":-207,"y":81.7},{"__type__":"cc.Vec2","x":-345.4,"y":83.3}]},{"__type__":"1cb3eoIRdhJWZayW7A68Y7j","node":{"__id__":7},"applyDownsensor":true,"allzhen":[{"__id__":8},{"__id__":12}]}],"_prefab":{"__type__":"cc.PrefabInfo","root":{"__id__":1},"asset":{"__uuid__":"93MhMVxodPGZwNrXxMQLkr"},"fileId":"81yPmDwIhBsb87IEH6P+Iu"},"_contentSize":{"__type__":"cc.Size","width":284.1,"height":111},"_trs":{"__type__":"TypedArray","ctor":"Float64Array","array":[0,0,0,0,0,0,1,1,1,1]}},{"__type__":"cc.Node","_name":"zhen","_parent":{"__id__":9},"_components":[{"__type__":"cc.Sprite","node":{"__id__":8},"_materials":[{"__uuid__":"ecpdLyjvZBwrvm+cedCcQy"}],"_spriteFrame":{"__uuid__":"14vJwyNH1OspMXFimJtxkW"},"_type":1,"_sizeMode":0},{"__type__":"cc.RigidBody","node":{"__id__":8},"_type":3,"_gravityScale":0,"_fixedRotation":true,"enabledContactListener":true,"bullet":true},{"__type__":"cc.PhysicsPolygonCollider","node":{"__id__":8},"_offset":{"__type__":"cc.Vec2","x":191.8,"y":4.3},"points":[{"__type__":"cc.Vec2","x":-332.2,"y":-75.9},{"__type__":"cc.Vec2","x":-208,"y":-71.9},{"__type__":"cc.Vec2","x":-204.5,"y":-25.8},{"__type__":"cc.Vec2","x":-69.5,"y":-23.8},{"__type__":"cc.Vec2","x":-69.3,"y":17.9},{"__type__":"cc.Vec2","x":-206.2,"y":19.4},{"__type__":"cc.Vec2","x":-211,"y":64.5},{"__type__":"cc.Vec2","x":-333.5,"y":67.5}]},{"__type__":"1cb3eoIRdhJWZayW7A68Y7j","node":{"__id__":8},"applyUpsensor":true,"applyDownsensor":true,"allzhen":[null,null]}],"_prefab":{"__type__":"cc.PrefabInfo","root":{"__id__":1},"asset":{"__uuid__":"93MhMVxodPGZwNrXxMQLkr"},"fileId":"0fdfXYKqNPM6Poy6M4m9ab"},"_contentSize":{"__type__":"cc.Size","width":246.5,"height":111},"_trs":{"__type__":"TypedArray","ctor":"Float64Array","array":[0,0,0,0,0,0,1,1,1,1]}},{"__type__":"cc.Node","_name":"zhenNodeTwo","_parent":{"__id__":1},"_children":[{"__id__":8},{"__id__":10},{"__id__":11}],"_prefab":{"__type__":"cc.PrefabInfo","root":{"__id__":1},"asset":{"__uuid__":"93MhMVxodPGZwNrXxMQLkr"},"fileId":"b32K2DI/VDX5UXTbCfksg6"},"_trs":{"__type__":"TypedArray","ctor":"Float64Array","array":[-138.054,583.386,0,0,0,0.7071067811865476,-0.7071067811865475,1,1,1]},"_eulerAngles":{"__type__":"cc.Vec3","z":270}},{"__type__":"cc.Node","_name":"zhenup","_parent":{"__id__":9},"_components":[{"__type__":"cc.RigidBody","node":{"__id__":10},"_type":0,"_gravityScale":0,"bullet":true}],"_prefab":{"__type__":"cc.PrefabInfo","root":{"__id__":1},"asset":{"__uuid__":"93MhMVxodPGZwNrXxMQLkr"},"fileId":"96+u+RIuRGcoAD2bo5Ggt1"},"_trs":{"__type__":"TypedArray","ctor":"Float64Array","array":[0,274.053,0,0,0,0,1,1,1,1]}},{"__type__":"cc.Node","_name":"zhendown","_parent":{"__id__":9},"_components":[{"__type__":"cc.RigidBody","node":{"__id__":11},"_type":0,"_gravityScale":0,"bullet":true}],"_prefab":{"__type__":"cc.PrefabInfo","root":{"__id__":1},"asset":{"__uuid__":"93MhMVxodPGZwNrXxMQLkr"},"fileId":"61eVLeBcxGireKXqYL9Mqn"},"_trs":{"__type__":"TypedArray","ctor":"Float64Array","array":[0,-261,0,0,0,0,1,1,1,1]}},{"__type__":"cc.Node","_name":"zhen","_parent":{"__id__":13},"_components":[{"__type__":"cc.Sprite","node":{"__id__":12},"_materials":[{"__uuid__":"ecpdLyjvZBwrvm+cedCcQy"}],"_spriteFrame":{"__uuid__":"14vJwyNH1OspMXFimJtxkW"},"_type":1,"_sizeMode":0},{"__type__":"cc.RigidBody","node":{"__id__":12},"_type":3,"_gravityScale":0,"_fixedRotation":true,"enabledContactListener":true,"bullet":true},{"__type__":"cc.PhysicsPolygonCollider","node":{"__id__":12},"_offset":{"__type__":"cc.Vec2","x":191.8,"y":4.3},"points":[{"__type__":"cc.Vec2","x":-332.2,"y":-75.9},{"__type__":"cc.Vec2","x":-208,"y":-71.9},{"__type__":"cc.Vec2","x":-205.6,"y":-26.3},{"__type__":"cc.Vec2","x":-65.2,"y":-23.2},{"__type__":"cc.Vec2","x":-62.9,"y":16.3},{"__type__":"cc.Vec2","x":-207.3,"y":18.3},{"__type__":"cc.Vec2","x":-211,"y":64.5},{"__type__":"cc.Vec2","x":-333.5,"y":67.5}]},{"__type__":"1cb3eoIRdhJWZayW7A68Y7j","node":{"__id__":12},"applyUpsensor":true,"allzhen":[{"__id__":16},{"__id__":7}]}],"_prefab":{"__type__":"cc.PrefabInfo","root":{"__id__":1},"asset":{"__uuid__":"93MhMVxodPGZwNrXxMQLkr"},"fileId":"42rdm3HXtCuoXGMpL9IB2M"},"_contentSize":{"__type__":"cc.Size","width":246.5,"height":111},"_trs":{"__type__":"TypedArray","ctor":"Float64Array","array":[0,0,0,0,0,0,1,1,1,1]}},{"__type__":"cc.Node","_name":"zhenNodeTwo","_parent":{"__id__":1},"_children":[{"__id__":12},{"__id__":14},{"__id__":15}],"_prefab":{"__type__":"cc.PrefabInfo","root":{"__id__":1},"asset":{"__uuid__":"93MhMVxodPGZwNrXxMQLkr"},"fileId":"0aiuX5M8tH97e7/0zarAHr"},"_trs":{"__type__":"TypedArray","ctor":"Float64Array","array":[-93.767,-166.77,0,0,0,0.7071067811865475,0.7071067811865476,1,1,1]},"_eulerAngles":{"__type__":"cc.Vec3","z":90}},{"__type__":"cc.Node","_name":"zhenup","_parent":{"__id__":13},"_components":[{"__type__":"cc.RigidBody","node":{"__id__":14},"_type":0,"_gravityScale":0,"bullet":true}],"_prefab":{"__type__":"cc.PrefabInfo","root":{"__id__":1},"asset":{"__uuid__":"93MhMVxodPGZwNrXxMQLkr"},"fileId":"50LVKJsOBMeauaoV4YGPzG"},"_trs":{"__type__":"TypedArray","ctor":"Float64Array","array":[17.813,301.709,0,0,0,0,1,1,1,1]}},{"__type__":"cc.Node","_name":"zhendown","_parent":{"__id__":13},"_components":[{"__type__":"cc.RigidBody","node":{"__id__":15},"_type":0,"_gravityScale":0,"bullet":true}],"_prefab":{"__type__":"cc.PrefabInfo","root":{"__id__":1},"asset":{"__uuid__":"93MhMVxodPGZwNrXxMQLkr"},"fileId":"1ayJyql1pCuqKkE27CyKdS"},"_trs":{"__type__":"TypedArray","ctor":"Float64Array","array":[0,-108,0,0,0,0,1,1,1,1]}},{"__type__":"cc.Node","_name":"zhen","_parent":{"__id__":17},"_components":[{"__type__":"cc.Sprite","node":{"__id__":16},"_materials":[{"__uuid__":"ecpdLyjvZBwrvm+cedCcQy"}],"_spriteFrame":{"__uuid__":"14vJwyNH1OspMXFimJtxkW"},"_type":1,"_sizeMode":0},{"__type__":"cc.RigidBody","node":{"__id__":16},"_type":3,"_gravityScale":0,"_fixedRotation":true,"enabledContactListener":true,"bullet":true},{"__type__":"cc.PhysicsPolygonCollider","node":{"__id__":16},"_offset":{"__type__":"cc.Vec2","x":191.8,"y":4.3},"points":[{"__type__":"cc.Vec2","x":-332.2,"y":-75.9},{"__type__":"cc.Vec2","x":-208,"y":-71.9},{"__type__":"cc.Vec2","x":-205,"y":-26.8},{"__type__":"cc.Vec2","x":-55,"y":-22.7},{"__type__":"cc.Vec2","x":-54.8,"y":19},{"__type__":"cc.Vec2","x":-206.7,"y":19.9},{"__type__":"cc.Vec2","x":-211,"y":64.5},{"__type__":"cc.Vec2","x":-333.5,"y":67.5}]},{"__type__":"1cb3eoIRdhJWZayW7A68Y7j","node":{"__id__":16},"applyUpsensor":true,"applyDownsensor":true,"allzhen":[{"__id__":8},{"__id__":12}]}],"_prefab":{"__type__":"cc.PrefabInfo","root":{"__id__":1},"asset":{"__uuid__":"93MhMVxodPGZwNrXxMQLkr"},"fileId":"1fyaATfANIUY1BwhxTkFM8"},"_contentSize":{"__type__":"cc.Size","width":246.5,"height":111},"_trs":{"__type__":"TypedArray","ctor":"Float64Array","array":[0,0,0,0,0,0,1,1,1,1]}},{"__type__":"cc.Node","_name":"zhenNodeTwo","_parent":{"__id__":1},"_children":[{"__id__":16},{"__id__":18},{"__id__":19}],"_prefab":{"__type__":"cc.PrefabInfo","root":{"__id__":1},"asset":{"__uuid__":"93MhMVxodPGZwNrXxMQLkr"},"fileId":"87p8nASsRK7JNW27lz3Qpi"},"_trs":{"__type__":"TypedArray","ctor":"Float64Array","array":[-390.767,103.23,0,0,0,0,1,1,1,1]}},{"__type__":"cc.Node","_name":"zhenup","_parent":{"__id__":17},"_components":[{"__type__":"cc.RigidBody","node":{"__id__":18},"_type":0,"_gravityScale":0,"bullet":true}],"_prefab":{"__type__":"cc.PrefabInfo","root":{"__id__":1},"asset":{"__uuid__":"93MhMVxodPGZwNrXxMQLkr"},"fileId":"f3AkyWgzBGl4H1kQ4yEpHZ"},"_trs":{"__type__":"TypedArray","ctor":"Float64Array","array":[0,479.626,0,0,0,0,1,1,1,1]}},{"__type__":"cc.Node","_name":"zhendown","_parent":{"__id__":17},"_components":[{"__type__":"cc.RigidBody","node":{"__id__":19},"_type":0,"_gravityScale":0,"bullet":true}],"_prefab":{"__type__":"cc.PrefabInfo","root":{"__id__":1},"asset":{"__uuid__":"93MhMVxodPGZwNrXxMQLkr"},"fileId":"bdx5XM40BFnIUpmlXLEjZx"},"_trs":{"__type__":"TypedArray","ctor":"Float64Array","array":[0,-248,0,0,0,0,1,1,1,1]}},{"__type__":"cc.Node","_name":"zhenup","_parent":{"__id__":6},"_components":[{"__type__":"cc.RigidBody","node":{"__id__":20},"_type":0,"_gravityScale":0,"bullet":true}],"_prefab":{"__type__":"cc.PrefabInfo","root":{"__id__":1},"asset":{"__uuid__":"93MhMVxodPGZwNrXxMQLkr"},"fileId":"a7vl4G0/9GsriiouwgNABw"},"_trs":{"__type__":"TypedArray","ctor":"Float64Array","array":[0,127,0,0,0,0,1,1,1,1]}},{"__type__":"cc.Node","_name":"zhendown","_parent":{"__id__":6},"_components":[{"__type__":"cc.RigidBody","node":{"__id__":21},"_type":0,"_gravityScale":0,"bullet":true}],"_prefab":{"__type__":"cc.PrefabInfo","root":{"__id__":1},"asset":{"__uuid__":"93MhMVxodPGZwNrXxMQLkr"},"fileId":"63A7zspmlNmo5SfEOjQOTA"},"_trs":{"__type__":"TypedArray","ctor":"Float64Array","array":[0,-486.277,0,0,0,0,1,1,1,1]}},{"__type__":"cc.Node","_name":"rotationStage","_parent":{"__id__":1},"_components":[{"__type__":"cc.Sprite","node":{"__id__":22},"_materials":[{"__uuid__":"ecpdLyjvZBwrvm+cedCcQy"}],"_spriteFrame":{"__uuid__":"7cQ9AZ2ihAL7w7j2iXN4dt"}},{"__type__":"ae444naYU1I/IZzwhFmo0bP","node":{"__id__":22}},{"__type__":"cc.RigidBody","node":{"__id__":22},"_type":0},{"__type__":"cc.PhysicsBoxCollider","node":{"__id__":22},"_offset":{"__type__":"cc.Vec2","y":2.6},"_size":{"__type__":"cc.Size","width":555,"height":86.5}},{"__type__":"cc.PhysicsBoxCollider","node":{"__id__":22},"_offset":{"__type__":"cc.Vec2","x":1.8},"_size":{"__type__":"cc.Size","width":95.4,"height":555}}],"_prefab":{"__type__":"cc.PrefabInfo","root":{"__id__":1},"asset":{"__uuid__":"93MhMVxodPGZwNrXxMQLkr"},"fileId":"e9BBVhyUlERotc4+IDj909"},"_contentSize":{"__type__":"cc.Size","width":555,"height":555},"_trs":{"__type__":"TypedArray","ctor":"Float64Array","array":[262.78,-266.3,0,0,0,0.3007057995042731,0.9537169507482269,0.4,0.4,1]},"_eulerAngles":{"__type__":"cc.Vec3","z":35}}]]