[{"__type__":"cc.SpriteFrame","content":{"name":"guanqia112","texture":"57Rkq/bkxP0al92Tr/+OwA","rect":[1,1,957,1700],"offset":[0,-0.5],"originalSize":[959,1701],"capInsets":[0,0,0,1540]}},[{"__type__":"cc.Prefab","_name":"UIDerived92","data":{"__id__":1}},{"__type__":"cc.Node","_name":"UIDerived92","_children":[{"__type__":"cc.Node","_name":"bule_node","_parent":{"__id__":1},"_prefab":{"__type__":"cc.PrefabInfo","root":{"__id__":1},"asset":{"__uuid__":"dbUDbwyxtIYaZlZNWeUPzy"},"fileId":"25+ZKAjGVOE5kUkqYASYg1"},"_trs":{"__type__":"TypedArray","ctor":"Float64Array","array":[0,0,0,0,0,0,1,1,1,1]}},{"__type__":"cc.Node","_name":"greenwater_node","_parent":{"__id__":1},"_prefab":{"__type__":"cc.PrefabInfo","root":{"__id__":1},"asset":{"__uuid__":"dbUDbwyxtIYaZlZNWeUPzy"},"fileId":"e8mD5FPatDCJ1/rACDX6Sm"},"_trs":{"__type__":"TypedArray","ctor":"Float64Array","array":[0,0,0,0,0,0,1,1,1,1]}},{"__type__":"cc.Node","_name":"redwater_node","_parent":{"__id__":1},"_prefab":{"__type__":"cc.PrefabInfo","root":{"__id__":1},"asset":{"__uuid__":"dbUDbwyxtIYaZlZNWeUPzy"},"fileId":"f5MG3yZ05ILbrdP8WurZiQ"},"_trs":{"__type__":"TypedArray","ctor":"Float64Array","array":[0,0,0,0,0,0,1,1,1,1]}},{"__id__":2},{"__id__":3},{"__id__":4},{"__type__":"cc.Node","_name":"redPos_node","_parent":{"__id__":1},"_prefab":{"__type__":"cc.PrefabInfo","root":{"__id__":1},"asset":{"__uuid__":"dbUDbwyxtIYaZlZNWeUPzy"},"fileId":"2fAb0af+NIC609BVqR86I1"},"_trs":{"__type__":"TypedArray","ctor":"Float64Array","array":[0,0,0,0,0,0,1,1,1,1]}},{"__type__":"cc.Node","_name":"greenPos_node","_parent":{"__id__":1},"_prefab":{"__type__":"cc.PrefabInfo","root":{"__id__":1},"asset":{"__uuid__":"dbUDbwyxtIYaZlZNWeUPzy"},"fileId":"81OGN9/aBB+bwCTl4DWmN1"},"_trs":{"__type__":"TypedArray","ctor":"Float64Array","array":[0,0,0,0,0,0,1,1,1,1]}},{"__id__":5},{"__id__":7},{"__id__":11},{"__type__":"cc.Node","_name":"player","_parent":{"__id__":1},"_prefab":{"__type__":"cc.PrefabInfo","root":{"__id__":1},"asset":{"__uuid__":"dbUDbwyxtIYaZlZNWeUPzy"},"fileId":"b2V1DTIpJEs5bFVapgX07Z"},"_trs":{"__type__":"TypedArray","ctor":"Float64Array","array":[-287.542,-676.017,0,0,0,0,1,-0.7,0.7,1]}}],"_components":[{"__type__":"cc.Sprite","node":{"__id__":1},"_materials":[{"__uuid__":"ecpdLyjvZBwrvm+cedCcQy"}],"_spriteFrame":{"__uuid__":"15r4QWRWFK8akTTLJpOEAp"},"_type":2},{"__type__":"1100eDGpRlLMYp5CrYQGpcQ","node":{"__id__":1}},{"__type__":"cc.RigidBody","node":{"__id__":1},"_type":0},{"__type__":"cc.PhysicsPolygonCollider","node":{"__id__":1},"_offset":{"__type__":"cc.Vec2","x":-435,"y":-794},"points":[{"__type__":"cc.Vec2","x":-47,"y":-55},{"__type__":"cc.Vec2","x":913,"y":-55},{"__type__":"cc.Vec2","x":914,"y":1948},{"__type__":"cc.Vec2","x":616,"y":1598},{"__type__":"cc.Vec2","x":622.8,"y":1309.7},{"__type__":"cc.Vec2","x":498.9,"y":1250.2},{"__type__":"cc.Vec2","x":487.7,"y":1235.1},{"__type__":"cc.Vec2","x":488,"y":1133.1},{"__type__":"cc.Vec2","x":508.7,"y":1112.3},{"__type__":"cc.Vec2","x":869.3,"y":1116.8},{"__type__":"cc.Vec2","x":869.5,"y":1015.7},{"__type__":"cc.Vec2","x":501.9,"y":1014.7},{"__type__":"cc.Vec2","x":494.2,"y":1008.5},{"__type__":"cc.Vec2","x":493.2,"y":726.8},{"__type__":"cc.Vec2","x":384.2,"y":728.7},{"__type__":"cc.Vec2","x":383.4,"y":1008.7},{"__type__":"cc.Vec2","x":370.1,"y":1014.3},{"__type__":"cc.Vec2","x":325.1,"y":1018.5},{"__type__":"cc.Vec2","x":275.2,"y":1037.2},{"__type__":"cc.Vec2","x":184,"y":1089.7},{"__type__":"cc.Vec2","x":136.3,"y":1118.6},{"__type__":"cc.Vec2","x":111.5,"y":1119.5},{"__type__":"cc.Vec2","x":100.8,"y":1109.2},{"__type__":"cc.Vec2","x":89.9,"y":1067.2},{"__type__":"cc.Vec2","x":84.2,"y":992.1},{"__type__":"cc.Vec2","x":93.9,"y":915.8},{"__type__":"cc.Vec2","x":128.8,"y":827.2},{"__type__":"cc.Vec2","x":194.6,"y":737.6},{"__type__":"cc.Vec2","x":271.9,"y":676},{"__type__":"cc.Vec2","x":330.7,"y":645.3},{"__type__":"cc.Vec2","x":411.1,"y":622.1},{"__type__":"cc.Vec2","x":679.8,"y":584.8},{"__type__":"cc.Vec2","x":762.4,"y":554},{"__type__":"cc.Vec2","x":809.1,"y":517.6},{"__type__":"cc.Vec2","x":834.8,"y":465.6},{"__type__":"cc.Vec2","x":843.7,"y":410.4},{"__type__":"cc.Vec2","x":840.8,"y":376.9},{"__type__":"cc.Vec2","x":831.9,"y":352.3},{"__type__":"cc.Vec2","x":810.8,"y":325},{"__type__":"cc.Vec2","x":777.6,"y":302.5},{"__type__":"cc.Vec2","x":706,"y":283.7},{"__type__":"cc.Vec2","x":622.7,"y":279.8},{"__type__":"cc.Vec2","x":544.3,"y":284.6},{"__type__":"cc.Vec2","x":387.3,"y":302.6},{"__type__":"cc.Vec2","x":312.2,"y":316.1},{"__type__":"cc.Vec2","x":302.2,"y":311.6},{"__type__":"cc.Vec2","x":299.5,"y":301.1},{"__type__":"cc.Vec2","x":302,"y":282},{"__type__":"cc.Vec2","x":295,"y":163},{"__type__":"cc.Vec2","x":272,"y":83},{"__type__":"cc.Vec2","x":229,"y":20},{"__type__":"cc.Vec2","x":162,"y":-7},{"__type__":"cc.Vec2","x":105,"y":-6},{"__type__":"cc.Vec2","x":55,"y":15},{"__type__":"cc.Vec2","x":14,"y":53},{"__type__":"cc.Vec2","x":-3,"y":124},{"__type__":"cc.Vec2","x":-6,"y":200},{"__type__":"cc.Vec2","x":6,"y":263},{"__type__":"cc.Vec2","x":59,"y":337},{"__type__":"cc.Vec2","x":145,"y":392},{"__type__":"cc.Vec2","x":247,"y":422},{"__type__":"cc.Vec2","x":469,"y":412},{"__type__":"cc.Vec2","x":622,"y":387},{"__type__":"cc.Vec2","x":674,"y":380.3},{"__type__":"cc.Vec2","x":705.7,"y":389.3},{"__type__":"cc.Vec2","x":721.5,"y":404.7},{"__type__":"cc.Vec2","x":722.6,"y":422.9},{"__type__":"cc.Vec2","x":715.4,"y":440.7},{"__type__":"cc.Vec2","x":697.6,"y":451.8},{"__type__":"cc.Vec2","x":634.2,"y":476.6},{"__type__":"cc.Vec2","x":531,"y":503.9},{"__type__":"cc.Vec2","x":397.3,"y":524.1},{"__type__":"cc.Vec2","x":273,"y":545},{"__type__":"cc.Vec2","x":177,"y":584},{"__type__":"cc.Vec2","x":109,"y":652},{"__type__":"cc.Vec2","x":47,"y":751},{"__type__":"cc.Vec2","x":18,"y":841},{"__type__":"cc.Vec2","x":4,"y":933},{"__type__":"cc.Vec2","x":-3.9,"y":1022.9},{"__type__":"cc.Vec2","x":-7.2,"y":1129.8},{"__type__":"cc.Vec2","x":8,"y":1182.5},{"__type__":"cc.Vec2","x":36.6,"y":1216.7},{"__type__":"cc.Vec2","x":75.7,"y":1233.3},{"__type__":"cc.Vec2","x":133.1,"y":1226.3},{"__type__":"cc.Vec2","x":232.7,"y":1162},{"__type__":"cc.Vec2","x":316.5,"y":1123},{"__type__":"cc.Vec2","x":357.2,"y":1116.3},{"__type__":"cc.Vec2","x":374.7,"y":1120.5},{"__type__":"cc.Vec2","x":382.9,"y":1133.9},{"__type__":"cc.Vec2","x":384.1,"y":1236.2},{"__type__":"cc.Vec2","x":371.6,"y":1249.4},{"__type__":"cc.Vec2","x":251.4,"y":1303.3},{"__type__":"cc.Vec2","x":252.7,"y":1601.4},{"__type__":"cc.Vec2","x":612,"y":1598},{"__type__":"cc.Vec2","x":915,"y":1958},{"__type__":"cc.Vec2","x":-44,"y":1946}]}],"_prefab":{"__type__":"cc.PrefabInfo","root":{"__id__":1},"asset":{"__uuid__":"dbUDbwyxtIYaZlZNWeUPzy"},"fileId":"a4s2DPKQVF2KW+abrTiy1R"},"_contentSize":{"__type__":"cc.Size","width":957,"height":1700},"_trs":{"__type__":"TypedArray","ctor":"Float64Array","array":[0,0,0,0,0,0,1,1,1,1]}},{"__type__":"cc.Node","_name":"black_node","_parent":{"__id__":1},"_components":[{"__type__":"6c0e8KZwr5L34azTYX21stu","node":{"__id__":2}}],"_prefab":{"__type__":"cc.PrefabInfo","root":{"__id__":1},"asset":{"__uuid__":"dbUDbwyxtIYaZlZNWeUPzy"},"fileId":"7bIoEOZvJGEIh9oKdZkSBx"},"_trs":{"__type__":"TypedArray","ctor":"Float64Array","array":[0,0,0,0,0,0,1,1,1,1]}},{"__type__":"cc.Node","_name":"gray_node","_parent":{"__id__":1},"_components":[{"__type__":"3400dF2d2tHLK8+En9baGXY","node":{"__id__":3},"grey_prefab":{"__uuid__":"13FEeEL1NMaK5TFGpFQpJr"}}],"_prefab":{"__type__":"cc.PrefabInfo","root":{"__id__":1},"asset":{"__uuid__":"dbUDbwyxtIYaZlZNWeUPzy"},"fileId":"f7ozFdCsND1ZQBEmwzoH71"},"_trs":{"__type__":"TypedArray","ctor":"Float64Array","array":[0,0,0,0,0,0,1,1,1,1]}},{"__type__":"cc.Node","_name":"bulePos_node","_parent":{"__id__":1},"_children":[{"__type__":"cc.Node","_name":"New Node","_parent":{"__id__":4},"_prefab":{"__type__":"cc.PrefabInfo","root":{"__id__":1},"asset":{"__uuid__":"dbUDbwyxtIYaZlZNWeUPzy"},"fileId":"9fO1fV0ShNRI9mgwzJETKH"},"_trs":{"__type__":"TypedArray","ctor":"Float64Array","array":[0,525.991,0,0,0,0,1,1,1,1]}}],"_prefab":{"__type__":"cc.PrefabInfo","root":{"__id__":1},"asset":{"__uuid__":"dbUDbwyxtIYaZlZNWeUPzy"},"fileId":"20m0dCimtDPZMkRgNyoIfa"},"_trs":{"__type__":"TypedArray","ctor":"Float64Array","array":[0,0,0,0,0,0,1,1,1,1]}},{"__type__":"cc.Node","_name":"zhenNode","_parent":{"__id__":1},"_children":[{"__id__":6}],"_prefab":{"__type__":"cc.PrefabInfo","root":{"__id__":1},"asset":{"__uuid__":"dbUDbwyxtIYaZlZNWeUPzy"},"fileId":"a1Mma9bVJPAoyMkooT0+ae"},"_trs":{"__type__":"TypedArray","ctor":"Float64Array","array":[31.896,396.105,0,0,0,0,1,1,1,1]},"_groupIndex":8,"groupIndex":8},{"__type__":"cc.Node","_name":"zhen","_parent":{"__id__":5},"_components":[{"__type__":"cc.Sprite","node":{"__id__":6},"_materials":[{"__uuid__":"ecpdLyjvZBwrvm+cedCcQy"}],"_spriteFrame":{"__uuid__":"81u1O4l2lM2IGXbUA/0aw7"},"_type":1,"_sizeMode":0},{"__type__":"cc.RigidBody","node":{"__id__":6},"_type":3,"_allowSleep":false,"_gravityScale":0,"_fixedRotation":true,"enabledContactListener":true,"bullet":true},{"__type__":"cc.PhysicsPolygonCollider","node":{"__id__":6},"tag":222,"_offset":{"__type__":"cc.Vec2","x":241,"y":-1},"points":[{"__type__":"cc.Vec2","x":-125.1,"y":-53.1},{"__type__":"cc.Vec2","x":-41.8,"y":-55},{"__type__":"cc.Vec2","x":-41.5,"y":57.3},{"__type__":"cc.Vec2","x":-128.3,"y":56.8},{"__type__":"cc.Vec2","x":-154.7,"y":27.2},{"__type__":"cc.Vec2","x":-441.8,"y":26.8},{"__type__":"cc.Vec2","x":-441.7,"y":-26.1},{"__type__":"cc.Vec2","x":-155.6,"y":-23.9}]},{"__type__":"72555Q9muRD1505Zi2fOOxm","node":{"__id__":6},"linevelocityX":500}],"_prefab":{"__type__":"cc.PrefabInfo","root":{"__id__":1},"asset":{"__uuid__":"dbUDbwyxtIYaZlZNWeUPzy"},"fileId":"09EOJNhUZOaac3rGHvfnZt"},"_contentSize":{"__type__":"cc.Size","width":400,"height":111},"_trs":{"__type__":"TypedArray","ctor":"Float64Array","array":[0,0,0,0,0,0,1,0.8,0.8,0.8]},"_groupIndex":8,"groupIndex":8},{"__type__":"cc.Node","_name":"zhenNodeTwo","_parent":{"__id__":1},"_children":[{"__id__":8},{"__id__":9},{"__id__":10}],"_prefab":{"__type__":"cc.PrefabInfo","root":{"__id__":1},"asset":{"__uuid__":"dbUDbwyxtIYaZlZNWeUPzy"},"fileId":"2fSOqX8mhHB60lNJljhbta"},"_trs":{"__type__":"TypedArray","ctor":"Float64Array","array":[449.755,228.66,0,0,0,0.7071067811865475,0.7071067811865476,1,1,1]},"_eulerAngles":{"__type__":"cc.Vec3","z":90}},{"__type__":"cc.Node","_name":"zhen","_parent":{"__id__":7},"_components":[{"__type__":"cc.Sprite","node":{"__id__":8},"_materials":[{"__uuid__":"ecpdLyjvZBwrvm+cedCcQy"}],"_spriteFrame":{"__uuid__":"14vJwyNH1OspMXFimJtxkW"},"_type":1,"_sizeMode":0},{"__type__":"cc.RigidBody","node":{"__id__":8},"_type":3,"_gravityScale":0,"_fixedRotation":true,"enabledContactListener":true,"bullet":true},{"__type__":"cc.PhysicsPolygonCollider","node":{"__id__":8},"_offset":{"__type__":"cc.Vec2","x":151.5,"y":5.7},"points":[{"__type__":"cc.Vec2","x":-249.4,"y":-21.6},{"__type__":"cc.Vec2","x":-26.2,"y":-22.6},{"__type__":"cc.Vec2","x":-26.5,"y":13.5},{"__type__":"cc.Vec2","x":-249.7,"y":13.4}]},{"__type__":"1cb3eoIRdhJWZayW7A68Y7j","node":{"__id__":8},"applyDownsensor":true}],"_prefab":{"__type__":"cc.PrefabInfo","root":{"__id__":1},"asset":{"__uuid__":"dbUDbwyxtIYaZlZNWeUPzy"},"fileId":"e1qLVJqONMRbsY6yj19ic1"},"_contentSize":{"__type__":"cc.Size","width":250,"height":111},"_trs":{"__type__":"TypedArray","ctor":"Float64Array","array":[0,0,0,0,0,0,1,1,1,1]}},{"__type__":"cc.Node","_name":"zhenup","_parent":{"__id__":7},"_components":[{"__type__":"cc.RigidBody","node":{"__id__":9},"_type":0,"_gravityScale":0,"bullet":true}],"_prefab":{"__type__":"cc.PrefabInfo","root":{"__id__":1},"asset":{"__uuid__":"dbUDbwyxtIYaZlZNWeUPzy"},"fileId":"0dPF43uttHpaB+tLdEO3pe"},"_trs":{"__type__":"TypedArray","ctor":"Float64Array","array":[0,353.133,0,0,0,0,1,1,1,1]}},{"__type__":"cc.Node","_name":"zhendown","_parent":{"__id__":7},"_components":[{"__type__":"cc.RigidBody","node":{"__id__":10},"_type":0,"_gravityScale":0,"bullet":true}],"_prefab":{"__type__":"cc.PrefabInfo","root":{"__id__":1},"asset":{"__uuid__":"dbUDbwyxtIYaZlZNWeUPzy"},"fileId":"f2dW8nXptK8YBU4z+L8BPy"},"_trs":{"__type__":"TypedArray","ctor":"Float64Array","array":[0,0,0,0,0,0,1,1,1,1]}},{"__type__":"cc.Node","_name":"zhenNodeTwo","_parent":{"__id__":1},"_children":[{"__id__":12},{"__id__":13},{"__id__":14}],"_prefab":{"__type__":"cc.PrefabInfo","root":{"__id__":1},"asset":{"__uuid__":"dbUDbwyxtIYaZlZNWeUPzy"},"fileId":"5dfjyhmihIR5pZZZ80vmK5"},"_trs":{"__type__":"TypedArray","ctor":"Float64Array","array":[-34.961,-78.167,0,0,0,0,1,1,1,1]}},{"__type__":"cc.Node","_name":"zhen","_parent":{"__id__":11},"_components":[{"__type__":"cc.Sprite","node":{"__id__":12},"_materials":[{"__uuid__":"ecpdLyjvZBwrvm+cedCcQy"}],"_spriteFrame":{"__uuid__":"14vJwyNH1OspMXFimJtxkW"},"_type":1,"_sizeMode":0},{"__type__":"cc.RigidBody","node":{"__id__":12},"_type":3,"_gravityScale":0,"_fixedRotation":true,"enabledContactListener":true,"bullet":true},{"__type__":"cc.PhysicsPolygonCollider","node":{"__id__":12},"_offset":{"__type__":"cc.Vec2","x":151.5,"y":5.7},"points":[{"__type__":"cc.Vec2","x":-249.4,"y":-21.6},{"__type__":"cc.Vec2","x":-26.2,"y":-22.6},{"__type__":"cc.Vec2","x":-26.5,"y":13.5},{"__type__":"cc.Vec2","x":-249.7,"y":13.4}]},{"__type__":"1cb3eoIRdhJWZayW7A68Y7j","node":{"__id__":12},"applyDownsensor":true}],"_prefab":{"__type__":"cc.PrefabInfo","root":{"__id__":1},"asset":{"__uuid__":"dbUDbwyxtIYaZlZNWeUPzy"},"fileId":"33WN2X94RHgbji87zzP/K7"},"_contentSize":{"__type__":"cc.Size","width":250,"height":111},"_trs":{"__type__":"TypedArray","ctor":"Float64Array","array":[0,0,0,0,0,0,1,1,1,1]}},{"__type__":"cc.Node","_name":"zhenup","_parent":{"__id__":11},"_components":[{"__type__":"cc.RigidBody","node":{"__id__":13},"_type":0,"_gravityScale":0,"bullet":true}],"_prefab":{"__type__":"cc.PrefabInfo","root":{"__id__":1},"asset":{"__uuid__":"dbUDbwyxtIYaZlZNWeUPzy"},"fileId":"ddrU49n3BMa6d0P33QwPa+"},"_trs":{"__type__":"TypedArray","ctor":"Float64Array","array":[0,277.988,0,0,0,0,1,1,1,1]}},{"__type__":"cc.Node","_name":"zhendown","_parent":{"__id__":11},"_components":[{"__type__":"cc.RigidBody","node":{"__id__":14},"_type":0,"_gravityScale":0,"bullet":true}],"_prefab":{"__type__":"cc.PrefabInfo","root":{"__id__":1},"asset":{"__uuid__":"dbUDbwyxtIYaZlZNWeUPzy"},"fileId":"d2zxveVtlI2qIVoOJnePMS"},"_trs":{"__type__":"TypedArray","ctor":"Float64Array","array":[0,0,0,0,0,0,1,1,1,1]}}]]