[{"__type__":"cc.SpriteFrame","content":{"name":"guanqia65","texture":"ea3glmecdCwb0Le5DlL1vg","rect":[1,0,1026,1743],"offset":[0.5,0.5],"originalSize":[1027,1744],"capInsets":[0,0,0,0]}},[{"__type__":"cc.Prefab","_name":"UIDerived72","data":{"__id__":1}},{"__type__":"cc.Node","_name":"UIDerived36","_children":[{"__type__":"cc.Node","_name":"player","_parent":{"__id__":1},"_prefab":{"__type__":"cc.PrefabInfo","root":{"__id__":1},"asset":{"__uuid__":"5fmxW8p65Na7k97u4Iwvz0"},"fileId":"42eooj9sZIaYqSWelbEebc"},"_contentSize":{"__type__":"cc.Size","width":240,"height":140},"_trs":{"__type__":"TypedArray","ctor":"Float64Array","array":[-306.493,-733.733,0,0,0,0,1,0.7,0.7,0.7]}},{"__type__":"cc.Node","_name":"greenPos_node","_parent":{"__id__":1},"_prefab":{"__type__":"cc.PrefabInfo","root":{"__id__":1},"asset":{"__uuid__":"5fmxW8p65Na7k97u4Iwvz0"},"fileId":"5aDpXU/S1ArYD0ge77WleR"},"_trs":{"__type__":"TypedArray","ctor":"Float64Array","array":[0,0,0,0,0,0,1,1,1,1]}},{"__type__":"cc.Node","_name":"redPos_node","_parent":{"__id__":1},"_prefab":{"__type__":"cc.PrefabInfo","root":{"__id__":1},"asset":{"__uuid__":"5fmxW8p65Na7k97u4Iwvz0"},"fileId":"3aziwt5QhEKavVFgcqhZNR"},"_trs":{"__type__":"TypedArray","ctor":"Float64Array","array":[0,0,0,0,0,0,1,1,1,1]}},{"__id__":2},{"__id__":3},{"__id__":4},{"__type__":"cc.Node","_name":"redwater_node","_parent":{"__id__":1},"_prefab":{"__type__":"cc.PrefabInfo","root":{"__id__":1},"asset":{"__uuid__":"5fmxW8p65Na7k97u4Iwvz0"},"fileId":"66hmQdbRNPQoSuJB0+3vnI"},"_trs":{"__type__":"TypedArray","ctor":"Float64Array","array":[0,0,0,0,0,0,1,1,1,1]}},{"__type__":"cc.Node","_name":"greenwater_node","_parent":{"__id__":1},"_prefab":{"__type__":"cc.PrefabInfo","root":{"__id__":1},"asset":{"__uuid__":"5fmxW8p65Na7k97u4Iwvz0"},"fileId":"c6nnsizWJHAqLTUsTawg1w"},"_trs":{"__type__":"TypedArray","ctor":"Float64Array","array":[0,0,0,0,0,0,1,1,1,1]}},{"__type__":"cc.Node","_name":"bule_node","_parent":{"__id__":1},"_prefab":{"__type__":"cc.PrefabInfo","root":{"__id__":1},"asset":{"__uuid__":"5fmxW8p65Na7k97u4Iwvz0"},"fileId":"82e3EDoyFGsoutcCqPKFDm"},"_trs":{"__type__":"TypedArray","ctor":"Float64Array","array":[0,0,0,0,0,0,1,1,1,1]}},{"__id__":5},{"__id__":9},{"__id__":13},{"__id__":17}],"_components":[{"__type__":"cc.Sprite","node":{"__id__":1},"_materials":[{"__uuid__":"ecpdLyjvZBwrvm+cedCcQy"}],"_spriteFrame":{"__uuid__":"4a0B54lwpC1ZhDeSNC9L4C"}},{"__type__":"1100eDGpRlLMYp5CrYQGpcQ","node":{"__id__":1}},{"__type__":"cc.RigidBody","node":{"__id__":1},"_type":0},{"__type__":"cc.PhysicsPolygonCollider","node":{"__id__":1},"points":[{"__type__":"cc.Vec2","x":-173,"y":620},{"__type__":"cc.Vec2","x":-114,"y":566.8},{"__type__":"cc.Vec2","x":-102,"y":460.8},{"__type__":"cc.Vec2","x":-46.3,"y":417.3},{"__type__":"cc.Vec2","x":18.7,"y":398.3},{"__type__":"cc.Vec2","x":267.9,"y":383.4},{"__type__":"cc.Vec2","x":299.5,"y":345.8},{"__type__":"cc.Vec2","x":-386,"y":253.1},{"__type__":"cc.Vec2","x":-323.6,"y":-14.3},{"__type__":"cc.Vec2","x":-424.6,"y":-79},{"__type__":"cc.Vec2","x":-460.1,"y":-155.9},{"__type__":"cc.Vec2","x":-468.9,"y":-244.1},{"__type__":"cc.Vec2","x":-461.5,"y":-327.8},{"__type__":"cc.Vec2","x":-434.1,"y":-416.3},{"__type__":"cc.Vec2","x":-386.9,"y":-471.3},{"__type__":"cc.Vec2","x":-523.5,"y":-538.1},{"__type__":"cc.Vec2","x":-516.5,"y":-872.7},{"__type__":"cc.Vec2","x":211.3,"y":-870.1},{"__type__":"cc.Vec2","x":520,"y":-875},{"__type__":"cc.Vec2","x":526,"y":-710},{"__type__":"cc.Vec2","x":181.1,"y":-663.2},{"__type__":"cc.Vec2","x":33.2,"y":-669.9},{"__type__":"cc.Vec2","x":-150.4,"y":-662.7},{"__type__":"cc.Vec2","x":-187.4,"y":-778.2},{"__type__":"cc.Vec2","x":-260.9,"y":-822.9},{"__type__":"cc.Vec2","x":-335,"y":-833.2},{"__type__":"cc.Vec2","x":-406.7,"y":-808.3},{"__type__":"cc.Vec2","x":-450.1,"y":-759.2},{"__type__":"cc.Vec2","x":-474.2,"y":-671.5},{"__type__":"cc.Vec2","x":-470.6,"y":-590.7},{"__type__":"cc.Vec2","x":-452.5,"y":-562.9},{"__type__":"cc.Vec2","x":-403.7,"y":-540.7},{"__type__":"cc.Vec2","x":-246.2,"y":-518.7},{"__type__":"cc.Vec2","x":-379.3,"y":-444.6},{"__type__":"cc.Vec2","x":-423.7,"y":-376.4},{"__type__":"cc.Vec2","x":-441.1,"y":-288},{"__type__":"cc.Vec2","x":-442.9,"y":-213.7},{"__type__":"cc.Vec2","x":-421.3,"y":-127.8},{"__type__":"cc.Vec2","x":-390.2,"y":-85.4},{"__type__":"cc.Vec2","x":-294.9,"y":-31.3},{"__type__":"cc.Vec2","x":-347.7,"y":231.9},{"__type__":"cc.Vec2","x":284.6,"y":309},{"__type__":"cc.Vec2","x":316.9,"y":327.7},{"__type__":"cc.Vec2","x":323.3,"y":360.4},{"__type__":"cc.Vec2","x":307,"y":391.4},{"__type__":"cc.Vec2","x":275.2,"y":408.8},{"__type__":"cc.Vec2","x":-2.5,"y":429.9},{"__type__":"cc.Vec2","x":-52.9,"y":448.5},{"__type__":"cc.Vec2","x":-81.8,"y":477.5},{"__type__":"cc.Vec2","x":-82.8,"y":558},{"__type__":"cc.Vec2","x":-94.6,"y":587},{"__type__":"cc.Vec2","x":-149,"y":636},{"__type__":"cc.Vec2","x":-145,"y":1118},{"__type__":"cc.Vec2","x":102,"y":1132},{"__type__":"cc.Vec2","x":99.6,"y":644.2},{"__type__":"cc.Vec2","x":54.7,"y":606.2},{"__type__":"cc.Vec2","x":31.3,"y":572.8},{"__type__":"cc.Vec2","x":27.3,"y":535.3},{"__type__":"cc.Vec2","x":44.6,"y":509},{"__type__":"cc.Vec2","x":193.8,"y":495.8},{"__type__":"cc.Vec2","x":372.8,"y":467.4},{"__type__":"cc.Vec2","x":414.7,"y":436.9},{"__type__":"cc.Vec2","x":357,"y":114},{"__type__":"cc.Vec2","x":364.4,"y":-7.3},{"__type__":"cc.Vec2","x":-132.6,"y":-59.2},{"__type__":"cc.Vec2","x":-150.6,"y":-74.5},{"__type__":"cc.Vec2","x":-148.4,"y":-114.7},{"__type__":"cc.Vec2","x":-129.6,"y":-163.1},{"__type__":"cc.Vec2","x":-89.2,"y":-207},{"__type__":"cc.Vec2","x":-27.6,"y":-229.6},{"__type__":"cc.Vec2","x":432,"y":-307.5},{"__type__":"cc.Vec2","x":385.1,"y":-485.3},{"__type__":"cc.Vec2","x":312.2,"y":-548},{"__type__":"cc.Vec2","x":308,"y":-562},{"__type__":"cc.Vec2","x":514.9,"y":-564.8},{"__type__":"cc.Vec2","x":503.1,"y":-480.7},{"__type__":"cc.Vec2","x":472.5,"y":-288.9},{"__type__":"cc.Vec2","x":17,"y":-208.9},{"__type__":"cc.Vec2","x":-65.4,"y":-188.1},{"__type__":"cc.Vec2","x":-116.3,"y":-130.5},{"__type__":"cc.Vec2","x":-125.1,"y":-86.1},{"__type__":"cc.Vec2","x":395.8,"y":-42.2},{"__type__":"cc.Vec2","x":381,"y":103},{"__type__":"cc.Vec2","x":443,"y":436},{"__type__":"cc.Vec2","x":420.5,"y":485},{"__type__":"cc.Vec2","x":210,"y":519.3},{"__type__":"cc.Vec2","x":136,"y":641},{"__type__":"cc.Vec2","x":149,"y":1151},{"__type__":"cc.Vec2","x":-177,"y":1152}]},{"__type__":"cc.PhysicsPolygonCollider","node":{"__id__":1},"points":[{"__type__":"cc.Vec2","x":-148.1,"y":52.3},{"__type__":"cc.Vec2","x":-67.3,"y":43.3},{"__type__":"cc.Vec2","x":88.5,"y":60.8},{"__type__":"cc.Vec2","x":202.7,"y":95},{"__type__":"cc.Vec2","x":252.5,"y":117.9},{"__type__":"cc.Vec2","x":273.1,"y":133.1},{"__type__":"cc.Vec2","x":279.6,"y":161.1},{"__type__":"cc.Vec2","x":215.3,"y":184.5},{"__type__":"cc.Vec2","x":72.7,"y":192.1},{"__type__":"cc.Vec2","x":-38,"y":176.2},{"__type__":"cc.Vec2","x":-169.8,"y":137.6},{"__type__":"cc.Vec2","x":-202.4,"y":113.8},{"__type__":"cc.Vec2","x":-182,"y":65.4}]},{"__type__":"cc.PhysicsPolygonCollider","node":{"__id__":1},"_offset":{"__type__":"cc.Vec2","x":-82,"y":-332},"points":[{"__type__":"cc.Vec2","x":-64.7,"y":-115.2},{"__type__":"cc.Vec2","x":88.4,"y":-155.9},{"__type__":"cc.Vec2","x":252.5,"y":-149.5},{"__type__":"cc.Vec2","x":327.2,"y":-117.4},{"__type__":"cc.Vec2","x":360.7,"y":-58.7},{"__type__":"cc.Vec2","x":211.9,"y":-43.5},{"__type__":"cc.Vec2","x":42.3,"y":-12.3},{"__type__":"cc.Vec2","x":-84.4,"y":38.7},{"__type__":"cc.Vec2","x":-199.2,"y":134.1},{"__type__":"cc.Vec2","x":-224,"y":109},{"__type__":"cc.Vec2","x":-238.7,"y":51},{"__type__":"cc.Vec2","x":-225.6,"y":-10.4},{"__type__":"cc.Vec2","x":-155.4,"y":-68.4}]}],"_prefab":{"__type__":"cc.PrefabInfo","root":{"__id__":1},"asset":{"__uuid__":"5fmxW8p65Na7k97u4Iwvz0"},"fileId":"af6G7Ga9hMeK5uNB6rrafv"},"_contentSize":{"__type__":"cc.Size","width":1026,"height":1743},"_trs":{"__type__":"TypedArray","ctor":"Float64Array","array":[54.059,129.396,0,0,0,0,1,1,1,1]}},{"__type__":"cc.Node","_name":"bulePos_node","_parent":{"__id__":1},"_children":[{"__type__":"cc.Node","_name":"New Node","_parent":{"__id__":2},"_prefab":{"__type__":"cc.PrefabInfo","root":{"__id__":1},"asset":{"__uuid__":"5fmxW8p65Na7k97u4Iwvz0"},"fileId":"fasn/Jcy1MP53l94nIvV6S"},"_trs":{"__type__":"TypedArray","ctor":"Float64Array","array":[-48.798,824.392,0,0,0,0,1,1,1,1]}}],"_prefab":{"__type__":"cc.PrefabInfo","root":{"__id__":1},"asset":{"__uuid__":"5fmxW8p65Na7k97u4Iwvz0"},"fileId":"45v9j7DqFKc7KX7/NKuJpJ"},"_trs":{"__type__":"TypedArray","ctor":"Float64Array","array":[0,0,0,0,0,0,1,1,1,1]}},{"__type__":"cc.Node","_name":"gray_node","_parent":{"__id__":1},"_components":[{"__type__":"3400dF2d2tHLK8+En9baGXY","node":{"__id__":3},"grey_prefab":{"__uuid__":"13FEeEL1NMaK5TFGpFQpJr"}}],"_prefab":{"__type__":"cc.PrefabInfo","root":{"__id__":1},"asset":{"__uuid__":"5fmxW8p65Na7k97u4Iwvz0"},"fileId":"63t12+/BhMB6MRbiNfzb1Q"},"_trs":{"__type__":"TypedArray","ctor":"Float64Array","array":[0,0,0,0,0,0,1,1,1,1]}},{"__type__":"cc.Node","_name":"black_node","_parent":{"__id__":1},"_components":[{"__type__":"6c0e8KZwr5L34azTYX21stu","node":{"__id__":4}}],"_prefab":{"__type__":"cc.PrefabInfo","root":{"__id__":1},"asset":{"__uuid__":"5fmxW8p65Na7k97u4Iwvz0"},"fileId":"25gCjua5BElaFD6IwDUqip"},"_trs":{"__type__":"TypedArray","ctor":"Float64Array","array":[0,0,0,0,0,0,1,1,1,1]}},{"__type__":"cc.Node","_name":"zhenNodeTwo","_parent":{"__id__":1},"_children":[{"__id__":6},{"__id__":7},{"__id__":8}],"_prefab":{"__type__":"cc.PrefabInfo","root":{"__id__":1},"asset":{"__uuid__":"5fmxW8p65Na7k97u4Iwvz0"},"fileId":"76YtP38PxFtJMGHSYsYymy"},"_trs":{"__type__":"TypedArray","ctor":"Float64Array","array":[42.317,272.411,0,0,0,0.6701934872932912,-0.7421864250912011,1,1,1]},"_eulerAngles":{"__type__":"cc.Vec3","z":275.836}},{"__type__":"cc.Node","_name":"zhen","_parent":{"__id__":5},"_components":[{"__type__":"cc.Sprite","node":{"__id__":6},"_materials":[{"__uuid__":"ecpdLyjvZBwrvm+cedCcQy"}],"_spriteFrame":{"__uuid__":"14vJwyNH1OspMXFimJtxkW"},"_type":1,"_sizeMode":0},{"__type__":"cc.RigidBody","node":{"__id__":6},"_type":3,"_gravityScale":0,"_fixedRotation":true,"enabledContactListener":true,"bullet":true},{"__type__":"cc.PhysicsPolygonCollider","node":{"__id__":6},"_offset":{"__type__":"cc.Vec2","x":179},"points":[{"__type__":"cc.Vec2","x":-319,"y":-58},{"__type__":"cc.Vec2","x":-210,"y":-58},{"__type__":"cc.Vec2","x":-209.4,"y":-24.4},{"__type__":"cc.Vec2","x":-39,"y":-23.9},{"__type__":"cc.Vec2","x":-40.2,"y":26.3},{"__type__":"cc.Vec2","x":-210.5,"y":24.5},{"__type__":"cc.Vec2","x":-207,"y":52},{"__type__":"cc.Vec2","x":-319,"y":51}]},{"__type__":"1cb3eoIRdhJWZayW7A68Y7j","node":{"__id__":6}}],"_prefab":{"__type__":"cc.PrefabInfo","root":{"__id__":1},"asset":{"__uuid__":"5fmxW8p65Na7k97u4Iwvz0"},"fileId":"69jGnaychAlZYw+jXVvvkT"},"_contentSize":{"__type__":"cc.Size","width":280,"height":111},"_trs":{"__type__":"TypedArray","ctor":"Float64Array","array":[0,0,0,0,0,0,1,1,1,1]}},{"__type__":"cc.Node","_name":"zhenup","_parent":{"__id__":5},"_components":[{"__type__":"cc.RigidBody","node":{"__id__":7},"_type":0,"_gravityScale":0,"bullet":true}],"_prefab":{"__type__":"cc.PrefabInfo","root":{"__id__":1},"asset":{"__uuid__":"5fmxW8p65Na7k97u4Iwvz0"},"fileId":"f1Aq9I+apBObb5GLkzRcoC"},"_trs":{"__type__":"TypedArray","ctor":"Float64Array","array":[-36.796,244.544,0,0,0,0,1,1,1,1]}},{"__type__":"cc.Node","_name":"zhendown","_parent":{"__id__":5},"_components":[{"__type__":"cc.RigidBody","node":{"__id__":8},"_type":0,"_gravityScale":0,"bullet":true}],"_prefab":{"__type__":"cc.PrefabInfo","root":{"__id__":1},"asset":{"__uuid__":"5fmxW8p65Na7k97u4Iwvz0"},"fileId":"4d6TeorTBKTYqE22rDB2Ml"},"_trs":{"__type__":"TypedArray","ctor":"Float64Array","array":[-9.745,-385.449,0,0,0,0,1,1,1,1]}},{"__type__":"cc.Node","_name":"zhenNodeTwo","_parent":{"__id__":1},"_children":[{"__id__":10},{"__id__":11},{"__id__":12}],"_prefab":{"__type__":"cc.PrefabInfo","root":{"__id__":1},"asset":{"__uuid__":"5fmxW8p65Na7k97u4Iwvz0"},"fileId":"d0ph9nXPdPo50o7KT9k0Hp"},"_trs":{"__type__":"TypedArray","ctor":"Float64Array","array":[-29.628,-216.134,0,0,0,0.7554533697636323,-0.6552024161377709,1,1,1]},"_eulerAngles":{"__type__":"cc.Vec3","z":261.87}},{"__type__":"cc.Node","_name":"zhen","_parent":{"__id__":9},"_components":[{"__type__":"cc.Sprite","node":{"__id__":10},"_materials":[{"__uuid__":"ecpdLyjvZBwrvm+cedCcQy"}],"_spriteFrame":{"__uuid__":"14vJwyNH1OspMXFimJtxkW"},"_type":1,"_sizeMode":0},{"__type__":"cc.RigidBody","node":{"__id__":10},"_type":3,"_gravityScale":0,"_fixedRotation":true,"enabledContactListener":true,"bullet":true},{"__type__":"cc.PhysicsPolygonCollider","node":{"__id__":10},"_offset":{"__type__":"cc.Vec2","x":179},"points":[{"__type__":"cc.Vec2","x":-319,"y":-58},{"__type__":"cc.Vec2","x":-210,"y":-58},{"__type__":"cc.Vec2","x":-209.2,"y":-24.5},{"__type__":"cc.Vec2","x":-44.7,"y":-24},{"__type__":"cc.Vec2","x":-41.9,"y":29.3},{"__type__":"cc.Vec2","x":-207,"y":28.2},{"__type__":"cc.Vec2","x":-207,"y":52},{"__type__":"cc.Vec2","x":-319,"y":51}]},{"__type__":"1cb3eoIRdhJWZayW7A68Y7j","node":{"__id__":10}}],"_prefab":{"__type__":"cc.PrefabInfo","root":{"__id__":1},"asset":{"__uuid__":"5fmxW8p65Na7k97u4Iwvz0"},"fileId":"07WkX4VmpDy6rRonLywLGK"},"_contentSize":{"__type__":"cc.Size","width":280,"height":111},"_trs":{"__type__":"TypedArray","ctor":"Float64Array","array":[0,0,0,0,0,0,1,1,1,1]}},{"__type__":"cc.Node","_name":"zhenup","_parent":{"__id__":9},"_components":[{"__type__":"cc.RigidBody","node":{"__id__":11},"_type":0,"_gravityScale":0,"bullet":true}],"_prefab":{"__type__":"cc.PrefabInfo","root":{"__id__":1},"asset":{"__uuid__":"5fmxW8p65Na7k97u4Iwvz0"},"fileId":"4c2TZ57NhE34HD3FkscbJW"},"_trs":{"__type__":"TypedArray","ctor":"Float64Array","array":[-36.796,458.732,0,0,0,0,1,1,1,1]}},{"__type__":"cc.Node","_name":"zhendown","_parent":{"__id__":9},"_components":[{"__type__":"cc.RigidBody","node":{"__id__":12},"_type":0,"_gravityScale":0,"bullet":true}],"_prefab":{"__type__":"cc.PrefabInfo","root":{"__id__":1},"asset":{"__uuid__":"5fmxW8p65Na7k97u4Iwvz0"},"fileId":"1ecZ1arAtF8ZmBnkRvgah5"},"_trs":{"__type__":"TypedArray","ctor":"Float64Array","array":[-34.777,-45.425,0,0,0,0,1,1,1,1]}},{"__type__":"cc.Node","_name":"zhenNodeTwo","_parent":{"__id__":1},"_children":[{"__id__":14},{"__id__":15},{"__id__":16}],"_prefab":{"__type__":"cc.PrefabInfo","root":{"__id__":1},"asset":{"__uuid__":"5fmxW8p65Na7k97u4Iwvz0"},"fileId":"d55PzuTDJNTqe7z25eW3fQ"},"_trs":{"__type__":"TypedArray","ctor":"Float64Array","array":[349.351,80.447,0,0,0,1,6.123233995736766e-17,1,1,1]},"_eulerAngles":{"__type__":"cc.Vec3","z":180}},{"__type__":"cc.Node","_name":"zhen","_parent":{"__id__":13},"_components":[{"__type__":"cc.Sprite","node":{"__id__":14},"_materials":[{"__uuid__":"ecpdLyjvZBwrvm+cedCcQy"}],"_spriteFrame":{"__uuid__":"14vJwyNH1OspMXFimJtxkW"},"_type":1,"_sizeMode":0},{"__type__":"cc.RigidBody","node":{"__id__":14},"_type":3,"_gravityScale":0,"_fixedRotation":true,"enabledContactListener":true,"bullet":true},{"__type__":"cc.PhysicsPolygonCollider","node":{"__id__":14},"_offset":{"__type__":"cc.Vec2","x":179},"points":[{"__type__":"cc.Vec2","x":-319,"y":-58},{"__type__":"cc.Vec2","x":-210,"y":-58},{"__type__":"cc.Vec2","x":-209,"y":-25.2},{"__type__":"cc.Vec2","x":-42.8,"y":-23.7},{"__type__":"cc.Vec2","x":-39.6,"y":27.7},{"__type__":"cc.Vec2","x":-209.3,"y":25.9},{"__type__":"cc.Vec2","x":-207,"y":52},{"__type__":"cc.Vec2","x":-319,"y":51}]},{"__type__":"1cb3eoIRdhJWZayW7A68Y7j","node":{"__id__":14}}],"_prefab":{"__type__":"cc.PrefabInfo","root":{"__id__":1},"asset":{"__uuid__":"5fmxW8p65Na7k97u4Iwvz0"},"fileId":"d9DNgy6A1MAJOaAJtSZLLp"},"_contentSize":{"__type__":"cc.Size","width":280,"height":111},"_trs":{"__type__":"TypedArray","ctor":"Float64Array","array":[0,0,0,0,0,0,1,1,1,1]}},{"__type__":"cc.Node","_name":"zhenup","_parent":{"__id__":13},"_components":[{"__type__":"cc.RigidBody","node":{"__id__":15},"_type":0,"_gravityScale":0,"bullet":true}],"_prefab":{"__type__":"cc.PrefabInfo","root":{"__id__":1},"asset":{"__uuid__":"5fmxW8p65Na7k97u4Iwvz0"},"fileId":"2f/NWWaL1I+axBtq/xDzjt"},"_trs":{"__type__":"TypedArray","ctor":"Float64Array","array":[-31.994,89.337,0,0,0,0,1,1,1,1]}},{"__type__":"cc.Node","_name":"zhendown","_parent":{"__id__":13},"_components":[{"__type__":"cc.RigidBody","node":{"__id__":16},"_type":0,"_gravityScale":0,"bullet":true}],"_prefab":{"__type__":"cc.PrefabInfo","root":{"__id__":1},"asset":{"__uuid__":"5fmxW8p65Na7k97u4Iwvz0"},"fileId":"7cQoPqgCpLJIQD1/xKy5l0"},"_trs":{"__type__":"TypedArray","ctor":"Float64Array","array":[-46.049,-94.293,0,0,0,0,1,1,1,1]}},{"__type__":"cc.Node","_name":"zhenNode","_parent":{"__id__":1},"_children":[{"__id__":18}],"_prefab":{"__type__":"cc.PrefabInfo","root":{"__id__":1},"asset":{"__uuid__":"5fmxW8p65Na7k97u4Iwvz0"},"fileId":"2dKGkmuqxKIqWJTLvq8gFl"},"_trs":{"__type__":"TypedArray","ctor":"Float64Array","array":[10,554.78,0,0,0,0,1,1,1,1]},"_groupIndex":8,"groupIndex":8},{"__type__":"cc.Node","_name":"zhen","_parent":{"__id__":17},"_components":[{"__type__":"cc.Sprite","node":{"__id__":18},"_materials":[{"__uuid__":"ecpdLyjvZBwrvm+cedCcQy"}],"_spriteFrame":{"__uuid__":"81u1O4l2lM2IGXbUA/0aw7"},"_type":1,"_sizeMode":0},{"__type__":"cc.RigidBody","node":{"__id__":18},"_type":3,"_allowSleep":false,"_gravityScale":0,"_fixedRotation":true,"enabledContactListener":true,"bullet":true},{"__type__":"cc.PhysicsPolygonCollider","node":{"__id__":18},"tag":222,"_offset":{"__type__":"cc.Vec2","x":-109.4},"points":[{"__type__":"cc.Vec2","x":227.5,"y":55.5},{"__type__":"cc.Vec2","x":214.5,"y":51.5},{"__type__":"cc.Vec2","x":206.5,"y":45.5},{"__type__":"cc.Vec2","x":192,"y":33.4},{"__type__":"cc.Vec2","x":188.8,"y":24.1},{"__type__":"cc.Vec2","x":184.6,"y":33.9},{"__type__":"cc.Vec2","x":-58.8,"y":35.4},{"__type__":"cc.Vec2","x":-75.2,"y":-1.6},{"__type__":"cc.Vec2","x":-63.7,"y":-16.3},{"__type__":"cc.Vec2","x":184.9,"y":-17.2},{"__type__":"cc.Vec2","x":193.4,"y":-34.3},{"__type__":"cc.Vec2","x":209.9,"y":-47.8},{"__type__":"cc.Vec2","x":238.1,"y":-54.9},{"__type__":"cc.Vec2","x":261.8,"y":-50.5},{"__type__":"cc.Vec2","x":285.2,"y":-28.5},{"__type__":"cc.Vec2","x":291.1,"y":-15.6},{"__type__":"cc.Vec2","x":292.7,"y":0.3},{"__type__":"cc.Vec2","x":288.9,"y":22},{"__type__":"cc.Vec2","x":265.3,"y":49.4}]},{"__type__":"72555Q9muRD1505Zi2fOOxm","node":{"__id__":18},"linevelocityX":500}],"_prefab":{"__type__":"cc.PrefabInfo","root":{"__id__":1},"asset":{"__uuid__":"5fmxW8p65Na7k97u4Iwvz0"},"fileId":"07QVCetPNJEKo6++8Dp+hs"},"_contentSize":{"__type__":"cc.Size","width":362,"height":111},"_trs":{"__type__":"TypedArray","ctor":"Float64Array","array":[0,0,0,0,0,0,1,0.8,0.8,0.8]},"_groupIndex":8,"groupIndex":8}]]