[[{"__type__":"cc.Prefab","_name":"level_1","data":{"__id__":1}},{"__type__":"cc.Node","_name":"level_1","_children":[{"__id__":2},{"__id__":3},{"__id__":6},{"__id__":11},{"__id__":16},{"__id__":19},{"__id__":21},{"__id__":22},{"__id__":23},{"__id__":24}],"_components":[{"__type__":"cf41abnkLBJfKm9Gh+TctSY","node":{"__id__":1},"pubu1":{"__id__":4},"drumstickNode":{"__id__":19},"playerNode":{"__id__":16},"dsGoalNode":{"__id__":21},"goalArr":[{"__id__":22},{"__id__":23}],"keyArr":[{"__id__":10},{"__id__":15}],"zhiyin":{"__id__":26}}],"_prefab":{"__type__":"cc.PrefabInfo","root":{"__id__":1},"asset":{"__uuid__":"c7yVOpZ4RLJaleFS1jCZAc"},"fileId":"806Dyb2iZAZYHE5Gn8suEF"},"_trs":{"__type__":"TypedArray","ctor":"Float64Array","array":[0,0,0,0,0,0,1,1,1,1]}},{"__type__":"cc.Node","_name":"bg","_parent":{"__id__":1},"_components":[{"__type__":"cc.Sprite","node":{"__id__":2},"_materials":[{"__uuid__":"ecpdLyjvZBwrvm+cedCcQy"}],"_spriteFrame":{"__uuid__":"e2oLkFDjJPdo2vS8d7+Xjl"}}],"_prefab":{"__type__":"cc.PrefabInfo","root":{"__id__":1},"asset":{"__uuid__":"c7yVOpZ4RLJaleFS1jCZAc"},"fileId":"ff1OoLvVdHrpldJ/5WCx8+"},"_contentSize":{"__type__":"cc.Size","width":909,"height":1146},"_trs":{"__type__":"TypedArray","ctor":"Float64Array","array":[0,0,0,0,0,0,1,1,1,1]}},{"__type__":"cc.Node","_name":"pubu","_parent":{"__id__":1},"_children":[{"__id__":4}],"_prefab":{"__type__":"cc.PrefabInfo","root":{"__id__":1},"asset":{"__uuid__":"c7yVOpZ4RLJaleFS1jCZAc"},"fileId":"d6KSLzeP9CV5UJt7aLs+UU"},"_trs":{"__type__":"TypedArray","ctor":"Float64Array","array":[0,0,0,0,0,0,1,1,1,1]}},{"__type__":"cc.Node","_name":"mask","_parent":{"__id__":3},"_children":[{"__id__":5}],"_active":false,"_components":[{"__type__":"cc.Mask","node":{"__id__":4},"_materials":[{"__uuid__":"ecpdLyjvZBwrvm+cedCcQy"}],"_spriteFrame":{"__uuid__":"afK7nMglFP8JPVv6rVFwok"},"_type":2,"_N$inverted":true}],"_prefab":{"__type__":"cc.PrefabInfo","root":{"__id__":1},"asset":{"__uuid__":"c7yVOpZ4RLJaleFS1jCZAc"},"fileId":"19lv6IHx1PV4JhMRoKMuK+"},"_contentSize":{"__type__":"cc.Size","width":372,"height":128},"_trs":{"__type__":"TypedArray","ctor":"Float64Array","array":[0,602.395,0,0,0,0,1,1,1,1]}},{"__type__":"cc.Node","_name":"sldh","_parent":{"__id__":4},"_components":[{"__type__":"sp.Skeleton","node":{"__id__":5},"_materials":[{"__uuid__":"7a/QZLET9IDreTiBfRn2PD"}],"defaultSkin":"default","defaultAnimation":"animation","_preCacheMode":0,"premultipliedAlpha":false,"_animationName":"animation","_N$skeletonData":{"__uuid__":"20LpqFfx5CipgKbp4Y0zEU"}}],"_prefab":{"__type__":"cc.PrefabInfo","root":{"__id__":1},"asset":{"__uuid__":"c7yVOpZ4RLJaleFS1jCZAc"},"fileId":"f8zRHn0spCZY+D4c2/Lm07"},"_contentSize":{"__type__":"cc.Size","width":749.41,"height":1206},"_trs":{"__type__":"TypedArray","ctor":"Float64Array","array":[13.32,-552.915,0,0,0,0,1,1,1,1]}},{"__type__":"cc.Node","_name":"key","_parent":{"__id__":1},"_children":[{"__id__":7},{"__id__":8},{"__id__":9}],"_prefab":{"__type__":"cc.PrefabInfo","root":{"__id__":1},"asset":{"__uuid__":"c7yVOpZ4RLJaleFS1jCZAc"},"fileId":"23OZ838xlMWL0/sQ5E+U3f"},"_trs":{"__type__":"TypedArray","ctor":"Float64Array","array":[72.671,226.277,0,0,0,0.7071067811865475,0.7071067811865476,1,1,1]},"_eulerAngles":{"__type__":"cc.Vec3","z":90}},{"__type__":"cc.Node","_name":"pole","_parent":{"__id__":6},"_components":[{"__type__":"cc.Sprite","node":{"__id__":7},"_materials":[{"__uuid__":"ecpdLyjvZBwrvm+cedCcQy"}],"_spriteFrame":{"__uuid__":"ebm9zOQlFI4IGgCc9Owdfe"}}],"_prefab":{"__type__":"cc.PrefabInfo","root":{"__id__":1},"asset":{"__uuid__":"c7yVOpZ4RLJaleFS1jCZAc"},"fileId":"e8TCmlU69BiK5mOh+d5Tbf"},"_contentSize":{"__type__":"cc.Size","width":56,"height":55},"_trs":{"__type__":"TypedArray","ctor":"Float64Array","array":[0,-182.536,0,0,0,0,1,1,1,1]}},{"__type__":"cc.Node","_name":"pole","_parent":{"__id__":6},"_components":[{"__type__":"cc.Sprite","node":{"__id__":8},"_materials":[{"__uuid__":"ecpdLyjvZBwrvm+cedCcQy"}],"_spriteFrame":{"__uuid__":"ebm9zOQlFI4IGgCc9Owdfe"}}],"_prefab":{"__type__":"cc.PrefabInfo","root":{"__id__":1},"asset":{"__uuid__":"c7yVOpZ4RLJaleFS1jCZAc"},"fileId":"cdWJlfhPpNurlzd9265IYs"},"_contentSize":{"__type__":"cc.Size","width":56,"height":55},"_trs":{"__type__":"TypedArray","ctor":"Float64Array","array":[0,276.478,0,0,0,0,1,1,1,1]}},{"__type__":"cc.Node","_name":"key","_parent":{"__id__":6},"_children":[{"__id__":10}],"_prefab":{"__type__":"cc.PrefabInfo","root":{"__id__":1},"asset":{"__uuid__":"c7yVOpZ4RLJaleFS1jCZAc"},"fileId":"fbaoD2/cVK84hD+Jlw6Atz"},"_contentSize":{"__type__":"cc.Size","width":100,"height":200},"_trs":{"__type__":"TypedArray","ctor":"Float64Array","array":[0,0,0,0,0,0,1,1,1,1]},"_groupIndex":15,"groupIndex":15},{"__type__":"cc.Node","_name":"icon","_parent":{"__id__":9},"_components":[{"__type__":"fcf5apGFRJIEZkZJ9CwiT4c","node":{"__id__":10},"where":1},{"__type__":"cc.RigidBody","node":{"__id__":10},"_type":0,"_allowSleep":false,"enabledContactListener":true},{"__type__":"cc.Sprite","node":{"__id__":10},"_materials":[{"__uuid__":"ecpdLyjvZBwrvm+cedCcQy"}],"_spriteFrame":{"__uuid__":"6dXBYrBNtEiKJQUnopu+Lk"},"_type":1,"_sizeMode":0}],"_prefab":{"__type__":"cc.PrefabInfo","root":{"__id__":1},"asset":{"__uuid__":"c7yVOpZ4RLJaleFS1jCZAc"},"fileId":"291nSX43JCA7qFYmx9D9io"},"_contentSize":{"__type__":"cc.Size","width":76,"height":630},"_trs":{"__type__":"TypedArray","ctor":"Float64Array","array":[0,0,0,0,0,0,1,1,1,1]},"_groupIndex":15,"groupIndex":15},{"__type__":"cc.Node","_name":"key","_parent":{"__id__":1},"_children":[{"__id__":12},{"__id__":13},{"__id__":14}],"_prefab":{"__type__":"cc.PrefabInfo","root":{"__id__":1},"asset":{"__uuid__":"c7yVOpZ4RLJaleFS1jCZAc"},"fileId":"18nVLqlW5LKp4UBiDmgM/2"},"_trs":{"__type__":"TypedArray","ctor":"Float64Array","array":[72.671,-23.486,0,0,0,0.7071067811865475,0.7071067811865476,1,1,1]},"_eulerAngles":{"__type__":"cc.Vec3","z":90}},{"__type__":"cc.Node","_name":"lock","_parent":{"__id__":11},"_components":[{"__type__":"cc.Sprite","node":{"__id__":12},"_materials":[{"__uuid__":"ecpdLyjvZBwrvm+cedCcQy"}],"_spriteFrame":{"__uuid__":"ebm9zOQlFI4IGgCc9Owdfe"}},{"__type__":"15b42uAdtxGLJO3hSFb7eHo","node":{"__id__":12}}],"_prefab":{"__type__":"cc.PrefabInfo","root":{"__id__":1},"asset":{"__uuid__":"c7yVOpZ4RLJaleFS1jCZAc"},"fileId":"dcpL6Qz7FGqJERY9LWGPL4"},"_contentSize":{"__type__":"cc.Size","width":56,"height":55},"_trs":{"__type__":"TypedArray","ctor":"Float64Array","array":[-1.086,-186.663,0,0,0,0,1,1,1,1]}},{"__type__":"cc.Node","_name":"lock","_parent":{"__id__":11},"_components":[{"__type__":"cc.Sprite","node":{"__id__":13},"_materials":[{"__uuid__":"ecpdLyjvZBwrvm+cedCcQy"}],"_spriteFrame":{"__uuid__":"ebm9zOQlFI4IGgCc9Owdfe"}},{"__type__":"15b42uAdtxGLJO3hSFb7eHo","node":{"__id__":13}}],"_prefab":{"__type__":"cc.PrefabInfo","root":{"__id__":1},"asset":{"__uuid__":"c7yVOpZ4RLJaleFS1jCZAc"},"fileId":"771IIrQ0pNM6z0gEIcCkgm"},"_contentSize":{"__type__":"cc.Size","width":56,"height":55},"_trs":{"__type__":"TypedArray","ctor":"Float64Array","array":[-1.086,274.891,0,0,0,0,1,1,1,1]}},{"__type__":"cc.Node","_name":"key","_parent":{"__id__":11},"_children":[{"__id__":15}],"_prefab":{"__type__":"cc.PrefabInfo","root":{"__id__":1},"asset":{"__uuid__":"c7yVOpZ4RLJaleFS1jCZAc"},"fileId":"57UMd7pu5Ob79xgKqN84Sn"},"_contentSize":{"__type__":"cc.Size","width":100,"height":200},"_trs":{"__type__":"TypedArray","ctor":"Float64Array","array":[0,0,0,0,0,0,1,1,1,1]},"_groupIndex":15,"groupIndex":15},{"__type__":"cc.Node","_name":"icon","_parent":{"__id__":14},"_components":[{"__type__":"fcf5apGFRJIEZkZJ9CwiT4c","node":{"__id__":15},"where":1},{"__type__":"cc.Sprite","node":{"__id__":15},"_materials":[{"__uuid__":"ecpdLyjvZBwrvm+cedCcQy"}],"_spriteFrame":{"__uuid__":"6dXBYrBNtEiKJQUnopu+Lk"},"_type":1,"_sizeMode":0},{"__type__":"cc.RigidBody","node":{"__id__":15},"_type":0,"_allowSleep":false,"enabledContactListener":true},{"__type__":"cc.BoxCollider","node":{"__id__":15},"_size":{"__type__":"cc.Size","width":61,"height":500}}],"_prefab":{"__type__":"cc.PrefabInfo","root":{"__id__":1},"asset":{"__uuid__":"c7yVOpZ4RLJaleFS1jCZAc"},"fileId":"15tDPHhBhIErRY1mgv/KCu"},"_contentSize":{"__type__":"cc.Size","width":76,"height":630},"_trs":{"__type__":"TypedArray","ctor":"Float64Array","array":[0,0,0,0,0,0,1,1,1,1]},"_groupIndex":15,"groupIndex":15},{"__type__":"cc.Node","_name":"player","_parent":{"__id__":1},"_children":[{"__id__":17},{"__id__":18}],"_prefab":{"__type__":"cc.PrefabInfo","root":{"__id__":1},"asset":{"__uuid__":"c7yVOpZ4RLJaleFS1jCZAc"},"fileId":"6cmek4Sa5LXL84tjBnPhGq"},"_contentSize":{"__type__":"cc.Size","width":245,"height":292},"_trs":{"__type__":"TypedArray","ctor":"Float64Array","array":[29.602,77.091,0,0,0,0,1,0.5,0.5,1]}},{"__type__":"cc.Node","_name":"word","_parent":{"__id__":16},"_components":[{"__type__":"cc.Label","node":{"__id__":17},"_materials":[{"__uuid__":"ecpdLyjvZBwrvm+cedCcQy"}],"_N$horizontalAlign":1,"_N$verticalAlign":1}],"_prefab":{"__type__":"cc.PrefabInfo","root":{"__id__":1},"asset":{"__uuid__":"c7yVOpZ4RLJaleFS1jCZAc"},"fileId":"5fEabmAGVKE4KCvpSRzY2z"},"_contentSize":{"__type__":"cc.Size","height":50.4},"_trs":{"__type__":"TypedArray","ctor":"Float64Array","array":[55.46,195.121,0,0,0,0,1,1,1,1]}},{"__type__":"cc.Node","_name":"pifu","_parent":{"__id__":16},"_components":[{"__type__":"01f289XMctJip07hmhMcMgM","node":{"__id__":18}},{"__type__":"sp.Skeleton","node":{"__id__":18},"_materials":[{"__uuid__":"7a/QZLET9IDreTiBfRn2PD"}],"defaultSkin":"default","defaultAnimation":"jy1","_preCacheMode":0,"premultipliedAlpha":false,"_animationName":"jy1","_N$skeletonData":{"__uuid__":"7eXUSETlJAmq9Nf/NmhP+m"}},{"__type__":"cc.BoxCollider","node":{"__id__":18},"_offset":{"__type__":"cc.Vec2","y":4},"_size":{"__type__":"cc.Size","width":153,"height":99}}],"_prefab":{"__type__":"cc.PrefabInfo","root":{"__id__":1},"asset":{"__uuid__":"c7yVOpZ4RLJaleFS1jCZAc"},"fileId":"00VKYzJYhP/59bCo0xY50b"},"_contentSize":{"__type__":"cc.Size","width":298.26,"height":205.43},"_trs":{"__type__":"TypedArray","ctor":"Float64Array","array":[0,0,0,0,0,0,1,-2,2,1]}},{"__type__":"cc.Node","_name":"drumstick","_parent":{"__id__":1},"_children":[{"__id__":20}],"_prefab":{"__type__":"cc.PrefabInfo","root":{"__id__":1},"asset":{"__uuid__":"c7yVOpZ4RLJaleFS1jCZAc"},"fileId":"23NlF8TztPz4Q5qCsE2Ylb"},"_contentSize":{"__type__":"cc.Size","width":146,"height":130},"_trs":{"__type__":"TypedArray","ctor":"Float64Array","array":[22.442,328.596,0,0,0,0,1,0.5,0.5,1]}},{"__type__":"cc.Node","_name":"drumstick","_parent":{"__id__":19},"_components":[{"__type__":"cc.Sprite","node":{"__id__":20},"_materials":[{"__uuid__":"ecpdLyjvZBwrvm+cedCcQy"}],"_spriteFrame":{"__uuid__":"41In5eFZZAcrgFboYtZCx8"}},{"__type__":"8129dBaWYFCnbCuQ9KTwNkc","node":{"__id__":20}},{"__type__":"cc.BoxCollider","node":{"__id__":20},"_offset":{"__type__":"cc.Vec2","x":1,"y":1.4},"_size":{"__type__":"cc.Size","width":73.4,"height":114.8}}],"_prefab":{"__type__":"cc.PrefabInfo","root":{"__id__":1},"asset":{"__uuid__":"c7yVOpZ4RLJaleFS1jCZAc"},"fileId":"2en1x0iVdCuKuTiSr0YHJW"},"_contentSize":{"__type__":"cc.Size","width":137,"height":175},"_trs":{"__type__":"TypedArray","ctor":"Float64Array","array":[0,0,0,0,0,0,1,2,2,1]},"_groupIndex":18,"groupIndex":18},{"__type__":"cc.Node","_name":"dsGoal","_parent":{"__id__":1},"_prefab":{"__type__":"cc.PrefabInfo","root":{"__id__":1},"asset":{"__uuid__":"c7yVOpZ4RLJaleFS1jCZAc"},"fileId":"dfBzcTffJGc4NXhEI0amcj"},"_trs":{"__type__":"TypedArray","ctor":"Float64Array","array":[0,138.745,0,0,0,0,1,1,1,1]}},{"__type__":"cc.Node","_name":"goalOne","_parent":{"__id__":1},"_prefab":{"__type__":"cc.PrefabInfo","root":{"__id__":1},"asset":{"__uuid__":"c7yVOpZ4RLJaleFS1jCZAc"},"fileId":"566WBPAANJXJUQQvBn2NPP"},"_trs":{"__type__":"TypedArray","ctor":"Float64Array","array":[18.263,-355.217,0,0,0,0,1,1,1,1]}},{"__type__":"cc.Node","_name":"goalTwo","_parent":{"__id__":1},"_prefab":{"__type__":"cc.PrefabInfo","root":{"__id__":1},"asset":{"__uuid__":"c7yVOpZ4RLJaleFS1jCZAc"},"fileId":"5ePyVa8C5AKrSIjkbIbpbL"},"_trs":{"__type__":"TypedArray","ctor":"Float64Array","array":[-272.494,-371.274,0,0,0,0,1,1,1,1]}},{"__type__":"cc.Node","_name":"zhiyin","_parent":{"__id__":1},"_children":[{"__id__":25}],"_prefab":{"__type__":"cc.PrefabInfo","root":{"__id__":1},"asset":{"__uuid__":"c7yVOpZ4RLJaleFS1jCZAc"},"fileId":"58WwatWl1IFY47JDW4G6ni"},"_trs":{"__type__":"TypedArray","ctor":"Float64Array","array":[0,0,0,0,0,0,1,1,1,1]}},{"__type__":"cc.Node","_name":"1","_parent":{"__id__":24},"_children":[{"__id__":26}],"_prefab":{"__type__":"cc.PrefabInfo","root":{"__id__":1},"asset":{"__uuid__":"c7yVOpZ4RLJaleFS1jCZAc"},"fileId":"e1s7AlEBNMqby4ONz/D80H"},"_trs":{"__type__":"TypedArray","ctor":"Float64Array","array":[0,0,0,0,0,0,1,1,1,1]}},{"__type__":"cc.Node","_name":"Popup Hand","_parent":{"__id__":25},"_components":[{"__type__":"cc.Sprite","node":{"__id__":26},"_materials":[{"__uuid__":"ecpdLyjvZBwrvm+cedCcQy"}],"_spriteFrame":{"__uuid__":"ea1vwmcp9JwajQuomPi715"},"_sizeMode":0}],"_prefab":{"__type__":"cc.PrefabInfo","root":{"__id__":1},"asset":{"__uuid__":"c7yVOpZ4RLJaleFS1jCZAc"},"fileId":"1ae4n+rGFMX73lAt365xTY"},"_contentSize":{"__type__":"cc.Size","width":72,"height":91},"_trs":{"__type__":"TypedArray","ctor":"Float64Array","array":[-122.305,190.027,0,0,0,0,1,1,1,1]}}],{"__type__":"cc.SpriteFrame","content":{"name":"1","texture":"11g+TGUaFDTb48ndBrGq+P","rect":[0,0,909,1146],"offset":[0,0],"originalSize":[909,1146],"capInsets":[0,0,0,0]}},{"__type__":"cc.SpriteFrame","content":{"name":"Popup Hand","texture":"2bGNlWnVhOyoS0ybLUyFOp","rect":[0,0,205,257],"offset":[-0.5,0],"originalSize":[206,257],"capInsets":[0,0,0,0]}}]