[[{"__type__":"cc.Prefab","_name":"UIDerived36","data":{"__id__":1}},{"__type__":"cc.Node","_name":"UIDerived62","_children":[{"__type__":"cc.Node","_name":"bule_node","_parent":{"__id__":1},"_prefab":{"__type__":"cc.PrefabInfo","root":{"__id__":1},"asset":{"__uuid__":"1fxPHDFMZKGYwUq0yBfB5Q"},"fileId":"66JSlSOBlDIImfMU38a0su"},"_trs":{"__type__":"TypedArray","ctor":"Float64Array","array":[0,0,0,0,0,0,1,1,1,1]}},{"__type__":"cc.Node","_name":"greenwater_node","_parent":{"__id__":1},"_prefab":{"__type__":"cc.PrefabInfo","root":{"__id__":1},"asset":{"__uuid__":"1fxPHDFMZKGYwUq0yBfB5Q"},"fileId":"b3umHe7D1J7rUljeEDNKs3"},"_trs":{"__type__":"TypedArray","ctor":"Float64Array","array":[0,0,0,0,0,0,1,1,1,1]}},{"__type__":"cc.Node","_name":"redwater_node","_parent":{"__id__":1},"_prefab":{"__type__":"cc.PrefabInfo","root":{"__id__":1},"asset":{"__uuid__":"1fxPHDFMZKGYwUq0yBfB5Q"},"fileId":"53nDLWhetICI9UjiTJzB9m"},"_trs":{"__type__":"TypedArray","ctor":"Float64Array","array":[0,0,0,0,0,0,1,1,1,1]}},{"__id__":2},{"__id__":3},{"__id__":4},{"__id__":5},{"__type__":"cc.Node","_name":"greenPos_node","_parent":{"__id__":1},"_prefab":{"__type__":"cc.PrefabInfo","root":{"__id__":1},"asset":{"__uuid__":"1fxPHDFMZKGYwUq0yBfB5Q"},"fileId":"f1Ll8xiCtO9Ky0CyuonCrE"},"_trs":{"__type__":"TypedArray","ctor":"Float64Array","array":[0,0,0,0,0,0,1,1,1,1]}},{"__type__":"cc.Node","_name":"player","_parent":{"__id__":1},"_prefab":{"__type__":"cc.PrefabInfo","root":{"__id__":1},"asset":{"__uuid__":"1fxPHDFMZKGYwUq0yBfB5Q"},"fileId":"9602lRZdpEnYdSuDmtUV9o"},"_contentSize":{"__type__":"cc.Size","width":240,"height":140},"_trs":{"__type__":"TypedArray","ctor":"Float64Array","array":[322.237,-599.667,0,0,0,0,1,-0.7,0.7,1]}},{"__id__":6},{"__id__":9}],"_components":[{"__type__":"cc.Sprite","node":{"__id__":1},"_materials":[{"__uuid__":"ecpdLyjvZBwrvm+cedCcQy"}],"_spriteFrame":{"__uuid__":"fbwZ4vGmdGWKqSaWQbi27D"}},{"__type__":"cc.RigidBody","node":{"__id__":1},"_type":0},{"__type__":"cc.PhysicsPolygonCollider","node":{"__id__":1},"_offset":{"__type__":"cc.Vec2","x":-424,"y":674},"points":[{"__type__":"cc.Vec2","x":-50,"y":-1399},{"__type__":"cc.Vec2","x":902,"y":-1395},{"__type__":"cc.Vec2","x":889,"y":57},{"__type__":"cc.Vec2","x":218.6,"y":3.5},{"__type__":"cc.Vec2","x":218.4,"y":-339},{"__type__":"cc.Vec2","x":251.1,"y":-361.9},{"__type__":"cc.Vec2","x":779.2,"y":-362.8},{"__type__":"cc.Vec2","x":817.8,"y":-374.8},{"__type__":"cc.Vec2","x":855,"y":-416},{"__type__":"cc.Vec2","x":853.1,"y":-1161},{"__type__":"cc.Vec2","x":849.6,"y":-1258.6},{"__type__":"cc.Vec2","x":831.1,"y":-1327.8},{"__type__":"cc.Vec2","x":779.2,"y":-1354},{"__type__":"cc.Vec2","x":673.7,"y":-1342.6},{"__type__":"cc.Vec2","x":639,"y":-1292},{"__type__":"cc.Vec2","x":634.4,"y":-863.5},{"__type__":"cc.Vec2","x":616.1,"y":-841.5},{"__type__":"cc.Vec2","x":241.6,"y":-836.2},{"__type__":"cc.Vec2","x":-5.7,"y":-781},{"__type__":"cc.Vec2","x":-4.4,"y":-634.2},{"__type__":"cc.Vec2","x":215.4,"y":-742.1},{"__type__":"cc.Vec2","x":251.6,"y":-746.4},{"__type__":"cc.Vec2","x":612.4,"y":-744.1},{"__type__":"cc.Vec2","x":631.5,"y":-725.8},{"__type__":"cc.Vec2","x":632.6,"y":-671},{"__type__":"cc.Vec2","x":605.5,"y":-649.5},{"__type__":"cc.Vec2","x":237.4,"y":-651.6},{"__type__":"cc.Vec2","x":-6.6,"y":-524.1},{"__type__":"cc.Vec2","x":-5.7,"y":-380.3},{"__type__":"cc.Vec2","x":203.9,"y":-539.3},{"__type__":"cc.Vec2","x":248.8,"y":-552.3},{"__type__":"cc.Vec2","x":592.5,"y":-551.2},{"__type__":"cc.Vec2","x":628,"y":-540},{"__type__":"cc.Vec2","x":628,"y":-473.2},{"__type__":"cc.Vec2","x":600.8,"y":-462.1},{"__type__":"cc.Vec2","x":236,"y":-452},{"__type__":"cc.Vec2","x":-8,"y":-267},{"__type__":"cc.Vec2","x":-5.5,"y":5.1},{"__type__":"cc.Vec2","x":217.8,"y":3.8},{"__type__":"cc.Vec2","x":887,"y":58.3},{"__type__":"cc.Vec2","x":-50,"y":50}]},{"__type__":"1100eDGpRlLMYp5CrYQGpcQ","node":{"__id__":1}}],"_prefab":{"__type__":"cc.PrefabInfo","root":{"__id__":1},"asset":{"__uuid__":"1fxPHDFMZKGYwUq0yBfB5Q"},"fileId":"1bAWuynZpIgb7JV6il2CGF"},"_contentSize":{"__type__":"cc.Size","width":945,"height":1439},"_trs":{"__type__":"TypedArray","ctor":"Float64Array","array":[0,0,0,0,0,0,1,1,1,1]}},{"__type__":"cc.Node","_name":"black_node","_parent":{"__id__":1},"_components":[{"__type__":"6c0e8KZwr5L34azTYX21stu","node":{"__id__":2}}],"_prefab":{"__type__":"cc.PrefabInfo","root":{"__id__":1},"asset":{"__uuid__":"1fxPHDFMZKGYwUq0yBfB5Q"},"fileId":"deULvD7EdEmoehs+eFZv3v"},"_trs":{"__type__":"TypedArray","ctor":"Float64Array","array":[0,0,0,0,0,0,1,1,1,1]}},{"__type__":"cc.Node","_name":"gray_node","_parent":{"__id__":1},"_components":[{"__type__":"3400dF2d2tHLK8+En9baGXY","node":{"__id__":3},"grey_prefab":{"__uuid__":"13FEeEL1NMaK5TFGpFQpJr"}}],"_prefab":{"__type__":"cc.PrefabInfo","root":{"__id__":1},"asset":{"__uuid__":"1fxPHDFMZKGYwUq0yBfB5Q"},"fileId":"07O9YaC9JAmb4N1wIOKnqt"},"_trs":{"__type__":"TypedArray","ctor":"Float64Array","array":[0,0,0,0,0,0,1,1,1,1]}},{"__type__":"cc.Node","_name":"bulePos_node","_parent":{"__id__":1},"_children":[{"__type__":"cc.Node","_name":"New Node","_parent":{"__id__":4},"_prefab":{"__type__":"cc.PrefabInfo","root":{"__id__":1},"asset":{"__uuid__":"1fxPHDFMZKGYwUq0yBfB5Q"},"fileId":"0cAayg1w9JLqWPUd82chAi"},"_trs":{"__type__":"TypedArray","ctor":"Float64Array","array":[-412.657,220.53,0,0,0,0,1,1,1,1]}}],"_prefab":{"__type__":"cc.PrefabInfo","root":{"__id__":1},"asset":{"__uuid__":"1fxPHDFMZKGYwUq0yBfB5Q"},"fileId":"dcsh9Yk89D0oWBjiioXDlj"},"_trs":{"__type__":"TypedArray","ctor":"Float64Array","array":[0,0,0,0,0,0,1,1,1,1]}},{"__type__":"cc.Node","_name":"redPos_node","_parent":{"__id__":1},"_children":[{"__type__":"cc.Node","_name":"New Node","_parent":{"__id__":5},"_prefab":{"__type__":"cc.PrefabInfo","root":{"__id__":1},"asset":{"__uuid__":"1fxPHDFMZKGYwUq0yBfB5Q"},"fileId":"eb7cI/zb1FLokFa8EJ68oI"},"_trs":{"__type__":"TypedArray","ctor":"Float64Array","array":[-405.477,-13.076,0,0,0,0,1,1,1,1]}},{"__type__":"cc.Node","_name":"New Node","_parent":{"__id__":5},"_prefab":{"__type__":"cc.PrefabInfo","root":{"__id__":1},"asset":{"__uuid__":"1fxPHDFMZKGYwUq0yBfB5Q"},"fileId":"6fqFo+vdhA9bRpK8N2muuk"},"_trs":{"__type__":"TypedArray","ctor":"Float64Array","array":[-321,524,0,0,0,0,1,1,1,1]}}],"_prefab":{"__type__":"cc.PrefabInfo","root":{"__id__":1},"asset":{"__uuid__":"1fxPHDFMZKGYwUq0yBfB5Q"},"fileId":"d74lBgILhCTIoMFlXxea33"},"_trs":{"__type__":"TypedArray","ctor":"Float64Array","array":[0,0,0,0,0,0,1,1,1,1]}},{"__type__":"cc.Node","_name":"MoveProp","_parent":{"__id__":1},"_children":[{"__id__":7},{"__id__":8}],"_prefab":{"__type__":"cc.PrefabInfo","root":{"__id__":1},"asset":{"__uuid__":"1fxPHDFMZKGYwUq0yBfB5Q"},"fileId":"51TpniFkFIXbfMzqWcSzIj"},"_trs":{"__type__":"TypedArray","ctor":"Float64Array","array":[116.731,81.256,0,0,0,0.7071067811865475,0.7071067811865476,1,1,1]},"_eulerAngles":{"__type__":"cc.Vec3","z":90}},{"__type__":"cc.Node","_name":"Bar","_parent":{"__id__":6},"_components":[{"__type__":"cc.Sprite","node":{"__id__":7},"_materials":[{"__uuid__":"ecpdLyjvZBwrvm+cedCcQy"}],"_spriteFrame":{"__uuid__":"36nyDwRspBQpKV3/57IicC"},"_type":1,"_sizeMode":0},{"__type__":"cc.RigidBody","node":{"__id__":7},"_type":0},{"__type__":"cc.PhysicsPolygonCollider","node":{"__id__":7},"points":[{"__type__":"cc.Vec2","x":-268,"y":-31.1},{"__type__":"cc.Vec2","x":269.4,"y":-31.3},{"__type__":"cc.Vec2","x":269.1,"y":29.7},{"__type__":"cc.Vec2","x":-269.2,"y":32.4}]},{"__type__":"8a64bLvzRlHBakXZIa7SBbN","node":{"__id__":7}}],"_prefab":{"__type__":"cc.PrefabInfo","root":{"__id__":1},"asset":{"__uuid__":"1fxPHDFMZKGYwUq0yBfB5Q"},"fileId":"39RY+LpxlDVpw7NTNx6Zcj"},"_contentSize":{"__type__":"cc.Size","width":538,"height":65},"_trs":{"__type__":"TypedArray","ctor":"Float64Array","array":[0,0,0,0,0,0,1,1,1,1]}},{"__type__":"cc.Node","_name":"BarBG","_parent":{"__id__":6},"_components":[{"__type__":"cc.Sprite","node":{"__id__":8},"_materials":[{"__uuid__":"ecpdLyjvZBwrvm+cedCcQy"}],"_spriteFrame":{"__uuid__":"d8hqEurO5O3r/JLAsbxS//"},"_type":1,"_sizeMode":0}],"_prefab":{"__type__":"cc.PrefabInfo","root":{"__id__":1},"asset":{"__uuid__":"1fxPHDFMZKGYwUq0yBfB5Q"},"fileId":"7a4l0b2KFCaaccM4ny5Xux"},"_contentSize":{"__type__":"cc.Size","width":1391,"height":66},"_trs":{"__type__":"TypedArray","ctor":"Float64Array","array":[0,0,0,0,0,0,1,1,1,1]}},{"__type__":"cc.Node","_name":"MoveProp","_parent":{"__id__":1},"_children":[{"__id__":10},{"__id__":11}],"_prefab":{"__type__":"cc.PrefabInfo","root":{"__id__":1},"asset":{"__uuid__":"1fxPHDFMZKGYwUq0yBfB5Q"},"fileId":"b1VcTB2l1NLp+pNdHGwtSC"},"_trs":{"__type__":"TypedArray","ctor":"Float64Array","array":[-139.906,81.256,0,0,0,0.7071067811865475,0.7071067811865476,1,1,1]},"_eulerAngles":{"__type__":"cc.Vec3","z":90}},{"__type__":"cc.Node","_name":"Bar","_parent":{"__id__":9},"_components":[{"__type__":"cc.Sprite","node":{"__id__":10},"_materials":[{"__uuid__":"ecpdLyjvZBwrvm+cedCcQy"}],"_spriteFrame":{"__uuid__":"36nyDwRspBQpKV3/57IicC"},"_type":1,"_sizeMode":0},{"__type__":"cc.RigidBody","node":{"__id__":10},"_type":0},{"__type__":"cc.PhysicsPolygonCollider","node":{"__id__":10},"points":[{"__type__":"cc.Vec2","x":-268,"y":-31.1},{"__type__":"cc.Vec2","x":269.4,"y":-31.3},{"__type__":"cc.Vec2","x":269.1,"y":29.7},{"__type__":"cc.Vec2","x":-269.2,"y":32.4}]},{"__type__":"8a64bLvzRlHBakXZIa7SBbN","node":{"__id__":10}}],"_prefab":{"__type__":"cc.PrefabInfo","root":{"__id__":1},"asset":{"__uuid__":"1fxPHDFMZKGYwUq0yBfB5Q"},"fileId":"97NeGH7KVJcLVpIwPH1R7G"},"_contentSize":{"__type__":"cc.Size","width":538,"height":65},"_trs":{"__type__":"TypedArray","ctor":"Float64Array","array":[0,0,0,0,0,0,1,1,1,1]}},{"__type__":"cc.Node","_name":"BarBG","_parent":{"__id__":9},"_components":[{"__type__":"cc.Sprite","node":{"__id__":11},"_materials":[{"__uuid__":"ecpdLyjvZBwrvm+cedCcQy"}],"_spriteFrame":{"__uuid__":"d8hqEurO5O3r/JLAsbxS//"},"_type":1,"_sizeMode":0}],"_prefab":{"__type__":"cc.PrefabInfo","root":{"__id__":1},"asset":{"__uuid__":"1fxPHDFMZKGYwUq0yBfB5Q"},"fileId":"4fcGdtLDxE4rMwSDCieHb2"},"_contentSize":{"__type__":"cc.Size","width":1388,"height":66},"_trs":{"__type__":"TypedArray","ctor":"Float64Array","array":[0,0,0,0,0,0,1,1,1,1]}}],{"__type__":"cc.SpriteFrame","content":{"name":"guanqia80","texture":"cfVrQSSjxEb5vaTEFYRKp/","rect":[2,1,945,1439],"offset":[0,0],"originalSize":[949,1441],"capInsets":[0,0,0,0]}}]