[{"__type__":"cc.SpriteFrame","content":{"name":"guanqia75","texture":"d3HKnmDBNA9pG/rmAbGT2L","rect":[0,1,1020,1082],"offset":[-0.5,0],"originalSize":[1021,1084],"capInsets":[0,0,0,0]}},[{"__type__":"cc.Prefab","_name":"UIDerived62","data":{"__id__":1}},{"__type__":"cc.Node","_name":"UIDerived72","_children":[{"__type__":"cc.Node","_name":"bule_node","_parent":{"__id__":1},"_prefab":{"__type__":"cc.PrefabInfo","root":{"__id__":1},"asset":{"__uuid__":"6bDtOwS11Ns5Qbm2RM/m9o"},"fileId":"31knRqiSBAVZZfZ5zu9chb"},"_trs":{"__type__":"TypedArray","ctor":"Float64Array","array":[0,0,0,0,0,0,1,1,1,1]}},{"__type__":"cc.Node","_name":"greenwater_node","_parent":{"__id__":1},"_prefab":{"__type__":"cc.PrefabInfo","root":{"__id__":1},"asset":{"__uuid__":"6bDtOwS11Ns5Qbm2RM/m9o"},"fileId":"30qhfpHs9Cg6aGTBAOYkOi"},"_trs":{"__type__":"TypedArray","ctor":"Float64Array","array":[0,0,0,0,0,0,1,1,1,1]}},{"__type__":"cc.Node","_name":"redwater_node","_parent":{"__id__":1},"_prefab":{"__type__":"cc.PrefabInfo","root":{"__id__":1},"asset":{"__uuid__":"6bDtOwS11Ns5Qbm2RM/m9o"},"fileId":"14vJAV+epBA5RLM52Ni8/5"},"_trs":{"__type__":"TypedArray","ctor":"Float64Array","array":[0,0,0,0,0,0,1,1,1,1]}},{"__id__":2},{"__id__":3},{"__id__":4},{"__id__":5},{"__type__":"cc.Node","_name":"greenPos_node","_parent":{"__id__":1},"_prefab":{"__type__":"cc.PrefabInfo","root":{"__id__":1},"asset":{"__uuid__":"6bDtOwS11Ns5Qbm2RM/m9o"},"fileId":"59vPVDIm9GaL0T4whRfGAW"},"_trs":{"__type__":"TypedArray","ctor":"Float64Array","array":[0,0,0,0,0,0,1,1,1,1]}},{"__type__":"cc.Node","_name":"player","_parent":{"__id__":1},"_prefab":{"__type__":"cc.PrefabInfo","root":{"__id__":1},"asset":{"__uuid__":"6bDtOwS11Ns5Qbm2RM/m9o"},"fileId":"37fl2rwPdDNYy4ylrzefXC"},"_contentSize":{"__type__":"cc.Size","width":240,"height":140},"_trs":{"__type__":"TypedArray","ctor":"Float64Array","array":[-27.763,-405.667,0,0,0,0,1,-0.7,0.7,1]}},{"__id__":6},{"__id__":8},{"__id__":10}],"_components":[{"__type__":"cc.Sprite","node":{"__id__":1},"_materials":[{"__uuid__":"ecpdLyjvZBwrvm+cedCcQy"}],"_spriteFrame":{"__uuid__":"69yw6lKKZKKpgEvlyg3r8q"}},{"__type__":"cc.RigidBody","node":{"__id__":1},"_type":0},{"__type__":"1100eDGpRlLMYp5CrYQGpcQ","node":{"__id__":1}},{"__type__":"cc.PhysicsPolygonCollider","node":{"__id__":1},"_offset":{"__type__":"cc.Vec2","x":-458,"y":495},"points":[{"__type__":"cc.Vec2","x":-53,"y":-1044},{"__type__":"cc.Vec2","x":968,"y":-1044},{"__type__":"cc.Vec2","x":977,"y":47},{"__type__":"cc.Vec2","x":-44,"y":50},{"__type__":"cc.Vec2","x":318,"y":-5},{"__type__":"cc.Vec2","x":869,"y":1},{"__type__":"cc.Vec2","x":919,"y":-49},{"__type__":"cc.Vec2","x":918,"y":-491},{"__type__":"cc.Vec2","x":776,"y":-603},{"__type__":"cc.Vec2","x":548,"y":-623},{"__type__":"cc.Vec2","x":535,"y":-644},{"__type__":"cc.Vec2","x":538,"y":-993},{"__type__":"cc.Vec2","x":308,"y":-994},{"__type__":"cc.Vec2","x":302,"y":-550},{"__type__":"cc.Vec2","x":-51,"y":-557},{"__type__":"cc.Vec2","x":-556,"y":-1031},{"__type__":"cc.Vec2","x":-532,"y":-82},{"__type__":"cc.Vec2","x":-47,"y":-439},{"__type__":"cc.Vec2","x":313,"y":-425},{"__type__":"cc.Vec2","x":317,"y":-4},{"__type__":"cc.Vec2","x":-50,"y":50},{"__type__":"cc.Vec2","x":-586,"y":17},{"__type__":"cc.Vec2","x":-596,"y":-1061}]},{"__type__":"cc.PhysicsPolygonCollider","node":{"__id__":1},"_offset":{"__type__":"cc.Vec2","x":248,"y":195},"points":[{"__type__":"cc.Vec2","x":-72,"y":-134},{"__type__":"cc.Vec2","x":-23.4,"y":-163.8},{"__type__":"cc.Vec2","x":43.2,"y":-166.1},{"__type__":"cc.Vec2","x":108.2,"y":-116.4},{"__type__":"cc.Vec2","x":127.4,"y":-57.1},{"__type__":"cc.Vec2","x":104.3,"y":5.8},{"__type__":"cc.Vec2","x":50,"y":50},{"__type__":"cc.Vec2","x":-43.4,"y":39.6},{"__type__":"cc.Vec2","x":-85.8,"y":4},{"__type__":"cc.Vec2","x":-105.3,"y":-60.9},{"__type__":"cc.Vec2","x":-93.1,"y":-108.4}]}],"_prefab":{"__type__":"cc.PrefabInfo","root":{"__id__":1},"asset":{"__uuid__":"6bDtOwS11Ns5Qbm2RM/m9o"},"fileId":"02Uep0PvFEaLkHJcPAcDoa"},"_contentSize":{"__type__":"cc.Size","width":1020,"height":1082},"_trs":{"__type__":"TypedArray","ctor":"Float64Array","array":[-58.432,0,0,0,0,0,1,1,1,1]}},{"__type__":"cc.Node","_name":"black_node","_parent":{"__id__":1},"_components":[{"__type__":"6c0e8KZwr5L34azTYX21stu","node":{"__id__":2}}],"_prefab":{"__type__":"cc.PrefabInfo","root":{"__id__":1},"asset":{"__uuid__":"6bDtOwS11Ns5Qbm2RM/m9o"},"fileId":"f4HX9Z0KlAJpjCA3Kh2eaF"},"_trs":{"__type__":"TypedArray","ctor":"Float64Array","array":[0,0,0,0,0,0,1,1,1,1]}},{"__type__":"cc.Node","_name":"gray_node","_parent":{"__id__":1},"_components":[{"__type__":"3400dF2d2tHLK8+En9baGXY","node":{"__id__":3},"grey_prefab":{"__uuid__":"13FEeEL1NMaK5TFGpFQpJr"}}],"_prefab":{"__type__":"cc.PrefabInfo","root":{"__id__":1},"asset":{"__uuid__":"6bDtOwS11Ns5Qbm2RM/m9o"},"fileId":"e7PyAJO6JO9LLtUZGMwIdy"},"_trs":{"__type__":"TypedArray","ctor":"Float64Array","array":[0,0,0,0,0,0,1,1,1,1]}},{"__type__":"cc.Node","_name":"bulePos_node","_parent":{"__id__":1},"_children":[{"__type__":"cc.Node","_name":"New Node","_parent":{"__id__":4},"_prefab":{"__type__":"cc.PrefabInfo","root":{"__id__":1},"asset":{"__uuid__":"6bDtOwS11Ns5Qbm2RM/m9o"},"fileId":"86zUyhkVVCirMwc8OpM8GX"},"_trs":{"__type__":"TypedArray","ctor":"Float64Array","array":[153.926,318.852,0,0,0,0,1,1,1,1]}}],"_prefab":{"__type__":"cc.PrefabInfo","root":{"__id__":1},"asset":{"__uuid__":"6bDtOwS11Ns5Qbm2RM/m9o"},"fileId":"36GymNU65HnamCNX5I8maI"},"_trs":{"__type__":"TypedArray","ctor":"Float64Array","array":[0,0,0,0,0,0,1,1,1,1]}},{"__type__":"cc.Node","_name":"redPos_node","_parent":{"__id__":1},"_children":[{"__type__":"cc.Node","_name":"New Node","_parent":{"__id__":5},"_prefab":{"__type__":"cc.PrefabInfo","root":{"__id__":1},"asset":{"__uuid__":"6bDtOwS11Ns5Qbm2RM/m9o"},"fileId":"25qW+5cElIrKcT/aPVeZFo"},"_trs":{"__type__":"TypedArray","ctor":"Float64Array","array":[-100.538,462.899,0,0,0,0,1,1,1,1]}}],"_prefab":{"__type__":"cc.PrefabInfo","root":{"__id__":1},"asset":{"__uuid__":"6bDtOwS11Ns5Qbm2RM/m9o"},"fileId":"29Wsoq51hBPqtL3ZQc5vBe"},"_trs":{"__type__":"TypedArray","ctor":"Float64Array","array":[0,0,0,0,0,0,1,1,1,1]}},{"__type__":"cc.Node","_name":"zhenNode","_parent":{"__id__":1},"_children":[{"__id__":7}],"_prefab":{"__type__":"cc.PrefabInfo","root":{"__id__":1},"asset":{"__uuid__":"6bDtOwS11Ns5Qbm2RM/m9o"},"fileId":"a6Nb9Jyt9NtINuzyNNV/hb"},"_trs":{"__type__":"TypedArray","ctor":"Float64Array","array":[-6,223,0,0,0,1,6.123233995736766e-17,1,1,1]},"_eulerAngles":{"__type__":"cc.Vec3","z":180},"_groupIndex":8,"groupIndex":8},{"__type__":"cc.Node","_name":"zhen","_parent":{"__id__":6},"_components":[{"__type__":"cc.Sprite","node":{"__id__":7},"_materials":[{"__uuid__":"ecpdLyjvZBwrvm+cedCcQy"}],"_spriteFrame":{"__uuid__":"81u1O4l2lM2IGXbUA/0aw7"},"_type":1},{"__type__":"cc.RigidBody","node":{"__id__":7},"_type":3,"_allowSleep":false,"_gravityScale":0,"_fixedRotation":true,"enabledContactListener":true,"bullet":true},{"__type__":"cc.PhysicsPolygonCollider","node":{"__id__":7},"tag":222,"_offset":{"__type__":"cc.Vec2","x":241,"y":-1},"points":[{"__type__":"cc.Vec2","x":-48.9,"y":-66.3},{"__type__":"cc.Vec2","x":62.5,"y":-66.3},{"__type__":"cc.Vec2","x":63,"y":67.4},{"__type__":"cc.Vec2","x":-48.4,"y":69},{"__type__":"cc.Vec2","x":-52.2,"y":41.4},{"__type__":"cc.Vec2","x":-533.6,"y":43.1},{"__type__":"cc.Vec2","x":-533,"y":-19.5},{"__type__":"cc.Vec2","x":-49.2,"y":-34.3}]},{"__type__":"72555Q9muRD1505Zi2fOOxm","node":{"__id__":7},"linevelocityX":500}],"_prefab":{"__type__":"cc.PrefabInfo","root":{"__id__":1},"asset":{"__uuid__":"6bDtOwS11Ns5Qbm2RM/m9o"},"fileId":"abpWjpgzZHcrlykOe7JWTh"},"_contentSize":{"__type__":"cc.Size","width":587,"height":111},"_trs":{"__type__":"TypedArray","ctor":"Float64Array","array":[0,0,0,0,0,0,1,0.8,0.8,0.8]},"_groupIndex":8,"groupIndex":8},{"__type__":"cc.Node","_name":"zhenNode","_parent":{"__id__":1},"_children":[{"__id__":9}],"_prefab":{"__type__":"cc.PrefabInfo","root":{"__id__":1},"asset":{"__uuid__":"6bDtOwS11Ns5Qbm2RM/m9o"},"fileId":"acxpveaeZNaomeQA58/MXX"},"_trs":{"__type__":"TypedArray","ctor":"Float64Array","array":[80.07,374.212,0,0,0,0.9901914046793597,-0.1397175082053657,1,1,1]},"_eulerAngles":{"__type__":"cc.Vec3","z":196.063},"_groupIndex":8,"groupIndex":8},{"__type__":"cc.Node","_name":"zhen","_parent":{"__id__":8},"_components":[{"__type__":"cc.Sprite","node":{"__id__":9},"_materials":[{"__uuid__":"ecpdLyjvZBwrvm+cedCcQy"}],"_spriteFrame":{"__uuid__":"81u1O4l2lM2IGXbUA/0aw7"},"_type":1,"_sizeMode":0},{"__type__":"cc.RigidBody","node":{"__id__":9},"_type":3,"_allowSleep":false,"_gravityScale":0,"_fixedRotation":true,"enabledContactListener":true,"bullet":true},{"__type__":"cc.PhysicsPolygonCollider","node":{"__id__":9},"tag":222,"_offset":{"__type__":"cc.Vec2","x":481,"y":-4},"points":[{"__type__":"cc.Vec2","x":-48.7,"y":-39.9},{"__type__":"cc.Vec2","x":-22,"y":-62.5},{"__type__":"cc.Vec2","x":38.8,"y":-53.9},{"__type__":"cc.Vec2","x":59.4,"y":-25.7},{"__type__":"cc.Vec2","x":54.4,"y":39.1},{"__type__":"cc.Vec2","x":34.1,"y":55.9},{"__type__":"cc.Vec2","x":-38.5,"y":55.9},{"__type__":"cc.Vec2","x":-55,"y":32},{"__type__":"cc.Vec2","x":-1018,"y":38},{"__type__":"cc.Vec2","x":-1016,"y":-29},{"__type__":"cc.Vec2","x":-58,"y":-33}]},{"__type__":"72555Q9muRD1505Zi2fOOxm","node":{"__id__":9},"linevelocityX":500}],"_prefab":{"__type__":"cc.PrefabInfo","root":{"__id__":1},"asset":{"__uuid__":"6bDtOwS11Ns5Qbm2RM/m9o"},"fileId":"218Np16ydDbKRALXKQQTQB"},"_contentSize":{"__type__":"cc.Size","width":1066,"height":111},"_trs":{"__type__":"TypedArray","ctor":"Float64Array","array":[0,0,0,0,0,0,1,0.8,0.8,0.8]},"_groupIndex":8,"groupIndex":8},{"__type__":"cc.Node","_name":"zhenNode","_parent":{"__id__":1},"_children":[{"__id__":11}],"_prefab":{"__type__":"cc.PrefabInfo","root":{"__id__":1},"asset":{"__uuid__":"6bDtOwS11Ns5Qbm2RM/m9o"},"fileId":"1ewk02jThPl7B0k4dpNlL4"},"_trs":{"__type__":"TypedArray","ctor":"Float64Array","array":[246.979,197.137,0,0,0,0.7071067811865476,-0.7071067811865475,1,1,1]},"_eulerAngles":{"__type__":"cc.Vec3","z":270},"_groupIndex":8,"groupIndex":8},{"__type__":"cc.Node","_name":"zhen","_parent":{"__id__":10},"_components":[{"__type__":"cc.Sprite","node":{"__id__":11},"_materials":[{"__uuid__":"ecpdLyjvZBwrvm+cedCcQy"}],"_spriteFrame":{"__uuid__":"81u1O4l2lM2IGXbUA/0aw7"},"_type":1,"_sizeMode":0},{"__type__":"cc.RigidBody","node":{"__id__":11},"_type":3,"_allowSleep":false,"_gravityScale":0,"_fixedRotation":true,"enabledContactListener":true,"bullet":true},{"__type__":"cc.PhysicsPolygonCollider","node":{"__id__":11},"tag":222,"_offset":{"__type__":"cc.Vec2","x":188,"y":11},"points":[{"__type__":"cc.Vec2","x":-43,"y":-53},{"__type__":"cc.Vec2","x":-21.4,"y":-67.8},{"__type__":"cc.Vec2","x":37.7,"y":-66.3},{"__type__":"cc.Vec2","x":59.5,"y":-38.4},{"__type__":"cc.Vec2","x":58.2,"y":30.7},{"__type__":"cc.Vec2","x":29.7,"y":47.2},{"__type__":"cc.Vec2","x":-19,"y":53.2},{"__type__":"cc.Vec2","x":-41.9,"y":31.5},{"__type__":"cc.Vec2","x":-49,"y":17},{"__type__":"cc.Vec2","x":-441,"y":16},{"__type__":"cc.Vec2","x":-441,"y":-37},{"__type__":"cc.Vec2","x":-49,"y":-41}]},{"__type__":"72555Q9muRD1505Zi2fOOxm","node":{"__id__":11},"linevelocityX":500}],"_prefab":{"__type__":"cc.PrefabInfo","root":{"__id__":1},"asset":{"__uuid__":"6bDtOwS11Ns5Qbm2RM/m9o"},"fileId":"2flUCaNSxDe7a2sGTECnUi"},"_contentSize":{"__type__":"cc.Size","width":502,"height":111},"_trs":{"__type__":"TypedArray","ctor":"Float64Array","array":[0,0,0,0,0,0,1,0.8,0.8,0.8]},"_groupIndex":8,"groupIndex":8}]]