[{"__type__":"cc.SpriteFrame","content":{"name":"5","texture":"75kBDa7iNMhIHiGmbYf3WZ","rect":[0,0,878,1271],"offset":[0,0],"originalSize":[878,1271],"capInsets":[0,0,0,0]}},[{"__type__":"cc.Prefab","_name":"level_10","data":{"__id__":1}},{"__type__":"cc.Node","_name":"level_5","_children":[{"__id__":2},{"__id__":3},{"__id__":10},{"__id__":15},{"__id__":20},{"__id__":21},{"__type__":"cc.Node","_name":"dsGoal","_parent":{"__id__":1},"_prefab":{"__type__":"cc.PrefabInfo","root":{"__id__":1},"asset":{"__uuid__":"e6WMbWEXRCz6Y2lzvUB3pu"},"fileId":"dfBzcTffJGc4NXhEI0amcj"},"_trs":{"__type__":"TypedArray","ctor":"Float64Array","array":[0,138.745,0,0,0,0,1,1,1,1]}},{"__type__":"cc.Node","_name":"goalOne","_parent":{"__id__":1},"_prefab":{"__type__":"cc.PrefabInfo","root":{"__id__":1},"asset":{"__uuid__":"e6WMbWEXRCz6Y2lzvUB3pu"},"fileId":"566WBPAANJXJUQQvBn2NPP"},"_trs":{"__type__":"TypedArray","ctor":"Float64Array","array":[18.263,-355.217,0,0,0,0,1,1,1,1]}},{"__type__":"cc.Node","_name":"goalTwo","_parent":{"__id__":1},"_prefab":{"__type__":"cc.PrefabInfo","root":{"__id__":1},"asset":{"__uuid__":"e6WMbWEXRCz6Y2lzvUB3pu"},"fileId":"5ePyVa8C5AKrSIjkbIbpbL"},"_trs":{"__type__":"TypedArray","ctor":"Float64Array","array":[-272.494,-371.274,0,0,0,0,1,1,1,1]}},{"__id__":24},{"__id__":28},{"__id__":29},{"__id__":30},{"__id__":31},{"__id__":32},{"__id__":33},{"__id__":34},{"__id__":39},{"__id__":44},{"__id__":45},{"__id__":46}],"_components":[{"__type__":"68240UFJWdPB50MnHdyEl1b","node":{"__id__":1},"duyeNode":{"__id__":4},"duyeNode2":{"__id__":6},"LduwuNode":{"__id__":8},"rduduNode":{"__id__":9},"playerNode":{"__id__":21},"keyArr":[{"__id__":14},{"__id__":36},{"__id__":19}],"goalArr":[{"__id__":31}],"closeNode":{"__id__":45}}],"_prefab":{"__type__":"cc.PrefabInfo","root":{"__id__":1},"asset":{"__uuid__":"e6WMbWEXRCz6Y2lzvUB3pu"},"fileId":"806Dyb2iZAZYHE5Gn8suEF"},"_trs":{"__type__":"TypedArray","ctor":"Float64Array","array":[0,0,0,0,0,0,1,1,1,1]}},{"__type__":"cc.Node","_name":"bg","_parent":{"__id__":1},"_components":[{"__type__":"cc.Sprite","node":{"__id__":2},"_materials":[{"__uuid__":"ecpdLyjvZBwrvm+cedCcQy"}],"_spriteFrame":{"__uuid__":"c0V76d1itCMKGDg0iKQitc"}}],"_prefab":{"__type__":"cc.PrefabInfo","root":{"__id__":1},"asset":{"__uuid__":"e6WMbWEXRCz6Y2lzvUB3pu"},"fileId":"ff1OoLvVdHrpldJ/5WCx8+"},"_contentSize":{"__type__":"cc.Size","width":878,"height":1271},"_trs":{"__type__":"TypedArray","ctor":"Float64Array","array":[0,0,0,0,0,0,1,1,1,1]}},{"__type__":"cc.Node","_name":"bg2","_parent":{"__id__":1},"_children":[{"__type__":"cc.Node","_name":"mask","_parent":{"__id__":3},"_prefab":{"__type__":"cc.PrefabInfo","root":{"__id__":1},"asset":{"__uuid__":"e6WMbWEXRCz6Y2lzvUB3pu"},"fileId":"51Mq/d1clOQoWK+j/g5zLJ"},"_trs":{"__type__":"TypedArray","ctor":"Float64Array","array":[0,0,0,0,0,0,1,1,1,1]}},{"__id__":4},{"__id__":6},{"__id__":8},{"__id__":9}],"_prefab":{"__type__":"cc.PrefabInfo","root":{"__id__":1},"asset":{"__uuid__":"e6WMbWEXRCz6Y2lzvUB3pu"},"fileId":"393LO3o2BFWI11H6SelMzP"},"_trs":{"__type__":"TypedArray","ctor":"Float64Array","array":[0,0,0,0,0,0,1,1,1,1]}},{"__type__":"cc.Node","_name":"deye","_parent":{"__id__":3},"_children":[{"__id__":5}],"_components":[{"__type__":"cc.Mask","node":{"__id__":4},"_materials":[{"__uuid__":"ecpdLyjvZBwrvm+cedCcQy"}],"_spriteFrame":{"__uuid__":"e0YRP5nkJIJJ19xrr5vin+"},"_type":2}],"_prefab":{"__type__":"cc.PrefabInfo","root":{"__id__":1},"asset":{"__uuid__":"e6WMbWEXRCz6Y2lzvUB3pu"},"fileId":"5c3RdQm3xI4Kj3zPHzRvJv"},"_contentSize":{"__type__":"cc.Size","width":450,"height":210},"_trs":{"__type__":"TypedArray","ctor":"Float64Array","array":[128.738,277.769,0,0,0,0,1,1,1,1]}},{"__type__":"cc.Node","_name":"dsdh","_parent":{"__id__":4},"_components":[{"__type__":"sp.Skeleton","node":{"__id__":5},"_materials":[{"__uuid__":"7a/QZLET9IDreTiBfRn2PD"}],"defaultAnimation":"m","_preCacheMode":0,"premultipliedAlpha":false,"_animationName":"m","_N$skeletonData":{"__uuid__":"77Gyl7LxdFXaj2Ddd+ATW9"}}],"_prefab":{"__type__":"cc.PrefabInfo","root":{"__id__":1},"asset":{"__uuid__":"e6WMbWEXRCz6Y2lzvUB3pu"},"fileId":"463+kfyHRE9qpCj+WjKO2s"},"_contentSize":{"__type__":"cc.Size","width":3240,"height":2803.73},"_trs":{"__type__":"TypedArray","ctor":"Float64Array","array":[0,437.831,0,0,0,0,1,1,1,1]}},{"__type__":"cc.Node","_name":"duye2","_parent":{"__id__":3},"_children":[{"__id__":7}],"_components":[{"__type__":"cc.Mask","node":{"__id__":6},"_materials":[{"__uuid__":"ecpdLyjvZBwrvm+cedCcQy"}],"_spriteFrame":{"__uuid__":"ddBWdiUvdAFK+/gGmb39qd"},"_type":2}],"_prefab":{"__type__":"cc.PrefabInfo","root":{"__id__":1},"asset":{"__uuid__":"e6WMbWEXRCz6Y2lzvUB3pu"},"fileId":"6dWlmxRkRDhp4W+ujCUbfE"},"_opacity":0,"_contentSize":{"__type__":"cc.Size","width":700,"height":730},"_trs":{"__type__":"TypedArray","ctor":"Float64Array","array":[56.474,229.985,0,0,0,0,1,1,1,1]}},{"__type__":"cc.Node","_name":"dsdh","_parent":{"__id__":6},"_components":[{"__type__":"sp.Skeleton","node":{"__id__":7},"_materials":[{"__uuid__":"7a/QZLET9IDreTiBfRn2PD"}],"defaultAnimation":"m","_preCacheMode":0,"premultipliedAlpha":false,"_animationName":"m","_N$skeletonData":{"__uuid__":"77Gyl7LxdFXaj2Ddd+ATW9"}}],"_prefab":{"__type__":"cc.PrefabInfo","root":{"__id__":1},"asset":{"__uuid__":"e6WMbWEXRCz6Y2lzvUB3pu"},"fileId":"dfDeR2b31M/4X9VCK/lQEz"},"_contentSize":{"__type__":"cc.Size","width":3240,"height":2803.73},"_trs":{"__type__":"TypedArray","ctor":"Float64Array","array":[128.738,715.6,0,0,0,0,1,1,1,1]}},{"__type__":"cc.Node","_name":"Lduwu","_parent":{"__id__":3},"_active":false,"_components":[{"__type__":"sp.Skeleton","node":{"__id__":8},"_materials":[{"__uuid__":"7a/QZLET9IDreTiBfRn2PD"}],"defaultAnimation":"animation","_preCacheMode":0,"loop":false,"premultipliedAlpha":false,"_animationName":"animation","_N$skeletonData":{"__uuid__":"64/0Yb/CtNBoCZAvzObkaJ"}}],"_prefab":{"__type__":"cc.PrefabInfo","root":{"__id__":1},"asset":{"__uuid__":"e6WMbWEXRCz6Y2lzvUB3pu"},"fileId":"9ck4gg9ClAwIa1x7/sTL4T"},"_contentSize":{"__type__":"cc.Size","width":245,"height":124},"_trs":{"__type__":"TypedArray","ctor":"Float64Array","array":[3.597,-38.373,0,0,0,0,1,1,1,1]}},{"__type__":"cc.Node","_name":"Rduwu","_parent":{"__id__":3},"_active":false,"_components":[{"__type__":"sp.Skeleton","node":{"__id__":9},"_materials":[{"__uuid__":"7a/QZLET9IDreTiBfRn2PD"}],"defaultAnimation":"animation","_preCacheMode":0,"premultipliedAlpha":false,"_animationName":"animation","_N$skeletonData":{"__uuid__":"64/0Yb/CtNBoCZAvzObkaJ"}}],"_prefab":{"__type__":"cc.PrefabInfo","root":{"__id__":1},"asset":{"__uuid__":"e6WMbWEXRCz6Y2lzvUB3pu"},"fileId":"87GfQCSA9CB5iIlso+QtUM"},"_contentSize":{"__type__":"cc.Size","width":245,"height":124},"_trs":{"__type__":"TypedArray","ctor":"Float64Array","array":[212.971,-38.373,0,0,0,0,1,1,1,1]}},{"__type__":"cc.Node","_name":"key","_parent":{"__id__":1},"_children":[{"__id__":11},{"__id__":12},{"__id__":13}],"_prefab":{"__type__":"cc.PrefabInfo","root":{"__id__":1},"asset":{"__uuid__":"e6WMbWEXRCz6Y2lzvUB3pu"},"fileId":"18nVLqlW5LKp4UBiDmgM/2"},"_trs":{"__type__":"TypedArray","ctor":"Float64Array","array":[70.816,-142.195,0,0,0,0.7071067811865475,0.7071067811865476,1,1,1]},"_eulerAngles":{"__type__":"cc.Vec3","z":90}},{"__type__":"cc.Node","_name":"lock","_parent":{"__id__":10},"_components":[{"__type__":"cc.Sprite","node":{"__id__":11},"_materials":[{"__uuid__":"ecpdLyjvZBwrvm+cedCcQy"}],"_spriteFrame":{"__uuid__":"ebm9zOQlFI4IGgCc9Owdfe"}},{"__type__":"15b42uAdtxGLJO3hSFb7eHo","node":{"__id__":11}}],"_prefab":{"__type__":"cc.PrefabInfo","root":{"__id__":1},"asset":{"__uuid__":"e6WMbWEXRCz6Y2lzvUB3pu"},"fileId":"dcpL6Qz7FGqJERY9LWGPL4"},"_contentSize":{"__type__":"cc.Size","width":56,"height":55},"_trs":{"__type__":"TypedArray","ctor":"Float64Array","array":[-1.086,-341.127,0,0,0,0,1,1,1,1]}},{"__type__":"cc.Node","_name":"lock","_parent":{"__id__":10},"_components":[{"__type__":"cc.Sprite","node":{"__id__":12},"_materials":[{"__uuid__":"ecpdLyjvZBwrvm+cedCcQy"}],"_spriteFrame":{"__uuid__":"ebm9zOQlFI4IGgCc9Owdfe"}},{"__type__":"15b42uAdtxGLJO3hSFb7eHo","node":{"__id__":12}}],"_prefab":{"__type__":"cc.PrefabInfo","root":{"__id__":1},"asset":{"__uuid__":"e6WMbWEXRCz6Y2lzvUB3pu"},"fileId":"771IIrQ0pNM6z0gEIcCkgm"},"_contentSize":{"__type__":"cc.Size","width":56,"height":55},"_trs":{"__type__":"TypedArray","ctor":"Float64Array","array":[-1.086,394.076,0,0,0,0,1,1,1,1]}},{"__type__":"cc.Node","_name":"key","_parent":{"__id__":10},"_children":[{"__id__":14}],"_prefab":{"__type__":"cc.PrefabInfo","root":{"__id__":1},"asset":{"__uuid__":"e6WMbWEXRCz6Y2lzvUB3pu"},"fileId":"57UMd7pu5Ob79xgKqN84Sn"},"_contentSize":{"__type__":"cc.Size","width":100,"height":200},"_trs":{"__type__":"TypedArray","ctor":"Float64Array","array":[0,0,0,0,0,0,1,1,1,1]},"_groupIndex":15,"groupIndex":15},{"__type__":"cc.Node","_name":"icon","_parent":{"__id__":13},"_components":[{"__type__":"fcf5apGFRJIEZkZJ9CwiT4c","node":{"__id__":14},"where":1},{"__type__":"cc.Sprite","node":{"__id__":14},"_materials":[{"__uuid__":"ecpdLyjvZBwrvm+cedCcQy"}],"_spriteFrame":{"__uuid__":"6dXBYrBNtEiKJQUnopu+Lk"},"_type":1,"_sizeMode":0},{"__type__":"cc.RigidBody","node":{"__id__":14},"_type":0,"_allowSleep":false,"enabledContactListener":true},{"__type__":"cc.BoxCollider","node":{"__id__":14},"_size":{"__type__":"cc.Size","width":61,"height":500}}],"_prefab":{"__type__":"cc.PrefabInfo","root":{"__id__":1},"asset":{"__uuid__":"e6WMbWEXRCz6Y2lzvUB3pu"},"fileId":"casHTAYgRH/Kv009BUTD6Y"},"_contentSize":{"__type__":"cc.Size","width":76,"height":900},"_trs":{"__type__":"TypedArray","ctor":"Float64Array","array":[0,0,0,0,0,0,1,1,1,1]},"_groupIndex":15,"groupIndex":15},{"__type__":"cc.Node","_name":"key copy","_parent":{"__id__":1},"_children":[{"__id__":16},{"__id__":17},{"__id__":18}],"_prefab":{"__type__":"cc.PrefabInfo","root":{"__id__":1},"asset":{"__uuid__":"e6WMbWEXRCz6Y2lzvUB3pu"},"fileId":"7d0/C9CgtILJztvaai+Xfs"},"_trs":{"__type__":"TypedArray","ctor":"Float64Array","array":[70.816,170.754,0,0,0,0.7071067811865475,0.7071067811865476,1,1,1]},"_eulerAngles":{"__type__":"cc.Vec3","z":90}},{"__type__":"cc.Node","_name":"lock","_parent":{"__id__":15},"_components":[{"__type__":"cc.Sprite","node":{"__id__":16},"_materials":[{"__uuid__":"ecpdLyjvZBwrvm+cedCcQy"}],"_spriteFrame":{"__uuid__":"ebm9zOQlFI4IGgCc9Owdfe"}},{"__type__":"15b42uAdtxGLJO3hSFb7eHo","node":{"__id__":16}}],"_prefab":{"__type__":"cc.PrefabInfo","root":{"__id__":1},"asset":{"__uuid__":"e6WMbWEXRCz6Y2lzvUB3pu"},"fileId":"cfbPNBjfVBoaX54cqCLh9V"},"_contentSize":{"__type__":"cc.Size","width":56,"height":55},"_trs":{"__type__":"TypedArray","ctor":"Float64Array","array":[-1.086,-341.127,0,0,0,0,1,1,1,1]}},{"__type__":"cc.Node","_name":"lock","_parent":{"__id__":15},"_components":[{"__type__":"cc.Sprite","node":{"__id__":17},"_materials":[{"__uuid__":"ecpdLyjvZBwrvm+cedCcQy"}],"_spriteFrame":{"__uuid__":"ebm9zOQlFI4IGgCc9Owdfe"}},{"__type__":"15b42uAdtxGLJO3hSFb7eHo","node":{"__id__":17}}],"_prefab":{"__type__":"cc.PrefabInfo","root":{"__id__":1},"asset":{"__uuid__":"e6WMbWEXRCz6Y2lzvUB3pu"},"fileId":"1asf3viexPcaFy5nL/NzcO"},"_contentSize":{"__type__":"cc.Size","width":56,"height":55},"_trs":{"__type__":"TypedArray","ctor":"Float64Array","array":[-1.086,394.076,0,0,0,0,1,1,1,1]}},{"__type__":"cc.Node","_name":"key","_parent":{"__id__":15},"_children":[{"__id__":19}],"_prefab":{"__type__":"cc.PrefabInfo","root":{"__id__":1},"asset":{"__uuid__":"e6WMbWEXRCz6Y2lzvUB3pu"},"fileId":"fdOLZZEBRMSI3TJM8m7G1w"},"_contentSize":{"__type__":"cc.Size","width":100,"height":200},"_trs":{"__type__":"TypedArray","ctor":"Float64Array","array":[0,0,0,0,0,0,1,1,1,1]},"_groupIndex":15,"groupIndex":15},{"__type__":"cc.Node","_name":"icon","_parent":{"__id__":18},"_components":[{"__type__":"fcf5apGFRJIEZkZJ9CwiT4c","node":{"__id__":19},"where":1},{"__type__":"cc.Sprite","node":{"__id__":19},"_materials":[{"__uuid__":"ecpdLyjvZBwrvm+cedCcQy"}],"_spriteFrame":{"__uuid__":"6dXBYrBNtEiKJQUnopu+Lk"},"_type":1,"_sizeMode":0},{"__type__":"cc.RigidBody","node":{"__id__":19},"_type":0,"_allowSleep":false,"enabledContactListener":true},{"__type__":"cc.BoxCollider","node":{"__id__":19},"_enabled":false,"_size":{"__type__":"cc.Size","width":61,"height":500}},{"__type__":"cc.PhysicsBoxCollider","node":{"__id__":19},"_offset":{"__type__":"cc.Vec2","y":27.9},"_size":{"__type__":"cc.Size","width":13.8,"height":849.9}}],"_prefab":{"__type__":"cc.PrefabInfo","root":{"__id__":1},"asset":{"__uuid__":"e6WMbWEXRCz6Y2lzvUB3pu"},"fileId":"22oJDVkIRLwp+YYv7YWxMW"},"_contentSize":{"__type__":"cc.Size","width":76,"height":900},"_trs":{"__type__":"TypedArray","ctor":"Float64Array","array":[0,0,0,0,0,0,1,1,1,1]},"_groupIndex":15,"groupIndex":15},{"__type__":"cc.Node","_name":"drumstick","_parent":{"__id__":1},"_components":[{"__type__":"cc.Sprite","node":{"__id__":20},"_materials":[{"__uuid__":"ecpdLyjvZBwrvm+cedCcQy"}],"_spriteFrame":{"__uuid__":"41In5eFZZAcrgFboYtZCx8"}},{"__type__":"cc.RigidBody","node":{"__id__":20},"_allowSleep":false,"enabledContactListener":true,"bullet":true},{"__type__":"8129dBaWYFCnbCuQ9KTwNkc","node":{"__id__":20}},{"__type__":"cc.BoxCollider","node":{"__id__":20},"_offset":{"__type__":"cc.Vec2","x":-2,"y":-10.7},"_size":{"__type__":"cc.Size","width":71,"height":62.8}},{"__type__":"cc.PhysicsBoxCollider","node":{"__id__":20},"_offset":{"__type__":"cc.Vec2","x":-1.3,"y":-11.1},"_size":{"__type__":"cc.Size","width":68.4,"height":87.3}}],"_prefab":{"__type__":"cc.PrefabInfo","root":{"__id__":1},"asset":{"__uuid__":"e6WMbWEXRCz6Y2lzvUB3pu"},"fileId":"a5lBPulSBIlK41b/MISJDC"},"_contentSize":{"__type__":"cc.Size","width":137,"height":175},"_trs":{"__type__":"TypedArray","ctor":"Float64Array","array":[148.751,455.988,0,0,0,0,1,1.2,1.2,1]},"_groupIndex":18,"groupIndex":18},{"__type__":"cc.Node","_name":"player","_parent":{"__id__":1},"_children":[{"__id__":22},{"__id__":23}],"_prefab":{"__type__":"cc.PrefabInfo","root":{"__id__":1},"asset":{"__uuid__":"e6WMbWEXRCz6Y2lzvUB3pu"},"fileId":"6cmek4Sa5LXL84tjBnPhGq"},"_contentSize":{"__type__":"cc.Size","width":245,"height":292},"_trs":{"__type__":"TypedArray","ctor":"Float64Array","array":[-192.141,-15.825,0,0,0,0,1,-1,1,1]}},{"__type__":"cc.Node","_name":"word","_parent":{"__id__":21},"_components":[{"__type__":"cc.Label","node":{"__id__":22},"_materials":[{"__uuid__":"ecpdLyjvZBwrvm+cedCcQy"}],"_N$horizontalAlign":1,"_N$verticalAlign":1}],"_prefab":{"__type__":"cc.PrefabInfo","root":{"__id__":1},"asset":{"__uuid__":"e6WMbWEXRCz6Y2lzvUB3pu"},"fileId":"5fEabmAGVKE4KCvpSRzY2z"},"_contentSize":{"__type__":"cc.Size","height":50.4},"_trs":{"__type__":"TypedArray","ctor":"Float64Array","array":[55.46,195.121,0,0,0,0,1,-1,1,1]}},{"__type__":"cc.Node","_name":"pifu","_parent":{"__id__":21},"_components":[{"__type__":"sp.Skeleton","node":{"__id__":23},"_materials":[{"__uuid__":"7a/QZLET9IDreTiBfRn2PD"}],"defaultAnimation":"youdong1","_preCacheMode":0,"premultipliedAlpha":false,"_animationName":"youdong1","_N$skeletonData":{"__uuid__":"7eXUSETlJAmq9Nf/NmhP+m"}},{"__type__":"01f289XMctJip07hmhMcMgM","node":{"__id__":23},"isxuanluo":true,"left":-500,"right":500},{"__type__":"cc.PolygonCollider","node":{"__id__":23},"points":[{"__type__":"cc.Vec2","x":-40.9,"y":-33.1},{"__type__":"cc.Vec2","x":45.8,"y":-35.2},{"__type__":"cc.Vec2","x":69.4,"y":-8.6},{"__type__":"cc.Vec2","x":33.6,"y":39.6},{"__type__":"cc.Vec2","x":-32.6,"y":32.4},{"__type__":"cc.Vec2","x":-57,"y":5.7}]}],"_prefab":{"__type__":"cc.PrefabInfo","root":{"__id__":1},"asset":{"__uuid__":"e6WMbWEXRCz6Y2lzvUB3pu"},"fileId":"5e00rqf+FFTK78ADs6J5bA"},"_contentSize":{"__type__":"cc.Size","width":298.26,"height":205.43},"_trs":{"__type__":"TypedArray","ctor":"Float64Array","array":[0,0,0,0,0,0,1,-1,1,1]},"_groupIndex":19,"groupIndex":19},{"__type__":"cc.Node","_name":"slip","_parent":{"__id__":1},"_children":[{"__id__":25}],"_components":[{"__type__":"4bad4CHjzxEmJzgca0q/jvQ","node":{"__id__":24},"bodyNode":{"__id__":25},"rightAngle":15,"mainAngle":-30}],"_prefab":{"__type__":"cc.PrefabInfo","root":{"__id__":1},"asset":{"__uuid__":"e6WMbWEXRCz6Y2lzvUB3pu"},"fileId":"eac1gFlsNAXJy7bcyIoaH1"},"_contentSize":{"__type__":"cc.Size","width":414,"height":775},"_trs":{"__type__":"TypedArray","ctor":"Float64Array","array":[52,414,0,0,0,-0.7071067811865475,0.7071067811865476,1,1,1]},"_eulerAngles":{"__type__":"cc.Vec3","z":-90},"_groupIndex":15,"groupIndex":15},{"__type__":"cc.Node","_name":"body","_parent":{"__id__":24},"_children":[{"__id__":26}],"_components":[{"__type__":"cc.Sprite","node":{"__id__":25},"_materials":[{"__uuid__":"ecpdLyjvZBwrvm+cedCcQy"}],"_sizeMode":0},{"__type__":"f7dc6f7+k5I6a2iPOBMLTVN","node":{"__id__":25}},{"__type__":"cc.RigidBody","node":{"__id__":25},"_type":0},{"__type__":"cc.PhysicsBoxCollider","node":{"__id__":25},"_offset":{"__type__":"cc.Vec2","x":-352.9,"y":1.2},"_size":{"__type__":"cc.Size","width":280,"height":32.9}}],"_prefab":{"__type__":"cc.PrefabInfo","root":{"__id__":1},"asset":{"__uuid__":"e6WMbWEXRCz6Y2lzvUB3pu"},"fileId":"41bSaIuXZBzovLavU9Iumb"},"_contentSize":{"__type__":"cc.Size","width":280,"height":33.5},"_anchorPoint":{"__type__":"cc.Vec2","x":1.7668065042193577,"y":0.35198885906235344},"_trs":{"__type__":"TypedArray","ctor":"Float64Array","array":[224.9,76.1,0,0,0,-0.17364817766693033,0.984807753012208,1,1,1]},"_eulerAngles":{"__type__":"cc.Vec3","z":-20},"_groupIndex":15,"groupIndex":15},{"__type__":"cc.Node","_name":"body copy","_parent":{"__id__":25},"_children":[{"__id__":27}],"_components":[{"__type__":"cc.Sprite","node":{"__id__":26},"_materials":[{"__uuid__":"ecpdLyjvZBwrvm+cedCcQy"}],"_spriteFrame":{"__uuid__":"96ji7O0ylCdpiWyQJ2Hmkh"},"_sizeMode":0},{"__type__":"f7dc6f7+k5I6a2iPOBMLTVN","node":{"__id__":26}}],"_prefab":{"__type__":"cc.PrefabInfo","root":{"__id__":1},"asset":{"__uuid__":"e6WMbWEXRCz6Y2lzvUB3pu"},"fileId":"1fCAwwE2xIKaa8K1kGJTas"},"_contentSize":{"__type__":"cc.Size","width":280,"height":15},"_anchorPoint":{"__type__":"cc.Vec2","x":1.7668065042193577,"y":0.35198885906235344},"_trs":{"__type__":"TypedArray","ctor":"Float64Array","array":[6.48457,0.019,0,0,0,0,1,1,1,1]},"_groupIndex":15,"groupIndex":15},{"__type__":"cc.Node","_name":"head","_parent":{"__id__":26},"_components":[{"__type__":"cc.Sprite","node":{"__id__":27},"_materials":[{"__uuid__":"ecpdLyjvZBwrvm+cedCcQy"}],"_spriteFrame":{"__uuid__":"9dDnfIiCpErLaxAEIizf5L"}}],"_prefab":{"__type__":"cc.PrefabInfo","root":{"__id__":1},"asset":{"__uuid__":"e6WMbWEXRCz6Y2lzvUB3pu"},"fileId":"ccs9a+rvNG6Js3gA1GusQp"},"_contentSize":{"__type__":"cc.Size","width":53,"height":104},"_trs":{"__type__":"TypedArray","ctor":"Float64Array","array":[-515.231,2.132,0,0,0,0,1,1,1,1]}},{"__type__":"cc.Node","_name":"wall","_parent":{"__id__":1},"_components":[{"__type__":"cc.RigidBody","node":{"__id__":28},"_type":0},{"__type__":"cc.PhysicsChainCollider","node":{"__id__":28},"points":[{"__type__":"cc.Vec2","x":436.6,"y":49.3},{"__type__":"cc.Vec2","x":424.2,"y":108.8},{"__type__":"cc.Vec2","x":387.4,"y":172.5},{"__type__":"cc.Vec2","x":331.4,"y":222.5},{"__type__":"cc.Vec2","x":279.1,"y":250.9},{"__type__":"cc.Vec2","x":252.2,"y":258.3},{"__type__":"cc.Vec2","x":214,"y":265.3},{"__type__":"cc.Vec2","x":184.7,"y":265.3},{"__type__":"cc.Vec2","x":144.5,"y":261},{"__type__":"cc.Vec2","x":117.1,"y":253.9},{"__type__":"cc.Vec2","x":82.3,"y":239},{"__type__":"cc.Vec2","x":56,"y":223.9},{"__type__":"cc.Vec2","x":23.4,"y":197.5},{"__type__":"cc.Vec2","x":-1.4,"y":168.1},{"__type__":"cc.Vec2","x":-21.7,"y":135.6},{"__type__":"cc.Vec2","x":-40.7,"y":95.3},{"__type__":"cc.Vec2","x":-50,"y":50}]}],"_prefab":{"__type__":"cc.PrefabInfo","root":{"__id__":1},"asset":{"__uuid__":"e6WMbWEXRCz6Y2lzvUB3pu"},"fileId":"6aYzscpPlL+odgOms8GcA9"},"_trs":{"__type__":"TypedArray","ctor":"Float64Array","array":[-64.715,136.092,0,0,0,0,1,1,1,1]},"_groupIndex":17,"groupIndex":17},{"__type__":"cc.Node","_name":"wall","_parent":{"__id__":1},"_components":[{"__type__":"cc.RigidBody","node":{"__id__":29},"_type":0},{"__type__":"cc.PhysicsChainCollider","node":{"__id__":29},"points":[{"__type__":"cc.Vec2","x":0.6,"y":173.5},{"__type__":"cc.Vec2","x":-13.5,"y":40.4}]}],"_prefab":{"__type__":"cc.PrefabInfo","root":{"__id__":1},"asset":{"__uuid__":"e6WMbWEXRCz6Y2lzvUB3pu"},"fileId":"332f69IhxOS7jwu8BSpHoY"},"_trs":{"__type__":"TypedArray","ctor":"Float64Array","array":[-249.546,156.63,0,0,0,0,1,1,1,1]},"_groupIndex":17,"groupIndex":17},{"__type__":"cc.Node","_name":"wall","_parent":{"__id__":1},"_components":[{"__type__":"cc.RigidBody","node":{"__id__":30},"_type":0},{"__type__":"cc.PhysicsChainCollider","node":{"__id__":30},"points":[{"__type__":"cc.Vec2","x":-123.3,"y":118.5},{"__type__":"cc.Vec2","x":-124.2,"y":-2.5},{"__type__":"cc.Vec2","x":72.8,"y":-6.2},{"__type__":"cc.Vec2","x":73.7,"y":116.6}]}],"_prefab":{"__type__":"cc.PrefabInfo","root":{"__id__":1},"asset":{"__uuid__":"e6WMbWEXRCz6Y2lzvUB3pu"},"fileId":"83PWyrxIlH6Z89S5FV8EuU"},"_trs":{"__type__":"TypedArray","ctor":"Float64Array","array":[-191.291,-28.551,0,0,0,0,1,1,1,1]},"_groupIndex":17,"groupIndex":17},{"__type__":"cc.Node","_name":"goalEnd","_parent":{"__id__":1},"_prefab":{"__type__":"cc.PrefabInfo","root":{"__id__":1},"asset":{"__uuid__":"e6WMbWEXRCz6Y2lzvUB3pu"},"fileId":"586+eTDHlH5akX4lLhHkGS"},"_trs":{"__type__":"TypedArray","ctor":"Float64Array","array":[-240.506,-452.361,0,0,0,0,1,1,1,1]}},{"__type__":"cc.Node","_name":"lock","_parent":{"__id__":1},"_components":[{"__type__":"cc.Sprite","node":{"__id__":32},"_materials":[{"__uuid__":"ecpdLyjvZBwrvm+cedCcQy"}],"_spriteFrame":{"__uuid__":"ebm9zOQlFI4IGgCc9Owdfe"}},{"__type__":"15b42uAdtxGLJO3hSFb7eHo","node":{"__id__":32}}],"_prefab":{"__type__":"cc.PrefabInfo","root":{"__id__":1},"asset":{"__uuid__":"e6WMbWEXRCz6Y2lzvUB3pu"},"fileId":"c2H9NiI9dIjappHqCFSqkd"},"_contentSize":{"__type__":"cc.Size","width":56,"height":55},"_trs":{"__type__":"TypedArray","ctor":"Float64Array","array":[364.005,163.692,0,0,0,0.7071067811865475,0.7071067811865476,1,1,1]},"_eulerAngles":{"__type__":"cc.Vec3","z":90}},{"__type__":"cc.Node","_name":"lock","_parent":{"__id__":1},"_components":[{"__type__":"cc.Sprite","node":{"__id__":33},"_materials":[{"__uuid__":"ecpdLyjvZBwrvm+cedCcQy"}],"_spriteFrame":{"__uuid__":"ebm9zOQlFI4IGgCc9Owdfe"}},{"__type__":"15b42uAdtxGLJO3hSFb7eHo","node":{"__id__":33}}],"_prefab":{"__type__":"cc.PrefabInfo","root":{"__id__":1},"asset":{"__uuid__":"e6WMbWEXRCz6Y2lzvUB3pu"},"fileId":"d6yUqVrrVH3IFrOCeXAbdc"},"_contentSize":{"__type__":"cc.Size","width":56,"height":55},"_trs":{"__type__":"TypedArray","ctor":"Float64Array","array":[-320.92,163.692,0,0,0,0.7071067811865475,0.7071067811865476,1,1,1]},"_eulerAngles":{"__type__":"cc.Vec3","z":90}},{"__type__":"cc.Node","_name":"lvkey","_parent":{"__id__":1},"_children":[{"__id__":35}],"_active":false,"_prefab":{"__type__":"cc.PrefabInfo","root":{"__id__":1},"asset":{"__uuid__":"e6WMbWEXRCz6Y2lzvUB3pu"},"fileId":"074+2VRu5EJ7bwq36y2x3Y"},"_trs":{"__type__":"TypedArray","ctor":"Float64Array","array":[31.884,164.778,0,0,0,0.7071067811865475,0.7071067811865476,1,1,1]},"_eulerAngles":{"__type__":"cc.Vec3","z":90}},{"__type__":"cc.Node","_name":"key","_parent":{"__id__":34},"_children":[{"__id__":36}],"_prefab":{"__type__":"cc.PrefabInfo","root":{"__id__":1},"asset":{"__uuid__":"e6WMbWEXRCz6Y2lzvUB3pu"},"fileId":"1cCQgDwE5L1oWFCsaqBd2E"},"_contentSize":{"__type__":"cc.Size","width":100,"height":200},"_trs":{"__type__":"TypedArray","ctor":"Float64Array","array":[0,0,0,0,0,0,1,1,1,1]},"_groupIndex":15,"groupIndex":15},{"__type__":"cc.Node","_name":"icon","_parent":{"__id__":35},"_children":[{"__id__":37},{"__id__":38}],"_components":[{"__type__":"fcf5apGFRJIEZkZJ9CwiT4c","node":{"__id__":36},"where":1,"type":2},{"__type__":"cc.Sprite","node":{"__id__":36},"_materials":[{"__uuid__":"ecpdLyjvZBwrvm+cedCcQy"}],"_spriteFrame":{"__uuid__":"30qAHbQeJDb6X7c2KQsWDy"},"_type":1,"_sizeMode":0},{"__type__":"cc.RigidBody","node":{"__id__":36},"_type":0},{"__type__":"cc.PhysicsBoxCollider","node":{"__id__":36},"_size":{"__type__":"cc.Size","width":15,"height":800}}],"_prefab":{"__type__":"cc.PrefabInfo","root":{"__id__":1},"asset":{"__uuid__":"e6WMbWEXRCz6Y2lzvUB3pu"},"fileId":"39jKr8zzxJqrE7oPn+uWOV"},"_contentSize":{"__type__":"cc.Size","width":15,"height":800},"_trs":{"__type__":"TypedArray","ctor":"Float64Array","array":[0,0,0,0,0,0,1,1,1,1]},"_groupIndex":15,"groupIndex":15},{"__type__":"cc.Node","_name":"leftHuan","_parent":{"__id__":36},"_components":[{"__type__":"cc.Sprite","node":{"__id__":37},"_enabled":false,"_materials":[{"__uuid__":"ecpdLyjvZBwrvm+cedCcQy"}],"_spriteFrame":{"__uuid__":"8bDdjobnRGvIRoO5ufIAEq"}},{"__type__":"cc.BoxCollider","node":{"__id__":37},"tag":2,"_offset":{"__type__":"cc.Vec2","y":1},"_size":{"__type__":"cc.Size","width":20.3,"height":97}}],"_prefab":{"__type__":"cc.PrefabInfo","root":{"__id__":1},"asset":{"__uuid__":"e6WMbWEXRCz6Y2lzvUB3pu"},"fileId":"9ekPPYgPBB0JZdr/SoD/RX"},"_contentSize":{"__type__":"cc.Size","width":76,"height":97},"_trs":{"__type__":"TypedArray","ctor":"Float64Array","array":[0,438.478,0,0,0,0,1,1,1,1]},"_groupIndex":27,"groupIndex":27},{"__type__":"cc.Node","_name":"rightHuan","_parent":{"__id__":36},"_components":[{"__type__":"cc.Sprite","node":{"__id__":38},"_enabled":false,"_materials":[{"__uuid__":"ecpdLyjvZBwrvm+cedCcQy"}],"_spriteFrame":{"__uuid__":"8bDdjobnRGvIRoO5ufIAEq"}},{"__type__":"cc.BoxCollider","node":{"__id__":38},"tag":3,"_offset":{"__type__":"cc.Vec2","y":-7.9},"_size":{"__type__":"cc.Size","width":28.3,"height":97}}],"_prefab":{"__type__":"cc.PrefabInfo","root":{"__id__":1},"asset":{"__uuid__":"e6WMbWEXRCz6Y2lzvUB3pu"},"fileId":"420QoaCw5FurXKSk/fe+r+"},"_contentSize":{"__type__":"cc.Size","width":76,"height":97},"_trs":{"__type__":"TypedArray","ctor":"Float64Array","array":[0,-439.29,0,0,0,1,6.123233995736766e-17,1,1,1]},"_eulerAngles":{"__type__":"cc.Vec3","z":180},"_groupIndex":27,"groupIndex":27},{"__type__":"cc.Node","_name":"lvhuan","_parent":{"__id__":1},"_children":[{"__id__":40},{"__type__":"cc.Node","_name":"huan","_parent":{"__id__":39},"_prefab":{"__type__":"cc.PrefabInfo","root":{"__id__":1},"asset":{"__uuid__":"e6WMbWEXRCz6Y2lzvUB3pu"},"fileId":"7e2d8K5+VPmaxXoHQkpi0S"},"_trs":{"__type__":"TypedArray","ctor":"Float64Array","array":[540,960,0,0,0,0,1,1,1,1]}},{"__id__":41},{"__id__":42},{"__id__":43}],"_active":false,"_components":[{"__type__":"cc.Sprite","node":{"__id__":39},"_enabled":false,"_materials":[{"__uuid__":"ecpdLyjvZBwrvm+cedCcQy"}],"_spriteFrame":{"__uuid__":"8bDdjobnRGvIRoO5ufIAEq"},"_sizeMode":0},{"__type__":"e8057lgm4hIxroPDFEdZwco","node":{"__id__":39},"rightNode":{"__id__":43},"leftNode":{"__id__":42},"showNode":{"__id__":41},"singlePrefab":{"__uuid__":"a5kV9mPg1CA4s842SNsecY"}}],"_prefab":{"__type__":"cc.PrefabInfo","root":{"__id__":1},"asset":{"__uuid__":"e6WMbWEXRCz6Y2lzvUB3pu"},"fileId":"003pIEk4dHMaDHfXfKNG52"},"_contentSize":{"__type__":"cc.Size","width":161,"height":205},"_trs":{"__type__":"TypedArray","ctor":"Float64Array","array":[428.491,302.501,0,0,0,0,1,1,1,1]}},{"__type__":"cc.Node","_name":"lvhuan","_parent":{"__id__":39},"_components":[{"__type__":"cc.Sprite","node":{"__id__":40},"_materials":[{"__uuid__":"ecpdLyjvZBwrvm+cedCcQy"}],"_spriteFrame":{"__uuid__":"8bDdjobnRGvIRoO5ufIAEq"}}],"_prefab":{"__type__":"cc.PrefabInfo","root":{"__id__":1},"asset":{"__uuid__":"e6WMbWEXRCz6Y2lzvUB3pu"},"fileId":"e2wilT5GhGx40WJEIwGsN4"},"_contentSize":{"__type__":"cc.Size","width":76,"height":97},"_trs":{"__type__":"TypedArray","ctor":"Float64Array","array":[0,0,0,0,0,0,1,1,1,1]}},{"__type__":"cc.Node","_name":"show","_parent":{"__id__":39},"_components":[{"__type__":"cc.Label","node":{"__id__":41},"_materials":[{"__uuid__":"ecpdLyjvZBwrvm+cedCcQy"}],"_string":"1","_N$string":"1","_N$horizontalAlign":1,"_N$verticalAlign":1}],"_prefab":{"__type__":"cc.PrefabInfo","root":{"__id__":1},"asset":{"__uuid__":"e6WMbWEXRCz6Y2lzvUB3pu"},"fileId":"c6Sm6FRpVEAYFHEOKctury"},"_contentSize":{"__type__":"cc.Size","width":22.25,"height":50.4},"_trs":{"__type__":"TypedArray","ctor":"Float64Array","array":[36.443,-40.833,0,0,0,0,1,1,1,1]}},{"__type__":"cc.Node","_name":"left","_parent":{"__id__":39},"_prefab":{"__type__":"cc.PrefabInfo","root":{"__id__":1},"asset":{"__uuid__":"e6WMbWEXRCz6Y2lzvUB3pu"},"fileId":"acVUWFwLJDVZa6oeYGV50I"},"_trs":{"__type__":"TypedArray","ctor":"Float64Array","array":[-765.145,-203.088,0,0,0,0,1,1,1,1]}},{"__type__":"cc.Node","_name":"right","_parent":{"__id__":39},"_prefab":{"__type__":"cc.PrefabInfo","root":{"__id__":1},"asset":{"__uuid__":"e6WMbWEXRCz6Y2lzvUB3pu"},"fileId":"50nZJUsK9ApIT9VLs173fe"},"_trs":{"__type__":"TypedArray","ctor":"Float64Array","array":[-120.791,-204.415,0,0,0,0,1,1,1,1]}},{"__type__":"cc.Node","_name":"dydh","_parent":{"__id__":1},"_active":false,"_components":[{"__type__":"sp.Skeleton","node":{"__id__":44},"_materials":[{"__uuid__":"7a/QZLET9IDreTiBfRn2PD"}],"defaultAnimation":"animation","_preCacheMode":0,"premultipliedAlpha":false,"_animationName":"animation","_N$skeletonData":{"__uuid__":"64/0Yb/CtNBoCZAvzObkaJ"}}],"_prefab":{"__type__":"cc.PrefabInfo","root":{"__id__":1},"asset":{"__uuid__":"e6WMbWEXRCz6Y2lzvUB3pu"},"fileId":"cc8hCmE0FMYpSKgVc88xHk"},"_contentSize":{"__type__":"cc.Size","width":245,"height":124},"_trs":{"__type__":"TypedArray","ctor":"Float64Array","array":[105.066,106.486,0,0,0,0,1,1,1,1]}},{"__type__":"cc.Node","_name":"close","_parent":{"__id__":1},"_components":[{"__type__":"cc.BoxCollider","node":{"__id__":45}}],"_prefab":{"__type__":"cc.PrefabInfo","root":{"__id__":1},"asset":{"__uuid__":"e6WMbWEXRCz6Y2lzvUB3pu"},"fileId":"d6rVOO6bJM5IQxlHhk1eGJ"},"_trs":{"__type__":"TypedArray","ctor":"Float64Array","array":[-271.832,-404.321,0,0,0,0,1,1,1,1]},"_groupIndex":23,"groupIndex":23},{"__type__":"cc.Node","_name":"evilFish","_parent":{"__id__":1},"_components":[{"__type__":"sp.Skeleton","node":{"__id__":46},"_enabled":false,"_materials":[{"__uuid__":"7a/QZLET9IDreTiBfRn2PD"}],"_preCacheMode":0,"_N$skeletonData":{"__uuid__":"2dpI0oihRHGrJT4rUVPvz4"}},{"__type__":"cc.BoxCollider","node":{"__id__":46},"_size":{"__type__":"cc.Size","width":242.6,"height":165}}],"_prefab":{"__type__":"cc.PrefabInfo","root":{"__id__":1},"asset":{"__uuid__":"e6WMbWEXRCz6Y2lzvUB3pu"},"fileId":"cfp8x0CW5A8LcFAqvgTG3R"},"_contentSize":{"__type__":"cc.Size","width":242.6,"height":165},"_trs":{"__type__":"TypedArray","ctor":"Float64Array","array":[364.712,403.443,0,0,0,0,1,1,1,1]},"_groupIndex":22,"groupIndex":22}]]