[[{"__type__":"cc.Prefab","_name":"UIDerived67","data":{"__id__":1}},{"__type__":"cc.Node","_name":"UIDerived77","_children":[{"__type__":"cc.Node","_name":"bule_node","_parent":{"__id__":1},"_prefab":{"__type__":"cc.PrefabInfo","root":{"__id__":1},"asset":{"__uuid__":"0c/yv5aXpIYpFaPq0Un1E6"},"fileId":"554kUqPi9O+bF8gbLaDpFP"},"_trs":{"__type__":"TypedArray","ctor":"Float64Array","array":[0,0,0,0,0,0,1,1,1,1]}},{"__type__":"cc.Node","_name":"greenwater_node","_parent":{"__id__":1},"_prefab":{"__type__":"cc.PrefabInfo","root":{"__id__":1},"asset":{"__uuid__":"0c/yv5aXpIYpFaPq0Un1E6"},"fileId":"68CoFXgARAK7W/hEE/0PzS"},"_trs":{"__type__":"TypedArray","ctor":"Float64Array","array":[0,0,0,0,0,0,1,1,1,1]}},{"__type__":"cc.Node","_name":"redwater_node","_parent":{"__id__":1},"_prefab":{"__type__":"cc.PrefabInfo","root":{"__id__":1},"asset":{"__uuid__":"0c/yv5aXpIYpFaPq0Un1E6"},"fileId":"cfVbIX8dVJJZC627ZbF3aD"},"_trs":{"__type__":"TypedArray","ctor":"Float64Array","array":[0,0,0,0,0,0,1,1,1,1]}},{"__id__":2},{"__id__":3},{"__id__":4},{"__id__":5},{"__type__":"cc.Node","_name":"greenPos_node","_parent":{"__id__":1},"_prefab":{"__type__":"cc.PrefabInfo","root":{"__id__":1},"asset":{"__uuid__":"0c/yv5aXpIYpFaPq0Un1E6"},"fileId":"73XfPB8phEcL6DX3ewH+5I"},"_trs":{"__type__":"TypedArray","ctor":"Float64Array","array":[0,0,0,0,0,0,1,1,1,1]}},{"__type__":"cc.Node","_name":"player","_parent":{"__id__":1},"_prefab":{"__type__":"cc.PrefabInfo","root":{"__id__":1},"asset":{"__uuid__":"0c/yv5aXpIYpFaPq0Un1E6"},"fileId":"f0wHIbv4hFSY+Mm2AZvRCm"},"_contentSize":{"__type__":"cc.Size","width":240,"height":140},"_trs":{"__type__":"TypedArray","ctor":"Float64Array","array":[75.795,-191.872,0,0,0,0,1,-0.7,0.7,1]}},{"__type__":"cc.Node","_name":"enemy","_parent":{"__id__":1},"_prefab":{"__type__":"cc.PrefabInfo","root":{"__id__":1},"asset":{"__uuid__":"0c/yv5aXpIYpFaPq0Un1E6"},"fileId":"12DhalyFNN4YeX3YI9XIzZ"},"_trs":{"__type__":"TypedArray","ctor":"Float64Array","array":[33.941,-637.71,0,0,0,0,1,1,1,1]}},{"__id__":6},{"__id__":8}],"_components":[{"__type__":"cc.Sprite","node":{"__id__":1},"_materials":[{"__uuid__":"ecpdLyjvZBwrvm+cedCcQy"}],"_spriteFrame":{"__uuid__":"afV4th9AxKUp+TkpNqp69O"}},{"__type__":"cc.RigidBody","node":{"__id__":1},"_type":0},{"__type__":"cc.PhysicsPolygonCollider","node":{"__id__":1},"_offset":{"__type__":"cc.Vec2","x":-283,"y":726},"points":[{"__type__":"cc.Vec2","x":-45,"y":-1513},{"__type__":"cc.Vec2","x":610,"y":-1492},{"__type__":"cc.Vec2","x":618,"y":45},{"__type__":"cc.Vec2","x":334.4,"y":0.8},{"__type__":"cc.Vec2","x":307.4,"y":-144.1},{"__type__":"cc.Vec2","x":280.3,"y":-173.9},{"__type__":"cc.Vec2","x":217.5,"y":-197.4},{"__type__":"cc.Vec2","x":140.1,"y":-232.5},{"__type__":"cc.Vec2","x":105,"y":-278},{"__type__":"cc.Vec2","x":106,"y":-671},{"__type__":"cc.Vec2","x":199,"y":-624},{"__type__":"cc.Vec2","x":298,"y":-597},{"__type__":"cc.Vec2","x":465,"y":-640},{"__type__":"cc.Vec2","x":551,"y":-723},{"__type__":"cc.Vec2","x":561,"y":-889},{"__type__":"cc.Vec2","x":508,"y":-972},{"__type__":"cc.Vec2","x":431,"y":-1013},{"__type__":"cc.Vec2","x":319,"y":-1015},{"__type__":"cc.Vec2","x":221,"y":-978},{"__type__":"cc.Vec2","x":151,"y":-892},{"__type__":"cc.Vec2","x":107,"y":-794},{"__type__":"cc.Vec2","x":106,"y":-1105},{"__type__":"cc.Vec2","x":224,"y":-1083},{"__type__":"cc.Vec2","x":326,"y":-1082},{"__type__":"cc.Vec2","x":436,"y":-1106},{"__type__":"cc.Vec2","x":518,"y":-1152},{"__type__":"cc.Vec2","x":554,"y":-1228},{"__type__":"cc.Vec2","x":549,"y":-1333},{"__type__":"cc.Vec2","x":484,"y":-1422},{"__type__":"cc.Vec2","x":386,"y":-1449},{"__type__":"cc.Vec2","x":250,"y":-1445},{"__type__":"cc.Vec2","x":178,"y":-1379},{"__type__":"cc.Vec2","x":152,"y":-1258},{"__type__":"cc.Vec2","x":108,"y":-1208},{"__type__":"cc.Vec2","x":2,"y":-1207},{"__type__":"cc.Vec2","y":-1},{"__type__":"cc.Vec2","x":333.1,"y":0.1},{"__type__":"cc.Vec2","x":616.8,"y":46.4},{"__type__":"cc.Vec2","x":-50,"y":50}]},{"__type__":"1100eDGpRlLMYp5CrYQGpcQ","node":{"__id__":1},"player_happy":true}],"_prefab":{"__type__":"cc.PrefabInfo","root":{"__id__":1},"asset":{"__uuid__":"0c/yv5aXpIYpFaPq0Un1E6"},"fileId":"a5pre2Ws9LiIYIq2qY/Yfq"},"_contentSize":{"__type__":"cc.Size","width":661,"height":1542},"_trs":{"__type__":"TypedArray","ctor":"Float64Array","array":[-58.432,0,0,0,0,0,1,1,1,1]}},{"__type__":"cc.Node","_name":"black_node","_parent":{"__id__":1},"_components":[{"__type__":"6c0e8KZwr5L34azTYX21stu","node":{"__id__":2}}],"_prefab":{"__type__":"cc.PrefabInfo","root":{"__id__":1},"asset":{"__uuid__":"0c/yv5aXpIYpFaPq0Un1E6"},"fileId":"57wAupYYBBpYkvQrHGHMmj"},"_trs":{"__type__":"TypedArray","ctor":"Float64Array","array":[0,0,0,0,0,0,1,1,1,1]}},{"__type__":"cc.Node","_name":"gray_node","_parent":{"__id__":1},"_components":[{"__type__":"3400dF2d2tHLK8+En9baGXY","node":{"__id__":3},"grey_prefab":{"__uuid__":"13FEeEL1NMaK5TFGpFQpJr"}}],"_prefab":{"__type__":"cc.PrefabInfo","root":{"__id__":1},"asset":{"__uuid__":"0c/yv5aXpIYpFaPq0Un1E6"},"fileId":"e1kfIUF8tM9b/B/C8Ahu+b"},"_trs":{"__type__":"TypedArray","ctor":"Float64Array","array":[0,0,0,0,0,0,1,1,1,1]}},{"__type__":"cc.Node","_name":"bulePos_node","_parent":{"__id__":1},"_children":[{"__type__":"cc.Node","_name":"New Node","_parent":{"__id__":4},"_prefab":{"__type__":"cc.PrefabInfo","root":{"__id__":1},"asset":{"__uuid__":"0c/yv5aXpIYpFaPq0Un1E6"},"fileId":"73CysB0GhEbLw7E7w/1kEv"},"_trs":{"__type__":"TypedArray","ctor":"Float64Array","array":[-6.234,-55.076,0,0,0,0,1,1,1,1]}},{"__type__":"cc.Node","_name":"New Node","_parent":{"__id__":4},"_prefab":{"__type__":"cc.PrefabInfo","root":{"__id__":1},"asset":{"__uuid__":"0c/yv5aXpIYpFaPq0Un1E6"},"fileId":"5eR55KdGNGdq4r9OuC5jW9"},"_trs":{"__type__":"TypedArray","ctor":"Float64Array","array":[0,-441.235,0,0,0,0,1,1,1,1]}}],"_prefab":{"__type__":"cc.PrefabInfo","root":{"__id__":1},"asset":{"__uuid__":"0c/yv5aXpIYpFaPq0Un1E6"},"fileId":"72Snagp49EubykV/Z1Ztx8"},"_trs":{"__type__":"TypedArray","ctor":"Float64Array","array":[0,0,0,0,0,0,1,1,1,1]}},{"__type__":"cc.Node","_name":"redPos_node","_parent":{"__id__":1},"_children":[{"__type__":"cc.Node","_name":"New Node","_parent":{"__id__":5},"_prefab":{"__type__":"cc.PrefabInfo","root":{"__id__":1},"asset":{"__uuid__":"0c/yv5aXpIYpFaPq0Un1E6"},"fileId":"cbDD1XcoBI866/B9gk/uLS"},"_trs":{"__type__":"TypedArray","ctor":"Float64Array","array":[-215.372,613.191,0,0,0,0,1,1,1,1]}}],"_prefab":{"__type__":"cc.PrefabInfo","root":{"__id__":1},"asset":{"__uuid__":"0c/yv5aXpIYpFaPq0Un1E6"},"fileId":"cfktTzSRZEIoOCXrAduS5d"},"_trs":{"__type__":"TypedArray","ctor":"Float64Array","array":[0,0,0,0,0,0,1,1,1,1]}},{"__type__":"cc.Node","_name":"zhenNode","_parent":{"__id__":1},"_children":[{"__id__":7}],"_prefab":{"__type__":"cc.PrefabInfo","root":{"__id__":1},"asset":{"__uuid__":"0c/yv5aXpIYpFaPq0Un1E6"},"fileId":"c1YKk6D75K1K2Q+Z9izS7g"},"_trs":{"__type__":"TypedArray","ctor":"Float64Array","array":[-190.286,427.114,0,0,0,0,1,1,1,1]},"_groupIndex":8,"groupIndex":8},{"__type__":"cc.Node","_name":"zhen","_parent":{"__id__":6},"_components":[{"__type__":"cc.Sprite","node":{"__id__":7},"_materials":[{"__uuid__":"ecpdLyjvZBwrvm+cedCcQy"}],"_spriteFrame":{"__uuid__":"81u1O4l2lM2IGXbUA/0aw7"},"_type":1,"_sizeMode":0},{"__type__":"cc.RigidBody","node":{"__id__":7},"_type":3,"_allowSleep":false,"_gravityScale":0,"_fixedRotation":true,"enabledContactListener":true,"bullet":true},{"__type__":"cc.PhysicsPolygonCollider","node":{"__id__":7},"tag":222,"_offset":{"__type__":"cc.Vec2","x":80,"y":-3},"points":[{"__type__":"cc.Vec2","x":-48.9,"y":-66.3},{"__type__":"cc.Vec2","x":62.5,"y":-66.3},{"__type__":"cc.Vec2","x":63,"y":67.4},{"__type__":"cc.Vec2","x":-48.4,"y":69},{"__type__":"cc.Vec2","x":-52.2,"y":32.3},{"__type__":"cc.Vec2","x":-218.2,"y":33.4},{"__type__":"cc.Vec2","x":-217.4,"y":-25.9},{"__type__":"cc.Vec2","x":-50.9,"y":-29.2}]},{"__type__":"72555Q9muRD1505Zi2fOOxm","node":{"__id__":7},"linevelocityX":500}],"_prefab":{"__type__":"cc.PrefabInfo","root":{"__id__":1},"asset":{"__uuid__":"0c/yv5aXpIYpFaPq0Un1E6"},"fileId":"e9EUEHSGBOW7qV27S3Sn4U"},"_contentSize":{"__type__":"cc.Size","width":276,"height":111},"_trs":{"__type__":"TypedArray","ctor":"Float64Array","array":[0,0,0,0,0,0,1,0.8,0.8,0.8]},"_groupIndex":8,"groupIndex":8},{"__type__":"cc.Node","_name":"zhenNodeTwo","_parent":{"__id__":1},"_children":[{"__id__":9},{"__id__":10},{"__id__":11}],"_prefab":{"__type__":"cc.PrefabInfo","root":{"__id__":1},"asset":{"__uuid__":"0c/yv5aXpIYpFaPq0Un1E6"},"fileId":"ff3zhTKtFNG7KSuPTdKo7R"},"_trs":{"__type__":"TypedArray","ctor":"Float64Array","array":[-273.188,222.701,0,0,0,0,1,1,1,1]}},{"__type__":"cc.Node","_name":"zhen","_parent":{"__id__":8},"_components":[{"__type__":"cc.Sprite","node":{"__id__":9},"_materials":[{"__uuid__":"ecpdLyjvZBwrvm+cedCcQy"}],"_spriteFrame":{"__uuid__":"14vJwyNH1OspMXFimJtxkW"},"_type":1,"_sizeMode":0},{"__type__":"cc.RigidBody","node":{"__id__":9},"_type":3,"_gravityScale":0,"_fixedRotation":true,"enabledContactListener":true,"bullet":true},{"__type__":"cc.PhysicsPolygonCollider","node":{"__id__":9},"_offset":{"__type__":"cc.Vec2","x":176,"y":5},"points":[{"__type__":"cc.Vec2","x":-346.7,"y":-79.8},{"__type__":"cc.Vec2","x":-208.7,"y":-78.5},{"__type__":"cc.Vec2","x":-207.7,"y":-38.1},{"__type__":"cc.Vec2","x":-33.9,"y":-37.1},{"__type__":"cc.Vec2","x":-34.2,"y":33.5},{"__type__":"cc.Vec2","x":-209.4,"y":33.8},{"__type__":"cc.Vec2","x":-207,"y":81.7},{"__type__":"cc.Vec2","x":-345.4,"y":83.3}]},{"__type__":"1cb3eoIRdhJWZayW7A68Y7j","node":{"__id__":9},"applyDownsensor":true}],"_prefab":{"__type__":"cc.PrefabInfo","root":{"__id__":1},"asset":{"__uuid__":"0c/yv5aXpIYpFaPq0Un1E6"},"fileId":"2cYDbDCBxE4ZgO8AtUVPaG"},"_contentSize":{"__type__":"cc.Size","width":243,"height":111},"_trs":{"__type__":"TypedArray","ctor":"Float64Array","array":[0,0,0,0,0,0,1,1,1,1]}},{"__type__":"cc.Node","_name":"zhenup","_parent":{"__id__":8},"_components":[{"__type__":"cc.RigidBody","node":{"__id__":10},"_type":0,"_gravityScale":0,"bullet":true}],"_prefab":{"__type__":"cc.PrefabInfo","root":{"__id__":1},"asset":{"__uuid__":"0c/yv5aXpIYpFaPq0Un1E6"},"fileId":"1bekZibm1Hl7WkSyIZRTkc"},"_trs":{"__type__":"TypedArray","ctor":"Float64Array","array":[0,46.807,0,0,0,0,1,1,1,1]}},{"__type__":"cc.Node","_name":"zhendown","_parent":{"__id__":8},"_components":[{"__type__":"cc.RigidBody","node":{"__id__":11},"_type":0,"_gravityScale":0,"bullet":true}],"_prefab":{"__type__":"cc.PrefabInfo","root":{"__id__":1},"asset":{"__uuid__":"0c/yv5aXpIYpFaPq0Un1E6"},"fileId":"3dsTM2LXNCJrru5VF96vlG"},"_trs":{"__type__":"TypedArray","ctor":"Float64Array","array":[-10,-718.256,0,0,0,0,1,1,1,1]}}],{"__type__":"cc.SpriteFrame","content":{"name":"guanqia88","texture":"78MlTUnOJPcYCUYudBMSDO","rect":[1,1,661,1542],"offset":[0,0],"originalSize":[663,1544],"capInsets":[0,0,0,0]}}]