[{"__type__":"cc.SpriteFrame","content":{"name":"guanqia26","texture":"41mT7+nl1PkZFSKhEbA5s6","rect":[1,1,526,1512],"offset":[0,0],"originalSize":[528,1514],"capInsets":[0,0,0,0]}},[{"__type__":"cc.Prefab","_name":"UIDerived22","data":{"__id__":1}},{"__type__":"cc.Node","_name":"UIDerived25","_children":[{"__type__":"cc.Node","_name":"bule_node","_parent":{"__id__":1},"_prefab":{"__type__":"cc.PrefabInfo","root":{"__id__":1},"asset":{"__uuid__":"9eahtThedLFowjIfthbKJR"},"fileId":"6bvdxkwkRO/asjGnizWXjY"},"_trs":{"__type__":"TypedArray","ctor":"Float64Array","array":[0,422.721,0,0,0,0,1,1,1,1]}},{"__type__":"cc.Node","_name":"greenwater_node","_parent":{"__id__":1},"_prefab":{"__type__":"cc.PrefabInfo","root":{"__id__":1},"asset":{"__uuid__":"9eahtThedLFowjIfthbKJR"},"fileId":"81vtA9zKRLXqakGQ3zrljH"},"_trs":{"__type__":"TypedArray","ctor":"Float64Array","array":[0,0,0,0,0,0,1,1,1,1]}},{"__type__":"cc.Node","_name":"redwater_node","_parent":{"__id__":1},"_prefab":{"__type__":"cc.PrefabInfo","root":{"__id__":1},"asset":{"__uuid__":"9eahtThedLFowjIfthbKJR"},"fileId":"2ceR9oAKZP9oaRDWlx0s8Z"},"_trs":{"__type__":"TypedArray","ctor":"Float64Array","array":[0,0,0,0,0,0,1,1,1,1]}},{"__id__":2},{"__id__":3},{"__id__":4},{"__id__":5},{"__type__":"cc.Node","_name":"greenPos_node","_parent":{"__id__":1},"_prefab":{"__type__":"cc.PrefabInfo","root":{"__id__":1},"asset":{"__uuid__":"9eahtThedLFowjIfthbKJR"},"fileId":"d4pgtDnLJKipalP/cGSZOq"},"_trs":{"__type__":"TypedArray","ctor":"Float64Array","array":[0,0,0,0,0,0,1,1,1,1]}},{"__type__":"cc.Node","_name":"player","_parent":{"__id__":1},"_prefab":{"__type__":"cc.PrefabInfo","root":{"__id__":1},"asset":{"__uuid__":"9eahtThedLFowjIfthbKJR"},"fileId":"d93T+WZKtKebuvtv+OE7t6"},"_contentSize":{"__type__":"cc.Size","width":240,"height":140},"_trs":{"__type__":"TypedArray","ctor":"Float64Array","array":[-7.5,-654.468,0,0,0,0,1,0.7,0.7,0.7]}},{"__id__":6}],"_components":[{"__type__":"cc.Sprite","node":{"__id__":1},"_materials":[{"__uuid__":"ecpdLyjvZBwrvm+cedCcQy"}],"_spriteFrame":{"__uuid__":"9c9YvbujZHBI/zvZUETG+P"}},{"__type__":"cc.RigidBody","node":{"__id__":1},"_type":0},{"__type__":"cc.PhysicsPolygonCollider","node":{"__id__":1},"points":[{"__type__":"cc.Vec2","x":-258,"y":-751},{"__type__":"cc.Vec2","x":-213,"y":-757},{"__type__":"cc.Vec2","x":265.4,"y":-757.8},{"__type__":"cc.Vec2","x":260,"y":-283},{"__type__":"cc.Vec2","x":74,"y":-282},{"__type__":"cc.Vec2","x":73,"y":189},{"__type__":"cc.Vec2","x":66.8,"y":748.3},{"__type__":"cc.Vec2","x":-68.3,"y":742.3},{"__type__":"cc.Vec2","x":-68,"y":-284},{"__type__":"cc.Vec2","x":-109,"y":-286},{"__type__":"cc.Vec2","x":-114,"y":744},{"__type__":"cc.Vec2","x":-252.9,"y":744.9},{"__type__":"cc.Vec2","x":-222.6,"y":715.2},{"__type__":"cc.Vec2","x":-135,"y":714},{"__type__":"cc.Vec2","x":-139.4,"y":-287.3},{"__type__":"cc.Vec2","x":-121.8,"y":-312.8},{"__type__":"cc.Vec2","x":-52.6,"y":-313.4},{"__type__":"cc.Vec2","x":-38,"y":-278},{"__type__":"cc.Vec2","x":-43.3,"y":716},{"__type__":"cc.Vec2","x":39,"y":718},{"__type__":"cc.Vec2","x":42,"y":-293},{"__type__":"cc.Vec2","x":66,"y":-314},{"__type__":"cc.Vec2","x":219,"y":-313},{"__type__":"cc.Vec2","x":219,"y":-575},{"__type__":"cc.Vec2","x":177.2,"y":-640},{"__type__":"cc.Vec2","x":129.9,"y":-681.6},{"__type__":"cc.Vec2","x":60.1,"y":-708.8},{"__type__":"cc.Vec2","x":-39.7,"y":-717.3},{"__type__":"cc.Vec2","x":-125.7,"y":-692.1},{"__type__":"cc.Vec2","x":-177.8,"y":-635.5},{"__type__":"cc.Vec2","x":-208.5,"y":-579.5},{"__type__":"cc.Vec2","x":-218.6,"y":-474.9},{"__type__":"cc.Vec2","x":-221.5,"y":715.1},{"__type__":"cc.Vec2","x":-264,"y":755.1}]},{"__type__":"cc.PhysicsPolygonCollider","node":{"__id__":1},"_offset":{"__type__":"cc.Vec2","x":18,"y":-464},"points":[{"__type__":"cc.Vec2","x":-115.8,"y":-38.6},{"__type__":"cc.Vec2","x":33,"y":-46.5},{"__type__":"cc.Vec2","x":80.3,"y":-33.4},{"__type__":"cc.Vec2","x":92.3,"y":-12.3},{"__type__":"cc.Vec2","x":70.4,"y":10.6},{"__type__":"cc.Vec2","x":-17.8,"y":40.7},{"__type__":"cc.Vec2","x":-113.6,"y":14.4},{"__type__":"cc.Vec2","x":-142.5,"y":-10.3}]},{"__type__":"cc.PhysicsPolygonCollider","node":{"__id__":1},"_offset":{"__type__":"cc.Vec2","x":180,"y":201},"points":[{"__type__":"cc.Vec2","x":-63,"y":-437},{"__type__":"cc.Vec2","x":-42,"y":-408},{"__type__":"cc.Vec2","x":-43.5,"y":512.8},{"__type__":"cc.Vec2","x":37.7,"y":513.6},{"__type__":"cc.Vec2","x":39,"y":-420},{"__type__":"cc.Vec2","x":-47.6,"y":-415.5},{"__type__":"cc.Vec2","x":-64.3,"y":-438.4},{"__type__":"cc.Vec2","x":65.6,"y":-440.7},{"__type__":"cc.Vec2","x":67.2,"y":541.5},{"__type__":"cc.Vec2","x":-70.7,"y":542.1}]},{"__type__":"1100eDGpRlLMYp5CrYQGpcQ","node":{"__id__":1}}],"_prefab":{"__type__":"cc.PrefabInfo","root":{"__id__":1},"asset":{"__uuid__":"9eahtThedLFowjIfthbKJR"},"fileId":"a0Phwz+xhFv5WbWF5RKUuj"},"_contentSize":{"__type__":"cc.Size","width":526,"height":1512},"_trs":{"__type__":"TypedArray","ctor":"Float64Array","array":[0,0,0,0,0,0,1,1,1,1]}},{"__type__":"cc.Node","_name":"black_node","_parent":{"__id__":1},"_components":[{"__type__":"6c0e8KZwr5L34azTYX21stu","node":{"__id__":2}}],"_prefab":{"__type__":"cc.PrefabInfo","root":{"__id__":1},"asset":{"__uuid__":"9eahtThedLFowjIfthbKJR"},"fileId":"30Ut60xfJKCLBFZ96jBeS1"},"_trs":{"__type__":"TypedArray","ctor":"Float64Array","array":[0,0,0,0,0,0,1,1,1,1]}},{"__type__":"cc.Node","_name":"gray_node","_parent":{"__id__":1},"_components":[{"__type__":"3400dF2d2tHLK8+En9baGXY","node":{"__id__":3},"grey_prefab":{"__uuid__":"13FEeEL1NMaK5TFGpFQpJr"}}],"_prefab":{"__type__":"cc.PrefabInfo","root":{"__id__":1},"asset":{"__uuid__":"9eahtThedLFowjIfthbKJR"},"fileId":"f7m7hgT8lOc4/7ZhW/gMuZ"},"_trs":{"__type__":"TypedArray","ctor":"Float64Array","array":[0,0,0,0,0,0,1,1,1,1]}},{"__type__":"cc.Node","_name":"bulePos_node","_parent":{"__id__":1},"_children":[{"__type__":"cc.Node","_name":"New Node","_parent":{"__id__":4},"_prefab":{"__type__":"cc.PrefabInfo","root":{"__id__":1},"asset":{"__uuid__":"9eahtThedLFowjIfthbKJR"},"fileId":"0fiSYeq1NDZ55Ue1U2pti8"},"_trs":{"__type__":"TypedArray","ctor":"Float64Array","array":[-15.798,592.891,0,0,0,0,1,1,1,1]}}],"_prefab":{"__type__":"cc.PrefabInfo","root":{"__id__":1},"asset":{"__uuid__":"9eahtThedLFowjIfthbKJR"},"fileId":"38pXltDChFSZ8H39ycvZmS"},"_trs":{"__type__":"TypedArray","ctor":"Float64Array","array":[0,0,0,0,0,0,1,1,1,1]}},{"__type__":"cc.Node","_name":"redPos_node","_parent":{"__id__":1},"_children":[{"__type__":"cc.Node","_name":"New Node","_parent":{"__id__":5},"_prefab":{"__type__":"cc.PrefabInfo","root":{"__id__":1},"asset":{"__uuid__":"9eahtThedLFowjIfthbKJR"},"fileId":"9bgcasfgpAgZdzZu38ja3d"},"_trs":{"__type__":"TypedArray","ctor":"Float64Array","array":[-200.818,386.922,0,0,0,0,1,1,1,1]}},{"__type__":"cc.Node","_name":"New Node","_parent":{"__id__":5},"_prefab":{"__type__":"cc.PrefabInfo","root":{"__id__":1},"asset":{"__uuid__":"9eahtThedLFowjIfthbKJR"},"fileId":"b4emU682pJh5Twl9qfL0Ik"},"_trs":{"__type__":"TypedArray","ctor":"Float64Array","array":[170,421,0,0,0,0,1,1,1,1]}}],"_prefab":{"__type__":"cc.PrefabInfo","root":{"__id__":1},"asset":{"__uuid__":"9eahtThedLFowjIfthbKJR"},"fileId":"6bjNb+N21H5JPImBWEWt3g"},"_trs":{"__type__":"TypedArray","ctor":"Float64Array","array":[0,0,0,0,0,0,1,1,1,1]}},{"__type__":"cc.Node","_name":"MoveProp","_parent":{"__id__":1},"_children":[{"__id__":7},{"__id__":8}],"_prefab":{"__type__":"cc.PrefabInfo","root":{"__id__":1},"asset":{"__uuid__":"9eahtThedLFowjIfthbKJR"},"fileId":"05bvTrWWpBLK7iL2J9QGE2"},"_trs":{"__type__":"TypedArray","ctor":"Float64Array","array":[0,96.491,0,0,0,0,1,1,1,1]}},{"__type__":"cc.Node","_name":"Bar","_parent":{"__id__":6},"_components":[{"__type__":"cc.Sprite","node":{"__id__":7},"_materials":[{"__uuid__":"ecpdLyjvZBwrvm+cedCcQy"}],"_spriteFrame":{"__uuid__":"36nyDwRspBQpKV3/57IicC"},"_type":1,"_sizeMode":0},{"__type__":"cc.RigidBody","node":{"__id__":7},"_type":0},{"__type__":"cc.PhysicsPolygonCollider","node":{"__id__":7},"points":[{"__type__":"cc.Vec2","x":-257.5,"y":-32.7},{"__type__":"cc.Vec2","x":256.9,"y":-34},{"__type__":"cc.Vec2","x":255.5,"y":31.3},{"__type__":"cc.Vec2","x":-256.7,"y":34}]},{"__type__":"8a64bLvzRlHBakXZIa7SBbN","node":{"__id__":7}}],"_prefab":{"__type__":"cc.PrefabInfo","root":{"__id__":1},"asset":{"__uuid__":"9eahtThedLFowjIfthbKJR"},"fileId":"091EajQ/5PtrNQl6GT8R2G"},"_contentSize":{"__type__":"cc.Size","width":517,"height":65},"_trs":{"__type__":"TypedArray","ctor":"Float64Array","array":[2,0,0,0,0,0,1,1,1,1]}},{"__type__":"cc.Node","_name":"BarBG","_parent":{"__id__":6},"_components":[{"__type__":"cc.Sprite","node":{"__id__":8},"_materials":[{"__uuid__":"ecpdLyjvZBwrvm+cedCcQy"}],"_spriteFrame":{"__uuid__":"d8hqEurO5O3r/JLAsbxS//"},"_type":1,"_sizeMode":0}],"_prefab":{"__type__":"cc.PrefabInfo","root":{"__id__":1},"asset":{"__uuid__":"9eahtThedLFowjIfthbKJR"},"fileId":"d1MZhRkCRLersEAW8s/MMW"},"_contentSize":{"__type__":"cc.Size","width":1097,"height":66},"_trs":{"__type__":"TypedArray","ctor":"Float64Array","array":[1,0,0,0,0,0,1,1,1,1]}}]]