[{"__type__":"cc.SpriteFrame","content":{"name":"guanqia74","texture":"88GErDkN9FfoqZwOWpatZb","rect":[1,1,962,1489],"offset":[-0.5,0],"originalSize":[965,1491],"capInsets":[0,0,0,0]}},[{"__type__":"cc.Prefab","_name":"UIDerived29","data":{"__id__":1}},{"__type__":"cc.Node","_name":"UIDerived32","_children":[{"__type__":"cc.Node","_name":"bule_node","_parent":{"__id__":1},"_prefab":{"__type__":"cc.PrefabInfo","root":{"__id__":1},"asset":{"__uuid__":"13ce28ZMFDhIheYxIaK2D+"},"fileId":"66NA2D3l9MepUWII3bbGMC"},"_trs":{"__type__":"TypedArray","ctor":"Float64Array","array":[0,0,0,0,0,0,1,1,1,1]}},{"__type__":"cc.Node","_name":"greenwater_node","_parent":{"__id__":1},"_prefab":{"__type__":"cc.PrefabInfo","root":{"__id__":1},"asset":{"__uuid__":"13ce28ZMFDhIheYxIaK2D+"},"fileId":"0fv7NLPO9Mdo6ShCu17f/g"},"_trs":{"__type__":"TypedArray","ctor":"Float64Array","array":[0,0,0,0,0,0,1,1,1,1]}},{"__type__":"cc.Node","_name":"redwater_node","_parent":{"__id__":1},"_prefab":{"__type__":"cc.PrefabInfo","root":{"__id__":1},"asset":{"__uuid__":"13ce28ZMFDhIheYxIaK2D+"},"fileId":"b07tQFFeNNM52ReXfv9f6y"},"_trs":{"__type__":"TypedArray","ctor":"Float64Array","array":[0,0,0,0,0,0,1,1,1,1]}},{"__id__":2},{"__id__":3},{"__id__":4},{"__type__":"cc.Node","_name":"redPos_node","_parent":{"__id__":1},"_prefab":{"__type__":"cc.PrefabInfo","root":{"__id__":1},"asset":{"__uuid__":"13ce28ZMFDhIheYxIaK2D+"},"fileId":"deVMsvlc1ENrJ6YEsOo581"},"_trs":{"__type__":"TypedArray","ctor":"Float64Array","array":[0,0,0,0,0,0,1,1,1,1]}},{"__type__":"cc.Node","_name":"greenPos_node","_parent":{"__id__":1},"_prefab":{"__type__":"cc.PrefabInfo","root":{"__id__":1},"asset":{"__uuid__":"13ce28ZMFDhIheYxIaK2D+"},"fileId":"68hxUO8VtKOp2KRD4MxiGz"},"_trs":{"__type__":"TypedArray","ctor":"Float64Array","array":[0,0,0,0,0,0,1,1,1,1]}},{"__type__":"cc.Node","_name":"player","_parent":{"__id__":1},"_prefab":{"__type__":"cc.PrefabInfo","root":{"__id__":1},"asset":{"__uuid__":"13ce28ZMFDhIheYxIaK2D+"},"fileId":"15k0LgUydB9aoBSEXwr37l"},"_contentSize":{"__type__":"cc.Size","width":240,"height":140},"_trs":{"__type__":"TypedArray","ctor":"Float64Array","array":[-299.5,-560.468,0,0,0,0,1,0.7,0.7,0.7]}},{"__id__":5},{"__id__":7},{"__id__":10}],"_components":[{"__type__":"cc.Sprite","node":{"__id__":1},"_materials":[{"__uuid__":"ecpdLyjvZBwrvm+cedCcQy"}],"_spriteFrame":{"__uuid__":"01f2sD7WlMQqVX6hvscJI6"}},{"__type__":"cc.RigidBody","node":{"__id__":1},"_type":0},{"__type__":"cc.PhysicsPolygonCollider","node":{"__id__":1},"points":[{"__type__":"cc.Vec2","x":-388.8,"y":492.6},{"__type__":"cc.Vec2","x":-328,"y":494.5},{"__type__":"cc.Vec2","x":-282.9,"y":480.9},{"__type__":"cc.Vec2","x":-215.9,"y":429.4},{"__type__":"cc.Vec2","x":-82.2,"y":384.8},{"__type__":"cc.Vec2","x":-57.6,"y":393.3},{"__type__":"cc.Vec2","x":-56.4,"y":498.4},{"__type__":"cc.Vec2","x":-71.8,"y":516.2},{"__type__":"cc.Vec2","x":-187,"y":564.9},{"__type__":"cc.Vec2","x":-186.8,"y":703.6},{"__type__":"cc.Vec2","x":-485.3,"y":744},{"__type__":"cc.Vec2","x":-483,"y":-748},{"__type__":"cc.Vec2","x":-27.3,"y":-745.2},{"__type__":"cc.Vec2","x":482.8,"y":-745.6},{"__type__":"cc.Vec2","x":484.8,"y":283.4},{"__type__":"cc.Vec2","x":481.9,"y":741.8},{"__type__":"cc.Vec2","x":-483.1,"y":744.5},{"__type__":"cc.Vec2","x":-186.4,"y":704.3},{"__type__":"cc.Vec2","x":186.9,"y":709.2},{"__type__":"cc.Vec2","x":181.7,"y":568.2},{"__type__":"cc.Vec2","x":51.5,"y":503.7},{"__type__":"cc.Vec2","x":55.8,"y":395.8},{"__type__":"cc.Vec2","x":72.7,"y":382.1},{"__type__":"cc.Vec2","x":441.8,"y":386.2},{"__type__":"cc.Vec2","x":444,"y":283.3},{"__type__":"cc.Vec2","x":126.6,"y":282.1},{"__type__":"cc.Vec2","x":62.1,"y":279.2},{"__type__":"cc.Vec2","x":61.7,"y":-2.4},{"__type__":"cc.Vec2","x":-59,"y":-4},{"__type__":"cc.Vec2","x":-64.1,"y":279.9},{"__type__":"cc.Vec2","x":-185.5,"y":315},{"__type__":"cc.Vec2","x":-302.8,"y":387.4},{"__type__":"cc.Vec2","x":-325.9,"y":385.9},{"__type__":"cc.Vec2","x":-341.6,"y":374.6},{"__type__":"cc.Vec2","x":-352.5,"y":328.2},{"__type__":"cc.Vec2","x":-352.8,"y":246.1},{"__type__":"cc.Vec2","x":-340,"y":183},{"__type__":"cc.Vec2","x":-300,"y":78},{"__type__":"cc.Vec2","x":-228,"y":-3},{"__type__":"cc.Vec2","x":-116.7,"y":-69.4},{"__type__":"cc.Vec2","x":-0.9,"y":-103.5},{"__type__":"cc.Vec2","x":177,"y":-120.8},{"__type__":"cc.Vec2","x":303.5,"y":-151.4},{"__type__":"cc.Vec2","x":372,"y":-196},{"__type__":"cc.Vec2","x":410.7,"y":-267.9},{"__type__":"cc.Vec2","x":400.9,"y":-341.6},{"__type__":"cc.Vec2","x":356,"y":-394},{"__type__":"cc.Vec2","x":186,"y":-421},{"__type__":"cc.Vec2","x":-57.7,"y":-400.3},{"__type__":"cc.Vec2","x":-137,"y":-392.7},{"__type__":"cc.Vec2","x":-135,"y":-578},{"__type__":"cc.Vec2","x":-167,"y":-664},{"__type__":"cc.Vec2","x":-236.3,"y":-697.5},{"__type__":"cc.Vec2","x":-354.7,"y":-705.2},{"__type__":"cc.Vec2","x":-425.3,"y":-654.4},{"__type__":"cc.Vec2","x":-442.6,"y":-558.6},{"__type__":"cc.Vec2","x":-439.8,"y":-488.5},{"__type__":"cc.Vec2","x":-419.1,"y":-411.6},{"__type__":"cc.Vec2","x":-373.5,"y":-357.5},{"__type__":"cc.Vec2","x":-264.6,"y":-305.5},{"__type__":"cc.Vec2","x":-66.2,"y":-291.3},{"__type__":"cc.Vec2","x":226.5,"y":-329.8},{"__type__":"cc.Vec2","x":262.8,"y":-320.7},{"__type__":"cc.Vec2","x":282.7,"y":-292.9},{"__type__":"cc.Vec2","x":265.6,"y":-260.9},{"__type__":"cc.Vec2","x":220.5,"y":-239},{"__type__":"cc.Vec2","x":76.5,"y":-209.8},{"__type__":"cc.Vec2","x":-117,"y":-182},{"__type__":"cc.Vec2","x":-229,"y":-149},{"__type__":"cc.Vec2","x":-330,"y":-73},{"__type__":"cc.Vec2","x":-388,"y":15},{"__type__":"cc.Vec2","x":-436.3,"y":213.5},{"__type__":"cc.Vec2","x":-444,"y":375},{"__type__":"cc.Vec2","x":-423.2,"y":465.3}]},{"__type__":"1100eDGpRlLMYp5CrYQGpcQ","node":{"__id__":1}}],"_prefab":{"__type__":"cc.PrefabInfo","root":{"__id__":1},"asset":{"__uuid__":"13ce28ZMFDhIheYxIaK2D+"},"fileId":"f2VYYipa9D7oTxn8Q0GKkv"},"_contentSize":{"__type__":"cc.Size","width":962,"height":1489},"_trs":{"__type__":"TypedArray","ctor":"Float64Array","array":[0,0,0,0,0,0,1,1,1,1]}},{"__type__":"cc.Node","_name":"black_node","_parent":{"__id__":1},"_components":[{"__type__":"6c0e8KZwr5L34azTYX21stu","node":{"__id__":2}}],"_prefab":{"__type__":"cc.PrefabInfo","root":{"__id__":1},"asset":{"__uuid__":"13ce28ZMFDhIheYxIaK2D+"},"fileId":"86yfryKGpHgrZRP0KHQ5Cd"},"_trs":{"__type__":"TypedArray","ctor":"Float64Array","array":[0,0,0,0,0,0,1,1,1,1]}},{"__type__":"cc.Node","_name":"gray_node","_parent":{"__id__":1},"_components":[{"__type__":"3400dF2d2tHLK8+En9baGXY","node":{"__id__":3},"grey_prefab":{"__uuid__":"13FEeEL1NMaK5TFGpFQpJr"}}],"_prefab":{"__type__":"cc.PrefabInfo","root":{"__id__":1},"asset":{"__uuid__":"13ce28ZMFDhIheYxIaK2D+"},"fileId":"a2+1+W2FBLA4Kn44oTal3e"},"_trs":{"__type__":"TypedArray","ctor":"Float64Array","array":[0,0,0,0,0,0,1,1,1,1]}},{"__type__":"cc.Node","_name":"bulePos_node","_parent":{"__id__":1},"_children":[{"__type__":"cc.Node","_name":"New Node","_parent":{"__id__":4},"_prefab":{"__type__":"cc.PrefabInfo","root":{"__id__":1},"asset":{"__uuid__":"13ce28ZMFDhIheYxIaK2D+"},"fileId":"6f26S/R31FzK41rBsMqc9f"},"_trs":{"__type__":"TypedArray","ctor":"Float64Array","array":[-15.798,592.891,0,0,0,0,1,1,1,1]}}],"_prefab":{"__type__":"cc.PrefabInfo","root":{"__id__":1},"asset":{"__uuid__":"13ce28ZMFDhIheYxIaK2D+"},"fileId":"8bhFNCcuFAqK7mdQ0KGkf3"},"_trs":{"__type__":"TypedArray","ctor":"Float64Array","array":[0,0,0,0,0,0,1,1,1,1]}},{"__type__":"cc.Node","_name":"zhenNode","_parent":{"__id__":1},"_children":[{"__id__":6}],"_prefab":{"__type__":"cc.PrefabInfo","root":{"__id__":1},"asset":{"__uuid__":"13ce28ZMFDhIheYxIaK2D+"},"fileId":"33+LMO+cpAL5StCzMSe431"},"_trs":{"__type__":"TypedArray","ctor":"Float64Array","array":[0,455.32,0,0,0,0,1,1,1,1]},"_groupIndex":8,"groupIndex":8},{"__type__":"cc.Node","_name":"zhen","_parent":{"__id__":5},"_components":[{"__type__":"cc.Sprite","node":{"__id__":6},"_materials":[{"__uuid__":"ecpdLyjvZBwrvm+cedCcQy"}],"_spriteFrame":{"__uuid__":"81u1O4l2lM2IGXbUA/0aw7"},"_type":1,"_sizeMode":0},{"__type__":"cc.RigidBody","node":{"__id__":6},"_type":3,"_allowSleep":false,"_gravityScale":0,"_fixedRotation":true,"enabledContactListener":true,"bullet":true},{"__type__":"cc.PhysicsPolygonCollider","node":{"__id__":6},"tag":222,"_offset":{"__type__":"cc.Vec2","x":-132.2},"points":[{"__type__":"cc.Vec2","x":227.5,"y":55.5},{"__type__":"cc.Vec2","x":214.5,"y":51.5},{"__type__":"cc.Vec2","x":206.5,"y":45.5},{"__type__":"cc.Vec2","x":192,"y":33.4},{"__type__":"cc.Vec2","x":188.8,"y":24.1},{"__type__":"cc.Vec2","x":185.4,"y":29.8},{"__type__":"cc.Vec2","x":-17.9,"y":30.9},{"__type__":"cc.Vec2","x":-28.9,"y":-3.2},{"__type__":"cc.Vec2","x":-21.3,"y":-16.9},{"__type__":"cc.Vec2","x":184.9,"y":-17.2},{"__type__":"cc.Vec2","x":193.4,"y":-34.3},{"__type__":"cc.Vec2","x":209.9,"y":-47.8},{"__type__":"cc.Vec2","x":238.1,"y":-54.9},{"__type__":"cc.Vec2","x":261.8,"y":-50.5},{"__type__":"cc.Vec2","x":285.2,"y":-28.5},{"__type__":"cc.Vec2","x":291.1,"y":-15.6},{"__type__":"cc.Vec2","x":292.7,"y":0.3},{"__type__":"cc.Vec2","x":288.9,"y":22},{"__type__":"cc.Vec2","x":265.3,"y":49.4}]},{"__type__":"72555Q9muRD1505Zi2fOOxm","node":{"__id__":6},"linevelocityX":500}],"_prefab":{"__type__":"cc.PrefabInfo","root":{"__id__":1},"asset":{"__uuid__":"13ce28ZMFDhIheYxIaK2D+"},"fileId":"86HXWH6AhB+rdWa910Vg6a"},"_contentSize":{"__type__":"cc.Size","width":319.9,"height":111},"_trs":{"__type__":"TypedArray","ctor":"Float64Array","array":[0,0,0,0,0,0,1,0.8,0.8,0.8]},"_groupIndex":8,"groupIndex":8},{"__type__":"cc.Node","_name":"zhenNodeTwo","_parent":{"__id__":1},"_children":[{"__id__":8},{"__id__":13},{"__id__":14}],"_prefab":{"__type__":"cc.PrefabInfo","root":{"__id__":1},"asset":{"__uuid__":"13ce28ZMFDhIheYxIaK2D+"},"fileId":"3dN5E2j05N1LuQf0hI2DT4"},"_trs":{"__type__":"TypedArray","ctor":"Float64Array","array":[-38.054,241.041,0,0,0,0,1,1,1,1]}},{"__type__":"cc.Node","_name":"zhen","_parent":{"__id__":7},"_components":[{"__type__":"cc.Sprite","node":{"__id__":8},"_materials":[{"__uuid__":"ecpdLyjvZBwrvm+cedCcQy"}],"_spriteFrame":{"__uuid__":"14vJwyNH1OspMXFimJtxkW"},"_type":1,"_sizeMode":0},{"__type__":"cc.RigidBody","node":{"__id__":8},"_type":3,"_gravityScale":0,"_fixedRotation":true,"enabledContactListener":true,"bullet":true},{"__type__":"cc.PhysicsPolygonCollider","node":{"__id__":8},"_offset":{"__type__":"cc.Vec2","x":185,"y":2},"points":[{"__type__":"cc.Vec2","x":-319,"y":-58},{"__type__":"cc.Vec2","x":-210,"y":-58},{"__type__":"cc.Vec2","x":-207.6,"y":-23.2},{"__type__":"cc.Vec2","x":-50.4,"y":-23.6},{"__type__":"cc.Vec2","x":-50.4,"y":21.3},{"__type__":"cc.Vec2","x":-206.9,"y":24.5},{"__type__":"cc.Vec2","x":-207,"y":52},{"__type__":"cc.Vec2","x":-319,"y":51}]},{"__type__":"1cb3eoIRdhJWZayW7A68Y7j","node":{"__id__":8},"applyDownsensor":true,"allzhen":[{"__id__":9}]}],"_prefab":{"__type__":"cc.PrefabInfo","root":{"__id__":1},"asset":{"__uuid__":"13ce28ZMFDhIheYxIaK2D+"},"fileId":"82hfXZ1P9ORIHk2jgYGF/n"},"_contentSize":{"__type__":"cc.Size","width":262,"height":111},"_trs":{"__type__":"TypedArray","ctor":"Float64Array","array":[0,0,0,0,0,0,1,1,1,1]}},{"__type__":"cc.Node","_name":"zhen","_parent":{"__id__":10},"_components":[{"__type__":"cc.Sprite","node":{"__id__":9},"_materials":[{"__uuid__":"ecpdLyjvZBwrvm+cedCcQy"}],"_spriteFrame":{"__uuid__":"14vJwyNH1OspMXFimJtxkW"},"_type":1,"_sizeMode":0},{"__type__":"cc.RigidBody","node":{"__id__":9},"_type":3,"_gravityScale":0,"_fixedRotation":true,"enabledContactListener":true,"bullet":true},{"__type__":"cc.PhysicsPolygonCollider","node":{"__id__":9},"_offset":{"__type__":"cc.Vec2","x":185,"y":2},"points":[{"__type__":"cc.Vec2","x":-319,"y":-58},{"__type__":"cc.Vec2","x":-210,"y":-58},{"__type__":"cc.Vec2","x":-209,"y":-25.6},{"__type__":"cc.Vec2","x":-49.6,"y":-26},{"__type__":"cc.Vec2","x":-49.8,"y":25.5},{"__type__":"cc.Vec2","x":-207,"y":26.7},{"__type__":"cc.Vec2","x":-207,"y":52},{"__type__":"cc.Vec2","x":-319,"y":51}]},{"__type__":"1cb3eoIRdhJWZayW7A68Y7j","node":{"__id__":9},"applyDownsensor":true,"allzhen":[{"__id__":8}]}],"_prefab":{"__type__":"cc.PrefabInfo","root":{"__id__":1},"asset":{"__uuid__":"13ce28ZMFDhIheYxIaK2D+"},"fileId":"1aRIDDBS1Aj5/lAZ5Rn7dq"},"_contentSize":{"__type__":"cc.Size","width":262,"height":111},"_trs":{"__type__":"TypedArray","ctor":"Float64Array","array":[0,0,0,0,0,0,1,1,1,1]}},{"__type__":"cc.Node","_name":"zhenNodeTwo","_parent":{"__id__":1},"_children":[{"__id__":9},{"__id__":11},{"__id__":12}],"_prefab":{"__type__":"cc.PrefabInfo","root":{"__id__":1},"asset":{"__uuid__":"13ce28ZMFDhIheYxIaK2D+"},"fileId":"afKJ5xSpJFRIzOKMpuAUvp"},"_trs":{"__type__":"TypedArray","ctor":"Float64Array","array":[345.946,283.041,0,0,0,0.7071067811865475,0.7071067811865476,1,1,1]},"_eulerAngles":{"__type__":"cc.Vec3","z":90}},{"__type__":"cc.Node","_name":"zhenup","_parent":{"__id__":10},"_components":[{"__type__":"cc.RigidBody","node":{"__id__":11},"_type":0,"_gravityScale":0,"bullet":true}],"_prefab":{"__type__":"cc.PrefabInfo","root":{"__id__":1},"asset":{"__uuid__":"13ce28ZMFDhIheYxIaK2D+"},"fileId":"8dX1pMvq5G+oG3LxWf2u6c"},"_trs":{"__type__":"TypedArray","ctor":"Float64Array","array":[29,273,0,0,0,0,1,1,1,1]}},{"__type__":"cc.Node","_name":"zhendown","_parent":{"__id__":10},"_components":[{"__type__":"cc.RigidBody","node":{"__id__":12},"_type":0,"_gravityScale":0,"bullet":true}],"_prefab":{"__type__":"cc.PrefabInfo","root":{"__id__":1},"asset":{"__uuid__":"13ce28ZMFDhIheYxIaK2D+"},"fileId":"3d1myoYfVKJL1zyOYu5IOw"},"_trs":{"__type__":"TypedArray","ctor":"Float64Array","array":[0,-94,0,0,0,0,1,1,1,1]}},{"__type__":"cc.Node","_name":"zhenup","_parent":{"__id__":7},"_components":[{"__type__":"cc.RigidBody","node":{"__id__":13},"_type":0,"_gravityScale":0,"bullet":true}],"_prefab":{"__type__":"cc.PrefabInfo","root":{"__id__":1},"asset":{"__uuid__":"13ce28ZMFDhIheYxIaK2D+"},"fileId":"8awSuzHXFN3otaE0awJsZV"},"_trs":{"__type__":"TypedArray","ctor":"Float64Array","array":[29,7,0,0,0,0,1,1,1,1]}},{"__type__":"cc.Node","_name":"zhendown","_parent":{"__id__":7},"_components":[{"__type__":"cc.RigidBody","node":{"__id__":14},"_type":0,"_gravityScale":0,"bullet":true}],"_prefab":{"__type__":"cc.PrefabInfo","root":{"__id__":1},"asset":{"__uuid__":"13ce28ZMFDhIheYxIaK2D+"},"fileId":"08Gz/56UVJx4mnXtKzTqXA"},"_trs":{"__type__":"TypedArray","ctor":"Float64Array","array":[0,-236,0,0,0,0,1,1,1,1]}}]]