[[{"__type__":"cc.Prefab","_name":"UIDerived28","data":{"__id__":1}},{"__type__":"cc.Node","_name":"UIDerived31","_children":[{"__type__":"cc.Node","_name":"bule_node","_parent":{"__id__":1},"_prefab":{"__type__":"cc.PrefabInfo","root":{"__id__":1},"asset":{"__uuid__":"47QHx8LGtHJqjh7iSLaN+N"},"fileId":"b7yRttGLVGXpjzU4y3OzhE"},"_trs":{"__type__":"TypedArray","ctor":"Float64Array","array":[0,0,0,0,0,0,1,1,1,1]}},{"__type__":"cc.Node","_name":"greenwater_node","_parent":{"__id__":1},"_prefab":{"__type__":"cc.PrefabInfo","root":{"__id__":1},"asset":{"__uuid__":"47QHx8LGtHJqjh7iSLaN+N"},"fileId":"4beos0DzBC4rIvuCM0O81F"},"_trs":{"__type__":"TypedArray","ctor":"Float64Array","array":[0,0,0,0,0,0,1,1,1,1]}},{"__type__":"cc.Node","_name":"redwater_node","_parent":{"__id__":1},"_prefab":{"__type__":"cc.PrefabInfo","root":{"__id__":1},"asset":{"__uuid__":"47QHx8LGtHJqjh7iSLaN+N"},"fileId":"1d8EEO+GpGc4L6vf+7P4wE"},"_trs":{"__type__":"TypedArray","ctor":"Float64Array","array":[0,0,0,0,0,0,1,1,1,1]}},{"__id__":2},{"__id__":3},{"__id__":4},{"__type__":"cc.Node","_name":"redPos_node","_parent":{"__id__":1},"_prefab":{"__type__":"cc.PrefabInfo","root":{"__id__":1},"asset":{"__uuid__":"47QHx8LGtHJqjh7iSLaN+N"},"fileId":"6dow4JZOVLt4BCxh5W1xrU"},"_trs":{"__type__":"TypedArray","ctor":"Float64Array","array":[0,0,0,0,0,0,1,1,1,1]}},{"__type__":"cc.Node","_name":"greenPos_node","_parent":{"__id__":1},"_prefab":{"__type__":"cc.PrefabInfo","root":{"__id__":1},"asset":{"__uuid__":"47QHx8LGtHJqjh7iSLaN+N"},"fileId":"9eYmVKWmJPhoM56MBj/ysC"},"_trs":{"__type__":"TypedArray","ctor":"Float64Array","array":[0,0,0,0,0,0,1,1,1,1]}},{"__type__":"cc.Node","_name":"player","_parent":{"__id__":1},"_prefab":{"__type__":"cc.PrefabInfo","root":{"__id__":1},"asset":{"__uuid__":"47QHx8LGtHJqjh7iSLaN+N"},"fileId":"feOGTjGShEw5byTZmjUZcU"},"_contentSize":{"__type__":"cc.Size","width":240,"height":140},"_trs":{"__type__":"TypedArray","ctor":"Float64Array","array":[-334.214,-635.253,0,0,0,0,1,0.7,0.7,0.7]}},{"__id__":5},{"__id__":7},{"__id__":11}],"_components":[{"__type__":"cc.Sprite","node":{"__id__":1},"_materials":[{"__uuid__":"ecpdLyjvZBwrvm+cedCcQy"}],"_spriteFrame":{"__uuid__":"f8O/zmweVJmbmNiwgtQ946"}},{"__type__":"cc.RigidBody","node":{"__id__":1},"_type":0},{"__type__":"cc.PhysicsPolygonCollider","node":{"__id__":1},"_offset":{"__type__":"cc.Vec2","x":-3,"y":-40},"points":[{"__type__":"cc.Vec2","x":-494.3,"y":-806.4},{"__type__":"cc.Vec2","x":497,"y":-790},{"__type__":"cc.Vec2","x":495.9,"y":801.2},{"__type__":"cc.Vec2","x":320,"y":752},{"__type__":"cc.Vec2","x":314,"y":582},{"__type__":"cc.Vec2","x":60,"y":526},{"__type__":"cc.Vec2","x":65,"y":329},{"__type__":"cc.Vec2","x":443.3,"y":320.6},{"__type__":"cc.Vec2","x":440.7,"y":77.1},{"__type__":"cc.Vec2","x":398.5,"y":30.5},{"__type__":"cc.Vec2","x":324.9,"y":-15.4},{"__type__":"cc.Vec2","x":226.3,"y":-56.8},{"__type__":"cc.Vec2","x":127.4,"y":-93.7},{"__type__":"cc.Vec2","x":132.5,"y":-126.5},{"__type__":"cc.Vec2","x":439.5,"y":-133.5},{"__type__":"cc.Vec2","x":441.1,"y":-671.1},{"__type__":"cc.Vec2","x":235.3,"y":-672.8},{"__type__":"cc.Vec2","x":143.4,"y":-234.1},{"__type__":"cc.Vec2","x":117.7,"y":-235},{"__type__":"cc.Vec2","x":91,"y":-666.3},{"__type__":"cc.Vec2","x":-78.8,"y":-671.2},{"__type__":"cc.Vec2","x":-114.1,"y":-239.9},{"__type__":"cc.Vec2","x":-143.3,"y":-250.2},{"__type__":"cc.Vec2","x":-222.6,"y":-672.1},{"__type__":"cc.Vec2","x":-436,"y":-672.1},{"__type__":"cc.Vec2","x":-439,"y":-131},{"__type__":"cc.Vec2","x":-127,"y":-127},{"__type__":"cc.Vec2","x":-126,"y":-91},{"__type__":"cc.Vec2","x":-266,"y":-54},{"__type__":"cc.Vec2","x":-376,"y":3},{"__type__":"cc.Vec2","x":-436,"y":71},{"__type__":"cc.Vec2","x":-432,"y":321},{"__type__":"cc.Vec2","x":-58,"y":322},{"__type__":"cc.Vec2","x":-56,"y":509},{"__type__":"cc.Vec2","x":-74,"y":537},{"__type__":"cc.Vec2","x":-307,"y":578},{"__type__":"cc.Vec2","x":-312,"y":758},{"__type__":"cc.Vec2","x":316,"y":758},{"__type__":"cc.Vec2","x":493,"y":800},{"__type__":"cc.Vec2","x":-474,"y":798}]},{"__type__":"cc.PhysicsBoxCollider","node":{"__id__":1},"_offset":{"__type__":"cc.Vec2","x":-1.4,"y":134},"_size":{"__type__":"cc.Size","width":665.8,"height":89}},{"__type__":"1100eDGpRlLMYp5CrYQGpcQ","node":{"__id__":1}}],"_prefab":{"__type__":"cc.PrefabInfo","root":{"__id__":1},"asset":{"__uuid__":"47QHx8LGtHJqjh7iSLaN+N"},"fileId":"e4jV47EfBJTpdzq7u+yNGN"},"_contentSize":{"__type__":"cc.Size","width":961,"height":1512},"_trs":{"__type__":"TypedArray","ctor":"Float64Array","array":[0,0,0,0,0,0,1,1,1,1]}},{"__type__":"cc.Node","_name":"black_node","_parent":{"__id__":1},"_components":[{"__type__":"6c0e8KZwr5L34azTYX21stu","node":{"__id__":2}}],"_prefab":{"__type__":"cc.PrefabInfo","root":{"__id__":1},"asset":{"__uuid__":"47QHx8LGtHJqjh7iSLaN+N"},"fileId":"45+fqP1gtAgo8KSEKSG/oI"},"_trs":{"__type__":"TypedArray","ctor":"Float64Array","array":[0,0,0,0,0,0,1,1,1,1]}},{"__type__":"cc.Node","_name":"gray_node","_parent":{"__id__":1},"_components":[{"__type__":"3400dF2d2tHLK8+En9baGXY","node":{"__id__":3},"grey_prefab":{"__uuid__":"13FEeEL1NMaK5TFGpFQpJr"}}],"_prefab":{"__type__":"cc.PrefabInfo","root":{"__id__":1},"asset":{"__uuid__":"47QHx8LGtHJqjh7iSLaN+N"},"fileId":"9fp3urnLdDQ7Z5cSyBg347"},"_trs":{"__type__":"TypedArray","ctor":"Float64Array","array":[0,0,0,0,0,0,1,1,1,1]}},{"__type__":"cc.Node","_name":"bulePos_node","_parent":{"__id__":1},"_children":[{"__type__":"cc.Node","_name":"New Node","_parent":{"__id__":4},"_prefab":{"__type__":"cc.PrefabInfo","root":{"__id__":1},"asset":{"__uuid__":"47QHx8LGtHJqjh7iSLaN+N"},"fileId":"23N+fXJyhBEojUhMkQH/m7"},"_trs":{"__type__":"TypedArray","ctor":"Float64Array","array":[-48.798,618.891,0,0,0,0,1,1,1,1]}}],"_prefab":{"__type__":"cc.PrefabInfo","root":{"__id__":1},"asset":{"__uuid__":"47QHx8LGtHJqjh7iSLaN+N"},"fileId":"cdiDNEwY9DxqjgZnUEXm/A"},"_trs":{"__type__":"TypedArray","ctor":"Float64Array","array":[0,0,0,0,0,0,1,1,1,1]}},{"__type__":"cc.Node","_name":"zhenNode","_parent":{"__id__":1},"_children":[{"__id__":6}],"_prefab":{"__type__":"cc.PrefabInfo","root":{"__id__":1},"asset":{"__uuid__":"47QHx8LGtHJqjh7iSLaN+N"},"fileId":"d7aqYeF21Pl5+Tj2AAHTae"},"_trs":{"__type__":"TypedArray","ctor":"Float64Array","array":[42.073,468.559,0,0,0,0,1,1,1,1]},"_groupIndex":8,"groupIndex":8},{"__type__":"cc.Node","_name":"zhen","_parent":{"__id__":5},"_components":[{"__type__":"cc.Sprite","node":{"__id__":6},"_materials":[{"__uuid__":"ecpdLyjvZBwrvm+cedCcQy"}],"_spriteFrame":{"__uuid__":"81u1O4l2lM2IGXbUA/0aw7"},"_type":1,"_sizeMode":0},{"__type__":"cc.RigidBody","node":{"__id__":6},"_type":3,"_allowSleep":false,"_gravityScale":0,"_fixedRotation":true,"enabledContactListener":true,"bullet":true},{"__type__":"cc.PhysicsPolygonCollider","node":{"__id__":6},"tag":222,"_offset":{"__type__":"cc.Vec2","x":-133.5},"points":[{"__type__":"cc.Vec2","x":227.5,"y":55.5},{"__type__":"cc.Vec2","x":214.5,"y":51.5},{"__type__":"cc.Vec2","x":206.5,"y":45.5},{"__type__":"cc.Vec2","x":192,"y":33.4},{"__type__":"cc.Vec2","x":188.8,"y":24.1},{"__type__":"cc.Vec2","x":185.4,"y":32.5},{"__type__":"cc.Vec2","x":-18.7,"y":30.5},{"__type__":"cc.Vec2","x":-26.4,"y":3.4},{"__type__":"cc.Vec2","x":-23.8,"y":-18},{"__type__":"cc.Vec2","x":184.9,"y":-17.2},{"__type__":"cc.Vec2","x":193.4,"y":-34.3},{"__type__":"cc.Vec2","x":209.9,"y":-47.8},{"__type__":"cc.Vec2","x":238.1,"y":-54.9},{"__type__":"cc.Vec2","x":261.8,"y":-50.5},{"__type__":"cc.Vec2","x":285.2,"y":-28.5},{"__type__":"cc.Vec2","x":291.1,"y":-15.6},{"__type__":"cc.Vec2","x":292.7,"y":0.3},{"__type__":"cc.Vec2","x":288.9,"y":22},{"__type__":"cc.Vec2","x":265.3,"y":49.4}]},{"__type__":"72555Q9muRD1505Zi2fOOxm","node":{"__id__":6},"linevelocityX":500}],"_prefab":{"__type__":"cc.PrefabInfo","root":{"__id__":1},"asset":{"__uuid__":"47QHx8LGtHJqjh7iSLaN+N"},"fileId":"e0iWwyPPRNaJJXpgUx6rKA"},"_contentSize":{"__type__":"cc.Size","width":319.8,"height":111},"_trs":{"__type__":"TypedArray","ctor":"Float64Array","array":[0,0,0,0,0,0,1,0.8,0.8,0.8]},"_groupIndex":8,"groupIndex":8},{"__type__":"cc.Node","_name":"zhenNodeTwo","_parent":{"__id__":1},"_children":[{"__id__":8},{"__id__":9},{"__id__":10}],"_prefab":{"__type__":"cc.PrefabInfo","root":{"__id__":1},"asset":{"__uuid__":"47QHx8LGtHJqjh7iSLaN+N"},"fileId":"acxMMjFFxDLat+gRj4zlJH"},"_trs":{"__type__":"TypedArray","ctor":"Float64Array","array":[-142.054,310.041,0,0,0,0.7071067811865476,-0.7071067811865475,1,1,1]},"_eulerAngles":{"__type__":"cc.Vec3","z":270}},{"__type__":"cc.Node","_name":"zhen","_parent":{"__id__":7},"_components":[{"__type__":"cc.Sprite","node":{"__id__":8},"_materials":[{"__uuid__":"ecpdLyjvZBwrvm+cedCcQy"}],"_spriteFrame":{"__uuid__":"14vJwyNH1OspMXFimJtxkW"},"_type":1,"_sizeMode":0},{"__type__":"cc.RigidBody","node":{"__id__":8},"_type":3,"_gravityScale":0,"_fixedRotation":true,"enabledContactListener":true,"bullet":true},{"__type__":"cc.PhysicsPolygonCollider","node":{"__id__":8},"_offset":{"__type__":"cc.Vec2","x":183,"y":2},"points":[{"__type__":"cc.Vec2","x":-319,"y":-58},{"__type__":"cc.Vec2","x":-210,"y":-58},{"__type__":"cc.Vec2","x":-209.2,"y":-26.5},{"__type__":"cc.Vec2","x":-47.5,"y":-27.4},{"__type__":"cc.Vec2","x":-47,"y":27.2},{"__type__":"cc.Vec2","x":-209,"y":25.8},{"__type__":"cc.Vec2","x":-207,"y":52},{"__type__":"cc.Vec2","x":-319,"y":51}]},{"__type__":"1cb3eoIRdhJWZayW7A68Y7j","node":{"__id__":8}}],"_prefab":{"__type__":"cc.PrefabInfo","root":{"__id__":1},"asset":{"__uuid__":"47QHx8LGtHJqjh7iSLaN+N"},"fileId":"2a02LsIYFIN6xhegiROKNy"},"_contentSize":{"__type__":"cc.Size","width":273,"height":111},"_trs":{"__type__":"TypedArray","ctor":"Float64Array","array":[0,0,0,0,0,0,1,1,1,1]}},{"__type__":"cc.Node","_name":"zhenup","_parent":{"__id__":7},"_components":[{"__type__":"cc.RigidBody","node":{"__id__":9},"_type":0,"_gravityScale":0,"bullet":true}],"_prefab":{"__type__":"cc.PrefabInfo","root":{"__id__":1},"asset":{"__uuid__":"47QHx8LGtHJqjh7iSLaN+N"},"fileId":"2fDNLDTQdNkZNZ6GoFz+fK"},"_trs":{"__type__":"TypedArray","ctor":"Float64Array","array":[-83,75,0,0,0,0,1,1,1,1]}},{"__type__":"cc.Node","_name":"zhendown","_parent":{"__id__":7},"_components":[{"__type__":"cc.RigidBody","node":{"__id__":10},"_type":0,"_gravityScale":0,"bullet":true}],"_prefab":{"__type__":"cc.PrefabInfo","root":{"__id__":1},"asset":{"__uuid__":"47QHx8LGtHJqjh7iSLaN+N"},"fileId":"f5aUQkh1hJ8Y3JyahZ+Eia"},"_trs":{"__type__":"TypedArray","ctor":"Float64Array","array":[-38,-293,0,0,0,0,1,1,1,1]}},{"__type__":"cc.Node","_name":"zhenNodeTwo","_parent":{"__id__":1},"_children":[{"__id__":12},{"__id__":13},{"__id__":14}],"_prefab":{"__type__":"cc.PrefabInfo","root":{"__id__":1},"asset":{"__uuid__":"47QHx8LGtHJqjh7iSLaN+N"},"fileId":"02AwV+pSxOvqZGoJsax5ho"},"_trs":{"__type__":"TypedArray","ctor":"Float64Array","array":[261.016,310.041,0,0,0,0.7071067811865476,-0.7071067811865475,1,1,1]},"_eulerAngles":{"__type__":"cc.Vec3","z":270}},{"__type__":"cc.Node","_name":"zhen","_parent":{"__id__":11},"_components":[{"__type__":"cc.Sprite","node":{"__id__":12},"_materials":[{"__uuid__":"ecpdLyjvZBwrvm+cedCcQy"}],"_spriteFrame":{"__uuid__":"14vJwyNH1OspMXFimJtxkW"},"_type":1,"_sizeMode":0},{"__type__":"cc.RigidBody","node":{"__id__":12},"_type":3,"_gravityScale":0,"_fixedRotation":true,"enabledContactListener":true,"bullet":true},{"__type__":"cc.PhysicsPolygonCollider","node":{"__id__":12},"_offset":{"__type__":"cc.Vec2","x":183,"y":2},"points":[{"__type__":"cc.Vec2","x":-319,"y":-58},{"__type__":"cc.Vec2","x":-210,"y":-58},{"__type__":"cc.Vec2","x":-209.8,"y":-25.5},{"__type__":"cc.Vec2","x":-48.5,"y":-24.3},{"__type__":"cc.Vec2","x":-47.5,"y":25.7},{"__type__":"cc.Vec2","x":-206.9,"y":23.7},{"__type__":"cc.Vec2","x":-207,"y":52},{"__type__":"cc.Vec2","x":-319,"y":51}]},{"__type__":"1cb3eoIRdhJWZayW7A68Y7j","node":{"__id__":12}}],"_prefab":{"__type__":"cc.PrefabInfo","root":{"__id__":1},"asset":{"__uuid__":"47QHx8LGtHJqjh7iSLaN+N"},"fileId":"bbg3AmQrdCV6kCCTiVXC0N"},"_contentSize":{"__type__":"cc.Size","width":273,"height":111},"_trs":{"__type__":"TypedArray","ctor":"Float64Array","array":[0,0,0,0,0,0,1,1,1,1]}},{"__type__":"cc.Node","_name":"zhenup","_parent":{"__id__":11},"_components":[{"__type__":"cc.RigidBody","node":{"__id__":13},"_type":0,"_gravityScale":0,"bullet":true}],"_prefab":{"__type__":"cc.PrefabInfo","root":{"__id__":1},"asset":{"__uuid__":"47QHx8LGtHJqjh7iSLaN+N"},"fileId":"827WurGvBDqboSaTfMpUfh"},"_trs":{"__type__":"TypedArray","ctor":"Float64Array","array":[-30.767,175.961,0,0,0,0,1,1,1,1]}},{"__type__":"cc.Node","_name":"zhendown","_parent":{"__id__":11},"_components":[{"__type__":"cc.RigidBody","node":{"__id__":14},"_type":0,"_gravityScale":0,"bullet":true}],"_prefab":{"__type__":"cc.PrefabInfo","root":{"__id__":1},"asset":{"__uuid__":"47QHx8LGtHJqjh7iSLaN+N"},"fileId":"e2vFHByRNF6o+HJhsCQZPd"},"_trs":{"__type__":"TypedArray","ctor":"Float64Array","array":[-43,-192,0,0,0,0,1,1,1,1]}}],{"__type__":"cc.SpriteFrame","content":{"name":"guanqia72","texture":"fd9GV/6NFAHZ71W2JUh4XP","rect":[1,1,961,1512],"offset":[0,0],"originalSize":[963,1514],"capInsets":[0,0,0,0]}}]