{"__type__":"sp.SkeletonData","_name":"02win","_skeletonJson":{"skeleton":{"hash":"atAMfFTGm4PuTZU4P44l6dhmqGM","spine":"3.8.99","x":-475.29,"y":-324.52,"width":953,"height":756},"bones":[{"name":"root"},{"name":"xx","parent":"root","x":1.25,"y":238.24},{"name":"yuan","parent":"root","x":0.4,"y":236.54},{"name":"cheng","parent":"root","x":-45.32,"y":141.14},{"name":"bu1","parent":"root","x":-0.44,"y":34.72},{"name":"bu2","parent":"root","x":-4.68,"y":76.7},{"name":"bu3","parent":"root","x":-0.44,"y":66.94},{"name":"bu1b","parent":"root","x":176.79,"y":6.31},{"name":"bu1a","parent":"root","x":-182.76,"y":5.89},{"name":"c1","parent":"root","x":-297.24,"y":192.92},{"name":"c2","parent":"root","x":-457.81,"y":74.42},{"name":"c3","parent":"root","x":-373.17,"y":-31.26},{"name":"c4","parent":"root","x":-136.16,"y":-167.21},{"name":"c5","parent":"root","x":-464.99,"y":-305.2},{"name":"c6","parent":"root","x":273.21,"y":109.81},{"name":"c7","parent":"root","x":464.05,"y":7.73},{"name":"c8","parent":"root","x":293.73,"y":-104.11},{"name":"c9","parent":"root","x":449.17,"y":-131.3},{"name":"c10","parent":"root","x":322.46,"y":-285.71},{"name":"jinbi","parent":"root","x":-118.44,"y":30.64}],"slots":[{"name":"cg2","bone":"root","attachment":"cg2"},{"name":"cg","bone":"root","attachment":"cg"},{"name":"c10","bone":"c10","attachment":"c10"},{"name":"c9","bone":"c9","attachment":"c9"},{"name":"c8","bone":"c8","attachment":"c8"},{"name":"c7","bone":"c7","attachment":"c7"},{"name":"c6","bone":"c6","attachment":"c6"},{"name":"c5","bone":"c5","attachment":"c5"},{"name":"c4","bone":"c4","attachment":"c4"},{"name":"c3","bone":"c3","attachment":"c3"},{"name":"c2","bone":"c2","attachment":"c2"},{"name":"c1","bone":"c1","attachment":"c1"},{"name":"bu1b","bone":"bu1b","attachment":"bu1b"},{"name":"bu1a","bone":"bu1a","attachment":"bu1a"},{"name":"bu3","bone":"bu3","attachment":"bu3"},{"name":"bu2","bone":"bu2","attachment":"bu2"},{"name":"bu1","bone":"bu1","attachment":"bu1"},{"name":"cheng","bone":"cheng","attachment":"cheng"},{"name":"jinbi","bone":"jinbi","attachment":"jinbi"},{"name":"yuan","bone":"yuan","attachment":"yuan"},{"name":"xx","bone":"xx","attachment":"xx"}],"skins":[{"name":"default","attachments":{"bu1":{"bu1":{"x":1.65,"y":-10.74,"width":411,"height":127}},"bu1a":{"bu1a":{"x":-15.53,"y":-7.91,"width":96,"height":127}},"bu1b":{"bu1b":{"x":22.92,"y":-8.33,"width":96,"height":127}},"bu2":{"bu2":{"x":5.39,"y":-4.22,"width":356,"height":268}},"bu3":{"bu3":{"x":1.15,"y":2.04,"width":420,"height":317}},"c1":{"c1":{"x":5.45,"y":4.06,"width":33,"height":69}},"c2":{"c2":{"x":1.02,"y":2.06,"width":37,"height":32}},"c3":{"c3":{"x":-3.12,"y":6.74,"width":36,"height":36}},"c4":{"c4":{"x":6.37,"y":2.69,"width":49,"height":34}},"c5":{"c5":{"x":8.7,"y":-3.32,"width":36,"height":32}},"c6":{"c6":{"x":-7,"y":0.17,"width":63,"height":47}},"c7":{"c7":{"x":-3.84,"y":3.25,"width":35,"height":29}},"c8":{"c8":{"x":-5.52,"y":6.09,"width":35,"height":33}},"c9":{"c9":{"x":1.04,"y":-3.22,"width":33,"height":36}},"c10":{"c10":{"x":-3.25,"y":-3.31,"width":37,"height":69}},"cg":{"cg":{"x":-1.29,"y":231.48,"width":600,"height":346}},"cg2":{"cg2":{"x":0.71,"y":156.98,"width":744,"height":549}},"cheng":{"cheng":{"x":47.27,"y":1.34,"width":239,"height":121}},"jinbi":{"jinbi":{"x":2.15,"y":-5.66,"width":74,"height":83}},"xx":{"xx":{"x":-0.04,"y":-0.26,"width":35,"height":33}},"yuan":{"yuan":{"x":0.81,"y":-0.56,"width":131,"height":131}}}}],"animations":{"title1":{"slots":{"bu1a":{"attachment":[{"name":null},{"time":0.4667,"name":"bu1a"}]},"bu1b":{"attachment":[{"name":null},{"time":0.4667,"name":"bu1b"}]},"bu2":{"attachment":[{"name":null},{"time":0.2,"name":"bu2"}]},"bu3":{"attachment":[{"name":null},{"time":0.3,"name":"bu3"}]},"c1":{"color":[{"time":0.4,"color":"ffffffff"},{"time":0.6,"color":"ffffff00"}]},"c2":{"color":[{"time":0.9333,"color":"ffffffff"},{"time":1.1333,"color":"ffffff00"}]},"c3":{"color":[{"time":0.5333,"color":"ffffffff"},{"time":0.7333,"color":"ffffff00"}]},"c4":{"color":[{"time":0.5667,"color":"ffffffff"},{"time":0.7667,"color":"ffffff00"}]},"c5":{"color":[{"time":1.0667,"color":"ffffffff"},{"time":1.2667,"color":"ffffff00"}]},"c6":{"color":[{"time":0.6667,"color":"ffffffff"},{"time":0.8667,"color":"ffffff00"}]},"c7":{"color":[{"time":0.9333,"color":"ffffffff"},{"time":1.1333,"color":"ffffff00"}]},"c8":{"color":[{"time":0.8333,"color":"ffffffff"},{"time":1.0333,"color":"ffffff00"}]},"c9":{"color":[{"time":0.5333,"color":"ffffffff"},{"time":0.7333,"color":"ffffff00"}]},"c10":{"color":[{"time":0.6333,"color":"ffffffff"},{"time":0.8333,"color":"ffffff00"}]},"cg":{"color":[{"color":"ffffff00"},{"time":0.3667,"color":"ffffff00"},{"time":0.5333,"color":"ffffffff"}]},"cg2":{"color":[{"time":0.2333,"color":"ffffff00"},{"time":0.4667,"color":"ffffffff"}],"attachment":[{"name":null},{"time":0.3333,"name":"cg2"}]},"cheng":{"attachment":[{"name":null},{"time":0.5333,"name":"cheng"}]},"jinbi":{"attachment":[{"name":null},{"time":0.5,"name":"jinbi"}]},"xx":{"color":[{"time":0.1667,"color":"ffffff00"},{"time":0.3667,"color":"ffffffff"}],"attachment":[{"name":null},{"time":0.1667,"name":"xx"}]},"yuan":{"color":[{"time":0.2333,"color":"ffffff00"},{"time":0.5333,"color":"ffffffff"}],"attachment":[{"name":null},{"time":0.3333,"name":"yuan"}]}},"bones":{"c10":{"translate":[{"x":-322.46,"y":285.71},{"time":0.8333}]},"c8":{"translate":[{"x":-293.73,"y":104.11,"curve":"stepped"},{"time":0.4333,"x":-293.73,"y":104.11},{"time":1.0333}]},"c9":{"translate":[{"x":-449.17,"y":131.3,"curve":"stepped"},{"time":0.1333,"x":-449.17,"y":131.3},{"time":0.7333}]},"c7":{"translate":[{"x":-464.05,"y":-7.73,"curve":"stepped"},{"time":0.5333,"x":-464.05,"y":-7.73},{"time":1.1333}]},"c6":{"translate":[{"x":-273.21,"y":-109.81},{"time":0.8667}]},"c4":{"translate":[{"x":136.16,"y":167.21,"curve":"stepped"},{"time":0.1667,"x":136.16,"y":167.21},{"time":0.7667}]},"c1":{"translate":[{"x":297.24,"y":-192.92},{"time":0.6}]},"c3":{"translate":[{"x":373.17,"y":31.26,"curve":"stepped"},{"time":0.1333,"x":373.17,"y":31.26},{"time":0.7333}]},"c2":{"translate":[{"x":457.81,"y":-74.42,"curve":"stepped"},{"time":0.5333,"x":457.81,"y":-74.42},{"time":1.1333}]},"c5":{"translate":[{"x":464.99,"y":305.2,"curve":"stepped"},{"time":0.4333,"x":464.99,"y":305.2},{"time":1.2667}]},"bu1":{"scale":[{"x":0},{"time":0.2,"x":0.961},{"time":0.2333,"x":1.121},{"time":0.3333}]},"bu2":{"scale":[{"time":0.2,"y":0},{"time":0.3333,"y":1.2},{"time":0.4667}]},"bu3":{"scale":[{"time":0.3,"y":0.121},{"time":0.5,"y":1.158},{"time":0.6667}]},"bu1b":{"scale":[{"time":0.4667,"x":0},{"time":0.6,"x":1.343},{"time":0.7333,"x":0.98}]},"bu1a":{"scale":[{"time":0.4667,"x":0},{"time":0.6,"x":1.343},{"time":0.7333,"x":0.98}]},"jinbi":{"scale":[{"time":0.5,"x":0,"y":0},{"time":0.6,"x":1.45,"y":1.45},{"time":0.7667}]},"cheng":{"rotate":[{"time":0.5333},{"time":0.7667,"angle":9.67},{"time":1.1333,"angle":-0.79}],"translate":[{"time":0.5333,"x":-15.15,"y":-107.06},{"time":0.7667,"y":40.4},{"time":1}],"scale":[{"time":0.5333,"x":1.192,"y":0.849},{"time":0.7667,"x":0.899,"y":1.111},{"time":1,"x":1.017,"y":0.92},{"time":1.1333}]},"yuan":{"rotate":[{},{"time":0.6333,"angle":-90},{"time":1.2667,"angle":180}]}},"drawOrder":[{"time":0.5333,"offsets":[{"slot":"bu1","offset":1}]},{"time":0.8667,"offsets":[{"slot":"bu1","offset":1}]}]},"title2":{"slots":{"bu2":{"attachment":[{"name":"bu2"}]},"c1":{"attachment":[{"name":null}]},"c2":{"color":[{"time":0.9333,"color":"ffffffff"},{"time":1.1333,"color":"ffffff00"}],"attachment":[{"name":null}]},"c3":{"color":[{"time":0.5333,"color":"ffffffff"},{"time":0.7333,"color":"ffffff00"}],"attachment":[{"name":null}]},"c4":{"color":[{"time":0.5667,"color":"ffffffff"},{"time":0.7667,"color":"ffffff00"}],"attachment":[{"name":null}]},"c5":{"color":[{"time":1.0667,"color":"ffffffff"},{"time":1.2667,"color":"ffffff00"}],"attachment":[{"name":null}]},"c6":{"color":[{"time":0.6667,"color":"ffffffff"},{"time":0.8667,"color":"ffffff00"}],"attachment":[{"name":null}]},"c7":{"color":[{"time":0.9333,"color":"ffffffff"},{"time":1.1333,"color":"ffffff00"}],"attachment":[{"name":null}]},"c8":{"color":[{"time":0.8333,"color":"ffffffff"},{"time":1.0333,"color":"ffffff00"}],"attachment":[{"name":null}]},"c9":{"color":[{"time":0.5333,"color":"ffffffff"},{"time":0.7333,"color":"ffffff00"}],"attachment":[{"name":null}]},"c10":{"color":[{"color":"ffffff00"}],"attachment":[{"name":null}]},"cg":{"color":[{"color":"ffffffff"},{"time":0.5667,"color":"ffffff00"},{"time":0.8667,"color":"ffffffff","curve":"stepped"},{"time":1.2667,"color":"ffffffff"}]},"cg2":{"color":[{"color":"ffffffff"},{"time":0.3667,"color":"ffffff00"},{"time":1.2667,"color":"ffffffff"}],"attachment":[{"name":"cg2"}]},"xx":{"color":[{"color":"ffffffff"}],"attachment":[{"name":"xx"}]},"yuan":{"attachment":[{"name":"yuan"}]}},"bones":{"c10":{"translate":[{}]},"c8":{"translate":[{"x":-293.73,"y":104.11,"curve":"stepped"},{"time":0.4333,"x":-293.73,"y":104.11},{"time":1.0333}]},"c9":{"translate":[{"x":-449.17,"y":131.3,"curve":"stepped"},{"time":0.1333,"x":-449.17,"y":131.3},{"time":0.7333}]},"c7":{"translate":[{"x":-464.05,"y":-7.73,"curve":"stepped"},{"time":0.5333,"x":-464.05,"y":-7.73},{"time":1.1333}]},"c6":{"translate":[{"x":-273.21,"y":-109.81},{"time":0.8667}]},"c4":{"translate":[{"x":136.16,"y":167.21,"curve":"stepped"},{"time":0.1667,"x":136.16,"y":167.21},{"time":0.7667}]},"c1":{"translate":[{"x":297.24,"y":-192.92}]},"c3":{"translate":[{"x":373.17,"y":31.26,"curve":"stepped"},{"time":0.1333,"x":373.17,"y":31.26},{"time":0.7333}]},"c2":{"translate":[{"x":457.81,"y":-74.42,"curve":"stepped"},{"time":0.5333,"x":457.81,"y":-74.42},{"time":1.1333}]},"c5":{"translate":[{"x":464.99,"y":305.2,"curve":"stepped"},{"time":0.4333,"x":464.99,"y":305.2},{"time":1.2667}]},"bu1":{"scale":[{}]},"bu2":{"scale":[{}]},"bu3":{"scale":[{}]},"bu1b":{"scale":[{"x":0.98}]},"bu1a":{"scale":[{"x":0.98}]},"jinbi":{"scale":[{}]},"cheng":{"rotate":[{"angle":-0.79}],"translate":[{}],"scale":[{}]},"yuan":{"rotate":[{},{"time":0.6333,"angle":-90},{"time":1.2667,"angle":180}]}},"drawOrder":[{"offsets":[{"slot":"bu1","offset":1}]}]}}},"_atlasText":"\n02win.png\nsize: 1177,897\nformat: RGBA8888\nfilter: Linear,Linear\nrepeat: none\nbu1\n  rotate: false\n  xy: 746, 451\n  size: 411, 127\n  orig: 411, 127\n  offset: 0, 0\n  index: -1\nbu1a\n  rotate: false\n  xy: 602, 86\n  size: 96, 127\n  orig: 96, 127\n  offset: 0, 0\n  index: -1\nbu1b\n  rotate: false\n  xy: 739, 52\n  size: 96, 127\n  orig: 96, 127\n  offset: 0, 0\n  index: -1\nbu2\n  rotate: false\n  xy: 746, 181\n  size: 356, 268\n  orig: 356, 268\n  offset: 0, 0\n  index: -1\nbu3\n  rotate: false\n  xy: 746, 580\n  size: 420, 317\n  orig: 420, 317\n  offset: 0, 0\n  index: -1\nc1\n  rotate: false\n  xy: 1104, 308\n  size: 33, 69\n  orig: 33, 69\n  offset: 0, 0\n  index: -1\nc10\n  rotate: false\n  xy: 700, 144\n  size: 37, 69\n  orig: 37, 69\n  offset: 0, 0\n  index: -1\nc2\n  rotate: false\n  xy: 700, 110\n  size: 37, 32\n  orig: 37, 32\n  offset: 0, 0\n  index: -1\nc3\n  rotate: false\n  xy: 1104, 413\n  size: 36, 36\n  orig: 36, 36\n  offset: 0, 0\n  index: -1\nc4\n  rotate: false\n  xy: 678, 50\n  size: 49, 34\n  orig: 49, 34\n  offset: 0, 0\n  index: -1\nc5\n  rotate: false\n  xy: 1104, 379\n  size: 36, 32\n  orig: 36, 32\n  offset: 0, 0\n  index: -1\nc6\n  rotate: false\n  xy: 1078, 132\n  size: 63, 47\n  orig: 63, 47\n  offset: 0, 0\n  index: -1\nc7\n  rotate: false\n  xy: 1142, 420\n  size: 35, 29\n  orig: 35, 29\n  offset: 0, 0\n  index: -1\nc8\n  rotate: false\n  xy: 1104, 235\n  size: 35, 33\n  orig: 35, 33\n  offset: 0, 0\n  index: -1\nc9\n  rotate: false\n  xy: 1104, 270\n  size: 33, 36\n  orig: 33, 36\n  offset: 0, 0\n  index: -1\ncg\n  rotate: false\n  xy: 0, 0\n  size: 600, 346\n  orig: 600, 346\n  offset: 0, 0\n  index: -1\ncg2\n  rotate: false\n  xy: 0, 348\n  size: 744, 549\n  orig: 744, 549\n  offset: 0, 0\n  index: -1\ncheng\n  rotate: false\n  xy: 837, 58\n  size: 239, 121\n  orig: 239, 121\n  offset: 0, 0\n  index: -1\njinbi\n  rotate: false\n  xy: 602, 1\n  size: 74, 83\n  orig: 74, 83\n  offset: 0, 0\n  index: -1\nxx\n  rotate: false\n  xy: 1139, 344\n  size: 35, 33\n  orig: 35, 33\n  offset: 0, 0\n  index: -1\nyuan\n  rotate: false\n  xy: 602, 215\n  size: 131, 131\n  orig: 131, 131\n  offset: 0, 0\n  index: -1\n","textures":[{"__uuid__":"f9o2cD5RxJ4r9BKUpH8EtM"}],"textureNames":["02win.png"]}