[{"__type__":"cc.Prefab","_name":"bait","data":{"__id__":1}},{"__type__":"cc.Node","_name":"bait","_components":[{"__type__":"cc.Sprite","node":{"__id__":1},"_materials":[{"__uuid__":"ecpdLyjvZBwrvm+cedCcQy"}],"_spriteFrame":{"__uuid__":"03kspdLsJKWIlk/Nvq2KNq"}}],"_prefab":{"__type__":"cc.PrefabInfo","root":{"__id__":1},"asset":{"__uuid__":"3f+vT5nXdLy70hPSkpZb1M"},"fileId":"45zrOqeAxCD7V50sAvFyCu"},"_contentSize":{"__type__":"cc.Size","width":37,"height":283},"_trs":{"__type__":"TypedArray","ctor":"Float64Array","array":[0,0,0,0,0,0,1,1,1,1]}}]