{"__type__":"sp.SkeletonData","_name":"sldh","_skeletonJson":{"skeleton":{"hash":"5AnPZQPLf/6t2aVq0olAIfHPHEg","spine":"3.7.94","width":749.41,"height":1206,"images":"./images/","audio":"/Users/zhongzhihao/Documents/深圳市优智信息有限公司/临时处理文件/项目/救救小金鱼/spine/水流动画/images"},"bones":[{"name":"root"},{"name":"s","parent":"root","x":-0.11,"y":20.19},{"name":"s1","parent":"s","x":1.69,"y":554.52},{"name":"s3","parent":"s","x":3.54,"y":439.52},{"name":"s4","parent":"s","x":0.39,"y":83.65},{"name":"s5","parent":"s","x":-6.57,"y":-278.94,"scaleX":1.662,"scaleY":1.662},{"name":"s6","parent":"s","x":-3.95,"y":-597.44},{"name":"sh","parent":"s","x":-109.76,"y":-595.88},{"name":"y","parent":"s","x":-135.8,"y":-582.55},{"name":"y3","parent":"y","x":43.51,"y":-24.7},{"name":"y4","parent":"y","x":54.29,"y":27.05},{"name":"y5","parent":"y","x":-12.54,"y":45.37},{"name":"y6","parent":"y","x":-64.29,"y":5.49},{"name":"y7","parent":"y","x":-34.1,"y":-32.24},{"name":"y8","parent":"y","x":-34.1,"y":18.42},{"name":"y9","parent":"y","x":18.72,"y":25.97},{"name":"y2","parent":"s","x":133.21,"y":-578.88},{"name":"y10","parent":"y2","x":43.51,"y":-24.7},{"name":"y11","parent":"y2","x":54.29,"y":27.05},{"name":"y12","parent":"y2","x":-12.54,"y":45.37},{"name":"y13","parent":"y2","x":-64.29,"y":5.49},{"name":"y14","parent":"y2","x":-34.1,"y":-32.24},{"name":"y15","parent":"y2","x":-34.1,"y":18.42},{"name":"y16","parent":"y2","x":18.72,"y":25.97},{"name":"y17","parent":"s","x":4.2,"y":-581.82},{"name":"y18","parent":"y17","x":43.51,"y":-24.7},{"name":"y19","parent":"y17","x":54.29,"y":27.05},{"name":"y20","parent":"y17","x":-12.54,"y":45.37},{"name":"y21","parent":"y17","x":-64.29,"y":5.49},{"name":"y22","parent":"y17","x":-34.1,"y":-32.24},{"name":"y23","parent":"y17","x":-34.1,"y":18.42},{"name":"y24","parent":"y17","x":18.72,"y":25.97},{"name":"sh2","parent":"s","x":119.76,"y":-595.88,"scaleX":-1}],"slots":[{"name":"s","bone":"s","attachment":"s"},{"name":"s1","bone":"s1","attachment":"s1"},{"name":"s4","bone":"s6","attachment":"s4"},{"name":"y","bone":"y3","attachment":"y"},{"name":"y8","bone":"y10","attachment":"y"},{"name":"y15","bone":"y18","attachment":"y"},{"name":"y2","bone":"y4","attachment":"y"},{"name":"y9","bone":"y11","attachment":"y"},{"name":"y16","bone":"y19","attachment":"y"},{"name":"y3","bone":"y5","attachment":"y"},{"name":"y10","bone":"y12","attachment":"y"},{"name":"y17","bone":"y20","attachment":"y"},{"name":"y4","bone":"y6","attachment":"y"},{"name":"y11","bone":"y13","attachment":"y"},{"name":"y18","bone":"y21","attachment":"y"},{"name":"y5","bone":"y7","attachment":"y"},{"name":"y12","bone":"y14","attachment":"y"},{"name":"y19","bone":"y22","attachment":"y"},{"name":"y6","bone":"y8","attachment":"y"},{"name":"y13","bone":"y15","attachment":"y"},{"name":"y20","bone":"y23","attachment":"y"},{"name":"y7","bone":"y9","attachment":"y"},{"name":"y14","bone":"y16","attachment":"y"},{"name":"y21","bone":"y24","attachment":"y"},{"name":"sh","bone":"sh","attachment":"sh"},{"name":"sh2","bone":"sh2","attachment":"sh"},{"name":"1","bone":"root","attachment":"1"},{"name":"s2","bone":"s3","attachment":"s2"},{"name":"s5","bone":"s5","attachment":"s2"},{"name":"s3","bone":"s4","attachment":"s3"}],"skins":{"default":{"1":{"1":{"type":"clipping","end":"1","vertexCount":4,"vertices":[-280.72,594.86,291.21,598.95,304.86,-549.38,-292.01,-545.68],"color":"ce3a3aff"}},"s":{"s":{"x":-0.2,"y":-19.9,"width":291,"height":1181}},"s1":{"s1":{"x":7.11,"y":-1.92,"width":111,"height":28}},"s2":{"s2":{"x":4.26,"y":-33.42,"width":137,"height":271}},"s3":{"s3":{"x":2.91,"y":-41.55,"width":194,"height":413}},"s4":{"s4":{"x":9.25,"y":7.54,"width":338,"height":91}},"s5":{"s2":{"x":4.26,"y":-33.42,"width":137,"height":271}},"sh":{"sh":{"x":-58.94,"y":87.48,"width":402,"height":224}},"sh2":{"sh":{"x":-58.94,"y":87.48,"width":402,"height":224}},"y":{"y":{"x":1.52,"y":-0.56,"width":18,"height":18}},"y10":{"y":{"x":1.52,"y":-0.56,"width":18,"height":18}},"y11":{"y":{"x":1.52,"y":-0.56,"width":18,"height":18}},"y12":{"y":{"x":1.52,"y":-0.56,"width":18,"height":18}},"y13":{"y":{"x":1.52,"y":-0.56,"width":18,"height":18}},"y14":{"y":{"x":1.52,"y":-0.56,"width":18,"height":18}},"y15":{"y":{"x":1.52,"y":-0.56,"width":18,"height":18}},"y16":{"y":{"x":1.52,"y":-0.56,"width":18,"height":18}},"y17":{"y":{"x":1.52,"y":-0.56,"width":18,"height":18}},"y18":{"y":{"x":1.52,"y":-0.56,"width":18,"height":18}},"y19":{"y":{"x":1.52,"y":-0.56,"width":18,"height":18}},"y2":{"y":{"x":1.52,"y":-0.56,"width":18,"height":18}},"y20":{"y":{"x":1.52,"y":-0.56,"width":18,"height":18}},"y21":{"y":{"x":1.52,"y":-0.56,"width":18,"height":18}},"y3":{"y":{"x":1.52,"y":-0.56,"width":18,"height":18}},"y4":{"y":{"x":1.52,"y":-0.56,"width":18,"height":18}},"y5":{"y":{"x":1.52,"y":-0.56,"width":18,"height":18}},"y6":{"y":{"x":1.52,"y":-0.56,"width":18,"height":18}},"y7":{"y":{"x":1.52,"y":-0.56,"width":18,"height":18}},"y8":{"y":{"x":1.52,"y":-0.56,"width":18,"height":18}},"y9":{"y":{"x":1.52,"y":-0.56,"width":18,"height":18}}}},"animations":{"animation":{"slots":{"s2":{"color":[{"time":0,"color":"ffffffff","curve":"stepped"},{"time":0.5,"color":"ffffffff"},{"time":0.6667,"color":"ffffff00"}]},"s3":{"color":[{"time":0,"color":"ffffffff"},{"time":0.1333,"color":"ffffff00"},{"time":0.1667,"color":"ffffffff","curve":"stepped"},{"time":0.6667,"color":"ffffffff"}]},"s5":{"color":[{"time":0,"color":"ffffffff","curve":"stepped"},{"time":0.1667,"color":"ffffffff"},{"time":0.3333,"color":"ffffff00","curve":"stepped"},{"time":0.4667,"color":"ffffff00"},{"time":0.5,"color":"ffffffff","curve":"stepped"},{"time":0.6667,"color":"ffffffff"}]},"sh":{"color":[{"time":0,"color":"ffffff00"},{"time":0.2333,"color":"ffffffff"},{"time":0.3333,"color":"ffffff00"}]},"sh2":{"color":[{"time":0,"color":"ffffff00","curve":"stepped"},{"time":0.3333,"color":"ffffff00"},{"time":0.5667,"color":"ffffffff"},{"time":0.6667,"color":"ffffff00"}]}},"bones":{"y":{"translate":[{"time":0,"x":0,"y":0},{"time":0.1667,"x":0,"y":56.8},{"time":0.3333,"x":0,"y":-28.4}],"scale":[{"time":0,"x":0,"y":0},{"time":0.3333,"x":1.317,"y":1.317}]},"y3":{"scale":[{"time":0,"x":1,"y":1},{"time":0.1667,"x":1.433,"y":1.433},{"time":0.3333,"x":0,"y":0}]},"y4":{"scale":[{"time":0,"x":1,"y":1},{"time":0.1667,"x":1.433,"y":1.433},{"time":0.3333,"x":0,"y":0}]},"y9":{"scale":[{"time":0,"x":1,"y":1},{"time":0.1667,"x":1.433,"y":1.433},{"time":0.3333,"x":0,"y":0}]},"y5":{"scale":[{"time":0,"x":1,"y":1},{"time":0.1667,"x":1.433,"y":1.433},{"time":0.3333,"x":0,"y":0}]},"y8":{"scale":[{"time":0,"x":1,"y":1},{"time":0.1667,"x":1.433,"y":1.433},{"time":0.3333,"x":0,"y":0}]},"y6":{"scale":[{"time":0,"x":1,"y":1},{"time":0.1667,"x":1.433,"y":1.433},{"time":0.3333,"x":0,"y":0}]},"y7":{"scale":[{"time":0,"x":1,"y":1},{"time":0.1667,"x":1.433,"y":1.433},{"time":0.3333,"x":0,"y":0}]},"y10":{"scale":[{"time":0,"x":1,"y":1,"curve":"stepped"},{"time":0.1667,"x":1,"y":1},{"time":0.3333,"x":1.433,"y":1.433},{"time":0.5,"x":0,"y":0}]},"y11":{"scale":[{"time":0,"x":1,"y":1,"curve":"stepped"},{"time":0.1667,"x":1,"y":1},{"time":0.3333,"x":1.433,"y":1.433},{"time":0.5,"x":0,"y":0}]},"y12":{"scale":[{"time":0,"x":1,"y":1,"curve":"stepped"},{"time":0.1667,"x":1,"y":1},{"time":0.3333,"x":1.433,"y":1.433},{"time":0.5,"x":0,"y":0}]},"y13":{"scale":[{"time":0,"x":1,"y":1,"curve":"stepped"},{"time":0.1667,"x":1,"y":1},{"time":0.3333,"x":1.433,"y":1.433},{"time":0.5,"x":0,"y":0}]},"y14":{"scale":[{"time":0,"x":1,"y":1,"curve":"stepped"},{"time":0.1667,"x":1,"y":1},{"time":0.3333,"x":1.433,"y":1.433},{"time":0.5,"x":0,"y":0}]},"y15":{"scale":[{"time":0,"x":1,"y":1,"curve":"stepped"},{"time":0.1667,"x":1,"y":1},{"time":0.3333,"x":1.433,"y":1.433},{"time":0.5,"x":0,"y":0}]},"y16":{"scale":[{"time":0,"x":1,"y":1,"curve":"stepped"},{"time":0.1667,"x":1,"y":1},{"time":0.3333,"x":1.433,"y":1.433},{"time":0.5,"x":0,"y":0}]},"y2":{"translate":[{"time":0,"x":0,"y":0,"curve":"stepped"},{"time":0.1667,"x":0,"y":0},{"time":0.3333,"x":0,"y":56.8},{"time":0.5,"x":0,"y":-28.4}],"scale":[{"time":0,"x":0,"y":0,"curve":"stepped"},{"time":0.1667,"x":0,"y":0},{"time":0.5,"x":1.317,"y":1.317}]},"y18":{"scale":[{"time":0,"x":1,"y":1,"curve":"stepped"},{"time":0.3333,"x":1,"y":1},{"time":0.5,"x":1.433,"y":1.433},{"time":0.6667,"x":0,"y":0}]},"y19":{"scale":[{"time":0,"x":1,"y":1,"curve":"stepped"},{"time":0.3333,"x":1,"y":1},{"time":0.5,"x":1.433,"y":1.433},{"time":0.6667,"x":0,"y":0}]},"y20":{"scale":[{"time":0,"x":1,"y":1,"curve":"stepped"},{"time":0.3333,"x":1,"y":1},{"time":0.5,"x":1.433,"y":1.433},{"time":0.6667,"x":0,"y":0}]},"y21":{"scale":[{"time":0,"x":1,"y":1,"curve":"stepped"},{"time":0.3333,"x":1,"y":1},{"time":0.5,"x":1.433,"y":1.433},{"time":0.6667,"x":0,"y":0}]},"y22":{"scale":[{"time":0,"x":1,"y":1,"curve":"stepped"},{"time":0.3333,"x":1,"y":1},{"time":0.5,"x":1.433,"y":1.433},{"time":0.6667,"x":0,"y":0}]},"y23":{"scale":[{"time":0,"x":1,"y":1,"curve":"stepped"},{"time":0.3333,"x":1,"y":1},{"time":0.5,"x":1.433,"y":1.433},{"time":0.6667,"x":0,"y":0}]},"y24":{"scale":[{"time":0,"x":1,"y":1,"curve":"stepped"},{"time":0.3333,"x":1,"y":1},{"time":0.5,"x":1.433,"y":1.433},{"time":0.6667,"x":0,"y":0}]},"y17":{"translate":[{"time":0,"x":0,"y":0,"curve":"stepped"},{"time":0.3333,"x":0,"y":0},{"time":0.5,"x":0,"y":56.8},{"time":0.6667,"x":0,"y":-28.4}],"scale":[{"time":0,"x":0,"y":0,"curve":"stepped"},{"time":0.3333,"x":0,"y":0},{"time":0.6667,"x":1.317,"y":1.317}]},"sh":{"scale":[{"time":0,"x":0,"y":0},{"time":0.3333,"x":1.094,"y":1.094}]},"sh2":{"scale":[{"time":0,"x":0,"y":0,"curve":"stepped"},{"time":0.3333,"x":0,"y":0},{"time":0.6667,"x":1.094,"y":1.094}]},"s6":{"scale":[{"time":0,"x":1,"y":1},{"time":0.0667,"x":1,"y":1.238},{"time":0.1333,"x":1.163,"y":1.079},{"time":0.1667,"x":1,"y":1},{"time":0.2333,"x":1,"y":1.238},{"time":0.3,"x":1.163,"y":1.079},{"time":0.3333,"x":1,"y":1},{"time":0.4,"x":1,"y":1.238},{"time":0.4667,"x":1.163,"y":1.079},{"time":0.5,"x":1,"y":1},{"time":0.5667,"x":1,"y":1.238},{"time":0.6333,"x":1.163,"y":1.079},{"time":0.6667,"x":1,"y":1}]},"s1":{"scale":[{"time":0,"x":1,"y":1},{"time":0.1,"x":1,"y":1.175},{"time":0.2333,"x":1.073,"y":1.075},{"time":0.3333,"x":1,"y":1},{"time":0.4333,"x":1,"y":1.175},{"time":0.5667,"x":1.073,"y":1.075},{"time":0.6667,"x":1,"y":1}]},"s3":{"translate":[{"time":0,"x":0,"y":0},{"time":0.6667,"x":0,"y":-720.32}],"scale":[{"time":0,"x":1,"y":1},{"time":0.6667,"x":1.66,"y":1.66}]},"s5":{"translate":[{"time":0,"x":7.54,"y":504.95},{"time":0.3333,"x":-5.19,"y":-116.16,"curve":"stepped"},{"time":0.4667,"x":-5.19,"y":-116.16},{"time":0.5,"x":11.78,"y":711.98},{"time":0.6667,"x":7.54,"y":504.95}],"scale":[{"time":0,"x":0.769,"y":0.769},{"time":0.3333,"x":1.258,"y":1.258,"curve":"stepped"},{"time":0.4667,"x":1.258,"y":1.258},{"time":0.5,"x":0.605,"y":0.605},{"time":0.6667,"x":0.769,"y":0.769}]},"s4":{"translate":[{"time":0,"x":7.86,"y":-323.35},{"time":0.1333,"x":7.86,"y":-544.25},{"time":0.1667,"x":7.86,"y":339.35},{"time":0.6667,"x":7.86,"y":-323.35}],"scale":[{"time":0,"x":1.315,"y":1.315},{"time":0.1333,"x":1.472,"y":1.472},{"time":0.1667,"x":0.844,"y":0.844},{"time":0.6667,"x":1.315,"y":1.315}]}}}}},"_atlasText":"\r\nsldh.png\r\nsize: 2048,512\r\nformat: RGBA8888\r\nfilter: Linear,Linear\r\nrepeat: none\r\ns\r\n  rotate: true\r\n  xy: 2, 218\r\n  size: 291, 1181\r\n  orig: 291, 1181\r\n  offset: 0, 0\r\n  index: -1\r\ns1\r\n  rotate: false\r\n  xy: 1185, 255\r\n  size: 111, 28\r\n  orig: 111, 28\r\n  offset: 0, 0\r\n  index: -1\r\ns2\r\n  rotate: true\r\n  xy: 417, 79\r\n  size: 137, 271\r\n  orig: 137, 271\r\n  offset: 0, 0\r\n  index: -1\r\ns3\r\n  rotate: true\r\n  xy: 2, 22\r\n  size: 194, 413\r\n  orig: 194, 413\r\n  offset: 0, 0\r\n  index: -1\r\ns4\r\n  rotate: false\r\n  xy: 1589, 418\r\n  size: 338, 91\r\n  orig: 338, 91\r\n  offset: 0, 0\r\n  index: -1\r\nsh\r\n  rotate: false\r\n  xy: 1185, 285\r\n  size: 402, 224\r\n  orig: 402, 224\r\n  offset: 0, 0\r\n  index: -1\r\ny\r\n  rotate: false\r\n  xy: 2, 2\r\n  size: 18, 18\r\n  orig: 18, 18\r\n  offset: 0, 0\r\n  index: -1\r\n","textures":[{"__uuid__":"3aFzPfC/JBbZHwYb2rmzQm"}],"textureNames":["sldh.png"]}