{"__type__":"cc.JsonAsset","_name":"skin","json":[{"skin_type":0,"needGold":2999,"sale":true,"isSelect":true},{"skin_type":1,"needGold":2999,"sale":false,"isSelect":false},{"skin_type":2,"needGold":2999,"sale":false,"isSelect":false},{"skin_type":3,"needGold":2999,"sale":false,"isSelect":false},{"skin_type":4,"needGold":2999,"sale":false,"isSelect":false},{"skin_type":5,"needGold":2999,"sale":false,"isSelect":false},{"skin_type":6,"needGold":2999,"sale":false,"isSelect":false},{"skin_type":7,"needGold":2999,"sale":false,"isSelect":false},{"skin_type":8,"needGold":2999,"sale":false,"isSelect":false}]}