{"__type__":"sp.SkeletonData","_name":"shengli_en","_skeletonJson":{"skeleton":{"hash":"NsWYqHAmuKLIUHe7/pdJU40VMAA","spine":"3.7.94","width":953,"height":1045.39,"images":"./images/","audio":"C:/Users/youzhi-hp15/Desktop/救救小金鱼2动画/结算/images"},"bones":[{"name":"dagu"},{"name":"chengong","parent":"dagu"},{"name":"bone2","parent":"chengong","y":316.48},{"name":"hongqi zhong","parent":"bone2","x":5.02,"y":-44.31},{"name":"huangguang 1","parent":"bone2","x":-14.85,"y":-40.46},{"name":"xx5","parent":"bone2","length":119.81,"rotation":139.43,"x":-138.12,"y":7.13},{"name":"xx4","parent":"bone2","length":151.38,"rotation":176.83,"x":-143.35,"y":-19.02},{"name":"xx1","parent":"bone2","length":120.05,"rotation":21.2,"x":105.07,"y":-10.66},{"name":"xx3","parent":"bone2","length":134.96,"rotation":1.11,"x":156.85,"y":-13.27},{"name":"xx2","parent":"bone2","length":80.31,"rotation":29.24,"x":207.58,"y":45.31},{"name":"haicao 0","parent":"bone2","length":162.43,"rotation":72.38,"x":-57.58,"y":5.03},{"name":"hailuoke 0","parent":"bone2","length":245.22,"rotation":44.05,"x":-37.71,"y":-56.16},{"name":"xingxing 0","parent":"bone2","length":116.47,"rotation":-73.03,"x":-143.35,"y":94.99},{"name":"shanbei 0","parent":"bone2","length":53.66,"rotation":100.11,"x":135.93,"y":5.03},{"name":"chenggong","parent":"bone2","x":-3.19,"y":-57.73},{"name":"woniuke 0","parent":"bone2","x":-13.91,"y":79.38},{"name":"shanghu","parent":"dagu","x":-9.55,"y":-311.84},{"name":"xiaoshanhu","parent":"shanghu","y":-70.49},{"name":"haichang 6","parent":"xiaoshanhu","length":186.05,"rotation":100,"x":131.98,"y":-44.93},{"name":"haichang 7","parent":"haichang 6","length":124.73,"rotation":1.69,"x":0.71,"y":-84.95},{"name":"xiaoyu 1","parent":"xiaoshanhu","length":120.18,"rotation":-159.92,"x":147.18,"y":146.1},{"name":"xiaoyu 2","parent":"xiaoyu 1","length":70.46,"rotation":-5.48,"x":127.14,"y":2.34},{"name":"haicao 8","parent":"xiaoshanhu","length":226.93,"rotation":82.89,"x":-19.56,"y":-42.41},{"name":"haicao 9","parent":"haicao 8","length":121.96,"rotation":52.3,"x":30.99,"y":20.03},{"name":"xingxing 4","parent":"xiaoshanhu","x":-114.11,"y":-34.39},{"name":"shaibeike 3","parent":"xiaoshanhu","length":68,"rotation":106.14,"x":-212.09,"y":37.81},{"name":"yuanjiaoxing 5","parent":"xiaoshanhu","x":76.13,"y":-41.27},{"name":"haicao 7","parent":"xiaoshanhu","length":133.01,"rotation":88.03,"x":-187.45,"y":-30.38},{"name":"haicao 11","parent":"haicao 7","length":78.53,"rotation":-33.22,"x":-4.96,"y":-22.53},{"name":"haicao 12","parent":"haicao 7","length":82.11,"rotation":74.93,"x":-22.1,"y":8.98},{"name":"lankuang","parent":"chengong","length":275.64,"rotation":-89.49,"x":-3.2,"y":257.62},{"name":"bone3","parent":"chengong","x":18.24,"y":378.69},{"name":"cd4","parent":"bone3","x":306.65,"y":33.89},{"name":"cd3","parent":"bone3","x":467.42,"y":-83.33},{"name":"cd2","parent":"bone3","x":451.58,"y":-225.89},{"name":"cd1","parent":"bone3","x":357.34,"y":-385.08},{"name":"cd12","parent":"bone3","x":-147.17,"y":-419.14},{"name":"cd10","parent":"bone3","x":-441.43,"y":-276.92},{"name":"cd9","parent":"bone3","x":-458.06,"y":-10.01},{"name":"cd8","parent":"bone3","x":-290.15,"y":112.75},{"name":"cd7","parent":"bone3","x":-345.3,"y":-111.77},{"name":"huangguang 2","parent":"bone2","x":1.15,"y":-33.14},{"name":"cd5","parent":"bone3","x":111.49,"y":-128.15},{"name":"cd6","parent":"bone3","x":-165.95,"y":-57.35},{"name":"cd11","parent":"bone3","x":297.97,"y":-194.22},{"name":"xiaoyu 3","parent":"xiaoshanhu","length":66.76,"rotation":-159.69,"x":-15.94,"y":220.09},{"name":"xiaoyu 5","parent":"xiaoyu 3","length":39.35,"rotation":-5.05,"x":70.46,"y":-1.37},{"name":"shuipao 2","parent":"xiaoyu 1","rotation":159.92,"x":0.12,"y":4.13},{"name":"shibai","parent":"dagu","x":28.13,"y":3.91},{"name":"bone-2","parent":"shibai","x":-29.84,"y":285.6},{"name":"lankuang2","parent":"shibai","length":286.25,"rotation":-89.81,"x":-28.7,"y":265.98},{"name":"xx-shibai-3","parent":"bone-2","length":130.7,"rotation":22.11,"x":33.06,"y":43.13},{"name":"xx-shibai-5","parent":"bone-2","length":142.63,"rotation":1.31,"x":89.2,"y":40.04},{"name":"xx-shibai-4","parent":"bone-2","length":84.86,"rotation":29.99,"x":118.37,"y":90.23},{"name":"xx-shibai-1","parent":"bone-2","length":167.33,"rotation":141.32,"x":2.04,"y":31.61},{"name":"xx-shibai-2","parent":"bone-2","length":164.04,"rotation":176.92,"x":-24.84,"y":33.29},{"name":"huangguang 1-shibai","parent":"bone-2","x":-4.31,"y":-49.97},{"name":"huangguang 2-shibai","parent":"bone-2","x":-1.65,"y":-7.94},{"name":"chenggong-wenzi","parent":"bone-2","x":7.81,"y":-64.7},{"name":"shuipao 3","parent":"xiaoyu 3","rotation":159.69,"x":8.89,"y":0.68},{"name":"shuipao 4","parent":"xiaoyu 1","rotation":159.92,"x":24.64,"y":5.47},{"name":"chenggong2","parent":"hongqi zhong","x":-4.89,"y":-56.25},{"name":"xx6","parent":"hongqi zhong","length":125.02,"rotation":22.38,"x":99.34,"y":33.84},{"name":"xx7","parent":"hongqi zhong","length":81.94,"rotation":29.86,"x":199.3,"y":88.92},{"name":"xx8","parent":"hongqi zhong","length":149.26,"rotation":0.39,"x":152.38,"y":32.48},{"name":"xx9","parent":"hongqi zhong","length":145.82,"rotation":142.47,"x":-125.89,"y":41.5},{"name":"xx10","parent":"hongqi zhong","length":159.54,"rotation":176.39,"x":-144.86,"y":25.33},{"name":"xingxing 1","parent":"hongqi zhong","x":-129.2,"y":83.77},{"name":"haicao 1","parent":"hongqi zhong","length":144.05,"rotation":82.69,"x":-55.56,"y":65.93},{"name":"haicao 3","parent":"haicao 1","length":98.94,"rotation":35.38,"x":-7.22,"y":10.52},{"name":"haicao 2","parent":"haicao 1","length":100.4,"rotation":-60.73,"x":-21.04,"y":-0.65},{"name":"woniuke 1","parent":"hongqi zhong","x":-18.97,"y":106.03},{"name":"hailuoke 1","parent":"hongqi zhong","length":248.06,"rotation":44.83,"x":-35.02,"y":-5.72},{"name":"shanbei 1","parent":"hongqi zhong","length":52.72,"rotation":94.16,"x":127.6,"y":43.26},{"name":"huangguang 3","parent":"hongqi zhong","x":-18.74,"y":-2.7}],"slots":[{"name":"huangguang 2","bone":"huangguang 2","attachment":"huangguang 2"},{"name":"huangguang 1","bone":"huangguang 3","attachment":"huangguang 1"},{"name":"lankuang","bone":"lankuang","attachment":"sp1"},{"name":"sp11","bone":"lankuang","attachment":"sp11"},{"name":"hailuoke 0","bone":"hailuoke 1","attachment":"hailuoke 0"},{"name":"woniuke 0","bone":"woniuke 1","attachment":"woniuke 0"},{"name":"haicao 0","bone":"haicao 3","attachment":"haicao 0"},{"name":"xingxing 0","bone":"xingxing 1","attachment":"xingxing 0"},{"name":"shanbei 0","bone":"shanbei 1","attachment":"shanbei 0"},{"name":"xx5","bone":"xx9","attachment":"xx5"},{"name":"xx4","bone":"xx10","attachment":"xx4"},{"name":"shuipao 2","bone":"shuipao 2","attachment":"shuipao 2"},{"name":"shuipao 4","bone":"shuipao 4","attachment":"shuipao 2"},{"name":"shuipao 3","bone":"shuipao 3","attachment":"shuipao 2"},{"name":"xx3","bone":"xx8","attachment":"xx3"},{"name":"xx2","bone":"xx7","attachment":"xx2"},{"name":"xx1","bone":"xx6","attachment":"xx1"},{"name":"huang guang","bone":"bone2","attachment":"huang guang"},{"name":"hongqi zhong","bone":"hongqi zhong","attachment":"hongqi zhong"},{"name":"chenggong","bone":"chenggong2","attachment":"chengong"},{"name":"cd12","bone":"cd12","attachment":"cd12"},{"name":"cd11","bone":"cd11","attachment":"cd11"},{"name":"cd10","bone":"cd10","attachment":"cd10"},{"name":"cd9","bone":"cd9","attachment":"cd9"},{"name":"cd8","bone":"cd8","attachment":"cd8"},{"name":"cd7","bone":"cd7","attachment":"cd7"},{"name":"cd6","bone":"cd6","attachment":"cd6"},{"name":"cd5","bone":"cd5","attachment":"cd5"},{"name":"cd4","bone":"cd4","attachment":"cd4"},{"name":"cd3","bone":"cd3","attachment":"cd3"},{"name":"cd2","bone":"cd2","attachment":"cd2"},{"name":"cd1","bone":"cd1","attachment":"cd1"},{"name":"yinying","bone":"xiaoshanhu","attachment":"yinying"},{"name":"haicao 8","bone":"haicao 8","attachment":"haicao 8"},{"name":"haicao 7","bone":"haicao 12","attachment":"haicao 7"},{"name":"haichang 6","bone":"haichang 6","attachment":"haichang 6"},{"name":"yuanjiaoxing 5","bone":"yuanjiaoxing 5","attachment":"yuanjiaoxing 5"},{"name":"xingxing 4","bone":"xingxing 4","attachment":"xingxing 4"},{"name":"shaibeike 3","bone":"shaibeike 3","attachment":"shaibeike 3"},{"name":"xiaoyu 2","bone":"xiaoyu 5","attachment":"xiaoyu 2"},{"name":"xiaoyu 1","bone":"xiaoyu 1","attachment":"xiaoyu 1"},{"name":"huangguang 2-shibai","bone":"huangguang 2-shibai","attachment":"huangguang 2-shibai"},{"name":"huangguang 1-shibai","bone":"huangguang 1-shibai","attachment":"huangguang 1-shibai"},{"name":"lankuang2","bone":"lankuang2","attachment":"sp1"},{"name":"xx-shibai-4","bone":"xx-shibai-4","attachment":"xx-shibai-4"},{"name":"xx-shibai-5","bone":"xx-shibai-5","attachment":"xx-shibai-5"},{"name":"xx-shibai-3","bone":"xx-shibai-3","attachment":"xx-shibai-3"},{"name":"xx-shibai-2","bone":"xx-shibai-2","attachment":"xx-shibai-2"},{"name":"xx-shibai-1","bone":"xx-shibai-1","attachment":"xx-shibai-1"},{"name":"hongqi zhong-shibai","bone":"bone-2","attachment":"hongqi zhong-shibai"},{"name":"chenggong-wenzi","bone":"chenggong-wenzi","attachment":"shibai"},{"name":"shibai","bone":"chenggong-wenzi"},{"name":"chengong","bone":"chenggong2"}],"skins":{"default":{"cd1":{"cd1":{"x":1.56,"y":0.22,"width":26,"height":47}},"cd10":{"cd10":{"x":3.32,"y":-7.44,"width":36,"height":32}},"cd11":{"cd11":{"x":-7.58,"y":4.37,"width":35,"height":33}},"cd12":{"cd12":{"x":3.56,"y":-2.72,"width":33,"height":23}},"cd2":{"cd2":{"x":0.81,"y":-0.47,"width":33,"height":36}},"cd3":{"cd3":{"x":-5.03,"y":2.47,"width":35,"height":29}},"cd4":{"cd4":{"x":-0.75,"y":-2.25,"width":36,"height":28}},"cd5":{"cd5":{"x":2.4,"y":-6.2,"width":46,"height":36}},"cd6":{"cd6":{"x":1.34,"y":2.99,"width":21,"height":34}},"cd7":{"cd7":{"x":-5.8,"y":1.41,"width":36,"height":36}},"cd8":{"cd8":{"x":2.05,"y":-4.1,"width":22,"height":46}},"cd9":{"cd9":{"x":3.45,"y":-5.34,"width":37,"height":32}},"chenggong":{"chenggong":{"x":-1.63,"y":46.91,"width":218,"height":103},"chengong":{"x":-0.27,"y":47.11,"width":336,"height":77}},"chenggong-wenzi":{"chenggong-wenzi":{"x":-8.03,"y":37.29,"width":222,"height":104},"shibai":{"x":-5.74,"y":35.74,"width":220,"height":97}},"haicao 0":{"haicao 0":{"x":46.89,"y":-49.24,"rotation":-118.07,"width":168,"height":179}},"haicao 7":{"haicao 7":{"type":"mesh","uvs":[0.42446,0,0.38996,0.06668,0.343,0.21509,0.33917,0.29334,0.33534,0.37159,0.35355,0.45839,0.37175,0.54518,0.39667,0.61983,0.42159,0.69449,0.46471,0.78353,0.435,0.77004,0.36505,0.69179,0.2855,0.65851,0.17817,0.62073,0.06509,0.60724,0,0.61983,0,0.75205,0,0.88427,0.06126,0.90496,0.18776,0.88787,0.31042,0.89326,0.39571,0.93374,0.47717,1,0.57779,1,0.68704,0.98231,0.71963,0.94903,0.72154,0.87887,0.73879,0.74306,0.80013,0.63872,0.88542,0.58116,1,0.54338,1,0.40577,0.94484,0.34281,0.86529,0.30953,0.79725,0.33381,0.72538,0.40127,0.67075,0.48582,0.62859,0.58296,0.60367,0.70708,0.59696,0.62343,0.6075,0.5155,0.61804,0.40757,0.66021,0.26096,0.69711,0.1881,0.734,0.11525,0.70334,0.0316,0.63817,0,0.53132,0,0.54922,0.12515,0.47411,0.4924,0.12962,0.73858,0.49741,0.31209,0.87291,0.42961,0.48795,0.196,0.76402,0.51983,0.59835,0.88628,0.51259,0.59635,0.28555,0.77335,0.50266,0.9205,0.41592,0.2737,0.5629,0.82091,0.46299,0.37533,0.64506,0.80723,0.5455,0.31056],"triangles":[22,58,23,23,55,24,23,58,55,22,21,58,21,9,58,21,10,9,21,20,10,58,60,55,58,9,60,19,18,50,19,57,20,20,57,10,50,18,16,19,50,57,12,50,13,50,12,57,18,17,16,57,11,10,57,12,11,16,14,50,16,15,14,50,14,13,24,55,25,25,55,26,55,62,26,55,60,62,26,62,27,62,60,38,62,38,27,38,37,27,28,37,54,28,27,37,37,36,54,28,54,29,54,52,29,29,52,30,52,31,30,36,35,54,54,35,52,35,34,52,34,33,52,52,32,31,52,33,32,60,9,38,38,56,39,56,38,8,8,38,9,8,7,56,56,7,49,7,6,49,39,56,40,56,49,40,40,49,41,61,63,41,6,5,49,63,61,51,5,61,49,41,49,61,5,4,61,59,4,3,4,59,61,41,63,42,61,59,51,63,51,53,51,59,53,63,53,42,3,2,59,59,2,53,53,48,42,42,48,43,2,1,53,53,1,48,47,1,0,1,47,48,44,43,48,44,48,45,45,48,46,48,47,46],"vertices":[1,27,131.02,20.68,1,1,27,118.89,26.06,1,1,27,92.07,33.03,1,1,27,78.05,33.19,1,1,27,64.03,33.35,1,1,27,48.61,29.76,1,1,27,33.19,26.17,1,1,27,19.98,21.52,1,2,27,6.76,16.88,0.99631,29,15.13,-25.82,0.00369,3,27,-8.92,9.09,0.44432,28,-20.64,24.28,0.00774,29,3.53,-12.7,0.54794,2,27,-6.67,14.16,0.13178,29,9.01,-13.55,0.86822,2,27,6.92,26.39,0.00198,29,24.35,-23.49,0.99802,1,29,38.87,-25.27,1,1,29,58.1,-26.45,1,1,29,76.97,-23.19,1,1,29,86.76,-17.83,1,1,29,79.82,4.8,1,1,29,72.89,27.42,1,1,29,61.96,27.95,1,1,29,42.54,18.79,1,1,29,22.55,13.68,1,2,28,-49.29,18.26,0.00846,29,6.73,16.4,0.99154,2,28,-51.09,0.24,0.12924,29,-9.83,23.73,0.87076,2,28,-41.35,-13.57,0.34414,29,-25.99,18.78,0.65586,2,28,-28.18,-26.75,0.58091,29,-42.61,10.37,0.41909,2,28,-20.16,-27.79,0.63709,29,-46.1,3.07,0.36291,2,28,-9.71,-20.81,0.76512,29,-42.73,-9.03,0.23488,1,28,11.82,-9.17,1,1,28,33.02,-6.82,1,1,28,49.7,-12.59,1,1,28,66.33,-24.42,1,1,28,86.45,-10.23,1,1,28,90.32,3.84,1,1,28,87.49,18.2,1,1,28,77.35,25.03,1,1,28,60.52,27.94,1,1,28,42.86,26.72,1,2,27,27.92,-17.19,0.00439,28,24.57,22.48,0.99561,2,27,5.57,-13.77,0.45404,28,4,13.1,0.54596,2,27,20.49,-12.13,0.97826,28,15.59,22.65,0.02174,1,27,39.86,-13.23,1,1,27,59.23,-14.33,1,1,27,85.7,-20.51,1,1,27,98.95,-26.25,1,1,27,112.2,-32,1,1,27,126.98,-26.33,1,1,27,132.26,-15.2,1,1,27,131.64,2.74,1,1,27,109.35,-1.04,1,1,27,43.22,9.31,1,1,29,59.71,-3.89,1,1,27,75.61,6.51,1,1,28,70.66,4.76,1,1,27,96.33,8.81,1,1,28,46.92,10.4,1,3,27,-26.52,-13.98,0.03892,28,-22.72,-4.66,0.49345,29,-23.33,-1.7,0.46764,1,27,24.85,2.21,1,1,29,32.84,-5.62,1,3,27,-33.2,1.87,0.00494,28,-37,4.94,0.13878,29,-9.75,8.87,0.85628,1,27,82.01,20.43,1,3,27,-15.03,-7.63,0.26008,28,-16.6,6.95,0.3781,29,-14.2,-11.14,0.36182,1,27,64.1,11.9,1,3,27,-12.11,-21.34,0.03054,28,-6.64,-2.92,0.86667,29,-26.68,-17.53,0.1028,1,27,76.16,-1.55,1],"hull":48,"edges":[0,2,2,4,4,6,6,8,8,10,10,12,12,14,14,16,16,18,18,20,20,22,22,24,24,26,26,28,28,30,30,32,32,34,34,36,36,38,38,40,40,42,42,44,44,46,46,48,48,50,50,52,52,54,54,56,56,58,58,60,60,62,62,64,64,66,66,68,68,70,70,72,72,74,74,76,76,78,78,80,80,82,82,84,84,86,86,88,88,90,90,92,92,94,94,0],"width":168,"height":179}},"haicao 8":{"haicao 8":{"type":"mesh","uvs":[0.61204,0,0.52904,0.02916,0.44604,0.05831,0.38112,0.10612,0.37462,0.19541,0.47386,0.30455,0.53043,0.43804,0.5462,0.58055,0.51281,0.71945,0.44325,0.71223,0.36535,0.6031,0.34124,0.45788,0.30507,0.40827,0.14184,0.41819,0.04075,0.45608,0,0.50659,0,0.58055,0.04725,0.69239,0.10567,0.81055,0.22809,0.86196,0.34216,0.87368,0.43212,0.85204,0.33382,0.91427,0.30136,0.97741,0.32176,1,0.46087,1,0.59999,1,0.72333,1,0.73539,0.91878,0.85132,0.88631,0.92922,0.82317,1,0.73749,1,0.59317,0.90696,0.59498,0.78454,0.56612,0.81886,0.4687,0.85317,0.37129,0.84204,0.24818,0.83091,0.12506,0.77805,0,0.69505,0,0.67876,0.32483,0.75218,0.72732,0.15754,0.57955,0.59924,0.14401,0.24135,0.73327,0.62177,0.76458,0.56077,0.87596,0.87069,0.72255,0.64779,0.64338,0.66797,0.50341,0.70219,0.22274,0.55987,0.2716,0.3342,0.75183,0.28781,0.62533,0.70309,0.08213,0.48053,0.15841],"triangles":[43,13,12,43,12,11,14,13,43,15,14,43,16,15,43,54,43,11,10,54,11,17,16,43,45,43,54,17,43,45,53,54,10,53,10,9,45,54,53,18,17,45,21,53,9,21,9,8,19,18,45,19,45,53,20,19,53,21,20,53,24,23,22,22,21,25,55,40,39,55,39,38,44,1,0,56,2,1,56,1,44,3,2,56,4,3,56,55,0,40,51,55,38,51,38,37,52,56,44,55,44,0,51,44,55,5,4,56,5,56,52,51,52,44,41,52,51,6,5,52,6,52,41,41,37,36,37,41,51,35,41,36,50,6,41,50,41,35,34,50,35,7,6,50,49,7,50,49,50,34,8,7,49,48,34,33,42,49,34,48,42,34,33,32,31,48,33,31,46,8,49,46,49,42,30,48,31,47,8,46,21,8,47,29,42,48,29,48,30,28,46,42,28,42,29,47,46,28,25,21,47,24,22,25,26,47,28,25,47,26,27,26,28],"vertices":[1,22,241.99,12.6,1,1,22,232.06,32.11,1,1,22,222.14,51.62,1,1,22,208.05,66.09,1,1,22,185.26,64.87,1,1,22,160.68,37,1,1,22,128.64,18.87,1,1,22,93.06,10.49,1,2,22,56.89,14.33,0.71831,23,11.32,-23.98,0.28169,2,22,56.58,31.67,0.0674,23,24.86,-13.13,0.9326,1,23,58.18,-19.26,1,1,23,88.52,-41.31,1,1,23,103.8,-43.97,1,1,23,130.73,-13.64,1,1,23,141.71,10.88,1,1,23,139.8,27.14,1,1,23,126.51,40.52,1,1,23,98.1,52.49,1,1,23,66.59,63.66,1,1,23,35.81,51.56,1,1,23,13.63,33.75,1,2,22,20.87,30,0.11618,23,1.69,14.11,0.88382,2,22,2.1,52.23,0.40898,23,7.8,42.55,0.59102,2,22,-14.87,58.23,0.42507,23,2.17,59.64,0.57493,2,22,-19.96,52.49,0.42989,23,-5.48,60.17,0.57011,2,22,-15.69,18.26,0.72771,23,-29.96,35.85,0.27229,1,22,-11.42,-15.98,1,1,22,-7.64,-46.33,1,1,22,13.28,-46.74,1,1,22,25.06,-74.24,1,1,22,43.42,-91.42,1,1,22,67.28,-106.14,1,1,22,103.79,-101.58,1,1,22,100.48,-78.75,1,1,22,104.03,-47.71,1,1,22,129.73,-53.08,1,1,22,155.43,-58.45,1,1,22,186.25,-51.83,1,1,22,217.06,-45.2,1,1,22,247.08,-28.25,1,1,22,244.53,-7.82,1,1,22,161.84,-14.06,1,1,22,62.25,-44.83,1,1,23,98.97,12.81,1,1,22,205.15,11.21,1,1,23,56.6,25.97,1,1,22,48.82,-13.91,1,1,22,18.76,-2.41,1,1,22,67.09,-73.84,1,1,22,80.28,-16.49,1,1,22,116.32,-17.04,1,1,22,188.39,-16.61,1,1,22,171.66,16.87,1,1,23,36.93,13.09,1,1,23,67.83,-1.68,1,1,22,224,-12.39,1,1,22,197.87,39.97,1],"hull":41,"edges":[0,2,2,4,4,6,6,8,8,10,10,12,12,14,14,16,16,18,18,20,20,22,22,24,24,26,26,28,28,30,30,32,32,34,34,36,36,38,38,40,40,42,42,44,44,46,46,48,48,50,50,52,52,54,54,56,56,58,58,60,60,62,62,64,64,66,66,68,68,70,70,72,72,74,74,76,76,78,78,80,80,0],"width":248,"height":255}},"haichang 6":{"haichang 6":{"type":"mesh","uvs":[0.23146,0,0.30713,0.14305,0.34932,0.31676,0.39088,0.44792,0.43244,0.57907,0.46097,0.66068,0.50316,0.6257,0.52052,0.51845,0.4647,0.39021,0.41259,0.28412,0.46345,0.23982,0.54162,0.22,0.70042,0.20717,0.81456,0.27945,0.92745,0.37389,1,0.49047,1,0.65718,1,0.81923,0.89832,0.91833,0.77798,0.97545,0.69485,1,0.5804,1,0.46595,1,0.35151,1,0.23706,1,0.10183,0.95796,0,0.82623,0.00563,0.62804,0.01126,0.42985,0,0.21533,0,0.10767,0,0,0.11573,0,0.78173,0.69211,0.18427,0.38575,0.71902,0.39664,0.61436,0.82581,0.20848,0.53763,0.40085,0.8487,0.23007,0.75503,0.82486,0.52149,0.19776,0.17716,0.66068,0.59667,0.35385,0.63815,0.7534,0.88226,0.15959,0.67695,0.5683,0.32872,0.2643,0.91227,0.09853,0.30176],"triangles":[46,11,12,10,11,46,8,10,46,9,10,8,35,12,13,35,13,14,46,12,35,7,8,46,7,46,35,40,35,14,40,14,15,42,7,35,42,35,40,6,7,42,40,15,16,33,42,40,33,40,16,33,16,17,36,6,42,36,42,33,5,6,36,44,36,33,18,44,33,17,18,33,19,44,18,21,22,36,20,21,36,44,20,36,19,20,44,30,31,32,41,32,0,41,0,1,30,32,41,29,30,41,48,29,41,41,1,2,34,48,41,2,34,41,28,29,48,28,48,34,34,2,3,37,34,3,28,34,37,43,37,3,27,28,37,4,43,3,43,4,5,45,27,37,45,37,43,39,45,43,26,27,45,26,45,39,38,43,5,38,5,36,39,43,38,47,39,38,25,26,39,47,25,39,24,25,47,23,47,38,24,47,23,22,38,36,23,38,22],"vertices":[1,18,186.2,-22.04,1,1,18,155.71,-31.04,1,1,18,120.3,-32.81,1,2,18,93.24,-35.93,0.99195,19,93.94,46.26,0.00805,2,18,66.19,-39.05,0.89509,19,66.81,43.94,0.10491,2,18,49.27,-41.49,0.57602,19,49.83,42.01,0.42398,2,18,54.76,-50.47,0.23662,19,55.04,32.87,0.76338,2,18,75.21,-57.37,0.02245,19,75.29,25.37,0.97755,1,19,102.39,30.42,1,1,19,125.04,35.68,1,1,19,131.75,24.58,1,1,19,132.65,9.47,1,1,19,129.13,-20.13,1,1,19,110.72,-38.11,1,1,19,88.04,-54.98,1,1,19,62.57,-63.56,1,1,19,30.09,-56.84,1,1,19,-1.49,-50.31,1,1,19,-16.95,-27.69,1,2,18,-22.71,-89,0.01357,19,-23.53,-3.35,0.98643,2,18,-24.82,-72.84,0.08386,19,-25.16,12.86,0.91614,2,18,-21.1,-51.76,0.30633,19,-20.82,33.82,0.69367,2,18,-17.39,-30.69,0.63632,19,-16.49,54.77,0.36368,2,18,-13.67,-9.61,0.92089,19,-12.15,75.73,0.07911,1,18,-9.96,11.47,1,1,18,2.67,34.92,1,1,18,31.79,49.12,1,1,18,70.45,41.24,1,1,18,109.11,33.36,1,1,18,151.51,28.02,1,1,18,172.61,24.3,1,1,18,193.71,20.58,1,1,18,189.96,-0.73,1,1,19,31.55,-15.46,1,1,18,112.13,-0.03,1,1,19,91.5,-15.89,1,2,18,11.93,-64.03,0.16442,19,11.84,20.58,0.83558,1,18,81.58,0.76,1,2,18,14.38,-23.92,0.78998,19,15.46,60.6,0.21002,1,18,38.28,4.29,1,1,19,63.16,-30.24,1,1,18,152.57,-9.72,1,2,18,55.33,-80.48,0.00502,19,54.73,2.85,0.99498,2,18,57.17,-22.54,0.90946,19,58.28,60.71,0.09054,2,18,-3.64,-87.69,0.00189,19,-4.43,-2.61,0.99811,1,18,55.86,14.58,1,1,19,110.45,8.97,1,1,18,6.35,3.42,1,1,18,131.38,12.86,1],"hull":33,"edges":[0,2,2,4,4,6,6,8,8,10,10,12,12,14,14,16,16,18,18,20,20,22,22,24,24,26,26,28,28,30,30,32,32,34,34,36,36,38,38,40,40,42,42,44,44,46,46,48,48,50,50,52,52,54,54,56,56,58,58,60,60,62,62,64,64,0],"width":187,"height":199}},"hailuoke 0":{"hailuoke 0":{"x":136.06,"y":-8.5,"rotation":-44.83,"width":266,"height":246}},"hongqi zhong":{"hongqi zhong":{"x":-2.53,"y":-25.34,"width":670,"height":147}},"hongqi zhong-shibai":{"hongqi zhong-shibai":{"x":3.79,"y":-49.91,"width":682,"height":161}},"huang guang":{"huang guang":{"x":-1.51,"y":-7.15,"width":446,"height":138}},"huangguang 1":{"huangguang 1":{"x":-0.79,"y":98.86,"width":600,"height":346}},"huangguang 1-shibai":{"huangguang 1-shibai":{"x":2.1,"y":96.57,"width":600,"height":346}},"huangguang 2":{"huangguang 2":{"x":4.34,"y":-10.51,"width":744,"height":571}},"huangguang 2-shibai":{"huangguang 2-shibai":{"x":1.44,"y":-8.97,"width":744,"height":571}},"lankuang":{"sp1":{"x":133.73,"y":-1,"rotation":89.49,"width":428,"height":302}},"lankuang2":{"sp1":{"x":132.12,"y":1.79,"rotation":89.81,"width":428,"height":302}},"shaibeike 3":{"shaibeike 3":{"x":28.83,"y":-2.8,"rotation":-106.14,"width":77,"height":62}},"shanbei 0":{"shanbei 0":{"x":25.1,"y":1.81,"scaleX":1.003,"scaleY":1.003,"rotation":-94.16,"width":85,"height":70}},"shuipao 2":{"shuipao 2":{"x":3.08,"y":-0.72,"width":43,"height":42}},"shuipao 3":{"shuipao 2":{"x":3.08,"y":-0.72,"width":43,"height":42}},"shuipao 4":{"shuipao 2":{"x":3.08,"y":-0.72,"width":43,"height":42}},"sp11":{"sp11":{"x":70.23,"y":105.71,"rotation":89.49,"width":20,"height":18}},"woniuke 0":{"woniuke 0":{"x":-5.05,"y":14.13,"width":111,"height":108}},"xiaoyu 1":{"xiaoyu 1":{"type":"mesh","uvs":[0.90748,0,1,0.11756,1,0.38195,0.86212,0.53057,0.74198,0.58689,0.62184,0.64321,0.44039,0.62756,0.40239,0.61974,0.32086,0.73081,0.23934,0.84189,0.1241,1,0.0579,1,0.08242,0.82624,0.09958,0.66667,0.11674,0.5071,0,0.34597,0,0.25054,0.2234,0.28965,0.32638,0.32094,0.40362,0.18171,0.49311,0.05342,0.57157,0,0.73953,0,0.56394,0.45589,0.23348,0.62324,0.77492,0.24188,0.52188,0.20876,0.7243,0.41017,0.34728,0.52567,0.62021,0.10081,0.88425,0.14866,0.46769,0.33173,0.24948,0.45332,0.8148,0.33513,0.64147,0.29771],"triangles":[15,16,17,32,17,18,14,15,17,32,14,17,28,18,31,32,18,28,6,7,28,24,14,32,24,32,28,24,28,7,23,6,28,13,14,24,8,24,7,9,24,8,13,24,9,12,13,9,10,12,9,11,12,10,29,21,22,20,21,29,30,22,0,30,0,1,26,20,29,19,20,26,25,22,30,29,22,25,34,26,29,25,34,29,31,19,26,31,26,34,18,19,31,33,25,30,30,1,2,33,30,2,33,27,34,33,34,25,23,31,34,23,34,27,28,31,23,3,33,2,27,33,3,4,27,3,23,27,4,5,6,23,4,5,23],"vertices":[1,20,4.99,-33.95,1,1,20,-6.51,-9.34,1,1,20,8.29,31.13,1,1,20,43.54,44.04,1,2,20,70.16,44.09,0.99381,21,-60.7,36.12,0.00619,2,20,96.78,44.13,0.90654,21,-34.2,38.7,0.09346,2,20,131.36,28.78,0.23911,21,1.67,26.72,0.76089,2,20,138.34,24.87,0.06522,21,9,23.5,0.93478,1,21,29.98,36.74,1,1,21,50.95,49.99,1,1,21,80.64,68.88,1,1,21,93.97,65.41,1,1,21,81.89,39.29,1,1,21,71.88,15.02,1,1,21,61.87,-9.25,1,1,21,78.75,-40.79,1,1,21,74.83,-55.84,1,2,20,154.84,-38.45,0.03292,21,31.47,-37.96,0.96708,2,20,136.47,-26.3,0.37622,21,12.02,-27.62,0.62378,2,20,113.59,-42.11,0.96482,21,-9.24,-45.53,0.03518,1,20,88.93,-55.35,1,1,20,70.61,-57.93,1,1,20,37.8,-45.94,1,2,20,97.61,11.32,0.96938,21,-30.25,6.12,0.03062,1,21,43.14,15.19,1,1,20,44.42,-6.38,1,1,20,92,-29.52,1,1,20,63.73,15.77,1,1,21,16.23,5.77,1,1,20,66.75,-39.02,1,1,20,17.85,-12.85,1,2,20,109.47,-14.56,0.98989,21,-15.98,-18.51,0.01011,2,20,158.9,-11.53,0.011,21,32.94,-10.77,0.989,1,20,41.85,10.74,1,1,20,73.62,-7.36,1],"hull":23,"edges":[0,2,2,4,4,6,6,8,8,10,10,12,12,14,14,16,16,18,18,20,20,22,22,24,24,26,26,28,28,30,30,32,32,34,34,36,36,38,38,40,40,42,42,44,44,0],"width":208,"height":163}},"xiaoyu 2":{"xiaoyu 2":{"type":"mesh","uvs":[1,0.37544,0.91509,0.32431,0.82518,0.17239,0.6826,0.06576,0.60296,0.00002,0.42571,0.00001,0.24845,0,0.1945,0.18116,0.15854,0.45724,0.15597,0.56242,0,0.55073,0,0.74794,0.05706,0.8721,0.14441,0.94807,0.22404,0.87649,0.29341,0.95099,0.35763,1,0.52847,0.99919,0.69288,0.91885,0.79243,0.77131,0.89197,0.62377,0.93564,0.55658,1,0.52736,0.68959,0.41729,0.41774,0.24034,0.50326,0.79345,0.35647,0.55838,0.62866,0.643,0.47334,0.41745,0.58825,0.18769,0.2275,0.76582],"triangles":[8,7,24,26,8,28,9,8,26,11,10,9,30,9,26,11,9,30,30,26,25,12,11,30,14,12,30,15,14,30,13,12,14,25,15,30,29,5,4,29,4,3,24,6,5,24,5,29,7,6,24,2,29,3,23,2,1,23,29,2,28,24,29,28,29,23,8,24,28,21,1,0,22,21,0,23,1,21,20,23,21,27,28,23,27,23,20,26,28,27,19,27,20,25,26,27,18,27,19,25,27,18,17,25,18,16,15,25,17,16,25],"vertices":[2,45,-7.7,-3.43,0.99999,46,-77.67,-8.94,0.00001,2,45,-0.27,-11.74,0.99669,46,-69.54,-16.56,0.00331,2,45,4.13,-29.89,0.96336,46,-63.55,-34.26,0.03664,2,45,15.87,-45.84,0.87642,46,-50.46,-49.1,0.12358,2,45,22.21,-55.33,0.81786,46,-43.31,-58,0.18214,2,45,41.49,-62.47,0.67914,46,-23.48,-63.41,0.32086,2,45,60.77,-69.61,0.56751,46,-3.64,-68.82,0.43249,2,45,73.06,-54.45,0.47472,46,7.26,-52.64,0.52528,2,45,86.74,-29.49,0.15091,46,18.7,-26.57,0.84909,2,45,90.75,-19.53,0.02414,46,21.81,-16.3,0.97586,1,46,38.95,-22.21,1,1,46,44.24,-2.81,1,1,46,41.19,11.15,1,2,45,105.66,16.9,0.00993,46,33.45,21.3,0.99007,2,45,94.46,13.26,0.1188,46,22.62,16.68,0.8812,2,45,89.55,23.18,0.42801,46,16.85,26.13,0.57199,2,45,84.3,30.45,0.59965,46,10.98,32.91,0.40035,2,45,65.68,37.25,0.8989,46,-8.16,38.05,0.1011,2,45,44.95,36.18,0.99856,46,-28.72,35.16,0.00144,1,45,28.9,26.08,1,1,45,12.85,15.97,1,1,45,5.72,11.3,1,1,45,-2.32,11.1,1,2,45,27.55,-11.93,0.98092,46,-41.81,-14.3,0.01908,2,45,50.86,-39.8,0.65417,46,-16.13,-40.01,0.34583,2,45,61.14,16.55,0.94894,46,-10.86,17.03,0.05106,2,45,68.79,-11.84,0.33671,46,-0.74,-10.58,0.66329,1,45,42.17,7.21,1,2,45,51.09,-20.62,0.77927,46,-17.6,-20.88,0.22073,2,45,30.45,-37.97,0.84625,46,-36.63,-39.98,0.15375,2,45,90.16,2.81,0.03469,46,19.26,5.9,0.96531],"hull":23,"edges":[0,2,2,4,4,6,6,8,8,10,10,12,12,14,14,16,16,18,18,20,20,22,22,24,24,26,26,28,28,30,30,32,32,34,34,36,36,38,38,40,40,42,42,44,44,0],"width":116,"height":102}},"xingxing 0":{"xingxing 0":{"x":-3.32,"y":-4.11,"width":118,"height":123}},"xingxing 4":{"xingxing 4":{"x":-0.31,"y":2.67,"width":99,"height":104}},"xx-shibai-1":{"xx-shibai-1":{"x":83.82,"y":0.52,"rotation":-141.32,"width":135,"height":106}},"xx-shibai-2":{"xx-shibai-2":{"x":82.23,"y":-4.39,"rotation":-176.92,"width":167,"height":35}},"xx-shibai-3":{"xx-shibai-3":{"x":68.84,"y":5.46,"rotation":-22.11,"width":122,"height":67}},"xx-shibai-4":{"xx-shibai-4":{"x":42.42,"y":3.65,"rotation":-29.99,"width":87,"height":56}},"xx-shibai-5":{"xx-shibai-5":{"x":72.12,"y":0.9,"rotation":-1.31,"width":147,"height":28}},"xx1":{"xx1":{"x":67.07,"y":6.26,"rotation":-22.38,"width":121,"height":66}},"xx2":{"xx2":{"x":42.83,"y":3.94,"rotation":-29.86,"width":82,"height":55}},"xx3":{"xx3":{"x":73.1,"y":0.19,"rotation":-0.39,"width":146,"height":28}},"xx4":{"xx4":{"x":80.47,"y":-2.27,"rotation":-176.39,"width":167,"height":35}},"xx5":{"xx5":{"x":81.42,"y":-0.71,"rotation":-142.47,"width":135,"height":105}},"yinying":{"yinying":{"x":-3.92,"y":-72.73,"width":516,"height":64}},"yuanjiaoxing 5":{"yuanjiaoxing 5":{"x":1.46,"y":1.04,"width":123,"height":121}}}},"animations":{"chenggong-kaishi":{"slots":{"chenggong-wenzi":{"attachment":[{"time":0,"name":null}]},"hongqi zhong-shibai":{"attachment":[{"time":0,"name":null}]},"huangguang 1-shibai":{"attachment":[{"time":0,"name":null}]},"huangguang 2-shibai":{"attachment":[{"time":0,"name":null}]},"lankuang":{"color":[{"time":0.4,"color":"ffffff00"},{"time":0.8333,"color":"ffffffff"}]},"lankuang2":{"color":[{"time":0.4,"color":"ffffff00"},{"time":0.8333,"color":"ffffffff"}],"attachment":[{"time":0,"name":null}]},"shuipao 2":{"attachment":[{"time":0,"name":null}]},"shuipao 3":{"attachment":[{"time":0,"name":null}]},"shuipao 4":{"attachment":[{"time":0,"name":null}]},"xx-shibai-1":{"attachment":[{"time":0,"name":null}]},"xx-shibai-2":{"attachment":[{"time":0,"name":null}]},"xx-shibai-3":{"attachment":[{"time":0,"name":null}]},"xx-shibai-4":{"attachment":[{"time":0,"name":null}]},"xx-shibai-5":{"attachment":[{"time":0,"name":null}]}},"bones":{"bone3":{"scale":[{"time":0,"x":0,"y":0}]},"bone2":{"scale":[{"time":0,"x":0,"y":0},{"time":0.4667,"x":1.2,"y":1.2},{"time":0.7,"x":1,"y":1}]},"lankuang":{"scale":[{"time":0,"x":0,"y":1,"curve":"stepped"},{"time":0.4,"x":0,"y":1},{"time":0.8333,"x":1,"y":1}]},"xiaoshanhu":{"scale":[{"time":0,"x":0,"y":0},{"time":0.5,"x":1.2,"y":1.2},{"time":0.6667,"x":1,"y":1}]}}},"chenggong-xunhuan":{"slots":{"cd1":{"color":[{"time":0.7667,"color":"ffffffff"},{"time":1.0667,"color":"ffffff00"}]},"cd2":{"color":[{"time":0.7667,"color":"ffffffff"},{"time":1.0667,"color":"ffffff00"}]},"cd3":{"color":[{"time":0.7667,"color":"ffffffff"},{"time":1.0667,"color":"ffffff00"}]},"cd4":{"color":[{"time":0.7667,"color":"ffffffff"},{"time":1.0667,"color":"ffffff00"}]},"cd5":{"color":[{"time":0.7667,"color":"ffffffff"},{"time":1.0667,"color":"ffffff00"}]},"cd6":{"color":[{"time":0.7667,"color":"ffffffff"},{"time":1.0667,"color":"ffffff00"}]},"cd7":{"color":[{"time":0.7667,"color":"ffffffff"},{"time":1.0667,"color":"ffffff00"}]},"cd8":{"color":[{"time":0.7667,"color":"ffffffff"},{"time":1.0667,"color":"ffffff00"}]},"cd9":{"color":[{"time":0.7667,"color":"ffffffff"},{"time":1.0667,"color":"ffffff00"}]},"cd10":{"color":[{"time":0.7667,"color":"ffffffff"},{"time":1.0667,"color":"ffffff00"}]},"cd11":{"color":[{"time":0.7667,"color":"ffffffff"},{"time":1.0667,"color":"ffffff00"}]},"cd12":{"color":[{"time":0.7667,"color":"ffffffff"},{"time":1.0667,"color":"ffffff00"}]},"chenggong-wenzi":{"attachment":[{"time":0,"name":null}]},"hongqi zhong-shibai":{"attachment":[{"time":0,"name":null}]},"huangguang 1-shibai":{"attachment":[{"time":0,"name":null}]},"huangguang 2-shibai":{"attachment":[{"time":0,"name":null}]},"lankuang2":{"attachment":[{"time":0,"name":null}]},"shuipao 2":{"color":[{"time":0,"color":"ffffff00"},{"time":0.1667,"color":"ffffffff","curve":"stepped"},{"time":1.3333,"color":"ffffffff"},{"time":1.6667,"color":"ffffff00"}]},"shuipao 3":{"color":[{"time":0,"color":"ffffff00","curve":"stepped"},{"time":1,"color":"ffffff00"},{"time":1.1667,"color":"ffffffff","curve":"stepped"},{"time":2.3333,"color":"ffffffff"},{"time":2.6667,"color":"ffffff00"}]},"shuipao 4":{"color":[{"time":0,"color":"ffffff00","curve":"stepped"},{"time":0.5333,"color":"ffffff00"},{"time":0.7,"color":"ffffffff","curve":"stepped"},{"time":1.8667,"color":"ffffffff"},{"time":2.2,"color":"ffffff00"}]},"xx-shibai-1":{"attachment":[{"time":0,"name":null}]},"xx-shibai-2":{"attachment":[{"time":0,"name":null}]},"xx-shibai-3":{"attachment":[{"time":0,"name":null}]},"xx-shibai-4":{"attachment":[{"time":0,"name":null}]},"xx-shibai-5":{"attachment":[{"time":0,"name":null}]}},"bones":{"bone3":{"translate":[{"time":0,"x":0,"y":0},{"time":0.3333,"x":4.3,"y":245.04},{"time":1,"x":0.88,"y":-763.82}],"scale":[{"time":0,"x":0,"y":0},{"time":0.3333,"x":1,"y":1},{"time":1,"x":1.2,"y":1.2}]},"shuipao 2":{"translate":[{"time":0,"x":0,"y":0},{"time":0.6667,"x":-79.03,"y":-59.28},{"time":1.6667,"x":-120.67,"y":-136.57}],"scale":[{"time":0,"x":0.5,"y":0.5},{"time":1.6667,"x":1,"y":1}]},"shuipao 3":{"translate":[{"time":1,"x":0,"y":0},{"time":1.6667,"x":-53.53,"y":-20.96},{"time":2.6667,"x":-63.96,"y":-142.55}],"scale":[{"time":1,"x":0.5,"y":0.5},{"time":2.6667,"x":1.3,"y":1.3}]},"shuipao 4":{"translate":[{"time":0.5333,"x":0,"y":0},{"time":1.2,"x":-69.13,"y":-48.38},{"time":2.2,"x":-69.64,"y":-109.2}],"scale":[{"time":0.5333,"x":0.2,"y":0.2},{"time":2.2,"x":0.6,"y":0.6}]},"haicao 11":{"rotate":[{"time":0,"angle":0},{"time":0.6667,"angle":-9.73},{"time":1.3333,"angle":0},{"time":2,"angle":-9.73},{"time":2.6667,"angle":0}]},"xiaoyu 2":{"rotate":[{"time":0,"angle":0},{"time":0.7667,"angle":-15.75},{"time":1.7333,"angle":24.77},{"time":2.6667,"angle":0}]},"xiaoyu 5":{"rotate":[{"time":0,"angle":0},{"time":0.8333,"angle":17.38},{"time":1.8,"angle":-11.48},{"time":2.6667,"angle":0}]},"xiaoyu 1":{"translate":[{"time":0,"x":0,"y":0},{"time":1.3667,"x":-0.45,"y":26.49},{"time":2.6667,"x":0,"y":0}]},"haicao 9":{"rotate":[{"time":0,"angle":0},{"time":0.6667,"angle":10.66},{"time":1.3333,"angle":0},{"time":2,"angle":10.66},{"time":2.6667,"angle":0}]},"yuanjiaoxing 5":{"rotate":[{"time":0,"angle":0},{"time":1.3333,"angle":180},{"time":2.6667,"angle":0}]},"xingxing 4":{"rotate":[{"time":0,"angle":0},{"time":1.3333,"angle":21.48},{"time":2.6667,"angle":0}]},"haichang 7":{"rotate":[{"time":0,"angle":0},{"time":0.6667,"angle":-17.47},{"time":1.3333,"angle":0},{"time":2,"angle":-17.47},{"time":2.6667,"angle":0}]},"haicao 12":{"rotate":[{"time":0,"angle":0},{"time":0.6667,"angle":15.75},{"time":1.3333,"angle":0},{"time":2,"angle":15.75},{"time":2.6667,"angle":0}]},"xiaoyu 3":{"translate":[{"time":0,"x":0,"y":0},{"time":1.3333,"x":8.37,"y":-29.62},{"time":2.6667,"x":0,"y":0}]},"shaibeike 3":{"rotate":[{"time":0,"angle":0},{"time":1.3333,"angle":37.56},{"time":2.6667,"angle":0}]},"xx6":{"scale":[{"time":0,"x":1,"y":1},{"time":0.6667,"x":0.8,"y":0.8},{"time":1.3333,"x":1,"y":1},{"time":2,"x":0.8,"y":0.8},{"time":2.6667,"x":1,"y":1}]},"xx8":{"scale":[{"time":0,"x":1,"y":1},{"time":0.6667,"x":1.1,"y":1.1},{"time":1.3333,"x":1,"y":1},{"time":2,"x":1.1,"y":1.1},{"time":2.6667,"x":1,"y":1}]},"xx7":{"scale":[{"time":0,"x":1,"y":1},{"time":0.6667,"x":1.1,"y":1.15},{"time":1.3333,"x":1,"y":1},{"time":2,"x":1.1,"y":1.15},{"time":2.6667,"x":1,"y":1}]},"xx9":{"scale":[{"time":0,"x":1,"y":1},{"time":0.6667,"x":1.2,"y":1.2},{"time":1.3333,"x":1,"y":1},{"time":2,"x":1.2,"y":1.2},{"time":2.6667,"x":1,"y":1}]},"xx10":{"scale":[{"time":0,"x":1,"y":1},{"time":0.6667,"x":0.8,"y":0.8},{"time":1.3333,"x":1,"y":1},{"time":2,"x":0.8,"y":0.8},{"time":2.6667,"x":1,"y":1}]},"xingxing 1":{"rotate":[{"time":0,"angle":0},{"time":0.8667,"angle":-20.83},{"time":1.8333,"angle":16.76},{"time":2.6667,"angle":0}]},"hailuoke 1":{"rotate":[{"time":0,"angle":0},{"time":0.6667,"angle":-6.77},{"time":1.3333,"angle":0},{"time":2,"angle":4.44},{"time":2.6667,"angle":0}]},"woniuke 1":{"scale":[{"time":0,"x":1,"y":1},{"time":1.3333,"x":1.242,"y":1.242},{"time":2.6667,"x":1,"y":1}]},"haicao 3":{"rotate":[{"time":0,"angle":0},{"time":1.3333,"angle":11.66},{"time":2.6667,"angle":0}]},"huangguang 3":{"rotate":[{"time":0,"angle":0},{"time":0.6667,"angle":16.22},{"time":1.3333,"angle":0},{"time":2,"angle":-14.37},{"time":2.6667,"angle":0}]},"huangguang 2":{"scale":[{"time":0,"x":1,"y":1},{"time":1.3333,"x":1.2,"y":1.2},{"time":2.6667,"x":1,"y":1}]},"chenggong2":{"rotate":[{"time":0,"angle":0},{"time":0.6667,"angle":4.9},{"time":1.3333,"angle":0},{"time":2,"angle":-3.44},{"time":2.6667,"angle":0}]}}},"shibai-kaishi":{"slots":{"cd1":{"attachment":[{"time":0,"name":null}]},"cd2":{"attachment":[{"time":0,"name":null}]},"cd3":{"attachment":[{"time":0,"name":null}]},"cd4":{"attachment":[{"time":0,"name":null}]},"cd5":{"attachment":[{"time":0,"name":null}]},"cd6":{"attachment":[{"time":0,"name":null}]},"cd7":{"attachment":[{"time":0,"name":null}]},"cd8":{"attachment":[{"time":0,"name":null}]},"cd9":{"attachment":[{"time":0,"name":null}]},"cd10":{"attachment":[{"time":0,"name":null}]},"cd11":{"attachment":[{"time":0,"name":null}]},"cd12":{"attachment":[{"time":0,"name":null}]},"chenggong":{"attachment":[{"time":0,"name":null}]},"haicao 0":{"attachment":[{"time":0,"name":null}]},"hailuoke 0":{"attachment":[{"time":0,"name":null}]},"hongqi zhong":{"attachment":[{"time":0,"name":null}]},"huang guang":{"attachment":[{"time":0,"name":null}]},"huangguang 1":{"attachment":[{"time":0,"name":null}]},"huangguang 2":{"attachment":[{"time":0,"name":null}]},"lankuang":{"attachment":[{"time":0,"name":null}]},"shanbei 0":{"attachment":[{"time":0,"name":null}]},"shuipao 2":{"attachment":[{"time":0,"name":null}]},"shuipao 3":{"attachment":[{"time":0,"name":null}]},"shuipao 4":{"attachment":[{"time":0,"name":null}]},"sp11":{"attachment":[{"time":0,"name":null}]},"woniuke 0":{"attachment":[{"time":0,"name":null}]},"xingxing 0":{"attachment":[{"time":0,"name":null}]},"xx1":{"attachment":[{"time":0,"name":null}]},"xx2":{"attachment":[{"time":0,"name":null}]},"xx3":{"attachment":[{"time":0,"name":null}]},"xx4":{"attachment":[{"time":0,"name":null}]},"xx5":{"attachment":[{"time":0,"name":null}]}},"bones":{"bone-2":{"scale":[{"time":0,"x":0,"y":0},{"time":0.4667,"x":1.2,"y":1.2},{"time":0.7,"x":1,"y":1}]},"lankuang2":{"translate":[{"time":0.8333,"x":0.06,"y":-16.7}],"scale":[{"time":0,"x":0,"y":1,"curve":"stepped"},{"time":0.4,"x":0,"y":1},{"time":0.8333,"x":1,"y":1}]},"xiaoshanhu":{"scale":[{"time":0,"x":0,"y":0},{"time":0.5,"x":1.2,"y":1.2},{"time":0.6667,"x":1,"y":1}]}}},"shibai-xunhuan":{"slots":{"cd1":{"attachment":[{"time":0,"name":null}]},"cd2":{"attachment":[{"time":0,"name":null}]},"cd3":{"attachment":[{"time":0,"name":null}]},"cd4":{"attachment":[{"time":0,"name":null}]},"cd5":{"attachment":[{"time":0,"name":null}]},"cd6":{"attachment":[{"time":0,"name":null}]},"cd7":{"attachment":[{"time":0,"name":null}]},"cd8":{"attachment":[{"time":0,"name":null}]},"cd9":{"attachment":[{"time":0,"name":null}]},"cd10":{"attachment":[{"time":0,"name":null}]},"cd11":{"attachment":[{"time":0,"name":null}]},"cd12":{"attachment":[{"time":0,"name":null}]},"chenggong":{"attachment":[{"time":0,"name":null}]},"haicao 0":{"attachment":[{"time":0,"name":null}]},"hailuoke 0":{"attachment":[{"time":0,"name":null}]},"hongqi zhong":{"attachment":[{"time":0,"name":null}]},"huang guang":{"attachment":[{"time":0,"name":null}]},"huangguang 1":{"attachment":[{"time":0,"name":null}]},"huangguang 2":{"attachment":[{"time":0,"name":null}]},"lankuang":{"attachment":[{"time":0,"name":null}]},"shanbei 0":{"attachment":[{"time":0,"name":null}]},"shuipao 2":{"color":[{"time":0,"color":"ffffff00"},{"time":0.1667,"color":"ffffffff","curve":"stepped"},{"time":1.3333,"color":"ffffffff"},{"time":1.6667,"color":"ffffff00"}]},"shuipao 3":{"color":[{"time":0,"color":"ffffff00","curve":"stepped"},{"time":1,"color":"ffffff00"},{"time":1.1667,"color":"ffffffff","curve":"stepped"},{"time":2.3333,"color":"ffffffff"},{"time":2.6667,"color":"ffffff00"}]},"shuipao 4":{"color":[{"time":0,"color":"ffffff00","curve":"stepped"},{"time":0.5333,"color":"ffffff00"},{"time":0.7,"color":"ffffffff","curve":"stepped"},{"time":1.8667,"color":"ffffffff"},{"time":2.2,"color":"ffffff00"}]},"sp11":{"attachment":[{"time":0,"name":null}]},"woniuke 0":{"attachment":[{"time":0,"name":null}]},"xingxing 0":{"attachment":[{"time":0,"name":null}]},"xx1":{"attachment":[{"time":0,"name":null}]},"xx2":{"attachment":[{"time":0,"name":null}]},"xx3":{"attachment":[{"time":0,"name":null}]},"xx4":{"attachment":[{"time":0,"name":null}]},"xx5":{"attachment":[{"time":0,"name":null}]}},"bones":{"lankuang2":{"translate":[{"time":0,"x":0.06,"y":-16.7}]},"huangguang 1-shibai":{"rotate":[{"time":0,"angle":0},{"time":0.6667,"angle":14.81},{"time":1.3333,"angle":0},{"time":2.0333,"angle":-17.88},{"time":2.6667,"angle":0}]},"xx-shibai-3":{"scale":[{"time":0,"x":1,"y":1},{"time":0.6667,"x":0.861,"y":1},{"time":1.3333,"x":1,"y":1},{"time":2,"x":0.861,"y":1},{"time":2.6667,"x":1,"y":1}]},"xx-shibai-4":{"scale":[{"time":0,"x":1,"y":1},{"time":0.6667,"x":1.2,"y":1.2},{"time":1.3333,"x":1,"y":1},{"time":2,"x":1.2,"y":1.2},{"time":2.6667,"x":1,"y":1}]},"xx-shibai-5":{"scale":[{"time":0,"x":1,"y":1},{"time":0.6667,"x":1.2,"y":1.2},{"time":1.3333,"x":1,"y":1},{"time":2,"x":1.2,"y":1.2},{"time":2.6667,"x":1,"y":1}]},"xx-shibai-1":{"scale":[{"time":0,"x":1,"y":1},{"time":0.6667,"x":1.1,"y":1},{"time":1.3333,"x":1,"y":1},{"time":2,"x":1.1,"y":1},{"time":2.6667,"x":1,"y":1}]},"xx-shibai-2":{"scale":[{"time":0,"x":1,"y":1},{"time":0.6667,"x":0.828,"y":1},{"time":1.3333,"x":1.043,"y":1},{"time":2,"x":0.828,"y":1},{"time":2.6667,"x":1,"y":1}]},"chenggong-wenzi":{"rotate":[{"time":0,"angle":0},{"time":0.6667,"angle":-4.48},{"time":1.3333,"angle":0},{"time":2,"angle":5.05},{"time":2.6667,"angle":0}]},"shuipao 2":{"translate":[{"time":0,"x":0,"y":0},{"time":0.6667,"x":-79.03,"y":-59.28},{"time":1.6667,"x":-120.67,"y":-136.57}],"scale":[{"time":0,"x":0.5,"y":0.5},{"time":1.6667,"x":1,"y":1}]},"shuipao 3":{"translate":[{"time":1,"x":0,"y":0},{"time":1.6667,"x":-53.53,"y":-20.96},{"time":2.6667,"x":-63.96,"y":-142.55}],"scale":[{"time":1,"x":0.5,"y":0.5},{"time":2.6667,"x":1.3,"y":1.3}]},"shuipao 4":{"translate":[{"time":0.5333,"x":0,"y":0},{"time":1.2,"x":-69.13,"y":-48.38},{"time":2.2,"x":-69.64,"y":-109.2}],"scale":[{"time":0.5333,"x":0.2,"y":0.2},{"time":2.2,"x":0.6,"y":0.6}]},"haicao 9":{"rotate":[{"time":0,"angle":0},{"time":0.6667,"angle":10.66},{"time":1.3333,"angle":0},{"time":2,"angle":10.66},{"time":2.6667,"angle":0}]},"yuanjiaoxing 5":{"rotate":[{"time":0,"angle":0},{"time":1.3333,"angle":180},{"time":2.6667,"angle":0}]},"xingxing 4":{"rotate":[{"time":0,"angle":0},{"time":1.3333,"angle":21.48},{"time":2.6667,"angle":0}]},"haichang 7":{"rotate":[{"time":0,"angle":0},{"time":0.6667,"angle":-17.47},{"time":1.3333,"angle":0},{"time":2,"angle":-17.47},{"time":2.6667,"angle":0}]},"haicao 12":{"rotate":[{"time":0,"angle":0},{"time":0.6667,"angle":15.75},{"time":1.3333,"angle":0},{"time":2,"angle":15.75},{"time":2.6667,"angle":0}]},"haicao 11":{"rotate":[{"time":0,"angle":0},{"time":0.6667,"angle":-9.73},{"time":1.3333,"angle":0},{"time":2,"angle":-9.73},{"time":2.6667,"angle":0}]},"xiaoyu 2":{"rotate":[{"time":0,"angle":0},{"time":0.7667,"angle":-15.75},{"time":1.7333,"angle":24.77},{"time":2.6667,"angle":0}]},"xiaoyu 5":{"rotate":[{"time":0,"angle":0},{"time":0.8333,"angle":17.38},{"time":1.8,"angle":-11.48},{"time":2.6667,"angle":0}]},"xiaoyu 1":{"translate":[{"time":0,"x":0,"y":0},{"time":1.3667,"x":-0.45,"y":26.49},{"time":2.6667,"x":0,"y":0}]},"xiaoyu 3":{"translate":[{"time":0,"x":0,"y":0},{"time":1.3333,"x":8.37,"y":-29.62},{"time":2.6667,"x":0,"y":0}]},"shaibeike 3":{"rotate":[{"time":0,"angle":0},{"time":1.3333,"angle":37.56},{"time":2.6667,"angle":0}]}}}}},"_atlasText":"\nshengli_en.png\nsize: 2048,2048\nformat: RGBA8888\nfilter: Linear,Linear\nrepeat: none\ncd1\n  rotate: false\n  xy: 1017, 1055\n  size: 26, 47\n  orig: 26, 47\n  offset: 0, 0\n  index: -1\ncd10\n  rotate: false\n  xy: 819, 729\n  size: 36, 32\n  orig: 36, 32\n  offset: 0, 0\n  index: -1\ncd11\n  rotate: false\n  xy: 857, 728\n  size: 35, 33\n  orig: 35, 33\n  offset: 0, 0\n  index: -1\ncd12\n  rotate: false\n  xy: 438, 2\n  size: 33, 23\n  orig: 33, 23\n  offset: 0, 0\n  index: -1\ncd2\n  rotate: false\n  xy: 713, 864\n  size: 33, 36\n  orig: 33, 36\n  offset: 0, 0\n  index: -1\ncd3\n  rotate: false\n  xy: 1350, 1697\n  size: 35, 29\n  orig: 35, 29\n  offset: 0, 0\n  index: -1\ncd4\n  rotate: true\n  xy: 683, 715\n  size: 36, 28\n  orig: 36, 28\n  offset: 0, 0\n  index: -1\ncd5\n  rotate: true\n  xy: 556, 296\n  size: 46, 36\n  orig: 46, 36\n  offset: 0, 0\n  index: -1\ncd6\n  rotate: false\n  xy: 1978, 1755\n  size: 21, 34\n  orig: 21, 34\n  offset: 0, 0\n  index: -1\ncd7\n  rotate: false\n  xy: 683, 632\n  size: 36, 36\n  orig: 36, 36\n  offset: 0, 0\n  index: -1\ncd8\n  rotate: false\n  xy: 2022, 2000\n  size: 22, 46\n  orig: 22, 46\n  offset: 0, 0\n  index: -1\ncd9\n  rotate: true\n  xy: 683, 593\n  size: 37, 32\n  orig: 37, 32\n  offset: 0, 0\n  index: -1\nchenggong\n  rotate: false\n  xy: 1350, 1728\n  size: 218, 103\n  orig: 218, 103\n  offset: 0, 0\n  index: -1\nchenggong-wenzi\n  rotate: true\n  xy: 911, 1028\n  size: 222, 104\n  orig: 222, 104\n  offset: 0, 0\n  index: -1\nchengong\n  rotate: true\n  xy: 604, 564\n  size: 336, 77\n  orig: 336, 77\n  offset: 0, 0\n  index: -1\nhaicao 0\n  rotate: false\n  xy: 270, 69\n  size: 168, 179\n  orig: 168, 179\n  offset: 0, 0\n  index: -1\nhaicao 7\n  rotate: false\n  xy: 748, 835\n  size: 168, 179\n  orig: 168, 179\n  offset: 0, 0\n  index: -1\nhaicao 8\n  rotate: false\n  xy: 1051, 1443\n  size: 248, 255\n  orig: 248, 255\n  offset: 0, 0\n  index: -1\nhaichang 6\n  rotate: true\n  xy: 1051, 1254\n  size: 187, 199\n  orig: 187, 199\n  offset: 0, 0\n  index: -1\nhailuoke 0\n  rotate: false\n  xy: 2, 2\n  size: 266, 246\n  orig: 266, 246\n  offset: 0, 0\n  index: -1\nhongqi zhong\n  rotate: false\n  xy: 1350, 1899\n  size: 670, 147\n  orig: 670, 147\n  offset: 0, 0\n  index: -1\nhongqi zhong-shibai\n  rotate: true\n  xy: 748, 1016\n  size: 682, 161\n  orig: 682, 161\n  offset: 0, 0\n  index: -1\nhuang guang\n  rotate: true\n  xy: 911, 1252\n  size: 446, 138\n  orig: 446, 138\n  offset: 0, 0\n  index: -1\nhuangguang 1\n  rotate: false\n  xy: 748, 1700\n  size: 600, 346\n  orig: 600, 346\n  offset: 0, 0\n  index: -1\nhuangguang 1-shibai\n  rotate: false\n  xy: 2, 554\n  size: 600, 346\n  orig: 600, 346\n  offset: 0, 0\n  index: -1\nhuangguang 2\n  rotate: false\n  xy: 2, 1475\n  size: 744, 571\n  orig: 744, 571\n  offset: 0, 0\n  index: -1\nhuangguang 2-shibai\n  rotate: false\n  xy: 2, 902\n  size: 744, 571\n  orig: 744, 571\n  offset: 0, 0\n  index: -1\nshaibeike 3\n  rotate: false\n  xy: 359, 5\n  size: 77, 62\n  orig: 77, 62\n  offset: 0, 0\n  index: -1\nshanbei 0\n  rotate: false\n  xy: 819, 763\n  size: 85, 70\n  orig: 85, 70\n  offset: 0, 0\n  index: -1\nshibai\n  rotate: false\n  xy: 1570, 1734\n  size: 220, 97\n  orig: 220, 97\n  offset: 0, 0\n  index: -1\nshuipao 2\n  rotate: true\n  xy: 683, 670\n  size: 43, 42\n  orig: 43, 42\n  offset: 0, 0\n  index: -1\nsp1\n  rotate: false\n  xy: 2, 250\n  size: 428, 302\n  orig: 428, 302\n  offset: 0, 0\n  index: -1\nsp11\n  rotate: false\n  xy: 1252, 1254\n  size: 20, 18\n  orig: 20, 18\n  offset: 0, 0\n  index: -1\nwoniuke 0\n  rotate: false\n  xy: 918, 781\n  size: 111, 108\n  orig: 111, 108\n  offset: 0, 0\n  index: -1\nxiaoyu 1\n  rotate: true\n  xy: 432, 344\n  size: 208, 163\n  orig: 208, 163\n  offset: 0, 0\n  index: -1\nxiaoyu 2\n  rotate: false\n  xy: 1860, 1687\n  size: 116, 102\n  orig: 116, 102\n  offset: 0, 0\n  index: -1\nxingxing 0\n  rotate: false\n  xy: 440, 150\n  size: 118, 123\n  orig: 118, 123\n  offset: 0, 0\n  index: -1\nxingxing 4\n  rotate: true\n  xy: 713, 734\n  size: 99, 104\n  orig: 99, 104\n  offset: 0, 0\n  index: -1\nxx-shibai-1\n  rotate: false\n  xy: 1868, 1791\n  size: 135, 106\n  orig: 135, 106\n  offset: 0, 0\n  index: -1\nxx-shibai-2\n  rotate: true\n  xy: 1252, 1274\n  size: 167, 35\n  orig: 167, 35\n  offset: 0, 0\n  index: -1\nxx-shibai-3\n  rotate: false\n  xy: 432, 275\n  size: 122, 67\n  orig: 122, 67\n  offset: 0, 0\n  index: -1\nxx-shibai-4\n  rotate: false\n  xy: 270, 11\n  size: 87, 56\n  orig: 87, 56\n  offset: 0, 0\n  index: -1\nxx-shibai-5\n  rotate: true\n  xy: 683, 753\n  size: 147, 28\n  orig: 147, 28\n  offset: 0, 0\n  index: -1\nxx1\n  rotate: true\n  xy: 1792, 1710\n  size: 121, 66\n  orig: 121, 66\n  offset: 0, 0\n  index: -1\nxx2\n  rotate: true\n  xy: 1301, 1447\n  size: 82, 55\n  orig: 82, 55\n  offset: 0, 0\n  index: -1\nxx3\n  rotate: true\n  xy: 1017, 1104\n  size: 146, 28\n  orig: 146, 28\n  offset: 0, 0\n  index: -1\nxx4\n  rotate: true\n  xy: 1301, 1531\n  size: 167, 35\n  orig: 167, 35\n  offset: 0, 0\n  index: -1\nxx5\n  rotate: true\n  xy: 918, 891\n  size: 135, 105\n  orig: 135, 105\n  offset: 0, 0\n  index: -1\nyinying\n  rotate: false\n  xy: 1350, 1833\n  size: 516, 64\n  orig: 516, 64\n  offset: 0, 0\n  index: -1\nyuanjiaoxing 5\n  rotate: false\n  xy: 440, 27\n  size: 123, 121\n  orig: 123, 121\n  offset: 0, 0\n  index: -1\n","textures":[{"__uuid__":"5aSpgg5sRIPaXTZnik6tCJ"}],"textureNames":["shengli_en.png"]}