[{"__type__":"cc.Prefab","_name":"Bule_Water","data":{"__id__":1}},{"__type__":"cc.Node","_name":"Bule_Water","_components":[{"__type__":"cc.Sprite","node":{"__id__":1},"_materials":[{"__uuid__":"ecpdLyjvZBwrvm+cedCcQy"}],"_dstBlendFactor":1,"_spriteFrame":{"__uuid__":"62Gumbxx1Eu7+AkiZDOZYo"},"_sizeMode":0},{"__type__":"cc.RigidBody","node":{"__id__":1},"_allowSleep":false,"_gravityScale":3.5,"enabledContactListener":true},{"__type__":"cc.PhysicsCircleCollider","node":{"__id__":1},"tag":111,"_friction":0,"_restitution":0.3,"_radius":15},{"__type__":"f408ehKvpZKpbVdBEpt80R6","node":{"__id__":1}}],"_prefab":{"__type__":"cc.PrefabInfo","root":{"__id__":1},"asset":{"__uuid__":"f69r+Hp4FDPqUaCysf1b8E"},"fileId":"06ZSCAXmVGq6E82JEMdoxq"},"_color":{"__type__":"cc.Color","r":56,"g":219,"b":255},"_contentSize":{"__type__":"cc.Size","width":300,"height":300},"_trs":{"__type__":"TypedArray","ctor":"Float64Array","array":[0,0,0,0,0,0,1,1,1,1]},"_groupIndex":5,"groupIndex":5}]