[{"__type__":"cc.Prefab","_name":"TipsPanel","data":{"__id__":1}},{"__type__":"cc.Node","_name":"TipsPanel","_children":[{"__id__":2},{"__id__":3}],"_prefab":{"__type__":"cc.PrefabInfo","root":{"__id__":1},"asset":{"__uuid__":"denf6R/N5LRJiPUrHHw28E"},"fileId":"c7+o0w2ItBe7Ymmi8hQZCF"},"_contentSize":{"__type__":"cc.Size","width":300,"height":200},"_trs":{"__type__":"TypedArray","ctor":"Float64Array","array":[0,0,0,0,0,0,1,1,1,1]}},{"__type__":"cc.Node","_name":"tipsBg","_parent":{"__id__":1},"_components":[{"__type__":"cc.Sprite","node":{"__id__":2},"_materials":[{"__uuid__":"ecpdLyjvZBwrvm+cedCcQy"}],"_spriteFrame":{"__uuid__":"87m1T83JVAHpBs4GObCz1v"},"_type":1,"_sizeMode":0}],"_prefab":{"__type__":"cc.PrefabInfo","root":{"__id__":1},"asset":{"__uuid__":"denf6R/N5LRJiPUrHHw28E"},"fileId":"8fufu86eRNj7D9Bdqsix5/"},"_contentSize":{"__type__":"cc.Size","width":371,"height":186},"_trs":{"__type__":"TypedArray","ctor":"Float64Array","array":[0,0,0,0,0,0,1,1,1,1]}},{"__type__":"cc.Node","_name":"Label","_parent":{"__id__":1},"_components":[{"__type__":"cc.Label","node":{"__id__":3},"_materials":[{"__uuid__":"ecpdLyjvZBwrvm+cedCcQy"}],"_useOriginalSize":false,"_string":"测试文字","_N$string":"测试文字","_lineHeight":60,"_N$horizontalAlign":1,"_N$verticalAlign":1,"_N$overflow":3}],"_prefab":{"__type__":"cc.PrefabInfo","root":{"__id__":1},"asset":{"__uuid__":"denf6R/N5LRJiPUrHHw28E"},"fileId":"0eMq97twBFkq2H8/oTQW/D"},"_contentSize":{"__type__":"cc.Size","width":360,"height":75.6},"_trs":{"__type__":"TypedArray","ctor":"Float64Array","array":[0,16,0,0,0,0,1,1,1,1]}}]