[{"__type__":"cc.Prefab","_name":"FailBox","data":{"__id__":1}},{"__type__":"cc.Node","_name":"FailBox","_children":[{"__id__":2},{"__id__":3}],"_components":[{"__type__":"c3cd1T0ryNLwYkssNPqgFc8","node":{"__id__":1},"r":{"__id__":6}},{"__type__":"cc.Widget","node":{"__id__":1},"_alignFlags":45}],"_prefab":{"__type__":"cc.PrefabInfo","root":{"__id__":1},"asset":{"__uuid__":"775ZjFTpFHXJ3mgkts9pVv"},"fileId":"d8sd1jK9JJ0Jn4HyF/Vk3P"},"_contentSize":{"__type__":"cc.Size","width":1080,"height":1920},"_trs":{"__type__":"TypedArray","ctor":"Float64Array","array":[540,960,0,0,0,0,1,1,1,1]},"_groupIndex":15,"groupIndex":15},{"__type__":"cc.Node","_name":"mask","_parent":{"__id__":1},"_components":[{"__type__":"cc.Sprite","node":{"__id__":2},"_materials":[{"__uuid__":"ecpdLyjvZBwrvm+cedCcQy"}],"_spriteFrame":{"__uuid__":"06bw7P7qVK+61Xqy3Ds1Wl"},"_sizeMode":0},{"__type__":"cc.Widget","node":{"__id__":2},"_alignFlags":45,"_left":-540,"_right":-540,"_top":-960,"_bottom":-960,"_originalWidth":174,"_originalHeight":174}],"_prefab":{"__type__":"cc.PrefabInfo","root":{"__id__":1},"asset":{"__uuid__":"775ZjFTpFHXJ3mgkts9pVv"},"fileId":"24VPzjUmhOV5LoIhE83Snn"},"_contentSize":{"__type__":"cc.Size","width":2160,"height":3840},"_trs":{"__type__":"TypedArray","ctor":"Float64Array","array":[0,0,0,0,0,0,1,1,1,1]},"_groupIndex":15,"groupIndex":15},{"__type__":"cc.Node","_name":"panel","_parent":{"__id__":1},"_children":[{"__id__":4},{"__id__":5},{"__id__":6},{"__id__":7},{"__id__":8},{"__id__":9},{"__id__":10},{"__id__":11}],"_prefab":{"__type__":"cc.PrefabInfo","root":{"__id__":1},"asset":{"__uuid__":"775ZjFTpFHXJ3mgkts9pVv"},"fileId":"49hOZkE6FAZrc1WoelWDT6"},"_trs":{"__type__":"TypedArray","ctor":"Float64Array","array":[0,0,0,0,0,0,1,1,1,1]},"_groupIndex":15,"groupIndex":15},{"__type__":"cc.Node","_name":"bo","_parent":{"__id__":3},"_components":[{"__type__":"cc.Sprite","node":{"__id__":4},"_materials":[{"__uuid__":"ecpdLyjvZBwrvm+cedCcQy"}],"_spriteFrame":{"__uuid__":"a2MjXRFdtLlYQ5ouAFv/+R"},"_sizeMode":0}],"_prefab":{"__type__":"cc.PrefabInfo","root":{"__id__":1},"asset":{"__uuid__":"775ZjFTpFHXJ3mgkts9pVv"},"fileId":"2d0Yhif7VLB6qht1d5rYO5"},"_color":{"__type__":"cc.Color","r":255,"g":249,"b":212},"_contentSize":{"__type__":"cc.Size","width":893,"height":500},"_trs":{"__type__":"TypedArray","ctor":"Float64Array","array":[3,-76,0,0,0,0,1,1,1,1]},"_groupIndex":15,"groupIndex":15},{"__type__":"cc.Node","_name":"top","_parent":{"__id__":3},"_components":[{"__type__":"cc.Sprite","node":{"__id__":5},"_materials":[{"__uuid__":"ecpdLyjvZBwrvm+cedCcQy"}],"_spriteFrame":{"__uuid__":"a2MjXRFdtLlYQ5ouAFv/+R"},"_sizeMode":0}],"_prefab":{"__type__":"cc.PrefabInfo","root":{"__id__":1},"asset":{"__uuid__":"775ZjFTpFHXJ3mgkts9pVv"},"fileId":"a438YfadBM3puB1pJ2ow6N"},"_color":{"__type__":"cc.Color","r":255,"g":225,"b":95},"_contentSize":{"__type__":"cc.Size","width":893,"height":124},"_trs":{"__type__":"TypedArray","ctor":"Float64Array","array":[3,228,0,0,0,0,1,1,1,1]},"_groupIndex":15,"groupIndex":15},{"__type__":"cc.Node","_name":"gold_view_13","_parent":{"__id__":3},"_components":[{"__type__":"cc.Sprite","node":{"__id__":6},"_materials":[{"__uuid__":"ecpdLyjvZBwrvm+cedCcQy"}],"_spriteFrame":{"__uuid__":"fczxs08mtOSJJnDvEdDzkY"}},{"__type__":"cc.Button","node":{"__id__":6},"clickEvents":[{"__type__":"cc.ClickEvent","target":{"__id__":1},"_componentId":"c3cd1T0ryNLwYkssNPqgFc8","handler":"onclickRing"}],"_N$target":{"__id__":1}}],"_prefab":{"__type__":"cc.PrefabInfo","root":{"__id__":1},"asset":{"__uuid__":"775ZjFTpFHXJ3mgkts9pVv"},"fileId":"44vzjQp8BMjZsl63DvrSqd"},"_contentSize":{"__type__":"cc.Size","width":1078,"height":1104},"_trs":{"__type__":"TypedArray","ctor":"Float64Array","array":[-6.698,-61.667,0,0,0,0,1,1,1,1]},"_groupIndex":15,"groupIndex":15},{"__type__":"cc.Node","_name":"success","_parent":{"__id__":3},"_components":[{"__type__":"cc.Sprite","node":{"__id__":7},"_materials":[{"__uuid__":"ecpdLyjvZBwrvm+cedCcQy"}],"_spriteFrame":{"__uuid__":"65Ygog7I1EtZFWXsWR44Eq"}}],"_prefab":{"__type__":"cc.PrefabInfo","root":{"__id__":1},"asset":{"__uuid__":"775ZjFTpFHXJ3mgkts9pVv"},"fileId":"3cc3iaPv9Cmaut2bu1D997"},"_contentSize":{"__type__":"cc.Size","width":588,"height":65},"_trs":{"__type__":"TypedArray","ctor":"Float64Array","array":[12.441,217.926,0,0,0,0,1,1,1,1]},"_groupIndex":15,"groupIndex":15},{"__type__":"cc.Node","_name":"tubiao6","_parent":{"__id__":3},"_components":[{"__type__":"cc.Sprite","node":{"__id__":8},"_materials":[{"__uuid__":"ecpdLyjvZBwrvm+cedCcQy"}],"_spriteFrame":{"__uuid__":"d07tvR77xKm4O704F0EhZD"}}],"_prefab":{"__type__":"cc.PrefabInfo","root":{"__id__":1},"asset":{"__uuid__":"775ZjFTpFHXJ3mgkts9pVv"},"fileId":"3cxDyirh9FLqlNk+vSu0Gm"},"_contentSize":{"__type__":"cc.Size","width":58,"height":56},"_trs":{"__type__":"TypedArray","ctor":"Float64Array","array":[-334.097,224.265,0,0,0,0,1,1,1,1]},"_groupIndex":15,"groupIndex":15},{"__type__":"cc.Node","_name":"chacha","_parent":{"__id__":3},"_components":[{"__type__":"cc.Sprite","node":{"__id__":9},"_materials":[{"__uuid__":"ecpdLyjvZBwrvm+cedCcQy"}],"_spriteFrame":{"__uuid__":"0cFBOyYu5LJaSGisANUXwy"}},{"__type__":"cc.Button","node":{"__id__":9},"clickEvents":[{"__type__":"cc.ClickEvent","target":{"__id__":1},"_componentId":"c3cd1T0ryNLwYkssNPqgFc8","handler":"onClickClose"}],"_N$target":{"__id__":1}}],"_prefab":{"__type__":"cc.PrefabInfo","root":{"__id__":1},"asset":{"__uuid__":"775ZjFTpFHXJ3mgkts9pVv"},"fileId":"5bDagOW8tHjaN1Z2k4Yu1N"},"_contentSize":{"__type__":"cc.Size","width":37,"height":37},"_trs":{"__type__":"TypedArray","ctor":"Float64Array","array":[382.265,220.796,0,0,0,0,1,1,1,1]},"_groupIndex":15,"groupIndex":15},{"__type__":"cc.Node","_name":"tubiao4","_parent":{"__id__":3},"_components":[{"__type__":"cc.Sprite","node":{"__id__":10},"_materials":[{"__uuid__":"ecpdLyjvZBwrvm+cedCcQy"}],"_spriteFrame":{"__uuid__":"d7sWNSJOhPJJ9gdcWHcarx"}}],"_prefab":{"__type__":"cc.PrefabInfo","root":{"__id__":1},"asset":{"__uuid__":"775ZjFTpFHXJ3mgkts9pVv"},"fileId":"27eentz9JMRpFvMk5IQeZR"},"_contentSize":{"__type__":"cc.Size","width":305,"height":266},"_trs":{"__type__":"TypedArray","ctor":"Float64Array","array":[21.339,-22.546,0,0,0,0,1,1,1,1]},"_groupIndex":15,"groupIndex":15},{"__type__":"cc.Node","_name":"anniu2","_parent":{"__id__":3},"_components":[{"__type__":"cc.Sprite","node":{"__id__":11},"_materials":[{"__uuid__":"ecpdLyjvZBwrvm+cedCcQy"}],"_spriteFrame":{"__uuid__":"f11wBrblBLv4IM0xvangm5"}},{"__type__":"cc.Button","node":{"__id__":11},"clickEvents":[{"__type__":"cc.ClickEvent","target":{"__id__":1},"_componentId":"c3cd1T0ryNLwYkssNPqgFc8","handler":"onClickBtnVideo"}],"_N$target":{"__id__":1}}],"_prefab":{"__type__":"cc.PrefabInfo","root":{"__id__":1},"asset":{"__uuid__":"775ZjFTpFHXJ3mgkts9pVv"},"fileId":"e6D1V2izdP74Xg7R5IrFyW"},"_contentSize":{"__type__":"cc.Size","width":298,"height":91},"_trs":{"__type__":"TypedArray","ctor":"Float64Array","array":[8.692,-228.886,0,0,0,0,1,1,1,1]},"_groupIndex":15,"groupIndex":15}]