{"__type__":"sp.SkeletonData","_name":"jt","_skeletonJson":{"skeleton":{"hash":"y5VW91APyxyzX9YgUYHsnHvzhq8","spine":"3.7.94","width":118,"height":77,"images":"./images/","audio":"C:/Users/youzhi-hp3/Desktop/救救小金鱼/Spine/鸡腿动画/images"},"bones":[{"name":"root"},{"name":"xx","parent":"root","x":-4.1,"y":10.35},{"name":"xx1","parent":"xx","x":-22.68,"y":22.04},{"name":"xx2","parent":"xx","x":28.89,"y":7.92},{"name":"xx3","parent":"xx","x":-4.28,"y":-29.1}],"slots":[{"name":"jit","bone":"root","attachment":"jit"},{"name":"xx3","bone":"xx3","attachment":"xx3"},{"name":"xx2","bone":"xx2","attachment":"xx2"},{"name":"xx1","bone":"xx1","attachment":"xx1"}],"skins":{"default":{"jit":{"jit":{"x":4.58,"y":7.96,"width":118,"height":66}},"xx1":{"xx1":{"x":-0.13,"y":1.57,"width":37,"height":26}},"xx2":{"xx2":{"x":1.29,"y":-0.81,"width":25,"height":19}},"xx3":{"xx3":{"x":0.46,"y":-0.29,"width":25,"height":22}}}},"animations":{"animation":{"bones":{"xx1":{"translate":[{"time":0,"x":-6.17,"y":-3.53}],"scale":[{"time":0,"x":0,"y":0},{"time":0.6667,"x":1,"y":1},{"time":1.3333,"x":0,"y":0}]},"xx2":{"scale":[{"time":0,"x":0.663,"y":0.663},{"time":0.3333,"x":0,"y":0},{"time":0.6667,"x":0.663,"y":0.663},{"time":1,"x":0,"y":0},{"time":1.3333,"x":0.663,"y":0.663}]},"xx3":{"scale":[{"time":0,"x":0,"y":0},{"time":0.3333,"x":1,"y":1},{"time":0.6667,"x":0,"y":0},{"time":1,"x":1,"y":1},{"time":1.3333,"x":0,"y":0}]}}}}},"_atlasText":"\r\njt.png\r\nsize: 128,128\r\nformat: RGBA8888\r\nfilter: Linear,Linear\r\nrepeat: none\r\njit\r\n  rotate: false\r\n  xy: 2, 54\r\n  size: 118, 66\r\n  orig: 118, 66\r\n  offset: 0, 0\r\n  index: -1\r\nxx1\r\n  rotate: false\r\n  xy: 2, 26\r\n  size: 37, 26\r\n  orig: 37, 26\r\n  offset: 0, 0\r\n  index: -1\r\nxx2\r\n  rotate: false\r\n  xy: 41, 33\r\n  size: 25, 19\r\n  orig: 25, 19\r\n  offset: 0, 0\r\n  index: -1\r\nxx3\r\n  rotate: false\r\n  xy: 2, 2\r\n  size: 25, 22\r\n  orig: 25, 22\r\n  offset: 0, 0\r\n  index: -1\r\n","textures":[{"__uuid__":"f3az5LenxOyowdU125nbTZ"}],"textureNames":["jt.png"]}