{"__type__":"sp.SkeletonData","_name":"dddh","_skeletonJson":{"skeleton":{"hash":"o+gVepE8sl4akR6Cyw8yJQXdFCs","spine":"3.7.94","width":231,"height":200,"images":"./images/","audio":"/Users/zhongzhihao/Documents/深圳市优智信息有限公司/临时处理文件/项目/救救小金鱼/spine/打斗动画/images"},"bones":[{"name":"root"},{"name":"yw","parent":"root"},{"name":"c","parent":"root","rotation":24.55,"x":-32.18,"y":29.26},{"name":"d","parent":"root","rotation":-11.17,"x":-26.99,"y":-24},{"name":"g","parent":"root","rotation":42.42,"x":52.03,"y":16.25}],"slots":[{"name":"yw","bone":"yw","attachment":"1"},{"name":"g","bone":"g","attachment":"g"},{"name":"c","bone":"c","attachment":"c"},{"name":"d","bone":"d","attachment":"d"}],"skins":{"default":{"c":{"c":{"x":7,"y":1.36,"width":76,"height":24}},"d":{"d":{"x":4.89,"y":0.48,"width":80,"height":16}},"g":{"g":{"x":1.55,"y":0.54,"width":65,"height":50}},"yw":{"1":{"x":10.6,"y":9.68,"width":231,"height":200},"2":{"x":10.1,"y":9.18,"width":238,"height":209},"3":{"x":9.6,"y":7.18,"width":237,"height":217},"4":{"x":12.1,"y":8.18,"width":244,"height":217},"5":{"x":10.1,"y":-0.32,"width":252,"height":200},"6":{"x":9.6,"y":-1.82,"width":255,"height":207},"7":{"x":11.6,"y":-0.82,"width":261,"height":217},"8":{"x":4.6,"y":-1.82,"width":255,"height":223}}}},"animations":{"animation":{"slots":{"c":{"color":[{"time":0,"color":"ffffff00","curve":"stepped"},{"time":0.1,"color":"ffffff00"},{"time":0.2333,"color":"ffffffff","curve":"stepped"},{"time":0.5,"color":"ffffffff"},{"time":0.6,"color":"ffffff00"}]},"d":{"color":[{"time":0,"color":"ffffff00"},{"time":0.1,"color":"ffffffff","curve":"stepped"},{"time":0.3333,"color":"ffffffff"},{"time":0.5,"color":"ffffff00"}]},"g":{"color":[{"time":0,"color":"ffffff00","curve":"stepped"},{"time":0.1667,"color":"ffffff00"},{"time":0.2667,"color":"ffffffff","curve":"stepped"},{"time":0.5,"color":"ffffffff"},{"time":0.7,"color":"ffffff00"}]},"yw":{"attachment":[{"time":0,"name":"1"},{"time":0.0333,"name":"2"},{"time":0.0667,"name":"3"},{"time":0.1,"name":"4"},{"time":0.1333,"name":"5"},{"time":0.1667,"name":"6"},{"time":0.2,"name":"7"},{"time":0.2333,"name":"8"},{"time":0.2667,"name":"1"},{"time":0.3,"name":"2"},{"time":0.3333,"name":"3"},{"time":0.3667,"name":"4"},{"time":0.4,"name":"5"},{"time":0.4333,"name":"6"},{"time":0.4667,"name":"7"},{"time":0.5,"name":"8"},{"time":0.5333,"name":"1"},{"time":0.5667,"name":"2"},{"time":0.6,"name":"3"},{"time":0.6333,"name":"4"},{"time":0.6667,"name":"5"},{"time":0.7,"name":"6"},{"time":0.7333,"name":"7"},{"time":0.7667,"name":"8"},{"time":0.8,"name":"1"},{"time":0.8333,"name":"2"},{"time":0.8667,"name":"3"},{"time":0.9,"name":"4"},{"time":0.9333,"name":"5"},{"time":0.9667,"name":"6"},{"time":1,"name":"7"},{"time":1.0333,"name":"8"}]}},"bones":{"d":{"rotate":[{"time":0,"angle":0},{"time":0.5,"angle":-147.65}],"translate":[{"time":0,"x":15.57,"y":12.11},{"time":0.5,"x":-73.53,"y":-57.95}]},"c":{"rotate":[{"time":0,"angle":0,"curve":"stepped"},{"time":0.1,"angle":0},{"time":0.6,"angle":-171.96}],"translate":[{"time":0,"x":15.57,"y":-8.65,"curve":"stepped"},{"time":0.1,"x":15.57,"y":-8.65},{"time":0.6,"x":-65.74,"y":72.66}]},"g":{"rotate":[{"time":0,"angle":0,"curve":"stepped"},{"time":0.1667,"angle":0},{"time":0.7,"angle":-162.42}],"translate":[{"time":0,"x":-21.62,"y":-10.38,"curve":"stepped"},{"time":0.1667,"x":-21.62,"y":-10.38},{"time":0.7,"x":89.96,"y":21.63}]}}}}},"_atlasText":"\r\ndddh.png\r\nsize: 2048,256\r\nformat: RGBA8888\r\nfilter: Linear,Linear\r\nrepeat: none\r\n1\r\n  rotate: false\r\n  xy: 1758, 54\r\n  size: 231, 200\r\n  orig: 231, 200\r\n  offset: 0, 0\r\n  index: -1\r\n2\r\n  rotate: false\r\n  xy: 1518, 45\r\n  size: 238, 209\r\n  orig: 238, 209\r\n  offset: 0, 0\r\n  index: -1\r\n3\r\n  rotate: false\r\n  xy: 1279, 37\r\n  size: 237, 217\r\n  orig: 237, 217\r\n  offset: 0, 0\r\n  index: -1\r\n4\r\n  rotate: false\r\n  xy: 1033, 37\r\n  size: 244, 217\r\n  orig: 244, 217\r\n  offset: 0, 0\r\n  index: -1\r\n5\r\n  rotate: false\r\n  xy: 779, 54\r\n  size: 252, 200\r\n  orig: 252, 200\r\n  offset: 0, 0\r\n  index: -1\r\n6\r\n  rotate: false\r\n  xy: 522, 47\r\n  size: 255, 207\r\n  orig: 255, 207\r\n  offset: 0, 0\r\n  index: -1\r\n7\r\n  rotate: false\r\n  xy: 2, 37\r\n  size: 261, 217\r\n  orig: 261, 217\r\n  offset: 0, 0\r\n  index: -1\r\n8\r\n  rotate: false\r\n  xy: 265, 31\r\n  size: 255, 223\r\n  orig: 255, 223\r\n  offset: 0, 0\r\n  index: -1\r\nc\r\n  rotate: false\r\n  xy: 2, 11\r\n  size: 76, 24\r\n  orig: 76, 24\r\n  offset: 0, 0\r\n  index: -1\r\nd\r\n  rotate: true\r\n  xy: 1991, 174\r\n  size: 80, 16\r\n  orig: 80, 16\r\n  offset: 0, 0\r\n  index: -1\r\ng\r\n  rotate: false\r\n  xy: 1758, 2\r\n  size: 65, 50\r\n  orig: 65, 50\r\n  offset: 0, 0\r\n  index: -1\r\n","textures":[{"__uuid__":"ddVIS6vBZIAYEUOcY0xIzN"}],"textureNames":["dddh.png"]}