{"__type__":"sp.SkeletonData","_name":"sddh","_skeletonJson":{"skeleton":{"hash":"ouvnJ/4Z0XGArAt0QgOxPR4uWDE","spine":"3.7.94","width":164,"height":161,"images":"./images/","audio":"C:/Users/youzhi-hp3/Desktop/救救小金鱼/Spine/闪电动画/images"},"bones":[{"name":"root"},{"name":"bone","parent":"root","x":10.87,"y":54.89}],"slots":[{"name":"dx","bone":"root","attachment":"dx"},{"name":"xia","bone":"bone"},{"name":"shang","bone":"bone","attachment":"s7"}],"skins":{"default":{"dx":{"dx":{"x":9.91,"y":62.6,"width":148,"height":125}},"shang":{"s1":{"x":12.54,"y":50.21,"width":145,"height":86},"s2":{"x":13.54,"y":55.71,"width":153,"height":105},"s3":{"x":10.54,"y":59.21,"width":135,"height":126},"s4":{"x":24.04,"y":61.21,"width":122,"height":124},"s5":{"x":34.54,"y":58.21,"width":165,"height":106},"s6":{"x":21.04,"y":50.21,"width":164,"height":96},"s7":{"x":22.04,"y":56.71,"width":134,"height":99}},"xia":{"x1":{"x":12.54,"y":26.21,"width":93,"height":60},"x2":{"x":16.04,"y":28.21,"width":108,"height":64},"x3":{"x":21.54,"y":30.71,"width":135,"height":71},"x4":{"x":26.54,"y":44.21,"width":151,"height":100},"x5":{"x":24.54,"y":44.71,"width":155,"height":97},"x6":{"x":26.04,"y":49.21,"width":158,"height":86},"x7":{"x":25.04,"y":49.21,"width":158,"height":86},"x8":{"x":21.54,"y":45.21,"width":143,"height":82}}}},"animations":{"animation":{"slots":{"shang":{"attachment":[{"time":0,"name":"s1"},{"time":0.0333,"name":null},{"time":0.1333,"name":"s2"},{"time":0.1667,"name":null},{"time":0.2667,"name":"s3"},{"time":0.3,"name":null},{"time":0.4,"name":"s4"},{"time":0.4333,"name":null},{"time":0.6,"name":"s5"},{"time":0.6333,"name":null},{"time":0.7667,"name":"s6"},{"time":0.8,"name":null},{"time":0.8667,"name":"s7"}]},"xia":{"attachment":[{"time":0,"name":"x1"},{"time":0.1,"name":null},{"time":0.1333,"name":"x2"},{"time":0.2333,"name":null},{"time":0.2667,"name":"x3"},{"time":0.3667,"name":null},{"time":0.4,"name":"x4"},{"time":0.4333,"name":null},{"time":0.5,"name":"x5"},{"time":0.5333,"name":null},{"time":0.7,"name":"x6"},{"time":0.7333,"name":null},{"time":0.7667,"name":"x7"},{"time":0.8,"name":null},{"time":0.8333,"name":"x8"}]}}}}},"_atlasText":"\r\nsddh.png\r\nsize: 1024,256\r\nformat: RGBA8888\r\nfilter: Linear,Linear\r\nrepeat: none\r\ndx\r\n  rotate: true\r\n  xy: 2, 106\r\n  size: 148, 125\r\n  orig: 148, 125\r\n  offset: 0, 0\r\n  index: -1\r\ns1\r\n  rotate: false\r\n  xy: 687, 168\r\n  size: 145, 86\r\n  orig: 145, 86\r\n  offset: 0, 0\r\n  index: -1\r\ns2\r\n  rotate: true\r\n  xy: 296, 101\r\n  size: 153, 105\r\n  orig: 153, 105\r\n  offset: 0, 0\r\n  index: -1\r\ns3\r\n  rotate: true\r\n  xy: 168, 11\r\n  size: 135, 126\r\n  orig: 135, 126\r\n  offset: 0, 0\r\n  index: -1\r\ns4\r\n  rotate: false\r\n  xy: 403, 130\r\n  size: 122, 124\r\n  orig: 122, 124\r\n  offset: 0, 0\r\n  index: -1\r\ns5\r\n  rotate: false\r\n  xy: 129, 148\r\n  size: 165, 106\r\n  orig: 165, 106\r\n  offset: 0, 0\r\n  index: -1\r\ns6\r\n  rotate: false\r\n  xy: 2, 8\r\n  size: 164, 96\r\n  orig: 164, 96\r\n  offset: 0, 0\r\n  index: -1\r\ns7\r\n  rotate: false\r\n  xy: 834, 155\r\n  size: 134, 99\r\n  orig: 134, 99\r\n  offset: 0, 0\r\n  index: -1\r\nx1\r\n  rotate: false\r\n  xy: 917, 93\r\n  size: 93, 60\r\n  orig: 93, 60\r\n  offset: 0, 0\r\n  index: -1\r\nx2\r\n  rotate: true\r\n  xy: 851, 45\r\n  size: 108, 64\r\n  orig: 108, 64\r\n  offset: 0, 0\r\n  index: -1\r\nx3\r\n  rotate: true\r\n  xy: 778, 18\r\n  size: 135, 71\r\n  orig: 135, 71\r\n  offset: 0, 0\r\n  index: -1\r\nx4\r\n  rotate: false\r\n  xy: 453, 28\r\n  size: 151, 100\r\n  orig: 151, 100\r\n  offset: 0, 0\r\n  index: -1\r\nx5\r\n  rotate: false\r\n  xy: 296, 2\r\n  size: 155, 97\r\n  orig: 155, 97\r\n  offset: 0, 0\r\n  index: -1\r\nx6\r\n  rotate: false\r\n  xy: 527, 168\r\n  size: 158, 86\r\n  orig: 158, 86\r\n  offset: 0, 0\r\n  index: -1\r\nx7\r\n  rotate: true\r\n  xy: 606, 8\r\n  size: 158, 86\r\n  orig: 158, 86\r\n  offset: 0, 0\r\n  index: -1\r\nx8\r\n  rotate: true\r\n  xy: 694, 23\r\n  size: 143, 82\r\n  orig: 143, 82\r\n  offset: 0, 0\r\n  index: -1\r\n","textures":[{"__uuid__":"99Vaq4PxpGsaMp+T8pnw8/"}],"textureNames":["sddh.png"]}