[{"__type__":"cc.SpriteFrame","content":{"name":"skin_4","texture":"e9K8wkoCJPkbMDFejS/4rO","rect":[0,0,163,140],"offset":[0,0],"originalSize":[163,140],"capInsets":[0,0,0,0]}},{"__type__":"cc.SpriteFrame","content":{"name":"skin_7","texture":"54sgYFa+JIXJS2trFAyDY/","rect":[0,0,170,100],"offset":[0,0],"originalSize":[170,100],"capInsets":[0,0,0,0]}},{"__type__":"cc.SpriteFrame","content":{"name":"skin_word","texture":"d1CgiOE2VOvJ4RkUabm8T4","rect":[0,0,381,142],"offset":[0,0],"originalSize":[381,142],"capInsets":[0,0,0,0]}},{"__type__":"cc.SpriteFrame","content":{"name":"skin_9","texture":"04jC3QD2pDWptARLWmdHCL","rect":[0,0,167,80],"offset":[0,0],"originalSize":[167,80],"capInsets":[0,0,0,0]}},[{"__type__":"cc.Prefab","_name":"skin","data":{"__id__":1}},{"__type__":"cc.Node","_name":"skin","_children":[{"__id__":2},{"__id__":3},{"__id__":9}],"_components":[{"__type__":"cc.Widget","node":{"__id__":1},"_alignFlags":5,"_originalHeight":1920},{"__type__":"9c0b2I2TP5AupXhgBm43EVl","node":{"__id__":1},"fishSkin":{"__uuid__":"f0PgbuZcJBd6Ah+uw1rZle"},"contentNode":{"__id__":14},"goldLabel":{"__id__":7}}],"_prefab":{"__type__":"cc.PrefabInfo","root":{"__id__":1},"asset":{"__uuid__":"53LHc+ddVNXYwc0AzbUwz+"},"fileId":"eeROqtdTBIho4yKogisvue"},"_contentSize":{"__type__":"cc.Size","width":1080,"height":1920},"_trs":{"__type__":"TypedArray","ctor":"Float64Array","array":[0,960,0,0,0,0,1,1,1,1]}},{"__type__":"cc.Node","_name":"skin_bg","_parent":{"__id__":1},"_components":[{"__type__":"cc.Sprite","node":{"__id__":2},"_materials":[{"__uuid__":"ecpdLyjvZBwrvm+cedCcQy"}],"_spriteFrame":{"__uuid__":"78MGvbSFZFqI2HYNRztfDi"},"_sizeMode":0},{"__type__":"cc.Widget","node":{"__id__":2},"_alignFlags":5,"_originalHeight":1920},{"__type__":"cc.Button","node":{"__id__":2}}],"_prefab":{"__type__":"cc.PrefabInfo","root":{"__id__":1},"asset":{"__uuid__":"53LHc+ddVNXYwc0AzbUwz+"},"fileId":"b8EbrEAfRMQbOdbQbf93QT"},"_contentSize":{"__type__":"cc.Size","width":1080,"height":1920},"_trs":{"__type__":"TypedArray","ctor":"Float64Array","array":[0,0,0,0,0,0,1,1,1,1]}},{"__type__":"cc.Node","_name":"up","_parent":{"__id__":1},"_children":[{"__id__":4},{"__id__":5},{"__id__":6},{"__id__":7},{"__id__":8}],"_components":[{"__type__":"cc.Widget","node":{"__id__":3},"_alignFlags":1,"_top":265.245}],"_prefab":{"__type__":"cc.PrefabInfo","root":{"__id__":1},"asset":{"__uuid__":"53LHc+ddVNXYwc0AzbUwz+"},"fileId":"6fYTaqrd1PspTY2YpiKE7H"},"_trs":{"__type__":"TypedArray","ctor":"Float64Array","array":[0,694.755,0,0,0,0,1,1,1,1]}},{"__type__":"cc.Node","_name":"back","_parent":{"__id__":3},"_components":[{"__type__":"cc.Sprite","node":{"__id__":4},"_materials":[{"__uuid__":"ecpdLyjvZBwrvm+cedCcQy"}],"_spriteFrame":{"__uuid__":"61wmiyZcVOlKttfDpRu5SJ"}},{"__type__":"cc.Button","node":{"__id__":4},"_normalMaterial":{"__uuid__":"ecpdLyjvZBwrvm+cedCcQy"},"clickEvents":[{"__type__":"cc.ClickEvent","target":{"__id__":1},"_componentId":"9c0b2I2TP5AupXhgBm43EVl","handler":"back"}],"_N$transition":3,"transition":3}],"_prefab":{"__type__":"cc.PrefabInfo","root":{"__id__":1},"asset":{"__uuid__":"53LHc+ddVNXYwc0AzbUwz+"},"fileId":"abeAB32yJDlbSocCaB9bro"},"_contentSize":{"__type__":"cc.Size","width":123,"height":129},"_trs":{"__type__":"TypedArray","ctor":"Float64Array","array":[-383.16,0,0,0,0,0,1,1,1,1]}},{"__type__":"cc.Node","_name":"skin_word","_parent":{"__id__":3},"_components":[{"__type__":"cc.Sprite","node":{"__id__":5},"_materials":[{"__uuid__":"ecpdLyjvZBwrvm+cedCcQy"}],"_spriteFrame":{"__uuid__":"38nqV5nvBMraAgc/DjYfGe"}}],"_prefab":{"__type__":"cc.PrefabInfo","root":{"__id__":1},"asset":{"__uuid__":"53LHc+ddVNXYwc0AzbUwz+"},"fileId":"683HT1MTRLiZpIjpKIdxpv"},"_contentSize":{"__type__":"cc.Size","width":381,"height":142},"_trs":{"__type__":"TypedArray","ctor":"Float64Array","array":[-24.632,0,0,0,0,0,1,1,1,1]}},{"__type__":"cc.Node","_name":"gold","_parent":{"__id__":3},"_components":[{"__type__":"cc.Sprite","node":{"__id__":6},"_materials":[{"__uuid__":"ecpdLyjvZBwrvm+cedCcQy"}],"_spriteFrame":{"__uuid__":"e8Va9Dx4dCUYaVbNaM2uJa"}},{"__type__":"cc.Button","node":{"__id__":6},"clickEvents":[{"__type__":"cc.ClickEvent","target":{"__id__":1},"_componentId":"9c0b2I2TP5AupXhgBm43EVl","handler":"voldGold"}]}],"_prefab":{"__type__":"cc.PrefabInfo","root":{"__id__":1},"asset":{"__uuid__":"53LHc+ddVNXYwc0AzbUwz+"},"fileId":"ef9QUqMZ1HppMtzEVOaAGJ"},"_contentSize":{"__type__":"cc.Size","width":290,"height":99},"_trs":{"__type__":"TypedArray","ctor":"Float64Array","array":[385.897,0,0,0,0,0,1,1,1,1]}},{"__type__":"cc.Node","_name":"goldLabel","_parent":{"__id__":3},"_components":[{"__type__":"cc.Label","node":{"__id__":7},"_materials":[{"__uuid__":"ecpdLyjvZBwrvm+cedCcQy"}],"_string":"0","_N$string":"0","_fontSize":28,"_N$file":{"__uuid__":"c7XelTMkBO97aQbLnJ2pmu"},"_isSystemFontUsed":false,"_spacingX":-2,"_N$horizontalAlign":1,"_N$verticalAlign":1,"_N$overflow":2}],"_prefab":{"__type__":"cc.PrefabInfo","root":{"__id__":1},"asset":{"__uuid__":"53LHc+ddVNXYwc0AzbUwz+"},"fileId":"659Pv/Vo1CzLNHGeIKBB1p"},"_color":{"__type__":"cc.Color","r":245,"g":182,"b":44},"_contentSize":{"__type__":"cc.Size","width":120,"height":50.4},"_trs":{"__type__":"TypedArray","ctor":"Float64Array","array":[387.812,13.545,0,0,0,0,1,1,1,1]}},{"__type__":"cc.Node","_name":"New Sprite","_parent":{"__id__":3},"_components":[{"__type__":"cc.Sprite","node":{"__id__":8},"_materials":[{"__uuid__":"ecpdLyjvZBwrvm+cedCcQy"}],"_spriteFrame":{"__uuid__":"38IhciNF5Irrj3IY9mCfxQ"}}],"_prefab":{"__type__":"cc.PrefabInfo","root":{"__id__":1},"asset":{"__uuid__":"53LHc+ddVNXYwc0AzbUwz+"},"fileId":"beTmEJ9NVJS5jSPKdAe2X6"},"_contentSize":{"__type__":"cc.Size","width":83,"height":86},"_trs":{"__type__":"TypedArray","ctor":"Float64Array","array":[490.333,-3.721,0,0,0,0,1,1,1,1]}},{"__type__":"cc.Node","_name":"center","_parent":{"__id__":1},"_children":[{"__id__":10},{"__id__":14}],"_components":[{"__type__":"cc.Widget","node":{"__id__":9},"_alignFlags":1,"_top":960}],"_prefab":{"__type__":"cc.PrefabInfo","root":{"__id__":1},"asset":{"__uuid__":"53LHc+ddVNXYwc0AzbUwz+"},"fileId":"76KmWyU7JOaYDgjSBUn84I"},"_trs":{"__type__":"TypedArray","ctor":"Float64Array","array":[0,0,0,0,0,0,1,1,1,1]}},{"__type__":"cc.Node","_name":"yugang","_parent":{"__id__":9},"_children":[{"__id__":11},{"__id__":12},{"__id__":13}],"_components":[{"__type__":"cc.Layout","node":{"__id__":10},"_layoutSize":{"__type__":"cc.Size","width":300,"height":1019},"_resize":1,"_N$layoutType":2,"_N$spacingY":400}],"_prefab":{"__type__":"cc.PrefabInfo","root":{"__id__":1},"asset":{"__uuid__":"53LHc+ddVNXYwc0AzbUwz+"},"fileId":"5bztmi8qxMDZss4oZO1A/1"},"_contentSize":{"__type__":"cc.Size","width":300,"height":1019},"_trs":{"__type__":"TypedArray","ctor":"Float64Array","array":[0,72.527,0,0,0,0,1,1,1,1]}},{"__type__":"cc.Node","_name":"gang","_parent":{"__id__":10},"_components":[{"__type__":"cc.Sprite","node":{"__id__":11},"_materials":[{"__uuid__":"ecpdLyjvZBwrvm+cedCcQy"}],"_spriteFrame":{"__uuid__":"c6NZxhLQdBWqsP5KSM+8r8"}}],"_prefab":{"__type__":"cc.PrefabInfo","root":{"__id__":1},"asset":{"__uuid__":"53LHc+ddVNXYwc0AzbUwz+"},"fileId":"a1ADYSBFNIj4c3HdNZG6Ge"},"_contentSize":{"__type__":"cc.Size","width":939,"height":73},"_trs":{"__type__":"TypedArray","ctor":"Float64Array","array":[0,473,0,0,0,0,1,1,1,1]}},{"__type__":"cc.Node","_name":"gang","_parent":{"__id__":10},"_components":[{"__type__":"cc.Sprite","node":{"__id__":12},"_materials":[{"__uuid__":"ecpdLyjvZBwrvm+cedCcQy"}],"_spriteFrame":{"__uuid__":"c6NZxhLQdBWqsP5KSM+8r8"}}],"_prefab":{"__type__":"cc.PrefabInfo","root":{"__id__":1},"asset":{"__uuid__":"53LHc+ddVNXYwc0AzbUwz+"},"fileId":"092UDPJG9DhL8rAIjeYy5h"},"_contentSize":{"__type__":"cc.Size","width":939,"height":73},"_trs":{"__type__":"TypedArray","ctor":"Float64Array","array":[0,0,0,0,0,0,1,1,1,1]}},{"__type__":"cc.Node","_name":"gang","_parent":{"__id__":10},"_components":[{"__type__":"cc.Sprite","node":{"__id__":13},"_materials":[{"__uuid__":"ecpdLyjvZBwrvm+cedCcQy"}],"_spriteFrame":{"__uuid__":"c6NZxhLQdBWqsP5KSM+8r8"}}],"_prefab":{"__type__":"cc.PrefabInfo","root":{"__id__":1},"asset":{"__uuid__":"53LHc+ddVNXYwc0AzbUwz+"},"fileId":"0e2bl8ax9Of43YA7X98QXR"},"_contentSize":{"__type__":"cc.Size","width":939,"height":73},"_trs":{"__type__":"TypedArray","ctor":"Float64Array","array":[0,-473,0,0,0,0,1,1,1,1]}},{"__type__":"cc.Node","_name":"content","_parent":{"__id__":9},"_children":[{"__id__":15},{"__id__":24},{"__id__":33},{"__id__":42},{"__id__":51},{"__id__":60},{"__id__":69},{"__id__":78},{"__id__":87}],"_components":[{"__type__":"cc.Layout","node":{"__id__":14},"_layoutSize":{"__type__":"cc.Size","width":1000,"height":1236},"_resize":1,"_N$layoutType":3,"_N$paddingLeft":50,"_N$spacingX":50,"_N$spacingY":150}],"_prefab":{"__type__":"cc.PrefabInfo","root":{"__id__":1},"asset":{"__uuid__":"53LHc+ddVNXYwc0AzbUwz+"},"fileId":"50sR0TY7pPpr1t8NTRIDZQ"},"_contentSize":{"__type__":"cc.Size","width":1000,"height":1236},"_trs":{"__type__":"TypedArray","ctor":"Float64Array","array":[0,-116.024,0,0,0,0,1,1,1,1]}},{"__type__":"cc.Node","_name":"fishSkin","_parent":{"__id__":14},"_children":[{"__id__":16},{"__id__":17},{"__id__":18},{"__id__":19}],"_components":[{"__type__":"0f096gs49VK3IIagjg2Q4m9","node":{"__id__":15},"goneNode":{"__id__":19},"fishNode":{"__id__":18},"goldNode":{"__id__":23}},{"__type__":"cc.Button","node":{"__id__":15},"clickEvents":[{"__type__":"cc.ClickEvent","target":{"__id__":1},"_componentId":"9c0b2I2TP5AupXhgBm43EVl","handler":"onclickSkin","customEventData":"1"}]}],"_prefab":{"__type__":"cc.PrefabInfo","root":{"__id__":1},"asset":{"__uuid__":"53LHc+ddVNXYwc0AzbUwz+"},"fileId":"02PH6IYJJAAo5NDj8bL/+K"},"_contentSize":{"__type__":"cc.Size","width":263,"height":312},"_trs":{"__type__":"TypedArray","ctor":"Float64Array","array":[-318.5,462,0,0,0,0,1,1,1,1]}},{"__type__":"cc.Node","_name":"select","_parent":{"__id__":15},"_active":false,"_components":[{"__type__":"cc.Sprite","node":{"__id__":16},"_materials":[{"__uuid__":"ecpdLyjvZBwrvm+cedCcQy"}],"_spriteFrame":{"__uuid__":"02NYkxmaNCQqxNQz5VRnng"}}],"_prefab":{"__type__":"cc.PrefabInfo","root":{"__id__":1},"asset":{"__uuid__":"53LHc+ddVNXYwc0AzbUwz+"},"fileId":"1exECKyCVFs4I0mLLdZHn1"},"_contentSize":{"__type__":"cc.Size","width":269,"height":319},"_trs":{"__type__":"TypedArray","ctor":"Float64Array","array":[0,0,0,0,0,0,1,1,1,1]}},{"__type__":"cc.Node","_name":"kuang","_parent":{"__id__":15},"_components":[{"__type__":"cc.Sprite","node":{"__id__":17},"_materials":[{"__uuid__":"ecpdLyjvZBwrvm+cedCcQy"}],"_spriteFrame":{"__uuid__":"c0IFKlV/pHjI7o9qBDnjZR"}}],"_prefab":{"__type__":"cc.PrefabInfo","root":{"__id__":1},"asset":{"__uuid__":"53LHc+ddVNXYwc0AzbUwz+"},"fileId":"99Wzed4w9KhLdsQBAZ6l4T"},"_contentSize":{"__type__":"cc.Size","width":263,"height":312},"_trs":{"__type__":"TypedArray","ctor":"Float64Array","array":[0,0,0,0,0,0,1,1,1,1]}},{"__type__":"cc.Node","_name":"fish","_parent":{"__id__":15},"_components":[{"__type__":"cc.Sprite","node":{"__id__":18},"_materials":[{"__uuid__":"ecpdLyjvZBwrvm+cedCcQy"}],"_spriteFrame":{"__uuid__":"e7+/Qp865Axbi6sOXM5RJx"}}],"_prefab":{"__type__":"cc.PrefabInfo","root":{"__id__":1},"asset":{"__uuid__":"53LHc+ddVNXYwc0AzbUwz+"},"fileId":"71WUR433dPmqzNXCcaWJCf"},"_contentSize":{"__type__":"cc.Size","width":160,"height":113},"_trs":{"__type__":"TypedArray","ctor":"Float64Array","array":[0,39.34,0,0,0,0,1,1,1,1]}},{"__type__":"cc.Node","_name":"gone","_parent":{"__id__":15},"_children":[{"__id__":20},{"__id__":22},{"__id__":23}],"_prefab":{"__type__":"cc.PrefabInfo","root":{"__id__":1},"asset":{"__uuid__":"53LHc+ddVNXYwc0AzbUwz+"},"fileId":"dcWjpiEjNG94XJArvxvXI5"},"_trs":{"__type__":"TypedArray","ctor":"Float64Array","array":[0,0,0,0,0,0,1,1,1,1]}},{"__type__":"cc.Node","_name":"mask","_parent":{"__id__":19},"_children":[{"__id__":21}],"_components":[{"__type__":"cc.Sprite","node":{"__id__":20},"_materials":[{"__uuid__":"ecpdLyjvZBwrvm+cedCcQy"}],"_spriteFrame":{"__uuid__":"77oyBFICJMiqmzEvl2Au81"}}],"_prefab":{"__type__":"cc.PrefabInfo","root":{"__id__":1},"asset":{"__uuid__":"53LHc+ddVNXYwc0AzbUwz+"},"fileId":"54H5O49WNKZYc4gMdvs2GS"},"_contentSize":{"__type__":"cc.Size","width":263,"height":312},"_trs":{"__type__":"TypedArray","ctor":"Float64Array","array":[0,0,0,0,0,0,1,1,1,1]}},{"__type__":"cc.Node","_name":"suo","_parent":{"__id__":20},"_components":[{"__type__":"cc.Sprite","node":{"__id__":21},"_materials":[{"__uuid__":"ecpdLyjvZBwrvm+cedCcQy"}],"_spriteFrame":{"__uuid__":"339F9ixH9KfLpQBv6Gww3L"}}],"_prefab":{"__type__":"cc.PrefabInfo","root":{"__id__":1},"asset":{"__uuid__":"53LHc+ddVNXYwc0AzbUwz+"},"fileId":"e7sM6PJ6pJUb8NU27732oy"},"_contentSize":{"__type__":"cc.Size","width":90,"height":120},"_trs":{"__type__":"TypedArray","ctor":"Float64Array","array":[0,0,0,0,0,0,1,1,1,1]}},{"__type__":"cc.Node","_name":"leftKuang","_parent":{"__id__":19},"_components":[{"__type__":"cc.Sprite","node":{"__id__":22},"_materials":[{"__uuid__":"ecpdLyjvZBwrvm+cedCcQy"}],"_spriteFrame":{"__uuid__":"12NHqQYRFPBrimC8w7S++D"}}],"_prefab":{"__type__":"cc.PrefabInfo","root":{"__id__":1},"asset":{"__uuid__":"53LHc+ddVNXYwc0AzbUwz+"},"fileId":"a5vBxC3MpN+YnHM7P75GZk"},"_contentSize":{"__type__":"cc.Size","width":191,"height":69},"_trs":{"__type__":"TypedArray","ctor":"Float64Array","array":[-3.337,-75.514,0,0,0,0,1,1,1,1]}},{"__type__":"cc.Node","_name":"gold","_parent":{"__id__":19},"_components":[{"__type__":"cc.Label","node":{"__id__":23},"_materials":[{"__uuid__":"ecpdLyjvZBwrvm+cedCcQy"}],"_string":"2999","_N$string":"2999","_N$horizontalAlign":1,"_N$verticalAlign":1}],"_prefab":{"__type__":"cc.PrefabInfo","root":{"__id__":1},"asset":{"__uuid__":"53LHc+ddVNXYwc0AzbUwz+"},"fileId":"88hgPcAgNHmb77x143pTVs"},"_contentSize":{"__type__":"cc.Size","width":88.98,"height":50.4},"_trs":{"__type__":"TypedArray","ctor":"Float64Array","array":[16.574,-71.637,0,0,0,0,1,1,1,1]}},{"__type__":"cc.Node","_name":"fishSkin copy","_parent":{"__id__":14},"_children":[{"__id__":25},{"__id__":26},{"__id__":27},{"__id__":28}],"_components":[{"__type__":"0f096gs49VK3IIagjg2Q4m9","node":{"__id__":24},"goneNode":{"__id__":28},"fishNode":{"__id__":27},"goldNode":{"__id__":32}},{"__type__":"cc.Button","node":{"__id__":24},"clickEvents":[{"__type__":"cc.ClickEvent","target":{"__id__":1},"_componentId":"9c0b2I2TP5AupXhgBm43EVl","handler":"onclickSkin","customEventData":"2"}]}],"_prefab":{"__type__":"cc.PrefabInfo","root":{"__id__":1},"asset":{"__uuid__":"53LHc+ddVNXYwc0AzbUwz+"},"fileId":"9bYlUrlOBO9ajBGDGjUBmC"},"_contentSize":{"__type__":"cc.Size","width":263,"height":312},"_trs":{"__type__":"TypedArray","ctor":"Float64Array","array":[-5.5,462,0,0,0,0,1,1,1,1]}},{"__type__":"cc.Node","_name":"select","_parent":{"__id__":24},"_active":false,"_components":[{"__type__":"cc.Sprite","node":{"__id__":25},"_materials":[{"__uuid__":"ecpdLyjvZBwrvm+cedCcQy"}],"_spriteFrame":{"__uuid__":"02NYkxmaNCQqxNQz5VRnng"}}],"_prefab":{"__type__":"cc.PrefabInfo","root":{"__id__":1},"asset":{"__uuid__":"53LHc+ddVNXYwc0AzbUwz+"},"fileId":"127gsQqYdEW6JaBZ2Hxe1U"},"_contentSize":{"__type__":"cc.Size","width":269,"height":319},"_trs":{"__type__":"TypedArray","ctor":"Float64Array","array":[0,0,0,0,0,0,1,1,1,1]}},{"__type__":"cc.Node","_name":"kuang","_parent":{"__id__":24},"_components":[{"__type__":"cc.Sprite","node":{"__id__":26},"_materials":[{"__uuid__":"ecpdLyjvZBwrvm+cedCcQy"}],"_spriteFrame":{"__uuid__":"c0IFKlV/pHjI7o9qBDnjZR"}}],"_prefab":{"__type__":"cc.PrefabInfo","root":{"__id__":1},"asset":{"__uuid__":"53LHc+ddVNXYwc0AzbUwz+"},"fileId":"44RLkBDHhGGpb3YLyvNdbX"},"_contentSize":{"__type__":"cc.Size","width":263,"height":312},"_trs":{"__type__":"TypedArray","ctor":"Float64Array","array":[0,0,0,0,0,0,1,1,1,1]}},{"__type__":"cc.Node","_name":"fish","_parent":{"__id__":24},"_components":[{"__type__":"cc.Sprite","node":{"__id__":27},"_materials":[{"__uuid__":"ecpdLyjvZBwrvm+cedCcQy"}],"_spriteFrame":{"__uuid__":"6dNPom1rRPeJC8PlaZBucH"}}],"_prefab":{"__type__":"cc.PrefabInfo","root":{"__id__":1},"asset":{"__uuid__":"53LHc+ddVNXYwc0AzbUwz+"},"fileId":"dafj/uoD9CEZS0yGql+BGS"},"_contentSize":{"__type__":"cc.Size","width":167,"height":88},"_trs":{"__type__":"TypedArray","ctor":"Float64Array","array":[0,39.34,0,0,0,0,1,1,1,1]}},{"__type__":"cc.Node","_name":"gone","_parent":{"__id__":24},"_children":[{"__id__":29},{"__id__":31},{"__id__":32}],"_prefab":{"__type__":"cc.PrefabInfo","root":{"__id__":1},"asset":{"__uuid__":"53LHc+ddVNXYwc0AzbUwz+"},"fileId":"18A260Il9If5484ufOBSeM"},"_trs":{"__type__":"TypedArray","ctor":"Float64Array","array":[0,0,0,0,0,0,1,1,1,1]}},{"__type__":"cc.Node","_name":"mask","_parent":{"__id__":28},"_children":[{"__id__":30}],"_components":[{"__type__":"cc.Sprite","node":{"__id__":29},"_materials":[{"__uuid__":"ecpdLyjvZBwrvm+cedCcQy"}],"_spriteFrame":{"__uuid__":"77oyBFICJMiqmzEvl2Au81"}}],"_prefab":{"__type__":"cc.PrefabInfo","root":{"__id__":1},"asset":{"__uuid__":"53LHc+ddVNXYwc0AzbUwz+"},"fileId":"20/r3x8cdLR6R+5MGPgEoH"},"_contentSize":{"__type__":"cc.Size","width":263,"height":312},"_trs":{"__type__":"TypedArray","ctor":"Float64Array","array":[0,0,0,0,0,0,1,1,1,1]}},{"__type__":"cc.Node","_name":"suo","_parent":{"__id__":29},"_components":[{"__type__":"cc.Sprite","node":{"__id__":30},"_materials":[{"__uuid__":"ecpdLyjvZBwrvm+cedCcQy"}],"_spriteFrame":{"__uuid__":"339F9ixH9KfLpQBv6Gww3L"}}],"_prefab":{"__type__":"cc.PrefabInfo","root":{"__id__":1},"asset":{"__uuid__":"53LHc+ddVNXYwc0AzbUwz+"},"fileId":"a1o9Uy9XVOfLNzS1LUrW7f"},"_contentSize":{"__type__":"cc.Size","width":90,"height":120},"_trs":{"__type__":"TypedArray","ctor":"Float64Array","array":[0,0,0,0,0,0,1,1,1,1]}},{"__type__":"cc.Node","_name":"leftKuang","_parent":{"__id__":28},"_components":[{"__type__":"cc.Sprite","node":{"__id__":31},"_materials":[{"__uuid__":"ecpdLyjvZBwrvm+cedCcQy"}],"_spriteFrame":{"__uuid__":"12NHqQYRFPBrimC8w7S++D"}}],"_prefab":{"__type__":"cc.PrefabInfo","root":{"__id__":1},"asset":{"__uuid__":"53LHc+ddVNXYwc0AzbUwz+"},"fileId":"edMEzXOdVF4LHBo6dzxd7h"},"_contentSize":{"__type__":"cc.Size","width":191,"height":69},"_trs":{"__type__":"TypedArray","ctor":"Float64Array","array":[-3.337,-75.514,0,0,0,0,1,1,1,1]}},{"__type__":"cc.Node","_name":"gold","_parent":{"__id__":28},"_components":[{"__type__":"cc.Label","node":{"__id__":32},"_materials":[{"__uuid__":"ecpdLyjvZBwrvm+cedCcQy"}],"_string":"2999","_N$string":"2999","_N$horizontalAlign":1,"_N$verticalAlign":1}],"_prefab":{"__type__":"cc.PrefabInfo","root":{"__id__":1},"asset":{"__uuid__":"53LHc+ddVNXYwc0AzbUwz+"},"fileId":"d90NNaIN9NOrJd6C8Ow0cK"},"_contentSize":{"__type__":"cc.Size","width":88.98,"height":50.4},"_trs":{"__type__":"TypedArray","ctor":"Float64Array","array":[16.574,-71.637,0,0,0,0,1,1,1,1]}},{"__type__":"cc.Node","_name":"fishSkin copy","_parent":{"__id__":14},"_children":[{"__id__":34},{"__id__":35},{"__id__":36},{"__id__":37}],"_components":[{"__type__":"0f096gs49VK3IIagjg2Q4m9","node":{"__id__":33},"goneNode":{"__id__":37},"fishNode":{"__id__":36},"goldNode":{"__id__":41}},{"__type__":"cc.Button","node":{"__id__":33},"clickEvents":[{"__type__":"cc.ClickEvent","target":{"__id__":1},"_componentId":"9c0b2I2TP5AupXhgBm43EVl","handler":"onclickSkin","customEventData":"3"}]}],"_prefab":{"__type__":"cc.PrefabInfo","root":{"__id__":1},"asset":{"__uuid__":"53LHc+ddVNXYwc0AzbUwz+"},"fileId":"9al8lUMgtG3qrA185YTww3"},"_contentSize":{"__type__":"cc.Size","width":263,"height":312},"_trs":{"__type__":"TypedArray","ctor":"Float64Array","array":[307.5,462,0,0,0,0,1,1,1,1]}},{"__type__":"cc.Node","_name":"select","_parent":{"__id__":33},"_active":false,"_components":[{"__type__":"cc.Sprite","node":{"__id__":34},"_materials":[{"__uuid__":"ecpdLyjvZBwrvm+cedCcQy"}],"_spriteFrame":{"__uuid__":"02NYkxmaNCQqxNQz5VRnng"}}],"_prefab":{"__type__":"cc.PrefabInfo","root":{"__id__":1},"asset":{"__uuid__":"53LHc+ddVNXYwc0AzbUwz+"},"fileId":"74Hp/eBXZEAZDiTzhzgyX5"},"_contentSize":{"__type__":"cc.Size","width":269,"height":319},"_trs":{"__type__":"TypedArray","ctor":"Float64Array","array":[0,0,0,0,0,0,1,1,1,1]}},{"__type__":"cc.Node","_name":"kuang","_parent":{"__id__":33},"_components":[{"__type__":"cc.Sprite","node":{"__id__":35},"_materials":[{"__uuid__":"ecpdLyjvZBwrvm+cedCcQy"}],"_spriteFrame":{"__uuid__":"c0IFKlV/pHjI7o9qBDnjZR"}}],"_prefab":{"__type__":"cc.PrefabInfo","root":{"__id__":1},"asset":{"__uuid__":"53LHc+ddVNXYwc0AzbUwz+"},"fileId":"13hGnkPjROzrV8Q9kZkAIu"},"_contentSize":{"__type__":"cc.Size","width":263,"height":312},"_trs":{"__type__":"TypedArray","ctor":"Float64Array","array":[0,0,0,0,0,0,1,1,1,1]}},{"__type__":"cc.Node","_name":"fish","_parent":{"__id__":33},"_components":[{"__type__":"cc.Sprite","node":{"__id__":36},"_materials":[{"__uuid__":"ecpdLyjvZBwrvm+cedCcQy"}],"_spriteFrame":{"__uuid__":"8dG4TfPPRFFJCJrsB8dHl4"}}],"_prefab":{"__type__":"cc.PrefabInfo","root":{"__id__":1},"asset":{"__uuid__":"53LHc+ddVNXYwc0AzbUwz+"},"fileId":"e0I6p6UiBNdaDDIoOWU2CT"},"_contentSize":{"__type__":"cc.Size","width":162,"height":104},"_trs":{"__type__":"TypedArray","ctor":"Float64Array","array":[0,39.34,0,0,0,0,1,1,1,1]}},{"__type__":"cc.Node","_name":"gone","_parent":{"__id__":33},"_children":[{"__id__":38},{"__id__":40},{"__id__":41}],"_prefab":{"__type__":"cc.PrefabInfo","root":{"__id__":1},"asset":{"__uuid__":"53LHc+ddVNXYwc0AzbUwz+"},"fileId":"63rWGwArBItoaq/0Kn+Z+N"},"_trs":{"__type__":"TypedArray","ctor":"Float64Array","array":[0,0,0,0,0,0,1,1,1,1]}},{"__type__":"cc.Node","_name":"mask","_parent":{"__id__":37},"_children":[{"__id__":39}],"_components":[{"__type__":"cc.Sprite","node":{"__id__":38},"_materials":[{"__uuid__":"ecpdLyjvZBwrvm+cedCcQy"}],"_spriteFrame":{"__uuid__":"77oyBFICJMiqmzEvl2Au81"}}],"_prefab":{"__type__":"cc.PrefabInfo","root":{"__id__":1},"asset":{"__uuid__":"53LHc+ddVNXYwc0AzbUwz+"},"fileId":"22MfHrqKBHcoTu9MuxWDxX"},"_contentSize":{"__type__":"cc.Size","width":263,"height":312},"_trs":{"__type__":"TypedArray","ctor":"Float64Array","array":[0,0,0,0,0,0,1,1,1,1]}},{"__type__":"cc.Node","_name":"suo","_parent":{"__id__":38},"_components":[{"__type__":"cc.Sprite","node":{"__id__":39},"_materials":[{"__uuid__":"ecpdLyjvZBwrvm+cedCcQy"}],"_spriteFrame":{"__uuid__":"339F9ixH9KfLpQBv6Gww3L"}}],"_prefab":{"__type__":"cc.PrefabInfo","root":{"__id__":1},"asset":{"__uuid__":"53LHc+ddVNXYwc0AzbUwz+"},"fileId":"ffOGghKIRLHqQOhexQ7qeK"},"_contentSize":{"__type__":"cc.Size","width":90,"height":120},"_trs":{"__type__":"TypedArray","ctor":"Float64Array","array":[0,0,0,0,0,0,1,1,1,1]}},{"__type__":"cc.Node","_name":"leftKuang","_parent":{"__id__":37},"_components":[{"__type__":"cc.Sprite","node":{"__id__":40},"_materials":[{"__uuid__":"ecpdLyjvZBwrvm+cedCcQy"}],"_spriteFrame":{"__uuid__":"12NHqQYRFPBrimC8w7S++D"}}],"_prefab":{"__type__":"cc.PrefabInfo","root":{"__id__":1},"asset":{"__uuid__":"53LHc+ddVNXYwc0AzbUwz+"},"fileId":"49oFNLN3lKj5zntc+p1iwx"},"_contentSize":{"__type__":"cc.Size","width":191,"height":69},"_trs":{"__type__":"TypedArray","ctor":"Float64Array","array":[-3.337,-75.514,0,0,0,0,1,1,1,1]}},{"__type__":"cc.Node","_name":"gold","_parent":{"__id__":37},"_components":[{"__type__":"cc.Label","node":{"__id__":41},"_materials":[{"__uuid__":"ecpdLyjvZBwrvm+cedCcQy"}],"_string":"2999","_N$string":"2999","_N$horizontalAlign":1,"_N$verticalAlign":1}],"_prefab":{"__type__":"cc.PrefabInfo","root":{"__id__":1},"asset":{"__uuid__":"53LHc+ddVNXYwc0AzbUwz+"},"fileId":"73jnjIOKpIF5NPa7FaltVb"},"_contentSize":{"__type__":"cc.Size","width":88.98,"height":50.4},"_trs":{"__type__":"TypedArray","ctor":"Float64Array","array":[16.574,-71.637,0,0,0,0,1,1,1,1]}},{"__type__":"cc.Node","_name":"fishSkin copy","_parent":{"__id__":14},"_children":[{"__id__":43},{"__id__":44},{"__id__":45},{"__id__":46}],"_components":[{"__type__":"0f096gs49VK3IIagjg2Q4m9","node":{"__id__":42},"goneNode":{"__id__":46},"fishNode":{"__id__":45},"goldNode":{"__id__":50}},{"__type__":"cc.Button","node":{"__id__":42},"clickEvents":[{"__type__":"cc.ClickEvent","target":{"__id__":1},"_componentId":"9c0b2I2TP5AupXhgBm43EVl","handler":"onclickSkin","customEventData":"4"}]}],"_prefab":{"__type__":"cc.PrefabInfo","root":{"__id__":1},"asset":{"__uuid__":"53LHc+ddVNXYwc0AzbUwz+"},"fileId":"11+yGnDI9FSZdwdlzXYJk6"},"_contentSize":{"__type__":"cc.Size","width":263,"height":312},"_trs":{"__type__":"TypedArray","ctor":"Float64Array","array":[-318.5,0,0,0,0,0,1,1,1,1]}},{"__type__":"cc.Node","_name":"select","_parent":{"__id__":42},"_active":false,"_components":[{"__type__":"cc.Sprite","node":{"__id__":43},"_materials":[{"__uuid__":"ecpdLyjvZBwrvm+cedCcQy"}],"_spriteFrame":{"__uuid__":"02NYkxmaNCQqxNQz5VRnng"}}],"_prefab":{"__type__":"cc.PrefabInfo","root":{"__id__":1},"asset":{"__uuid__":"53LHc+ddVNXYwc0AzbUwz+"},"fileId":"94dWGlG4dGbK7SpIJQcn7o"},"_contentSize":{"__type__":"cc.Size","width":269,"height":319},"_trs":{"__type__":"TypedArray","ctor":"Float64Array","array":[0,0,0,0,0,0,1,1,1,1]}},{"__type__":"cc.Node","_name":"kuang","_parent":{"__id__":42},"_components":[{"__type__":"cc.Sprite","node":{"__id__":44},"_materials":[{"__uuid__":"ecpdLyjvZBwrvm+cedCcQy"}],"_spriteFrame":{"__uuid__":"c0IFKlV/pHjI7o9qBDnjZR"}}],"_prefab":{"__type__":"cc.PrefabInfo","root":{"__id__":1},"asset":{"__uuid__":"53LHc+ddVNXYwc0AzbUwz+"},"fileId":"3bZZRg6ghHTKV8GNzfivJh"},"_contentSize":{"__type__":"cc.Size","width":263,"height":312},"_trs":{"__type__":"TypedArray","ctor":"Float64Array","array":[0,0,0,0,0,0,1,1,1,1]}},{"__type__":"cc.Node","_name":"fish","_parent":{"__id__":42},"_components":[{"__type__":"cc.Sprite","node":{"__id__":45},"_materials":[{"__uuid__":"ecpdLyjvZBwrvm+cedCcQy"}],"_spriteFrame":{"__uuid__":"33DaKTQ0pPsq8cgTB1zI25"}}],"_prefab":{"__type__":"cc.PrefabInfo","root":{"__id__":1},"asset":{"__uuid__":"53LHc+ddVNXYwc0AzbUwz+"},"fileId":"3dDWSlqm5EP4AA7ctyknc8"},"_contentSize":{"__type__":"cc.Size","width":163,"height":140},"_trs":{"__type__":"TypedArray","ctor":"Float64Array","array":[0,39.34,0,0,0,0,1,1,1,1]}},{"__type__":"cc.Node","_name":"gone","_parent":{"__id__":42},"_children":[{"__id__":47},{"__id__":49},{"__id__":50}],"_prefab":{"__type__":"cc.PrefabInfo","root":{"__id__":1},"asset":{"__uuid__":"53LHc+ddVNXYwc0AzbUwz+"},"fileId":"5bk2aAR6VMrKPL9SZnhNAv"},"_trs":{"__type__":"TypedArray","ctor":"Float64Array","array":[0,0,0,0,0,0,1,1,1,1]}},{"__type__":"cc.Node","_name":"mask","_parent":{"__id__":46},"_children":[{"__id__":48}],"_components":[{"__type__":"cc.Sprite","node":{"__id__":47},"_materials":[{"__uuid__":"ecpdLyjvZBwrvm+cedCcQy"}],"_spriteFrame":{"__uuid__":"77oyBFICJMiqmzEvl2Au81"}}],"_prefab":{"__type__":"cc.PrefabInfo","root":{"__id__":1},"asset":{"__uuid__":"53LHc+ddVNXYwc0AzbUwz+"},"fileId":"a8ClTRoxZEHLIi+Ly5CJe2"},"_contentSize":{"__type__":"cc.Size","width":263,"height":312},"_trs":{"__type__":"TypedArray","ctor":"Float64Array","array":[0,0,0,0,0,0,1,1,1,1]}},{"__type__":"cc.Node","_name":"suo","_parent":{"__id__":47},"_components":[{"__type__":"cc.Sprite","node":{"__id__":48},"_materials":[{"__uuid__":"ecpdLyjvZBwrvm+cedCcQy"}],"_spriteFrame":{"__uuid__":"339F9ixH9KfLpQBv6Gww3L"}}],"_prefab":{"__type__":"cc.PrefabInfo","root":{"__id__":1},"asset":{"__uuid__":"53LHc+ddVNXYwc0AzbUwz+"},"fileId":"66T1q6U75PxKzgP1ngZ6z6"},"_contentSize":{"__type__":"cc.Size","width":90,"height":120},"_trs":{"__type__":"TypedArray","ctor":"Float64Array","array":[0,0,0,0,0,0,1,1,1,1]}},{"__type__":"cc.Node","_name":"leftKuang","_parent":{"__id__":46},"_components":[{"__type__":"cc.Sprite","node":{"__id__":49},"_materials":[{"__uuid__":"ecpdLyjvZBwrvm+cedCcQy"}],"_spriteFrame":{"__uuid__":"12NHqQYRFPBrimC8w7S++D"}}],"_prefab":{"__type__":"cc.PrefabInfo","root":{"__id__":1},"asset":{"__uuid__":"53LHc+ddVNXYwc0AzbUwz+"},"fileId":"7fT79pPcZOU46in3f69xKF"},"_contentSize":{"__type__":"cc.Size","width":191,"height":69},"_trs":{"__type__":"TypedArray","ctor":"Float64Array","array":[-3.337,-75.514,0,0,0,0,1,1,1,1]}},{"__type__":"cc.Node","_name":"gold","_parent":{"__id__":46},"_components":[{"__type__":"cc.Label","node":{"__id__":50},"_materials":[{"__uuid__":"ecpdLyjvZBwrvm+cedCcQy"}],"_string":"2999","_N$string":"2999","_N$horizontalAlign":1,"_N$verticalAlign":1}],"_prefab":{"__type__":"cc.PrefabInfo","root":{"__id__":1},"asset":{"__uuid__":"53LHc+ddVNXYwc0AzbUwz+"},"fileId":"45Gmz+MS5JN5HjIMWAA1y0"},"_contentSize":{"__type__":"cc.Size","width":88.98,"height":50.4},"_trs":{"__type__":"TypedArray","ctor":"Float64Array","array":[16.574,-71.637,0,0,0,0,1,1,1,1]}},{"__type__":"cc.Node","_name":"fishSkin copy","_parent":{"__id__":14},"_children":[{"__id__":52},{"__id__":53},{"__id__":54},{"__id__":55}],"_components":[{"__type__":"0f096gs49VK3IIagjg2Q4m9","node":{"__id__":51},"goneNode":{"__id__":55},"fishNode":{"__id__":54},"goldNode":{"__id__":59}},{"__type__":"cc.Button","node":{"__id__":51},"clickEvents":[{"__type__":"cc.ClickEvent","target":{"__id__":1},"_componentId":"9c0b2I2TP5AupXhgBm43EVl","handler":"onclickSkin","customEventData":"5"}]}],"_prefab":{"__type__":"cc.PrefabInfo","root":{"__id__":1},"asset":{"__uuid__":"53LHc+ddVNXYwc0AzbUwz+"},"fileId":"d3Pbxx/WNLjZdRfk3muwSN"},"_contentSize":{"__type__":"cc.Size","width":263,"height":312},"_trs":{"__type__":"TypedArray","ctor":"Float64Array","array":[-5.5,0,0,0,0,0,1,1,1,1]}},{"__type__":"cc.Node","_name":"select","_parent":{"__id__":51},"_active":false,"_components":[{"__type__":"cc.Sprite","node":{"__id__":52},"_materials":[{"__uuid__":"ecpdLyjvZBwrvm+cedCcQy"}],"_spriteFrame":{"__uuid__":"02NYkxmaNCQqxNQz5VRnng"}}],"_prefab":{"__type__":"cc.PrefabInfo","root":{"__id__":1},"asset":{"__uuid__":"53LHc+ddVNXYwc0AzbUwz+"},"fileId":"5er2C/foFBgbIkhQijC24r"},"_contentSize":{"__type__":"cc.Size","width":269,"height":319},"_trs":{"__type__":"TypedArray","ctor":"Float64Array","array":[0,0,0,0,0,0,1,1,1,1]}},{"__type__":"cc.Node","_name":"kuang","_parent":{"__id__":51},"_components":[{"__type__":"cc.Sprite","node":{"__id__":53},"_materials":[{"__uuid__":"ecpdLyjvZBwrvm+cedCcQy"}],"_spriteFrame":{"__uuid__":"c0IFKlV/pHjI7o9qBDnjZR"}}],"_prefab":{"__type__":"cc.PrefabInfo","root":{"__id__":1},"asset":{"__uuid__":"53LHc+ddVNXYwc0AzbUwz+"},"fileId":"ackNHxAMlN1pjCQkWnkA2Y"},"_contentSize":{"__type__":"cc.Size","width":263,"height":312},"_trs":{"__type__":"TypedArray","ctor":"Float64Array","array":[0,0,0,0,0,0,1,1,1,1]}},{"__type__":"cc.Node","_name":"fish","_parent":{"__id__":51},"_components":[{"__type__":"cc.Sprite","node":{"__id__":54},"_materials":[{"__uuid__":"ecpdLyjvZBwrvm+cedCcQy"}],"_spriteFrame":{"__uuid__":"abaqSxO59FIZ1lA0ZRkA5O"}}],"_prefab":{"__type__":"cc.PrefabInfo","root":{"__id__":1},"asset":{"__uuid__":"53LHc+ddVNXYwc0AzbUwz+"},"fileId":"df9AB6sedNTb5dEmQWrvKh"},"_contentSize":{"__type__":"cc.Size","width":168,"height":112},"_trs":{"__type__":"TypedArray","ctor":"Float64Array","array":[0,39.34,0,0,0,0,1,1,1,1]}},{"__type__":"cc.Node","_name":"gone","_parent":{"__id__":51},"_children":[{"__id__":56},{"__id__":58},{"__id__":59}],"_prefab":{"__type__":"cc.PrefabInfo","root":{"__id__":1},"asset":{"__uuid__":"53LHc+ddVNXYwc0AzbUwz+"},"fileId":"527TJRI3pOPK8i6bnEKCWq"},"_trs":{"__type__":"TypedArray","ctor":"Float64Array","array":[0,0,0,0,0,0,1,1,1,1]}},{"__type__":"cc.Node","_name":"mask","_parent":{"__id__":55},"_children":[{"__id__":57}],"_components":[{"__type__":"cc.Sprite","node":{"__id__":56},"_materials":[{"__uuid__":"ecpdLyjvZBwrvm+cedCcQy"}],"_spriteFrame":{"__uuid__":"77oyBFICJMiqmzEvl2Au81"}}],"_prefab":{"__type__":"cc.PrefabInfo","root":{"__id__":1},"asset":{"__uuid__":"53LHc+ddVNXYwc0AzbUwz+"},"fileId":"b8OKNrq0JAUZFVNdg1iiP2"},"_contentSize":{"__type__":"cc.Size","width":263,"height":312},"_trs":{"__type__":"TypedArray","ctor":"Float64Array","array":[0,0,0,0,0,0,1,1,1,1]}},{"__type__":"cc.Node","_name":"suo","_parent":{"__id__":56},"_components":[{"__type__":"cc.Sprite","node":{"__id__":57},"_materials":[{"__uuid__":"ecpdLyjvZBwrvm+cedCcQy"}],"_spriteFrame":{"__uuid__":"339F9ixH9KfLpQBv6Gww3L"}}],"_prefab":{"__type__":"cc.PrefabInfo","root":{"__id__":1},"asset":{"__uuid__":"53LHc+ddVNXYwc0AzbUwz+"},"fileId":"81G4wForZAg7qI95frGm9K"},"_contentSize":{"__type__":"cc.Size","width":90,"height":120},"_trs":{"__type__":"TypedArray","ctor":"Float64Array","array":[0,0,0,0,0,0,1,1,1,1]}},{"__type__":"cc.Node","_name":"leftKuang","_parent":{"__id__":55},"_components":[{"__type__":"cc.Sprite","node":{"__id__":58},"_materials":[{"__uuid__":"ecpdLyjvZBwrvm+cedCcQy"}],"_spriteFrame":{"__uuid__":"12NHqQYRFPBrimC8w7S++D"}}],"_prefab":{"__type__":"cc.PrefabInfo","root":{"__id__":1},"asset":{"__uuid__":"53LHc+ddVNXYwc0AzbUwz+"},"fileId":"85dJEgcAZHhIPMSFYr6O8R"},"_contentSize":{"__type__":"cc.Size","width":191,"height":69},"_trs":{"__type__":"TypedArray","ctor":"Float64Array","array":[-3.337,-75.514,0,0,0,0,1,1,1,1]}},{"__type__":"cc.Node","_name":"gold","_parent":{"__id__":55},"_components":[{"__type__":"cc.Label","node":{"__id__":59},"_materials":[{"__uuid__":"ecpdLyjvZBwrvm+cedCcQy"}],"_string":"2999","_N$string":"2999","_N$horizontalAlign":1,"_N$verticalAlign":1}],"_prefab":{"__type__":"cc.PrefabInfo","root":{"__id__":1},"asset":{"__uuid__":"53LHc+ddVNXYwc0AzbUwz+"},"fileId":"bbcqSNkMJEDa9VxKCmmiAl"},"_contentSize":{"__type__":"cc.Size","width":88.98,"height":50.4},"_trs":{"__type__":"TypedArray","ctor":"Float64Array","array":[16.574,-71.637,0,0,0,0,1,1,1,1]}},{"__type__":"cc.Node","_name":"fishSkin copy","_parent":{"__id__":14},"_children":[{"__id__":61},{"__id__":62},{"__id__":63},{"__id__":64}],"_components":[{"__type__":"0f096gs49VK3IIagjg2Q4m9","node":{"__id__":60},"goneNode":{"__id__":64},"fishNode":{"__id__":63},"goldNode":{"__id__":68}},{"__type__":"cc.Button","node":{"__id__":60},"clickEvents":[{"__type__":"cc.ClickEvent","target":{"__id__":1},"_componentId":"9c0b2I2TP5AupXhgBm43EVl","handler":"onclickSkin","customEventData":"6"}]}],"_prefab":{"__type__":"cc.PrefabInfo","root":{"__id__":1},"asset":{"__uuid__":"53LHc+ddVNXYwc0AzbUwz+"},"fileId":"230B/5xIpB+7RAsBBb0UuR"},"_contentSize":{"__type__":"cc.Size","width":263,"height":312},"_trs":{"__type__":"TypedArray","ctor":"Float64Array","array":[307.5,0,0,0,0,0,1,1,1,1]}},{"__type__":"cc.Node","_name":"select","_parent":{"__id__":60},"_active":false,"_components":[{"__type__":"cc.Sprite","node":{"__id__":61},"_materials":[{"__uuid__":"ecpdLyjvZBwrvm+cedCcQy"}],"_spriteFrame":{"__uuid__":"02NYkxmaNCQqxNQz5VRnng"}}],"_prefab":{"__type__":"cc.PrefabInfo","root":{"__id__":1},"asset":{"__uuid__":"53LHc+ddVNXYwc0AzbUwz+"},"fileId":"38PNEoaldDfar2a2MsoGjO"},"_contentSize":{"__type__":"cc.Size","width":269,"height":319},"_trs":{"__type__":"TypedArray","ctor":"Float64Array","array":[0,0,0,0,0,0,1,1,1,1]}},{"__type__":"cc.Node","_name":"kuang","_parent":{"__id__":60},"_components":[{"__type__":"cc.Sprite","node":{"__id__":62},"_materials":[{"__uuid__":"ecpdLyjvZBwrvm+cedCcQy"}],"_spriteFrame":{"__uuid__":"c0IFKlV/pHjI7o9qBDnjZR"}}],"_prefab":{"__type__":"cc.PrefabInfo","root":{"__id__":1},"asset":{"__uuid__":"53LHc+ddVNXYwc0AzbUwz+"},"fileId":"04f7+W6UxF3IODSkzYmlCN"},"_contentSize":{"__type__":"cc.Size","width":263,"height":312},"_trs":{"__type__":"TypedArray","ctor":"Float64Array","array":[0,0,0,0,0,0,1,1,1,1]}},{"__type__":"cc.Node","_name":"fish","_parent":{"__id__":60},"_components":[{"__type__":"cc.Sprite","node":{"__id__":63},"_materials":[{"__uuid__":"ecpdLyjvZBwrvm+cedCcQy"}],"_spriteFrame":{"__uuid__":"ddj+wqeINBpJ4uqN3Vvhrz"}}],"_prefab":{"__type__":"cc.PrefabInfo","root":{"__id__":1},"asset":{"__uuid__":"53LHc+ddVNXYwc0AzbUwz+"},"fileId":"e7b6+0u8FKrI7D+YLnZLnD"},"_contentSize":{"__type__":"cc.Size","width":163,"height":86},"_trs":{"__type__":"TypedArray","ctor":"Float64Array","array":[0,39.34,0,0,0,0,1,1,1,1]}},{"__type__":"cc.Node","_name":"gone","_parent":{"__id__":60},"_children":[{"__id__":65},{"__id__":67},{"__id__":68}],"_prefab":{"__type__":"cc.PrefabInfo","root":{"__id__":1},"asset":{"__uuid__":"53LHc+ddVNXYwc0AzbUwz+"},"fileId":"e2OAuOgTlKzp5s3/9/EUBf"},"_trs":{"__type__":"TypedArray","ctor":"Float64Array","array":[0,0,0,0,0,0,1,1,1,1]}},{"__type__":"cc.Node","_name":"mask","_parent":{"__id__":64},"_children":[{"__id__":66}],"_components":[{"__type__":"cc.Sprite","node":{"__id__":65},"_materials":[{"__uuid__":"ecpdLyjvZBwrvm+cedCcQy"}],"_spriteFrame":{"__uuid__":"77oyBFICJMiqmzEvl2Au81"}}],"_prefab":{"__type__":"cc.PrefabInfo","root":{"__id__":1},"asset":{"__uuid__":"53LHc+ddVNXYwc0AzbUwz+"},"fileId":"daOrd2mq5G5pTPazDQGP7l"},"_contentSize":{"__type__":"cc.Size","width":263,"height":312},"_trs":{"__type__":"TypedArray","ctor":"Float64Array","array":[0,0,0,0,0,0,1,1,1,1]}},{"__type__":"cc.Node","_name":"suo","_parent":{"__id__":65},"_components":[{"__type__":"cc.Sprite","node":{"__id__":66},"_materials":[{"__uuid__":"ecpdLyjvZBwrvm+cedCcQy"}],"_spriteFrame":{"__uuid__":"339F9ixH9KfLpQBv6Gww3L"}}],"_prefab":{"__type__":"cc.PrefabInfo","root":{"__id__":1},"asset":{"__uuid__":"53LHc+ddVNXYwc0AzbUwz+"},"fileId":"c3YApCmZRJiagloFVZ/lsC"},"_contentSize":{"__type__":"cc.Size","width":90,"height":120},"_trs":{"__type__":"TypedArray","ctor":"Float64Array","array":[0,0,0,0,0,0,1,1,1,1]}},{"__type__":"cc.Node","_name":"leftKuang","_parent":{"__id__":64},"_components":[{"__type__":"cc.Sprite","node":{"__id__":67},"_materials":[{"__uuid__":"ecpdLyjvZBwrvm+cedCcQy"}],"_spriteFrame":{"__uuid__":"12NHqQYRFPBrimC8w7S++D"}}],"_prefab":{"__type__":"cc.PrefabInfo","root":{"__id__":1},"asset":{"__uuid__":"53LHc+ddVNXYwc0AzbUwz+"},"fileId":"b6Tl+tz1lIWK6ck1rp2jYh"},"_contentSize":{"__type__":"cc.Size","width":191,"height":69},"_trs":{"__type__":"TypedArray","ctor":"Float64Array","array":[-3.337,-75.514,0,0,0,0,1,1,1,1]}},{"__type__":"cc.Node","_name":"gold","_parent":{"__id__":64},"_components":[{"__type__":"cc.Label","node":{"__id__":68},"_materials":[{"__uuid__":"ecpdLyjvZBwrvm+cedCcQy"}],"_string":"2999","_N$string":"2999","_N$horizontalAlign":1,"_N$verticalAlign":1}],"_prefab":{"__type__":"cc.PrefabInfo","root":{"__id__":1},"asset":{"__uuid__":"53LHc+ddVNXYwc0AzbUwz+"},"fileId":"2cr9F+0HhJSrHIn2XGRPHa"},"_contentSize":{"__type__":"cc.Size","width":88.98,"height":50.4},"_trs":{"__type__":"TypedArray","ctor":"Float64Array","array":[16.574,-71.637,0,0,0,0,1,1,1,1]}},{"__type__":"cc.Node","_name":"fishSkin copy","_parent":{"__id__":14},"_children":[{"__id__":70},{"__id__":71},{"__id__":72},{"__id__":73}],"_components":[{"__type__":"0f096gs49VK3IIagjg2Q4m9","node":{"__id__":69},"goneNode":{"__id__":73},"fishNode":{"__id__":72},"goldNode":{"__id__":77}},{"__type__":"cc.Button","node":{"__id__":69},"clickEvents":[{"__type__":"cc.ClickEvent","target":{"__id__":1},"_componentId":"9c0b2I2TP5AupXhgBm43EVl","handler":"onclickSkin","customEventData":"7"}]}],"_prefab":{"__type__":"cc.PrefabInfo","root":{"__id__":1},"asset":{"__uuid__":"53LHc+ddVNXYwc0AzbUwz+"},"fileId":"8899+o3DpLFZ3zUDM3exqg"},"_contentSize":{"__type__":"cc.Size","width":263,"height":312},"_trs":{"__type__":"TypedArray","ctor":"Float64Array","array":[-318.5,-462,0,0,0,0,1,1,1,1]}},{"__type__":"cc.Node","_name":"select","_parent":{"__id__":69},"_active":false,"_components":[{"__type__":"cc.Sprite","node":{"__id__":70},"_materials":[{"__uuid__":"ecpdLyjvZBwrvm+cedCcQy"}],"_spriteFrame":{"__uuid__":"02NYkxmaNCQqxNQz5VRnng"}}],"_prefab":{"__type__":"cc.PrefabInfo","root":{"__id__":1},"asset":{"__uuid__":"53LHc+ddVNXYwc0AzbUwz+"},"fileId":"df6BxbsoZC8qU329k51ds/"},"_contentSize":{"__type__":"cc.Size","width":269,"height":319},"_trs":{"__type__":"TypedArray","ctor":"Float64Array","array":[0,0,0,0,0,0,1,1,1,1]}},{"__type__":"cc.Node","_name":"kuang","_parent":{"__id__":69},"_components":[{"__type__":"cc.Sprite","node":{"__id__":71},"_materials":[{"__uuid__":"ecpdLyjvZBwrvm+cedCcQy"}],"_spriteFrame":{"__uuid__":"c0IFKlV/pHjI7o9qBDnjZR"}}],"_prefab":{"__type__":"cc.PrefabInfo","root":{"__id__":1},"asset":{"__uuid__":"53LHc+ddVNXYwc0AzbUwz+"},"fileId":"0epMPFnslJbYBv6aVe4YpI"},"_contentSize":{"__type__":"cc.Size","width":263,"height":312},"_trs":{"__type__":"TypedArray","ctor":"Float64Array","array":[0,0,0,0,0,0,1,1,1,1]}},{"__type__":"cc.Node","_name":"fish","_parent":{"__id__":69},"_components":[{"__type__":"cc.Sprite","node":{"__id__":72},"_materials":[{"__uuid__":"ecpdLyjvZBwrvm+cedCcQy"}],"_spriteFrame":{"__uuid__":"38dRyo7Y9B14VVlzQRV9He"}}],"_prefab":{"__type__":"cc.PrefabInfo","root":{"__id__":1},"asset":{"__uuid__":"53LHc+ddVNXYwc0AzbUwz+"},"fileId":"d2EF3ExPZJIaYjWyjWXQJW"},"_contentSize":{"__type__":"cc.Size","width":170,"height":100},"_trs":{"__type__":"TypedArray","ctor":"Float64Array","array":[0,39.34,0,0,0,0,1,1,1,1]}},{"__type__":"cc.Node","_name":"gone","_parent":{"__id__":69},"_children":[{"__id__":74},{"__id__":76},{"__id__":77}],"_prefab":{"__type__":"cc.PrefabInfo","root":{"__id__":1},"asset":{"__uuid__":"53LHc+ddVNXYwc0AzbUwz+"},"fileId":"41o0ZooLNOrrsErOBK+aYP"},"_trs":{"__type__":"TypedArray","ctor":"Float64Array","array":[0,0,0,0,0,0,1,1,1,1]}},{"__type__":"cc.Node","_name":"mask","_parent":{"__id__":73},"_children":[{"__id__":75}],"_components":[{"__type__":"cc.Sprite","node":{"__id__":74},"_materials":[{"__uuid__":"ecpdLyjvZBwrvm+cedCcQy"}],"_spriteFrame":{"__uuid__":"77oyBFICJMiqmzEvl2Au81"}}],"_prefab":{"__type__":"cc.PrefabInfo","root":{"__id__":1},"asset":{"__uuid__":"53LHc+ddVNXYwc0AzbUwz+"},"fileId":"62sJo53NNG3KxGkoaOWtET"},"_contentSize":{"__type__":"cc.Size","width":263,"height":312},"_trs":{"__type__":"TypedArray","ctor":"Float64Array","array":[0,0,0,0,0,0,1,1,1,1]}},{"__type__":"cc.Node","_name":"suo","_parent":{"__id__":74},"_components":[{"__type__":"cc.Sprite","node":{"__id__":75},"_materials":[{"__uuid__":"ecpdLyjvZBwrvm+cedCcQy"}],"_spriteFrame":{"__uuid__":"339F9ixH9KfLpQBv6Gww3L"}}],"_prefab":{"__type__":"cc.PrefabInfo","root":{"__id__":1},"asset":{"__uuid__":"53LHc+ddVNXYwc0AzbUwz+"},"fileId":"53EEnCW+ZIP5g+1GM8Oteq"},"_contentSize":{"__type__":"cc.Size","width":90,"height":120},"_trs":{"__type__":"TypedArray","ctor":"Float64Array","array":[0,0,0,0,0,0,1,1,1,1]}},{"__type__":"cc.Node","_name":"leftKuang","_parent":{"__id__":73},"_components":[{"__type__":"cc.Sprite","node":{"__id__":76},"_materials":[{"__uuid__":"ecpdLyjvZBwrvm+cedCcQy"}],"_spriteFrame":{"__uuid__":"12NHqQYRFPBrimC8w7S++D"}}],"_prefab":{"__type__":"cc.PrefabInfo","root":{"__id__":1},"asset":{"__uuid__":"53LHc+ddVNXYwc0AzbUwz+"},"fileId":"cdcYA0ztFEMKlONMT/zgVH"},"_contentSize":{"__type__":"cc.Size","width":191,"height":69},"_trs":{"__type__":"TypedArray","ctor":"Float64Array","array":[-3.337,-75.514,0,0,0,0,1,1,1,1]}},{"__type__":"cc.Node","_name":"gold","_parent":{"__id__":73},"_components":[{"__type__":"cc.Label","node":{"__id__":77},"_materials":[{"__uuid__":"ecpdLyjvZBwrvm+cedCcQy"}],"_string":"2999","_N$string":"2999","_N$horizontalAlign":1,"_N$verticalAlign":1}],"_prefab":{"__type__":"cc.PrefabInfo","root":{"__id__":1},"asset":{"__uuid__":"53LHc+ddVNXYwc0AzbUwz+"},"fileId":"fcrGIcWYVEjryz0cpyFfYm"},"_contentSize":{"__type__":"cc.Size","width":88.98,"height":50.4},"_trs":{"__type__":"TypedArray","ctor":"Float64Array","array":[16.574,-71.637,0,0,0,0,1,1,1,1]}},{"__type__":"cc.Node","_name":"fishSkin copy","_parent":{"__id__":14},"_children":[{"__id__":79},{"__id__":80},{"__id__":81},{"__id__":82}],"_components":[{"__type__":"0f096gs49VK3IIagjg2Q4m9","node":{"__id__":78},"goneNode":{"__id__":82},"fishNode":{"__id__":81},"goldNode":{"__id__":86}},{"__type__":"cc.Button","node":{"__id__":78},"clickEvents":[{"__type__":"cc.ClickEvent","target":{"__id__":1},"_componentId":"9c0b2I2TP5AupXhgBm43EVl","handler":"onclickSkin","customEventData":"8"}]}],"_prefab":{"__type__":"cc.PrefabInfo","root":{"__id__":1},"asset":{"__uuid__":"53LHc+ddVNXYwc0AzbUwz+"},"fileId":"c0iPKhCMVKzbfnP68DJ6je"},"_contentSize":{"__type__":"cc.Size","width":263,"height":312},"_trs":{"__type__":"TypedArray","ctor":"Float64Array","array":[-5.5,-462,0,0,0,0,1,1,1,1]}},{"__type__":"cc.Node","_name":"select","_parent":{"__id__":78},"_active":false,"_components":[{"__type__":"cc.Sprite","node":{"__id__":79},"_materials":[{"__uuid__":"ecpdLyjvZBwrvm+cedCcQy"}],"_spriteFrame":{"__uuid__":"02NYkxmaNCQqxNQz5VRnng"}}],"_prefab":{"__type__":"cc.PrefabInfo","root":{"__id__":1},"asset":{"__uuid__":"53LHc+ddVNXYwc0AzbUwz+"},"fileId":"14swPsFcxECLQnWxjm2Kr8"},"_contentSize":{"__type__":"cc.Size","width":269,"height":319},"_trs":{"__type__":"TypedArray","ctor":"Float64Array","array":[0,0,0,0,0,0,1,1,1,1]}},{"__type__":"cc.Node","_name":"kuang","_parent":{"__id__":78},"_components":[{"__type__":"cc.Sprite","node":{"__id__":80},"_materials":[{"__uuid__":"ecpdLyjvZBwrvm+cedCcQy"}],"_spriteFrame":{"__uuid__":"c0IFKlV/pHjI7o9qBDnjZR"}}],"_prefab":{"__type__":"cc.PrefabInfo","root":{"__id__":1},"asset":{"__uuid__":"53LHc+ddVNXYwc0AzbUwz+"},"fileId":"e4UjowOMhGabD7w+syz1N7"},"_contentSize":{"__type__":"cc.Size","width":263,"height":312},"_trs":{"__type__":"TypedArray","ctor":"Float64Array","array":[0,0,0,0,0,0,1,1,1,1]}},{"__type__":"cc.Node","_name":"fish","_parent":{"__id__":78},"_components":[{"__type__":"cc.Sprite","node":{"__id__":81},"_materials":[{"__uuid__":"ecpdLyjvZBwrvm+cedCcQy"}],"_spriteFrame":{"__uuid__":"b2p6hO6HFJLLZVWjNI332n"}}],"_prefab":{"__type__":"cc.PrefabInfo","root":{"__id__":1},"asset":{"__uuid__":"53LHc+ddVNXYwc0AzbUwz+"},"fileId":"03+6DlXWNCYKfFYIkkACPI"},"_contentSize":{"__type__":"cc.Size","width":167,"height":79},"_trs":{"__type__":"TypedArray","ctor":"Float64Array","array":[0,39.34,0,0,0,0,1,1,1,1]}},{"__type__":"cc.Node","_name":"gone","_parent":{"__id__":78},"_children":[{"__id__":83},{"__id__":85},{"__id__":86}],"_prefab":{"__type__":"cc.PrefabInfo","root":{"__id__":1},"asset":{"__uuid__":"53LHc+ddVNXYwc0AzbUwz+"},"fileId":"64Pi0QOzZG0IN17+Upakft"},"_trs":{"__type__":"TypedArray","ctor":"Float64Array","array":[0,0,0,0,0,0,1,1,1,1]}},{"__type__":"cc.Node","_name":"mask","_parent":{"__id__":82},"_children":[{"__id__":84}],"_components":[{"__type__":"cc.Sprite","node":{"__id__":83},"_materials":[{"__uuid__":"ecpdLyjvZBwrvm+cedCcQy"}],"_spriteFrame":{"__uuid__":"77oyBFICJMiqmzEvl2Au81"}}],"_prefab":{"__type__":"cc.PrefabInfo","root":{"__id__":1},"asset":{"__uuid__":"53LHc+ddVNXYwc0AzbUwz+"},"fileId":"3fHSMgd9pMf49oRpiNJttx"},"_contentSize":{"__type__":"cc.Size","width":263,"height":312},"_trs":{"__type__":"TypedArray","ctor":"Float64Array","array":[0,0,0,0,0,0,1,1,1,1]}},{"__type__":"cc.Node","_name":"suo","_parent":{"__id__":83},"_components":[{"__type__":"cc.Sprite","node":{"__id__":84},"_materials":[{"__uuid__":"ecpdLyjvZBwrvm+cedCcQy"}],"_spriteFrame":{"__uuid__":"339F9ixH9KfLpQBv6Gww3L"}}],"_prefab":{"__type__":"cc.PrefabInfo","root":{"__id__":1},"asset":{"__uuid__":"53LHc+ddVNXYwc0AzbUwz+"},"fileId":"cfgF7FWG1JBINHum/mvHSm"},"_contentSize":{"__type__":"cc.Size","width":90,"height":120},"_trs":{"__type__":"TypedArray","ctor":"Float64Array","array":[0,0,0,0,0,0,1,1,1,1]}},{"__type__":"cc.Node","_name":"leftKuang","_parent":{"__id__":82},"_components":[{"__type__":"cc.Sprite","node":{"__id__":85},"_materials":[{"__uuid__":"ecpdLyjvZBwrvm+cedCcQy"}],"_spriteFrame":{"__uuid__":"12NHqQYRFPBrimC8w7S++D"}}],"_prefab":{"__type__":"cc.PrefabInfo","root":{"__id__":1},"asset":{"__uuid__":"53LHc+ddVNXYwc0AzbUwz+"},"fileId":"60fflk2EdHoqoJb7UC/Y8v"},"_contentSize":{"__type__":"cc.Size","width":191,"height":69},"_trs":{"__type__":"TypedArray","ctor":"Float64Array","array":[-3.337,-75.514,0,0,0,0,1,1,1,1]}},{"__type__":"cc.Node","_name":"gold","_parent":{"__id__":82},"_components":[{"__type__":"cc.Label","node":{"__id__":86},"_materials":[{"__uuid__":"ecpdLyjvZBwrvm+cedCcQy"}],"_string":"2999","_N$string":"2999","_N$horizontalAlign":1,"_N$verticalAlign":1}],"_prefab":{"__type__":"cc.PrefabInfo","root":{"__id__":1},"asset":{"__uuid__":"53LHc+ddVNXYwc0AzbUwz+"},"fileId":"b77tAPRU1ACYoyLiroc4Tx"},"_contentSize":{"__type__":"cc.Size","width":88.98,"height":50.4},"_trs":{"__type__":"TypedArray","ctor":"Float64Array","array":[16.574,-71.637,0,0,0,0,1,1,1,1]}},{"__type__":"cc.Node","_name":"fishSkin copy","_parent":{"__id__":14},"_children":[{"__id__":88},{"__id__":89},{"__id__":90},{"__id__":91}],"_components":[{"__type__":"0f096gs49VK3IIagjg2Q4m9","node":{"__id__":87},"goneNode":{"__id__":91},"fishNode":{"__id__":90},"goldNode":{"__id__":95}},{"__type__":"cc.Button","node":{"__id__":87},"clickEvents":[{"__type__":"cc.ClickEvent","target":{"__id__":1},"_componentId":"9c0b2I2TP5AupXhgBm43EVl","handler":"onclickSkin","customEventData":"9"}]}],"_prefab":{"__type__":"cc.PrefabInfo","root":{"__id__":1},"asset":{"__uuid__":"53LHc+ddVNXYwc0AzbUwz+"},"fileId":"b34N5iQFpOfL+9iKoYCZtI"},"_contentSize":{"__type__":"cc.Size","width":263,"height":312},"_trs":{"__type__":"TypedArray","ctor":"Float64Array","array":[307.5,-462,0,0,0,0,1,1,1,1]}},{"__type__":"cc.Node","_name":"select","_parent":{"__id__":87},"_active":false,"_components":[{"__type__":"cc.Sprite","node":{"__id__":88},"_materials":[{"__uuid__":"ecpdLyjvZBwrvm+cedCcQy"}],"_spriteFrame":{"__uuid__":"02NYkxmaNCQqxNQz5VRnng"}}],"_prefab":{"__type__":"cc.PrefabInfo","root":{"__id__":1},"asset":{"__uuid__":"53LHc+ddVNXYwc0AzbUwz+"},"fileId":"98IzpT0ApPOJrAXouKsmzf"},"_contentSize":{"__type__":"cc.Size","width":269,"height":319},"_trs":{"__type__":"TypedArray","ctor":"Float64Array","array":[0,0,0,0,0,0,1,1,1,1]}},{"__type__":"cc.Node","_name":"kuang","_parent":{"__id__":87},"_components":[{"__type__":"cc.Sprite","node":{"__id__":89},"_materials":[{"__uuid__":"ecpdLyjvZBwrvm+cedCcQy"}],"_spriteFrame":{"__uuid__":"c0IFKlV/pHjI7o9qBDnjZR"}}],"_prefab":{"__type__":"cc.PrefabInfo","root":{"__id__":1},"asset":{"__uuid__":"53LHc+ddVNXYwc0AzbUwz+"},"fileId":"7ePRwCWRVEx7WIgT4s3NFX"},"_contentSize":{"__type__":"cc.Size","width":263,"height":312},"_trs":{"__type__":"TypedArray","ctor":"Float64Array","array":[0,0,0,0,0,0,1,1,1,1]}},{"__type__":"cc.Node","_name":"fish","_parent":{"__id__":87},"_components":[{"__type__":"cc.Sprite","node":{"__id__":90},"_materials":[{"__uuid__":"ecpdLyjvZBwrvm+cedCcQy"}],"_spriteFrame":{"__uuid__":"49XqR7+cpHN43lS+u9biGC"}}],"_prefab":{"__type__":"cc.PrefabInfo","root":{"__id__":1},"asset":{"__uuid__":"53LHc+ddVNXYwc0AzbUwz+"},"fileId":"8e2PKH3q1ClZeqoU/KDFW+"},"_contentSize":{"__type__":"cc.Size","width":167,"height":80},"_trs":{"__type__":"TypedArray","ctor":"Float64Array","array":[0,39.34,0,0,0,0,1,1,1,1]}},{"__type__":"cc.Node","_name":"gone","_parent":{"__id__":87},"_children":[{"__id__":92},{"__id__":94},{"__id__":95}],"_prefab":{"__type__":"cc.PrefabInfo","root":{"__id__":1},"asset":{"__uuid__":"53LHc+ddVNXYwc0AzbUwz+"},"fileId":"83uFD5mEtJep150lDtMQjL"},"_trs":{"__type__":"TypedArray","ctor":"Float64Array","array":[0,0,0,0,0,0,1,1,1,1]}},{"__type__":"cc.Node","_name":"mask","_parent":{"__id__":91},"_children":[{"__id__":93}],"_components":[{"__type__":"cc.Sprite","node":{"__id__":92},"_materials":[{"__uuid__":"ecpdLyjvZBwrvm+cedCcQy"}],"_spriteFrame":{"__uuid__":"77oyBFICJMiqmzEvl2Au81"}}],"_prefab":{"__type__":"cc.PrefabInfo","root":{"__id__":1},"asset":{"__uuid__":"53LHc+ddVNXYwc0AzbUwz+"},"fileId":"4bMIj7P8JGmZOhwgN4hEpc"},"_contentSize":{"__type__":"cc.Size","width":263,"height":312},"_trs":{"__type__":"TypedArray","ctor":"Float64Array","array":[0,0,0,0,0,0,1,1,1,1]}},{"__type__":"cc.Node","_name":"suo","_parent":{"__id__":92},"_components":[{"__type__":"cc.Sprite","node":{"__id__":93},"_materials":[{"__uuid__":"ecpdLyjvZBwrvm+cedCcQy"}],"_spriteFrame":{"__uuid__":"339F9ixH9KfLpQBv6Gww3L"}}],"_prefab":{"__type__":"cc.PrefabInfo","root":{"__id__":1},"asset":{"__uuid__":"53LHc+ddVNXYwc0AzbUwz+"},"fileId":"e3Mue6kv5F07G7wx/1o7y1"},"_contentSize":{"__type__":"cc.Size","width":90,"height":120},"_trs":{"__type__":"TypedArray","ctor":"Float64Array","array":[0,0,0,0,0,0,1,1,1,1]}},{"__type__":"cc.Node","_name":"leftKuang","_parent":{"__id__":91},"_components":[{"__type__":"cc.Sprite","node":{"__id__":94},"_materials":[{"__uuid__":"ecpdLyjvZBwrvm+cedCcQy"}],"_spriteFrame":{"__uuid__":"12NHqQYRFPBrimC8w7S++D"}}],"_prefab":{"__type__":"cc.PrefabInfo","root":{"__id__":1},"asset":{"__uuid__":"53LHc+ddVNXYwc0AzbUwz+"},"fileId":"b8LxpPPjND/KfKUQqTsXlV"},"_contentSize":{"__type__":"cc.Size","width":191,"height":69},"_trs":{"__type__":"TypedArray","ctor":"Float64Array","array":[-3.337,-75.514,0,0,0,0,1,1,1,1]}},{"__type__":"cc.Node","_name":"gold","_parent":{"__id__":91},"_components":[{"__type__":"cc.Label","node":{"__id__":95},"_materials":[{"__uuid__":"ecpdLyjvZBwrvm+cedCcQy"}],"_string":"2999","_N$string":"2999","_N$horizontalAlign":1,"_N$verticalAlign":1}],"_prefab":{"__type__":"cc.PrefabInfo","root":{"__id__":1},"asset":{"__uuid__":"53LHc+ddVNXYwc0AzbUwz+"},"fileId":"5eNuFZI0BGHaDEYH3msr3/"},"_contentSize":{"__type__":"cc.Size","width":88.98,"height":50.4},"_trs":{"__type__":"TypedArray","ctor":"Float64Array","array":[16.574,-71.637,0,0,0,0,1,1,1,1]}}],{"__type__":"cc.SpriteFrame","content":{"name":"back","texture":"355yf/Q8FAY69eaYRZthWJ","rect":[0,0,123,129],"offset":[0,0],"originalSize":[123,129],"capInsets":[0,0,0,0]}},{"__type__":"cc.SpriteFrame","content":{"name":"skin_2","texture":"59SWE//zlNn6oTd1Dh33+6","rect":[0,0,167,88],"offset":[0,0],"originalSize":[167,88],"capInsets":[0,0,0,0]}},{"__type__":"cc.SpriteFrame","content":{"name":"skin_bg","texture":"63ire0HfhAjKUVwJ97Yj6N","rect":[0,0,720,1280],"offset":[0,0],"originalSize":[720,1280],"capInsets":[0,0,0,0]}},{"__type__":"cc.SpriteFrame","content":{"name":"skin_3","texture":"d6D6n1ZVFGCLDujBVRTK4F","rect":[0,0,162,104],"offset":[0,0],"originalSize":[162,104],"capInsets":[0,0,0,0]}},{"__type__":"cc.SpriteFrame","content":{"name":"skin_5","texture":"f6bqAGfSpCMqffoYXpvhpr","rect":[0,0,168,112],"offset":[0,0],"originalSize":[168,112],"capInsets":[0,0,0,0]}},{"__type__":"cc.SpriteFrame","content":{"name":"skin_8","texture":"22eFaFKApEPqLBtuDuUFiN","rect":[0,0,167,79],"offset":[0,0],"originalSize":[167,79],"capInsets":[0,0,0,0]}},{"__type__":"cc.SpriteFrame","content":{"name":"gang","texture":"80MUXNFS9D/7zb/iYSnzMr","rect":[0,0,939,73],"offset":[0,0],"originalSize":[939,73],"capInsets":[0,0,0,0]}},{"__type__":"cc.SpriteFrame","content":{"name":"skin_6","texture":"4aTC/+RrJKxKWnR2OTVd2w","rect":[0,0,163,86],"offset":[0,0],"originalSize":[163,86],"capInsets":[0,0,0,0]}}]