[{"__type__":"cc.SpriteFrame","content":{"name":"shortpower-en","texture":"6cLTU+c+9L/IjdzdNpxbbl","rect":[0,0,463,44],"offset":[0,0],"originalSize":[463,44],"capInsets":[0,0,0,0]}},[{"__type__":"cc.Prefab","_name":"PowerPanel","data":{"__id__":1}},{"__type__":"cc.Node","_name":"PowerPanel","_children":[{"__id__":2}],"_prefab":{"__type__":"cc.PrefabInfo","root":{"__id__":1},"asset":{"__uuid__":"f6+fW++/VJdJqqk1XlSI8i"},"fileId":"c1EDxNgpND0pDFTHp6L92H"},"_trs":{"__type__":"TypedArray","ctor":"Float64Array","array":[0,0,0,0,0,0,1,1,1,1]}},{"__type__":"cc.Node","_name":"Mask","_parent":{"__id__":1},"_children":[{"__id__":3},{"__id__":4},{"__id__":5},{"__id__":6},{"__id__":7}],"_components":[{"__type__":"cc.Sprite","node":{"__id__":2},"_materials":[{"__uuid__":"ecpdLyjvZBwrvm+cedCcQy"}],"_spriteFrame":{"__uuid__":"aeAfQaQqVNN7XMVuNpr0Xk"}}],"_prefab":{"__type__":"cc.PrefabInfo","root":{"__id__":1},"asset":{"__uuid__":"f6+fW++/VJdJqqk1XlSI8i"},"fileId":"00eOSnIUJMJoSd9QAkAyEC"},"_contentSize":{"__type__":"cc.Size","width":727,"height":857},"_trs":{"__type__":"TypedArray","ctor":"Float64Array","array":[0,0,0,0,0,0,1,1,1,1]}},{"__type__":"cc.Node","_name":"img_jbbz","_parent":{"__id__":2},"_components":[{"__type__":"cc.Sprite","node":{"__id__":3},"_materials":[{"__uuid__":"ecpdLyjvZBwrvm+cedCcQy"}],"_spriteFrame":{"__uuid__":"d6E0BNGHBLS6uCntsrFPV6"}}],"_prefab":{"__type__":"cc.PrefabInfo","root":{"__id__":1},"asset":{"__uuid__":"f6+fW++/VJdJqqk1XlSI8i"},"fileId":"fc1M+PvORDVZhb219FVZVV"},"_contentSize":{"__type__":"cc.Size","width":463,"height":44},"_trs":{"__type__":"TypedArray","ctor":"Float64Array","array":[0,182,0,0,0,0,1,1,1,1]}},{"__type__":"cc.Node","_name":"coin_jbbz","_parent":{"__id__":2},"_components":[{"__type__":"cc.Sprite","node":{"__id__":4},"_materials":[{"__uuid__":"ecpdLyjvZBwrvm+cedCcQy"}],"_spriteFrame":{"__uuid__":"e53vqpVStGzbGZvSTT6L2A"}}],"_prefab":{"__type__":"cc.PrefabInfo","root":{"__id__":1},"asset":{"__uuid__":"f6+fW++/VJdJqqk1XlSI8i"},"fileId":"dcNM5+RspKNrIP1TYWL/RB"},"_contentSize":{"__type__":"cc.Size","width":54,"height":79},"_trs":{"__type__":"TypedArray","ctor":"Float64Array","array":[0,-28.66,0,0,0,0,1,2.5,2.5,1]}},{"__type__":"cc.Node","_name":"New Label","_parent":{"__id__":2},"_components":[{"__type__":"cc.Label","node":{"__id__":5},"_materials":[{"__uuid__":"ecpdLyjvZBwrvm+cedCcQy"}],"_useOriginalSize":false,"_string":"5","_N$string":"5","_fontSize":58,"_styleFlags":1,"_N$horizontalAlign":1,"_N$verticalAlign":1}],"_prefab":{"__type__":"cc.PrefabInfo","root":{"__id__":1},"asset":{"__uuid__":"f6+fW++/VJdJqqk1XlSI8i"},"fileId":"7e3/U0qD5CmruAAbxKIYJq"},"_contentSize":{"__type__":"cc.Size","width":32.26,"height":50.4},"_trs":{"__type__":"TypedArray","ctor":"Float64Array","array":[0,-174.602,0,0,0,0,1,1,1,1]}},{"__type__":"cc.Node","_name":"shortpower","_parent":{"__id__":2},"_components":[{"__type__":"cc.Sprite","node":{"__id__":6},"_materials":[{"__uuid__":"ecpdLyjvZBwrvm+cedCcQy"}],"_spriteFrame":{"__uuid__":"a6JfOnsGtPZogJn8jP5Gqz"}},{"__type__":"cc.Button","node":{"__id__":6},"_N$transition":3,"transition":3}],"_prefab":{"__type__":"cc.PrefabInfo","root":{"__id__":1},"asset":{"__uuid__":"f6+fW++/VJdJqqk1XlSI8i"},"fileId":"ceK8k7Qs1P+Z8pcvs86Shl"},"_contentSize":{"__type__":"cc.Size","width":443,"height":157},"_trs":{"__type__":"TypedArray","ctor":"Float64Array","array":[0,-300,0,0,0,0,1,1,1,0]}},{"__type__":"cc.Node","_name":"close","_parent":{"__id__":2},"_components":[{"__type__":"cc.Sprite","node":{"__id__":7},"_materials":[{"__uuid__":"ecpdLyjvZBwrvm+cedCcQy"}],"_spriteFrame":{"__uuid__":"cdnMcnzoBE9KKZbA3d7a+G"}},{"__type__":"cc.Button","node":{"__id__":7},"_N$transition":3,"transition":3}],"_prefab":{"__type__":"cc.PrefabInfo","root":{"__id__":1},"asset":{"__uuid__":"f6+fW++/VJdJqqk1XlSI8i"},"fileId":"a81cv/UddFOLf8AVahjWiq"},"_contentSize":{"__type__":"cc.Size","width":122,"height":108},"_trs":{"__type__":"TypedArray","ctor":"Float64Array","array":[350.821,391.874,0,0,0,0,1,1,1,0]}}]]