[[{"__type__":"cc.Prefab","_name":"UIDerived41","data":{"__id__":1}},{"__type__":"cc.Node","_name":"UIDerived46","_children":[{"__type__":"cc.Node","_name":"bule_node","_parent":{"__id__":1},"_prefab":{"__type__":"cc.PrefabInfo","root":{"__id__":1},"asset":{"__uuid__":"076C/w345JL4m64wXM55tr"},"fileId":"035s/3muRIOLYXSj28b+jc"},"_trs":{"__type__":"TypedArray","ctor":"Float64Array","array":[0,0,0,0,0,0,1,1,1,1]}},{"__type__":"cc.Node","_name":"greenwater_node","_parent":{"__id__":1},"_prefab":{"__type__":"cc.PrefabInfo","root":{"__id__":1},"asset":{"__uuid__":"076C/w345JL4m64wXM55tr"},"fileId":"c94YwhGQJF1pCH3B6Xbu+L"},"_trs":{"__type__":"TypedArray","ctor":"Float64Array","array":[0,0,0,0,0,0,1,1,1,1]}},{"__type__":"cc.Node","_name":"redwater_node","_parent":{"__id__":1},"_prefab":{"__type__":"cc.PrefabInfo","root":{"__id__":1},"asset":{"__uuid__":"076C/w345JL4m64wXM55tr"},"fileId":"4d023149ZJa4mU8MCxRHSp"},"_trs":{"__type__":"TypedArray","ctor":"Float64Array","array":[0,0,0,0,0,0,1,1,1,1]}},{"__id__":2},{"__id__":3},{"__id__":4},{"__id__":5},{"__type__":"cc.Node","_name":"greenPos_node","_parent":{"__id__":1},"_prefab":{"__type__":"cc.PrefabInfo","root":{"__id__":1},"asset":{"__uuid__":"076C/w345JL4m64wXM55tr"},"fileId":"dcKGfkuGpEyYS3VLiSDkCl"},"_trs":{"__type__":"TypedArray","ctor":"Float64Array","array":[0,0,0,0,0,0,1,1,1,1]}},{"__type__":"cc.Node","_name":"player","_parent":{"__id__":1},"_prefab":{"__type__":"cc.PrefabInfo","root":{"__id__":1},"asset":{"__uuid__":"076C/w345JL4m64wXM55tr"},"fileId":"7cFca8q0xMAKV6PFHr65mz"},"_contentSize":{"__type__":"cc.Size","width":240,"height":140},"_trs":{"__type__":"TypedArray","ctor":"Float64Array","array":[138.276,-593.112,0,0,0,0,1,-0.7,0.7,1]}},{"__id__":6},{"__id__":8},{"__id__":10},{"__id__":12},{"__id__":14}],"_components":[{"__type__":"cc.Sprite","node":{"__id__":1},"_materials":[{"__uuid__":"ecpdLyjvZBwrvm+cedCcQy"}],"_spriteFrame":{"__uuid__":"49QJac1qdGu7Hc+YYVCrD/"}},{"__type__":"1100eDGpRlLMYp5CrYQGpcQ","node":{"__id__":1}},{"__type__":"cc.RigidBody","node":{"__id__":1},"_type":0},{"__type__":"cc.PhysicsPolygonCollider","node":{"__id__":1},"_offset":{"__type__":"cc.Vec2","x":-443,"y":707},"points":[{"__type__":"cc.Vec2","x":-53,"y":-1463},{"__type__":"cc.Vec2","x":944,"y":-1469},{"__type__":"cc.Vec2","x":944,"y":53},{"__type__":"cc.Vec2","x":-47,"y":50},{"__type__":"cc.Vec2","x":245,"y":4},{"__type__":"cc.Vec2","x":631,"y":9},{"__type__":"cc.Vec2","x":662.1,"y":-729.5},{"__type__":"cc.Vec2","x":682.5,"y":-748.1},{"__type__":"cc.Vec2","x":872.9,"y":-745.7},{"__type__":"cc.Vec2","x":891.2,"y":-768.6},{"__type__":"cc.Vec2","x":896.9,"y":-809.4},{"__type__":"cc.Vec2","x":880.9,"y":-881.7},{"__type__":"cc.Vec2","x":851.5,"y":-896.8},{"__type__":"cc.Vec2","x":627.1,"y":-904.3},{"__type__":"cc.Vec2","x":596.8,"y":-916.4},{"__type__":"cc.Vec2","x":574,"y":-937.7},{"__type__":"cc.Vec2","x":572.5,"y":-984.2},{"__type__":"cc.Vec2","x":585.9,"y":-1031.1},{"__type__":"cc.Vec2","x":625.9,"y":-1078},{"__type__":"cc.Vec2","x":766,"y":-1199.4},{"__type__":"cc.Vec2","x":789.2,"y":-1306.9},{"__type__":"cc.Vec2","x":758.7,"y":-1391.5},{"__type__":"cc.Vec2","x":660.5,"y":-1415.6},{"__type__":"cc.Vec2","x":528.2,"y":-1397.3},{"__type__":"cc.Vec2","x":472,"y":-1361},{"__type__":"cc.Vec2","x":455.7,"y":-1301.6},{"__type__":"cc.Vec2","x":457.2,"y":-1196.3},{"__type__":"cc.Vec2","x":439.4,"y":-1039.4},{"__type__":"cc.Vec2","x":416.7,"y":-1022.6},{"__type__":"cc.Vec2","x":136.9,"y":-1068},{"__type__":"cc.Vec2","x":118.9,"y":-1102.5},{"__type__":"cc.Vec2","x":139.6,"y":-1168.8},{"__type__":"cc.Vec2","x":175.5,"y":-1193.9},{"__type__":"cc.Vec2","x":251.6,"y":-1198.2},{"__type__":"cc.Vec2","x":307.6,"y":-1222.9},{"__type__":"cc.Vec2","x":333.4,"y":-1260.9},{"__type__":"cc.Vec2","x":343,"y":-1341.9},{"__type__":"cc.Vec2","x":324.4,"y":-1389.5},{"__type__":"cc.Vec2","x":232.2,"y":-1418.6},{"__type__":"cc.Vec2","x":117.1,"y":-1420.1},{"__type__":"cc.Vec2","x":33.3,"y":-1367.4},{"__type__":"cc.Vec2","x":5.5,"y":-1303.3},{"__type__":"cc.Vec2","x":-3,"y":-618},{"__type__":"cc.Vec2","x":37,"y":-513},{"__type__":"cc.Vec2","x":118.7,"y":-451.3},{"__type__":"cc.Vec2","x":220.1,"y":-435},{"__type__":"cc.Vec2","x":242.6,"y":-417.5},{"__type__":"cc.Vec2","x":248.3,"y":2.5},{"__type__":"cc.Vec2","x":-50,"y":50}]},{"__type__":"cc.PhysicsPolygonCollider","node":{"__id__":1},"_offset":{"__type__":"cc.Vec2","x":-293,"y":98},"points":[{"__type__":"cc.Vec2","x":-48.5,"y":-79.5},{"__type__":"cc.Vec2","x":296.9,"y":-81.1},{"__type__":"cc.Vec2","x":308.2,"y":81.2},{"__type__":"cc.Vec2","x":280.9,"y":106.8},{"__type__":"cc.Vec2","x":-48.5,"y":42.4}]}],"_prefab":{"__type__":"cc.PrefabInfo","root":{"__id__":1},"asset":{"__uuid__":"076C/w345JL4m64wXM55tr"},"fileId":"9fEQM9aCRIsp/iUGIz27Pq"},"_contentSize":{"__type__":"cc.Size","width":988,"height":1514},"_trs":{"__type__":"TypedArray","ctor":"Float64Array","array":[0,2.694,0,0,0,0,1,1,1,1]}},{"__type__":"cc.Node","_name":"black_node","_parent":{"__id__":1},"_components":[{"__type__":"6c0e8KZwr5L34azTYX21stu","node":{"__id__":2}}],"_prefab":{"__type__":"cc.PrefabInfo","root":{"__id__":1},"asset":{"__uuid__":"076C/w345JL4m64wXM55tr"},"fileId":"2aO+CU56BNdoxw/jMoYmu4"},"_trs":{"__type__":"TypedArray","ctor":"Float64Array","array":[0,0,0,0,0,0,1,1,1,1]}},{"__type__":"cc.Node","_name":"gray_node","_parent":{"__id__":1},"_components":[{"__type__":"3400dF2d2tHLK8+En9baGXY","node":{"__id__":3},"grey_prefab":{"__uuid__":"13FEeEL1NMaK5TFGpFQpJr"}}],"_prefab":{"__type__":"cc.PrefabInfo","root":{"__id__":1},"asset":{"__uuid__":"076C/w345JL4m64wXM55tr"},"fileId":"1er3E5MsdGb55sFvoNwj3+"},"_trs":{"__type__":"TypedArray","ctor":"Float64Array","array":[0,0,0,0,0,0,1,1,1,1]}},{"__type__":"cc.Node","_name":"bulePos_node","_parent":{"__id__":1},"_children":[{"__type__":"cc.Node","_name":"New Node","_parent":{"__id__":4},"_prefab":{"__type__":"cc.PrefabInfo","root":{"__id__":1},"asset":{"__uuid__":"076C/w345JL4m64wXM55tr"},"fileId":"92O6Cu8VZF0INuBjOnop39"},"_trs":{"__type__":"TypedArray","ctor":"Float64Array","array":[62.947,-77.124,0,0,0,0,1,1,1,1]}}],"_prefab":{"__type__":"cc.PrefabInfo","root":{"__id__":1},"asset":{"__uuid__":"076C/w345JL4m64wXM55tr"},"fileId":"a9Mw7t42FKbYXP6lu3zvW+"},"_trs":{"__type__":"TypedArray","ctor":"Float64Array","array":[0,0,0,0,0,0,1,1,1,1]}},{"__type__":"cc.Node","_name":"redPos_node","_parent":{"__id__":1},"_children":[{"__type__":"cc.Node","_name":"New Node","_parent":{"__id__":5},"_prefab":{"__type__":"cc.PrefabInfo","root":{"__id__":1},"asset":{"__uuid__":"076C/w345JL4m64wXM55tr"},"fileId":"1833qX1xNNSqatC7zQhQWn"},"_trs":{"__type__":"TypedArray","ctor":"Float64Array","array":[66.516,294.995,0,0,0,0,1,1,1,1]}}],"_prefab":{"__type__":"cc.PrefabInfo","root":{"__id__":1},"asset":{"__uuid__":"076C/w345JL4m64wXM55tr"},"fileId":"74yRgpl4lDsoCN0Ii6+RIB"},"_trs":{"__type__":"TypedArray","ctor":"Float64Array","array":[0,0,0,0,0,0,1,1,1,1]}},{"__type__":"cc.Node","_name":"zhenNode","_parent":{"__id__":1},"_children":[{"__id__":7}],"_prefab":{"__type__":"cc.PrefabInfo","root":{"__id__":1},"asset":{"__uuid__":"076C/w345JL4m64wXM55tr"},"fileId":"03+hinhBpJFoetG8+IOMqy"},"_trs":{"__type__":"TypedArray","ctor":"Float64Array","array":[10.383,218.737,0,0,0,0.0962974391029841,0.9953526024591522,1,1,1]},"_eulerAngles":{"__type__":"cc.Vec3","z":11.052},"_groupIndex":8,"groupIndex":8},{"__type__":"cc.Node","_name":"zhen","_parent":{"__id__":6},"_components":[{"__type__":"cc.Sprite","node":{"__id__":7},"_materials":[{"__uuid__":"ecpdLyjvZBwrvm+cedCcQy"}],"_spriteFrame":{"__uuid__":"81u1O4l2lM2IGXbUA/0aw7"},"_type":1,"_sizeMode":0},{"__type__":"cc.RigidBody","node":{"__id__":7},"_type":3,"_allowSleep":false,"_gravityScale":0,"_fixedRotation":true,"enabledContactListener":true,"bullet":true},{"__type__":"cc.PhysicsPolygonCollider","node":{"__id__":7},"tag":222,"_offset":{"__type__":"cc.Vec2","x":310,"y":-2},"points":[{"__type__":"cc.Vec2","x":-49.7,"y":-53.7},{"__type__":"cc.Vec2","x":61,"y":-53.6},{"__type__":"cc.Vec2","x":63,"y":67.4},{"__type__":"cc.Vec2","x":-48.4,"y":69},{"__type__":"cc.Vec2","x":-52.2,"y":41.4},{"__type__":"cc.Vec2","x":-670.4,"y":38.5},{"__type__":"cc.Vec2","x":-680,"y":-42},{"__type__":"cc.Vec2","x":-49.2,"y":-34.3}]},{"__type__":"72555Q9muRD1505Zi2fOOxm","node":{"__id__":7},"linevelocityX":500}],"_prefab":{"__type__":"cc.PrefabInfo","root":{"__id__":1},"asset":{"__uuid__":"076C/w345JL4m64wXM55tr"},"fileId":"9fMjUqoKlHvrKjmaoFmpvZ"},"_contentSize":{"__type__":"cc.Size","width":741,"height":111},"_trs":{"__type__":"TypedArray","ctor":"Float64Array","array":[0,0,0,0,0,0,1,0.8,0.8,0.8]},"_groupIndex":8,"groupIndex":8},{"__type__":"cc.Node","_name":"zhenNode","_parent":{"__id__":1},"_children":[{"__id__":9}],"_prefab":{"__type__":"cc.PrefabInfo","root":{"__id__":1},"asset":{"__uuid__":"076C/w345JL4m64wXM55tr"},"fileId":"d4wHJAuC5NIJRQl+ZPnHDZ"},"_trs":{"__type__":"TypedArray","ctor":"Float64Array","array":[-297.354,41.234,0,0,0,0.7071067811865475,0.7071067811865476,1,1,1]},"_eulerAngles":{"__type__":"cc.Vec3","z":90},"_groupIndex":8,"groupIndex":8},{"__type__":"cc.Node","_name":"zhen","_parent":{"__id__":8},"_components":[{"__type__":"cc.Sprite","node":{"__id__":9},"_materials":[{"__uuid__":"ecpdLyjvZBwrvm+cedCcQy"}],"_spriteFrame":{"__uuid__":"81u1O4l2lM2IGXbUA/0aw7"},"_type":1,"_sizeMode":0},{"__type__":"cc.RigidBody","node":{"__id__":9},"_type":3,"_allowSleep":false,"_gravityScale":0,"_fixedRotation":true,"enabledContactListener":true,"bullet":true},{"__type__":"cc.PhysicsPolygonCollider","node":{"__id__":9},"tag":222,"_offset":{"__type__":"cc.Vec2","x":463,"y":-1},"points":[{"__type__":"cc.Vec2","x":-48.9,"y":-66.3},{"__type__":"cc.Vec2","x":62.5,"y":-66.3},{"__type__":"cc.Vec2","x":63,"y":67.4},{"__type__":"cc.Vec2","x":-48.4,"y":69},{"__type__":"cc.Vec2","x":-52.2,"y":41.4},{"__type__":"cc.Vec2","x":-979,"y":29},{"__type__":"cc.Vec2","x":-980,"y":-22},{"__type__":"cc.Vec2","x":-57.6,"y":-21.8}]},{"__type__":"72555Q9muRD1505Zi2fOOxm","node":{"__id__":9},"linevelocityX":500}],"_prefab":{"__type__":"cc.PrefabInfo","root":{"__id__":1},"asset":{"__uuid__":"076C/w345JL4m64wXM55tr"},"fileId":"81tgGdodRCIZfLeIIaFGqR"},"_contentSize":{"__type__":"cc.Size","width":1034,"height":111},"_trs":{"__type__":"TypedArray","ctor":"Float64Array","array":[0,0,0,0,0,0,1,0.8,0.8,0.8]},"_groupIndex":8,"groupIndex":8},{"__type__":"cc.Node","_name":"zhenNode","_parent":{"__id__":1},"_children":[{"__id__":11}],"_prefab":{"__type__":"cc.PrefabInfo","root":{"__id__":1},"asset":{"__uuid__":"076C/w345JL4m64wXM55tr"},"fileId":"e5iC9dSwRIIr+mYPiS6p/p"},"_trs":{"__type__":"TypedArray","ctor":"Float64Array","array":[-19.291,-296.441,0,0,0,0.08715574274765817,0.9961946980917455,1,1,1]},"_eulerAngles":{"__type__":"cc.Vec3","z":10},"_groupIndex":8,"groupIndex":8},{"__type__":"cc.Node","_name":"zhen","_parent":{"__id__":10},"_components":[{"__type__":"cc.Sprite","node":{"__id__":11},"_materials":[{"__uuid__":"ecpdLyjvZBwrvm+cedCcQy"}],"_spriteFrame":{"__uuid__":"81u1O4l2lM2IGXbUA/0aw7"},"_type":1,"_sizeMode":0},{"__type__":"cc.RigidBody","node":{"__id__":11},"_type":3,"_allowSleep":false,"_gravityScale":0,"_fixedRotation":true,"enabledContactListener":true,"bullet":true},{"__type__":"cc.PhysicsPolygonCollider","node":{"__id__":11},"tag":222,"_offset":{"__type__":"cc.Vec2","x":280.6,"y":-2.6},"points":[{"__type__":"cc.Vec2","x":-48.9,"y":-66.3},{"__type__":"cc.Vec2","x":62.5,"y":-66.3},{"__type__":"cc.Vec2","x":63,"y":67.4},{"__type__":"cc.Vec2","x":-48.4,"y":69},{"__type__":"cc.Vec2","x":-52.2,"y":41.4},{"__type__":"cc.Vec2","x":-607.5,"y":37.8},{"__type__":"cc.Vec2","x":-616.5,"y":-37.2},{"__type__":"cc.Vec2","x":-49.2,"y":-34.3}]},{"__type__":"72555Q9muRD1505Zi2fOOxm","node":{"__id__":11},"linevelocityX":500}],"_prefab":{"__type__":"cc.PrefabInfo","root":{"__id__":1},"asset":{"__uuid__":"076C/w345JL4m64wXM55tr"},"fileId":"10ETafRFZIZp8mY/SMioCb"},"_contentSize":{"__type__":"cc.Size","width":666,"height":111},"_trs":{"__type__":"TypedArray","ctor":"Float64Array","array":[0,0,0,0,0,0,1,0.8,0.8,0.8]},"_groupIndex":8,"groupIndex":8},{"__type__":"cc.Node","_name":"zhenNode","_parent":{"__id__":1},"_children":[{"__id__":13}],"_prefab":{"__type__":"cc.PrefabInfo","root":{"__id__":1},"asset":{"__uuid__":"076C/w345JL4m64wXM55tr"},"fileId":"b1SJ/ZCalMqrbZTgvWD2+x"},"_trs":{"__type__":"TypedArray","ctor":"Float64Array","array":[262.971,-49.629,0,0,0,0.7071067811865475,0.7071067811865476,1,1,1]},"_eulerAngles":{"__type__":"cc.Vec3","z":90},"_groupIndex":8,"groupIndex":8},{"__type__":"cc.Node","_name":"zhen","_parent":{"__id__":12},"_components":[{"__type__":"cc.Sprite","node":{"__id__":13},"_materials":[{"__uuid__":"ecpdLyjvZBwrvm+cedCcQy"}],"_spriteFrame":{"__uuid__":"81u1O4l2lM2IGXbUA/0aw7"},"_type":1,"_sizeMode":0},{"__type__":"cc.RigidBody","node":{"__id__":13},"_type":3,"_allowSleep":false,"_gravityScale":0,"_fixedRotation":true,"enabledContactListener":true,"bullet":true},{"__type__":"cc.PhysicsPolygonCollider","node":{"__id__":13},"tag":222,"_offset":{"__type__":"cc.Vec2","x":280.6,"y":-2.6},"points":[{"__type__":"cc.Vec2","x":-48.9,"y":-66.3},{"__type__":"cc.Vec2","x":53.3,"y":-66.3},{"__type__":"cc.Vec2","x":51.2,"y":62.2},{"__type__":"cc.Vec2","x":-54.1,"y":60.7},{"__type__":"cc.Vec2","x":-52.2,"y":41.4},{"__type__":"cc.Vec2","x":-607.5,"y":37.8},{"__type__":"cc.Vec2","x":-616.5,"y":-37.2},{"__type__":"cc.Vec2","x":-49.2,"y":-34.3}]},{"__type__":"72555Q9muRD1505Zi2fOOxm","node":{"__id__":13},"linevelocityX":500}],"_prefab":{"__type__":"cc.PrefabInfo","root":{"__id__":1},"asset":{"__uuid__":"076C/w345JL4m64wXM55tr"},"fileId":"8dPU04zN9LLoioXflPMY4J"},"_contentSize":{"__type__":"cc.Size","width":666,"height":111},"_trs":{"__type__":"TypedArray","ctor":"Float64Array","array":[0,0,0,0,0,0,1,0.8,0.8,0.8]},"_groupIndex":8,"groupIndex":8},{"__type__":"cc.Node","_name":"zhenNode","_parent":{"__id__":1},"_children":[{"__id__":15}],"_prefab":{"__type__":"cc.PrefabInfo","root":{"__id__":1},"asset":{"__uuid__":"076C/w345JL4m64wXM55tr"},"fileId":"32ZG3n3SRLS7TjhjWl+32Y"},"_trs":{"__type__":"TypedArray","ctor":"Float64Array","array":[-192.282,-87.23,0,0,0,0.7071067811865475,0.7071067811865476,1,1,1]},"_eulerAngles":{"__type__":"cc.Vec3","z":90},"_groupIndex":8,"groupIndex":8},{"__type__":"cc.Node","_name":"zhen","_parent":{"__id__":14},"_components":[{"__type__":"cc.Sprite","node":{"__id__":15},"_materials":[{"__uuid__":"ecpdLyjvZBwrvm+cedCcQy"}],"_spriteFrame":{"__uuid__":"81u1O4l2lM2IGXbUA/0aw7"},"_type":1,"_sizeMode":0},{"__type__":"cc.RigidBody","node":{"__id__":15},"_type":3,"_allowSleep":false,"_gravityScale":0,"_fixedRotation":true,"enabledContactListener":true,"bullet":true},{"__type__":"cc.PhysicsPolygonCollider","node":{"__id__":15},"tag":222,"_offset":{"__type__":"cc.Vec2","x":227,"y":-3},"points":[{"__type__":"cc.Vec2","x":-48.9,"y":-66.3},{"__type__":"cc.Vec2","x":62.5,"y":-66.3},{"__type__":"cc.Vec2","x":63,"y":67.4},{"__type__":"cc.Vec2","x":-48.4,"y":69},{"__type__":"cc.Vec2","x":-52.2,"y":41.4},{"__type__":"cc.Vec2","x":-509,"y":45},{"__type__":"cc.Vec2","x":-499,"y":-42},{"__type__":"cc.Vec2","x":-49.2,"y":-34.3}]},{"__type__":"72555Q9muRD1505Zi2fOOxm","node":{"__id__":15},"linevelocityX":500}],"_prefab":{"__type__":"cc.PrefabInfo","root":{"__id__":1},"asset":{"__uuid__":"076C/w345JL4m64wXM55tr"},"fileId":"cf8h8f3jxFe5c21GHDtcTm"},"_contentSize":{"__type__":"cc.Size","width":563,"height":111},"_trs":{"__type__":"TypedArray","ctor":"Float64Array","array":[0,0,0,0,0,0,1,0.8,0.8,0.8]},"_groupIndex":8,"groupIndex":8}],{"__type__":"cc.SpriteFrame","content":{"name":"guanqia42","texture":"03QVT1eCRN1aMl3n0WaB2D","rect":[1,1,988,1514],"offset":[0,-0.5],"originalSize":[990,1515],"capInsets":[0,0,0,0]}}]