[{"__type__":"cc.SpriteFrame","content":{"name":"guanqia57","texture":"8cWcNn47RP54gP+iYbRD+S","rect":[1,1,838,1366],"offset":[0,0],"originalSize":[840,1368],"capInsets":[0,0,0,0]}},[{"__type__":"cc.Prefab","_name":"UIDerived59","data":{"__id__":1}},{"__type__":"cc.Node","_name":"UIDerived69","_children":[{"__type__":"cc.Node","_name":"bule_node","_parent":{"__id__":1},"_prefab":{"__type__":"cc.PrefabInfo","root":{"__id__":1},"asset":{"__uuid__":"2a20GSDM5BSbtla5D9Gq5k"},"fileId":"31knRqiSBAVZZfZ5zu9chb"},"_trs":{"__type__":"TypedArray","ctor":"Float64Array","array":[0,0,0,0,0,0,1,1,1,1]}},{"__type__":"cc.Node","_name":"greenwater_node","_parent":{"__id__":1},"_prefab":{"__type__":"cc.PrefabInfo","root":{"__id__":1},"asset":{"__uuid__":"2a20GSDM5BSbtla5D9Gq5k"},"fileId":"30qhfpHs9Cg6aGTBAOYkOi"},"_trs":{"__type__":"TypedArray","ctor":"Float64Array","array":[0,0,0,0,0,0,1,1,1,1]}},{"__type__":"cc.Node","_name":"redwater_node","_parent":{"__id__":1},"_prefab":{"__type__":"cc.PrefabInfo","root":{"__id__":1},"asset":{"__uuid__":"2a20GSDM5BSbtla5D9Gq5k"},"fileId":"14vJAV+epBA5RLM52Ni8/5"},"_trs":{"__type__":"TypedArray","ctor":"Float64Array","array":[0,0,0,0,0,0,1,1,1,1]}},{"__id__":2},{"__id__":3},{"__id__":4},{"__id__":5},{"__type__":"cc.Node","_name":"greenPos_node","_parent":{"__id__":1},"_prefab":{"__type__":"cc.PrefabInfo","root":{"__id__":1},"asset":{"__uuid__":"2a20GSDM5BSbtla5D9Gq5k"},"fileId":"59vPVDIm9GaL0T4whRfGAW"},"_trs":{"__type__":"TypedArray","ctor":"Float64Array","array":[0,0,0,0,0,0,1,1,1,1]}},{"__type__":"cc.Node","_name":"player","_parent":{"__id__":1},"_prefab":{"__type__":"cc.PrefabInfo","root":{"__id__":1},"asset":{"__uuid__":"2a20GSDM5BSbtla5D9Gq5k"},"fileId":"37fl2rwPdDNYy4ylrzefXC"},"_contentSize":{"__type__":"cc.Size","width":240,"height":140},"_trs":{"__type__":"TypedArray","ctor":"Float64Array","array":[-248.763,-540.667,0,0,0,0,1,-0.7,0.7,1]}},{"__id__":6},{"__id__":8}],"_components":[{"__type__":"cc.Sprite","node":{"__id__":1},"_materials":[{"__uuid__":"ecpdLyjvZBwrvm+cedCcQy"}],"_spriteFrame":{"__uuid__":"00Yn5J1OVGkpd3cFjIJyvH"}},{"__type__":"cc.RigidBody","node":{"__id__":1},"_type":0},{"__type__":"cc.PhysicsPolygonCollider","node":{"__id__":1},"_offset":{"__type__":"cc.Vec2","x":-362,"y":623},"points":[{"__type__":"cc.Vec2","x":-53,"y":-1319},{"__type__":"cc.Vec2","x":791,"y":-1309},{"__type__":"cc.Vec2","x":784,"y":63},{"__type__":"cc.Vec2","x":523.8,"y":-472.8},{"__type__":"cc.Vec2","x":521.4,"y":-521.2},{"__type__":"cc.Vec2","x":544,"y":-599},{"__type__":"cc.Vec2","x":670,"y":-674},{"__type__":"cc.Vec2","x":737,"y":-764},{"__type__":"cc.Vec2","x":732,"y":-867},{"__type__":"cc.Vec2","x":627,"y":-969},{"__type__":"cc.Vec2","x":529,"y":-1000},{"__type__":"cc.Vec2","x":308,"y":-941},{"__type__":"cc.Vec2","x":263,"y":-978},{"__type__":"cc.Vec2","x":246,"y":-1082},{"__type__":"cc.Vec2","x":250,"y":-1186},{"__type__":"cc.Vec2","x":180,"y":-1255},{"__type__":"cc.Vec2","x":54,"y":-1259},{"__type__":"cc.Vec2","x":-3,"y":-1195},{"__type__":"cc.Vec2","x":-12,"y":-855},{"__type__":"cc.Vec2","x":-6,"y":-642},{"__type__":"cc.Vec2","x":37,"y":-576},{"__type__":"cc.Vec2","x":100,"y":-556},{"__type__":"cc.Vec2","x":130,"y":-368},{"__type__":"cc.Vec2","x":189,"y":-339},{"__type__":"cc.Vec2","x":274,"y":-372},{"__type__":"cc.Vec2","x":299,"y":-450},{"__type__":"cc.Vec2","x":274,"y":-601},{"__type__":"cc.Vec2","x":288,"y":-680},{"__type__":"cc.Vec2","x":341,"y":-751},{"__type__":"cc.Vec2","x":399,"y":-761},{"__type__":"cc.Vec2","x":417,"y":-707},{"__type__":"cc.Vec2","x":398,"y":-559},{"__type__":"cc.Vec2","x":393,"y":-261},{"__type__":"cc.Vec2","x":358,"y":11},{"__type__":"cc.Vec2","x":574,"y":15},{"__type__":"cc.Vec2","x":523.2,"y":-469.2},{"__type__":"cc.Vec2","x":785,"y":61},{"__type__":"cc.Vec2","x":-50,"y":50}]},{"__type__":"cc.PhysicsPolygonCollider","node":{"__id__":1},"_offset":{"__type__":"cc.Vec2","x":219,"y":-131},"points":[{"__type__":"cc.Vec2","x":-69,"y":-115},{"__type__":"cc.Vec2","x":10,"y":-156},{"__type__":"cc.Vec2","x":72,"y":-129},{"__type__":"cc.Vec2","x":100,"y":-34},{"__type__":"cc.Vec2","x":61,"y":18},{"__type__":"cc.Vec2","x":-12,"y":57},{"__type__":"cc.Vec2","x":-50,"y":50},{"__type__":"cc.Vec2","x":-111,"y":-28},{"__type__":"cc.Vec2","x":-105,"y":-74}]},{"__type__":"1100eDGpRlLMYp5CrYQGpcQ","node":{"__id__":1}}],"_prefab":{"__type__":"cc.PrefabInfo","root":{"__id__":1},"asset":{"__uuid__":"2a20GSDM5BSbtla5D9Gq5k"},"fileId":"02Uep0PvFEaLkHJcPAcDoa"},"_contentSize":{"__type__":"cc.Size","width":838,"height":1366},"_trs":{"__type__":"TypedArray","ctor":"Float64Array","array":[0,0,0,0,0,0,1,1,1,1]}},{"__type__":"cc.Node","_name":"black_node","_parent":{"__id__":1},"_components":[{"__type__":"6c0e8KZwr5L34azTYX21stu","node":{"__id__":2}}],"_prefab":{"__type__":"cc.PrefabInfo","root":{"__id__":1},"asset":{"__uuid__":"2a20GSDM5BSbtla5D9Gq5k"},"fileId":"f4HX9Z0KlAJpjCA3Kh2eaF"},"_trs":{"__type__":"TypedArray","ctor":"Float64Array","array":[0,0,0,0,0,0,1,1,1,1]}},{"__type__":"cc.Node","_name":"gray_node","_parent":{"__id__":1},"_components":[{"__type__":"3400dF2d2tHLK8+En9baGXY","node":{"__id__":3},"grey_prefab":{"__uuid__":"13FEeEL1NMaK5TFGpFQpJr"}}],"_prefab":{"__type__":"cc.PrefabInfo","root":{"__id__":1},"asset":{"__uuid__":"2a20GSDM5BSbtla5D9Gq5k"},"fileId":"e7PyAJO6JO9LLtUZGMwIdy"},"_trs":{"__type__":"TypedArray","ctor":"Float64Array","array":[0,0,0,0,0,0,1,1,1,1]}},{"__type__":"cc.Node","_name":"bulePos_node","_parent":{"__id__":1},"_children":[{"__type__":"cc.Node","_name":"New Node","_parent":{"__id__":4},"_prefab":{"__type__":"cc.PrefabInfo","root":{"__id__":1},"asset":{"__uuid__":"2a20GSDM5BSbtla5D9Gq5k"},"fileId":"89SfAOwPdKTKuGieYVXYq9"},"_trs":{"__type__":"TypedArray","ctor":"Float64Array","array":[75.226,295.325,0,0,0,0,1,1,1,1]}}],"_prefab":{"__type__":"cc.PrefabInfo","root":{"__id__":1},"asset":{"__uuid__":"2a20GSDM5BSbtla5D9Gq5k"},"fileId":"36GymNU65HnamCNX5I8maI"},"_trs":{"__type__":"TypedArray","ctor":"Float64Array","array":[0,0,0,0,0,0,1,1,1,1]}},{"__type__":"cc.Node","_name":"redPos_node","_parent":{"__id__":1},"_children":[{"__type__":"cc.Node","_name":"New Node","_parent":{"__id__":5},"_prefab":{"__type__":"cc.PrefabInfo","root":{"__id__":1},"asset":{"__uuid__":"2a20GSDM5BSbtla5D9Gq5k"},"fileId":"25qW+5cElIrKcT/aPVeZFo"},"_trs":{"__type__":"TypedArray","ctor":"Float64Array","array":[-193.062,209.689,0,0,0,0,1,1,1,1]}}],"_prefab":{"__type__":"cc.PrefabInfo","root":{"__id__":1},"asset":{"__uuid__":"2a20GSDM5BSbtla5D9Gq5k"},"fileId":"29Wsoq51hBPqtL3ZQc5vBe"},"_trs":{"__type__":"TypedArray","ctor":"Float64Array","array":[0,0,0,0,0,0,1,1,1,1]}},{"__type__":"cc.Node","_name":"zhenNode","_parent":{"__id__":1},"_children":[{"__id__":7}],"_prefab":{"__type__":"cc.PrefabInfo","root":{"__id__":1},"asset":{"__uuid__":"2a20GSDM5BSbtla5D9Gq5k"},"fileId":"9a9ZGQ70VIHoybIJZcg9fP"},"_trs":{"__type__":"TypedArray","ctor":"Float64Array","array":[-101.531,3.771,0,0,0,-0.25881904510252074,0.9659258262890683,1,1,1]},"_eulerAngles":{"__type__":"cc.Vec3","z":-30},"_groupIndex":8,"groupIndex":8},{"__type__":"cc.Node","_name":"zhen","_parent":{"__id__":6},"_components":[{"__type__":"cc.Sprite","node":{"__id__":7},"_materials":[{"__uuid__":"ecpdLyjvZBwrvm+cedCcQy"}],"_spriteFrame":{"__uuid__":"81u1O4l2lM2IGXbUA/0aw7"},"_type":1,"_sizeMode":0},{"__type__":"cc.RigidBody","node":{"__id__":7},"_type":3,"_allowSleep":false,"_gravityScale":0,"_fixedRotation":true,"enabledContactListener":true,"bullet":true},{"__type__":"cc.PhysicsPolygonCollider","node":{"__id__":7},"tag":222,"_offset":{"__type__":"cc.Vec2","x":429.1,"y":-1.9},"points":[{"__type__":"cc.Vec2","x":-45.6,"y":-46.2},{"__type__":"cc.Vec2","x":-28.8,"y":-62.9},{"__type__":"cc.Vec2","x":25.9,"y":-62.5},{"__type__":"cc.Vec2","x":61,"y":-42.6},{"__type__":"cc.Vec2","x":59,"y":35.6},{"__type__":"cc.Vec2","x":30.5,"y":64.6},{"__type__":"cc.Vec2","x":-35.9,"y":58.8},{"__type__":"cc.Vec2","x":-52.2,"y":41.4},{"__type__":"cc.Vec2","x":-915.1,"y":36.4},{"__type__":"cc.Vec2","x":-916.5,"y":-32.6},{"__type__":"cc.Vec2","x":-49.2,"y":-34.3}]},{"__type__":"72555Q9muRD1505Zi2fOOxm","node":{"__id__":7},"linevelocityX":500}],"_prefab":{"__type__":"cc.PrefabInfo","root":{"__id__":1},"asset":{"__uuid__":"2a20GSDM5BSbtla5D9Gq5k"},"fileId":"b7kl7OdClISLK4HGd7b/u5"},"_contentSize":{"__type__":"cc.Size","width":973,"height":111},"_trs":{"__type__":"TypedArray","ctor":"Float64Array","array":[0,0,0,0,0,0,1,0.8,0.8,0.8]},"_groupIndex":8,"groupIndex":8},{"__type__":"cc.Node","_name":"zhenNode","_parent":{"__id__":1},"_children":[{"__id__":9}],"_prefab":{"__type__":"cc.PrefabInfo","root":{"__id__":1},"asset":{"__uuid__":"2a20GSDM5BSbtla5D9Gq5k"},"fileId":"1avlE2J6NKeYEU/Ia49xjz"},"_trs":{"__type__":"TypedArray","ctor":"Float64Array","array":[292.553,-39.997,0,0,0,0.49999999999999994,0.8660254037844387,1,1,1]},"_eulerAngles":{"__type__":"cc.Vec3","z":60},"_groupIndex":8,"groupIndex":8},{"__type__":"cc.Node","_name":"zhen","_parent":{"__id__":8},"_components":[{"__type__":"cc.Sprite","node":{"__id__":9},"_materials":[{"__uuid__":"ecpdLyjvZBwrvm+cedCcQy"}],"_spriteFrame":{"__uuid__":"81u1O4l2lM2IGXbUA/0aw7"},"_type":1,"_sizeMode":0},{"__type__":"cc.RigidBody","node":{"__id__":9},"_type":3,"_allowSleep":false,"_gravityScale":0,"_fixedRotation":true,"enabledContactListener":true,"bullet":true},{"__type__":"cc.PhysicsPolygonCollider","node":{"__id__":9},"tag":222,"_offset":{"__type__":"cc.Vec2","x":80,"y":-3},"points":[{"__type__":"cc.Vec2","x":-48.9,"y":-66.3},{"__type__":"cc.Vec2","x":62.5,"y":-66.3},{"__type__":"cc.Vec2","x":63,"y":67.4},{"__type__":"cc.Vec2","x":-48.4,"y":69},{"__type__":"cc.Vec2","x":-52.2,"y":32.3},{"__type__":"cc.Vec2","x":-218.2,"y":33.4},{"__type__":"cc.Vec2","x":-217.4,"y":-25.9},{"__type__":"cc.Vec2","x":-50.9,"y":-29.2}]},{"__type__":"72555Q9muRD1505Zi2fOOxm","node":{"__id__":9},"linevelocityX":500}],"_prefab":{"__type__":"cc.PrefabInfo","root":{"__id__":1},"asset":{"__uuid__":"2a20GSDM5BSbtla5D9Gq5k"},"fileId":"7fzFEtGtlJkJ3JRDX59OFh"},"_contentSize":{"__type__":"cc.Size","width":276,"height":111},"_trs":{"__type__":"TypedArray","ctor":"Float64Array","array":[0,0,0,0,0,0,1,0.8,0.8,0.8]},"_groupIndex":8,"groupIndex":8}]]