[[{"__type__":"cc.Prefab","_name":"enemy","data":{"__id__":1}},{"__type__":"cc.Node","_name":"enemy","_components":[{"__type__":"sp.Skeleton","node":{"__id__":1},"_materials":[{"__uuid__":"7a/QZLET9IDreTiBfRn2PD"}],"defaultSkin":"default","defaultAnimation":"sy_daiji","_preCacheMode":0,"_animationName":"sy_daiji","_N$skeletonData":{"__uuid__":"e3BqcpBglEWIvWtp+x9W9c"}},{"__type__":"cc.RigidBody","node":{"__id__":1},"_type":0,"enabledContactListener":true},{"__type__":"cc.PhysicsBoxCollider","node":{"__id__":1},"tag":888,"_sensor":true,"_offset":{"__type__":"cc.Vec2","x":232,"y":238},"_size":{"__type__":"cc.Size","width":410,"height":52}},{"__type__":"b609fHOPs9OZ5d+3dxalaSV","node":{"__id__":1}}],"_prefab":{"__type__":"cc.PrefabInfo","root":{"__id__":1},"asset":{"__uuid__":"5agdUlhZRKrIuX2OHuSNYc"},"fileId":"84JG6i6tRCsaGTNF0tztbh"},"_contentSize":{"__type__":"cc.Size","width":284,"height":195},"_trs":{"__type__":"TypedArray","ctor":"Float64Array","array":[176.054,-690.672,0,0,0,0,1,0.7,0.7,1]}}],{"__type__":"sp.SkeletonData","_name":"yu","_skeletonJson":{"skeleton":{"hash":"OHuPevbP2h5+otU7XdfWrh2j1ro","spine":"3.7.94","width":284,"height":195,"images":"./images/","audio":"C:/Users/youzhixx-hp1/Desktop/0已完成/J救救小金鱼2/动画/images"},"bones":[{"name":"root","x":-213.11,"y":-115.4},{"name":"bone_sy","parent":"root","x":214.53,"y":118.9},{"name":"bone_sy2","parent":"bone_sy","length":27.59,"rotation":-24.7,"x":16,"y":-40.42},{"name":"bone_sy3","parent":"bone_sy2","length":18.74,"rotation":15.14,"x":27.59},{"name":"bone_sy4","parent":"bone_sy3","length":18.05,"rotation":3.15,"x":18.74},{"name":"bone_sy5","parent":"bone_sy","length":52.54,"rotation":-8.41,"x":0.44,"y":0.39},{"name":"bone_sy6","parent":"bone_sy5","length":49.31,"rotation":11.82,"x":52.54},{"name":"bone_sy7","parent":"bone_sy6","length":28.52,"rotation":53.11,"x":48.98,"y":0.57},{"name":"bone_sy8","parent":"bone_sy7","length":28.22,"rotation":-13.09,"x":28.52},{"name":"bone_sy9","parent":"bone_sy6","length":16.82,"rotation":-48.4,"x":49.11,"y":-0.35},{"name":"bone_sy10","parent":"bone_sy9","length":13.09,"rotation":-24.54,"x":16.82},{"name":"bone_sy11","parent":"bone_sy10","length":15.1,"rotation":10.14,"x":13.09},{"name":"bone_sy12","parent":"bone_sy","length":58.45,"rotation":161.57,"x":-1.02,"y":0.94},{"name":"bone_sy13","parent":"bone_sy12","length":77.9,"rotation":4.99,"x":58.45},{"name":"bone_sy14","parent":"bone_sy","length":58.33,"rotation":-165.09,"x":7.03,"y":-50.67},{"name":"bone_sy15","parent":"bone_sy","length":39.57,"rotation":54.03,"x":4.29,"y":58.4},{"name":"bone_sy16","parent":"bone_sy15","length":31.92,"rotation":-13.22,"x":39.57},{"name":"bone_sy17","parent":"bone_sy","x":-46.47,"y":-37.65},{"name":"bone_sy18","parent":"bone_sy12","rotation":-161.57,"x":69.01,"y":63.89},{"name":"bone_sy19","parent":"bone_sy12","rotation":-161.57,"x":43.59,"y":50.7},{"name":"bone_sy20","parent":"bone_sy12","rotation":-161.57,"x":21.25,"y":39.75},{"name":"bone_sy21","parent":"bone_sy14","x":69.95,"y":-17.89},{"name":"bone_sy22","parent":"bone_sy21","x":-21.14,"y":1.43},{"name":"bone_sy23","parent":"bone_sy22","x":-20.49,"y":-0.14},{"name":"bone_sy24","parent":"bone_sy13","x":7.15,"y":-13.7},{"name":"bone_sy25","parent":"bone_sy24","x":9.35,"y":-5.92},{"name":"bone_sy26","parent":"bone_sy24","x":-10.9,"y":-3.25},{"name":"bone_xjy1","parent":"root","x":541.96,"y":122.58},{"name":"bone_xjy2","parent":"bone_xjy1","length":32.71,"rotation":-7.8,"x":-0.4,"y":0.31},{"name":"bone_xjy3","parent":"bone_xjy2","length":30.3,"rotation":-5.76,"x":32.71},{"name":"bone_xjy4","parent":"bone_xjy3","length":37.61,"rotation":-2.66,"x":30.3},{"name":"bone_xjy5","parent":"bone_xjy4","length":17.23,"rotation":11.3,"x":36.79,"y":0.69},{"name":"bone_xjy6","parent":"bone_xjy5","length":15.91,"rotation":17.28,"x":17.23},{"name":"bone_xjy7","parent":"bone_xjy1","length":75.13,"rotation":-177.18,"x":-0.55,"y":0.31},{"name":"bone_xjy8","parent":"bone_xjy7","length":21.76,"rotation":-2.82,"x":75.13},{"name":"bone_xjy10","parent":"bone_xjy2","length":17.12,"rotation":-14.55,"x":15.95,"y":-40.09},{"name":"bone_xjy11","parent":"bone_xjy10","length":15.57,"rotation":13.61,"x":17.12},{"name":"bone_xjy12","parent":"bone_xjy11","length":16.48,"rotation":28.16,"x":15.57},{"name":"bone_xjy13","parent":"bone_xjy7","x":45.74,"y":8.95},{"name":"bone_xjy15","parent":"bone_xjy13","x":3.54,"y":-4.15},{"name":"bone_xjy9","parent":"bone_xjy2","length":23.7,"rotation":36.17,"x":11.76,"y":48.75},{"name":"bone_xjy16","parent":"bone_xjy9","length":17.8,"rotation":-18.02,"x":23.7},{"name":"bonexjy_2","parent":"root","x":917.52,"y":24.21,"scaleX":-1},{"name":"bonexjy17","parent":"bonexjy_2","x":6.99,"y":77.43},{"name":"bonexjy18","parent":"bonexjy17","length":34.01,"rotation":0.92,"x":0.11},{"name":"bonexjy19","parent":"bonexjy18","length":42.76,"rotation":-3.26,"x":34.01},{"name":"bonexjy20","parent":"bonexjy19","x":20.99,"y":20.47},{"name":"bonexjy21","parent":"bonexjy20","x":3.34,"y":1.67},{"name":"bonexjy22","parent":"bonexjy18","length":17.3,"rotation":-142.06,"x":28.83,"y":-34.05},{"name":"bonexjy23","parent":"bonexjy22","length":20.74,"rotation":6.29,"x":17.3},{"name":"bonexjy24","parent":"bonexjy23","length":14.78,"rotation":11.33,"x":20.74},{"name":"bonexjy25","parent":"bonexjy17","length":44.33,"rotation":-176.62,"x":-0.11,"y":0.33},{"name":"bonexjy26","parent":"bonexjy25","length":35.38,"rotation":-0.03,"x":44.33},{"name":"bonexjy27","parent":"bonexjy26","length":18.39,"rotation":2.08,"x":35.38},{"name":"bonexjy28","parent":"bonexjy27","length":26.2,"rotation":-2.1,"x":18.39},{"name":"bonexjy29","parent":"bonexjy28","length":21.36,"rotation":2.23,"x":26.2},{"name":"bonexjy30","parent":"bonexjy26","length":16.01,"rotation":36.88,"x":19.81,"y":28.71},{"name":"bonexjy31","parent":"bonexjy30","length":12.31,"rotation":-0.04,"x":16.01},{"name":"bonexjy32","parent":"bonexjy17","length":20.54,"rotation":100.8,"x":-8.76,"y":44.34},{"name":"bonexjy33","parent":"bonexjy32","length":12.47,"rotation":6.06,"x":20.54}],"slots":[{"name":"xjy1_yq","bone":"bone_xjy1"},{"name":"xjy1_s","bone":"bone_xjy1"},{"name":"xjy1_yj1","bone":"bone_xjy1"},{"name":"xjy1_yj1_yz","bone":"bone_xjy1"},{"name":"xjy1_yj3","bone":"bone_xjy13"},{"name":"xjy1_yj2","bone":"bone_xjy1"},{"name":"sy_z1","bone":"bone_sy","attachment":"sy_z1"},{"name":"sy_y1","bone":"bone_sy","attachment":"sy_y1"},{"name":"sy_y2","bone":"bone_sy","attachment":"sy_y2"},{"name":"sy_sz","bone":"bone_sy","attachment":"sy_sz"},{"name":"sy_yj1","bone":"bone_sy","attachment":"sy_yj1"},{"name":"sy_yj1_yz","bone":"bone_sy","attachment":"sy_yj1_yz"},{"name":"sy_s","bone":"bone_sy","attachment":"sy_s"},{"name":"sy_yj2","bone":"bone_sy","attachment":"sy_yj2"},{"name":"sy_yj2_yz","bone":"bone_sy","attachment":"sy_yj2_yz"},{"name":"sy_yj3","bone":"bone_sy24","attachment":"sy_yj3"},{"name":"xjy1_yj2_yz","bone":"bone_xjy1"},{"name":"sy_yj4","bone":"bone_sy24","attachment":"sy_yj4"},{"name":"sy_yj5","bone":"bone_xjy13"},{"name":"sy_yj6","bone":"bone_xjy13"},{"name":"xjy2_yq2","bone":"bonexjy_2"},{"name":"xjy2_yq1","bone":"bonexjy_2"},{"name":"xjy2_sz","bone":"bonexjy_2"},{"name":"xjy2_s","bone":"bonexjy_2"},{"name":"xjy2_yj1","bone":"bonexjy20"},{"name":"xjy2_yj1_yz","bone":"bonexjy21"},{"name":"xjy2_yj3","bone":"bonexjy20"},{"name":"sy_yj7","bone":"bonexjy20"},{"name":"sy_yj8","bone":"bonexjy20"}],"skins":{"default":{"sy_s":{"sy_s":{"type":"mesh","uvs":[0,0.78623,0,0.69632,0,0.48095,0,0.23423,0.12659,0.07741,0.26106,0,0.38726,0,0.4368,0.12759,0.49931,0.26141,0.57716,0.37223,0.66916,0.4475,0.75762,0.51023,0.84844,0.56041,0.93454,0.61268,0.9888,0.66913,1,0.69423,1,0.76741,1,0.86568,0.96285,0.91795,0.88972,0.97232,0.82013,1,0.73167,1,0.61608,1,0.53352,1,0.42147,1,0.33301,1,0.24572,0.95141,0.14311,0.88032,0.05818,0.81341],"triangles":[20,21,19,16,19,21,12,21,22,12,22,11,18,19,16,12,16,21,17,18,16,12,13,16,16,13,14,14,15,16,11,22,23,11,23,10,10,23,24,10,24,26,26,9,10,24,25,26,9,27,8,7,8,2,27,9,26,5,7,4,5,6,7,27,2,8,3,4,7,27,1,2,28,0,1,27,28,1,7,2,3],"vertices":[1,2,-3.34,-20.33,1,1,2,-4.99,-16.74,1,1,2,-8.95,-8.13,1,1,2,-13.49,1.74,1,2,2,-7.4,12.13,0.99998,3,-30.61,20.85,0.00002,2,2,0.71,19.61,0.98525,3,-20.83,25.95,0.01475,2,2,9.65,23.72,0.94237,3,-11.12,27.58,0.05763,2,2,15.51,20.23,0.87062,3,-6.38,22.69,0.12938,2,2,22.4,16.92,0.62883,3,-0.6,17.69,0.37117,3,2,29.95,15.03,0.21608,3,6.2,13.89,0.78242,4,-11.76,14.56,0.0015,3,2,37.86,15.02,0.01348,3,13.83,11.81,0.87349,4,-4.26,12.07,0.11304,2,3,21.09,10.24,0.38956,4,2.91,10.09,0.61044,2,3,28.44,9.24,0.02486,4,10.19,8.69,0.97514,1,4,17.12,7.15,1,1,4,21.61,5.16,1,1,4,22.6,4.16,1,1,4,22.96,0.96,1,1,4,23.44,-3.34,1,1,4,20.81,-5.95,1,2,3,34.63,-8.1,0.00126,4,15.41,-8.96,0.99874,2,3,29.47,-10.2,0.04246,4,10.16,-10.78,0.95754,2,3,22.67,-11.35,0.33072,4,3.3,-11.55,0.66928,3,2,44.25,-8.8,0.00054,3,13.78,-12.85,0.87984,4,-5.66,-12.55,0.11962,3,2,38.4,-11.49,0.05478,3,7.43,-13.91,0.93645,4,-12.06,-13.27,0.00877,2,2,30.46,-15.14,0.41576,3,-1.19,-15.37,0.58424,2,2,24.19,-18.03,0.73191,3,-7.99,-16.51,0.26809,2,2,17.11,-18.93,0.91588,3,-15.06,-15.53,0.08412,2,2,8.53,-19.43,0.99322,3,-23.47,-13.78,0.00678,1,2,1.29,-19.52,1],"hull":29,"edges":[0,2,2,4,4,6,6,8,8,10,10,12,12,14,14,16,16,18,18,20,20,22,22,24,24,26,26,28,28,30,30,32,32,34,34,36,36,38,38,40,40,42,42,44,44,46,46,48,48,50,50,52,52,54,54,56,0,56],"width":78,"height":44}},"sy_sz":{"sy_sz":{"type":"mesh","uvs":[0,0.49495,0,0.32482,0.04446,0.25882,0.15121,0.23682,0.27658,0.23242,0.38232,0.22875,0.41757,0.21262,0.479,0.15248,0.54194,0.07622,0.60689,0.01095,0.63308,0,0.68997,0,0.70307,0.01462,0.69199,0.08868,0.65825,0.17668,0.62955,0.30502,0.70961,0.36882,0.72673,0.35928,0.75795,0.33142,0.765,0.41942,0.83096,0.51475,0.94123,0.36882,0.99913,0.34462,1,0.36662,1,0.42015,0.96288,0.48322,0.9372,0.58955,0.9372,0.71642,0.96087,0.81028,0.94375,0.84475,0.88987,0.78462,0.87577,0.73622,0.85765,0.77362,0.85513,0.85502,0.84405,0.88435,0.81233,0.83302,0.74637,0.90415,0.63962,0.98262,0.55352,1,0.45986,1,0.28665,0.96282,0.22623,0.91588,0.20911,0.87775,0.2937,0.85722,0.37376,0.82568,0.4357,0.79122,0.45332,0.77728,0.43469,0.74795,0.33046,0.74868,0.20408,0.76922,0.12754,0.77215,0.06158,0.69515,0.01677,0.58148],"triangles":[14,8,13,12,13,10,12,10,11,10,13,9,13,8,9,15,7,14,7,8,14,15,6,7,37,46,36,44,45,39,40,43,44,41,42,43,39,45,38,37,38,46,39,40,44,40,41,43,46,38,45,47,20,46,30,31,27,29,30,28,30,27,28,27,31,26,25,20,21,21,23,24,21,22,23,25,21,24,26,20,25,36,46,35,32,35,46,34,35,33,32,46,20,32,20,31,31,20,26,19,20,47,19,47,16,16,17,19,17,18,19,33,35,32,47,15,16,3,52,0,48,49,51,48,51,4,3,0,1,1,2,3,3,4,52,50,51,49,4,51,52,47,5,15,48,4,5,6,15,5,48,5,47],"vertices":[1,13,81.56,20.37,1,1,13,89.28,-11.9,1,1,13,79.99,-27.35,1,1,13,51.5,-38.58,1,2,12,79.6,-46.03,0.416,13,17.07,-47.69,0.584,1,12,51.34,-56.2,1,2,12,42.83,-62.35,0.328,15,-3.07,30.17,0.672,1,15,16.66,22.94,1,2,15,39.2,17.21,0.488,16,-4.29,16.67,0.512,2,15,60.33,9.76,0.12,16,17.99,14.24,0.88,1,16,25.01,11,1,1,16,37.24,0.44,1,1,16,38.19,-4.15,1,2,15,62.26,-18.71,0.112,16,26.37,-13.02,0.888,2,15,42.75,-21.03,0.512,16,7.9,-19.75,0.488,2,5,29.33,60.17,0.488,15,17.7,-29.13,0.512,2,5,53.65,51.19,0.544,6,11.57,49.88,0.456,2,5,58.18,53.74,0.312,6,16.53,51.44,0.688,1,6,25.7,56.34,1,1,6,26.68,39.09,1,2,6,44.28,19.42,0.512,7,12.26,15.08,0.488,2,7,53.27,4.66,0.24,8,23.05,10.14,0.76,1,8,38.23,2.27,1,1,8,35.46,-1.02,1,1,8,28.29,-8.6,1,1,8,12.18,-10.29,1,3,1,125.64,0.13,0.4848,8,-7.37,-20.33,0.1152,9,13.65,20.54,0.4,3,9,31.15,3.05,0.12365,10,11.77,8.72,0.42835,11,0.23,8.82,0.448,1,11,19.41,5.28,1,1,11,22.72,-2.33,1,2,10,19.53,-8.52,0.176,11,4.84,-9.52,0.824,3,6,54.42,-24.44,0.176,9,21.54,-12.02,0.20435,10,9.28,-8.98,0.61965,1,6,48.85,-31.42,1,1,6,47.19,-47.22,1,1,6,43.71,-52.74,1,1,6,35.31,-42.22,1,2,5,79.24,-50.55,0.224,6,15.79,-54.95,0.776,3,5,51.49,-70.12,0.27648,6,-15.38,-68.42,0.10752,14,-26.3,33.75,0.616,1,14,-1.79,30.73,1,1,14,23.91,23.89,1,1,14,69.58,4.23,1,1,14,83.81,-9.03,1,1,14,86.59,-17.47,1,1,14,62.35,-15.16,1,1,14,38.79,-15.25,1,1,14,20.07,-17.22,1,2,12,-1.62,38.9,0.2,14,14.53,-18.56,0.8,2,12,5.21,35.14,0.728,14,18.17,-25.45,0.272,2,12,33.25,44.64,0.696,13,-21.23,46.66,0.304,2,12,66.03,59.79,0.392,13,12.75,58.9,0.608,1,13,33.76,64.51,1,1,13,55.47,54.27,1,1,13,73,35.67,1],"hull":53,"edges":[10,12,18,20,22,24,32,34,44,46,60,62,62,64,80,82,82,84,90,92,84,86,86,88,88,90,92,94,94,96,96,98,98,100,100,102,102,104,104,0,0,2,2,4,4,6,6,8,8,10,12,14,14,16,16,18,20,22,24,26,26,28,28,30,30,32,34,36,36,38,38,40,40,42,42,44,46,48,48,50,50,52,52,54,54,56,56,58,58,60,64,66,66,68,68,70,70,72,72,74,74,76,76,78,78,80],"width":284,"height":195}},"sy_y1":{"sy_y1":{"type":"mesh","uvs":[0,0.26277,0,0.16585,0,0.09315,0.31587,0,0.47157,0,0.48182,0.04792,0.47413,0.14646,0.74457,0.09154,0.77325,0.09477,0.96891,0.01885,1,0.03015,1,0.098,1,0.24177,0.96123,0.55838,0.94586,0.62461,0.91769,0.63269,0.88747,0.59069,0.77684,0.15292,0.76403,0.15292,0.68874,0.76677,0.67133,0.84107,0.64264,0.86369,0.60986,0.83946,0.58733,0.78777,0.45262,0.28215,0.38245,0.938,0.36913,1,0.34711,1,0.32201,1,0.27694,1],"triangles":[15,16,14,14,16,13,13,16,12,12,16,17,17,11,12,11,8,9,11,17,8,9,10,11,21,22,20,20,22,19,22,23,19,23,24,19,18,19,24,18,6,7,6,18,24,18,8,17,18,7,8,26,27,25,27,28,25,28,29,25,29,0,25,25,0,24,0,3,24,5,6,3,6,24,3,0,1,3,1,2,3,5,3,4],"vertices":[1,18,-22.76,6.22,1,1,18,-22.76,8.74,1,1,18,-22.76,10.63,1,2,18,3.14,13.05,0.90335,19,-25.15,8.58,0.09665,2,18,15.9,13.05,0.60565,19,-12.38,8.58,0.39435,2,18,16.74,11.8,0.59321,19,-11.54,7.33,0.40679,2,18,16.11,9.24,0.50053,19,-12.17,4.77,0.49947,2,19,10,6.2,0.72139,20,-14.64,2.87,0.27861,2,19,12.36,6.11,0.48391,20,-12.29,2.78,0.51609,1,20,3.75,4.76,1,1,20,6.3,4.46,1,1,20,6.3,2.7,1,1,20,6.3,-1.04,1,1,20,3.12,-9.27,1,1,20,1.86,-10.99,1,2,19,24.2,-7.87,0.00015,20,-0.45,-11.2,0.99985,2,19,21.72,-6.78,0.00215,20,-2.93,-10.11,0.99785,2,19,12.65,4.6,0.42104,20,-12,1.27,0.57896,2,19,11.6,4.6,0.62265,20,-13.05,1.27,0.37735,2,19,5.43,-11.36,0.99975,20,-19.22,-14.69,0.00025,1,19,4,-13.29,1,1,19,1.65,-13.88,1,2,18,27.24,-8.78,0.00014,19,-1.04,-13.25,0.99986,2,18,25.4,-7.43,0.00187,19,-2.89,-11.91,0.99813,2,18,14.35,5.71,0.56194,19,-13.94,1.24,0.43806,2,18,8.6,-11.34,0.99708,19,-19.69,-15.81,0.00292,2,18,7.5,-12.95,0.99878,19,-20.78,-17.42,0.00122,2,18,5.7,-12.95,0.99947,19,-22.59,-17.42,0.00053,2,18,3.64,-12.95,0.99995,19,-24.65,-17.42,0.00005,1,18,-0.06,-12.95,1],"hull":30,"edges":[0,2,2,4,4,6,6,8,8,10,10,12,12,14,14,16,16,18,18,20,20,22,22,24,24,26,26,28,28,30,30,32,32,34,34,36,36,38,38,40,40,42,42,44,44,46,46,48,48,50,50,52,52,54,54,56,56,58,0,58],"width":82,"height":26}},"sy_y2":{"sy_y2":{"type":"mesh","uvs":[0,1,0,0.93621,0,0.87657,0,0.77594,0.05282,0.33985,0.07104,0.26904,0.10163,0.25226,0.13482,0.26158,0.30467,0.78153,0.39773,0.21313,0.42181,0.13858,0.45435,0.12927,0.48689,0.14977,0.64829,0.52062,0.70686,0.06031,0.72508,0,0.75632,0,0.7869,0,0.81814,0,1,0.43862,1,0.48149,1,0.5374,1,0.60821,0.65479,0.88962,0.63787,0.85794,0.39058,1,0.33786,1,0.28905,1],"triangles":[8,27,1,3,4,8,1,27,0,8,4,7,4,5,7,8,1,2,8,2,3,5,6,7,24,25,8,8,25,26,26,27,8,24,8,13,8,9,13,9,12,13,9,10,12,10,11,12,23,24,22,22,24,13,22,13,21,21,13,14,14,17,21,16,14,15,17,14,16,21,17,20,20,17,19,17,18,19],"vertices":[1,21,10.14,5.49,1,1,21,9.77,4.13,1,1,21,9.44,2.87,1,1,21,8.87,0.73,1,1,21,3.18,-7.69,1,1,21,1.67,-8.9,1,1,21,-0.28,-8.76,1,1,21,-2.25,-8.02,1,2,22,11.49,4.35,0.50992,21,-9.65,5.78,0.49008,2,22,2.61,-6.22,0.99845,21,-18.53,-4.79,0.00155,1,22,0.72,-7.42,1,2,23,19.18,-6.95,0.00001,22,-1.31,-7.09,0.99999,2,23,17.31,-5.98,0.00219,22,-3.18,-6.13,0.99781,2,23,9.58,4.52,0.51984,22,-10.9,4.37,0.48016,2,23,3.41,-4.32,0.99385,22,-17.07,-4.46,0.00615,2,23,1.96,-5.31,0.99896,22,-18.52,-5.45,0.00104,1,23,0.06,-4.8,1,1,23,-1.8,-4.31,1,1,23,-3.7,-3.8,1,1,23,-12.29,8.47,1,1,23,-12.05,9.38,1,2,23,-11.73,10.57,0.99978,22,-32.22,10.43,0.00022,2,23,-11.33,12.08,0.99945,22,-31.82,11.94,0.00055,3,23,11.28,12.47,0.4698,22,-9.21,12.32,0.53007,21,-30.35,13.76,0.00013,3,23,12.13,11.52,0.4175,22,-8.36,11.38,0.58181,21,-29.5,12.81,0.00069,3,23,27.99,10.53,0.00484,22,7.5,10.39,0.75851,21,-13.64,11.82,0.23665,3,23,31.2,9.68,0.00033,22,10.71,9.53,0.61597,21,-10.43,10.97,0.3837,2,22,13.68,8.74,0.43636,21,-7.46,10.17,0.56364],"hull":28,"edges":[0,2,2,4,4,6,6,8,8,10,10,12,12,14,14,16,16,18,18,20,20,22,22,24,24,26,26,28,28,30,30,32,32,34,34,36,36,38,38,40,40,42,42,44,44,46,46,48,48,50,50,52,52,54,0,54],"width":63,"height":22}},"sy_yj1":{"sy_yj1":{"type":"mesh","uvs":[0.02693,1,0,0.9431,0,0.79123,0,0.65976,0,0.4467,0.0387,0.27443,0.13155,0.12936,0.24531,0.0183,0.31724,0,0.41793,0,0.48724,0,0.57616,0,0.6847,0,0.81285,0.0455,0.91616,0.1475,0.98416,0.2971,1,0.37643,1,0.5147,1,0.65296,1,0.8207,1,0.91136,0.96847,1,0.88478,1,0.7867,1,0.69124,1,0.58793,0.95896,0.50555,0.94083,0.3957,0.96123,0.33947,1,0.26755,1,0.16816,1,0.09101,1],"triangles":[16,11,15,17,26,16,26,3,4,26,2,3,18,26,17,19,26,18,26,10,11,14,11,12,26,11,16,13,14,12,15,11,14,19,25,26,1,2,31,5,6,9,6,7,8,8,9,6,5,9,10,10,4,5,26,4,10,25,23,24,26,27,2,31,0,1,31,2,30,2,29,30,27,29,2,28,29,27,25,19,23,19,22,23,20,22,19,21,22,20],"vertices":[1,24,20.41,21.65,1,1,24,22.17,20.32,1,1,24,23.23,15.88,1,1,24,24.15,12.05,1,1,24,25.63,5.83,1,1,24,24.88,0.34,1,1,24,21.2,-5.02,1,1,24,16.22,-9.63,1,1,24,12.71,-11.04,1,1,24,7.61,-12.26,1,1,24,4.11,-13.09,1,1,24,-0.39,-14.17,1,1,24,-5.88,-15.48,1,1,24,-12.68,-15.7,1,1,24,-18.61,-13.98,1,1,24,-23.1,-10.44,1,1,24,-24.45,-8.31,1,1,24,-25.41,-4.28,1,1,24,-26.38,-0.24,1,1,24,-27.55,4.65,1,1,24,-28.18,7.3,1,1,24,-27.21,10.26,1,1,24,-22.97,11.28,1,1,24,-18.01,12.46,1,1,24,-13.19,13.62,1,1,24,-7.67,13.67,1,1,24,-3.38,14.14,1,1,24,2.03,16.06,1,1,24,4.61,17.87,1,1,24,8.24,18.74,1,1,24,13.27,19.94,1,1,24,17.17,20.87,1],"hull":32,"edges":[0,2,2,4,4,6,6,8,8,10,10,12,12,14,14,16,16,18,18,20,20,22,22,24,24,26,26,28,28,30,30,32,32,34,34,36,36,38,38,40,40,42,42,44,44,46,46,48,48,50,50,52,52,54,54,56,56,58,58,60,60,62,0,62],"width":52,"height":30}},"sy_yj1_yz":{"sy_yj1_yz":{"type":"mesh","uvs":[1,1,0,1,0,0,1,0],"triangles":[1,2,3,1,3,0],"vertices":[1,25,-10.34,7.03,1,1,25,6.19,10.98,1,1,25,10.38,-6.52,1,1,25,-6.16,-10.48,1],"hull":4,"edges":[0,2,2,4,4,6,0,6],"width":17,"height":18}},"sy_yj2":{"sy_yj2":{"type":"mesh","uvs":[1,1,0,1,0,0,1,0],"triangles":[1,2,3,1,3,0],"vertices":[1,24,-30.15,19.84,1,1,24,17.5,31.24,1,1,24,28.9,-16.42,1,1,24,-18.76,-27.82,1],"hull":4,"edges":[0,2,2,4,4,6,0,6],"width":49,"height":49}},"sy_yj2_yz":{"sy_yj2_yz":{"type":"mesh","uvs":[1,1,0,1,0,0,1,0],"triangles":[1,2,3,1,3,0],"vertices":[1,26,-6.59,4.53,1,1,26,4.11,7.09,1,1,26,6.9,-4.58,1,1,26,-3.8,-7.14,1],"hull":4,"edges":[0,2,2,4,4,6,0,6],"width":11,"height":12}},"sy_yj3":{"sy_yj3":{"x":-0.38,"y":2.54,"rotation":-166.55,"width":47,"height":50}},"sy_yj4":{"sy_yj4":{"x":-0.52,"y":1.33,"rotation":-166.55,"width":49,"height":49}},"sy_z1":{"sy_z1":{"type":"mesh","uvs":[0,0.22549,0,0.1553,0.12909,0.07554,0.22057,0.03087,0.37712,0.01333,0.49501,0,0.6522,0,0.74368,0,0.81777,0,0.85707,0,0.96465,0.10585,1,0.16328,1,0.20794,1,0.29728,0.95048,0.57644,0.93953,0.5908,0.91569,0.60835,0.63416,0.91782,0.52465,0.9896,0.47246,1,0.41577,1,0.3958,1,0.36295,1,0.30625,0.92739,0.24634,0.82849,0.17805,0.70406,0.11041,0.57166,0.05501,0.42968,0.01313,0.30844],"triangles":[10,11,12,0,1,2,9,10,12,28,0,2,27,28,2,3,26,27,13,8,9,12,13,9,13,14,16,14,15,16,2,3,27,4,25,26,3,4,26,5,24,25,13,7,8,13,6,7,16,6,13,5,6,16,5,25,4,16,24,5,17,24,16,23,24,17,18,23,17,21,22,23,23,20,21,23,19,20,18,19,23],"vertices":[1,17,-60.06,7.28,1,1,17,-60.06,10.22,1,1,17,-46.63,13.57,1,1,17,-37.12,15.45,1,1,17,-20.84,16.19,1,1,17,-8.58,16.75,1,1,17,7.77,16.75,1,1,17,17.28,16.75,1,1,17,24.99,16.75,1,1,17,29.08,16.75,1,1,17,40.26,12.3,1,1,17,43.94,9.89,1,1,17,43.94,8.01,1,1,17,43.94,4.26,1,1,17,38.79,-7.46,1,1,17,37.65,-8.07,1,1,17,35.17,-8.8,1,1,17,5.89,-21.8,1,1,17,-5.5,-24.82,1,1,17,-10.92,-25.25,1,1,17,-16.82,-25.25,1,1,17,-18.9,-25.25,1,1,17,-22.31,-25.25,1,1,17,-28.21,-22.2,1,1,17,-34.44,-18.05,1,1,17,-41.54,-12.82,1,1,17,-48.58,-7.26,1,1,17,-54.34,-1.3,1,1,17,-58.69,3.79,1],"hull":29,"edges":[0,2,2,4,4,6,6,8,8,10,10,12,12,14,14,16,16,18,18,20,20,22,22,24,24,26,26,28,28,30,30,32,32,34,34,36,36,38,38,40,40,42,42,44,44,46,46,48,48,50,50,52,52,54,54,56,0,56],"width":104,"height":42}}}},"animations":{"sy_daiji":{"slots":{"sy_yj2":{"color":[{"time":0,"color":"ffffff00"}]},"sy_yj2_yz":{"color":[{"time":0,"color":"ffffff00"}]},"sy_yj3":{"color":[{"time":0,"color":"ffffff00"}]},"sy_yj4":{"color":[{"time":0,"color":"ffffff00"}]},"sy_yj5":{"color":[{"time":0,"color":"ffffff00"}]},"sy_yj6":{"color":[{"time":0,"color":"ffffff00"}]},"xjy1_s":{"color":[{"time":0,"color":"ffffff00"}]},"xjy1_yq":{"color":[{"time":0,"color":"ffffff00"}]},"xjy1_yj1":{"color":[{"time":0,"color":"ffffff00"}]},"xjy1_yj1_yz":{"color":[{"time":0,"color":"ffffff00"}]},"xjy1_yj2":{"color":[{"time":0,"color":"ffffff00"}]},"xjy1_yj2_yz":{"color":[{"time":0,"color":"ffffff00"}]},"xjy1_yj3":{"color":[{"time":0,"color":"ffffff00"}]}},"bones":{"bone_sy":{"rotate":[{"time":0,"angle":0},{"time":0.8333,"angle":7.15},{"time":1.6667,"angle":0}],"translate":[{"time":0,"x":0,"y":0},{"time":0.8333,"x":0,"y":65.67},{"time":1.6667,"x":0,"y":0}]},"bone_sy13":{"rotate":[{"time":0,"angle":0},{"time":0.8333,"angle":4.01},{"time":1.6667,"angle":0}]},"bone_sy12":{"rotate":[{"time":0,"angle":0},{"time":0.8333,"angle":3.61},{"time":1.6667,"angle":0}]},"bone_sy11":{"rotate":[{"time":0,"angle":0},{"time":0.8333,"angle":-3.21},{"time":1.6667,"angle":0}]},"bone_sy10":{"rotate":[{"time":0,"angle":0},{"time":0.8333,"angle":16.91},{"time":1.6667,"angle":0}]},"bone_sy8":{"rotate":[{"time":0,"angle":0},{"time":0.8333,"angle":10.92},{"time":1.6667,"angle":0}]},"bone_sy9":{"rotate":[{"time":0,"angle":0},{"time":0.8333,"angle":-11.93},{"time":1.6667,"angle":0}]},"bone_sy7":{"rotate":[{"time":0,"angle":0},{"time":0.8333,"angle":-0.44},{"time":1.6667,"angle":0}]},"bone_sy6":{"rotate":[{"time":0,"angle":0},{"time":0.2,"angle":-18.02},{"time":0.8333,"angle":-13.69},{"time":1.0333,"angle":4.41},{"time":1.6667,"angle":0}]},"bone_sy5":{"rotate":[{"time":0,"angle":0},{"time":0.2,"angle":-7.91},{"time":0.8333,"angle":-11.01},{"time":1.0333,"angle":-3.45},{"time":1.6667,"angle":0}]},"bone_sy14":{"rotate":[{"time":0,"angle":0},{"time":0.8333,"angle":21.71},{"time":1.6667,"angle":0}]},"bone_sy18":{"translate":[{"time":0,"x":0,"y":0},{"time":0.8333,"x":0.55,"y":-3.09},{"time":1.6667,"x":0,"y":0}]},"bone_sy15":{"rotate":[{"time":0,"angle":0},{"time":0.8333,"angle":-12.16},{"time":1.6667,"angle":0}],"scale":[{"time":0,"x":1,"y":1},{"time":0.8333,"x":0.888,"y":1},{"time":1.6667,"x":1,"y":1}]},"bone_sy16":{"rotate":[{"time":0,"angle":0},{"time":0.8333,"angle":-10.75},{"time":1.6667,"angle":0}]},"bone_sy2":{"rotate":[{"time":0,"angle":0},{"time":0.8333,"angle":-13.33},{"time":1.6667,"angle":0}]},"bone_sy4":{"rotate":[{"time":0,"angle":0},{"time":0.8333,"angle":-25.33},{"time":1.6667,"angle":0}]},"bone_sy3":{"rotate":[{"time":0,"angle":0},{"time":0.8333,"angle":-20.33},{"time":1.6667,"angle":0}]}},"deform":{"default":{"sy_z1":{"sy_z1":[{"time":0},{"time":0.8333,"vertices":[2.43596,2.756,-0.73601,4.23199,0,0,0,0,0,0,0,0,0,0,0,0,0,0,0,0,0,0,0,0,0,0,0,0,0,0,0,0,2.17398,-7.48198,15.91896,-7.91396,13.46039,-12.15041,12.21793,-15.78857,11.96748,-17.52821,10.51784,-14.67454,11.27614,-13.93359,13.25873,-16.68303,16.13081,-18.8914,4.72604,-0.92905,6.7359,0.91399,7.62791,-0.23798,5.7919,2.16801]},{"time":1.6667}]}}}},"sy_siwang":{"slots":{"sy_s":{"color":[{"time":0,"color":"ffffffff"},{"time":0.8333,"color":"2b2b2bff"}]},"sy_sz":{"color":[{"time":0,"color":"ffffffff"},{"time":0.8333,"color":"2d2d2dff"}]},"sy_y1":{"color":[{"time":0,"color":"ffffffff"},{"time":0.8333,"color":"3c3c3cff"}]},"sy_y2":{"color":[{"time":0,"color":"ffffffff"},{"time":0.8333,"color":"393939ff"}]},"sy_yj1":{"color":[{"time":0,"color":"ffffffff"},{"time":0.8333,"color":"d6ffd600"}]},"sy_yj1_yz":{"color":[{"time":1.1667,"color":"ffffffff"},{"time":1.2,"color":"ffffff00"}]},"sy_yj2":{"color":[{"time":0,"color":"ffffff00","curve":"stepped"},{"time":0.8,"color":"ffffff00"},{"time":0.8333,"color":"ffffffff"},{"time":1.3333,"color":"404040ff"},{"time":1.5,"color":"000000ff"}]},"sy_yj2_yz":{"color":[{"time":0,"color":"ffffff00","curve":"stepped"},{"time":0.8333,"color":"ffffff00"},{"time":1.3333,"color":"000000ff"}]},"sy_yj3":{"color":[{"time":0,"color":"ffffff00"}]},"sy_yj4":{"color":[{"time":0,"color":"ffffff00"},{"time":0.8,"color":"ffffff00"},{"time":0.8333,"color":"ffffffff"}]},"sy_yj5":{"color":[{"time":0,"color":"ffffff00"}]},"sy_yj6":{"color":[{"time":0,"color":"ffffff00"}]},"sy_z1":{"color":[{"time":0,"color":"ffffffff"},{"time":0.8333,"color":"232323ff"}]},"xjy1_s":{"color":[{"time":0,"color":"ffffff00"}]},"xjy1_yq":{"color":[{"time":0,"color":"ffffff00"}]},"xjy1_yj1":{"color":[{"time":0,"color":"ffffff00"}]},"xjy1_yj1_yz":{"color":[{"time":0,"color":"ffffff00"}]},"xjy1_yj2":{"color":[{"time":0,"color":"ffffff00"}]},"xjy1_yj2_yz":{"color":[{"time":0,"color":"ffffff00"}]},"xjy1_yj3":{"color":[{"time":0,"color":"ffffff00"}]}},"bones":{"bone_sy":{"rotate":[{"time":0,"angle":0},{"time":0.8333,"angle":7.15,"curve":"stepped"},{"time":1.1667,"angle":7.15},{"time":1.5,"angle":0}],"translate":[{"time":0,"x":0,"y":0},{"time":0.8333,"x":0,"y":65.67,"curve":"stepped"},{"time":1.1667,"x":0,"y":65.67},{"time":1.5,"x":0,"y":0}]},"bone_sy13":{"rotate":[{"time":0,"angle":0},{"time":0.8333,"angle":4.01}]},"bone_sy12":{"rotate":[{"time":0,"angle":0},{"time":0.8333,"angle":3.61}]},"bone_sy11":{"rotate":[{"time":0,"angle":0},{"time":0.8333,"angle":-3.21}]},"bone_sy10":{"rotate":[{"time":0,"angle":0},{"time":0.8333,"angle":16.91}]},"bone_sy8":{"rotate":[{"time":0,"angle":0},{"time":0.8333,"angle":10.92}]},"bone_sy9":{"rotate":[{"time":0,"angle":0},{"time":0.8333,"angle":-11.93}]},"bone_sy7":{"rotate":[{"time":0,"angle":0},{"time":0.8333,"angle":-0.44}]},"bone_sy6":{"rotate":[{"time":0,"angle":0},{"time":0.2,"angle":-18.02},{"time":0.8333,"angle":-13.69}]},"bone_sy5":{"rotate":[{"time":0,"angle":0},{"time":0.2,"angle":-7.91},{"time":0.8333,"angle":-11.01}]},"bone_sy14":{"rotate":[{"time":0,"angle":0},{"time":0.8333,"angle":21.71,"curve":"stepped"},{"time":1.1667,"angle":21.71},{"time":1.5,"angle":0}]},"bone_sy18":{"translate":[{"time":0,"x":0,"y":0},{"time":0.8333,"x":0.55,"y":-3.09,"curve":"stepped"},{"time":1.1667,"x":0.55,"y":-3.09},{"time":1.5,"x":0,"y":0}]},"bone_sy15":{"rotate":[{"time":0,"angle":0},{"time":0.8333,"angle":-12.16}],"scale":[{"time":0,"x":1,"y":1},{"time":0.8333,"x":0.888,"y":1}]},"bone_sy16":{"rotate":[{"time":0,"angle":0},{"time":0.8333,"angle":-10.75}]},"bone_sy2":{"rotate":[{"time":0,"angle":0},{"time":0.8333,"angle":-13.33,"curve":"stepped"},{"time":1.1667,"angle":-13.33},{"time":1.5,"angle":0}]},"bone_sy4":{"rotate":[{"time":0,"angle":0},{"time":0.8333,"angle":-25.33,"curve":"stepped"},{"time":1.1667,"angle":-25.33},{"time":1.5,"angle":0}]},"bone_sy3":{"rotate":[{"time":0,"angle":0},{"time":0.8333,"angle":-20.33,"curve":"stepped"},{"time":1.1667,"angle":-20.33},{"time":1.5,"angle":0,"curve":"stepped"},{"time":2.5333,"angle":0}]},"bone_sy25":{"translate":[{"time":0,"x":0,"y":0},{"time":0.8333,"x":-10.87,"y":9.89}],"scale":[{"time":0,"x":1,"y":1},{"time":0.8333,"x":0.7,"y":0.7}]},"bone_sy24":{"scale":[{"time":1.1667,"x":1,"y":1},{"time":1.5,"x":0.85,"y":0.85},{"time":1.8333,"x":1,"y":1},{"time":2.1667,"x":0.85,"y":0.85},{"time":2.5,"x":1,"y":1}]},"bone_sy26":{"translate":[{"time":0.8333,"x":8.44,"y":4.07}]}},"deform":{"default":{"sy_yj1":{"sy_yj1":[{"time":0,"offset":52,"vertices":[-0.12843,0.53685]},{"time":0.8333,"offset":12,"vertices":[0.16908,-0.67047,0.54816,-0.80981,0.73431,-2.08002,0.73642,-2.15498,0.59073,-2.30927,-0.00478,-2.4762,0,0,0,0,0,0,0,0,0,0,0,0,0,0,0,0,0,0,0,0,-2.25247,5.33803,-2.43056,11.59436,-3.10349,14.16742,-4.08353,14.63948,-2.1515,16.29164,-1.82471,14.05373,-0.24658,11.32242,0.62698,9.62143,0.38893,7.43884,0.06262,3.078]}]},"sy_z1":{"sy_z1":[{"time":0},{"time":0.8333,"vertices":[2.43596,2.756,-0.73601,4.23199,0,0,0,0,0,0,0,0,0,0,0,0,0,0,0,0,0,0,0,0,0,0,0,0,0,0,0,0,2.17398,-7.48198,15.91896,-7.91396,13.46039,-12.15041,12.21793,-15.78857,11.96748,-17.52821,10.51784,-14.67454,11.27614,-13.93359,13.25873,-16.68303,16.13081,-18.8914,4.72604,-0.92905,6.7359,0.91399,7.62791,-0.23798,5.7919,2.16801],"curve":"stepped"},{"time":1.1667,"vertices":[2.43596,2.756,-0.73601,4.23199,0,0,0,0,0,0,0,0,0,0,0,0,0,0,0,0,0,0,0,0,0,0,0,0,0,0,0,0,2.17398,-7.48198,15.91896,-7.91396,13.46039,-12.15041,12.21793,-15.78857,11.96748,-17.52821,10.51784,-14.67454,11.27614,-13.93359,13.25873,-16.68303,16.13081,-18.8914,4.72604,-0.92905,6.7359,0.91399,7.62791,-0.23798,5.7919,2.16801]},{"time":1.5}]}}}},"sy_zhongdu":{"slots":{"sy_s":{"color":[{"time":0,"color":"ffffffff"},{"time":0.8333,"color":"c4ffc5ff"}]},"sy_sz":{"color":[{"time":0,"color":"ffffffff"},{"time":0.8333,"color":"c4ffc5ff"}]},"sy_y1":{"color":[{"time":0,"color":"ffffffff"},{"time":0.8333,"color":"c4ffc5ff"}]},"sy_y2":{"color":[{"time":0,"color":"ffffffff"},{"time":0.8333,"color":"c4ffc5ff"}]},"sy_yj1":{"color":[{"time":0,"color":"ffffffff"},{"time":0.8333,"color":"c4ffc5ff","curve":"stepped"},{"time":1.1667,"color":"c4ffc5ff"},{"time":1.2,"color":"ffffff00"}]},"sy_yj1_yz":{"color":[{"time":1.1667,"color":"ffffffff"},{"time":1.2,"color":"ffffff00"}]},"sy_yj2":{"color":[{"time":0,"color":"ffffff00"}]},"sy_yj2_yz":{"color":[{"time":0,"color":"ffffff00"}]},"sy_yj3":{"color":[{"time":0,"color":"ffffff00","curve":"stepped"},{"time":1.1667,"color":"ffffff00"},{"time":1.2,"color":"ffffffff"}]},"sy_yj4":{"color":[{"time":0,"color":"ffffff00"}]},"sy_yj5":{"color":[{"time":0,"color":"ffffff00"}]},"sy_yj6":{"color":[{"time":0,"color":"ffffff00"}]},"sy_z1":{"color":[{"time":0,"color":"ffffffff"},{"time":0.8333,"color":"c4ffc5ff"}]},"xjy1_s":{"color":[{"time":0,"color":"ffffff00"}]},"xjy1_yq":{"color":[{"time":0,"color":"ffffff00"}]},"xjy1_yj1":{"color":[{"time":0,"color":"ffffff00"}]},"xjy1_yj1_yz":{"color":[{"time":0,"color":"ffffff00"}]},"xjy1_yj2":{"color":[{"time":0,"color":"ffffff00"}]},"xjy1_yj2_yz":{"color":[{"time":0,"color":"ffffff00"}]},"xjy1_yj3":{"color":[{"time":0,"color":"ffffff00"}]}},"bones":{"bone_sy":{"rotate":[{"time":0,"angle":0},{"time":0.8333,"angle":7.15,"curve":"stepped"},{"time":1.1667,"angle":7.15},{"time":1.5,"angle":0}],"translate":[{"time":0,"x":0,"y":0},{"time":0.8333,"x":0,"y":65.67,"curve":"stepped"},{"time":1.1667,"x":0,"y":65.67},{"time":1.5,"x":0,"y":0}]},"bone_sy13":{"rotate":[{"time":0,"angle":0},{"time":0.8333,"angle":4.01}]},"bone_sy12":{"rotate":[{"time":0,"angle":0},{"time":0.8333,"angle":3.61}]},"bone_sy11":{"rotate":[{"time":0,"angle":0},{"time":0.8333,"angle":-3.21}]},"bone_sy10":{"rotate":[{"time":0,"angle":0},{"time":0.8333,"angle":16.91}]},"bone_sy8":{"rotate":[{"time":0,"angle":0},{"time":0.8333,"angle":10.92}]},"bone_sy9":{"rotate":[{"time":0,"angle":0},{"time":0.8333,"angle":-11.93}]},"bone_sy7":{"rotate":[{"time":0,"angle":0},{"time":0.8333,"angle":-0.44}]},"bone_sy6":{"rotate":[{"time":0,"angle":0},{"time":0.2,"angle":-18.02},{"time":0.8333,"angle":-13.69}]},"bone_sy5":{"rotate":[{"time":0,"angle":0},{"time":0.2,"angle":-7.91},{"time":0.8333,"angle":-11.01}]},"bone_sy14":{"rotate":[{"time":0,"angle":0},{"time":0.8333,"angle":21.71,"curve":"stepped"},{"time":1.1667,"angle":21.71},{"time":1.5,"angle":0}]},"bone_sy18":{"translate":[{"time":0,"x":0,"y":0},{"time":0.8333,"x":0.55,"y":-3.09,"curve":"stepped"},{"time":1.1667,"x":0.55,"y":-3.09},{"time":1.5,"x":0,"y":0}]},"bone_sy15":{"rotate":[{"time":0,"angle":0},{"time":0.8333,"angle":-12.16}],"scale":[{"time":0,"x":1,"y":1},{"time":0.8333,"x":0.888,"y":1}]},"bone_sy16":{"rotate":[{"time":0,"angle":0},{"time":0.8333,"angle":-10.75}]},"bone_sy2":{"rotate":[{"time":0,"angle":0},{"time":0.8333,"angle":-13.33,"curve":"stepped"},{"time":1.1667,"angle":-13.33},{"time":1.5,"angle":0}]},"bone_sy4":{"rotate":[{"time":0,"angle":0},{"time":0.8333,"angle":-25.33,"curve":"stepped"},{"time":1.1667,"angle":-25.33},{"time":1.5,"angle":0}]},"bone_sy3":{"rotate":[{"time":0,"angle":0},{"time":0.8333,"angle":-20.33,"curve":"stepped"},{"time":1.1667,"angle":-20.33},{"time":1.5,"angle":0}]},"bone_sy25":{"translate":[{"time":0,"x":0,"y":0},{"time":0.8333,"x":-10.87,"y":9.89}],"scale":[{"time":0,"x":1,"y":1},{"time":0.8333,"x":0.7,"y":0.7}]},"bone_sy24":{"rotate":[{"time":1.2,"angle":178.67},{"time":1.5333,"angle":89.39},{"time":1.8667,"angle":5.83},{"time":2.2,"angle":-84.17},{"time":2.5333,"angle":-174.17}]}},"deform":{"default":{"sy_yj1":{"sy_yj1":[{"time":0,"offset":52,"vertices":[-0.12843,0.53685]},{"time":0.8333,"offset":12,"vertices":[0.16908,-0.67047,0.54816,-0.80981,0.73431,-2.08002,0.73642,-2.15498,0.59073,-2.30927,-0.00478,-2.4762,0,0,0,0,0,0,0,0,0,0,0,0,0,0,0,0,0,0,0,0,-2.25247,5.33803,-2.43056,11.59436,-3.10349,14.16742,-4.08353,14.63948,-2.1515,16.29164,-1.82471,14.05373,-0.24658,11.32242,0.62698,9.62143,0.38893,7.43884,0.06262,3.078]}]},"sy_z1":{"sy_z1":[{"time":0},{"time":0.8333,"vertices":[2.43596,2.756,-0.73601,4.23199,0,0,0,0,0,0,0,0,0,0,0,0,0,0,0,0,0,0,0,0,0,0,0,0,0,0,0,0,2.17398,-7.48198,15.91896,-7.91396,13.46039,-12.15041,12.21793,-15.78857,11.96748,-17.52821,10.51784,-14.67454,11.27614,-13.93359,13.25873,-16.68303,16.13081,-18.8914,4.72604,-0.92905,6.7359,0.91399,7.62791,-0.23798,5.7919,2.16801],"curve":"stepped"},{"time":1.1667,"vertices":[2.43596,2.756,-0.73601,4.23199,0,0,0,0,0,0,0,0,0,0,0,0,0,0,0,0,0,0,0,0,0,0,0,0,0,0,0,0,2.17398,-7.48198,15.91896,-7.91396,13.46039,-12.15041,12.21793,-15.78857,11.96748,-17.52821,10.51784,-14.67454,11.27614,-13.93359,13.25873,-16.68303,16.13081,-18.8914,4.72604,-0.92905,6.7359,0.91399,7.62791,-0.23798,5.7919,2.16801]},{"time":1.5}]}}}}}},"_atlasText":"\r\nyu.png\r\nsize: 512,256\r\nformat: RGBA8888\r\nfilter: Linear,Linear\r\nrepeat: none\r\nsy_s\r\n  rotate: false\r\n  xy: 288, 210\r\n  size: 78, 44\r\n  orig: 78, 44\r\n  offset: 0, 0\r\n  index: -1\r\nsy_sz\r\n  rotate: false\r\n  xy: 2, 59\r\n  size: 284, 195\r\n  orig: 284, 195\r\n  offset: 0, 0\r\n  index: -1\r\nsy_y1\r\n  rotate: false\r\n  xy: 108, 31\r\n  size: 82, 26\r\n  orig: 82, 26\r\n  offset: 0, 0\r\n  index: -1\r\nsy_y2\r\n  rotate: false\r\n  xy: 368, 232\r\n  size: 63, 22\r\n  orig: 63, 22\r\n  offset: 0, 0\r\n  index: -1\r\nsy_yj1\r\n  rotate: true\r\n  xy: 339, 156\r\n  size: 52, 30\r\n  orig: 52, 30\r\n  offset: 0, 0\r\n  index: -1\r\nsy_yj1_yz\r\n  rotate: false\r\n  xy: 192, 39\r\n  size: 17, 18\r\n  orig: 17, 18\r\n  offset: 0, 0\r\n  index: -1\r\nsy_yj2\r\n  rotate: false\r\n  xy: 288, 159\r\n  size: 49, 49\r\n  orig: 49, 49\r\n  offset: 0, 0\r\n  index: -1\r\nsy_yj2_yz\r\n  rotate: true\r\n  xy: 2, 2\r\n  size: 11, 12\r\n  orig: 11, 12\r\n  offset: 0, 0\r\n  index: -1\r\nsy_yj3\r\n  rotate: true\r\n  xy: 288, 59\r\n  size: 47, 50\r\n  orig: 47, 50\r\n  offset: 0, 0\r\n  index: -1\r\nsy_yj4\r\n  rotate: false\r\n  xy: 288, 108\r\n  size: 49, 49\r\n  orig: 49, 49\r\n  offset: 0, 0\r\n  index: -1\r\nsy_z1\r\n  rotate: false\r\n  xy: 2, 15\r\n  size: 104, 42\r\n  orig: 104, 42\r\n  offset: 0, 0\r\n  index: -1\r\n","textures":[{"__uuid__":"1adDoKALJC0Zrr8UROKc1E"}],"textureNames":["yu.png"]}]