[{"__type__":"cc.SpriteFrame","content":{"name":"guanqia55","texture":"38FTITVgRJbLkTFLp7byjw","rect":[1,1,1016,1320],"offset":[0.5,0],"originalSize":[1017,1322],"capInsets":[0,0,0,0]}},[{"__type__":"cc.Prefab","_name":"UIDerived80","data":{"__id__":1}},{"__type__":"cc.Node","_name":"UIDerived52","_children":[{"__type__":"cc.Node","_name":"bule_node","_parent":{"__id__":1},"_prefab":{"__type__":"cc.PrefabInfo","root":{"__id__":1},"asset":{"__uuid__":"eaJ2qm5e9IGoqK+qnwi6YZ"},"fileId":"396EkwhTJPSLqW8q61bpz/"},"_trs":{"__type__":"TypedArray","ctor":"Float64Array","array":[0,0,0,0,0,0,1,1,1,1]}},{"__type__":"cc.Node","_name":"greenwater_node","_parent":{"__id__":1},"_prefab":{"__type__":"cc.PrefabInfo","root":{"__id__":1},"asset":{"__uuid__":"eaJ2qm5e9IGoqK+qnwi6YZ"},"fileId":"34ie5uLrVJUoQFuSxJJNC4"},"_trs":{"__type__":"TypedArray","ctor":"Float64Array","array":[0,0,0,0,0,0,1,1,1,1]}},{"__type__":"cc.Node","_name":"redwater_node","_parent":{"__id__":1},"_prefab":{"__type__":"cc.PrefabInfo","root":{"__id__":1},"asset":{"__uuid__":"eaJ2qm5e9IGoqK+qnwi6YZ"},"fileId":"7eG1nAhqhDSb4/pPUoW5UQ"},"_trs":{"__type__":"TypedArray","ctor":"Float64Array","array":[0,0,0,0,0,0,1,1,1,1]}},{"__id__":2},{"__id__":3},{"__id__":4},{"__id__":5},{"__type__":"cc.Node","_name":"greenPos_node","_parent":{"__id__":1},"_prefab":{"__type__":"cc.PrefabInfo","root":{"__id__":1},"asset":{"__uuid__":"eaJ2qm5e9IGoqK+qnwi6YZ"},"fileId":"81wp0WG9NCeZWPy3gqrIyw"},"_trs":{"__type__":"TypedArray","ctor":"Float64Array","array":[0,0,0,0,0,0,1,1,1,1]}},{"__type__":"cc.Node","_name":"player","_parent":{"__id__":1},"_prefab":{"__type__":"cc.PrefabInfo","root":{"__id__":1},"asset":{"__uuid__":"eaJ2qm5e9IGoqK+qnwi6YZ"},"fileId":"bcs0ieDFRC7qkCHr+RRn0i"},"_contentSize":{"__type__":"cc.Size","width":240,"height":140},"_trs":{"__type__":"TypedArray","ctor":"Float64Array","array":[154.515,-531.643,0,0,0,0,1,-0.7,0.7,1]}},{"__id__":6},{"__id__":11},{"__id__":20},{"__id__":15},{"__id__":26}],"_components":[{"__type__":"cc.Sprite","node":{"__id__":1},"_materials":[{"__uuid__":"ecpdLyjvZBwrvm+cedCcQy"}],"_spriteFrame":{"__uuid__":"69GuluiqBNYIozpqvJmOnR"}},{"__type__":"cc.RigidBody","node":{"__id__":1},"_type":0},{"__type__":"cc.PhysicsPolygonCollider","node":{"__id__":1},"_offset":{"__type__":"cc.Vec2","x":-495,"y":649},"points":[{"__type__":"cc.Vec2","x":-35,"y":-1320},{"__type__":"cc.Vec2","x":1031,"y":-1329},{"__type__":"cc.Vec2","x":1974,"y":-1365},{"__type__":"cc.Vec2","x":1037,"y":56},{"__type__":"cc.Vec2","x":893.6,"y":-37.4},{"__type__":"cc.Vec2","x":891,"y":-861},{"__type__":"cc.Vec2","x":1005.2,"y":-968.7},{"__type__":"cc.Vec2","x":1039,"y":-958},{"__type__":"cc.Vec2","x":1768,"y":-1128},{"__type__":"cc.Vec2","x":1694,"y":-1291},{"__type__":"cc.Vec2","x":1010,"y":-1153},{"__type__":"cc.Vec2","x":461.3,"y":-611.2},{"__type__":"cc.Vec2","x":133.2,"y":-939.5},{"__type__":"cc.Vec2","x":144.2,"y":-968.2},{"__type__":"cc.Vec2","x":653.1,"y":-970.2},{"__type__":"cc.Vec2","x":772.5,"y":-1091.4},{"__type__":"cc.Vec2","x":779.3,"y":-1148.2},{"__type__":"cc.Vec2","x":737.8,"y":-1232},{"__type__":"cc.Vec2","x":676.3,"y":-1265},{"__type__":"cc.Vec2","x":579.3,"y":-1239.7},{"__type__":"cc.Vec2","x":541.6,"y":-1184.4},{"__type__":"cc.Vec2","x":538.3,"y":-1120.8},{"__type__":"cc.Vec2","x":532.9,"y":-1078.2},{"__type__":"cc.Vec2","x":505.8,"y":-1062.4},{"__type__":"cc.Vec2","x":35,"y":-1059.3},{"__type__":"cc.Vec2","x":41,"y":-39},{"__type__":"cc.Vec2","x":895.1,"y":-36.2},{"__type__":"cc.Vec2","x":1035,"y":57},{"__type__":"cc.Vec2","x":-50,"y":50}]},{"__type__":"cc.PhysicsPolygonCollider","node":{"__id__":1},"_offset":{"__type__":"cc.Vec2","x":-319,"y":488},"points":[{"__type__":"cc.Vec2","x":-45.4,"y":-543.4},{"__type__":"cc.Vec2","x":-20.1,"y":-552.6},{"__type__":"cc.Vec2","x":178.6,"y":-353.5},{"__type__":"cc.Vec2","x":175.4,"y":-143.1},{"__type__":"cc.Vec2","x":59.7,"y":-27},{"__type__":"cc.Vec2","x":-15.4,"y":45.6},{"__type__":"cc.Vec2","x":-46.5,"y":51.8}]},{"__type__":"cc.PhysicsPolygonCollider","node":{"__id__":1},"_offset":{"__type__":"cc.Vec2","x":129,"y":280},"points":[{"__type__":"cc.Vec2","x":-50.6,"y":-119.3},{"__type__":"cc.Vec2","x":-37.3,"y":-157.8},{"__type__":"cc.Vec2","x":143.2,"y":-335.5},{"__type__":"cc.Vec2","x":179,"y":-339},{"__type__":"cc.Vec2","x":176.4,"y":252.6},{"__type__":"cc.Vec2","x":151.9,"y":258.8},{"__type__":"cc.Vec2","x":-31.7,"y":85.5},{"__type__":"cc.Vec2","x":-50,"y":50}]},{"__type__":"1100eDGpRlLMYp5CrYQGpcQ","node":{"__id__":1}}],"_prefab":{"__type__":"cc.PrefabInfo","root":{"__id__":1},"asset":{"__uuid__":"eaJ2qm5e9IGoqK+qnwi6YZ"},"fileId":"8e+6nxV6BBsI8GMCd72J7a"},"_contentSize":{"__type__":"cc.Size","width":1016,"height":1320},"_trs":{"__type__":"TypedArray","ctor":"Float64Array","array":[48.746,0,0,0,0,0,1,1,1,1]}},{"__type__":"cc.Node","_name":"black_node","_parent":{"__id__":1},"_components":[{"__type__":"6c0e8KZwr5L34azTYX21stu","node":{"__id__":2}}],"_prefab":{"__type__":"cc.PrefabInfo","root":{"__id__":1},"asset":{"__uuid__":"eaJ2qm5e9IGoqK+qnwi6YZ"},"fileId":"c3zHb8f/NKfYaFOv4+UTbX"},"_trs":{"__type__":"TypedArray","ctor":"Float64Array","array":[0,0,0,0,0,0,1,1,1,1]}},{"__type__":"cc.Node","_name":"gray_node","_parent":{"__id__":1},"_components":[{"__type__":"3400dF2d2tHLK8+En9baGXY","node":{"__id__":3},"grey_prefab":{"__uuid__":"13FEeEL1NMaK5TFGpFQpJr"}}],"_prefab":{"__type__":"cc.PrefabInfo","root":{"__id__":1},"asset":{"__uuid__":"eaJ2qm5e9IGoqK+qnwi6YZ"},"fileId":"98emO6eY5CoL9r8uQYYqms"},"_trs":{"__type__":"TypedArray","ctor":"Float64Array","array":[0,0,0,0,0,0,1,1,1,1]}},{"__type__":"cc.Node","_name":"bulePos_node","_parent":{"__id__":1},"_children":[{"__type__":"cc.Node","_name":"New Node","_parent":{"__id__":4},"_prefab":{"__type__":"cc.PrefabInfo","root":{"__id__":1},"asset":{"__uuid__":"eaJ2qm5e9IGoqK+qnwi6YZ"},"fileId":"98Egr7j2ZAA7SMjJnRBR1b"},"_trs":{"__type__":"TypedArray","ctor":"Float64Array","array":[339.115,372.867,0,0,0,0,1,1,1,1]}}],"_prefab":{"__type__":"cc.PrefabInfo","root":{"__id__":1},"asset":{"__uuid__":"eaJ2qm5e9IGoqK+qnwi6YZ"},"fileId":"20vFlQPwlMw5DYFmaato8n"},"_trs":{"__type__":"TypedArray","ctor":"Float64Array","array":[0,0,0,0,0,0,1,1,1,1]}},{"__type__":"cc.Node","_name":"redPos_node","_parent":{"__id__":1},"_children":[{"__type__":"cc.Node","_name":"New Node","_parent":{"__id__":5},"_prefab":{"__type__":"cc.PrefabInfo","root":{"__id__":1},"asset":{"__uuid__":"eaJ2qm5e9IGoqK+qnwi6YZ"},"fileId":"f2NwSkdnVEfZwOkCrIVoga"},"_trs":{"__type__":"TypedArray","ctor":"Float64Array","array":[-425,-76.331,0,0,0,0,1,1,1,1]}}],"_prefab":{"__type__":"cc.PrefabInfo","root":{"__id__":1},"asset":{"__uuid__":"eaJ2qm5e9IGoqK+qnwi6YZ"},"fileId":"90Cq4u2cdIKqTIEXuyYNf5"},"_trs":{"__type__":"TypedArray","ctor":"Float64Array","array":[0,0,0,0,0,0,1,1,1,1]}},{"__type__":"cc.Node","_name":"zhenNodeTwo","_parent":{"__id__":1},"_children":[{"__id__":7},{"__id__":8},{"__id__":9},{"__id__":10}],"_prefab":{"__type__":"cc.PrefabInfo","root":{"__id__":1},"asset":{"__uuid__":"eaJ2qm5e9IGoqK+qnwi6YZ"},"fileId":"d3JBtz2GBDSprIYMs6MsHl"},"_trs":{"__type__":"TypedArray","ctor":"Float64Array","array":[381.044,-8.209,0,0,0,1,6.123233995736766e-17,1,1,1]},"_eulerAngles":{"__type__":"cc.Vec3","z":180}},{"__type__":"cc.Node","_name":"huagui","_parent":{"__id__":6},"_components":[{"__type__":"cc.Sprite","node":{"__id__":7},"_materials":[{"__uuid__":"ecpdLyjvZBwrvm+cedCcQy"}],"_spriteFrame":{"__uuid__":"72AklVCzBN/asPCzYF9Gl5"},"_type":2,"_sizeMode":0}],"_prefab":{"__type__":"cc.PrefabInfo","root":{"__id__":1},"asset":{"__uuid__":"eaJ2qm5e9IGoqK+qnwi6YZ"},"fileId":"02qYwhX45J6alO4f24Bpds"},"_contentSize":{"__type__":"cc.Size","width":52,"height":603},"_trs":{"__type__":"TypedArray","ctor":"Float64Array","array":[-36,-249,0,0,0,0,1,0.5,1,0.5]}},{"__type__":"cc.Node","_name":"zhen","_parent":{"__id__":6},"_components":[{"__type__":"cc.Sprite","node":{"__id__":8},"_materials":[{"__uuid__":"ecpdLyjvZBwrvm+cedCcQy"}],"_spriteFrame":{"__uuid__":"14vJwyNH1OspMXFimJtxkW"},"_type":1,"_sizeMode":0},{"__type__":"cc.RigidBody","node":{"__id__":8},"_type":3,"_gravityScale":0,"_fixedRotation":true,"enabledContactListener":true,"bullet":true},{"__type__":"cc.PhysicsPolygonCollider","node":{"__id__":8},"_offset":{"__type__":"cc.Vec2","x":176,"y":5},"points":[{"__type__":"cc.Vec2","x":-346.7,"y":-79.8},{"__type__":"cc.Vec2","x":-208.7,"y":-78.5},{"__type__":"cc.Vec2","x":-210.9,"y":-22.3},{"__type__":"cc.Vec2","x":-33.9,"y":-22.3},{"__type__":"cc.Vec2","x":-33.9,"y":14.4},{"__type__":"cc.Vec2","x":-208.5,"y":15},{"__type__":"cc.Vec2","x":-207,"y":81.7},{"__type__":"cc.Vec2","x":-345.4,"y":83.3}]},{"__type__":"1cb3eoIRdhJWZayW7A68Y7j","node":{"__id__":8}}],"_prefab":{"__type__":"cc.PrefabInfo","root":{"__id__":1},"asset":{"__uuid__":"eaJ2qm5e9IGoqK+qnwi6YZ"},"fileId":"5d12nKaA9K1rGJ9mhmYzO7"},"_contentSize":{"__type__":"cc.Size","width":284.1,"height":111},"_trs":{"__type__":"TypedArray","ctor":"Float64Array","array":[0,0,0,0,0,0,1,1,1,1]}},{"__type__":"cc.Node","_name":"zhenup","_parent":{"__id__":6},"_components":[{"__type__":"cc.RigidBody","node":{"__id__":9},"_type":0,"_gravityScale":0,"bullet":true}],"_prefab":{"__type__":"cc.PrefabInfo","root":{"__id__":1},"asset":{"__uuid__":"eaJ2qm5e9IGoqK+qnwi6YZ"},"fileId":"fa7vNSoI5K9q1OaFUg/fRN"},"_trs":{"__type__":"TypedArray","ctor":"Float64Array","array":[0,52,0,0,0,0,1,1,1,1]}},{"__type__":"cc.Node","_name":"zhendown","_parent":{"__id__":6},"_components":[{"__type__":"cc.RigidBody","node":{"__id__":10},"_type":0,"_gravityScale":0,"bullet":true}],"_prefab":{"__type__":"cc.PrefabInfo","root":{"__id__":1},"asset":{"__uuid__":"eaJ2qm5e9IGoqK+qnwi6YZ"},"fileId":"cdEpLGj8dAwLMCSU0/HseQ"},"_trs":{"__type__":"TypedArray","ctor":"Float64Array","array":[0,-534.425,0,0,0,0,1,1,1,1]}},{"__type__":"cc.Node","_name":"zhenNodeTwo","_parent":{"__id__":1},"_children":[{"__id__":12},{"__id__":13},{"__id__":24},{"__id__":25}],"_prefab":{"__type__":"cc.PrefabInfo","root":{"__id__":1},"asset":{"__uuid__":"eaJ2qm5e9IGoqK+qnwi6YZ"},"fileId":"55W5V6moZHebhE9OHYla/n"},"_trs":{"__type__":"TypedArray","ctor":"Float64Array","array":[-108.054,-276.293,0,0,0,0.7071067811865475,0.7071067811865476,1,1,1]},"_eulerAngles":{"__type__":"cc.Vec3","z":90}},{"__type__":"cc.Node","_name":"huagui","_parent":{"__id__":11},"_components":[{"__type__":"cc.Sprite","node":{"__id__":12},"_materials":[{"__uuid__":"ecpdLyjvZBwrvm+cedCcQy"}],"_spriteFrame":{"__uuid__":"72AklVCzBN/asPCzYF9Gl5"},"_type":2,"_sizeMode":0}],"_prefab":{"__type__":"cc.PrefabInfo","root":{"__id__":1},"asset":{"__uuid__":"eaJ2qm5e9IGoqK+qnwi6YZ"},"fileId":"59pTcEJVFELoIy+PvhT/bh"},"_contentSize":{"__type__":"cc.Size","width":52,"height":489},"_trs":{"__type__":"TypedArray","ctor":"Float64Array","array":[-157.116,122.589,0,0,0,0,1,0.5,1,0.5]}},{"__type__":"cc.Node","_name":"zhen","_parent":{"__id__":11},"_components":[{"__type__":"cc.Sprite","node":{"__id__":13},"_materials":[{"__uuid__":"ecpdLyjvZBwrvm+cedCcQy"}],"_spriteFrame":{"__uuid__":"14vJwyNH1OspMXFimJtxkW"},"_type":1,"_sizeMode":0},{"__type__":"cc.RigidBody","node":{"__id__":13},"_type":3,"_gravityScale":0,"_fixedRotation":true,"enabledContactListener":true,"bullet":true},{"__type__":"cc.PhysicsPolygonCollider","node":{"__id__":13},"_offset":{"__type__":"cc.Vec2","x":81,"y":1},"points":[{"__type__":"cc.Vec2","x":-346.7,"y":-79.8},{"__type__":"cc.Vec2","x":-208.7,"y":-78.5},{"__type__":"cc.Vec2","x":-211.2,"y":-21.2},{"__type__":"cc.Vec2","x":178,"y":-21.6},{"__type__":"cc.Vec2","x":177.9,"y":20.8},{"__type__":"cc.Vec2","x":-210.6,"y":22.5},{"__type__":"cc.Vec2","x":-207,"y":81.7},{"__type__":"cc.Vec2","x":-345.4,"y":83.3}]},{"__type__":"1cb3eoIRdhJWZayW7A68Y7j","node":{"__id__":13},"applyUpsensor":true,"allzhen":[{"__id__":14}]}],"_prefab":{"__type__":"cc.PrefabInfo","root":{"__id__":1},"asset":{"__uuid__":"eaJ2qm5e9IGoqK+qnwi6YZ"},"fileId":"58QXriUjFImK5wsrmBBsi4"},"_contentSize":{"__type__":"cc.Size","width":516,"height":111},"_trs":{"__type__":"TypedArray","ctor":"Float64Array","array":[0,0,0,0,0,0,1,1,1,1]}},{"__type__":"cc.Node","_name":"zhen","_parent":{"__id__":15},"_components":[{"__type__":"cc.Sprite","node":{"__id__":14},"_materials":[{"__uuid__":"ecpdLyjvZBwrvm+cedCcQy"}],"_spriteFrame":{"__uuid__":"14vJwyNH1OspMXFimJtxkW"},"_type":1,"_sizeMode":0},{"__type__":"cc.RigidBody","node":{"__id__":14},"_type":3,"_gravityScale":0,"_fixedRotation":true,"enabledContactListener":true,"bullet":true},{"__type__":"cc.PhysicsPolygonCollider","node":{"__id__":14},"_offset":{"__type__":"cc.Vec2","x":220.5,"y":3.4},"points":[{"__type__":"cc.Vec2","x":-342.4,"y":-72.3},{"__type__":"cc.Vec2","x":-229.3,"y":-67.2},{"__type__":"cc.Vec2","x":-218.3,"y":-19.8},{"__type__":"cc.Vec2","x":-114.7,"y":-19.5},{"__type__":"cc.Vec2","x":-114.2,"y":15.9},{"__type__":"cc.Vec2","x":-218.6,"y":15.9},{"__type__":"cc.Vec2","x":-228.1,"y":67.1},{"__type__":"cc.Vec2","x":-343.8,"y":70.4}]},{"__type__":"1cb3eoIRdhJWZayW7A68Y7j","node":{"__id__":14},"applyUpsensor":true,"applyDownsensor":true,"allzhen":[{"__id__":19},{"__id__":13}]}],"_prefab":{"__type__":"cc.PrefabInfo","root":{"__id__":1},"asset":{"__uuid__":"eaJ2qm5e9IGoqK+qnwi6YZ"},"fileId":"0a68dnQ6JLr5MR+FXyfX/k"},"_contentSize":{"__type__":"cc.Size","width":213,"height":111},"_trs":{"__type__":"TypedArray","ctor":"Float64Array","array":[0,0,0,0,0,0,1,1,1,1]}},{"__type__":"cc.Node","_name":"zhenNodeTwo","_parent":{"__id__":1},"_children":[{"__id__":16},{"__id__":14},{"__id__":17},{"__id__":18}],"_prefab":{"__type__":"cc.PrefabInfo","root":{"__id__":1},"asset":{"__uuid__":"eaJ2qm5e9IGoqK+qnwi6YZ"},"fileId":"29x5P00KVPB5tfdqvdT6Y8"},"_trs":{"__type__":"TypedArray","ctor":"Float64Array","array":[-455.875,481.445,0,0,0,0,1,1,1,1]}},{"__type__":"cc.Node","_name":"huagui","_parent":{"__id__":15},"_components":[{"__type__":"cc.Sprite","node":{"__id__":16},"_materials":[{"__uuid__":"ecpdLyjvZBwrvm+cedCcQy"}],"_spriteFrame":{"__uuid__":"72AklVCzBN/asPCzYF9Gl5"},"_type":2,"_sizeMode":0}],"_prefab":{"__type__":"cc.PrefabInfo","root":{"__id__":1},"asset":{"__uuid__":"eaJ2qm5e9IGoqK+qnwi6YZ"},"fileId":"c7OVpVk/5MI68goUNOAQQF"},"_contentSize":{"__type__":"cc.Size","width":52,"height":1039},"_trs":{"__type__":"TypedArray","ctor":"Float64Array","array":[-21.926,-382.294,0,0,0,0,1,0.5,1,0.5]}},{"__type__":"cc.Node","_name":"zhenup","_parent":{"__id__":15},"_components":[{"__type__":"cc.RigidBody","node":{"__id__":17},"_type":0,"_gravityScale":0,"bullet":true}],"_prefab":{"__type__":"cc.PrefabInfo","root":{"__id__":1},"asset":{"__uuid__":"eaJ2qm5e9IGoqK+qnwi6YZ"},"fileId":"26AY/NvhFHVZvoZgHLuxRU"},"_trs":{"__type__":"TypedArray","ctor":"Float64Array","array":[0,129.588,0,0,0,0,1,1,1,1]}},{"__type__":"cc.Node","_name":"zhendown","_parent":{"__id__":15},"_components":[{"__type__":"cc.RigidBody","node":{"__id__":18},"_type":0,"_gravityScale":0,"bullet":true}],"_prefab":{"__type__":"cc.PrefabInfo","root":{"__id__":1},"asset":{"__uuid__":"eaJ2qm5e9IGoqK+qnwi6YZ"},"fileId":"08k3dlF7FDx6jg3k2eMiF0"},"_trs":{"__type__":"TypedArray","ctor":"Float64Array","array":[0,-893.336,0,0,0,0,1,1,1,1]}},{"__type__":"cc.Node","_name":"zhen","_parent":{"__id__":20},"_components":[{"__type__":"cc.Sprite","node":{"__id__":19},"_materials":[{"__uuid__":"ecpdLyjvZBwrvm+cedCcQy"}],"_spriteFrame":{"__uuid__":"14vJwyNH1OspMXFimJtxkW"},"_type":1,"_sizeMode":0},{"__type__":"cc.RigidBody","node":{"__id__":19},"_type":3,"_gravityScale":0,"_fixedRotation":true,"enabledContactListener":true,"bullet":true},{"__type__":"cc.PhysicsPolygonCollider","node":{"__id__":19},"_offset":{"__type__":"cc.Vec2","x":220.5,"y":3.4},"points":[{"__type__":"cc.Vec2","x":-342.4,"y":-72.3},{"__type__":"cc.Vec2","x":-209.2,"y":-68.9},{"__type__":"cc.Vec2","x":-209.1,"y":-20},{"__type__":"cc.Vec2","x":-114.9,"y":-21.5},{"__type__":"cc.Vec2","x":-113.4,"y":16.6},{"__type__":"cc.Vec2","x":-211.6,"y":16.4},{"__type__":"cc.Vec2","x":-212.4,"y":68.8},{"__type__":"cc.Vec2","x":-343.8,"y":70.4}]},{"__type__":"1cb3eoIRdhJWZayW7A68Y7j","node":{"__id__":19},"applyUpsensor":true,"applyDownsensor":true,"allzhen":[{"__id__":14}]}],"_prefab":{"__type__":"cc.PrefabInfo","root":{"__id__":1},"asset":{"__uuid__":"eaJ2qm5e9IGoqK+qnwi6YZ"},"fileId":"e5DadzvHVFQIsgaRJlQvDX"},"_contentSize":{"__type__":"cc.Size","width":213,"height":111},"_trs":{"__type__":"TypedArray","ctor":"Float64Array","array":[0,0,0,0,0,0,1,1,1,1]}},{"__type__":"cc.Node","_name":"zhenNodeTwo","_parent":{"__id__":1},"_children":[{"__id__":21},{"__id__":19},{"__id__":22},{"__id__":23}],"_prefab":{"__type__":"cc.PrefabInfo","root":{"__id__":1},"asset":{"__uuid__":"eaJ2qm5e9IGoqK+qnwi6YZ"},"fileId":"d62sv7NQlPhKeW2ybpXyxe"},"_trs":{"__type__":"TypedArray","ctor":"Float64Array","array":[-291.172,639.724,0,0,0,0.7071067811865476,-0.7071067811865475,1,1,1]},"_eulerAngles":{"__type__":"cc.Vec3","z":270}},{"__type__":"cc.Node","_name":"huagui","_parent":{"__id__":20},"_components":[{"__type__":"cc.Sprite","node":{"__id__":21},"_materials":[{"__uuid__":"ecpdLyjvZBwrvm+cedCcQy"}],"_spriteFrame":{"__uuid__":"72AklVCzBN/asPCzYF9Gl5"},"_type":2,"_sizeMode":0}],"_prefab":{"__type__":"cc.PrefabInfo","root":{"__id__":1},"asset":{"__uuid__":"eaJ2qm5e9IGoqK+qnwi6YZ"},"fileId":"74oTwtlFNAnpPIoklQd2I/"},"_contentSize":{"__type__":"cc.Size","width":52,"height":884},"_trs":{"__type__":"TypedArray","ctor":"Float64Array","array":[7.074,260,0,0,0,0,1,0.5,1,0.5]}},{"__type__":"cc.Node","_name":"zhenup","_parent":{"__id__":20},"_components":[{"__type__":"cc.RigidBody","node":{"__id__":22},"_type":0,"_gravityScale":0,"bullet":true}],"_prefab":{"__type__":"cc.PrefabInfo","root":{"__id__":1},"asset":{"__uuid__":"eaJ2qm5e9IGoqK+qnwi6YZ"},"fileId":"c2hnUsblhEsoaFH5JBuSIq"},"_trs":{"__type__":"TypedArray","ctor":"Float64Array","array":[0,683,0,0,0,0,1,1,1,1]}},{"__type__":"cc.Node","_name":"zhendown","_parent":{"__id__":20},"_components":[{"__type__":"cc.RigidBody","node":{"__id__":23},"_type":0,"_gravityScale":0,"bullet":true}],"_prefab":{"__type__":"cc.PrefabInfo","root":{"__id__":1},"asset":{"__uuid__":"eaJ2qm5e9IGoqK+qnwi6YZ"},"fileId":"adgKq/vt9Og7OlHdtX5wa6"},"_trs":{"__type__":"TypedArray","ctor":"Float64Array","array":[0,-155,0,0,0,0,1,1,1,1]}},{"__type__":"cc.Node","_name":"zhenup","_parent":{"__id__":11},"_components":[{"__type__":"cc.RigidBody","node":{"__id__":24},"_type":0,"_gravityScale":0,"bullet":true}],"_prefab":{"__type__":"cc.PrefabInfo","root":{"__id__":1},"asset":{"__uuid__":"eaJ2qm5e9IGoqK+qnwi6YZ"},"fileId":"5ezxvHCbJN85gOJdy+tkk3"},"_trs":{"__type__":"TypedArray","ctor":"Float64Array","array":[0,346.165,0,0,0,0,1,1,1,1]}},{"__type__":"cc.Node","_name":"zhendown","_parent":{"__id__":11},"_components":[{"__type__":"cc.RigidBody","node":{"__id__":25},"_type":0,"_gravityScale":0,"bullet":true}],"_prefab":{"__type__":"cc.PrefabInfo","root":{"__id__":1},"asset":{"__uuid__":"eaJ2qm5e9IGoqK+qnwi6YZ"},"fileId":"31PZDrXrVOc5msK8pTQP7k"},"_trs":{"__type__":"TypedArray","ctor":"Float64Array","array":[0,-116,0,0,0,0,1,1,1,1]}},{"__type__":"cc.Node","_name":"rotationStage","_parent":{"__id__":1},"_components":[{"__type__":"cc.Sprite","node":{"__id__":26},"_materials":[{"__uuid__":"ecpdLyjvZBwrvm+cedCcQy"}],"_spriteFrame":{"__uuid__":"7cQ9AZ2ihAL7w7j2iXN4dt"}},{"__type__":"ae444naYU1I/IZzwhFmo0bP","node":{"__id__":26}},{"__type__":"cc.RigidBody","node":{"__id__":26},"_type":0},{"__type__":"cc.PhysicsBoxCollider","node":{"__id__":26},"_offset":{"__type__":"cc.Vec2","y":2.6},"_size":{"__type__":"cc.Size","width":555,"height":86.5}},{"__type__":"cc.PhysicsBoxCollider","node":{"__id__":26},"_offset":{"__type__":"cc.Vec2","x":1.8},"_size":{"__type__":"cc.Size","width":95.4,"height":555}}],"_prefab":{"__type__":"cc.PrefabInfo","root":{"__id__":1},"asset":{"__uuid__":"eaJ2qm5e9IGoqK+qnwi6YZ"},"fileId":"e69YCiv5ZKq4kE78uFSH6w"},"_contentSize":{"__type__":"cc.Size","width":555,"height":555},"_trs":{"__type__":"TypedArray","ctor":"Float64Array","array":[-21.688,183.483,0,0,0,0,1,0.6,0.6,1]}}]]