[[{"__type__":"cc.Prefab","_name":"UIDerived65","data":{"__id__":1}},{"__type__":"cc.Node","_name":"UIDerived75","_children":[{"__type__":"cc.Node","_name":"bule_node","_parent":{"__id__":1},"_prefab":{"__type__":"cc.PrefabInfo","root":{"__id__":1},"asset":{"__uuid__":"0csDEZ7NpF178W1hTKAkmJ"},"fileId":"554kUqPi9O+bF8gbLaDpFP"},"_trs":{"__type__":"TypedArray","ctor":"Float64Array","array":[0,0,0,0,0,0,1,1,1,1]}},{"__type__":"cc.Node","_name":"greenwater_node","_parent":{"__id__":1},"_prefab":{"__type__":"cc.PrefabInfo","root":{"__id__":1},"asset":{"__uuid__":"0csDEZ7NpF178W1hTKAkmJ"},"fileId":"68CoFXgARAK7W/hEE/0PzS"},"_trs":{"__type__":"TypedArray","ctor":"Float64Array","array":[0,0,0,0,0,0,1,1,1,1]}},{"__type__":"cc.Node","_name":"redwater_node","_parent":{"__id__":1},"_prefab":{"__type__":"cc.PrefabInfo","root":{"__id__":1},"asset":{"__uuid__":"0csDEZ7NpF178W1hTKAkmJ"},"fileId":"cfVbIX8dVJJZC627ZbF3aD"},"_trs":{"__type__":"TypedArray","ctor":"Float64Array","array":[0,0,0,0,0,0,1,1,1,1]}},{"__id__":2},{"__id__":3},{"__id__":4},{"__id__":5},{"__type__":"cc.Node","_name":"greenPos_node","_parent":{"__id__":1},"_prefab":{"__type__":"cc.PrefabInfo","root":{"__id__":1},"asset":{"__uuid__":"0csDEZ7NpF178W1hTKAkmJ"},"fileId":"73XfPB8phEcL6DX3ewH+5I"},"_trs":{"__type__":"TypedArray","ctor":"Float64Array","array":[0,0,0,0,0,0,1,1,1,1]}},{"__type__":"cc.Node","_name":"player","_parent":{"__id__":1},"_prefab":{"__type__":"cc.PrefabInfo","root":{"__id__":1},"asset":{"__uuid__":"0csDEZ7NpF178W1hTKAkmJ"},"fileId":"f0wHIbv4hFSY+Mm2AZvRCm"},"_contentSize":{"__type__":"cc.Size","width":240,"height":140},"_trs":{"__type__":"TypedArray","ctor":"Float64Array","array":[91.308,-215.652,0,0,0,0,1,-0.7,0.7,1]}},{"__id__":6},{"__id__":8},{"__id__":10}],"_components":[{"__type__":"cc.Sprite","node":{"__id__":1},"_materials":[{"__uuid__":"ecpdLyjvZBwrvm+cedCcQy"}],"_spriteFrame":{"__uuid__":"69BBLDcBFAMqSwt+UUlVqR"}},{"__type__":"cc.RigidBody","node":{"__id__":1},"_type":0},{"__type__":"cc.PhysicsPolygonCollider","node":{"__id__":1},"_offset":{"__type__":"cc.Vec2","x":-264,"y":726},"points":[{"__type__":"cc.Vec2","x":-39,"y":-1512},{"__type__":"cc.Vec2","x":579,"y":-1512},{"__type__":"cc.Vec2","x":570,"y":48},{"__type__":"cc.Vec2","x":385,"y":7.5},{"__type__":"cc.Vec2","x":400.7,"y":-30.7},{"__type__":"cc.Vec2","x":402.5,"y":-73.7},{"__type__":"cc.Vec2","x":395.3,"y":-113.2},{"__type__":"cc.Vec2","x":127.3,"y":-181.8},{"__type__":"cc.Vec2","x":89.6,"y":-224.1},{"__type__":"cc.Vec2","x":91.9,"y":-279.5},{"__type__":"cc.Vec2","x":126.4,"y":-317},{"__type__":"cc.Vec2","x":191.3,"y":-327.8},{"__type__":"cc.Vec2","x":327.4,"y":-316.7},{"__type__":"cc.Vec2","x":365,"y":-322},{"__type__":"cc.Vec2","x":397.1,"y":-362.6},{"__type__":"cc.Vec2","x":403.3,"y":-403.3},{"__type__":"cc.Vec2","x":385,"y":-422},{"__type__":"cc.Vec2","x":126,"y":-486},{"__type__":"cc.Vec2","x":98,"y":-512},{"__type__":"cc.Vec2","x":92.3,"y":-714.6},{"__type__":"cc.Vec2","x":117.1,"y":-715.2},{"__type__":"cc.Vec2","x":243,"y":-664},{"__type__":"cc.Vec2","x":345,"y":-661},{"__type__":"cc.Vec2","x":435,"y":-691},{"__type__":"cc.Vec2","x":515,"y":-770},{"__type__":"cc.Vec2","x":529,"y":-866},{"__type__":"cc.Vec2","x":507,"y":-958},{"__type__":"cc.Vec2","x":441,"y":-1023},{"__type__":"cc.Vec2","x":354,"y":-1045},{"__type__":"cc.Vec2","x":226,"y":-1012},{"__type__":"cc.Vec2","x":163,"y":-956},{"__type__":"cc.Vec2","x":112.6,"y":-852.1},{"__type__":"cc.Vec2","x":92.1,"y":-857.9},{"__type__":"cc.Vec2","x":93.3,"y":-1140.6},{"__type__":"cc.Vec2","x":219,"y":-1116},{"__type__":"cc.Vec2","x":355,"y":-1120},{"__type__":"cc.Vec2","x":451,"y":-1152},{"__type__":"cc.Vec2","x":498,"y":-1198},{"__type__":"cc.Vec2","x":523,"y":-1290},{"__type__":"cc.Vec2","x":489,"y":-1395},{"__type__":"cc.Vec2","x":398,"y":-1450},{"__type__":"cc.Vec2","x":272,"y":-1454},{"__type__":"cc.Vec2","x":178,"y":-1408},{"__type__":"cc.Vec2","x":164,"y":-1333},{"__type__":"cc.Vec2","x":138,"y":-1252},{"__type__":"cc.Vec2","x":105,"y":-1222},{"__type__":"cc.Vec2","x":9,"y":-1228},{"__type__":"cc.Vec2","x":4,"y":2},{"__type__":"cc.Vec2","x":383.7,"y":7.2},{"__type__":"cc.Vec2","x":569.4,"y":50},{"__type__":"cc.Vec2","x":-50,"y":50}]},{"__type__":"1100eDGpRlLMYp5CrYQGpcQ","node":{"__id__":1}}],"_prefab":{"__type__":"cc.PrefabInfo","root":{"__id__":1},"asset":{"__uuid__":"0csDEZ7NpF178W1hTKAkmJ"},"fileId":"a5pre2Ws9LiIYIq2qY/Yfq"},"_contentSize":{"__type__":"cc.Size","width":615,"height":1546},"_trs":{"__type__":"TypedArray","ctor":"Float64Array","array":[-58.432,0,0,0,0,0,1,1,1,1]}},{"__type__":"cc.Node","_name":"black_node","_parent":{"__id__":1},"_components":[{"__type__":"6c0e8KZwr5L34azTYX21stu","node":{"__id__":2}}],"_prefab":{"__type__":"cc.PrefabInfo","root":{"__id__":1},"asset":{"__uuid__":"0csDEZ7NpF178W1hTKAkmJ"},"fileId":"57wAupYYBBpYkvQrHGHMmj"},"_trs":{"__type__":"TypedArray","ctor":"Float64Array","array":[0,0,0,0,0,0,1,1,1,1]}},{"__type__":"cc.Node","_name":"gray_node","_parent":{"__id__":1},"_components":[{"__type__":"3400dF2d2tHLK8+En9baGXY","node":{"__id__":3},"grey_prefab":{"__uuid__":"13FEeEL1NMaK5TFGpFQpJr"}}],"_prefab":{"__type__":"cc.PrefabInfo","root":{"__id__":1},"asset":{"__uuid__":"0csDEZ7NpF178W1hTKAkmJ"},"fileId":"e1kfIUF8tM9b/B/C8Ahu+b"},"_trs":{"__type__":"TypedArray","ctor":"Float64Array","array":[0,0,0,0,0,0,1,1,1,1]}},{"__type__":"cc.Node","_name":"bulePos_node","_parent":{"__id__":1},"_children":[{"__type__":"cc.Node","_name":"New Node","_parent":{"__id__":4},"_prefab":{"__type__":"cc.PrefabInfo","root":{"__id__":1},"asset":{"__uuid__":"0csDEZ7NpF178W1hTKAkmJ"},"fileId":"73CysB0GhEbLw7E7w/1kEv"},"_trs":{"__type__":"TypedArray","ctor":"Float64Array","array":[-202.006,653.263,0,0,0,0,1,1,1,1]}}],"_prefab":{"__type__":"cc.PrefabInfo","root":{"__id__":1},"asset":{"__uuid__":"0csDEZ7NpF178W1hTKAkmJ"},"fileId":"72Snagp49EubykV/Z1Ztx8"},"_trs":{"__type__":"TypedArray","ctor":"Float64Array","array":[0,0,0,0,0,0,1,1,1,1]}},{"__type__":"cc.Node","_name":"redPos_node","_parent":{"__id__":1},"_children":[{"__type__":"cc.Node","_name":"New Node","_parent":{"__id__":5},"_prefab":{"__type__":"cc.PrefabInfo","root":{"__id__":1},"asset":{"__uuid__":"0csDEZ7NpF178W1hTKAkmJ"},"fileId":"cbDD1XcoBI866/B9gk/uLS"},"_trs":{"__type__":"TypedArray","ctor":"Float64Array","array":[-216.188,371.838,0,0,0,0,1,1,1,1]}}],"_prefab":{"__type__":"cc.PrefabInfo","root":{"__id__":1},"asset":{"__uuid__":"0csDEZ7NpF178W1hTKAkmJ"},"fileId":"cfktTzSRZEIoOCXrAduS5d"},"_trs":{"__type__":"TypedArray","ctor":"Float64Array","array":[0,0,0,0,0,0,1,1,1,1]}},{"__type__":"cc.Node","_name":"zhenNode","_parent":{"__id__":1},"_children":[{"__id__":7}],"_prefab":{"__type__":"cc.PrefabInfo","root":{"__id__":1},"asset":{"__uuid__":"0csDEZ7NpF178W1hTKAkmJ"},"fileId":"46+PO6KiRK5KWdtYZ2d911"},"_trs":{"__type__":"TypedArray","ctor":"Float64Array","array":[-172.097,461.975,0,0,0,0,1,1,1,1]},"_groupIndex":8,"groupIndex":8},{"__type__":"cc.Node","_name":"zhen","_parent":{"__id__":6},"_components":[{"__type__":"cc.Sprite","node":{"__id__":7},"_materials":[{"__uuid__":"ecpdLyjvZBwrvm+cedCcQy"}],"_spriteFrame":{"__uuid__":"81u1O4l2lM2IGXbUA/0aw7"},"_type":1,"_sizeMode":0},{"__type__":"cc.RigidBody","node":{"__id__":7},"_type":3,"_allowSleep":false,"_gravityScale":0,"_fixedRotation":true,"enabledContactListener":true,"bullet":true},{"__type__":"cc.PhysicsPolygonCollider","node":{"__id__":7},"tag":222,"_offset":{"__type__":"cc.Vec2","x":80,"y":-3},"points":[{"__type__":"cc.Vec2","x":-48.9,"y":-66.3},{"__type__":"cc.Vec2","x":62.5,"y":-66.3},{"__type__":"cc.Vec2","x":63,"y":67.4},{"__type__":"cc.Vec2","x":-48.4,"y":69},{"__type__":"cc.Vec2","x":-52.2,"y":32.3},{"__type__":"cc.Vec2","x":-218.2,"y":33.4},{"__type__":"cc.Vec2","x":-217.4,"y":-25.9},{"__type__":"cc.Vec2","x":-50.9,"y":-29.2}]},{"__type__":"72555Q9muRD1505Zi2fOOxm","node":{"__id__":7},"linevelocityX":500}],"_prefab":{"__type__":"cc.PrefabInfo","root":{"__id__":1},"asset":{"__uuid__":"0csDEZ7NpF178W1hTKAkmJ"},"fileId":"b1KenxnH1OioWBMXTHEpd2"},"_contentSize":{"__type__":"cc.Size","width":276,"height":111},"_trs":{"__type__":"TypedArray","ctor":"Float64Array","array":[0,0,0,0,0,0,1,0.8,0.8,0.8]},"_groupIndex":8,"groupIndex":8},{"__type__":"cc.Node","_name":"zhenNode","_parent":{"__id__":1},"_children":[{"__id__":9}],"_prefab":{"__type__":"cc.PrefabInfo","root":{"__id__":1},"asset":{"__uuid__":"0csDEZ7NpF178W1hTKAkmJ"},"fileId":"a4so22wv5B24dyyJJH4rUG"},"_trs":{"__type__":"TypedArray","ctor":"Float64Array","array":[-172.097,137.975,0,0,0,0,1,1,1,1]},"_groupIndex":8,"groupIndex":8},{"__type__":"cc.Node","_name":"zhen","_parent":{"__id__":8},"_components":[{"__type__":"cc.Sprite","node":{"__id__":9},"_materials":[{"__uuid__":"ecpdLyjvZBwrvm+cedCcQy"}],"_spriteFrame":{"__uuid__":"81u1O4l2lM2IGXbUA/0aw7"},"_type":1,"_sizeMode":0},{"__type__":"cc.RigidBody","node":{"__id__":9},"_type":3,"_allowSleep":false,"_gravityScale":0,"_fixedRotation":true,"enabledContactListener":true,"bullet":true},{"__type__":"cc.PhysicsPolygonCollider","node":{"__id__":9},"tag":222,"_offset":{"__type__":"cc.Vec2","x":80,"y":-3},"points":[{"__type__":"cc.Vec2","x":-48.9,"y":-66.3},{"__type__":"cc.Vec2","x":62.5,"y":-66.3},{"__type__":"cc.Vec2","x":63,"y":67.4},{"__type__":"cc.Vec2","x":-48.4,"y":69},{"__type__":"cc.Vec2","x":-52.2,"y":32.3},{"__type__":"cc.Vec2","x":-218.2,"y":33.4},{"__type__":"cc.Vec2","x":-217.4,"y":-25.9},{"__type__":"cc.Vec2","x":-50.9,"y":-29.2}]},{"__type__":"72555Q9muRD1505Zi2fOOxm","node":{"__id__":9},"linevelocityX":500}],"_prefab":{"__type__":"cc.PrefabInfo","root":{"__id__":1},"asset":{"__uuid__":"0csDEZ7NpF178W1hTKAkmJ"},"fileId":"51/R5SYCpAcoJO7gQidCwx"},"_contentSize":{"__type__":"cc.Size","width":276,"height":111},"_trs":{"__type__":"TypedArray","ctor":"Float64Array","array":[0,0,0,0,0,0,1,0.8,0.8,0.8]},"_groupIndex":8,"groupIndex":8},{"__type__":"cc.Node","_name":"zhenNodeTwo","_parent":{"__id__":1},"_children":[{"__id__":11},{"__id__":12},{"__id__":13}],"_prefab":{"__type__":"cc.PrefabInfo","root":{"__id__":1},"asset":{"__uuid__":"0csDEZ7NpF178W1hTKAkmJ"},"fileId":"acRRCzMCtPkLoAtEEvgaf4"},"_trs":{"__type__":"TypedArray","ctor":"Float64Array","array":[-273.188,-160.924,0,0,0,0,1,1,1,1]}},{"__type__":"cc.Node","_name":"zhen","_parent":{"__id__":10},"_components":[{"__type__":"cc.Sprite","node":{"__id__":11},"_materials":[{"__uuid__":"ecpdLyjvZBwrvm+cedCcQy"}],"_spriteFrame":{"__uuid__":"14vJwyNH1OspMXFimJtxkW"},"_type":1,"_sizeMode":0},{"__type__":"cc.RigidBody","node":{"__id__":11},"_type":3,"_gravityScale":0,"_fixedRotation":true,"enabledContactListener":true,"bullet":true},{"__type__":"cc.PhysicsPolygonCollider","node":{"__id__":11},"_offset":{"__type__":"cc.Vec2","x":176,"y":5},"points":[{"__type__":"cc.Vec2","x":-346.7,"y":-79.8},{"__type__":"cc.Vec2","x":-208.7,"y":-78.5},{"__type__":"cc.Vec2","x":-207.7,"y":-38.1},{"__type__":"cc.Vec2","x":-33.9,"y":-37.1},{"__type__":"cc.Vec2","x":-34.2,"y":33.5},{"__type__":"cc.Vec2","x":-209.4,"y":33.8},{"__type__":"cc.Vec2","x":-207,"y":81.7},{"__type__":"cc.Vec2","x":-345.4,"y":83.3}]},{"__type__":"1cb3eoIRdhJWZayW7A68Y7j","node":{"__id__":11}}],"_prefab":{"__type__":"cc.PrefabInfo","root":{"__id__":1},"asset":{"__uuid__":"0csDEZ7NpF178W1hTKAkmJ"},"fileId":"c2ASvWsVZLIr7TdiXfoQZJ"},"_contentSize":{"__type__":"cc.Size","width":243,"height":111},"_trs":{"__type__":"TypedArray","ctor":"Float64Array","array":[0,0,0,0,0,0,1,1,1,1]}},{"__type__":"cc.Node","_name":"zhenup","_parent":{"__id__":10},"_components":[{"__type__":"cc.RigidBody","node":{"__id__":12},"_type":0,"_gravityScale":0,"bullet":true}],"_prefab":{"__type__":"cc.PrefabInfo","root":{"__id__":1},"asset":{"__uuid__":"0csDEZ7NpF178W1hTKAkmJ"},"fileId":"e1GeG9aLJC07i0l+DZWkuJ"},"_trs":{"__type__":"TypedArray","ctor":"Float64Array","array":[0,158.807,0,0,0,0,1,1,1,1]}},{"__type__":"cc.Node","_name":"zhendown","_parent":{"__id__":10},"_components":[{"__type__":"cc.RigidBody","node":{"__id__":13},"_type":0,"_gravityScale":0,"bullet":true}],"_prefab":{"__type__":"cc.PrefabInfo","root":{"__id__":1},"asset":{"__uuid__":"0csDEZ7NpF178W1hTKAkmJ"},"fileId":"98Eo6WVIxIEol5Lc8uCe0/"},"_trs":{"__type__":"TypedArray","ctor":"Float64Array","array":[0,-350.26,0,0,0,0,1,1,1,1]}}],{"__type__":"cc.SpriteFrame","content":{"name":"guanqia84","texture":"2exQvJSPROPZ89InsY+aZu","rect":[1,1,615,1546],"offset":[0,0],"originalSize":[617,1548],"capInsets":[0,0,0,0]}}]