[{"__type__":"cc.SpriteFrame","content":{"name":"guanqia105","texture":"d5E6Sm7kJJppJHEm3WnQLn","rect":[0,2,1024,1088],"offset":[-1,-0.5],"originalSize":[1026,1091],"capInsets":[0,0,0,0]}},[{"__type__":"cc.Prefab","_name":"UIDerived85","data":{"__id__":1}},{"__type__":"cc.Node","_name":"UIDerived85","_children":[{"__type__":"cc.Node","_name":"bule_node","_parent":{"__id__":1},"_prefab":{"__type__":"cc.PrefabInfo","root":{"__id__":1},"asset":{"__uuid__":"eenELXaxFKVqFwKklN7GFm"},"fileId":"69+zHdD3tLu4NCvCy+ZgAV"},"_trs":{"__type__":"TypedArray","ctor":"Float64Array","array":[0,0,0,0,0,0,1,1,1,1]}},{"__type__":"cc.Node","_name":"greenwater_node","_parent":{"__id__":1},"_prefab":{"__type__":"cc.PrefabInfo","root":{"__id__":1},"asset":{"__uuid__":"eenELXaxFKVqFwKklN7GFm"},"fileId":"cc96at/FBAh5/o0FSCqNBp"},"_trs":{"__type__":"TypedArray","ctor":"Float64Array","array":[0,0,0,0,0,0,1,1,1,1]}},{"__type__":"cc.Node","_name":"redwater_node","_parent":{"__id__":1},"_prefab":{"__type__":"cc.PrefabInfo","root":{"__id__":1},"asset":{"__uuid__":"eenELXaxFKVqFwKklN7GFm"},"fileId":"09DiL5poxIWK2M6Vb/9Ndb"},"_trs":{"__type__":"TypedArray","ctor":"Float64Array","array":[0,0,0,0,0,0,1,1,1,1]}},{"__id__":2},{"__id__":3},{"__id__":4},{"__id__":5},{"__type__":"cc.Node","_name":"greenPos_node","_parent":{"__id__":1},"_prefab":{"__type__":"cc.PrefabInfo","root":{"__id__":1},"asset":{"__uuid__":"eenELXaxFKVqFwKklN7GFm"},"fileId":"5cBrLxDA1Mf55DJ6UhPZyP"},"_trs":{"__type__":"TypedArray","ctor":"Float64Array","array":[0,0,0,0,0,0,1,1,1,1]}},{"__id__":6},{"__id__":8},{"__id__":10},{"__type__":"cc.Node","_name":"player","_parent":{"__id__":1},"_prefab":{"__type__":"cc.PrefabInfo","root":{"__id__":1},"asset":{"__uuid__":"eenELXaxFKVqFwKklN7GFm"},"fileId":"daqz40kdRO777zlcmPkBx9"},"_trs":{"__type__":"TypedArray","ctor":"Float64Array","array":[-28,-461.177,0,0,0,0,1,-0.7,0.7,1]}}],"_components":[{"__type__":"cc.Sprite","node":{"__id__":1},"_materials":[{"__uuid__":"ecpdLyjvZBwrvm+cedCcQy"}],"_spriteFrame":{"__uuid__":"3e5LZ/ugFMcZHRSxWLR91w"}},{"__type__":"1100eDGpRlLMYp5CrYQGpcQ","node":{"__id__":1}},{"__type__":"cc.RigidBody","node":{"__id__":1},"_type":0},{"__type__":"cc.PhysicsPolygonCollider","node":{"__id__":1},"_offset":{"__type__":"cc.Vec2","x":-464,"y":-112},"points":[{"__type__":"cc.Vec2","x":-48,"y":-430},{"__type__":"cc.Vec2","x":979,"y":-433},{"__type__":"cc.Vec2","x":976,"y":652},{"__type__":"cc.Vec2","x":268,"y":657},{"__type__":"cc.Vec2","x":276,"y":204},{"__type__":"cc.Vec2","x":-50.3,"y":208},{"__type__":"cc.Vec2","x":-49,"y":166},{"__type__":"cc.Vec2","x":290,"y":163},{"__type__":"cc.Vec2","x":328,"y":198},{"__type__":"cc.Vec2","x":324,"y":605},{"__type__":"cc.Vec2","x":859,"y":607},{"__type__":"cc.Vec2","x":889,"y":601},{"__type__":"cc.Vec2","x":913,"y":582},{"__type__":"cc.Vec2","x":930,"y":546},{"__type__":"cc.Vec2","x":932.2,"y":128.5},{"__type__":"cc.Vec2","x":908.4,"y":74.6},{"__type__":"cc.Vec2","x":866.9,"y":35.7},{"__type__":"cc.Vec2","x":789.6,"y":9.2},{"__type__":"cc.Vec2","x":642.6,"y":-20.5},{"__type__":"cc.Vec2","x":546.9,"y":-27.9},{"__type__":"cc.Vec2","x":550,"y":-389},{"__type__":"cc.Vec2","x":312,"y":-389},{"__type__":"cc.Vec2","x":299,"y":54},{"__type__":"cc.Vec2","x":-50,"y":50},{"__type__":"cc.Vec2","x":-690,"y":-499},{"__type__":"cc.Vec2","x":-681,"y":115},{"__type__":"cc.Vec2","x":-64,"y":189},{"__type__":"cc.Vec2","x":-786,"y":210},{"__type__":"cc.Vec2","x":-785,"y":-590}]},{"__type__":"cc.PhysicsCircleCollider","node":{"__id__":1},"_offset":{"__type__":"cc.Vec2","x":252,"y":134},"_radius":100}],"_prefab":{"__type__":"cc.PrefabInfo","root":{"__id__":1},"asset":{"__uuid__":"eenELXaxFKVqFwKklN7GFm"},"fileId":"921LoQKmpJR6EViETaslD2"},"_contentSize":{"__type__":"cc.Size","width":1026,"height":1091},"_trs":{"__type__":"TypedArray","ctor":"Float64Array","array":[-100,0,0,0,0,0,1,1,1,1]}},{"__type__":"cc.Node","_name":"black_node","_parent":{"__id__":1},"_components":[{"__type__":"6c0e8KZwr5L34azTYX21stu","node":{"__id__":2}}],"_prefab":{"__type__":"cc.PrefabInfo","root":{"__id__":1},"asset":{"__uuid__":"eenELXaxFKVqFwKklN7GFm"},"fileId":"93545tpVlO7bhfDHdJ1eWR"},"_trs":{"__type__":"TypedArray","ctor":"Float64Array","array":[0,0,0,0,0,0,1,1,1,1]}},{"__type__":"cc.Node","_name":"gray_node","_parent":{"__id__":1},"_components":[{"__type__":"3400dF2d2tHLK8+En9baGXY","node":{"__id__":3},"grey_prefab":{"__uuid__":"13FEeEL1NMaK5TFGpFQpJr"}}],"_prefab":{"__type__":"cc.PrefabInfo","root":{"__id__":1},"asset":{"__uuid__":"eenELXaxFKVqFwKklN7GFm"},"fileId":"05GhBQ/dZJQ7tXohAv4Ueg"},"_trs":{"__type__":"TypedArray","ctor":"Float64Array","array":[0,0,0,0,0,0,1,1,1,1]}},{"__type__":"cc.Node","_name":"bulePos_node","_parent":{"__id__":1},"_children":[{"__type__":"cc.Node","_name":"New Node","_parent":{"__id__":4},"_prefab":{"__type__":"cc.PrefabInfo","root":{"__id__":1},"asset":{"__uuid__":"eenELXaxFKVqFwKklN7GFm"},"fileId":"8b8Pf/2QFAlZJQyrWX4Dfx"},"_trs":{"__type__":"TypedArray","ctor":"Float64Array","array":[62.829,264.431,0,0,0,0,1,1,1,1]}}],"_prefab":{"__type__":"cc.PrefabInfo","root":{"__id__":1},"asset":{"__uuid__":"eenELXaxFKVqFwKklN7GFm"},"fileId":"20I+ZPHc9J9r6exLwEedf0"},"_trs":{"__type__":"TypedArray","ctor":"Float64Array","array":[0,0,0,0,0,0,1,1,1,1]}},{"__type__":"cc.Node","_name":"redPos_node","_parent":{"__id__":1},"_children":[{"__type__":"cc.Node","_name":"New Node","_parent":{"__id__":5},"_prefab":{"__type__":"cc.PrefabInfo","root":{"__id__":1},"asset":{"__uuid__":"eenELXaxFKVqFwKklN7GFm"},"fileId":"a14Gbi/2RK0aNQOQxmJuZH"},"_trs":{"__type__":"TypedArray","ctor":"Float64Array","array":[-85.131,444.097,0,0,0,0,1,1,1,1]}}],"_prefab":{"__type__":"cc.PrefabInfo","root":{"__id__":1},"asset":{"__uuid__":"eenELXaxFKVqFwKklN7GFm"},"fileId":"0bbU41QP9Jwb6ajtxgvDSP"},"_trs":{"__type__":"TypedArray","ctor":"Float64Array","array":[0,0,0,0,0,0,1,1,1,1]}},{"__type__":"cc.Node","_name":"zhenNode","_parent":{"__id__":1},"_children":[{"__id__":7}],"_prefab":{"__type__":"cc.PrefabInfo","root":{"__id__":1},"asset":{"__uuid__":"eenELXaxFKVqFwKklN7GFm"},"fileId":"b3/VeVeONCe7oqpiF65uE+"},"_trs":{"__type__":"TypedArray","ctor":"Float64Array","array":[12.921,375.938,0,0,0,0.9786222038876015,-0.20566619084860244,1,1,1]},"_eulerAngles":{"__type__":"cc.Vec3","z":203.737},"_groupIndex":8,"groupIndex":8},{"__type__":"cc.Node","_name":"zhen","_parent":{"__id__":6},"_components":[{"__type__":"cc.Sprite","node":{"__id__":7},"_materials":[{"__uuid__":"ecpdLyjvZBwrvm+cedCcQy"}],"_spriteFrame":{"__uuid__":"81u1O4l2lM2IGXbUA/0aw7"},"_type":1,"_sizeMode":0},{"__type__":"cc.RigidBody","node":{"__id__":7},"_type":3,"_allowSleep":false,"_gravityScale":0,"_fixedRotation":true,"enabledContactListener":true,"bullet":true},{"__type__":"cc.PhysicsPolygonCollider","node":{"__id__":7},"tag":222,"_offset":{"__type__":"cc.Vec2","x":241,"y":-1},"points":[{"__type__":"cc.Vec2","x":150.5,"y":-19.9},{"__type__":"cc.Vec2","x":185.9,"y":-55.1},{"__type__":"cc.Vec2","x":258.4,"y":-52.8},{"__type__":"cc.Vec2","x":261.5,"y":57.4},{"__type__":"cc.Vec2","x":181.2,"y":56.4},{"__type__":"cc.Vec2","x":145.1,"y":18},{"__type__":"cc.Vec2","x":-741.4,"y":20.8},{"__type__":"cc.Vec2","x":-741,"y":-20.1}]},{"__type__":"72555Q9muRD1505Zi2fOOxm","node":{"__id__":7},"linevelocityX":500}],"_prefab":{"__type__":"cc.PrefabInfo","root":{"__id__":1},"asset":{"__uuid__":"eenELXaxFKVqFwKklN7GFm"},"fileId":"4c7OaRV4JCo5fKFt/Kee/S"},"_contentSize":{"__type__":"cc.Size","width":1000,"height":111},"_trs":{"__type__":"TypedArray","ctor":"Float64Array","array":[0,0,0,0,0,0,1,0.8,0.8,0.8]},"_groupIndex":8,"groupIndex":8},{"__type__":"cc.Node","_name":"zhenNode","_parent":{"__id__":1},"_children":[{"__id__":9}],"_prefab":{"__type__":"cc.PrefabInfo","root":{"__id__":1},"asset":{"__uuid__":"eenELXaxFKVqFwKklN7GFm"},"fileId":"9aEgZ0typL4qPZxPSuT+83"},"_trs":{"__type__":"TypedArray","ctor":"Float64Array","array":[-31.035,204.477,0,0,0,1,6.123233995736766e-17,1,1,1]},"_eulerAngles":{"__type__":"cc.Vec3","z":180},"_groupIndex":8,"groupIndex":8},{"__type__":"cc.Node","_name":"zhen","_parent":{"__id__":8},"_components":[{"__type__":"cc.Sprite","node":{"__id__":9},"_materials":[{"__uuid__":"ecpdLyjvZBwrvm+cedCcQy"}],"_spriteFrame":{"__uuid__":"81u1O4l2lM2IGXbUA/0aw7"},"_type":1,"_sizeMode":0},{"__type__":"cc.RigidBody","node":{"__id__":9},"_type":3,"_allowSleep":false,"_gravityScale":0,"_fixedRotation":true,"enabledContactListener":true,"bullet":true},{"__type__":"cc.PhysicsPolygonCollider","node":{"__id__":9},"tag":222,"_offset":{"__type__":"cc.Vec2","x":241,"y":-1},"points":[{"__type__":"cc.Vec2","x":-73.5,"y":-28.4},{"__type__":"cc.Vec2","x":-35.8,"y":-50.7},{"__type__":"cc.Vec2","x":-6.6,"y":-48.1},{"__type__":"cc.Vec2","x":28.1,"y":-20.7},{"__type__":"cc.Vec2","x":30.7,"y":15.9},{"__type__":"cc.Vec2","x":-5.1,"y":55.6},{"__type__":"cc.Vec2","x":-40.7,"y":56.3},{"__type__":"cc.Vec2","x":-75.4,"y":24.7},{"__type__":"cc.Vec2","x":-516.6,"y":25.3},{"__type__":"cc.Vec2","x":-515.2,"y":-28.5}]},{"__type__":"72555Q9muRD1505Zi2fOOxm","node":{"__id__":9},"linevelocityX":500}],"_prefab":{"__type__":"cc.PrefabInfo","root":{"__id__":1},"asset":{"__uuid__":"eenELXaxFKVqFwKklN7GFm"},"fileId":"39FAu6kOVBR7ngrf3Mz+O4"},"_contentSize":{"__type__":"cc.Size","width":550,"height":111},"_trs":{"__type__":"TypedArray","ctor":"Float64Array","array":[0,0,0,0,0,0,1,0.8,0.8,0.8]},"_groupIndex":8,"groupIndex":8},{"__type__":"cc.Node","_name":"zhenNode","_parent":{"__id__":1},"_children":[{"__id__":11}],"_prefab":{"__type__":"cc.PrefabInfo","root":{"__id__":1},"asset":{"__uuid__":"eenELXaxFKVqFwKklN7GFm"},"fileId":"15uxUr/Q5IV5rnO1VKfGER"},"_trs":{"__type__":"TypedArray","ctor":"Float64Array","array":[254.408,270.035,0,0,0,-0.7071067811865475,0.7071067811865476,1,1,1]},"_eulerAngles":{"__type__":"cc.Vec3","z":-90},"_groupIndex":8,"groupIndex":8},{"__type__":"cc.Node","_name":"zhen","_objFlags":512,"_parent":{"__id__":10},"_components":[{"__type__":"cc.Sprite","node":{"__id__":11},"_materials":[{"__uuid__":"ecpdLyjvZBwrvm+cedCcQy"}],"_spriteFrame":{"__uuid__":"81u1O4l2lM2IGXbUA/0aw7"},"_type":1,"_sizeMode":0},{"__type__":"cc.RigidBody","node":{"__id__":11},"_type":3,"_allowSleep":false,"_gravityScale":0,"_fixedRotation":true,"enabledContactListener":true,"bullet":true},{"__type__":"cc.PhysicsPolygonCollider","node":{"__id__":11},"tag":222,"_offset":{"__type__":"cc.Vec2","x":241,"y":-1},"points":[{"__type__":"cc.Vec2","x":-109,"y":-54.3},{"__type__":"cc.Vec2","x":-16,"y":-54},{"__type__":"cc.Vec2","x":-16.8,"y":57.4},{"__type__":"cc.Vec2","x":-106,"y":57.3},{"__type__":"cc.Vec2","x":-132.7,"y":25.5},{"__type__":"cc.Vec2","x":-456.1,"y":20.8},{"__type__":"cc.Vec2","x":-466.2,"y":15.5},{"__type__":"cc.Vec2","x":-466.1,"y":-10.2},{"__type__":"cc.Vec2","x":-459.6,"y":-17.7},{"__type__":"cc.Vec2","x":-131.9,"y":-23}]},{"__type__":"72555Q9muRD1505Zi2fOOxm","node":{"__id__":11},"linevelocityX":500}],"_prefab":{"__type__":"cc.PrefabInfo","root":{"__id__":1},"asset":{"__uuid__":"eenELXaxFKVqFwKklN7GFm"},"fileId":"a2/rtCNp5KLYw9aBM3J5Y8"},"_contentSize":{"__type__":"cc.Size","width":450,"height":111},"_trs":{"__type__":"TypedArray","ctor":"Float64Array","array":[0,0,0,0,0,0,1,0.8,0.8,0.8]},"_groupIndex":8,"groupIndex":8}]]