[{"__type__":"cc.SpriteFrame","content":{"name":"guanqia2","texture":"5fztFLIg9JRKgiqDjh9aY8","rect":[1,1,965,1487],"offset":[-0.5,0],"originalSize":[968,1489],"capInsets":[0,0,0,0]}},[{"__type__":"cc.Prefab","_name":"UIDerived2","data":{"__id__":1}},{"__type__":"cc.Node","_name":"UIDerived2","_children":[{"__type__":"cc.Node","_name":"level2","_parent":{"__id__":1},"_prefab":{"__type__":"cc.PrefabInfo","root":{"__id__":1},"asset":{"__uuid__":"3180gz4kdFwJg5Bx4k/Mw7"},"fileId":"01MOQABQBPvIULuGGc90EI"},"_contentSize":{"__type__":"cc.Size","width":968,"height":1489},"_trs":{"__type__":"TypedArray","ctor":"Float64Array","array":[0,0,0,0,0,0,1,1,1,1]}},{"__type__":"cc.Node","_name":"player","_parent":{"__id__":1},"_prefab":{"__type__":"cc.PrefabInfo","root":{"__id__":1},"asset":{"__uuid__":"3180gz4kdFwJg5Bx4k/Mw7"},"fileId":"3cKHw6tK9JfJbsVfukp3ZA"},"_trs":{"__type__":"TypedArray","ctor":"Float64Array","array":[-267.878,-598.056,0,0,0,0,1,0.7,1,1]}},{"__type__":"cc.Node","_name":"bule_node","_parent":{"__id__":1},"_prefab":{"__type__":"cc.PrefabInfo","root":{"__id__":1},"asset":{"__uuid__":"3180gz4kdFwJg5Bx4k/Mw7"},"fileId":"56lVh2CoZIdrfgzRtH31px"},"_trs":{"__type__":"TypedArray","ctor":"Float64Array","array":[-2.828,565.686,0,0,0,0,1,1,1,1]}},{"__type__":"cc.Node","_name":"greenwater_node","_parent":{"__id__":1},"_prefab":{"__type__":"cc.PrefabInfo","root":{"__id__":1},"asset":{"__uuid__":"3180gz4kdFwJg5Bx4k/Mw7"},"fileId":"b6PyD3Wn9P+7CtGod5em4n"},"_trs":{"__type__":"TypedArray","ctor":"Float64Array","array":[0,0,0,0,0,0,1,1,1,1]}},{"__type__":"cc.Node","_name":"redwater_node","_parent":{"__id__":1},"_prefab":{"__type__":"cc.PrefabInfo","root":{"__id__":1},"asset":{"__uuid__":"3180gz4kdFwJg5Bx4k/Mw7"},"fileId":"dbdFastiJAZq5/D8t6Ffoq"},"_trs":{"__type__":"TypedArray","ctor":"Float64Array","array":[0,0,0,0,0,0,1,1,1,1]}},{"__type__":"cc.Node","_name":"black_node","_parent":{"__id__":1},"_prefab":{"__type__":"cc.PrefabInfo","root":{"__id__":1},"asset":{"__uuid__":"3180gz4kdFwJg5Bx4k/Mw7"},"fileId":"ba9Wy87XRAvqWVTN7j2aaq"},"_trs":{"__type__":"TypedArray","ctor":"Float64Array","array":[-2.828,565.686,0,0,0,0,1,1,1,1]}},{"__type__":"cc.Node","_name":"gray_node","_parent":{"__id__":1},"_prefab":{"__type__":"cc.PrefabInfo","root":{"__id__":1},"asset":{"__uuid__":"3180gz4kdFwJg5Bx4k/Mw7"},"fileId":"d9FvClMq1CYorV4C/UntFv"},"_trs":{"__type__":"TypedArray","ctor":"Float64Array","array":[-2.828,565.686,0,0,0,0,1,1,1,1]}},{"__id__":2},{"__type__":"cc.Node","_name":"redPos_node","_parent":{"__id__":1},"_prefab":{"__type__":"cc.PrefabInfo","root":{"__id__":1},"asset":{"__uuid__":"3180gz4kdFwJg5Bx4k/Mw7"},"fileId":"43FItryU9MiZWg/L4kFOJj"},"_trs":{"__type__":"TypedArray","ctor":"Float64Array","array":[0,0,0,0,0,0,1,1,1,1]}},{"__type__":"cc.Node","_name":"greenPos_node","_parent":{"__id__":1},"_prefab":{"__type__":"cc.PrefabInfo","root":{"__id__":1},"asset":{"__uuid__":"3180gz4kdFwJg5Bx4k/Mw7"},"fileId":"3azkbKshlK0ZtIfrGbSneK"},"_trs":{"__type__":"TypedArray","ctor":"Float64Array","array":[0,0,0,0,0,0,1,1,1,1]}},{"__id__":3},{"__id__":6},{"__id__":5}],"_components":[{"__type__":"cc.Sprite","node":{"__id__":1},"_materials":[{"__uuid__":"ecpdLyjvZBwrvm+cedCcQy"}],"_spriteFrame":{"__uuid__":"205jNgM35F75Ciwmv5Z2Rh"}},{"__type__":"cc.RigidBody","node":{"__id__":1},"_type":0},{"__type__":"cc.PhysicsPolygonCollider","node":{"__id__":1},"points":[{"__type__":"cc.Vec2","x":-537.2,"y":807.4},{"__type__":"cc.Vec2","x":-531,"y":-842},{"__type__":"cc.Vec2","x":555,"y":-822},{"__type__":"cc.Vec2","x":556,"y":820},{"__type__":"cc.Vec2","x":-537,"y":807},{"__type__":"cc.Vec2","x":-348,"y":706},{"__type__":"cc.Vec2","x":-30,"y":702},{"__type__":"cc.Vec2","x":-6,"y":686},{"__type__":"cc.Vec2","x":-6.7,"y":442.9},{"__type__":"cc.Vec2","x":-72.8,"y":379.7},{"__type__":"cc.Vec2","x":-74,"y":279.5},{"__type__":"cc.Vec2","x":-65.4,"y":186},{"__type__":"cc.Vec2","x":-43.4,"y":124.6},{"__type__":"cc.Vec2","x":-15.8,"y":84.5},{"__type__":"cc.Vec2","x":35.8,"y":60.5},{"__type__":"cc.Vec2","x":107.1,"y":59},{"__type__":"cc.Vec2","x":204.9,"y":62.3},{"__type__":"cc.Vec2","x":314.9,"y":32.3},{"__type__":"cc.Vec2","x":397,"y":-19},{"__type__":"cc.Vec2","x":437,"y":-110},{"__type__":"cc.Vec2","x":446,"y":-187},{"__type__":"cc.Vec2","x":432,"y":-293},{"__type__":"cc.Vec2","x":386,"y":-374},{"__type__":"cc.Vec2","x":322,"y":-420},{"__type__":"cc.Vec2","x":225,"y":-448},{"__type__":"cc.Vec2","x":96,"y":-462},{"__type__":"cc.Vec2","x":-2,"y":-461},{"__type__":"cc.Vec2","x":-48,"y":-481},{"__type__":"cc.Vec2","x":-65,"y":-507},{"__type__":"cc.Vec2","x":-77,"y":-589},{"__type__":"cc.Vec2","x":-114,"y":-660},{"__type__":"cc.Vec2","x":-194,"y":-692},{"__type__":"cc.Vec2","x":-288,"y":-705},{"__type__":"cc.Vec2","x":-378,"y":-679},{"__type__":"cc.Vec2","x":-426,"y":-628},{"__type__":"cc.Vec2","x":-445,"y":-536},{"__type__":"cc.Vec2","x":-420,"y":-415},{"__type__":"cc.Vec2","x":-334,"y":-327},{"__type__":"cc.Vec2","x":-236,"y":-291},{"__type__":"cc.Vec2","x":-114,"y":-271},{"__type__":"cc.Vec2","x":214,"y":-264},{"__type__":"cc.Vec2","x":248,"y":-250},{"__type__":"cc.Vec2","x":265,"y":-214},{"__type__":"cc.Vec2","x":263,"y":-164},{"__type__":"cc.Vec2","x":229,"y":-126},{"__type__":"cc.Vec2","x":172,"y":-126},{"__type__":"cc.Vec2","x":42,"y":-126},{"__type__":"cc.Vec2","x":-118,"y":-112},{"__type__":"cc.Vec2","x":-200,"y":-87},{"__type__":"cc.Vec2","x":-276,"y":-14},{"__type__":"cc.Vec2","x":-311,"y":88},{"__type__":"cc.Vec2","x":-308,"y":376.2},{"__type__":"cc.Vec2","x":-374.9,"y":442.7},{"__type__":"cc.Vec2","x":-374,"y":684},{"__type__":"cc.Vec2","x":-343,"y":705}]},{"__type__":"1100eDGpRlLMYp5CrYQGpcQ","node":{"__id__":1}}],"_prefab":{"__type__":"cc.PrefabInfo","root":{"__id__":1},"asset":{"__uuid__":"3180gz4kdFwJg5Bx4k/Mw7"},"fileId":"c8TKkXTZFKa5mXxAfT8C1+"},"_contentSize":{"__type__":"cc.Size","width":965,"height":1487},"_trs":{"__type__":"TypedArray","ctor":"Float64Array","array":[57.949,0,0,0,0,0,1,1,1,1]}},{"__type__":"cc.Node","_name":"bulePos_node","_parent":{"__id__":1},"_children":[{"__type__":"cc.Node","_name":"New Node","_parent":{"__id__":2},"_prefab":{"__type__":"cc.PrefabInfo","root":{"__id__":1},"asset":{"__uuid__":"3180gz4kdFwJg5Bx4k/Mw7"},"fileId":"e5wyOzqFNDXqLmh+dQJPb9"},"_trs":{"__type__":"TypedArray","ctor":"Float64Array","array":[-260,528.155,0,0,0,0,1,1,1,1]}}],"_prefab":{"__type__":"cc.PrefabInfo","root":{"__id__":1},"asset":{"__uuid__":"3180gz4kdFwJg5Bx4k/Mw7"},"fileId":"b4U3NpMhxGa6kWhhySjFvK"},"_trs":{"__type__":"TypedArray","ctor":"Float64Array","array":[0,0,0,0,0,0,1,1,1,1]}},{"__type__":"cc.Node","_name":"zhenNode","_parent":{"__id__":1},"_children":[{"__id__":4}],"_prefab":{"__type__":"cc.PrefabInfo","root":{"__id__":1},"asset":{"__uuid__":"3180gz4kdFwJg5Bx4k/Mw7"},"fileId":"fdo6Y0rb9Ejb4atKQ0WQO0"},"_trs":{"__type__":"TypedArray","ctor":"Float64Array","array":[-123.337,300.45,0,0,0,0,1,1,1,1]}},{"__type__":"cc.Node","_name":"zhen","_parent":{"__id__":3},"_components":[{"__type__":"cc.Sprite","node":{"__id__":4},"_materials":[{"__uuid__":"ecpdLyjvZBwrvm+cedCcQy"}],"_spriteFrame":{"__uuid__":"81u1O4l2lM2IGXbUA/0aw7"},"_type":1},{"__type__":"cc.RigidBody","node":{"__id__":4},"_type":3,"_allowSleep":false,"_gravityScale":0,"_fixedRotation":true,"enabledContactListener":true},{"__type__":"cc.PhysicsPolygonCollider","node":{"__id__":4},"tag":222,"points":[{"__type__":"cc.Vec2","x":-285.6,"y":-32.3},{"__type__":"cc.Vec2","x":177.8,"y":-31.3},{"__type__":"cc.Vec2","x":181.8,"y":-51.8},{"__type__":"cc.Vec2","x":292.9,"y":-54.6},{"__type__":"cc.Vec2","x":293,"y":56.2},{"__type__":"cc.Vec2","x":190.6,"y":55.1},{"__type__":"cc.Vec2","x":186.7,"y":32.6},{"__type__":"cc.Vec2","x":-282.1,"y":35.3},{"__type__":"cc.Vec2","x":-292,"y":3}]},{"__type__":"72555Q9muRD1505Zi2fOOxm","node":{"__id__":4},"guideNode":{"__id__":5},"linevelocityX":500}],"_prefab":{"__type__":"cc.PrefabInfo","root":{"__id__":1},"asset":{"__uuid__":"3180gz4kdFwJg5Bx4k/Mw7"},"fileId":"14eMU880JPs6c92JwU+/JN"},"_contentSize":{"__type__":"cc.Size","width":587,"height":111},"_trs":{"__type__":"TypedArray","ctor":"Float64Array","array":[0,0,0,0,0,0,1,0.8,0.8,0.8]},"_groupIndex":8,"groupIndex":8},{"__type__":"cc.Node","_name":"xinshou1","_parent":{"__id__":1},"_components":[{"__type__":"cc.Sprite","node":{"__id__":5},"_materials":[{"__uuid__":"ecpdLyjvZBwrvm+cedCcQy"}],"_spriteFrame":{"__uuid__":"1dAZsM1aZFRbHAsnIIdFyX"}}],"_prefab":{"__type__":"cc.PrefabInfo","root":{"__id__":1},"asset":{"__uuid__":"3180gz4kdFwJg5Bx4k/Mw7"},"fileId":"18EzD1LEdIlpRLypqu0Xt4"},"_contentSize":{"__type__":"cc.Size","width":205,"height":257},"_anchorPoint":{"__type__":"cc.Vec2","y":1},"_trs":{"__type__":"TypedArray","ctor":"Float64Array","array":[55.117,322.795,0,0,0,0,1,1,1,1]}},{"__type__":"cc.Node","_name":"zhenNode2","_parent":{"__id__":1},"_children":[{"__id__":7}],"_prefab":{"__type__":"cc.PrefabInfo","root":{"__id__":1},"asset":{"__uuid__":"3180gz4kdFwJg5Bx4k/Mw7"},"fileId":"8ft0tLm6RFGKpJucI0oM28"},"_trs":{"__type__":"TypedArray","ctor":"Float64Array","array":[55.805,23.712,0,0,0,0.7071067811865475,0.7071067811865476,1,1,1]},"_eulerAngles":{"__type__":"cc.Vec3","z":90}},{"__type__":"cc.Node","_name":"zhen","_parent":{"__id__":6},"_components":[{"__type__":"cc.Sprite","node":{"__id__":7},"_materials":[{"__uuid__":"ecpdLyjvZBwrvm+cedCcQy"}],"_spriteFrame":{"__uuid__":"81u1O4l2lM2IGXbUA/0aw7"},"_type":1,"_sizeMode":0},{"__type__":"cc.RigidBody","node":{"__id__":7},"_type":3,"_allowSleep":false,"_gravityScale":0,"_fixedRotation":true,"enabledContactListener":true},{"__type__":"cc.PhysicsPolygonCollider","node":{"__id__":7},"tag":222,"_offset":{"__type__":"cc.Vec2","x":189.7,"y":0.8},"points":[{"__type__":"cc.Vec2","x":-50,"y":-50},{"__type__":"cc.Vec2","x":50,"y":-50},{"__type__":"cc.Vec2","x":50,"y":50},{"__type__":"cc.Vec2","x":-50,"y":50},{"__type__":"cc.Vec2","x":-56.1,"y":29},{"__type__":"cc.Vec2","x":-432,"y":29},{"__type__":"cc.Vec2","x":-433,"y":-28},{"__type__":"cc.Vec2","x":-55,"y":-30.1}]},{"__type__":"72555Q9muRD1505Zi2fOOxm","node":{"__id__":7},"linevelocityX":500}],"_prefab":{"__type__":"cc.PrefabInfo","root":{"__id__":1},"asset":{"__uuid__":"3180gz4kdFwJg5Bx4k/Mw7"},"fileId":"faMDTqmcNHLKDbh78we3e6"},"_contentSize":{"__type__":"cc.Size","width":488,"height":111},"_trs":{"__type__":"TypedArray","ctor":"Float64Array","array":[0,0,0,0,0,0,1,0.8,0.8,0.8]},"_groupIndex":8,"groupIndex":8}]]