[[{"__type__":"cc.Prefab","_name":"UIDerived32","data":{"__id__":1}},{"__type__":"cc.Node","_name":"UIDerived35","_children":[{"__type__":"cc.Node","_name":"bule_node","_parent":{"__id__":1},"_prefab":{"__type__":"cc.PrefabInfo","root":{"__id__":1},"asset":{"__uuid__":"2d1GVkMYNC3KGSPT7rC0Q1"},"fileId":"872LGl4YhCs61FE5nu9NlP"},"_trs":{"__type__":"TypedArray","ctor":"Float64Array","array":[0,0,0,0,0,0,1,1,1,1]}},{"__type__":"cc.Node","_name":"greenwater_node","_parent":{"__id__":1},"_prefab":{"__type__":"cc.PrefabInfo","root":{"__id__":1},"asset":{"__uuid__":"2d1GVkMYNC3KGSPT7rC0Q1"},"fileId":"11ePALOE5HY5/Prw+fnZtv"},"_trs":{"__type__":"TypedArray","ctor":"Float64Array","array":[0,0,0,0,0,0,1,1,1,1]}},{"__type__":"cc.Node","_name":"redwater_node","_parent":{"__id__":1},"_prefab":{"__type__":"cc.PrefabInfo","root":{"__id__":1},"asset":{"__uuid__":"2d1GVkMYNC3KGSPT7rC0Q1"},"fileId":"9bz2Gx09pGhpUz7SPApz1I"},"_trs":{"__type__":"TypedArray","ctor":"Float64Array","array":[0,0,0,0,0,0,1,1,1,1]}},{"__id__":2},{"__id__":3},{"__id__":4},{"__id__":5},{"__type__":"cc.Node","_name":"greenPos_node","_parent":{"__id__":1},"_prefab":{"__type__":"cc.PrefabInfo","root":{"__id__":1},"asset":{"__uuid__":"2d1GVkMYNC3KGSPT7rC0Q1"},"fileId":"ccMWMLIPNDp6kCLQfbzYW9"},"_trs":{"__type__":"TypedArray","ctor":"Float64Array","array":[0,0,0,0,0,0,1,1,1,1]}},{"__type__":"cc.Node","_name":"player","_parent":{"__id__":1},"_prefab":{"__type__":"cc.PrefabInfo","root":{"__id__":1},"asset":{"__uuid__":"2d1GVkMYNC3KGSPT7rC0Q1"},"fileId":"c9AjGp8Q5M7K7ii/2FGPsP"},"_contentSize":{"__type__":"cc.Size","width":240,"height":140},"_trs":{"__type__":"TypedArray","ctor":"Float64Array","array":[-153.053,-602.156,0,0,0,0,1,0.7,0.7,0.7]}},{"__id__":6},{"__id__":9},{"__id__":12}],"_components":[{"__type__":"cc.Sprite","node":{"__id__":1},"_materials":[{"__uuid__":"ecpdLyjvZBwrvm+cedCcQy"}],"_spriteFrame":{"__uuid__":"88KvOt3npMgYE9gUQWIszK"}},{"__type__":"1100eDGpRlLMYp5CrYQGpcQ","node":{"__id__":1}},{"__type__":"cc.RigidBody","node":{"__id__":1},"_type":0},{"__type__":"cc.PhysicsPolygonCollider","node":{"__id__":1},"points":[{"__type__":"cc.Vec2","x":-299.3,"y":456.1},{"__type__":"cc.Vec2","x":-110.3,"y":414.8},{"__type__":"cc.Vec2","x":-118.2,"y":385.1},{"__type__":"cc.Vec2","x":-302.9,"y":346.9},{"__type__":"cc.Vec2","x":-311.9,"y":216.6},{"__type__":"cc.Vec2","x":-293.2,"y":177.6},{"__type__":"cc.Vec2","x":-116.9,"y":130.2},{"__type__":"cc.Vec2","x":-116.1,"y":7.1},{"__type__":"cc.Vec2","x":-244.6,"y":-112.7},{"__type__":"cc.Vec2","x":-254.4,"y":-300.7},{"__type__":"cc.Vec2","x":-364,"y":-369},{"__type__":"cc.Vec2","x":-409,"y":-456},{"__type__":"cc.Vec2","x":-397.5,"y":-613.9},{"__type__":"cc.Vec2","x":-343,"y":-680},{"__type__":"cc.Vec2","x":-170,"y":-728.9},{"__type__":"cc.Vec2","x":-46.4,"y":-726},{"__type__":"cc.Vec2","x":46.3,"y":-706.5},{"__type__":"cc.Vec2","x":431,"y":-723},{"__type__":"cc.Vec2","x":429,"y":488},{"__type__":"cc.Vec2","x":234.2,"y":479.3},{"__type__":"cc.Vec2","x":230.5,"y":731.5},{"__type__":"cc.Vec2","x":124.8,"y":725.9},{"__type__":"cc.Vec2","x":-313.7,"y":727.1},{"__type__":"cc.Vec2","x":-310,"y":634},{"__type__":"cc.Vec2","x":-284,"y":704.2},{"__type__":"cc.Vec2","x":201.6,"y":701.2},{"__type__":"cc.Vec2","x":202.4,"y":469.8},{"__type__":"cc.Vec2","x":7.2,"y":440.8},{"__type__":"cc.Vec2","x":4.9,"y":388.9},{"__type__":"cc.Vec2","x":21.3,"y":359.4},{"__type__":"cc.Vec2","x":201,"y":323.8},{"__type__":"cc.Vec2","x":204.4,"y":209.2},{"__type__":"cc.Vec2","x":188.4,"y":183.1},{"__type__":"cc.Vec2","x":17.2,"y":150.1},{"__type__":"cc.Vec2","x":21.4,"y":-41.8},{"__type__":"cc.Vec2","x":48.4,"y":-119.2},{"__type__":"cc.Vec2","x":46.1,"y":-181.2},{"__type__":"cc.Vec2","x":61.6,"y":-234.3},{"__type__":"cc.Vec2","x":85.2,"y":-273.3},{"__type__":"cc.Vec2","x":121.6,"y":-274.3},{"__type__":"cc.Vec2","x":198.6,"y":-233.5},{"__type__":"cc.Vec2","x":270,"y":-219.4},{"__type__":"cc.Vec2","x":321.5,"y":-235.5},{"__type__":"cc.Vec2","x":356.6,"y":-282.6},{"__type__":"cc.Vec2","x":381.9,"y":-367.7},{"__type__":"cc.Vec2","x":390,"y":-500},{"__type__":"cc.Vec2","x":361.5,"y":-623.5},{"__type__":"cc.Vec2","x":326.7,"y":-660.1},{"__type__":"cc.Vec2","x":277.1,"y":-670},{"__type__":"cc.Vec2","x":222.3,"y":-651.1},{"__type__":"cc.Vec2","x":188.7,"y":-604.1},{"__type__":"cc.Vec2","x":152.5,"y":-439.7},{"__type__":"cc.Vec2","x":121,"y":-394},{"__type__":"cc.Vec2","x":-40,"y":-272.7},{"__type__":"cc.Vec2","x":-59,"y":-129.3},{"__type__":"cc.Vec2","x":-72.1,"y":-115.9},{"__type__":"cc.Vec2","x":-112.1,"y":-116.1},{"__type__":"cc.Vec2","x":-135.4,"y":-132.8},{"__type__":"cc.Vec2","x":-138.9,"y":-307.8},{"__type__":"cc.Vec2","x":-52.8,"y":-350.1},{"__type__":"cc.Vec2","x":43.8,"y":-415.2},{"__type__":"cc.Vec2","x":100,"y":-487},{"__type__":"cc.Vec2","x":105,"y":-581},{"__type__":"cc.Vec2","x":75,"y":-648.9},{"__type__":"cc.Vec2","x":41.7,"y":-675.2},{"__type__":"cc.Vec2","x":-3.9,"y":-693.6},{"__type__":"cc.Vec2","x":-87.2,"y":-702},{"__type__":"cc.Vec2","x":-257.5,"y":-690.4},{"__type__":"cc.Vec2","x":-344,"y":-644},{"__type__":"cc.Vec2","x":-385.1,"y":-564.9},{"__type__":"cc.Vec2","x":-387.9,"y":-472.7},{"__type__":"cc.Vec2","x":-348,"y":-391},{"__type__":"cc.Vec2","x":-227,"y":-317},{"__type__":"cc.Vec2","x":-219.1,"y":-126.3},{"__type__":"cc.Vec2","x":-86.2,"y":6},{"__type__":"cc.Vec2","x":-89.5,"y":139.1},{"__type__":"cc.Vec2","x":-111.7,"y":158},{"__type__":"cc.Vec2","x":-274.1,"y":200.1},{"__type__":"cc.Vec2","x":-287.1,"y":222.7},{"__type__":"cc.Vec2","x":-281.5,"y":323.9},{"__type__":"cc.Vec2","x":-106.3,"y":358.3},{"__type__":"cc.Vec2","x":-78.8,"y":381.3},{"__type__":"cc.Vec2","x":-78.9,"y":417.9},{"__type__":"cc.Vec2","x":-105.8,"y":442.3},{"__type__":"cc.Vec2","x":-279.8,"y":475.6},{"__type__":"cc.Vec2","x":-286,"y":702.7},{"__type__":"cc.Vec2","x":-310,"y":630}]}],"_prefab":{"__type__":"cc.PrefabInfo","root":{"__id__":1},"asset":{"__uuid__":"2d1GVkMYNC3KGSPT7rC0Q1"},"fileId":"08qGuKPjBKN51IX7R7zKLB"},"_contentSize":{"__type__":"cc.Size","width":857,"height":1486},"_trs":{"__type__":"TypedArray","ctor":"Float64Array","array":[0,0,0,0,0,0,1,1,1,1]}},{"__type__":"cc.Node","_name":"black_node","_parent":{"__id__":1},"_components":[{"__type__":"6c0e8KZwr5L34azTYX21stu","node":{"__id__":2}}],"_prefab":{"__type__":"cc.PrefabInfo","root":{"__id__":1},"asset":{"__uuid__":"2d1GVkMYNC3KGSPT7rC0Q1"},"fileId":"e0iorRnNlBp7XWpBZjKZ1M"},"_trs":{"__type__":"TypedArray","ctor":"Float64Array","array":[0,0,0,0,0,0,1,1,1,1]}},{"__type__":"cc.Node","_name":"gray_node","_parent":{"__id__":1},"_components":[{"__type__":"3400dF2d2tHLK8+En9baGXY","node":{"__id__":3},"grey_prefab":{"__uuid__":"13FEeEL1NMaK5TFGpFQpJr"}}],"_prefab":{"__type__":"cc.PrefabInfo","root":{"__id__":1},"asset":{"__uuid__":"2d1GVkMYNC3KGSPT7rC0Q1"},"fileId":"4fdG4zfYVAz4twC2XTVXat"},"_trs":{"__type__":"TypedArray","ctor":"Float64Array","array":[0,0,0,0,0,0,1,1,1,1]}},{"__type__":"cc.Node","_name":"bulePos_node","_parent":{"__id__":1},"_children":[{"__type__":"cc.Node","_name":"New Node","_parent":{"__id__":4},"_prefab":{"__type__":"cc.PrefabInfo","root":{"__id__":1},"asset":{"__uuid__":"2d1GVkMYNC3KGSPT7rC0Q1"},"fileId":"deOemHkfZK+7ncHcoV1nsX"},"_trs":{"__type__":"TypedArray","ctor":"Float64Array","array":[-74.798,592.891,0,0,0,0,1,1,1,1]}}],"_prefab":{"__type__":"cc.PrefabInfo","root":{"__id__":1},"asset":{"__uuid__":"2d1GVkMYNC3KGSPT7rC0Q1"},"fileId":"91hCWSaQtBNp4RqRuFrVAr"},"_trs":{"__type__":"TypedArray","ctor":"Float64Array","array":[0,0,0,0,0,0,1,1,1,1]}},{"__type__":"cc.Node","_name":"redPos_node","_parent":{"__id__":1},"_children":[{"__type__":"cc.Node","_name":"New Node","_parent":{"__id__":5},"_prefab":{"__type__":"cc.PrefabInfo","root":{"__id__":1},"asset":{"__uuid__":"2d1GVkMYNC3KGSPT7rC0Q1"},"fileId":"f4SjQpHzZAkLQD6qYgVF7R"},"_trs":{"__type__":"TypedArray","ctor":"Float64Array","array":[-74.643,253.785,0,0,0,0,1,1,1,1]}}],"_prefab":{"__type__":"cc.PrefabInfo","root":{"__id__":1},"asset":{"__uuid__":"2d1GVkMYNC3KGSPT7rC0Q1"},"fileId":"f5f5nuRnpNV7HAckq1a3Gc"},"_trs":{"__type__":"TypedArray","ctor":"Float64Array","array":[0,0,0,0,0,0,1,1,1,1]}},{"__type__":"cc.Node","_name":"MoveProp","_parent":{"__id__":1},"_children":[{"__id__":7},{"__id__":8}],"_prefab":{"__type__":"cc.PrefabInfo","root":{"__id__":1},"asset":{"__uuid__":"2d1GVkMYNC3KGSPT7rC0Q1"},"fileId":"6eOPQgBTxE0KtsLduSVAva"},"_trs":{"__type__":"TypedArray","ctor":"Float64Array","array":[-42.426,415.779,0,0,0,0,1,1,1,1]}},{"__type__":"cc.Node","_name":"Bar","_parent":{"__id__":6},"_components":[{"__type__":"cc.Sprite","node":{"__id__":7},"_materials":[{"__uuid__":"ecpdLyjvZBwrvm+cedCcQy"}],"_spriteFrame":{"__uuid__":"36nyDwRspBQpKV3/57IicC"},"_type":1},{"__type__":"cc.RigidBody","node":{"__id__":7},"_type":0},{"__type__":"cc.PhysicsPolygonCollider","node":{"__id__":7},"points":[{"__type__":"cc.Vec2","x":-114.4,"y":-31.1},{"__type__":"cc.Vec2","x":116,"y":-31.3},{"__type__":"cc.Vec2","x":115.1,"y":31.8},{"__type__":"cc.Vec2","x":-114.2,"y":31.3}]},{"__type__":"8a64bLvzRlHBakXZIa7SBbN","node":{"__id__":7}}],"_prefab":{"__type__":"cc.PrefabInfo","root":{"__id__":1},"asset":{"__uuid__":"2d1GVkMYNC3KGSPT7rC0Q1"},"fileId":"2aPJd5PrhJ2oRPNzQnVSWa"},"_contentSize":{"__type__":"cc.Size","width":230,"height":65},"_trs":{"__type__":"TypedArray","ctor":"Float64Array","array":[0,0,0,0,0,0,1,1,1,1]}},{"__type__":"cc.Node","_name":"BarBG","_parent":{"__id__":6},"_components":[{"__type__":"cc.Sprite","node":{"__id__":8},"_materials":[{"__uuid__":"ecpdLyjvZBwrvm+cedCcQy"}],"_spriteFrame":{"__uuid__":"d8hqEurO5O3r/JLAsbxS//"},"_type":1}],"_prefab":{"__type__":"cc.PrefabInfo","root":{"__id__":1},"asset":{"__uuid__":"2d1GVkMYNC3KGSPT7rC0Q1"},"fileId":"29z48zGCxKSbWoLL4ZhYvu"},"_contentSize":{"__type__":"cc.Size","width":427,"height":66},"_trs":{"__type__":"TypedArray","ctor":"Float64Array","array":[-82,0,0,0,0,0,1,1,1,1]}},{"__type__":"cc.Node","_name":"MoveProp","_parent":{"__id__":1},"_children":[{"__id__":10},{"__id__":11}],"_prefab":{"__type__":"cc.PrefabInfo","root":{"__id__":1},"asset":{"__uuid__":"2d1GVkMYNC3KGSPT7rC0Q1"},"fileId":"fayXLPLSdBO5iCNahzIyQm"},"_trs":{"__type__":"TypedArray","ctor":"Float64Array","array":[-42.426,67.882,0,0,0,0,1,1,1,1]}},{"__type__":"cc.Node","_name":"Bar","_parent":{"__id__":9},"_components":[{"__type__":"cc.Sprite","node":{"__id__":10},"_materials":[{"__uuid__":"ecpdLyjvZBwrvm+cedCcQy"}],"_spriteFrame":{"__uuid__":"36nyDwRspBQpKV3/57IicC"},"_type":1},{"__type__":"cc.RigidBody","node":{"__id__":10},"_type":0},{"__type__":"cc.PhysicsPolygonCollider","node":{"__id__":10},"points":[{"__type__":"cc.Vec2","x":-114.4,"y":-31.1},{"__type__":"cc.Vec2","x":116,"y":-31.3},{"__type__":"cc.Vec2","x":115.1,"y":31.8},{"__type__":"cc.Vec2","x":-114.2,"y":31.3}]},{"__type__":"8a64bLvzRlHBakXZIa7SBbN","node":{"__id__":10}}],"_prefab":{"__type__":"cc.PrefabInfo","root":{"__id__":1},"asset":{"__uuid__":"2d1GVkMYNC3KGSPT7rC0Q1"},"fileId":"e71ueDedNPRb9H6hy2x7lM"},"_contentSize":{"__type__":"cc.Size","width":230,"height":65},"_trs":{"__type__":"TypedArray","ctor":"Float64Array","array":[0,0,0,0,0,0,1,1,1,1]}},{"__type__":"cc.Node","_name":"BarBG","_parent":{"__id__":9},"_components":[{"__type__":"cc.Sprite","node":{"__id__":11},"_materials":[{"__uuid__":"ecpdLyjvZBwrvm+cedCcQy"}],"_spriteFrame":{"__uuid__":"d8hqEurO5O3r/JLAsbxS//"},"_type":1}],"_prefab":{"__type__":"cc.PrefabInfo","root":{"__id__":1},"asset":{"__uuid__":"2d1GVkMYNC3KGSPT7rC0Q1"},"fileId":"70HDS70wNJ97RC/EYaw72d"},"_contentSize":{"__type__":"cc.Size","width":427,"height":66},"_trs":{"__type__":"TypedArray","ctor":"Float64Array","array":[-82,0,0,0,0,0,1,1,1,1]}},{"__type__":"cc.Node","_name":"MoveProp","_parent":{"__id__":1},"_children":[{"__id__":13},{"__id__":14}],"_prefab":{"__type__":"cc.PrefabInfo","root":{"__id__":1},"asset":{"__uuid__":"2d1GVkMYNC3KGSPT7rC0Q1"},"fileId":"e0sOP6UN5OUbruUygQDzey"},"_trs":{"__type__":"TypedArray","ctor":"Float64Array","array":[-44.481,-171.69,0,0,0,-0.09584575252022398,0.9953961983671789,1,1,1]},"_eulerAngles":{"__type__":"cc.Vec3","z":-11}},{"__type__":"cc.Node","_name":"Bar","_parent":{"__id__":12},"_components":[{"__type__":"cc.Sprite","node":{"__id__":13},"_materials":[{"__uuid__":"ecpdLyjvZBwrvm+cedCcQy"}],"_spriteFrame":{"__uuid__":"36nyDwRspBQpKV3/57IicC"},"_type":1},{"__type__":"cc.RigidBody","node":{"__id__":13},"_type":0},{"__type__":"cc.PhysicsPolygonCollider","node":{"__id__":13},"points":[{"__type__":"cc.Vec2","x":-114.4,"y":-31.1},{"__type__":"cc.Vec2","x":116,"y":-31.3},{"__type__":"cc.Vec2","x":115.1,"y":31.8},{"__type__":"cc.Vec2","x":-114.2,"y":31.3}]},{"__type__":"8a64bLvzRlHBakXZIa7SBbN","node":{"__id__":13}}],"_prefab":{"__type__":"cc.PrefabInfo","root":{"__id__":1},"asset":{"__uuid__":"2d1GVkMYNC3KGSPT7rC0Q1"},"fileId":"08i/oTtCdC/6vqgg/e5Hi1"},"_contentSize":{"__type__":"cc.Size","width":230,"height":65},"_trs":{"__type__":"TypedArray","ctor":"Float64Array","array":[0,0,0,0,0,0,1,1,1,1]}},{"__type__":"cc.Node","_name":"BarBG","_parent":{"__id__":12},"_components":[{"__type__":"cc.Sprite","node":{"__id__":14},"_materials":[{"__uuid__":"ecpdLyjvZBwrvm+cedCcQy"}],"_spriteFrame":{"__uuid__":"d8hqEurO5O3r/JLAsbxS//"},"_type":1}],"_prefab":{"__type__":"cc.PrefabInfo","root":{"__id__":1},"asset":{"__uuid__":"2d1GVkMYNC3KGSPT7rC0Q1"},"fileId":"cazmK9iJ1NRpnz9P/MWMU/"},"_contentSize":{"__type__":"cc.Size","width":427,"height":66},"_trs":{"__type__":"TypedArray","ctor":"Float64Array","array":[-82,0,0,0,0,0,1,1,1,1]}}],{"__type__":"cc.SpriteFrame","content":{"name":"guanqia28","texture":"78jeLofmVO6Z/G83ppi6uH","rect":[2,1,857,1486],"offset":[0.5,0],"originalSize":[860,1488],"capInsets":[0,0,0,0]}}]