[{"__type__":"cc.SpriteFrame","content":{"name":"guanqia116","texture":"4aiwVj9SlApIst6zhzQPRp","rect":[1,1,798,1484],"offset":[0,0],"originalSize":[800,1486],"capInsets":[0,0,0,0]}},[{"__type__":"cc.Prefab","_name":"UIDerived96","data":{"__id__":1}},{"__type__":"cc.Node","_name":"UIDerived96","_children":[{"__type__":"cc.Node","_name":"bule_node","_parent":{"__id__":1},"_prefab":{"__type__":"cc.PrefabInfo","root":{"__id__":1},"asset":{"__uuid__":"fbkR0DO2NM0rkZRf6X6SsA"},"fileId":"05wMRR4DhLeYP1wJZdRvPc"},"_trs":{"__type__":"TypedArray","ctor":"Float64Array","array":[0,0,0,0,0,0,1,1,1,1]}},{"__type__":"cc.Node","_name":"greenwater_node","_parent":{"__id__":1},"_prefab":{"__type__":"cc.PrefabInfo","root":{"__id__":1},"asset":{"__uuid__":"fbkR0DO2NM0rkZRf6X6SsA"},"fileId":"ecbO3Ba/JP8qxJbIGSnJNw"},"_trs":{"__type__":"TypedArray","ctor":"Float64Array","array":[0,0,0,0,0,0,1,1,1,1]}},{"__type__":"cc.Node","_name":"redwater_node","_parent":{"__id__":1},"_prefab":{"__type__":"cc.PrefabInfo","root":{"__id__":1},"asset":{"__uuid__":"fbkR0DO2NM0rkZRf6X6SsA"},"fileId":"36Lvzdup5JzJ69v7JMcVsv"},"_trs":{"__type__":"TypedArray","ctor":"Float64Array","array":[0,0,0,0,0,0,1,1,1,1]}},{"__id__":2},{"__id__":3},{"__id__":4},{"__id__":5},{"__type__":"cc.Node","_name":"greenPos_node","_parent":{"__id__":1},"_prefab":{"__type__":"cc.PrefabInfo","root":{"__id__":1},"asset":{"__uuid__":"fbkR0DO2NM0rkZRf6X6SsA"},"fileId":"ebcREDq0ZMhKVFHUPq2Nnh"},"_trs":{"__type__":"TypedArray","ctor":"Float64Array","array":[0,0,0,0,0,0,1,1,1,1]}},{"__id__":6},{"__id__":8},{"__id__":10},{"__id__":12},{"__id__":14},{"__type__":"cc.Node","_name":"player","_parent":{"__id__":1},"_prefab":{"__type__":"cc.PrefabInfo","root":{"__id__":1},"asset":{"__uuid__":"fbkR0DO2NM0rkZRf6X6SsA"},"fileId":"6d0BT8WN1PlrnUp/FmfE5L"},"_trs":{"__type__":"TypedArray","ctor":"Float64Array","array":[255.073,-616.62,0,0,0,0,1,-0.7,0.7,1]}}],"_components":[{"__type__":"cc.Sprite","node":{"__id__":1},"_materials":[{"__uuid__":"ecpdLyjvZBwrvm+cedCcQy"}],"_spriteFrame":{"__uuid__":"6bum5pWplJ7oJH9tJ2lV+G"}},{"__type__":"1100eDGpRlLMYp5CrYQGpcQ","node":{"__id__":1}},{"__type__":"cc.RigidBody","node":{"__id__":1},"_type":0},{"__type__":"cc.PhysicsPolygonCollider","node":{"__id__":1},"_offset":{"__type__":"cc.Vec2","x":-349.8,"y":-693.2},"points":[{"__type__":"cc.Vec2","x":-50,"y":-50},{"__type__":"cc.Vec2","x":752,"y":-51},{"__type__":"cc.Vec2","x":751,"y":25},{"__type__":"cc.Vec2","x":749,"y":1436},{"__type__":"cc.Vec2","x":-47,"y":1436.1},{"__type__":"cc.Vec2","x":35.2,"y":1388.6},{"__type__":"cc.Vec2","x":220,"y":1392},{"__type__":"cc.Vec2","x":223,"y":1001},{"__type__":"cc.Vec2","x":245,"y":868},{"__type__":"cc.Vec2","x":276,"y":817},{"__type__":"cc.Vec2","x":676.6,"y":413.7},{"__type__":"cc.Vec2","x":698.4,"y":337.3},{"__type__":"cc.Vec2","x":709.2,"y":144.6},{"__type__":"cc.Vec2","x":702.5,"y":77.2},{"__type__":"cc.Vec2","x":688.5,"y":36.7},{"__type__":"cc.Vec2","x":668.7,"y":14.9},{"__type__":"cc.Vec2","x":614.2,"y":-7.3},{"__type__":"cc.Vec2","x":587.9,"y":-8.8},{"__type__":"cc.Vec2","x":556.9,"y":4},{"__type__":"cc.Vec2","x":536.5,"y":23.4},{"__type__":"cc.Vec2","x":523.2,"y":53.2},{"__type__":"cc.Vec2","x":513,"y":93.9},{"__type__":"cc.Vec2","x":512.8,"y":141.3},{"__type__":"cc.Vec2","x":528.9,"y":214.1},{"__type__":"cc.Vec2","x":534.9,"y":271.7},{"__type__":"cc.Vec2","x":533.7,"y":358.5},{"__type__":"cc.Vec2","x":524.3,"y":397},{"__type__":"cc.Vec2","x":513.7,"y":416.9},{"__type__":"cc.Vec2","x":489.2,"y":432.5},{"__type__":"cc.Vec2","x":463.2,"y":422},{"__type__":"cc.Vec2","x":444.8,"y":399.7},{"__type__":"cc.Vec2","x":434.7,"y":367.8},{"__type__":"cc.Vec2","x":432.1,"y":187.8},{"__type__":"cc.Vec2","x":424,"y":128.6},{"__type__":"cc.Vec2","x":402.6,"y":61.2},{"__type__":"cc.Vec2","x":374.7,"y":15.9},{"__type__":"cc.Vec2","x":341.3,"y":0.6},{"__type__":"cc.Vec2","x":303.7,"y":4.5},{"__type__":"cc.Vec2","x":274.7,"y":17.8},{"__type__":"cc.Vec2","x":255.3,"y":64},{"__type__":"cc.Vec2","x":250.6,"y":126.2},{"__type__":"cc.Vec2","x":264.5,"y":261.3},{"__type__":"cc.Vec2","x":283.4,"y":348.5},{"__type__":"cc.Vec2","x":310.2,"y":411.1},{"__type__":"cc.Vec2","x":346.4,"y":459.5},{"__type__":"cc.Vec2","x":383.6,"y":486.1},{"__type__":"cc.Vec2","x":394.7,"y":502.1},{"__type__":"cc.Vec2","x":400.2,"y":523.2},{"__type__":"cc.Vec2","x":393.3,"y":544.4},{"__type__":"cc.Vec2","x":379.7,"y":552.9},{"__type__":"cc.Vec2","x":345.8,"y":552.9},{"__type__":"cc.Vec2","x":312,"y":540},{"__type__":"cc.Vec2","x":230,"y":443},{"__type__":"cc.Vec2","x":190,"y":348},{"__type__":"cc.Vec2","x":175.2,"y":261.3},{"__type__":"cc.Vec2","x":163.9,"y":84.1},{"__type__":"cc.Vec2","x":141.8,"y":20},{"__type__":"cc.Vec2","x":101.8,"y":-3.2},{"__type__":"cc.Vec2","x":58.9,"y":-5.1},{"__type__":"cc.Vec2","x":19.1,"y":16.1},{"__type__":"cc.Vec2","x":-7.5,"y":79},{"__type__":"cc.Vec2","x":-6.6,"y":157.6},{"__type__":"cc.Vec2","x":29.2,"y":327.4},{"__type__":"cc.Vec2","x":35,"y":1387},{"__type__":"cc.Vec2","x":-50.2,"y":1436}]}],"_prefab":{"__type__":"cc.PrefabInfo","root":{"__id__":1},"asset":{"__uuid__":"fbkR0DO2NM0rkZRf6X6SsA"},"fileId":"c0vUCAbnlHdJQIXmIaRxvW"},"_contentSize":{"__type__":"cc.Size","width":800,"height":1486},"_trs":{"__type__":"TypedArray","ctor":"Float64Array","array":[48.746,0,0,0,0,0,1,1,1,1]}},{"__type__":"cc.Node","_name":"black_node","_parent":{"__id__":1},"_components":[{"__type__":"6c0e8KZwr5L34azTYX21stu","node":{"__id__":2}}],"_prefab":{"__type__":"cc.PrefabInfo","root":{"__id__":1},"asset":{"__uuid__":"fbkR0DO2NM0rkZRf6X6SsA"},"fileId":"b58CFKC/pN55aiQQe+y0PV"},"_trs":{"__type__":"TypedArray","ctor":"Float64Array","array":[0,0,0,0,0,0,1,1,1,1]}},{"__type__":"cc.Node","_name":"gray_node","_parent":{"__id__":1},"_components":[{"__type__":"3400dF2d2tHLK8+En9baGXY","node":{"__id__":3},"grey_prefab":{"__uuid__":"13FEeEL1NMaK5TFGpFQpJr"}}],"_prefab":{"__type__":"cc.PrefabInfo","root":{"__id__":1},"asset":{"__uuid__":"fbkR0DO2NM0rkZRf6X6SsA"},"fileId":"221uBrYDtHkK42dkuacFVy"},"_trs":{"__type__":"TypedArray","ctor":"Float64Array","array":[0,0,0,0,0,0,1,1,1,1]}},{"__type__":"cc.Node","_name":"bulePos_node","_parent":{"__id__":1},"_children":[{"__type__":"cc.Node","_name":"New Node","_parent":{"__id__":4},"_prefab":{"__type__":"cc.PrefabInfo","root":{"__id__":1},"asset":{"__uuid__":"fbkR0DO2NM0rkZRf6X6SsA"},"fileId":"8aMU4d0d9OTJiqF+5sjSuZ"},"_trs":{"__type__":"TypedArray","ctor":"Float64Array","array":[-215,491,0,0,0,0,1,1,1,1]}}],"_prefab":{"__type__":"cc.PrefabInfo","root":{"__id__":1},"asset":{"__uuid__":"fbkR0DO2NM0rkZRf6X6SsA"},"fileId":"27WQFxBnpDg6zcfa+PG5KG"},"_trs":{"__type__":"TypedArray","ctor":"Float64Array","array":[0,0,0,0,0,0,1,1,1,1]}},{"__type__":"cc.Node","_name":"redPos_node","_parent":{"__id__":1},"_children":[{"__type__":"cc.Node","_name":"New Node","_parent":{"__id__":5},"_prefab":{"__type__":"cc.PrefabInfo","root":{"__id__":1},"asset":{"__uuid__":"fbkR0DO2NM0rkZRf6X6SsA"},"fileId":"3e3tL5j+JO/pbiYfLgwAF0"},"_trs":{"__type__":"TypedArray","ctor":"Float64Array","array":[-215,238,0,0,0,0,1,1,1,1]}}],"_prefab":{"__type__":"cc.PrefabInfo","root":{"__id__":1},"asset":{"__uuid__":"fbkR0DO2NM0rkZRf6X6SsA"},"fileId":"25pGGz0SdMWoGSh7TlfqFi"},"_trs":{"__type__":"TypedArray","ctor":"Float64Array","array":[0,0,0,0,0,0,1,1,1,1]}},{"__type__":"cc.Node","_name":"zhenNode","_parent":{"__id__":1},"_children":[{"__id__":7}],"_prefab":{"__type__":"cc.PrefabInfo","root":{"__id__":1},"asset":{"__uuid__":"fbkR0DO2NM0rkZRf6X6SsA"},"fileId":"a0fAkffKVNb6c71bmTyvBg"},"_trs":{"__type__":"TypedArray","ctor":"Float64Array","array":[-210.526,59.964,0,0,0,-0.9335804264972017,-0.35836794954530027,1,1,1]},"_eulerAngles":{"__type__":"cc.Vec3","z":-222},"_groupIndex":8,"groupIndex":8},{"__type__":"cc.Node","_name":"zhen","_parent":{"__id__":6},"_components":[{"__type__":"cc.Sprite","node":{"__id__":7},"_materials":[{"__uuid__":"ecpdLyjvZBwrvm+cedCcQy"}],"_spriteFrame":{"__uuid__":"81u1O4l2lM2IGXbUA/0aw7"},"_type":1,"_sizeMode":0},{"__type__":"cc.RigidBody","node":{"__id__":7},"_type":3,"_allowSleep":false,"_gravityScale":0,"_fixedRotation":true,"enabledContactListener":true,"bullet":true},{"__type__":"cc.PhysicsPolygonCollider","node":{"__id__":7},"tag":222,"_offset":{"__type__":"cc.Vec2","x":241,"y":-1},"points":[{"__type__":"cc.Vec2","x":68,"y":-56},{"__type__":"cc.Vec2","x":157,"y":-56},{"__type__":"cc.Vec2","x":160,"y":57},{"__type__":"cc.Vec2","x":66,"y":57},{"__type__":"cc.Vec2","x":33,"y":25},{"__type__":"cc.Vec2","x":-641.3,"y":26.7},{"__type__":"cc.Vec2","x":-641,"y":-22.9},{"__type__":"cc.Vec2","x":38,"y":-24}]},{"__type__":"72555Q9muRD1505Zi2fOOxm","node":{"__id__":7},"linevelocityX":500}],"_prefab":{"__type__":"cc.PrefabInfo","root":{"__id__":1},"asset":{"__uuid__":"fbkR0DO2NM0rkZRf6X6SsA"},"fileId":"b0NjI489xF4ojrGUliX1q8"},"_contentSize":{"__type__":"cc.Size","width":800,"height":111},"_trs":{"__type__":"TypedArray","ctor":"Float64Array","array":[0,0,0,0,0,0,1,0.8,0.8,0.8]},"_groupIndex":8,"groupIndex":8},{"__type__":"cc.Node","_name":"zhenNode","_parent":{"__id__":1},"_children":[{"__id__":9}],"_prefab":{"__type__":"cc.PrefabInfo","root":{"__id__":1},"asset":{"__uuid__":"fbkR0DO2NM0rkZRf6X6SsA"},"fileId":"37SjaFNzFKD6jWh20zgdzu"},"_trs":{"__type__":"TypedArray","ctor":"Float64Array","array":[261.514,-377.593,0,0,0,-0.35836794954530027,0.9335804264972017,1,1,1]},"_eulerAngles":{"__type__":"cc.Vec3","z":-42},"_groupIndex":8,"groupIndex":8},{"__type__":"cc.Node","_name":"zhen","_parent":{"__id__":8},"_components":[{"__type__":"cc.Sprite","node":{"__id__":9},"_materials":[{"__uuid__":"ecpdLyjvZBwrvm+cedCcQy"}],"_spriteFrame":{"__uuid__":"81u1O4l2lM2IGXbUA/0aw7"},"_type":1,"_sizeMode":0},{"__type__":"cc.RigidBody","node":{"__id__":9},"_type":3,"_allowSleep":false,"_gravityScale":0,"_fixedRotation":true,"enabledContactListener":true,"bullet":true},{"__type__":"cc.PhysicsPolygonCollider","node":{"__id__":9},"tag":222,"_offset":{"__type__":"cc.Vec2","x":241,"y":-1},"points":[{"__type__":"cc.Vec2","x":63,"y":-55},{"__type__":"cc.Vec2","x":158,"y":-55},{"__type__":"cc.Vec2","x":160,"y":58},{"__type__":"cc.Vec2","x":55,"y":56},{"__type__":"cc.Vec2","x":24,"y":26},{"__type__":"cc.Vec2","x":-640.6,"y":24.1},{"__type__":"cc.Vec2","x":-641,"y":-21},{"__type__":"cc.Vec2","x":32,"y":-22}]},{"__type__":"72555Q9muRD1505Zi2fOOxm","node":{"__id__":9},"linevelocityX":500}],"_prefab":{"__type__":"cc.PrefabInfo","root":{"__id__":1},"asset":{"__uuid__":"fbkR0DO2NM0rkZRf6X6SsA"},"fileId":"d8REu1k3pN464YkspuZdWR"},"_contentSize":{"__type__":"cc.Size","width":800,"height":111},"_trs":{"__type__":"TypedArray","ctor":"Float64Array","array":[0,0,0,0,0,0,1,0.8,0.8,0.8]},"_groupIndex":8,"groupIndex":8},{"__type__":"cc.Node","_name":"zhenNode","_parent":{"__id__":1},"_children":[{"__id__":11}],"_prefab":{"__type__":"cc.PrefabInfo","root":{"__id__":1},"asset":{"__uuid__":"fbkR0DO2NM0rkZRf6X6SsA"},"fileId":"66vqiog1RPCpEJShHGG6fE"},"_trs":{"__type__":"TypedArray","ctor":"Float64Array","array":[-56.735,116.151,0,0,0,0.4067366430758002,0.9135454576426009,1,1,1]},"_eulerAngles":{"__type__":"cc.Vec3","z":48},"_groupIndex":8,"groupIndex":8},{"__type__":"cc.Node","_name":"zhen","_parent":{"__id__":10},"_components":[{"__type__":"cc.Sprite","node":{"__id__":11},"_materials":[{"__uuid__":"ecpdLyjvZBwrvm+cedCcQy"}],"_spriteFrame":{"__uuid__":"81u1O4l2lM2IGXbUA/0aw7"},"_type":1,"_sizeMode":0},{"__type__":"cc.RigidBody","node":{"__id__":11},"_type":3,"_allowSleep":false,"_gravityScale":0,"_fixedRotation":true,"enabledContactListener":true,"bullet":true},{"__type__":"cc.PhysicsPolygonCollider","node":{"__id__":11},"tag":222,"_offset":{"__type__":"cc.Vec2","x":241,"y":-1},"points":[{"__type__":"cc.Vec2","x":-169.4,"y":-54.1},{"__type__":"cc.Vec2","x":-91.4,"y":-53.7},{"__type__":"cc.Vec2","x":-90.8,"y":55.7},{"__type__":"cc.Vec2","x":-171.3,"y":56.1},{"__type__":"cc.Vec2","x":-202,"y":23.4},{"__type__":"cc.Vec2","x":-390.7,"y":22.9},{"__type__":"cc.Vec2","x":-391,"y":-21.7},{"__type__":"cc.Vec2","x":-200.1,"y":-22}]},{"__type__":"72555Q9muRD1505Zi2fOOxm","node":{"__id__":11},"linevelocityX":500}],"_prefab":{"__type__":"cc.PrefabInfo","root":{"__id__":1},"asset":{"__uuid__":"fbkR0DO2NM0rkZRf6X6SsA"},"fileId":"a4x66aI5lBuJ1Z2MI64Mej"},"_contentSize":{"__type__":"cc.Size","width":300,"height":111},"_trs":{"__type__":"TypedArray","ctor":"Float64Array","array":[0,0,0,0,0,0,1,0.8,0.8,0.8]},"_groupIndex":8,"groupIndex":8},{"__type__":"cc.Node","_name":"zhenNode","_parent":{"__id__":1},"_children":[{"__id__":13}],"_prefab":{"__type__":"cc.PrefabInfo","root":{"__id__":1},"asset":{"__uuid__":"fbkR0DO2NM0rkZRf6X6SsA"},"fileId":"e24z1+S/NDdKTQsdjh4rU3"},"_trs":{"__type__":"TypedArray","ctor":"Float64Array","array":[235.685,-165.82,0,0,0,0.4067366430758002,0.9135454576426009,1,1,1]},"_eulerAngles":{"__type__":"cc.Vec3","z":48},"_groupIndex":8,"groupIndex":8},{"__type__":"cc.Node","_name":"zhen","_parent":{"__id__":12},"_components":[{"__type__":"cc.Sprite","node":{"__id__":13},"_materials":[{"__uuid__":"ecpdLyjvZBwrvm+cedCcQy"}],"_spriteFrame":{"__uuid__":"81u1O4l2lM2IGXbUA/0aw7"},"_type":1,"_sizeMode":0},{"__type__":"cc.RigidBody","node":{"__id__":13},"_type":3,"_allowSleep":false,"_gravityScale":0,"_fixedRotation":true,"enabledContactListener":true,"bullet":true},{"__type__":"cc.PhysicsPolygonCollider","node":{"__id__":13},"tag":222,"_offset":{"__type__":"cc.Vec2","x":241,"y":-1},"points":[{"__type__":"cc.Vec2","x":-169.4,"y":-54.1},{"__type__":"cc.Vec2","x":-91.4,"y":-53.7},{"__type__":"cc.Vec2","x":-90.8,"y":55.7},{"__type__":"cc.Vec2","x":-171.3,"y":56.1},{"__type__":"cc.Vec2","x":-202,"y":23.4},{"__type__":"cc.Vec2","x":-390.7,"y":22.9},{"__type__":"cc.Vec2","x":-391,"y":-21.7},{"__type__":"cc.Vec2","x":-200.1,"y":-22}]},{"__type__":"72555Q9muRD1505Zi2fOOxm","node":{"__id__":13},"linevelocityX":500}],"_prefab":{"__type__":"cc.PrefabInfo","root":{"__id__":1},"asset":{"__uuid__":"fbkR0DO2NM0rkZRf6X6SsA"},"fileId":"2bAd2LZ7lE/Y53MfT1Dd08"},"_contentSize":{"__type__":"cc.Size","width":300,"height":111},"_trs":{"__type__":"TypedArray","ctor":"Float64Array","array":[0,0,0,0,0,0,1,0.8,0.8,0.8]},"_groupIndex":8,"groupIndex":8},{"__type__":"cc.Node","_name":"zhenNode","_parent":{"__id__":1},"_children":[{"__id__":15}],"_prefab":{"__type__":"cc.PrefabInfo","root":{"__id__":1},"asset":{"__uuid__":"fbkR0DO2NM0rkZRf6X6SsA"},"fileId":"29Qc6uGbtNvK61aSDNHrQk"},"_trs":{"__type__":"TypedArray","ctor":"Float64Array","array":[-184.492,389.916,0,0,0,0,1,1,1,1]},"_groupIndex":8,"groupIndex":8},{"__type__":"cc.Node","_name":"zhen","_parent":{"__id__":14},"_components":[{"__type__":"cc.Sprite","node":{"__id__":15},"_materials":[{"__uuid__":"ecpdLyjvZBwrvm+cedCcQy"}],"_spriteFrame":{"__uuid__":"81u1O4l2lM2IGXbUA/0aw7"},"_type":1,"_sizeMode":0},{"__type__":"cc.RigidBody","node":{"__id__":15},"_type":3,"_allowSleep":false,"_gravityScale":0,"_fixedRotation":true,"enabledContactListener":true,"bullet":true},{"__type__":"cc.PhysicsPolygonCollider","node":{"__id__":15},"tag":222,"_offset":{"__type__":"cc.Vec2","x":241,"y":-1},"points":[{"__type__":"cc.Vec2","x":-77.3,"y":-54.8},{"__type__":"cc.Vec2","x":10.1,"y":-55.2},{"__type__":"cc.Vec2","x":9.3,"y":55.7},{"__type__":"cc.Vec2","x":-78.5,"y":57.6},{"__type__":"cc.Vec2","x":-103.6,"y":22.7},{"__type__":"cc.Vec2","x":-490.3,"y":21.7},{"__type__":"cc.Vec2","x":-491.1,"y":-18.3},{"__type__":"cc.Vec2","x":-104.2,"y":-18.6}]},{"__type__":"72555Q9muRD1505Zi2fOOxm","node":{"__id__":15},"linevelocityX":500}],"_prefab":{"__type__":"cc.PrefabInfo","root":{"__id__":1},"asset":{"__uuid__":"fbkR0DO2NM0rkZRf6X6SsA"},"fileId":"237ElB4LlP2qJOeOcacxOo"},"_contentSize":{"__type__":"cc.Size","width":500,"height":111},"_trs":{"__type__":"TypedArray","ctor":"Float64Array","array":[0,0,0,0,0,0,1,0.8,0.8,0.8]},"_groupIndex":8,"groupIndex":8}]]