[[{"__type__":"cc.Prefab","_name":"UIDerived31","data":{"__id__":1}},{"__type__":"cc.Node","_name":"UIDerived34","_children":[{"__type__":"cc.Node","_name":"player","_parent":{"__id__":1},"_prefab":{"__type__":"cc.PrefabInfo","root":{"__id__":1},"asset":{"__uuid__":"adjdlSlARGLb0rXdbaI8oW"},"fileId":"4434xpEG9BpJG/cMwlMVnH"},"_contentSize":{"__type__":"cc.Size","width":240,"height":140},"_trs":{"__type__":"TypedArray","ctor":"Float64Array","array":[-0.493,-341.733,0,0,0,0,1,0.7,0.7,0.7]}},{"__type__":"cc.Node","_name":"greenPos_node","_parent":{"__id__":1},"_prefab":{"__type__":"cc.PrefabInfo","root":{"__id__":1},"asset":{"__uuid__":"adjdlSlARGLb0rXdbaI8oW"},"fileId":"5e2WkC3blLRJi+LrP0MduD"},"_trs":{"__type__":"TypedArray","ctor":"Float64Array","array":[0,0,0,0,0,0,1,1,1,1]}},{"__type__":"cc.Node","_name":"redPos_node","_parent":{"__id__":1},"_prefab":{"__type__":"cc.PrefabInfo","root":{"__id__":1},"asset":{"__uuid__":"adjdlSlARGLb0rXdbaI8oW"},"fileId":"24LLKdLbJHXp+tH++PiqYm"},"_trs":{"__type__":"TypedArray","ctor":"Float64Array","array":[0,0,0,0,0,0,1,1,1,1]}},{"__id__":2},{"__id__":3},{"__id__":4},{"__type__":"cc.Node","_name":"redwater_node","_parent":{"__id__":1},"_prefab":{"__type__":"cc.PrefabInfo","root":{"__id__":1},"asset":{"__uuid__":"adjdlSlARGLb0rXdbaI8oW"},"fileId":"96bT+7R9NAzrhbvNRDhVPq"},"_trs":{"__type__":"TypedArray","ctor":"Float64Array","array":[0,0,0,0,0,0,1,1,1,1]}},{"__type__":"cc.Node","_name":"greenwater_node","_parent":{"__id__":1},"_prefab":{"__type__":"cc.PrefabInfo","root":{"__id__":1},"asset":{"__uuid__":"adjdlSlARGLb0rXdbaI8oW"},"fileId":"4ft1zi5Q9G3KHWqdvHcLPm"},"_trs":{"__type__":"TypedArray","ctor":"Float64Array","array":[0,0,0,0,0,0,1,1,1,1]}},{"__type__":"cc.Node","_name":"bule_node","_parent":{"__id__":1},"_prefab":{"__type__":"cc.PrefabInfo","root":{"__id__":1},"asset":{"__uuid__":"adjdlSlARGLb0rXdbaI8oW"},"fileId":"a4jO+FSBJEFKE0j5Sd8BIf"},"_trs":{"__type__":"TypedArray","ctor":"Float64Array","array":[0,0,0,0,0,0,1,1,1,1]}},{"__id__":5},{"__id__":7},{"__id__":10},{"__id__":14},{"__id__":18}],"_components":[{"__type__":"cc.Sprite","node":{"__id__":1},"_materials":[{"__uuid__":"ecpdLyjvZBwrvm+cedCcQy"}],"_spriteFrame":{"__uuid__":"daoUlZnoBP8rARbJA0ahZJ"}},{"__type__":"cc.RigidBody","node":{"__id__":1},"_type":0},{"__type__":"cc.PhysicsPolygonCollider","node":{"__id__":1},"points":[{"__type__":"cc.Vec2","x":-498,"y":-798},{"__type__":"cc.Vec2","x":449,"y":-794},{"__type__":"cc.Vec2","x":440,"y":746},{"__type__":"cc.Vec2","x":372,"y":643},{"__type__":"cc.Vec2","x":379,"y":-631},{"__type__":"cc.Vec2","x":-380,"y":-636},{"__type__":"cc.Vec2","x":-382,"y":107},{"__type__":"cc.Vec2","x":124,"y":102},{"__type__":"cc.Vec2","x":126,"y":-409},{"__type__":"cc.Vec2","x":-127,"y":-408},{"__type__":"cc.Vec2","x":-126,"y":-124},{"__type__":"cc.Vec2","x":-2,"y":-122},{"__type__":"cc.Vec2","y":-8},{"__type__":"cc.Vec2","x":-248,"y":-1},{"__type__":"cc.Vec2","x":-259,"y":-527},{"__type__":"cc.Vec2","x":256,"y":-531},{"__type__":"cc.Vec2","x":256,"y":338},{"__type__":"cc.Vec2","x":3,"y":391},{"__type__":"cc.Vec2","x":-3,"y":627},{"__type__":"cc.Vec2","x":372,"y":639},{"__type__":"cc.Vec2","x":437,"y":739},{"__type__":"cc.Vec2","x":-509,"y":757}]},{"__type__":"1100eDGpRlLMYp5CrYQGpcQ","node":{"__id__":1}}],"_prefab":{"__type__":"cc.PrefabInfo","root":{"__id__":1},"asset":{"__uuid__":"adjdlSlARGLb0rXdbaI8oW"},"fileId":"5eIXeZxR1H4aT9D6brex0F"},"_contentSize":{"__type__":"cc.Size","width":844,"height":1361},"_trs":{"__type__":"TypedArray","ctor":"Float64Array","array":[0,0,0,0,0,0,1,1,1,1]}},{"__type__":"cc.Node","_name":"bulePos_node","_parent":{"__id__":1},"_children":[{"__type__":"cc.Node","_name":"New Node","_parent":{"__id__":2},"_prefab":{"__type__":"cc.PrefabInfo","root":{"__id__":1},"asset":{"__uuid__":"adjdlSlARGLb0rXdbaI8oW"},"fileId":"cbpNnvDZ1AQZg0FsBA2sGQ"},"_trs":{"__type__":"TypedArray","ctor":"Float64Array","array":[152.138,490.349,0,0,0,0,1,1,1,1]}}],"_prefab":{"__type__":"cc.PrefabInfo","root":{"__id__":1},"asset":{"__uuid__":"adjdlSlARGLb0rXdbaI8oW"},"fileId":"65guC20KlAmYx/xV9D1HFg"},"_trs":{"__type__":"TypedArray","ctor":"Float64Array","array":[0,0,0,0,0,0,1,1,1,1]}},{"__type__":"cc.Node","_name":"gray_node","_parent":{"__id__":1},"_components":[{"__type__":"3400dF2d2tHLK8+En9baGXY","node":{"__id__":3},"grey_prefab":{"__uuid__":"13FEeEL1NMaK5TFGpFQpJr"}}],"_prefab":{"__type__":"cc.PrefabInfo","root":{"__id__":1},"asset":{"__uuid__":"adjdlSlARGLb0rXdbaI8oW"},"fileId":"6cJKp/Zc9N16ZEfhtOEfMW"},"_trs":{"__type__":"TypedArray","ctor":"Float64Array","array":[0,0,0,0,0,0,1,1,1,1]}},{"__type__":"cc.Node","_name":"black_node","_parent":{"__id__":1},"_components":[{"__type__":"6c0e8KZwr5L34azTYX21stu","node":{"__id__":4}}],"_prefab":{"__type__":"cc.PrefabInfo","root":{"__id__":1},"asset":{"__uuid__":"adjdlSlARGLb0rXdbaI8oW"},"fileId":"33B5AQtUVBdJ+W79DLKNqF"},"_trs":{"__type__":"TypedArray","ctor":"Float64Array","array":[0,0,0,0,0,0,1,1,1,1]}},{"__type__":"cc.Node","_name":"zhenNode","_parent":{"__id__":1},"_children":[{"__id__":6}],"_prefab":{"__type__":"cc.PrefabInfo","root":{"__id__":1},"asset":{"__uuid__":"adjdlSlARGLb0rXdbaI8oW"},"fileId":"7coJa+TxhKlKuqSr+TVBSn"},"_trs":{"__type__":"TypedArray","ctor":"Float64Array","array":[290,281,0,0,0,1,6.123233995736766e-17,1,1,1]},"_eulerAngles":{"__type__":"cc.Vec3","z":180},"_groupIndex":8,"groupIndex":8},{"__type__":"cc.Node","_name":"zhen","_parent":{"__id__":5},"_components":[{"__type__":"cc.Sprite","node":{"__id__":6},"_materials":[{"__uuid__":"ecpdLyjvZBwrvm+cedCcQy"}],"_spriteFrame":{"__uuid__":"81u1O4l2lM2IGXbUA/0aw7"},"_type":1,"_sizeMode":0},{"__type__":"cc.RigidBody","node":{"__id__":6},"_type":3,"_allowSleep":false,"_gravityScale":0,"_fixedRotation":true,"enabledContactListener":true,"bullet":true},{"__type__":"cc.PhysicsPolygonCollider","node":{"__id__":6},"tag":222,"_offset":{"__type__":"cc.Vec2","x":-95,"y":-3},"points":[{"__type__":"cc.Vec2","x":227.5,"y":55.5},{"__type__":"cc.Vec2","x":214.5,"y":51.5},{"__type__":"cc.Vec2","x":206.5,"y":45.5},{"__type__":"cc.Vec2","x":192,"y":33.4},{"__type__":"cc.Vec2","x":188.8,"y":24.1},{"__type__":"cc.Vec2","x":185.4,"y":23.4},{"__type__":"cc.Vec2","x":-101.1,"y":20.8},{"__type__":"cc.Vec2","x":-107.3,"y":3.9},{"__type__":"cc.Vec2","x":-99.9,"y":-30},{"__type__":"cc.Vec2","x":185.9,"y":-29},{"__type__":"cc.Vec2","x":193.4,"y":-34.3},{"__type__":"cc.Vec2","x":209.9,"y":-47.8},{"__type__":"cc.Vec2","x":238.1,"y":-54.9},{"__type__":"cc.Vec2","x":261.8,"y":-50.5},{"__type__":"cc.Vec2","x":285.2,"y":-28.5},{"__type__":"cc.Vec2","x":291.1,"y":-15.6},{"__type__":"cc.Vec2","x":292.7,"y":0.3},{"__type__":"cc.Vec2","x":288.9,"y":22},{"__type__":"cc.Vec2","x":265.3,"y":49.4}]},{"__type__":"72555Q9muRD1505Zi2fOOxm","node":{"__id__":6},"linevelocityX":500}],"_prefab":{"__type__":"cc.PrefabInfo","root":{"__id__":1},"asset":{"__uuid__":"adjdlSlARGLb0rXdbaI8oW"},"fileId":"17Dy+4EPpJfJFGzqrTt6X2"},"_contentSize":{"__type__":"cc.Size","width":401,"height":111},"_trs":{"__type__":"TypedArray","ctor":"Float64Array","array":[0,0,0,0,0,0,1,0.8,0.8,0.8]},"_groupIndex":8,"groupIndex":8},{"__type__":"cc.Node","_name":"zhenNodeTwo","_parent":{"__id__":1},"_children":[{"__id__":8},{"__id__":21},{"__id__":22}],"_prefab":{"__type__":"cc.PrefabInfo","root":{"__id__":1},"asset":{"__uuid__":"adjdlSlARGLb0rXdbaI8oW"},"fileId":"e9A6E649pLubk4tb1nvFYt"},"_trs":{"__type__":"TypedArray","ctor":"Float64Array","array":[154.99,-626.967,0,0,0,0.7071067811865475,0.7071067811865476,1,1,1]},"_eulerAngles":{"__type__":"cc.Vec3","z":90}},{"__type__":"cc.Node","_name":"zhen","_parent":{"__id__":7},"_components":[{"__type__":"cc.Sprite","node":{"__id__":8},"_materials":[{"__uuid__":"ecpdLyjvZBwrvm+cedCcQy"}],"_spriteFrame":{"__uuid__":"14vJwyNH1OspMXFimJtxkW"},"_type":1,"_sizeMode":0},{"__type__":"cc.RigidBody","node":{"__id__":8},"_type":3,"_gravityScale":0,"_fixedRotation":true,"enabledContactListener":true,"bullet":true},{"__type__":"cc.PhysicsPolygonCollider","node":{"__id__":8},"_offset":{"__type__":"cc.Vec2","x":173,"y":2},"points":[{"__type__":"cc.Vec2","x":-319,"y":-58},{"__type__":"cc.Vec2","x":-210,"y":-58},{"__type__":"cc.Vec2","x":-209.8,"y":-25.3},{"__type__":"cc.Vec2","x":-30.9,"y":-27.2},{"__type__":"cc.Vec2","x":-32.5,"y":24.3},{"__type__":"cc.Vec2","x":-208,"y":25},{"__type__":"cc.Vec2","x":-207,"y":52},{"__type__":"cc.Vec2","x":-319,"y":51}]},{"__type__":"1cb3eoIRdhJWZayW7A68Y7j","node":{"__id__":8},"applyUpsensor":true,"applyDownsensor":true,"allzhen":[{"__id__":9}]}],"_prefab":{"__type__":"cc.PrefabInfo","root":{"__id__":1},"asset":{"__uuid__":"adjdlSlARGLb0rXdbaI8oW"},"fileId":"34SZl1aKlKLZW8b7TckzK8"},"_contentSize":{"__type__":"cc.Size","width":287,"height":111},"_trs":{"__type__":"TypedArray","ctor":"Float64Array","array":[0,0,0,0,0,0,1,1,1,1]}},{"__type__":"cc.Node","_name":"zhen","_parent":{"__id__":10},"_components":[{"__type__":"cc.Sprite","node":{"__id__":9},"_materials":[{"__uuid__":"ecpdLyjvZBwrvm+cedCcQy"}],"_spriteFrame":{"__uuid__":"14vJwyNH1OspMXFimJtxkW"},"_type":1,"_sizeMode":0},{"__type__":"cc.RigidBody","node":{"__id__":9},"_type":3,"_gravityScale":0,"_fixedRotation":true,"enabledContactListener":true,"bullet":true},{"__type__":"cc.PhysicsPolygonCollider","node":{"__id__":9},"_offset":{"__type__":"cc.Vec2","x":173,"y":2},"points":[{"__type__":"cc.Vec2","x":-319,"y":-58},{"__type__":"cc.Vec2","x":-210,"y":-58},{"__type__":"cc.Vec2","x":-208.2,"y":-25.7},{"__type__":"cc.Vec2","x":-34,"y":-26},{"__type__":"cc.Vec2","x":-34,"y":25.4},{"__type__":"cc.Vec2","x":-208.4,"y":23.9},{"__type__":"cc.Vec2","x":-207,"y":52},{"__type__":"cc.Vec2","x":-319,"y":51}]},{"__type__":"1cb3eoIRdhJWZayW7A68Y7j","node":{"__id__":9},"applyUpsensor":true,"applyDownsensor":true,"allzhen":[{"__id__":8},{"__id__":13}]}],"_prefab":{"__type__":"cc.PrefabInfo","root":{"__id__":1},"asset":{"__uuid__":"adjdlSlARGLb0rXdbaI8oW"},"fileId":"eecWQLAWhLq6EJtQ+QK56a"},"_contentSize":{"__type__":"cc.Size","width":287,"height":111},"_trs":{"__type__":"TypedArray","ctor":"Float64Array","array":[0,0,0,0,0,0,1,1,1,1]}},{"__type__":"cc.Node","_name":"zhenNodeTwo","_parent":{"__id__":1},"_children":[{"__id__":9},{"__id__":11},{"__id__":12}],"_prefab":{"__type__":"cc.PrefabInfo","root":{"__id__":1},"asset":{"__uuid__":"adjdlSlARGLb0rXdbaI8oW"},"fileId":"2bdTe3h/9NAp+1LytAH84X"},"_trs":{"__type__":"TypedArray","ctor":"Float64Array","array":[-354.01,-471.967,0,0,0,0,1,1,1,1]}},{"__type__":"cc.Node","_name":"zhenup","_parent":{"__id__":10},"_components":[{"__type__":"cc.RigidBody","node":{"__id__":11},"_type":0,"_gravityScale":0,"bullet":true}],"_prefab":{"__type__":"cc.PrefabInfo","root":{"__id__":1},"asset":{"__uuid__":"adjdlSlARGLb0rXdbaI8oW"},"fileId":"6fAP8bGYxMybNhBIlMYLqO"},"_trs":{"__type__":"TypedArray","ctor":"Float64Array","array":[-47,569.969,0,0,0,0,1,1,1,1]}},{"__type__":"cc.Node","_name":"zhendown","_parent":{"__id__":10},"_components":[{"__type__":"cc.RigidBody","node":{"__id__":12},"_type":0,"_gravityScale":0,"bullet":true}],"_prefab":{"__type__":"cc.PrefabInfo","root":{"__id__":1},"asset":{"__uuid__":"adjdlSlARGLb0rXdbaI8oW"},"fileId":"bbdnCJNTBHWImyxsbMqrjV"},"_trs":{"__type__":"TypedArray","ctor":"Float64Array","array":[-37,-164.515,0,0,0,0,1,1,1,1]}},{"__type__":"cc.Node","_name":"zhen","_parent":{"__id__":14},"_components":[{"__type__":"cc.Sprite","node":{"__id__":13},"_materials":[{"__uuid__":"ecpdLyjvZBwrvm+cedCcQy"}],"_spriteFrame":{"__uuid__":"14vJwyNH1OspMXFimJtxkW"},"_type":1,"_sizeMode":0},{"__type__":"cc.RigidBody","node":{"__id__":13},"_type":3,"_gravityScale":0,"_fixedRotation":true,"enabledContactListener":true,"bullet":true},{"__type__":"cc.PhysicsPolygonCollider","node":{"__id__":13},"_offset":{"__type__":"cc.Vec2","x":173,"y":2},"points":[{"__type__":"cc.Vec2","x":-319,"y":-58},{"__type__":"cc.Vec2","x":-210,"y":-58},{"__type__":"cc.Vec2","x":-210.7,"y":-24},{"__type__":"cc.Vec2","x":-32.8,"y":-25.6},{"__type__":"cc.Vec2","x":-32.3,"y":26.2},{"__type__":"cc.Vec2","x":-207.6,"y":25.1},{"__type__":"cc.Vec2","x":-207,"y":52},{"__type__":"cc.Vec2","x":-319,"y":51}]},{"__type__":"1cb3eoIRdhJWZayW7A68Y7j","node":{"__id__":13},"applyUpsensor":true,"applyDownsensor":true,"allzhen":[{"__id__":9},{"__id__":17}]}],"_prefab":{"__type__":"cc.PrefabInfo","root":{"__id__":1},"asset":{"__uuid__":"adjdlSlARGLb0rXdbaI8oW"},"fileId":"c34bbUTC5ARZl/1NtVOmuM"},"_contentSize":{"__type__":"cc.Size","width":287,"height":111},"_trs":{"__type__":"TypedArray","ctor":"Float64Array","array":[0,0,0,0,0,0,1,1,1,1]}},{"__type__":"cc.Node","_name":"zhenNodeTwo","_parent":{"__id__":1},"_children":[{"__id__":13},{"__id__":15},{"__id__":16}],"_prefab":{"__type__":"cc.PrefabInfo","root":{"__id__":1},"asset":{"__uuid__":"adjdlSlARGLb0rXdbaI8oW"},"fileId":"2c95tcZFhOtIl+aV8hUqDP"},"_trs":{"__type__":"TypedArray","ctor":"Float64Array","array":[-163.01,106.633,0,0,0,0.7071067811865476,-0.7071067811865475,1,1,1]},"_eulerAngles":{"__type__":"cc.Vec3","z":270}},{"__type__":"cc.Node","_name":"zhenup","_parent":{"__id__":14},"_components":[{"__type__":"cc.RigidBody","node":{"__id__":15},"_type":0,"_gravityScale":0,"bullet":true}],"_prefab":{"__type__":"cc.PrefabInfo","root":{"__id__":1},"asset":{"__uuid__":"adjdlSlARGLb0rXdbaI8oW"},"fileId":"dbw+j1hsVPV7cvA7ItftS9"},"_trs":{"__type__":"TypedArray","ctor":"Float64Array","array":[-47,283.461,0,0,0,0,1,1,1,1]}},{"__type__":"cc.Node","_name":"zhendown","_parent":{"__id__":14},"_components":[{"__type__":"cc.RigidBody","node":{"__id__":16},"_type":0,"_gravityScale":0,"bullet":true}],"_prefab":{"__type__":"cc.PrefabInfo","root":{"__id__":1},"asset":{"__uuid__":"adjdlSlARGLb0rXdbaI8oW"},"fileId":"70MAH5UcZE7o0T3XP2Yly0"},"_trs":{"__type__":"TypedArray","ctor":"Float64Array","array":[-37,-216.405,0,0,0,0,1,1,1,1]}},{"__type__":"cc.Node","_name":"zhen","_parent":{"__id__":18},"_components":[{"__type__":"cc.Sprite","node":{"__id__":17},"_materials":[{"__uuid__":"ecpdLyjvZBwrvm+cedCcQy"}],"_spriteFrame":{"__uuid__":"14vJwyNH1OspMXFimJtxkW"},"_type":1,"_sizeMode":0},{"__type__":"cc.RigidBody","node":{"__id__":17},"_type":3,"_gravityScale":0,"_fixedRotation":true,"enabledContactListener":true,"bullet":true},{"__type__":"cc.PhysicsPolygonCollider","node":{"__id__":17},"_offset":{"__type__":"cc.Vec2","x":173,"y":2},"points":[{"__type__":"cc.Vec2","x":-319,"y":-58},{"__type__":"cc.Vec2","x":-210,"y":-58},{"__type__":"cc.Vec2","x":-209,"y":-23.8},{"__type__":"cc.Vec2","x":-34,"y":-24.3},{"__type__":"cc.Vec2","x":-33.5,"y":24},{"__type__":"cc.Vec2","x":-210.2,"y":22.4},{"__type__":"cc.Vec2","x":-207,"y":52},{"__type__":"cc.Vec2","x":-319,"y":51}]},{"__type__":"1cb3eoIRdhJWZayW7A68Y7j","node":{"__id__":17},"allzhen":[{"__id__":13}]}],"_prefab":{"__type__":"cc.PrefabInfo","root":{"__id__":1},"asset":{"__uuid__":"adjdlSlARGLb0rXdbaI8oW"},"fileId":"5epIn8s7dJQbo91WOP5ZDe"},"_contentSize":{"__type__":"cc.Size","width":287,"height":111},"_trs":{"__type__":"TypedArray","ctor":"Float64Array","array":[0,0,0,0,0,0,1,1,1,1]}},{"__type__":"cc.Node","_name":"zhenNodeTwo","_parent":{"__id__":1},"_children":[{"__id__":17},{"__id__":19},{"__id__":20}],"_prefab":{"__type__":"cc.PrefabInfo","root":{"__id__":1},"asset":{"__uuid__":"adjdlSlARGLb0rXdbaI8oW"},"fileId":"3f9ARaKNpCq5dOeJph1LUi"},"_trs":{"__type__":"TypedArray","ctor":"Float64Array","array":[115.99,-80.367,0,0,0,1,6.123233995736766e-17,1,1,1]},"_eulerAngles":{"__type__":"cc.Vec3","z":180}},{"__type__":"cc.Node","_name":"zhenup","_parent":{"__id__":18},"_components":[{"__type__":"cc.RigidBody","node":{"__id__":19},"_type":0,"_gravityScale":0,"bullet":true}],"_prefab":{"__type__":"cc.PrefabInfo","root":{"__id__":1},"asset":{"__uuid__":"adjdlSlARGLb0rXdbaI8oW"},"fileId":"d5IAP7ZaNILKXQCj/2+BeU"},"_trs":{"__type__":"TypedArray","ctor":"Float64Array","array":[-31,186,0,0,0,0,1,1,1,1]}},{"__type__":"cc.Node","_name":"zhendown","_parent":{"__id__":18},"_components":[{"__type__":"cc.RigidBody","node":{"__id__":20},"_type":0,"_gravityScale":0,"bullet":true}],"_prefab":{"__type__":"cc.PrefabInfo","root":{"__id__":1},"asset":{"__uuid__":"adjdlSlARGLb0rXdbaI8oW"},"fileId":"d5WGh6UFVAtbEKJDLZ8uhd"},"_trs":{"__type__":"TypedArray","ctor":"Float64Array","array":[-37,-64,0,0,0,0,1,1,1,1]}},{"__type__":"cc.Node","_name":"zhenup","_parent":{"__id__":7},"_components":[{"__type__":"cc.RigidBody","node":{"__id__":21},"_type":0,"_gravityScale":0,"bullet":true}],"_prefab":{"__type__":"cc.PrefabInfo","root":{"__id__":1},"asset":{"__uuid__":"adjdlSlARGLb0rXdbaI8oW"},"fileId":"c9ukt9HlZMOoj6+CWsUFeI"},"_trs":{"__type__":"TypedArray","ctor":"Float64Array","array":[-8,533.087,0,0,0,0,1,1,1,1]}},{"__type__":"cc.Node","_name":"zhendown","_parent":{"__id__":7},"_components":[{"__type__":"cc.RigidBody","node":{"__id__":22},"_type":0,"_gravityScale":0,"bullet":true}],"_prefab":{"__type__":"cc.PrefabInfo","root":{"__id__":1},"asset":{"__uuid__":"adjdlSlARGLb0rXdbaI8oW"},"fileId":"52kbQCg5ZK37TcT04BYJSP"},"_trs":{"__type__":"TypedArray","ctor":"Float64Array","array":[-18,-222.783,0,0,0,0,1,1,1,1]}}],{"__type__":"cc.SpriteFrame","content":{"name":"guanqia40","texture":"1a6p0qgqJMPJ195evswb+q","rect":[1,1,844,1361],"offset":[0,-0.5],"originalSize":[846,1362],"capInsets":[0,0,0,0]}}]