[{"__type__":"cc.SpriteFrame","content":{"name":"logo-en","texture":"23jE9kqn1AMYF3Uip7p/tj","rect":[2,1,753,406],"offset":[0,0],"originalSize":[757,408],"capInsets":[0,0,0,0]}},{"__type__":"cc.SpriteFrame","content":{"name":"jiazaitiaobeijing","texture":"edc6KBRk9DPZlC4zxevzxl","rect":[1,0,607,114],"offset":[0.5,0.5],"originalSize":[608,115],"capInsets":[0,0,0,0]}},{"__type__":"cc.SpriteFrame","content":{"name":"jiazaitiao","texture":"14O/4jXzJNnoQVtH6cNSUT","rect":[24,27,558,62],"offset":[-1,-0.5],"originalSize":[608,115],"capInsets":[0,0,0,0]}}]