[{"__type__":"cc.SpriteFrame","content":{"name":"guanqia59","texture":"b0jT84H9pBH58IY52kz/Oe","rect":[1,1,731,1442],"offset":[0,0],"originalSize":[733,1444],"capInsets":[0,0,0,0]}},[{"__type__":"cc.Prefab","_name":"UIDerived46","data":{"__id__":1}},{"__type__":"cc.Node","_name":"UIDerived53","_children":[{"__type__":"cc.Node","_name":"bule_node","_parent":{"__id__":1},"_prefab":{"__type__":"cc.PrefabInfo","root":{"__id__":1},"asset":{"__uuid__":"4bgjSxHc9HgYFqrs6hHX/Z"},"fileId":"c2WXEX6BdOj5XE6lgw61Hf"},"_trs":{"__type__":"TypedArray","ctor":"Float64Array","array":[0,0,0,0,0,0,1,1,1,1]}},{"__type__":"cc.Node","_name":"greenwater_node","_parent":{"__id__":1},"_prefab":{"__type__":"cc.PrefabInfo","root":{"__id__":1},"asset":{"__uuid__":"4bgjSxHc9HgYFqrs6hHX/Z"},"fileId":"e18D3QAj1DHIHXBzRqCOYV"},"_trs":{"__type__":"TypedArray","ctor":"Float64Array","array":[0,0,0,0,0,0,1,1,1,1]}},{"__type__":"cc.Node","_name":"redwater_node","_parent":{"__id__":1},"_prefab":{"__type__":"cc.PrefabInfo","root":{"__id__":1},"asset":{"__uuid__":"4bgjSxHc9HgYFqrs6hHX/Z"},"fileId":"f2Iu5rzmFCY7SaDuyYN2bx"},"_trs":{"__type__":"TypedArray","ctor":"Float64Array","array":[0,0,0,0,0,0,1,1,1,1]}},{"__id__":2},{"__id__":3},{"__id__":4},{"__id__":5},{"__type__":"cc.Node","_name":"greenPos_node","_parent":{"__id__":1},"_prefab":{"__type__":"cc.PrefabInfo","root":{"__id__":1},"asset":{"__uuid__":"4bgjSxHc9HgYFqrs6hHX/Z"},"fileId":"90uXecyNhB0JK3gOsfMobP"},"_trs":{"__type__":"TypedArray","ctor":"Float64Array","array":[0,0,0,0,0,0,1,1,1,1]}},{"__type__":"cc.Node","_name":"player","_parent":{"__id__":1},"_prefab":{"__type__":"cc.PrefabInfo","root":{"__id__":1},"asset":{"__uuid__":"4bgjSxHc9HgYFqrs6hHX/Z"},"fileId":"030o3obkdAXIQ8KXdWKaui"},"_contentSize":{"__type__":"cc.Size","width":240,"height":140},"_trs":{"__type__":"TypedArray","ctor":"Float64Array","array":[236.487,-622.634,0,0,0,0,1,-0.7,0.7,1]}},{"__id__":6},{"__id__":8},{"__id__":10},{"__id__":12}],"_components":[{"__type__":"cc.Sprite","node":{"__id__":1},"_materials":[{"__uuid__":"ecpdLyjvZBwrvm+cedCcQy"}],"_spriteFrame":{"__uuid__":"15Cng4SLtG2om+y1kmG7Dk"}},{"__type__":"cc.RigidBody","node":{"__id__":1},"_type":0},{"__type__":"cc.PhysicsPolygonCollider","node":{"__id__":1},"_offset":{"__type__":"cc.Vec2","x":-312,"y":675},"points":[{"__type__":"cc.Vec2","x":-53,"y":-1397},{"__type__":"cc.Vec2","x":685,"y":-1410},{"__type__":"cc.Vec2","x":688.4,"y":34.9},{"__type__":"cc.Vec2","x":633.7,"y":-0.9},{"__type__":"cc.Vec2","x":628,"y":-585},{"__type__":"cc.Vec2","x":329.3,"y":-591},{"__type__":"cc.Vec2","x":331.4,"y":-377.6},{"__type__":"cc.Vec2","x":310.7,"y":-349.9},{"__type__":"cc.Vec2","x":182.8,"y":-405.8},{"__type__":"cc.Vec2","x":158,"y":-441},{"__type__":"cc.Vec2","x":159.1,"y":-778.3},{"__type__":"cc.Vec2","x":188.9,"y":-804.8},{"__type__":"cc.Vec2","x":631,"y":-807},{"__type__":"cc.Vec2","x":629.7,"y":-1349.7},{"__type__":"cc.Vec2","x":467.1,"y":-1351.8},{"__type__":"cc.Vec2","x":464,"y":-1058.1},{"__type__":"cc.Vec2","x":316,"y":-988.4},{"__type__":"cc.Vec2","x":293.3,"y":-1013.9},{"__type__":"cc.Vec2","x":287.5,"y":-1233.5},{"__type__":"cc.Vec2","x":-7.5,"y":-1236.9},{"__type__":"cc.Vec2","x":-5.7,"y":-97.5},{"__type__":"cc.Vec2","x":376.2,"y":-96.4},{"__type__":"cc.Vec2","x":400.1,"y":-69.4},{"__type__":"cc.Vec2","x":398.3,"y":2},{"__type__":"cc.Vec2","x":634.3,"y":1.7},{"__type__":"cc.Vec2","x":695.5,"y":46.7},{"__type__":"cc.Vec2","x":-50,"y":50}]},{"__type__":"1100eDGpRlLMYp5CrYQGpcQ","node":{"__id__":1}}],"_prefab":{"__type__":"cc.PrefabInfo","root":{"__id__":1},"asset":{"__uuid__":"4bgjSxHc9HgYFqrs6hHX/Z"},"fileId":"8e+6nxV6BBsI8GMCd72J7a"},"_contentSize":{"__type__":"cc.Size","width":731,"height":1442},"_trs":{"__type__":"TypedArray","ctor":"Float64Array","array":[0,0,0,0,0,0,1,1,1,1]}},{"__type__":"cc.Node","_name":"black_node","_parent":{"__id__":1},"_components":[{"__type__":"6c0e8KZwr5L34azTYX21stu","node":{"__id__":2}}],"_prefab":{"__type__":"cc.PrefabInfo","root":{"__id__":1},"asset":{"__uuid__":"4bgjSxHc9HgYFqrs6hHX/Z"},"fileId":"86OwYcnFBBSZ52+3BHsXHY"},"_trs":{"__type__":"TypedArray","ctor":"Float64Array","array":[0,0,0,0,0,0,1,1,1,1]}},{"__type__":"cc.Node","_name":"gray_node","_parent":{"__id__":1},"_components":[{"__type__":"3400dF2d2tHLK8+En9baGXY","node":{"__id__":3},"grey_prefab":{"__uuid__":"13FEeEL1NMaK5TFGpFQpJr"}}],"_prefab":{"__type__":"cc.PrefabInfo","root":{"__id__":1},"asset":{"__uuid__":"4bgjSxHc9HgYFqrs6hHX/Z"},"fileId":"b3bP0jDlFOIJWTORAu5QDS"},"_trs":{"__type__":"TypedArray","ctor":"Float64Array","array":[0,0,0,0,0,0,1,1,1,1]}},{"__type__":"cc.Node","_name":"bulePos_node","_parent":{"__id__":1},"_children":[{"__type__":"cc.Node","_name":"New Node","_parent":{"__id__":4},"_prefab":{"__type__":"cc.PrefabInfo","root":{"__id__":1},"asset":{"__uuid__":"4bgjSxHc9HgYFqrs6hHX/Z"},"fileId":"5dTfhyH79AxrG5zsg0SGm4"},"_trs":{"__type__":"TypedArray","ctor":"Float64Array","array":[102.457,579.245,0,0,0,0,1,1,1,1]}}],"_prefab":{"__type__":"cc.PrefabInfo","root":{"__id__":1},"asset":{"__uuid__":"4bgjSxHc9HgYFqrs6hHX/Z"},"fileId":"515aAN1dVKLotgVXey7uUT"},"_trs":{"__type__":"TypedArray","ctor":"Float64Array","array":[0,0,0,0,0,0,1,1,1,1]}},{"__type__":"cc.Node","_name":"redPos_node","_parent":{"__id__":1},"_children":[{"__type__":"cc.Node","_name":"New Node","_parent":{"__id__":5},"_prefab":{"__type__":"cc.PrefabInfo","root":{"__id__":1},"asset":{"__uuid__":"4bgjSxHc9HgYFqrs6hHX/Z"},"fileId":"a2f7tq6jFKk4quNcLhOPIz"},"_trs":{"__type__":"TypedArray","ctor":"Float64Array","array":[150.523,176.924,0,0,0,0,1,1,1,1]}},{"__type__":"cc.Node","_name":"New Node","_parent":{"__id__":5},"_prefab":{"__type__":"cc.PrefabInfo","root":{"__id__":1},"asset":{"__uuid__":"4bgjSxHc9HgYFqrs6hHX/Z"},"fileId":"633r66ylFH9KXTRMn7MkHA"},"_trs":{"__type__":"TypedArray","ctor":"Float64Array","array":[-194.357,-461.062,0,0,0,0,1,1,1,1]}}],"_prefab":{"__type__":"cc.PrefabInfo","root":{"__id__":1},"asset":{"__uuid__":"4bgjSxHc9HgYFqrs6hHX/Z"},"fileId":"77JAuNjRhBaol13Uye6cU2"},"_trs":{"__type__":"TypedArray","ctor":"Float64Array","array":[0,0,0,0,0,0,1,1,1,1]}},{"__type__":"cc.Node","_name":"zhenNode","_parent":{"__id__":1},"_children":[{"__id__":7}],"_prefab":{"__type__":"cc.PrefabInfo","root":{"__id__":1},"asset":{"__uuid__":"4bgjSxHc9HgYFqrs6hHX/Z"},"fileId":"961tBakZJLsJ5SarfhnHRd"},"_trs":{"__type__":"TypedArray","ctor":"Float64Array","array":[31.21,353.509,0,0,0,0.2198547174893457,0.975532625388654,1,1,1]},"_eulerAngles":{"__type__":"cc.Vec3","z":25.401},"_groupIndex":8,"groupIndex":8},{"__type__":"cc.Node","_name":"zhen","_parent":{"__id__":6},"_components":[{"__type__":"cc.Sprite","node":{"__id__":7},"_materials":[{"__uuid__":"ecpdLyjvZBwrvm+cedCcQy"}],"_spriteFrame":{"__uuid__":"81u1O4l2lM2IGXbUA/0aw7"},"_type":1,"_sizeMode":0},{"__type__":"cc.RigidBody","node":{"__id__":7},"_type":3,"_allowSleep":false,"_gravityScale":0,"_fixedRotation":true,"enabledContactListener":true,"bullet":true},{"__type__":"cc.PhysicsPolygonCollider","node":{"__id__":7},"tag":222,"_offset":{"__type__":"cc.Vec2","x":539,"y":-2},"points":[{"__type__":"cc.Vec2","x":-48.9,"y":-66.3},{"__type__":"cc.Vec2","x":62.5,"y":-66.3},{"__type__":"cc.Vec2","x":63,"y":67.4},{"__type__":"cc.Vec2","x":-48.4,"y":69},{"__type__":"cc.Vec2","x":-52.2,"y":41.4},{"__type__":"cc.Vec2","x":-1135,"y":43},{"__type__":"cc.Vec2","x":-1132,"y":-34},{"__type__":"cc.Vec2","x":-49.2,"y":-34.3}]},{"__type__":"72555Q9muRD1505Zi2fOOxm","node":{"__id__":7},"linevelocityX":500}],"_prefab":{"__type__":"cc.PrefabInfo","root":{"__id__":1},"asset":{"__uuid__":"4bgjSxHc9HgYFqrs6hHX/Z"},"fileId":"28vu7lCcBKjpoSSSazq+A6"},"_contentSize":{"__type__":"cc.Size","width":1193,"height":111},"_trs":{"__type__":"TypedArray","ctor":"Float64Array","array":[0,0,0,0,0,0,1,0.8,0.8,0.8]},"_groupIndex":8,"groupIndex":8},{"__type__":"cc.Node","_name":"zhenNode","_parent":{"__id__":1},"_children":[{"__id__":9}],"_prefab":{"__type__":"cc.PrefabInfo","root":{"__id__":1},"asset":{"__uuid__":"4bgjSxHc9HgYFqrs6hHX/Z"},"fileId":"96HMF8XKtLH6xBbuMEN9pK"},"_trs":{"__type__":"TypedArray","ctor":"Float64Array","array":[-199.773,515.086,0,0,0,0.869628521821108,0.4937066274977831,1,1,1]},"_eulerAngles":{"__type__":"cc.Vec3","z":120.831},"_groupIndex":8,"groupIndex":8},{"__type__":"cc.Node","_name":"zhen","_parent":{"__id__":8},"_components":[{"__type__":"cc.Sprite","node":{"__id__":9},"_materials":[{"__uuid__":"ecpdLyjvZBwrvm+cedCcQy"}],"_spriteFrame":{"__uuid__":"81u1O4l2lM2IGXbUA/0aw7"},"_type":1},{"__type__":"cc.RigidBody","node":{"__id__":9},"_type":3,"_allowSleep":false,"_gravityScale":0,"_fixedRotation":true,"enabledContactListener":true,"bullet":true},{"__type__":"cc.PhysicsPolygonCollider","node":{"__id__":9},"tag":222,"_offset":{"__type__":"cc.Vec2","x":241,"y":-1},"points":[{"__type__":"cc.Vec2","x":-48.9,"y":-66.3},{"__type__":"cc.Vec2","x":62.5,"y":-66.3},{"__type__":"cc.Vec2","x":63,"y":67.4},{"__type__":"cc.Vec2","x":-48.4,"y":69},{"__type__":"cc.Vec2","x":-52.2,"y":41.4},{"__type__":"cc.Vec2","x":-533.6,"y":43.1},{"__type__":"cc.Vec2","x":-532.1,"y":-35.8},{"__type__":"cc.Vec2","x":-49.2,"y":-34.3}]},{"__type__":"72555Q9muRD1505Zi2fOOxm","node":{"__id__":9},"linevelocityX":500}],"_prefab":{"__type__":"cc.PrefabInfo","root":{"__id__":1},"asset":{"__uuid__":"4bgjSxHc9HgYFqrs6hHX/Z"},"fileId":"29jyzlV7lG17LezAK77r0K"},"_contentSize":{"__type__":"cc.Size","width":587,"height":111},"_trs":{"__type__":"TypedArray","ctor":"Float64Array","array":[0,0,0,0,0,0,1,0.8,0.8,0.8]},"_groupIndex":8,"groupIndex":8},{"__type__":"cc.Node","_name":"zhenNode","_parent":{"__id__":1},"_children":[{"__id__":11}],"_prefab":{"__type__":"cc.PrefabInfo","root":{"__id__":1},"asset":{"__uuid__":"4bgjSxHc9HgYFqrs6hHX/Z"},"fileId":"c2nxXVxThA4aFAe4r6hI04"},"_trs":{"__type__":"TypedArray","ctor":"Float64Array","array":[98.126,-127.603,0,0,0,0.5056649021365333,0.8627299732519151,1,1,1]},"_eulerAngles":{"__type__":"cc.Vec3","z":60.751},"_groupIndex":8,"groupIndex":8},{"__type__":"cc.Node","_name":"zhen","_parent":{"__id__":10},"_components":[{"__type__":"cc.Sprite","node":{"__id__":11},"_materials":[{"__uuid__":"ecpdLyjvZBwrvm+cedCcQy"}],"_spriteFrame":{"__uuid__":"81u1O4l2lM2IGXbUA/0aw7"},"_type":1,"_sizeMode":0},{"__type__":"cc.RigidBody","node":{"__id__":11},"_type":3,"_allowSleep":false,"_gravityScale":0,"_fixedRotation":true,"enabledContactListener":true,"bullet":true},{"__type__":"cc.PhysicsPolygonCollider","node":{"__id__":11},"tag":222,"_offset":{"__type__":"cc.Vec2","x":179,"y":-2.3},"points":[{"__type__":"cc.Vec2","x":-48.9,"y":-60.9},{"__type__":"cc.Vec2","x":64.4,"y":-61.4},{"__type__":"cc.Vec2","x":61.3,"y":58},{"__type__":"cc.Vec2","x":-48.4,"y":69},{"__type__":"cc.Vec2","x":-52.2,"y":41.4},{"__type__":"cc.Vec2","x":-411.9,"y":35.6},{"__type__":"cc.Vec2","x":-412.2,"y":-33.8},{"__type__":"cc.Vec2","x":-49.2,"y":-34.3}]},{"__type__":"72555Q9muRD1505Zi2fOOxm","node":{"__id__":11},"linevelocityX":500}],"_prefab":{"__type__":"cc.PrefabInfo","root":{"__id__":1},"asset":{"__uuid__":"4bgjSxHc9HgYFqrs6hHX/Z"},"fileId":"c6BqJBluRAMrRM7wTbpn82"},"_contentSize":{"__type__":"cc.Size","width":467,"height":111},"_trs":{"__type__":"TypedArray","ctor":"Float64Array","array":[0,0,0,0,0,0,1,0.8,0.8,0.8]},"_groupIndex":8,"groupIndex":8},{"__type__":"cc.Node","_name":"zhenNode","_parent":{"__id__":1},"_children":[{"__id__":13}],"_prefab":{"__type__":"cc.PrefabInfo","root":{"__id__":1},"asset":{"__uuid__":"4bgjSxHc9HgYFqrs6hHX/Z"},"fileId":"5fTr2t5J1GC4pJI+6i+gR+"},"_trs":{"__type__":"TypedArray","ctor":"Float64Array","array":[-24.36,-288.613,0,0,0,0.9745033818640114,0.22437281193496827,1,1,1]},"_eulerAngles":{"__type__":"cc.Vec3","z":154.068},"_groupIndex":8,"groupIndex":8},{"__type__":"cc.Node","_name":"zhen","_parent":{"__id__":12},"_components":[{"__type__":"cc.Sprite","node":{"__id__":13},"_materials":[{"__uuid__":"ecpdLyjvZBwrvm+cedCcQy"}],"_spriteFrame":{"__uuid__":"81u1O4l2lM2IGXbUA/0aw7"},"_type":1,"_sizeMode":0},{"__type__":"cc.RigidBody","node":{"__id__":13},"_type":3,"_allowSleep":false,"_gravityScale":0,"_fixedRotation":true,"enabledContactListener":true,"bullet":true},{"__type__":"cc.PhysicsPolygonCollider","node":{"__id__":13},"tag":222,"_offset":{"__type__":"cc.Vec2","x":539,"y":-2},"points":[{"__type__":"cc.Vec2","x":-48.9,"y":-66.3},{"__type__":"cc.Vec2","x":62.5,"y":-66.3},{"__type__":"cc.Vec2","x":63,"y":67.4},{"__type__":"cc.Vec2","x":-48.4,"y":69},{"__type__":"cc.Vec2","x":-52.2,"y":41.4},{"__type__":"cc.Vec2","x":-1135,"y":43},{"__type__":"cc.Vec2","x":-1132,"y":-34},{"__type__":"cc.Vec2","x":-49.2,"y":-34.3}]},{"__type__":"72555Q9muRD1505Zi2fOOxm","node":{"__id__":13},"linevelocityX":500}],"_prefab":{"__type__":"cc.PrefabInfo","root":{"__id__":1},"asset":{"__uuid__":"4bgjSxHc9HgYFqrs6hHX/Z"},"fileId":"eeTApcCIVCWrFdoeAP6jhT"},"_contentSize":{"__type__":"cc.Size","width":1193,"height":111},"_trs":{"__type__":"TypedArray","ctor":"Float64Array","array":[0,0,0,0,0,0,1,0.8,0.8,0.8]},"_groupIndex":8,"groupIndex":8}]]