[{"__type__":"cc.SpriteFrame","content":{"name":"guanqia33","texture":"1fwJTEWvxEnphI2Lc9x83t","rect":[0,1,1003,1497],"offset":[-1.5,0],"originalSize":[1006,1499],"capInsets":[0,0,0,0]}},[{"__type__":"cc.Prefab","_name":"UIDerived77","data":{"__id__":1}},{"__type__":"cc.Node","_name":"UIDerived38","_children":[{"__type__":"cc.Node","_name":"player","_parent":{"__id__":1},"_prefab":{"__type__":"cc.PrefabInfo","root":{"__id__":1},"asset":{"__uuid__":"7fi2RxfI1PUKxjNJevWvck"},"fileId":"3eRAbSisxPY6ephBeo+AWs"},"_contentSize":{"__type__":"cc.Size","width":240,"height":140},"_trs":{"__type__":"TypedArray","ctor":"Float64Array","array":[-249.417,-616.147,0,0,0,0,1,0.7,0.7,0.7]}},{"__type__":"cc.Node","_name":"greenPos_node","_parent":{"__id__":1},"_prefab":{"__type__":"cc.PrefabInfo","root":{"__id__":1},"asset":{"__uuid__":"7fi2RxfI1PUKxjNJevWvck"},"fileId":"6fYhQkmjdE/6tL1hVACMw7"},"_trs":{"__type__":"TypedArray","ctor":"Float64Array","array":[0,0,0,0,0,0,1,1,1,1]}},{"__id__":2},{"__id__":3},{"__id__":4},{"__id__":5},{"__type__":"cc.Node","_name":"redwater_node","_parent":{"__id__":1},"_prefab":{"__type__":"cc.PrefabInfo","root":{"__id__":1},"asset":{"__uuid__":"7fi2RxfI1PUKxjNJevWvck"},"fileId":"02ypwvsONJS4xMvBHku61M"},"_trs":{"__type__":"TypedArray","ctor":"Float64Array","array":[0,0,0,0,0,0,1,1,1,1]}},{"__type__":"cc.Node","_name":"greenwater_node","_parent":{"__id__":1},"_prefab":{"__type__":"cc.PrefabInfo","root":{"__id__":1},"asset":{"__uuid__":"7fi2RxfI1PUKxjNJevWvck"},"fileId":"a2mkDE/MFLq5LpxPYrrdJ1"},"_trs":{"__type__":"TypedArray","ctor":"Float64Array","array":[0,0,0,0,0,0,1,1,1,1]}},{"__type__":"cc.Node","_name":"bule_node","_parent":{"__id__":1},"_prefab":{"__type__":"cc.PrefabInfo","root":{"__id__":1},"asset":{"__uuid__":"7fi2RxfI1PUKxjNJevWvck"},"fileId":"9eevpmcoNKuquBkuzWYxQ1"},"_trs":{"__type__":"TypedArray","ctor":"Float64Array","array":[0,0,0,0,0,0,1,1,1,1]}},{"__id__":6},{"__id__":8},{"__id__":10}],"_components":[{"__type__":"cc.Sprite","node":{"__id__":1},"_materials":[{"__uuid__":"ecpdLyjvZBwrvm+cedCcQy"}],"_spriteFrame":{"__uuid__":"4aEoQD9vtNVbxLZuy3CXbb"}},{"__type__":"1100eDGpRlLMYp5CrYQGpcQ","node":{"__id__":1}},{"__type__":"cc.RigidBody","node":{"__id__":1},"_type":0},{"__type__":"cc.PhysicsPolygonCollider","node":{"__id__":1},"_offset":{"__type__":"cc.Vec2","x":-214,"y":697},"points":[{"__type__":"cc.Vec2","x":-17.1,"y":-131.6},{"__type__":"cc.Vec2","x":174.3,"y":-180.6},{"__type__":"cc.Vec2","x":174.2,"y":-205.9},{"__type__":"cc.Vec2","y":-204.5},{"__type__":"cc.Vec2","x":-15.9,"y":-216.9},{"__type__":"cc.Vec2","x":-17.7,"y":-273.6},{"__type__":"cc.Vec2","x":-5,"y":-306},{"__type__":"cc.Vec2","x":169,"y":-356.4},{"__type__":"cc.Vec2","x":169.4,"y":-394.1},{"__type__":"cc.Vec2","x":117.2,"y":-441},{"__type__":"cc.Vec2","x":68.1,"y":-519.3},{"__type__":"cc.Vec2","x":-115,"y":-556.4},{"__type__":"cc.Vec2","x":-180.4,"y":-625.5},{"__type__":"cc.Vec2","x":-199.1,"y":-696.7},{"__type__":"cc.Vec2","x":-199.4,"y":-923.1},{"__type__":"cc.Vec2","x":-289.5,"y":-933.8},{"__type__":"cc.Vec2","x":-289,"y":-960.5},{"__type__":"cc.Vec2","x":-187.6,"y":-947.6},{"__type__":"cc.Vec2","x":-172.2,"y":-932},{"__type__":"cc.Vec2","x":-177.8,"y":-810.6},{"__type__":"cc.Vec2","x":-174.6,"y":-711.1},{"__type__":"cc.Vec2","x":-159,"y":-641},{"__type__":"cc.Vec2","x":-109,"y":-578},{"__type__":"cc.Vec2","x":113,"y":-540},{"__type__":"cc.Vec2","x":152.3,"y":-442.1},{"__type__":"cc.Vec2","x":197.2,"y":-406.7},{"__type__":"cc.Vec2","x":199.2,"y":-370.3},{"__type__":"cc.Vec2","x":191,"y":-334.4},{"__type__":"cc.Vec2","x":9.6,"y":-283.6},{"__type__":"cc.Vec2","x":8,"y":-230.4},{"__type__":"cc.Vec2","x":195.2,"y":-232.5},{"__type__":"cc.Vec2","x":199.8,"y":-204},{"__type__":"cc.Vec2","x":193.6,"y":-160.8},{"__type__":"cc.Vec2","x":11,"y":-103.6},{"__type__":"cc.Vec2","x":9.2,"y":9.2},{"__type__":"cc.Vec2","x":494,"y":10.4},{"__type__":"cc.Vec2","x":491,"y":-104.6},{"__type__":"cc.Vec2","x":316.4,"y":-159.3},{"__type__":"cc.Vec2","x":301.6,"y":-181},{"__type__":"cc.Vec2","x":304.7,"y":-220.4},{"__type__":"cc.Vec2","x":321,"y":-235.2},{"__type__":"cc.Vec2","x":486.5,"y":-230.1},{"__type__":"cc.Vec2","x":493.6,"y":-286.2},{"__type__":"cc.Vec2","x":306.5,"y":-338.3},{"__type__":"cc.Vec2","x":306.9,"y":-399.5},{"__type__":"cc.Vec2","x":365.8,"y":-477},{"__type__":"cc.Vec2","x":393.3,"y":-545.6},{"__type__":"cc.Vec2","x":483,"y":-570.4},{"__type__":"cc.Vec2","x":569.7,"y":-632.6},{"__type__":"cc.Vec2","x":624.4,"y":-691.6},{"__type__":"cc.Vec2","x":674.1,"y":-794.1},{"__type__":"cc.Vec2","x":671.9,"y":-825.5},{"__type__":"cc.Vec2","x":630.5,"y":-859.1},{"__type__":"cc.Vec2","x":537,"y":-893},{"__type__":"cc.Vec2","x":-67,"y":-1000},{"__type__":"cc.Vec2","x":-63,"y":-1127},{"__type__":"cc.Vec2","x":98.9,"y":-1215.9},{"__type__":"cc.Vec2","x":117,"y":-1243},{"__type__":"cc.Vec2","x":123,"y":-1294},{"__type__":"cc.Vec2","x":100,"y":-1348},{"__type__":"cc.Vec2","x":72,"y":-1384},{"__type__":"cc.Vec2","x":5,"y":-1404},{"__type__":"cc.Vec2","x":-72.5,"y":-1404.7},{"__type__":"cc.Vec2","x":-131.7,"y":-1389.5},{"__type__":"cc.Vec2","x":-168,"y":-1347},{"__type__":"cc.Vec2","x":-178.4,"y":-1291.4},{"__type__":"cc.Vec2","x":-175.6,"y":-1098.9},{"__type__":"cc.Vec2","x":-289.7,"y":-1114.5},{"__type__":"cc.Vec2","x":-297,"y":-1447},{"__type__":"cc.Vec2","x":715,"y":-1455},{"__type__":"cc.Vec2","x":722,"y":-797},{"__type__":"cc.Vec2","x":552.2,"y":-139.1},{"__type__":"cc.Vec2","x":539.9,"y":49.5},{"__type__":"cc.Vec2","x":-23.8,"y":50.6}]},{"__type__":"cc.PhysicsPolygonCollider","node":{"__id__":1},"points":[{"__type__":"cc.Vec2","x":335.2,"y":-50.1},{"__type__":"cc.Vec2","x":166.1,"y":33.2},{"__type__":"cc.Vec2","x":59.7,"y":56},{"__type__":"cc.Vec2","x":-50,"y":50},{"__type__":"cc.Vec2","x":-228.3,"y":16.1},{"__type__":"cc.Vec2","x":-273.4,"y":-24.6},{"__type__":"cc.Vec2","x":-278.9,"y":-85.4},{"__type__":"cc.Vec2","x":-275.1,"y":-187.6},{"__type__":"cc.Vec2","x":32.2,"y":-150.9},{"__type__":"cc.Vec2","x":353.2,"y":-67.6}]}],"_prefab":{"__type__":"cc.PrefabInfo","root":{"__id__":1},"asset":{"__uuid__":"7fi2RxfI1PUKxjNJevWvck"},"fileId":"47/OIO339Mga8UZQIaIQ2/"},"_contentSize":{"__type__":"cc.Size","width":1005,"height":1497},"_trs":{"__type__":"TypedArray","ctor":"Float64Array","array":[-52.185,-35.164,0,0,0,0,1,1,1,1]}},{"__type__":"cc.Node","_name":"redPos_node","_parent":{"__id__":1},"_children":[{"__type__":"cc.Node","_name":"New Node","_parent":{"__id__":2},"_prefab":{"__type__":"cc.PrefabInfo","root":{"__id__":1},"asset":{"__uuid__":"7fi2RxfI1PUKxjNJevWvck"},"fileId":"f7st1Xjl5MiKD2CJCO6CyL"},"_trs":{"__type__":"TypedArray","ctor":"Float64Array","array":[21.22,403.181,0,0,0,0,1,1,1,1]}}],"_prefab":{"__type__":"cc.PrefabInfo","root":{"__id__":1},"asset":{"__uuid__":"7fi2RxfI1PUKxjNJevWvck"},"fileId":"49oMeyzPhPVIDzWXSBFTPt"},"_trs":{"__type__":"TypedArray","ctor":"Float64Array","array":[0,0,0,0,0,0,1,1,1,1]}},{"__type__":"cc.Node","_name":"bulePos_node","_parent":{"__id__":1},"_children":[{"__type__":"cc.Node","_name":"New Node","_parent":{"__id__":3},"_prefab":{"__type__":"cc.PrefabInfo","root":{"__id__":1},"asset":{"__uuid__":"7fi2RxfI1PUKxjNJevWvck"},"fileId":"deAodE0RpD/ZxXcZ/2tlvO"},"_trs":{"__type__":"TypedArray","ctor":"Float64Array","array":[26.556,618.162,0,0,0,0,1,1,1,1]}}],"_prefab":{"__type__":"cc.PrefabInfo","root":{"__id__":1},"asset":{"__uuid__":"7fi2RxfI1PUKxjNJevWvck"},"fileId":"82hHIHnqBMAKJiPwxscFvn"},"_trs":{"__type__":"TypedArray","ctor":"Float64Array","array":[0,0,0,0,0,0,1,1,1,1]}},{"__type__":"cc.Node","_name":"gray_node","_parent":{"__id__":1},"_components":[{"__type__":"3400dF2d2tHLK8+En9baGXY","node":{"__id__":4},"grey_prefab":{"__uuid__":"13FEeEL1NMaK5TFGpFQpJr"}}],"_prefab":{"__type__":"cc.PrefabInfo","root":{"__id__":1},"asset":{"__uuid__":"7fi2RxfI1PUKxjNJevWvck"},"fileId":"1cRVR2RMlJnpH9eYXelR25"},"_trs":{"__type__":"TypedArray","ctor":"Float64Array","array":[0,0,0,0,0,0,1,1,1,1]}},{"__type__":"cc.Node","_name":"black_node","_parent":{"__id__":1},"_components":[{"__type__":"6c0e8KZwr5L34azTYX21stu","node":{"__id__":5}}],"_prefab":{"__type__":"cc.PrefabInfo","root":{"__id__":1},"asset":{"__uuid__":"7fi2RxfI1PUKxjNJevWvck"},"fileId":"e8eOx9oS9Cl7qLL1C70nj7"},"_trs":{"__type__":"TypedArray","ctor":"Float64Array","array":[0,0,0,0,0,0,1,1,1,1]}},{"__type__":"cc.Node","_name":"zhenNode","_parent":{"__id__":1},"_children":[{"__id__":7}],"_prefab":{"__type__":"cc.PrefabInfo","root":{"__id__":1},"asset":{"__uuid__":"7fi2RxfI1PUKxjNJevWvck"},"fileId":"652gTVaVBEIIanh5BQEacy"},"_trs":{"__type__":"TypedArray","ctor":"Float64Array","array":[51.984,506.249,0,0,0,0,1,1,1,1]},"_groupIndex":8,"groupIndex":8},{"__type__":"cc.Node","_name":"zhen","_parent":{"__id__":6},"_components":[{"__type__":"cc.Sprite","node":{"__id__":7},"_materials":[{"__uuid__":"ecpdLyjvZBwrvm+cedCcQy"}],"_spriteFrame":{"__uuid__":"81u1O4l2lM2IGXbUA/0aw7"},"_type":1},{"__type__":"cc.RigidBody","node":{"__id__":7},"_type":3,"_allowSleep":false,"_gravityScale":0,"_fixedRotation":true,"enabledContactListener":true,"bullet":true},{"__type__":"cc.PhysicsPolygonCollider","node":{"__id__":7},"tag":222,"points":[{"__type__":"cc.Vec2","x":227.5,"y":55.5},{"__type__":"cc.Vec2","x":214.5,"y":51.5},{"__type__":"cc.Vec2","x":206.5,"y":45.5},{"__type__":"cc.Vec2","x":192,"y":33.4},{"__type__":"cc.Vec2","x":188.8,"y":24.1},{"__type__":"cc.Vec2","x":187.4,"y":34.4},{"__type__":"cc.Vec2","x":-285.2,"y":37.1},{"__type__":"cc.Vec2","x":-292.8,"y":-0.5},{"__type__":"cc.Vec2","x":-281.9,"y":-14.7},{"__type__":"cc.Vec2","x":184.9,"y":-17.2},{"__type__":"cc.Vec2","x":193.4,"y":-34.3},{"__type__":"cc.Vec2","x":209.9,"y":-47.8},{"__type__":"cc.Vec2","x":238.1,"y":-54.9},{"__type__":"cc.Vec2","x":261.8,"y":-50.5},{"__type__":"cc.Vec2","x":285.2,"y":-28.5},{"__type__":"cc.Vec2","x":291.1,"y":-15.6},{"__type__":"cc.Vec2","x":292.7,"y":0.3},{"__type__":"cc.Vec2","x":288.9,"y":22},{"__type__":"cc.Vec2","x":265.3,"y":49.4}]},{"__type__":"72555Q9muRD1505Zi2fOOxm","node":{"__id__":7},"linevelocityX":500}],"_prefab":{"__type__":"cc.PrefabInfo","root":{"__id__":1},"asset":{"__uuid__":"7fi2RxfI1PUKxjNJevWvck"},"fileId":"0aCbl7/3pBw4hBhRZPLRj6"},"_contentSize":{"__type__":"cc.Size","width":587,"height":111},"_trs":{"__type__":"TypedArray","ctor":"Float64Array","array":[0,0,0,0,0,0,1,0.8,0.8,0.8]},"_groupIndex":8,"groupIndex":8},{"__type__":"cc.Node","_name":"zhenNode","_parent":{"__id__":1},"_children":[{"__id__":9}],"_prefab":{"__type__":"cc.PrefabInfo","root":{"__id__":1},"asset":{"__uuid__":"7fi2RxfI1PUKxjNJevWvck"},"fileId":"33KCOWcLVNAa93I2UI9KGU"},"_trs":{"__type__":"TypedArray","ctor":"Float64Array","array":[89.984,315.249,0,0,0,0,1,1,1,1]},"_groupIndex":8,"groupIndex":8},{"__type__":"cc.Node","_name":"zhen","_parent":{"__id__":8},"_components":[{"__type__":"cc.Sprite","node":{"__id__":9},"_materials":[{"__uuid__":"ecpdLyjvZBwrvm+cedCcQy"}],"_spriteFrame":{"__uuid__":"81u1O4l2lM2IGXbUA/0aw7"},"_type":1},{"__type__":"cc.RigidBody","node":{"__id__":9},"_type":3,"_allowSleep":false,"_gravityScale":0,"_fixedRotation":true,"enabledContactListener":true,"bullet":true},{"__type__":"cc.PhysicsPolygonCollider","node":{"__id__":9},"tag":222,"points":[{"__type__":"cc.Vec2","x":227.5,"y":55.5},{"__type__":"cc.Vec2","x":214.5,"y":51.5},{"__type__":"cc.Vec2","x":206.5,"y":45.5},{"__type__":"cc.Vec2","x":192,"y":33.4},{"__type__":"cc.Vec2","x":188.8,"y":24.1},{"__type__":"cc.Vec2","x":185.8,"y":30.6},{"__type__":"cc.Vec2","x":-285,"y":30.6},{"__type__":"cc.Vec2","x":-292.8,"y":-0.5},{"__type__":"cc.Vec2","x":-281.9,"y":-14.7},{"__type__":"cc.Vec2","x":184.9,"y":-17.2},{"__type__":"cc.Vec2","x":193.4,"y":-34.3},{"__type__":"cc.Vec2","x":209.9,"y":-47.8},{"__type__":"cc.Vec2","x":238.1,"y":-54.9},{"__type__":"cc.Vec2","x":261.8,"y":-50.5},{"__type__":"cc.Vec2","x":285.2,"y":-28.5},{"__type__":"cc.Vec2","x":291.1,"y":-15.6},{"__type__":"cc.Vec2","x":292.7,"y":0.3},{"__type__":"cc.Vec2","x":288.9,"y":22},{"__type__":"cc.Vec2","x":265.3,"y":49.4}]},{"__type__":"72555Q9muRD1505Zi2fOOxm","node":{"__id__":9},"linevelocityX":500}],"_prefab":{"__type__":"cc.PrefabInfo","root":{"__id__":1},"asset":{"__uuid__":"7fi2RxfI1PUKxjNJevWvck"},"fileId":"32KIRMUkxNiph6lqsMr2HX"},"_contentSize":{"__type__":"cc.Size","width":587,"height":111},"_trs":{"__type__":"TypedArray","ctor":"Float64Array","array":[0,0,0,0,0,0,1,0.8,0.8,0.8]},"_groupIndex":8,"groupIndex":8},{"__type__":"cc.Node","_name":"rotationStage","_parent":{"__id__":1},"_components":[{"__type__":"cc.Sprite","node":{"__id__":10},"_materials":[{"__uuid__":"ecpdLyjvZBwrvm+cedCcQy"}],"_spriteFrame":{"__uuid__":"7cQ9AZ2ihAL7w7j2iXN4dt"}},{"__type__":"ae444naYU1I/IZzwhFmo0bP","node":{"__id__":10}},{"__type__":"cc.RigidBody","node":{"__id__":10},"_type":0},{"__type__":"cc.PhysicsBoxCollider","node":{"__id__":10},"_offset":{"__type__":"cc.Vec2","y":2.6},"_size":{"__type__":"cc.Size","width":555,"height":86.5}},{"__type__":"cc.PhysicsBoxCollider","node":{"__id__":10},"_offset":{"__type__":"cc.Vec2","x":1.8},"_size":{"__type__":"cc.Size","width":95.4,"height":555}}],"_prefab":{"__type__":"cc.PrefabInfo","root":{"__id__":1},"asset":{"__uuid__":"7fi2RxfI1PUKxjNJevWvck"},"fileId":"78AK2FWGBD1ZcYODTcYDzQ"},"_contentSize":{"__type__":"cc.Size","width":555,"height":555},"_trs":{"__type__":"TypedArray","ctor":"Float64Array","array":[39,159,0,0,0,0,1,0.5,0.5,1]}}]]