{"__type__":"sp.SkeletonData","_name":"slzsdh","_skeletonJson":{"skeleton":{"hash":"Fsi6L44/wlE+vWXB6a/p716LCXk","spine":"3.7.94","width":3239.86,"height":1213.36,"images":"./images/","audio":"/Users/zhongzhihao/Documents/深圳市优智信息有限公司/临时处理文件/项目/救救小金鱼/spine/水流装饰动画/images"},"bones":[{"name":"root"},{"name":"s","parent":"root"},{"name":"s1","parent":"s"},{"name":"s2","parent":"s","x":1080.16},{"name":"s3","parent":"s","x":-1079.7},{"name":"s4","parent":"root","x":330.34,"y":2.67},{"name":"s6","parent":"s3","x":1.64,"y":-886.2},{"name":"s7","parent":"s1","x":-4.32,"y":-897.42},{"name":"s8","parent":"s2","x":2.71,"y":-896.45},{"name":"s5","parent":"root","x":-371.34,"y":2.67,"scaleX":-1}],"slots":[{"name":"s","bone":"s1","attachment":"s"},{"name":"s2","bone":"s2","attachment":"s"},{"name":"s3","bone":"s3","attachment":"s"},{"name":"sh","bone":"s4","attachment":"sh"},{"name":"sh2","bone":"s5","attachment":"sh"}],"skins":{"default":{"s":{"s":{"type":"mesh","uvs":[1,0.90961,1,1,0,1,0,0.90402,0,0,1,0],"triangles":[2,0,1,2,3,0,3,5,0,3,4,5],"vertices":[1,2,540,-74.55,1,1,7,544.32,-5.26,1,1,7,-535.68,-5.26,1,1,2,-540,-73.53,1,1,2,-540,91,1,1,2,540,91,1],"hull":6,"edges":[2,4,8,10,4,6,6,8,2,0,0,10,6,0],"width":1080,"height":182}},"s2":{"s":{"type":"mesh","uvs":[1,0.89514,1,1,0,1,0,0.8718,0,0,1,0],"triangles":[2,0,1,2,3,0,3,5,0,3,4,5],"vertices":[1,3,540,-71.92,1,1,8,537.29,-6.22,1,1,8,-542.71,-6.22,1,1,3,-540,-67.67,1,1,3,-540,91,1,1,3,540,91,1],"hull":6,"edges":[2,4,8,10,4,6,6,8,2,0,0,10,6,0],"width":1080,"height":182}},"s3":{"s":{"type":"mesh","uvs":[1,0.90682,1,1,0,1,0,0.90086,0,0,1,0],"triangles":[2,0,1,2,3,0,3,5,0,3,4,5],"vertices":[1,4,540,-74.04,1,1,6,538.36,-16.47,1,1,6,-541.64,-16.47,1,1,4,-540,-72.96,1,1,4,-540,91,1,1,4,540,91,1],"hull":6,"edges":[2,4,8,10,4,6,6,8,2,0,0,10,6,0],"width":1080,"height":182}},"sh":{"sh":{"x":-93.74,"y":131.51,"width":633,"height":353}},"sh2":{"sh":{"x":-93.74,"y":131.51,"width":633,"height":353}}}},"animations":{"k":{"slots":{"sh":{"color":[{"time":0,"color":"ffffff00"},{"time":0.1,"color":"ffffffff","curve":"stepped"},{"time":0.2667,"color":"ffffffff"},{"time":0.3333,"color":"ffffff00"}]},"sh2":{"color":[{"time":0,"color":"ffffff00","curve":"stepped"},{"time":0.3333,"color":"ffffff00"},{"time":0.4333,"color":"ffffffff","curve":"stepped"},{"time":0.6,"color":"ffffffff"},{"time":0.6667,"color":"ffffff00"}]}},"bones":{"s":{"translate":[{"time":0,"x":-1079.7,"y":0},{"time":1.6667,"x":1080.2,"y":0}]},"s4":{"translate":[{"time":0,"x":0,"y":0},{"time":0.3333,"x":0,"y":58.33}],"scale":[{"time":0,"x":0.384,"y":0.384},{"time":0.3333,"x":1.358,"y":1.358}],"shear":[{"time":0,"x":0,"y":0},{"time":0.3333,"x":0,"y":-31.41}]},"s5":{"translate":[{"time":0,"x":0,"y":0,"curve":"stepped"},{"time":0.3333,"x":0,"y":0},{"time":0.6667,"x":0,"y":58.33}],"scale":[{"time":0,"x":0.384,"y":0.384,"curve":"stepped"},{"time":0.3333,"x":0.384,"y":0.384},{"time":0.6667,"x":1.358,"y":1.358}],"shear":[{"time":0,"x":0,"y":0,"curve":"stepped"},{"time":0.3333,"x":0,"y":0},{"time":0.6667,"x":0,"y":-31.41}]}}},"m":{"slots":{"sh":{"color":[{"time":0,"color":"ffffff00"},{"time":0.1,"color":"ffffffff","curve":"stepped"},{"time":0.2667,"color":"ffffffff"},{"time":0.3333,"color":"ffffff00"},{"time":1.5,"color":"ffffff00"},{"time":1.6,"color":"ffffffff","curve":"stepped"},{"time":1.7667,"color":"ffffffff"},{"time":1.8333,"color":"ffffff00"}]},"sh2":{"color":[{"time":0,"color":"ffffff00","curve":"stepped"},{"time":0.3333,"color":"ffffff00"},{"time":0.4333,"color":"ffffffff","curve":"stepped"},{"time":0.6,"color":"ffffffff"},{"time":0.6667,"color":"ffffff00"}]}},"bones":{"s":{"translate":[{"time":0,"x":-1079.7,"y":0},{"time":2.6667,"x":1080.2,"y":0}]},"s4":{"translate":[{"time":0,"x":0,"y":0},{"time":0.3333,"x":0,"y":58.33},{"time":1.5,"x":0,"y":0},{"time":1.8333,"x":0,"y":58.33}],"scale":[{"time":0,"x":0.384,"y":0.384},{"time":0.3333,"x":1,"y":1},{"time":1.5,"x":0.384,"y":0.384},{"time":1.8333,"x":1,"y":1}],"shear":[{"time":0,"x":0,"y":0},{"time":0.3333,"x":0,"y":-31.41},{"time":1.5,"x":0,"y":0},{"time":1.8333,"x":0,"y":-31.41}]},"s5":{"translate":[{"time":0,"x":0,"y":0,"curve":"stepped"},{"time":0.3333,"x":0,"y":0},{"time":0.6667,"x":0,"y":58.33}],"scale":[{"time":0,"x":0.384,"y":0.384,"curve":"stepped"},{"time":0.3333,"x":0.384,"y":0.384},{"time":0.6667,"x":1,"y":1}],"shear":[{"time":0,"x":0,"y":0,"curve":"stepped"},{"time":0.3333,"x":0,"y":0},{"time":0.6667,"x":0,"y":-31.41}]}}}}},"_atlasText":"\r\nslzsdh.png\r\nsize: 2048,512\r\nformat: RGBA8888\r\nfilter: Linear,Linear\r\nrepeat: none\r\ns\r\n  rotate: false\r\n  xy: 2, 173\r\n  size: 1080, 182\r\n  orig: 1080, 182\r\n  offset: 0, 0\r\n  index: -1\r\nsh\r\n  rotate: false\r\n  xy: 1084, 2\r\n  size: 633, 353\r\n  orig: 633, 353\r\n  offset: 0, 0\r\n  index: -1\r\n","textures":[{"__uuid__":"ecqJapPEdKB7M53k9oBHd2"}],"textureNames":["slzsdh.png"]}