[{"__type__":"cc.Prefab","_name":"singleHuan","data":{"__id__":1}},{"__type__":"cc.Node","_name":"singleHuan","_components":[{"__type__":"cc.Sprite","node":{"__id__":1},"_materials":[{"__uuid__":"ecpdLyjvZBwrvm+cedCcQy"}],"_spriteFrame":{"__uuid__":"8bDdjobnRGvIRoO5ufIAEq"}},{"__type__":"cc.BoxCollider","node":{"__id__":1},"tag":1,"_size":{"__type__":"cc.Size","width":76,"height":97}},{"__type__":"963c7CEWQRLV6tMFIbuJhNX","node":{"__id__":1}}],"_prefab":{"__type__":"cc.PrefabInfo","root":{"__id__":1},"asset":{"__uuid__":"a5kV9mPg1CA4s842SNsecY"},"fileId":"9coEXpyPtNtImHQhMM7cpU"},"_contentSize":{"__type__":"cc.Size","width":76,"height":97},"_trs":{"__type__":"TypedArray","ctor":"Float64Array","array":[0,0,0,0,0,0,1,1,1,1]},"_groupIndex":1567,"groupIndex":1567}]