[{"__type__":"cc.Prefab","_name":"Red_Water","data":{"__id__":1}},{"__type__":"cc.Node","_name":"Red_Water","_components":[{"__type__":"cc.Sprite","node":{"__id__":1},"_materials":[{"__uuid__":"ecpdLyjvZBwrvm+cedCcQy"}],"_dstBlendFactor":1,"_spriteFrame":{"__uuid__":"62Gumbxx1Eu7+AkiZDOZYo"},"_sizeMode":0},{"__type__":"cc.RigidBody","node":{"__id__":1},"_allowSleep":false,"_gravityScale":4,"enabledContactListener":true},{"__type__":"cc.PhysicsCircleCollider","node":{"__id__":1},"tag":444,"_friction":0,"_restitution":0.3,"_radius":15},{"__type__":"4e01dkUFlRPgpjPdpJaWGEi","node":{"__id__":1}}],"_prefab":{"__type__":"cc.PrefabInfo","root":{"__id__":1},"asset":{"__uuid__":"57pdqyeNVHLaJL9if8xXJ9"},"fileId":"38TVcHAIVCBYb1aLlJ78r3"},"_color":{"__type__":"cc.Color","r":243,"g":78,"b":82},"_contentSize":{"__type__":"cc.Size","width":400,"height":400},"_trs":{"__type__":"TypedArray","ctor":"Float64Array","array":[-107,0,0,0,0,0,1,1,1,1]},"_groupIndex":9,"groupIndex":9}]