[{"__type__":"cc.Prefab","_name":"stone","data":{"__id__":1}},{"__type__":"cc.Node","_name":"stone","_components":[{"__type__":"cc.Sprite","node":{"__id__":1},"_materials":[{"__uuid__":"ecpdLyjvZBwrvm+cedCcQy"}],"_spriteFrame":{"__uuid__":"07vB93/6VNYZBOhtwfULcI"}}],"_prefab":{"__type__":"cc.PrefabInfo","root":{"__id__":1},"asset":{"__uuid__":"cbyle5hgFPtbfvuh05CMuX"},"fileId":"e4LDRZa9BHl5KO0Nm5eGDN"},"_contentSize":{"__type__":"cc.Size","width":165,"height":165},"_anchorPoint":{"__type__":"cc.Vec2","x":0.5},"_trs":{"__type__":"TypedArray","ctor":"Float64Array","array":[0,0,0,0,0,0,1,1,1,1]}}]