[{"__type__":"cc.Prefab","_name":"drumstick","data":{"__id__":1}},{"__type__":"cc.Node","_name":"drumstick","_components":[{"__type__":"cc.Sprite","node":{"__id__":1},"_materials":[{"__uuid__":"ecpdLyjvZBwrvm+cedCcQy"}],"_spriteFrame":{"__uuid__":"41In5eFZZAcrgFboYtZCx8"}},{"__type__":"cc.RigidBody","node":{"__id__":1},"_allowSleep":false,"enabledContactListener":true},{"__type__":"cc.PhysicsPolygonCollider","node":{"__id__":1},"points":[{"__type__":"cc.Vec2","x":-50,"y":-50},{"__type__":"cc.Vec2","x":50,"y":-50},{"__type__":"cc.Vec2","x":50,"y":50},{"__type__":"cc.Vec2","x":-50,"y":50}]},{"__type__":"8129dBaWYFCnbCuQ9KTwNkc","node":{"__id__":1}}],"_prefab":{"__type__":"cc.PrefabInfo","root":{"__id__":1},"asset":{"__uuid__":"12RyZSrhFGu5FOp5i+28VL"},"fileId":"deK8COviJOTZJ2xsVQbHf4"},"_contentSize":{"__type__":"cc.Size","width":137,"height":175},"_trs":{"__type__":"TypedArray","ctor":"Float64Array","array":[0,0,0,0,0,0,1,2,2,1]},"_groupIndex":158,"groupIndex":158}]