[{"__type__":"cc.SpriteFrame","content":{"name":"bx_iconOpen","texture":"2dT1Bm2tJB+7Qux0TTbv6F","rect":[0,0,155,142],"offset":[0,0],"originalSize":[155,142],"capInsets":[0,0,0,0]}},{"__type__":"cc.SpriteFrame","content":{"name":"bx_frame","texture":"dfvMg6xHxIYq/v3TqyDNFz","rect":[0,0,800,926],"offset":[0,0],"originalSize":[800,926],"capInsets":[0,0,0,0]}},{"__type__":"cc.SpriteFrame","content":{"name":"bx_box","texture":"962t7IZ65Hbb+WzN7vIPLu","rect":[0,0,200,209],"offset":[0,0],"originalSize":[200,209],"capInsets":[0,0,0,0]}},{"__type__":"cc.SpriteFrame","content":{"name":"bx_kaichujinbi","texture":"4dUqEsHa9OMqYAkDJAfYRU","rect":[1,0,619,587],"offset":[0.5,0],"originalSize":[620,587],"capInsets":[0,0,0,0]}},{"__type__":"cc.SpriteFrame","content":{"name":"bx_get","texture":"c7aEe7GShN+4eXSqZ2/jaE","rect":[0,0,313,111],"offset":[0,0],"originalSize":[313,111],"capInsets":[0,0,0,0]}},{"__type__":"cc.SpriteFrame","content":{"name":"bx_videoGet","texture":"3ectkBOJNHHaj88idoy2Ap","rect":[0,0,313,111],"offset":[0,0],"originalSize":[313,111],"capInsets":[0,0,0,0]}},[{"__type__":"cc.Prefab","_name":"UIBxPanel","data":{"__id__":1}},{"__type__":"cc.Node","_name":"UIBxPanel","_children":[{"__id__":2},{"__id__":3},{"__id__":56}],"_components":[{"__type__":"cc.Widget","node":{"__id__":1},"_alignFlags":45}],"_prefab":{"__type__":"cc.PrefabInfo","root":{"__id__":1},"asset":{"__uuid__":"50Bp0nXvlPsIfuJRX0QP61"},"fileId":"38g4GrXwFIFod+nG+GZELs"},"_contentSize":{"__type__":"cc.Size","width":1080,"height":1920},"_trs":{"__type__":"TypedArray","ctor":"Float64Array","array":[540,960,0,0,0,0,1,1,1,1]}},{"__type__":"cc.Node","_name":"Mask","_parent":{"__id__":1},"_components":[{"__type__":"cc.Sprite","node":{"__id__":2},"_materials":[{"__uuid__":"ecpdLyjvZBwrvm+cedCcQy"}],"_spriteFrame":{"__uuid__":"a2MjXRFdtLlYQ5ouAFv/+R"},"_sizeMode":0},{"__type__":"cc.Widget","node":{"__id__":2},"_alignFlags":45,"_originalWidth":100,"_originalHeight":100},{"__type__":"cc.BlockInputEvents","node":{"__id__":2}}],"_prefab":{"__type__":"cc.PrefabInfo","root":{"__id__":1},"asset":{"__uuid__":"50Bp0nXvlPsIfuJRX0QP61"},"fileId":"c5QLjwxhNPA5e2LXE18lDx"},"_opacity":200,"_color":{"__type__":"cc.Color"},"_contentSize":{"__type__":"cc.Size","width":1080,"height":1920},"_trs":{"__type__":"TypedArray","ctor":"Float64Array","array":[0,0,0,0,0,0,1,1,1,1]}},{"__type__":"cc.Node","_name":"Panel","_parent":{"__id__":1},"_children":[{"__id__":4},{"__id__":5},{"__id__":51},{"__id__":52},{"__id__":54}],"_prefab":{"__type__":"cc.PrefabInfo","root":{"__id__":1},"asset":{"__uuid__":"50Bp0nXvlPsIfuJRX0QP61"},"fileId":"89IXKh0RxK2byfsPIpZlUr"},"_trs":{"__type__":"TypedArray","ctor":"Float64Array","array":[0,0,0,0,0,0,1,1,1,1]}},{"__type__":"cc.Node","_name":"bx_frame","_parent":{"__id__":3},"_components":[{"__type__":"cc.Sprite","node":{"__id__":4},"_materials":[{"__uuid__":"ecpdLyjvZBwrvm+cedCcQy"}],"_spriteFrame":{"__uuid__":"11nFaaROlGwIuaITa5uR3j"}}],"_prefab":{"__type__":"cc.PrefabInfo","root":{"__id__":1},"asset":{"__uuid__":"50Bp0nXvlPsIfuJRX0QP61"},"fileId":"f9tkzhaT1KTbMezCks1VyT"},"_contentSize":{"__type__":"cc.Size","width":800,"height":926},"_trs":{"__type__":"TypedArray","ctor":"Float64Array","array":[0,100,0,0,0,0,1,1,1,1]}},{"__type__":"cc.Node","_name":"list","_parent":{"__id__":3},"_children":[{"__id__":6},{"__id__":11},{"__id__":16},{"__id__":21},{"__id__":26},{"__id__":31},{"__id__":36},{"__id__":41},{"__id__":46}],"_prefab":{"__type__":"cc.PrefabInfo","root":{"__id__":1},"asset":{"__uuid__":"50Bp0nXvlPsIfuJRX0QP61"},"fileId":"46OsIAod5Jt4cXUbDXu3NK"},"_trs":{"__type__":"TypedArray","ctor":"Float64Array","array":[0,0,0,0,0,0,1,1,1,1]}},{"__type__":"cc.Node","_name":"item_0","_parent":{"__id__":5},"_children":[{"__id__":7},{"__id__":8},{"__id__":9},{"__id__":10}],"_prefab":{"__type__":"cc.PrefabInfo","root":{"__id__":1},"asset":{"__uuid__":"50Bp0nXvlPsIfuJRX0QP61"},"fileId":"96vS0RXJlO4pA7wQSuWQNH"},"_contentSize":{"__type__":"cc.Size","width":200,"height":200},"_trs":{"__type__":"TypedArray","ctor":"Float64Array","array":[-243,283,0,0,0,0,1,1,1,1]}},{"__type__":"cc.Node","_name":"box","_objFlags":512,"_parent":{"__id__":6},"_components":[{"__type__":"cc.Sprite","node":{"__id__":7},"_materials":[{"__uuid__":"ecpdLyjvZBwrvm+cedCcQy"}],"_spriteFrame":{"__uuid__":"29K+o1ZoND1bIisZEHfQ/Y"}}],"_prefab":{"__type__":"cc.PrefabInfo","root":{"__id__":1},"asset":{"__uuid__":"50Bp0nXvlPsIfuJRX0QP61"},"fileId":"14vq8D5rRPO6hRbtM9HOYO"},"_contentSize":{"__type__":"cc.Size","width":200,"height":209},"_trs":{"__type__":"TypedArray","ctor":"Float64Array","array":[0,0,0,0,0,0,1,1,1,1]}},{"__type__":"cc.Node","_name":"open","_objFlags":512,"_parent":{"__id__":6},"_components":[{"__type__":"cc.Sprite","node":{"__id__":8},"_materials":[{"__uuid__":"ecpdLyjvZBwrvm+cedCcQy"}],"_spriteFrame":{"__uuid__":"02434DOuFHxI1uzZ+bcCSQ"}}],"_prefab":{"__type__":"cc.PrefabInfo","root":{"__id__":1},"asset":{"__uuid__":"50Bp0nXvlPsIfuJRX0QP61"},"fileId":"a0skcCsyBE0osOdWdkZP69"},"_contentSize":{"__type__":"cc.Size","width":155,"height":142},"_trs":{"__type__":"TypedArray","ctor":"Float64Array","array":[0,0,0,0,0,0,1,1,1,1]}},{"__type__":"cc.Node","_name":"close","_objFlags":512,"_parent":{"__id__":6},"_components":[{"__type__":"cc.Sprite","node":{"__id__":9},"_materials":[{"__uuid__":"ecpdLyjvZBwrvm+cedCcQy"}],"_spriteFrame":{"__uuid__":"a7Nent7GxDMLEo3xATCfcz"}}],"_prefab":{"__type__":"cc.PrefabInfo","root":{"__id__":1},"asset":{"__uuid__":"50Bp0nXvlPsIfuJRX0QP61"},"fileId":"53tMLfFadGVL2M4U/Coa0e"},"_contentSize":{"__type__":"cc.Size","width":155,"height":142},"_trs":{"__type__":"TypedArray","ctor":"Float64Array","array":[0,0,0,0,0,0,1,1,1,1]}},{"__type__":"cc.Node","_name":"videoIcon","_objFlags":512,"_parent":{"__id__":6},"_components":[{"__type__":"cc.Sprite","node":{"__id__":10},"_materials":[{"__uuid__":"ecpdLyjvZBwrvm+cedCcQy"}],"_spriteFrame":{"__uuid__":"58PRa+V3NC9Ids1SKn3ilq"}}],"_prefab":{"__type__":"cc.PrefabInfo","root":{"__id__":1},"asset":{"__uuid__":"50Bp0nXvlPsIfuJRX0QP61"},"fileId":"27A2IcYFtHlLUtBg3nOKUd"},"_contentSize":{"__type__":"cc.Size","width":77,"height":56},"_trs":{"__type__":"TypedArray","ctor":"Float64Array","array":[61.181,-68.424,0,0,0,0,1,1,1,1]}},{"__type__":"cc.Node","_name":"item_1","_parent":{"__id__":5},"_children":[{"__id__":12},{"__id__":13},{"__id__":14},{"__id__":15}],"_prefab":{"__type__":"cc.PrefabInfo","root":{"__id__":1},"asset":{"__uuid__":"50Bp0nXvlPsIfuJRX0QP61"},"fileId":"71AQWV8yhHtIFF/3S1diC+"},"_contentSize":{"__type__":"cc.Size","width":200,"height":200},"_trs":{"__type__":"TypedArray","ctor":"Float64Array","array":[5,283,0,0,0,0,1,1,1,1]}},{"__type__":"cc.Node","_name":"box","_objFlags":512,"_parent":{"__id__":11},"_components":[{"__type__":"cc.Sprite","node":{"__id__":12},"_materials":[{"__uuid__":"ecpdLyjvZBwrvm+cedCcQy"}],"_spriteFrame":{"__uuid__":"29K+o1ZoND1bIisZEHfQ/Y"}}],"_prefab":{"__type__":"cc.PrefabInfo","root":{"__id__":1},"asset":{"__uuid__":"50Bp0nXvlPsIfuJRX0QP61"},"fileId":"daUHeZTu1E1Lfk3XNpbqkW"},"_contentSize":{"__type__":"cc.Size","width":200,"height":209},"_trs":{"__type__":"TypedArray","ctor":"Float64Array","array":[0,0,0,0,0,0,1,1,1,1]}},{"__type__":"cc.Node","_name":"open","_objFlags":512,"_parent":{"__id__":11},"_components":[{"__type__":"cc.Sprite","node":{"__id__":13},"_materials":[{"__uuid__":"ecpdLyjvZBwrvm+cedCcQy"}],"_spriteFrame":{"__uuid__":"02434DOuFHxI1uzZ+bcCSQ"}}],"_prefab":{"__type__":"cc.PrefabInfo","root":{"__id__":1},"asset":{"__uuid__":"50Bp0nXvlPsIfuJRX0QP61"},"fileId":"e1G7UEHypBHY+omibhut9P"},"_contentSize":{"__type__":"cc.Size","width":155,"height":142},"_trs":{"__type__":"TypedArray","ctor":"Float64Array","array":[0,0,0,0,0,0,1,1,1,1]}},{"__type__":"cc.Node","_name":"close","_objFlags":512,"_parent":{"__id__":11},"_components":[{"__type__":"cc.Sprite","node":{"__id__":14},"_materials":[{"__uuid__":"ecpdLyjvZBwrvm+cedCcQy"}],"_spriteFrame":{"__uuid__":"a7Nent7GxDMLEo3xATCfcz"}}],"_prefab":{"__type__":"cc.PrefabInfo","root":{"__id__":1},"asset":{"__uuid__":"50Bp0nXvlPsIfuJRX0QP61"},"fileId":"bfnI/uT2FGia/MAAwyaAFs"},"_contentSize":{"__type__":"cc.Size","width":155,"height":142},"_trs":{"__type__":"TypedArray","ctor":"Float64Array","array":[0,0,0,0,0,0,1,1,1,1]}},{"__type__":"cc.Node","_name":"videoIcon","_objFlags":512,"_parent":{"__id__":11},"_components":[{"__type__":"cc.Sprite","node":{"__id__":15},"_materials":[{"__uuid__":"ecpdLyjvZBwrvm+cedCcQy"}],"_spriteFrame":{"__uuid__":"58PRa+V3NC9Ids1SKn3ilq"}}],"_prefab":{"__type__":"cc.PrefabInfo","root":{"__id__":1},"asset":{"__uuid__":"50Bp0nXvlPsIfuJRX0QP61"},"fileId":"555QdA9v9PE75hJqHVkGLY"},"_contentSize":{"__type__":"cc.Size","width":77,"height":56},"_trs":{"__type__":"TypedArray","ctor":"Float64Array","array":[61.181,-68.424,0,0,0,0,1,1,1,1]}},{"__type__":"cc.Node","_name":"item_2","_parent":{"__id__":5},"_children":[{"__id__":17},{"__id__":18},{"__id__":19},{"__id__":20}],"_prefab":{"__type__":"cc.PrefabInfo","root":{"__id__":1},"asset":{"__uuid__":"50Bp0nXvlPsIfuJRX0QP61"},"fileId":"44MMk25jVMtJ7mpyjjhyso"},"_contentSize":{"__type__":"cc.Size","width":200,"height":200},"_trs":{"__type__":"TypedArray","ctor":"Float64Array","array":[241,283,0,0,0,0,1,1,1,1]}},{"__type__":"cc.Node","_name":"box","_objFlags":512,"_parent":{"__id__":16},"_components":[{"__type__":"cc.Sprite","node":{"__id__":17},"_materials":[{"__uuid__":"ecpdLyjvZBwrvm+cedCcQy"}],"_spriteFrame":{"__uuid__":"29K+o1ZoND1bIisZEHfQ/Y"}}],"_prefab":{"__type__":"cc.PrefabInfo","root":{"__id__":1},"asset":{"__uuid__":"50Bp0nXvlPsIfuJRX0QP61"},"fileId":"a9c0mzfeZKCrnK8uHLl2RV"},"_contentSize":{"__type__":"cc.Size","width":200,"height":209},"_trs":{"__type__":"TypedArray","ctor":"Float64Array","array":[0,0,0,0,0,0,1,1,1,1]}},{"__type__":"cc.Node","_name":"open","_objFlags":512,"_parent":{"__id__":16},"_components":[{"__type__":"cc.Sprite","node":{"__id__":18},"_materials":[{"__uuid__":"ecpdLyjvZBwrvm+cedCcQy"}],"_spriteFrame":{"__uuid__":"02434DOuFHxI1uzZ+bcCSQ"}}],"_prefab":{"__type__":"cc.PrefabInfo","root":{"__id__":1},"asset":{"__uuid__":"50Bp0nXvlPsIfuJRX0QP61"},"fileId":"ec2N9YFnRHzKdgqeMfJeiu"},"_contentSize":{"__type__":"cc.Size","width":155,"height":142},"_trs":{"__type__":"TypedArray","ctor":"Float64Array","array":[0,0,0,0,0,0,1,1,1,1]}},{"__type__":"cc.Node","_name":"close","_objFlags":512,"_parent":{"__id__":16},"_components":[{"__type__":"cc.Sprite","node":{"__id__":19},"_materials":[{"__uuid__":"ecpdLyjvZBwrvm+cedCcQy"}],"_spriteFrame":{"__uuid__":"a7Nent7GxDMLEo3xATCfcz"}}],"_prefab":{"__type__":"cc.PrefabInfo","root":{"__id__":1},"asset":{"__uuid__":"50Bp0nXvlPsIfuJRX0QP61"},"fileId":"f5MAXCzs5E9bYKcGiLK/mX"},"_contentSize":{"__type__":"cc.Size","width":155,"height":142},"_trs":{"__type__":"TypedArray","ctor":"Float64Array","array":[0,0,0,0,0,0,1,1,1,1]}},{"__type__":"cc.Node","_name":"videoIcon","_objFlags":512,"_parent":{"__id__":16},"_components":[{"__type__":"cc.Sprite","node":{"__id__":20},"_materials":[{"__uuid__":"ecpdLyjvZBwrvm+cedCcQy"}],"_spriteFrame":{"__uuid__":"58PRa+V3NC9Ids1SKn3ilq"}}],"_prefab":{"__type__":"cc.PrefabInfo","root":{"__id__":1},"asset":{"__uuid__":"50Bp0nXvlPsIfuJRX0QP61"},"fileId":"906MfkrXRLoqwiLkihmXtg"},"_contentSize":{"__type__":"cc.Size","width":77,"height":56},"_trs":{"__type__":"TypedArray","ctor":"Float64Array","array":[61.181,-68.424,0,0,0,0,1,1,1,1]}},{"__type__":"cc.Node","_name":"item_3","_parent":{"__id__":5},"_children":[{"__id__":22},{"__id__":23},{"__id__":24},{"__id__":25}],"_prefab":{"__type__":"cc.PrefabInfo","root":{"__id__":1},"asset":{"__uuid__":"50Bp0nXvlPsIfuJRX0QP61"},"fileId":"d5rWq9g7RKgZHdm6OGugZ/"},"_contentSize":{"__type__":"cc.Size","width":200,"height":200},"_trs":{"__type__":"TypedArray","ctor":"Float64Array","array":[-243,38,0,0,0,0,1,1,1,1]}},{"__type__":"cc.Node","_name":"box","_objFlags":512,"_parent":{"__id__":21},"_components":[{"__type__":"cc.Sprite","node":{"__id__":22},"_materials":[{"__uuid__":"ecpdLyjvZBwrvm+cedCcQy"}],"_spriteFrame":{"__uuid__":"29K+o1ZoND1bIisZEHfQ/Y"}}],"_prefab":{"__type__":"cc.PrefabInfo","root":{"__id__":1},"asset":{"__uuid__":"50Bp0nXvlPsIfuJRX0QP61"},"fileId":"88+LtvjqRHIbs2hd1JTS07"},"_contentSize":{"__type__":"cc.Size","width":200,"height":209},"_trs":{"__type__":"TypedArray","ctor":"Float64Array","array":[0,0,0,0,0,0,1,1,1,1]}},{"__type__":"cc.Node","_name":"open","_objFlags":512,"_parent":{"__id__":21},"_components":[{"__type__":"cc.Sprite","node":{"__id__":23},"_materials":[{"__uuid__":"ecpdLyjvZBwrvm+cedCcQy"}],"_spriteFrame":{"__uuid__":"02434DOuFHxI1uzZ+bcCSQ"}}],"_prefab":{"__type__":"cc.PrefabInfo","root":{"__id__":1},"asset":{"__uuid__":"50Bp0nXvlPsIfuJRX0QP61"},"fileId":"46WK7c6qFKkZKt77t5fKj9"},"_contentSize":{"__type__":"cc.Size","width":155,"height":142},"_trs":{"__type__":"TypedArray","ctor":"Float64Array","array":[0,0,0,0,0,0,1,1,1,1]}},{"__type__":"cc.Node","_name":"close","_objFlags":512,"_parent":{"__id__":21},"_components":[{"__type__":"cc.Sprite","node":{"__id__":24},"_materials":[{"__uuid__":"ecpdLyjvZBwrvm+cedCcQy"}],"_spriteFrame":{"__uuid__":"a7Nent7GxDMLEo3xATCfcz"}}],"_prefab":{"__type__":"cc.PrefabInfo","root":{"__id__":1},"asset":{"__uuid__":"50Bp0nXvlPsIfuJRX0QP61"},"fileId":"bbbBY9SgFNh4mvreQcA1di"},"_contentSize":{"__type__":"cc.Size","width":155,"height":142},"_trs":{"__type__":"TypedArray","ctor":"Float64Array","array":[0,0,0,0,0,0,1,1,1,1]}},{"__type__":"cc.Node","_name":"videoIcon","_objFlags":512,"_parent":{"__id__":21},"_components":[{"__type__":"cc.Sprite","node":{"__id__":25},"_materials":[{"__uuid__":"ecpdLyjvZBwrvm+cedCcQy"}],"_spriteFrame":{"__uuid__":"58PRa+V3NC9Ids1SKn3ilq"}}],"_prefab":{"__type__":"cc.PrefabInfo","root":{"__id__":1},"asset":{"__uuid__":"50Bp0nXvlPsIfuJRX0QP61"},"fileId":"72pRQEgolHToGZlq/4QG8G"},"_contentSize":{"__type__":"cc.Size","width":77,"height":56},"_trs":{"__type__":"TypedArray","ctor":"Float64Array","array":[61.181,-68.424,0,0,0,0,1,1,1,1]}},{"__type__":"cc.Node","_name":"item_4","_parent":{"__id__":5},"_children":[{"__id__":27},{"__id__":28},{"__id__":29},{"__id__":30}],"_prefab":{"__type__":"cc.PrefabInfo","root":{"__id__":1},"asset":{"__uuid__":"50Bp0nXvlPsIfuJRX0QP61"},"fileId":"05HjjlJLBHIZjDT0r3iC2J"},"_contentSize":{"__type__":"cc.Size","width":200,"height":200},"_trs":{"__type__":"TypedArray","ctor":"Float64Array","array":[5,38,0,0,0,0,1,1,1,1]}},{"__type__":"cc.Node","_name":"box","_objFlags":512,"_parent":{"__id__":26},"_components":[{"__type__":"cc.Sprite","node":{"__id__":27},"_materials":[{"__uuid__":"ecpdLyjvZBwrvm+cedCcQy"}],"_spriteFrame":{"__uuid__":"29K+o1ZoND1bIisZEHfQ/Y"}}],"_prefab":{"__type__":"cc.PrefabInfo","root":{"__id__":1},"asset":{"__uuid__":"50Bp0nXvlPsIfuJRX0QP61"},"fileId":"45HJaqfRFEXrgMU8g7EXG/"},"_contentSize":{"__type__":"cc.Size","width":200,"height":209},"_trs":{"__type__":"TypedArray","ctor":"Float64Array","array":[0,0,0,0,0,0,1,1,1,1]}},{"__type__":"cc.Node","_name":"open","_objFlags":512,"_parent":{"__id__":26},"_components":[{"__type__":"cc.Sprite","node":{"__id__":28},"_materials":[{"__uuid__":"ecpdLyjvZBwrvm+cedCcQy"}],"_spriteFrame":{"__uuid__":"02434DOuFHxI1uzZ+bcCSQ"}}],"_prefab":{"__type__":"cc.PrefabInfo","root":{"__id__":1},"asset":{"__uuid__":"50Bp0nXvlPsIfuJRX0QP61"},"fileId":"69p4wAwxVCGpZvkVvci+fe"},"_contentSize":{"__type__":"cc.Size","width":155,"height":142},"_trs":{"__type__":"TypedArray","ctor":"Float64Array","array":[0,0,0,0,0,0,1,1,1,1]}},{"__type__":"cc.Node","_name":"close","_objFlags":512,"_parent":{"__id__":26},"_components":[{"__type__":"cc.Sprite","node":{"__id__":29},"_materials":[{"__uuid__":"ecpdLyjvZBwrvm+cedCcQy"}],"_spriteFrame":{"__uuid__":"a7Nent7GxDMLEo3xATCfcz"}}],"_prefab":{"__type__":"cc.PrefabInfo","root":{"__id__":1},"asset":{"__uuid__":"50Bp0nXvlPsIfuJRX0QP61"},"fileId":"c40Hxs8t1IXrVunHNS/fsK"},"_contentSize":{"__type__":"cc.Size","width":155,"height":142},"_trs":{"__type__":"TypedArray","ctor":"Float64Array","array":[0,0,0,0,0,0,1,1,1,1]}},{"__type__":"cc.Node","_name":"videoIcon","_objFlags":512,"_parent":{"__id__":26},"_components":[{"__type__":"cc.Sprite","node":{"__id__":30},"_materials":[{"__uuid__":"ecpdLyjvZBwrvm+cedCcQy"}],"_spriteFrame":{"__uuid__":"58PRa+V3NC9Ids1SKn3ilq"}}],"_prefab":{"__type__":"cc.PrefabInfo","root":{"__id__":1},"asset":{"__uuid__":"50Bp0nXvlPsIfuJRX0QP61"},"fileId":"5eBiE3yiNAoq64H6OgEWFP"},"_contentSize":{"__type__":"cc.Size","width":77,"height":56},"_trs":{"__type__":"TypedArray","ctor":"Float64Array","array":[61.181,-68.424,0,0,0,0,1,1,1,1]}},{"__type__":"cc.Node","_name":"item_5","_parent":{"__id__":5},"_children":[{"__id__":32},{"__id__":33},{"__id__":34},{"__id__":35}],"_prefab":{"__type__":"cc.PrefabInfo","root":{"__id__":1},"asset":{"__uuid__":"50Bp0nXvlPsIfuJRX0QP61"},"fileId":"37Q1aBeAxLMooSfCRgsMJq"},"_contentSize":{"__type__":"cc.Size","width":200,"height":200},"_trs":{"__type__":"TypedArray","ctor":"Float64Array","array":[241,38,0,0,0,0,1,1,1,1]}},{"__type__":"cc.Node","_name":"box","_objFlags":512,"_parent":{"__id__":31},"_components":[{"__type__":"cc.Sprite","node":{"__id__":32},"_materials":[{"__uuid__":"ecpdLyjvZBwrvm+cedCcQy"}],"_spriteFrame":{"__uuid__":"29K+o1ZoND1bIisZEHfQ/Y"}}],"_prefab":{"__type__":"cc.PrefabInfo","root":{"__id__":1},"asset":{"__uuid__":"50Bp0nXvlPsIfuJRX0QP61"},"fileId":"09jJCoZ9ZL1bnHDT56wC1m"},"_contentSize":{"__type__":"cc.Size","width":200,"height":209},"_trs":{"__type__":"TypedArray","ctor":"Float64Array","array":[0,0,0,0,0,0,1,1,1,1]}},{"__type__":"cc.Node","_name":"open","_objFlags":512,"_parent":{"__id__":31},"_components":[{"__type__":"cc.Sprite","node":{"__id__":33},"_materials":[{"__uuid__":"ecpdLyjvZBwrvm+cedCcQy"}],"_spriteFrame":{"__uuid__":"02434DOuFHxI1uzZ+bcCSQ"}}],"_prefab":{"__type__":"cc.PrefabInfo","root":{"__id__":1},"asset":{"__uuid__":"50Bp0nXvlPsIfuJRX0QP61"},"fileId":"39Xdd5ZwtO6rKwM+QJ1nY7"},"_contentSize":{"__type__":"cc.Size","width":155,"height":142},"_trs":{"__type__":"TypedArray","ctor":"Float64Array","array":[0,0,0,0,0,0,1,1,1,1]}},{"__type__":"cc.Node","_name":"close","_objFlags":512,"_parent":{"__id__":31},"_components":[{"__type__":"cc.Sprite","node":{"__id__":34},"_materials":[{"__uuid__":"ecpdLyjvZBwrvm+cedCcQy"}],"_spriteFrame":{"__uuid__":"a7Nent7GxDMLEo3xATCfcz"}}],"_prefab":{"__type__":"cc.PrefabInfo","root":{"__id__":1},"asset":{"__uuid__":"50Bp0nXvlPsIfuJRX0QP61"},"fileId":"6b32n9WXxLZr6jO+Cb1cuR"},"_contentSize":{"__type__":"cc.Size","width":155,"height":142},"_trs":{"__type__":"TypedArray","ctor":"Float64Array","array":[0,0,0,0,0,0,1,1,1,1]}},{"__type__":"cc.Node","_name":"videoIcon","_objFlags":512,"_parent":{"__id__":31},"_components":[{"__type__":"cc.Sprite","node":{"__id__":35},"_materials":[{"__uuid__":"ecpdLyjvZBwrvm+cedCcQy"}],"_spriteFrame":{"__uuid__":"58PRa+V3NC9Ids1SKn3ilq"}}],"_prefab":{"__type__":"cc.PrefabInfo","root":{"__id__":1},"asset":{"__uuid__":"50Bp0nXvlPsIfuJRX0QP61"},"fileId":"2bl/v+MG5Gz4RgtFD3RjWu"},"_contentSize":{"__type__":"cc.Size","width":77,"height":56},"_trs":{"__type__":"TypedArray","ctor":"Float64Array","array":[61.181,-68.424,0,0,0,0,1,1,1,1]}},{"__type__":"cc.Node","_name":"item_6","_parent":{"__id__":5},"_children":[{"__id__":37},{"__id__":38},{"__id__":39},{"__id__":40}],"_prefab":{"__type__":"cc.PrefabInfo","root":{"__id__":1},"asset":{"__uuid__":"50Bp0nXvlPsIfuJRX0QP61"},"fileId":"f7V8zxjKRNC55q5gOKctUs"},"_contentSize":{"__type__":"cc.Size","width":200,"height":200},"_trs":{"__type__":"TypedArray","ctor":"Float64Array","array":[-243,-208,0,0,0,0,1,1,1,1]}},{"__type__":"cc.Node","_name":"box","_objFlags":512,"_parent":{"__id__":36},"_components":[{"__type__":"cc.Sprite","node":{"__id__":37},"_materials":[{"__uuid__":"ecpdLyjvZBwrvm+cedCcQy"}],"_spriteFrame":{"__uuid__":"29K+o1ZoND1bIisZEHfQ/Y"}}],"_prefab":{"__type__":"cc.PrefabInfo","root":{"__id__":1},"asset":{"__uuid__":"50Bp0nXvlPsIfuJRX0QP61"},"fileId":"d2JZ2kJJJPAqfN6jCZk77U"},"_contentSize":{"__type__":"cc.Size","width":200,"height":209},"_trs":{"__type__":"TypedArray","ctor":"Float64Array","array":[0,0,0,0,0,0,1,1,1,1]}},{"__type__":"cc.Node","_name":"open","_objFlags":512,"_parent":{"__id__":36},"_components":[{"__type__":"cc.Sprite","node":{"__id__":38},"_materials":[{"__uuid__":"ecpdLyjvZBwrvm+cedCcQy"}],"_spriteFrame":{"__uuid__":"02434DOuFHxI1uzZ+bcCSQ"}}],"_prefab":{"__type__":"cc.PrefabInfo","root":{"__id__":1},"asset":{"__uuid__":"50Bp0nXvlPsIfuJRX0QP61"},"fileId":"95vcLfiYtG/7yXMMKns/1D"},"_contentSize":{"__type__":"cc.Size","width":155,"height":142},"_trs":{"__type__":"TypedArray","ctor":"Float64Array","array":[0,0,0,0,0,0,1,1,1,1]}},{"__type__":"cc.Node","_name":"close","_objFlags":512,"_parent":{"__id__":36},"_components":[{"__type__":"cc.Sprite","node":{"__id__":39},"_materials":[{"__uuid__":"ecpdLyjvZBwrvm+cedCcQy"}],"_spriteFrame":{"__uuid__":"a7Nent7GxDMLEo3xATCfcz"}}],"_prefab":{"__type__":"cc.PrefabInfo","root":{"__id__":1},"asset":{"__uuid__":"50Bp0nXvlPsIfuJRX0QP61"},"fileId":"8acp4wFcpEB4XTQPApsRaR"},"_contentSize":{"__type__":"cc.Size","width":155,"height":142},"_trs":{"__type__":"TypedArray","ctor":"Float64Array","array":[0,0,0,0,0,0,1,1,1,1]}},{"__type__":"cc.Node","_name":"videoIcon","_objFlags":512,"_parent":{"__id__":36},"_components":[{"__type__":"cc.Sprite","node":{"__id__":40},"_materials":[{"__uuid__":"ecpdLyjvZBwrvm+cedCcQy"}],"_spriteFrame":{"__uuid__":"58PRa+V3NC9Ids1SKn3ilq"}}],"_prefab":{"__type__":"cc.PrefabInfo","root":{"__id__":1},"asset":{"__uuid__":"50Bp0nXvlPsIfuJRX0QP61"},"fileId":"913K/eb5hC5JyCSEEtXmpk"},"_contentSize":{"__type__":"cc.Size","width":77,"height":56},"_trs":{"__type__":"TypedArray","ctor":"Float64Array","array":[61.181,-68.424,0,0,0,0,1,1,1,1]}},{"__type__":"cc.Node","_name":"item_7","_parent":{"__id__":5},"_children":[{"__id__":42},{"__id__":43},{"__id__":44},{"__id__":45}],"_prefab":{"__type__":"cc.PrefabInfo","root":{"__id__":1},"asset":{"__uuid__":"50Bp0nXvlPsIfuJRX0QP61"},"fileId":"e2ONMDLgBPG6cUEX2m3bd/"},"_contentSize":{"__type__":"cc.Size","width":200,"height":200},"_trs":{"__type__":"TypedArray","ctor":"Float64Array","array":[5,-208,0,0,0,0,1,1,1,1]}},{"__type__":"cc.Node","_name":"box","_objFlags":512,"_parent":{"__id__":41},"_components":[{"__type__":"cc.Sprite","node":{"__id__":42},"_materials":[{"__uuid__":"ecpdLyjvZBwrvm+cedCcQy"}],"_spriteFrame":{"__uuid__":"29K+o1ZoND1bIisZEHfQ/Y"}}],"_prefab":{"__type__":"cc.PrefabInfo","root":{"__id__":1},"asset":{"__uuid__":"50Bp0nXvlPsIfuJRX0QP61"},"fileId":"a3+7Fi41RMZrWQMF0V06Yi"},"_contentSize":{"__type__":"cc.Size","width":200,"height":209},"_trs":{"__type__":"TypedArray","ctor":"Float64Array","array":[0,0,0,0,0,0,1,1,1,1]}},{"__type__":"cc.Node","_name":"open","_objFlags":512,"_parent":{"__id__":41},"_components":[{"__type__":"cc.Sprite","node":{"__id__":43},"_materials":[{"__uuid__":"ecpdLyjvZBwrvm+cedCcQy"}],"_spriteFrame":{"__uuid__":"02434DOuFHxI1uzZ+bcCSQ"}}],"_prefab":{"__type__":"cc.PrefabInfo","root":{"__id__":1},"asset":{"__uuid__":"50Bp0nXvlPsIfuJRX0QP61"},"fileId":"bb64DyXkZJx7hMvdf0b+Gt"},"_contentSize":{"__type__":"cc.Size","width":155,"height":142},"_trs":{"__type__":"TypedArray","ctor":"Float64Array","array":[0,0,0,0,0,0,1,1,1,1]}},{"__type__":"cc.Node","_name":"close","_objFlags":512,"_parent":{"__id__":41},"_components":[{"__type__":"cc.Sprite","node":{"__id__":44},"_materials":[{"__uuid__":"ecpdLyjvZBwrvm+cedCcQy"}],"_spriteFrame":{"__uuid__":"a7Nent7GxDMLEo3xATCfcz"}}],"_prefab":{"__type__":"cc.PrefabInfo","root":{"__id__":1},"asset":{"__uuid__":"50Bp0nXvlPsIfuJRX0QP61"},"fileId":"19HxOYJCtKZ4/mJi83vRRY"},"_contentSize":{"__type__":"cc.Size","width":155,"height":142},"_trs":{"__type__":"TypedArray","ctor":"Float64Array","array":[0,0,0,0,0,0,1,1,1,1]}},{"__type__":"cc.Node","_name":"videoIcon","_objFlags":512,"_parent":{"__id__":41},"_components":[{"__type__":"cc.Sprite","node":{"__id__":45},"_materials":[{"__uuid__":"ecpdLyjvZBwrvm+cedCcQy"}],"_spriteFrame":{"__uuid__":"58PRa+V3NC9Ids1SKn3ilq"}}],"_prefab":{"__type__":"cc.PrefabInfo","root":{"__id__":1},"asset":{"__uuid__":"50Bp0nXvlPsIfuJRX0QP61"},"fileId":"caxh2kaJtJyqx5XuhI5+Md"},"_contentSize":{"__type__":"cc.Size","width":77,"height":56},"_trs":{"__type__":"TypedArray","ctor":"Float64Array","array":[61.181,-68.424,0,0,0,0,1,1,1,1]}},{"__type__":"cc.Node","_name":"item_8","_parent":{"__id__":5},"_children":[{"__id__":47},{"__id__":48},{"__id__":49},{"__id__":50}],"_prefab":{"__type__":"cc.PrefabInfo","root":{"__id__":1},"asset":{"__uuid__":"50Bp0nXvlPsIfuJRX0QP61"},"fileId":"4fyZJ2zclBH4EOuTjikiZm"},"_contentSize":{"__type__":"cc.Size","width":200,"height":200},"_trs":{"__type__":"TypedArray","ctor":"Float64Array","array":[241,-208,0,0,0,0,1,1,1,1]}},{"__type__":"cc.Node","_name":"box","_objFlags":512,"_parent":{"__id__":46},"_components":[{"__type__":"cc.Sprite","node":{"__id__":47},"_materials":[{"__uuid__":"ecpdLyjvZBwrvm+cedCcQy"}],"_spriteFrame":{"__uuid__":"29K+o1ZoND1bIisZEHfQ/Y"}}],"_prefab":{"__type__":"cc.PrefabInfo","root":{"__id__":1},"asset":{"__uuid__":"50Bp0nXvlPsIfuJRX0QP61"},"fileId":"d1tflo0/JJwbd7yGVy1jQt"},"_contentSize":{"__type__":"cc.Size","width":200,"height":209},"_trs":{"__type__":"TypedArray","ctor":"Float64Array","array":[0,0,0,0,0,0,1,1,1,1]}},{"__type__":"cc.Node","_name":"open","_objFlags":512,"_parent":{"__id__":46},"_components":[{"__type__":"cc.Sprite","node":{"__id__":48},"_materials":[{"__uuid__":"ecpdLyjvZBwrvm+cedCcQy"}],"_spriteFrame":{"__uuid__":"02434DOuFHxI1uzZ+bcCSQ"}}],"_prefab":{"__type__":"cc.PrefabInfo","root":{"__id__":1},"asset":{"__uuid__":"50Bp0nXvlPsIfuJRX0QP61"},"fileId":"9bTwU/Q5NJu5C/nHD3lzs3"},"_contentSize":{"__type__":"cc.Size","width":155,"height":142},"_trs":{"__type__":"TypedArray","ctor":"Float64Array","array":[0,0,0,0,0,0,1,1,1,1]}},{"__type__":"cc.Node","_name":"close","_objFlags":512,"_parent":{"__id__":46},"_components":[{"__type__":"cc.Sprite","node":{"__id__":49},"_materials":[{"__uuid__":"ecpdLyjvZBwrvm+cedCcQy"}],"_spriteFrame":{"__uuid__":"a7Nent7GxDMLEo3xATCfcz"}}],"_prefab":{"__type__":"cc.PrefabInfo","root":{"__id__":1},"asset":{"__uuid__":"50Bp0nXvlPsIfuJRX0QP61"},"fileId":"a5Drn9gG5DDaU9RyPP0K2R"},"_contentSize":{"__type__":"cc.Size","width":155,"height":142},"_trs":{"__type__":"TypedArray","ctor":"Float64Array","array":[0,0,0,0,0,0,1,1,1,1]}},{"__type__":"cc.Node","_name":"videoIcon","_objFlags":512,"_parent":{"__id__":46},"_components":[{"__type__":"cc.Sprite","node":{"__id__":50},"_materials":[{"__uuid__":"ecpdLyjvZBwrvm+cedCcQy"}],"_spriteFrame":{"__uuid__":"58PRa+V3NC9Ids1SKn3ilq"}}],"_prefab":{"__type__":"cc.PrefabInfo","root":{"__id__":1},"asset":{"__uuid__":"50Bp0nXvlPsIfuJRX0QP61"},"fileId":"edFLwXeUVLur4041ntzdHn"},"_contentSize":{"__type__":"cc.Size","width":77,"height":56},"_trs":{"__type__":"TypedArray","ctor":"Float64Array","array":[61.181,-68.424,0,0,0,0,1,1,1,1]}},{"__type__":"cc.Node","_name":"countLabel","_parent":{"__id__":3},"_components":[{"__type__":"cc.Label","node":{"__id__":51},"_materials":[{"__uuid__":"ecpdLyjvZBwrvm+cedCcQy"}],"_useOriginalSize":false,"_string":"当前还可以打开3个宝箱","_N$string":"当前还可以打开3个宝箱","_N$horizontalAlign":1,"_N$verticalAlign":1}],"_prefab":{"__type__":"cc.PrefabInfo","root":{"__id__":1},"asset":{"__uuid__":"50Bp0nXvlPsIfuJRX0QP61"},"fileId":"73lonsAmVF7LEaWePm4I/i"},"_contentSize":{"__type__":"cc.Size","width":422.25,"height":50.4},"_trs":{"__type__":"TypedArray","ctor":"Float64Array","array":[0,624.313,0,0,0,0,1,1,1,1]}},{"__type__":"cc.Node","_name":"BtnClose","_parent":{"__id__":3},"_children":[{"__id__":53}],"_components":[{"__type__":"cc.Button","node":{"__id__":52},"_normalMaterial":{"__uuid__":"ecpdLyjvZBwrvm+cedCcQy"},"_N$transition":3,"transition":3,"_N$normalColor":{"__type__":"cc.Color","r":230,"g":230,"b":230},"_N$pressedColor":{"__type__":"cc.Color","r":200,"g":200,"b":200},"pressedColor":{"__type__":"cc.Color","r":200,"g":200,"b":200},"_N$disabledColor":{"__type__":"cc.Color","r":120,"g":120,"b":120,"a":200},"_N$normalSprite":{"__uuid__":"f0BIwQ8D5Ml7nTNQbh1YlS"},"_N$pressedSprite":{"__uuid__":"e97GVMl6JHh5Ml5qEDdSGa"},"pressedSprite":{"__uuid__":"e97GVMl6JHh5Ml5qEDdSGa"},"_N$hoverSprite":{"__uuid__":"f0BIwQ8D5Ml7nTNQbh1YlS"},"hoverSprite":{"__uuid__":"f0BIwQ8D5Ml7nTNQbh1YlS"},"_N$disabledSprite":{"__uuid__":"29FYIk+N1GYaeWH/q1NxQO"},"_N$target":{"__id__":53}}],"_prefab":{"__type__":"cc.PrefabInfo","root":{"__id__":1},"asset":{"__uuid__":"50Bp0nXvlPsIfuJRX0QP61"},"fileId":"0eg00KxaRG8b1PN4o/6dtO"},"_contentSize":{"__type__":"cc.Size","width":443,"height":157},"_trs":{"__type__":"TypedArray","ctor":"Float64Array","array":[-250,-550,0,0,0,0,1,1,1,1]}},{"__type__":"cc.Node","_name":"Background","_objFlags":512,"_parent":{"__id__":52},"_components":[{"__type__":"cc.Sprite","node":{"__id__":53},"_materials":[{"__uuid__":"ecpdLyjvZBwrvm+cedCcQy"}],"_spriteFrame":{"__uuid__":"a3gwti1u5KwpNj9CWGVl7K"},"_type":1},{"__type__":"cc.Widget","node":{"__id__":53},"alignMode":0,"_alignFlags":45,"_originalWidth":100,"_originalHeight":40}],"_prefab":{"__type__":"cc.PrefabInfo","root":{"__id__":1},"asset":{"__uuid__":"50Bp0nXvlPsIfuJRX0QP61"},"fileId":"f2VmS0fytJubdImnpLVynp"},"_contentSize":{"__type__":"cc.Size","width":443,"height":157},"_trs":{"__type__":"TypedArray","ctor":"Float64Array","array":[0,0,0,0,0,0,1,1,1,0]}},{"__type__":"cc.Node","_name":"BtnVideoOpen","_parent":{"__id__":3},"_children":[{"__id__":55}],"_components":[{"__type__":"cc.Button","node":{"__id__":54},"_normalMaterial":{"__uuid__":"ecpdLyjvZBwrvm+cedCcQy"},"_N$transition":3,"transition":3,"_N$normalColor":{"__type__":"cc.Color","r":230,"g":230,"b":230},"_N$pressedColor":{"__type__":"cc.Color","r":200,"g":200,"b":200},"pressedColor":{"__type__":"cc.Color","r":200,"g":200,"b":200},"_N$disabledColor":{"__type__":"cc.Color","r":120,"g":120,"b":120,"a":200},"_N$normalSprite":{"__uuid__":"f0BIwQ8D5Ml7nTNQbh1YlS"},"_N$pressedSprite":{"__uuid__":"e97GVMl6JHh5Ml5qEDdSGa"},"pressedSprite":{"__uuid__":"e97GVMl6JHh5Ml5qEDdSGa"},"_N$hoverSprite":{"__uuid__":"f0BIwQ8D5Ml7nTNQbh1YlS"},"hoverSprite":{"__uuid__":"f0BIwQ8D5Ml7nTNQbh1YlS"},"_N$disabledSprite":{"__uuid__":"29FYIk+N1GYaeWH/q1NxQO"},"_N$target":{"__id__":55}}],"_prefab":{"__type__":"cc.PrefabInfo","root":{"__id__":1},"asset":{"__uuid__":"50Bp0nXvlPsIfuJRX0QP61"},"fileId":"1fZWzCOdtAFYzNY2vERNxH"},"_contentSize":{"__type__":"cc.Size","width":443,"height":157},"_trs":{"__type__":"TypedArray","ctor":"Float64Array","array":[250,-550,0,0,0,0,1,1,1,1]}},{"__type__":"cc.Node","_name":"Background","_objFlags":512,"_parent":{"__id__":54},"_components":[{"__type__":"cc.Sprite","node":{"__id__":55},"_materials":[{"__uuid__":"ecpdLyjvZBwrvm+cedCcQy"}],"_spriteFrame":{"__uuid__":"95L49ewnlCIrZe0ZtG2Sw7"},"_type":1},{"__type__":"cc.Widget","node":{"__id__":55},"alignMode":0,"_alignFlags":45,"_originalWidth":100,"_originalHeight":40}],"_prefab":{"__type__":"cc.PrefabInfo","root":{"__id__":1},"asset":{"__uuid__":"50Bp0nXvlPsIfuJRX0QP61"},"fileId":"91fEXzqThJW4cIW3HOJwng"},"_contentSize":{"__type__":"cc.Size","width":443,"height":157},"_trs":{"__type__":"TypedArray","ctor":"Float64Array","array":[0,0,0,0,0,0,1,1,1,0]}},{"__type__":"cc.Node","_name":"Prepare","_parent":{"__id__":1},"_children":[{"__id__":57},{"__id__":58},{"__id__":59},{"__id__":60},{"__id__":62},{"__id__":64},{"__id__":66}],"_components":[{"__type__":"cc.Widget","node":{"__id__":56},"_alignFlags":45},{"__type__":"cc.BlockInputEvents","node":{"__id__":56}}],"_prefab":{"__type__":"cc.PrefabInfo","root":{"__id__":1},"asset":{"__uuid__":"50Bp0nXvlPsIfuJRX0QP61"},"fileId":"beEz2vY/NE57yxui4sayn8"},"_contentSize":{"__type__":"cc.Size","width":1080,"height":1920},"_trs":{"__type__":"TypedArray","ctor":"Float64Array","array":[0,0,0,0,0,0,1,1,1,1]}},{"__type__":"cc.Node","_name":"Mask","_parent":{"__id__":56},"_components":[{"__type__":"cc.Sprite","node":{"__id__":57},"_materials":[{"__uuid__":"ecpdLyjvZBwrvm+cedCcQy"}],"_spriteFrame":{"__uuid__":"a2MjXRFdtLlYQ5ouAFv/+R"},"_sizeMode":0},{"__type__":"cc.Widget","node":{"__id__":57},"_target":{"__id__":56},"_alignFlags":45,"_originalWidth":100,"_originalHeight":100},{"__type__":"cc.BlockInputEvents","node":{"__id__":57}}],"_prefab":{"__type__":"cc.PrefabInfo","root":{"__id__":1},"asset":{"__uuid__":"50Bp0nXvlPsIfuJRX0QP61"},"fileId":"81oYWfCRBAaqOPryJHgTku"},"_opacity":200,"_color":{"__type__":"cc.Color"},"_contentSize":{"__type__":"cc.Size","width":1080,"height":1920},"_trs":{"__type__":"TypedArray","ctor":"Float64Array","array":[0,0,0,0,0,0,1,1,1,1]}},{"__type__":"cc.Node","_name":"bx","_parent":{"__id__":56},"_components":[{"__type__":"cc.Sprite","node":{"__id__":58},"_materials":[{"__uuid__":"ecpdLyjvZBwrvm+cedCcQy"}],"_spriteFrame":{"__uuid__":"43ssYEiSNOK44HuV2QAFdK"}}],"_prefab":{"__type__":"cc.PrefabInfo","root":{"__id__":1},"asset":{"__uuid__":"50Bp0nXvlPsIfuJRX0QP61"},"fileId":"ceTpKp5FVHg5XeJM092M17"},"_contentSize":{"__type__":"cc.Size","width":619,"height":587},"_trs":{"__type__":"TypedArray","ctor":"Float64Array","array":[0,100,0,0,0,0,1,1,1,1]}},{"__type__":"cc.Node","_name":"price","_parent":{"__id__":56},"_components":[{"__type__":"cc.Label","node":{"__id__":59},"_materials":[{"__uuid__":"ecpdLyjvZBwrvm+cedCcQy"}],"_useOriginalSize":false,"_string":"99","_N$string":"99","_fontSize":90,"_lineHeight":90,"_styleFlags":1,"_N$horizontalAlign":1,"_N$verticalAlign":1},{"__type__":"cc.LabelOutline","node":{"__id__":59},"_color":{"__type__":"cc.Color"},"_width":3}],"_prefab":{"__type__":"cc.PrefabInfo","root":{"__id__":1},"asset":{"__uuid__":"50Bp0nXvlPsIfuJRX0QP61"},"fileId":"3dbLIA4OJLg6iq2j+FLoYo"},"_contentSize":{"__type__":"cc.Size","width":106.11,"height":119.4},"_trs":{"__type__":"TypedArray","ctor":"Float64Array","array":[0,-100,0,0,0,0,1,1,1,1]}},{"__type__":"cc.Node","_name":"BtnVideoDouble","_parent":{"__id__":56},"_children":[{"__id__":61}],"_components":[{"__type__":"cc.Button","node":{"__id__":60},"_normalMaterial":{"__uuid__":"ecpdLyjvZBwrvm+cedCcQy"},"_N$transition":3,"transition":3,"_N$normalColor":{"__type__":"cc.Color","r":230,"g":230,"b":230},"_N$pressedColor":{"__type__":"cc.Color","r":200,"g":200,"b":200},"pressedColor":{"__type__":"cc.Color","r":200,"g":200,"b":200},"_N$disabledColor":{"__type__":"cc.Color","r":120,"g":120,"b":120,"a":200},"_N$normalSprite":{"__uuid__":"f0BIwQ8D5Ml7nTNQbh1YlS"},"_N$pressedSprite":{"__uuid__":"e97GVMl6JHh5Ml5qEDdSGa"},"pressedSprite":{"__uuid__":"e97GVMl6JHh5Ml5qEDdSGa"},"_N$hoverSprite":{"__uuid__":"f0BIwQ8D5Ml7nTNQbh1YlS"},"hoverSprite":{"__uuid__":"f0BIwQ8D5Ml7nTNQbh1YlS"},"_N$disabledSprite":{"__uuid__":"29FYIk+N1GYaeWH/q1NxQO"},"_N$target":{"__id__":61}}],"_prefab":{"__type__":"cc.PrefabInfo","root":{"__id__":1},"asset":{"__uuid__":"50Bp0nXvlPsIfuJRX0QP61"},"fileId":"98twgxQTFEDI2VANuBcm/H"},"_contentSize":{"__type__":"cc.Size","width":313,"height":111},"_trs":{"__type__":"TypedArray","ctor":"Float64Array","array":[-180,-287,0,0,0,0,1,1,1,1]}},{"__type__":"cc.Node","_name":"Background","_objFlags":512,"_parent":{"__id__":60},"_components":[{"__type__":"cc.Sprite","node":{"__id__":61},"_materials":[{"__uuid__":"ecpdLyjvZBwrvm+cedCcQy"}],"_spriteFrame":{"__uuid__":"cdjjRxiSZF04fFWHplQp+v"},"_type":1},{"__type__":"cc.Widget","node":{"__id__":61},"alignMode":0,"_alignFlags":45,"_originalWidth":100,"_originalHeight":40}],"_prefab":{"__type__":"cc.PrefabInfo","root":{"__id__":1},"asset":{"__uuid__":"50Bp0nXvlPsIfuJRX0QP61"},"fileId":"485o1Xy+RK/YpBWu0WSO1u"},"_contentSize":{"__type__":"cc.Size","width":313,"height":111},"_trs":{"__type__":"TypedArray","ctor":"Float64Array","array":[0,0,0,0,0,0,1,1,1,0]}},{"__type__":"cc.Node","_name":"BtnVideoGet","_parent":{"__id__":56},"_children":[{"__id__":63}],"_components":[{"__type__":"cc.Button","node":{"__id__":62},"_normalMaterial":{"__uuid__":"ecpdLyjvZBwrvm+cedCcQy"},"_N$transition":3,"transition":3,"_N$normalColor":{"__type__":"cc.Color","r":230,"g":230,"b":230},"_N$pressedColor":{"__type__":"cc.Color","r":200,"g":200,"b":200},"pressedColor":{"__type__":"cc.Color","r":200,"g":200,"b":200},"_N$disabledColor":{"__type__":"cc.Color","r":120,"g":120,"b":120,"a":200},"_N$normalSprite":{"__uuid__":"f0BIwQ8D5Ml7nTNQbh1YlS"},"_N$pressedSprite":{"__uuid__":"e97GVMl6JHh5Ml5qEDdSGa"},"pressedSprite":{"__uuid__":"e97GVMl6JHh5Ml5qEDdSGa"},"_N$hoverSprite":{"__uuid__":"f0BIwQ8D5Ml7nTNQbh1YlS"},"hoverSprite":{"__uuid__":"f0BIwQ8D5Ml7nTNQbh1YlS"},"_N$disabledSprite":{"__uuid__":"29FYIk+N1GYaeWH/q1NxQO"},"_N$target":{"__id__":63}}],"_prefab":{"__type__":"cc.PrefabInfo","root":{"__id__":1},"asset":{"__uuid__":"50Bp0nXvlPsIfuJRX0QP61"},"fileId":"fd/4b1BXtCyK11txyaHJaw"},"_contentSize":{"__type__":"cc.Size","width":313,"height":111},"_trs":{"__type__":"TypedArray","ctor":"Float64Array","array":[180,-287,0,0,0,0,1,1,1,1]}},{"__type__":"cc.Node","_name":"Background","_objFlags":512,"_parent":{"__id__":62},"_components":[{"__type__":"cc.Sprite","node":{"__id__":63},"_materials":[{"__uuid__":"ecpdLyjvZBwrvm+cedCcQy"}],"_spriteFrame":{"__uuid__":"4bvSPHyspFzpej+y2Br4as"},"_type":1},{"__type__":"cc.Widget","node":{"__id__":63},"alignMode":0,"_alignFlags":45,"_originalWidth":100,"_originalHeight":40}],"_prefab":{"__type__":"cc.PrefabInfo","root":{"__id__":1},"asset":{"__uuid__":"50Bp0nXvlPsIfuJRX0QP61"},"fileId":"d0hYT9AmRObKnMdSnK7V+v"},"_contentSize":{"__type__":"cc.Size","width":313,"height":111},"_trs":{"__type__":"TypedArray","ctor":"Float64Array","array":[0,0,0,0,0,0,1,1,1,0]}},{"__type__":"cc.Node","_name":"BtnGet","_parent":{"__id__":56},"_children":[{"__id__":65}],"_components":[{"__type__":"cc.Button","node":{"__id__":64},"_normalMaterial":{"__uuid__":"ecpdLyjvZBwrvm+cedCcQy"},"_N$transition":3,"transition":3,"_N$normalColor":{"__type__":"cc.Color","r":230,"g":230,"b":230},"_N$pressedColor":{"__type__":"cc.Color","r":200,"g":200,"b":200},"pressedColor":{"__type__":"cc.Color","r":200,"g":200,"b":200},"_N$disabledColor":{"__type__":"cc.Color","r":120,"g":120,"b":120,"a":200},"_N$normalSprite":{"__uuid__":"f0BIwQ8D5Ml7nTNQbh1YlS"},"_N$pressedSprite":{"__uuid__":"e97GVMl6JHh5Ml5qEDdSGa"},"pressedSprite":{"__uuid__":"e97GVMl6JHh5Ml5qEDdSGa"},"_N$hoverSprite":{"__uuid__":"f0BIwQ8D5Ml7nTNQbh1YlS"},"hoverSprite":{"__uuid__":"f0BIwQ8D5Ml7nTNQbh1YlS"},"_N$disabledSprite":{"__uuid__":"29FYIk+N1GYaeWH/q1NxQO"},"_N$target":{"__id__":65}}],"_prefab":{"__type__":"cc.PrefabInfo","root":{"__id__":1},"asset":{"__uuid__":"50Bp0nXvlPsIfuJRX0QP61"},"fileId":"74MICyLSlMeZVuOtjjrSJA"},"_contentSize":{"__type__":"cc.Size","width":313,"height":111},"_trs":{"__type__":"TypedArray","ctor":"Float64Array","array":[180,-287,0,0,0,0,1,1,1,1]}},{"__type__":"cc.Node","_name":"Background","_objFlags":512,"_parent":{"__id__":64},"_components":[{"__type__":"cc.Sprite","node":{"__id__":65},"_materials":[{"__uuid__":"ecpdLyjvZBwrvm+cedCcQy"}],"_spriteFrame":{"__uuid__":"47aY25FpZKkIQDzWg803Hl"},"_type":1},{"__type__":"cc.Widget","node":{"__id__":65},"alignMode":0,"_alignFlags":45,"_originalWidth":100,"_originalHeight":40}],"_prefab":{"__type__":"cc.PrefabInfo","root":{"__id__":1},"asset":{"__uuid__":"50Bp0nXvlPsIfuJRX0QP61"},"fileId":"5ftsrhExpCM4LyJ935ncIU"},"_contentSize":{"__type__":"cc.Size","width":313,"height":111},"_trs":{"__type__":"TypedArray","ctor":"Float64Array","array":[0,0,0,0,0,0,1,1,1,0]}},{"__type__":"cc.Node","_name":"BtnLose","_parent":{"__id__":56},"_children":[{"__id__":67}],"_components":[{"__type__":"cc.Button","node":{"__id__":66},"_normalMaterial":{"__uuid__":"ecpdLyjvZBwrvm+cedCcQy"},"_N$transition":3,"transition":3,"_N$normalColor":{"__type__":"cc.Color","r":230,"g":230,"b":230},"_N$pressedColor":{"__type__":"cc.Color","r":200,"g":200,"b":200},"pressedColor":{"__type__":"cc.Color","r":200,"g":200,"b":200},"_N$disabledColor":{"__type__":"cc.Color","r":120,"g":120,"b":120,"a":200},"_N$normalSprite":{"__uuid__":"f0BIwQ8D5Ml7nTNQbh1YlS"},"_N$pressedSprite":{"__uuid__":"e97GVMl6JHh5Ml5qEDdSGa"},"pressedSprite":{"__uuid__":"e97GVMl6JHh5Ml5qEDdSGa"},"_N$hoverSprite":{"__uuid__":"f0BIwQ8D5Ml7nTNQbh1YlS"},"hoverSprite":{"__uuid__":"f0BIwQ8D5Ml7nTNQbh1YlS"},"_N$disabledSprite":{"__uuid__":"29FYIk+N1GYaeWH/q1NxQO"},"_N$target":{"__id__":67}}],"_prefab":{"__type__":"cc.PrefabInfo","root":{"__id__":1},"asset":{"__uuid__":"50Bp0nXvlPsIfuJRX0QP61"},"fileId":"d0gG/5VBxFo6v3OKSZPLr2"},"_contentSize":{"__type__":"cc.Size","width":313,"height":111},"_trs":{"__type__":"TypedArray","ctor":"Float64Array","array":[-180,-287,0,0,0,0,1,1,1,1]}},{"__type__":"cc.Node","_name":"Background","_objFlags":512,"_parent":{"__id__":66},"_components":[{"__type__":"cc.Sprite","node":{"__id__":67},"_materials":[{"__uuid__":"ecpdLyjvZBwrvm+cedCcQy"}],"_spriteFrame":{"__uuid__":"daj/lEBJFDzau4kX01wP82"},"_type":1},{"__type__":"cc.Widget","node":{"__id__":67},"alignMode":0,"_alignFlags":45,"_originalWidth":100,"_originalHeight":40}],"_prefab":{"__type__":"cc.PrefabInfo","root":{"__id__":1},"asset":{"__uuid__":"50Bp0nXvlPsIfuJRX0QP61"},"fileId":"8dbgez13RCQKhC+ZPCT7MP"},"_contentSize":{"__type__":"cc.Size","width":313,"height":111},"_trs":{"__type__":"TypedArray","ctor":"Float64Array","array":[0,0,0,0,0,0,1,1,1,0]}}],{"__type__":"cc.SpriteFrame","content":{"name":"video_icon","texture":"1bsqbvIGxEgJFkn81zrZZj","rect":[0,0,77,56],"offset":[0,0],"originalSize":[77,56],"capInsets":[0,0,0,0]}},{"__type__":"cc.SpriteFrame","content":{"name":"bx_videoOpen","texture":"b5gbxzei1AGrygV9ZQeuMD","rect":[0,0,443,157],"offset":[0,0],"originalSize":[443,157],"capInsets":[0,0,0,0]}},{"__type__":"cc.SpriteFrame","content":{"name":"bx_close","texture":"b0S9ZEXcNIEK6PqJY4WAk5","rect":[0,0,443,157],"offset":[0,0],"originalSize":[443,157],"capInsets":[0,0,0,0]}},{"__type__":"cc.SpriteFrame","content":{"name":"bx_iconClose","texture":"60inYEOmZLdLjv0wFZX4TK","rect":[0,0,155,142],"offset":[0,0],"originalSize":[155,142],"capInsets":[0,0,0,0]}},{"__type__":"cc.SpriteFrame","content":{"name":"bx_videoDouble","texture":"e8d890x3lPRIJKUoImk/K1","rect":[0,0,313,111],"offset":[0,0],"originalSize":[313,111],"capInsets":[0,0,0,0]}},{"__type__":"cc.SpriteFrame","content":{"name":"bx_lose","texture":"4080fM7IdAULRRSH85IPus","rect":[0,0,313,111],"offset":[0,0],"originalSize":[313,111],"capInsets":[0,0,0,0]}}]