[{"__type__":"cc.SpriteFrame","content":{"name":"xinshou2-en","texture":"55lWYE6RBNP7HjrQ4GPi2k","rect":[0,0,349,114],"offset":[0,0],"originalSize":[349,114],"capInsets":[0,0,0,0]}},{"__type__":"cc.SpriteFrame","content":{"name":"guanqia4","texture":"59B/FrCtVJM4B6bblb+PwQ","rect":[1,1,728,1388],"offset":[0,0],"originalSize":[730,1390],"capInsets":[0,0,0,0]}},[{"__type__":"cc.Prefab","_name":"UIDerived4","data":{"__id__":1}},{"__type__":"cc.Node","_name":"UIDerived4","_children":[{"__type__":"cc.Node","_name":"player","_parent":{"__id__":1},"_prefab":{"__type__":"cc.PrefabInfo","root":{"__id__":1},"asset":{"__uuid__":"eb7rYCYYpJWKrEh9pM/xVQ"},"fileId":"d6K3ZgMydIobGL9DKaYgOn"},"_contentSize":{"__type__":"cc.Size","width":234.2,"height":136},"_trs":{"__type__":"TypedArray","ctor":"Float64Array","array":[-228.47,-557.692,0,0,0,0,1,0.7,0.7,0.7]}},{"__type__":"cc.Node","_name":"bule_node","_parent":{"__id__":1},"_prefab":{"__type__":"cc.PrefabInfo","root":{"__id__":1},"asset":{"__uuid__":"eb7rYCYYpJWKrEh9pM/xVQ"},"fileId":"04psWE/WtIur/quUZFy/z6"},"_trs":{"__type__":"TypedArray","ctor":"Float64Array","array":[0,0,0,0,0,0,1,1,1,1]}},{"__type__":"cc.Node","_name":"greenwater_node","_parent":{"__id__":1},"_prefab":{"__type__":"cc.PrefabInfo","root":{"__id__":1},"asset":{"__uuid__":"eb7rYCYYpJWKrEh9pM/xVQ"},"fileId":"70bmSMoHVOJLfNQP3cW7nd"},"_trs":{"__type__":"TypedArray","ctor":"Float64Array","array":[0,0,0,0,0,0,1,1,1,1]}},{"__type__":"cc.Node","_name":"redwater_node","_parent":{"__id__":1},"_prefab":{"__type__":"cc.PrefabInfo","root":{"__id__":1},"asset":{"__uuid__":"eb7rYCYYpJWKrEh9pM/xVQ"},"fileId":"1cB/djfJVCSKgSvsKGp80x"},"_trs":{"__type__":"TypedArray","ctor":"Float64Array","array":[0,0,0,0,0,0,1,1,1,1]}},{"__id__":2},{"__type__":"cc.Node","_name":"gray_node","_parent":{"__id__":1},"_prefab":{"__type__":"cc.PrefabInfo","root":{"__id__":1},"asset":{"__uuid__":"eb7rYCYYpJWKrEh9pM/xVQ"},"fileId":"70Y0BV2L9Bbb5cgWrY2dJr"},"_trs":{"__type__":"TypedArray","ctor":"Float64Array","array":[0,0,0,0,0,0,1,1,1,1]}},{"__id__":3},{"__id__":4},{"__type__":"cc.Node","_name":"greenPos_node","_parent":{"__id__":1},"_prefab":{"__type__":"cc.PrefabInfo","root":{"__id__":1},"asset":{"__uuid__":"eb7rYCYYpJWKrEh9pM/xVQ"},"fileId":"77kr7HMQdCEpQ1M+56hNBe"},"_trs":{"__type__":"TypedArray","ctor":"Float64Array","array":[0,0,0,0,0,0,1,1,1,1]}},{"__id__":5},{"__id__":6},{"__id__":8}],"_components":[{"__type__":"cc.Sprite","node":{"__id__":1},"_materials":[{"__uuid__":"ecpdLyjvZBwrvm+cedCcQy"}],"_spriteFrame":{"__uuid__":"e3Dkv8019CT5V40dPrAiUy"}},{"__type__":"cc.PhysicsPolygonCollider","node":{"__id__":1},"points":[{"__type__":"cc.Vec2","x":451,"y":792},{"__type__":"cc.Vec2","x":239,"y":799},{"__type__":"cc.Vec2","x":83,"y":650},{"__type__":"cc.Vec2","x":321,"y":651},{"__type__":"cc.Vec2","x":324,"y":-462},{"__type__":"cc.Vec2","x":19.1,"y":-465.6},{"__type__":"cc.Vec2","x":19.3,"y":-182.6},{"__type__":"cc.Vec2","x":-127.7,"y":-266.5},{"__type__":"cc.Vec2","x":-127,"y":-654},{"__type__":"cc.Vec2","x":-320,"y":-655},{"__type__":"cc.Vec2","x":-324.2,"y":86.8},{"__type__":"cc.Vec2","x":83,"y":81},{"__type__":"cc.Vec2","x":83.9,"y":649.8},{"__type__":"cc.Vec2","x":245,"y":801},{"__type__":"cc.Vec2","x":-43,"y":798},{"__type__":"cc.Vec2","x":-43,"y":214},{"__type__":"cc.Vec2","x":-461,"y":212},{"__type__":"cc.Vec2","x":-457,"y":-799},{"__type__":"cc.Vec2","x":455,"y":-801}]},{"__type__":"1100eDGpRlLMYp5CrYQGpcQ","node":{"__id__":1}},{"__type__":"cc.RigidBody","node":{"__id__":1},"_type":0}],"_prefab":{"__type__":"cc.PrefabInfo","root":{"__id__":1},"asset":{"__uuid__":"eb7rYCYYpJWKrEh9pM/xVQ"},"fileId":"a8pAuzZtBAqJGAS2/Z+wlx"},"_contentSize":{"__type__":"cc.Size","width":728,"height":1388},"_trs":{"__type__":"TypedArray","ctor":"Float64Array","array":[-28.724,40,0,0,0,0,1,1,1,1]}},{"__type__":"cc.Node","_name":"black_node","_parent":{"__id__":1},"_components":[{"__type__":"6c0e8KZwr5L34azTYX21stu","node":{"__id__":2}}],"_prefab":{"__type__":"cc.PrefabInfo","root":{"__id__":1},"asset":{"__uuid__":"eb7rYCYYpJWKrEh9pM/xVQ"},"fileId":"d9D4ziPkZJBZZ06csy81/y"},"_trs":{"__type__":"TypedArray","ctor":"Float64Array","array":[0,0,0,0,0,0,1,1,1,1]}},{"__type__":"cc.Node","_name":"bulePos_node","_parent":{"__id__":1},"_children":[{"__type__":"cc.Node","_name":"New Node","_parent":{"__id__":3},"_prefab":{"__type__":"cc.PrefabInfo","root":{"__id__":1},"asset":{"__uuid__":"eb7rYCYYpJWKrEh9pM/xVQ"},"fileId":"8cEQBsPzVHxYbd0+unLw4g"},"_trs":{"__type__":"TypedArray","ctor":"Float64Array","array":[176,174.155,0,0,0,0,1,1,1,1]}}],"_prefab":{"__type__":"cc.PrefabInfo","root":{"__id__":1},"asset":{"__uuid__":"eb7rYCYYpJWKrEh9pM/xVQ"},"fileId":"69FCrnCwVPYLE4aqm9j09U"},"_trs":{"__type__":"TypedArray","ctor":"Float64Array","array":[0,0,0,0,0,0,1,1,1,1]}},{"__type__":"cc.Node","_name":"redPos_node","_parent":{"__id__":1},"_children":[{"__type__":"cc.Node","_name":"New Node","_parent":{"__id__":4},"_prefab":{"__type__":"cc.PrefabInfo","root":{"__id__":1},"asset":{"__uuid__":"eb7rYCYYpJWKrEh9pM/xVQ"},"fileId":"d7PeI22DhMXZABGh8JlSPh"},"_trs":{"__type__":"TypedArray","ctor":"Float64Array","array":[140,-310,0,0,0,0,1,1,1,1]}}],"_prefab":{"__type__":"cc.PrefabInfo","root":{"__id__":1},"asset":{"__uuid__":"eb7rYCYYpJWKrEh9pM/xVQ"},"fileId":"4a64H1a2hMsLFWA+pQ0YGZ"},"_trs":{"__type__":"TypedArray","ctor":"Float64Array","array":[0,0,0,0,0,0,1,1,1,1]}},{"__type__":"cc.Node","_name":"xinshou2","_parent":{"__id__":1},"_components":[{"__type__":"cc.Sprite","node":{"__id__":5},"_materials":[{"__uuid__":"ecpdLyjvZBwrvm+cedCcQy"}],"_spriteFrame":{"__uuid__":"09ar6IjBZFM5QGMFpscae/"}}],"_prefab":{"__type__":"cc.PrefabInfo","root":{"__id__":1},"asset":{"__uuid__":"eb7rYCYYpJWKrEh9pM/xVQ"},"fileId":"d0svmzMzJDb5LnGq7JUc2D"},"_contentSize":{"__type__":"cc.Size","width":349,"height":114},"_trs":{"__type__":"TypedArray","ctor":"Float64Array","array":[192.222,-555.122,0,0,0,0,1,1,1,1]}},{"__type__":"cc.Node","_name":"zhenNode","_parent":{"__id__":1},"_children":[{"__id__":7}],"_prefab":{"__type__":"cc.PrefabInfo","root":{"__id__":1},"asset":{"__uuid__":"eb7rYCYYpJWKrEh9pM/xVQ"},"fileId":"d2PG2JnEtOY4VaEUkNXfNn"},"_trs":{"__type__":"TypedArray","ctor":"Float64Array","array":[80.196,-128.34,0,0,0,0.27563735581699916,0.9612616959383189,1,1,1]},"_eulerAngles":{"__type__":"cc.Vec3","z":32},"_groupIndex":8,"groupIndex":8},{"__type__":"cc.Node","_name":"zhen","_parent":{"__id__":6},"_components":[{"__type__":"cc.Sprite","node":{"__id__":7},"_materials":[{"__uuid__":"ecpdLyjvZBwrvm+cedCcQy"}],"_spriteFrame":{"__uuid__":"81u1O4l2lM2IGXbUA/0aw7"},"_type":1,"_sizeMode":0},{"__type__":"cc.RigidBody","node":{"__id__":7},"_type":3,"_gravityScale":0,"_fixedRotation":true,"enabledContactListener":true},{"__type__":"cc.PhysicsPolygonCollider","node":{"__id__":7},"tag":222,"points":[{"__type__":"cc.Vec2","x":545.5,"y":36.8},{"__type__":"cc.Vec2","x":544,"y":-44},{"__type__":"cc.Vec2","x":-638,"y":-37},{"__type__":"cc.Vec2","x":-640,"y":42}]},{"__type__":"72555Q9muRD1505Zi2fOOxm","node":{"__id__":7},"linevelocityX":1000}],"_prefab":{"__type__":"cc.PrefabInfo","root":{"__id__":1},"asset":{"__uuid__":"eb7rYCYYpJWKrEh9pM/xVQ"},"fileId":"cc78m03SFOso5Q8kOgcrDC"},"_contentSize":{"__type__":"cc.Size","width":1305,"height":111},"_trs":{"__type__":"TypedArray","ctor":"Float64Array","array":[0,0,0,0,0,0,1,0.8,0.8,0.8]},"_groupIndex":8,"groupIndex":8},{"__type__":"cc.Node","_name":"zhenNode","_parent":{"__id__":1},"_children":[{"__id__":9}],"_prefab":{"__type__":"cc.PrefabInfo","root":{"__id__":1},"asset":{"__uuid__":"eb7rYCYYpJWKrEh9pM/xVQ"},"fileId":"84+mswnllIkaRcepP80MVf"},"_trs":{"__type__":"TypedArray","ctor":"Float64Array","array":[36.508,54.74,0,0,0,0.8260933767718212,0.5635332579837059,1,1,1]},"_eulerAngles":{"__type__":"cc.Vec3","z":111.399},"_groupIndex":8,"groupIndex":8},{"__type__":"cc.Node","_name":"zhen","_parent":{"__id__":8},"_components":[{"__type__":"cc.Sprite","node":{"__id__":9},"_materials":[{"__uuid__":"ecpdLyjvZBwrvm+cedCcQy"}],"_spriteFrame":{"__uuid__":"81u1O4l2lM2IGXbUA/0aw7"},"_type":1,"_sizeMode":0},{"__type__":"cc.RigidBody","node":{"__id__":9},"_type":3,"_gravityScale":0,"_fixedRotation":true,"enabledContactListener":true},{"__type__":"cc.PhysicsPolygonCollider","node":{"__id__":9},"tag":222,"points":[{"__type__":"cc.Vec2","x":214.5,"y":-55.8},{"__type__":"cc.Vec2","x":213.1,"y":55.8},{"__type__":"cc.Vec2","x":122.7,"y":52.8},{"__type__":"cc.Vec2","x":105.1,"y":26.3},{"__type__":"cc.Vec2","x":-172.6,"y":29.3},{"__type__":"cc.Vec2","x":-160.2,"y":-28.8},{"__type__":"cc.Vec2","x":101.9,"y":-28.9},{"__type__":"cc.Vec2","x":119,"y":-57.6}]},{"__type__":"72555Q9muRD1505Zi2fOOxm","node":{"__id__":9},"linevelocityX":500}],"_prefab":{"__type__":"cc.PrefabInfo","root":{"__id__":1},"asset":{"__uuid__":"eb7rYCYYpJWKrEh9pM/xVQ"},"fileId":"efM0jWME9Az7NiicORSU9o"},"_contentSize":{"__type__":"cc.Size","width":423,"height":111},"_trs":{"__type__":"TypedArray","ctor":"Float64Array","array":[0,0,0,0,0,0,1,0.8,0.8,0.8]},"_groupIndex":8,"groupIndex":8}]]