[{"__type__":"cc.SpriteFrame","content":{"name":"jiazaibeijing","texture":"08eKVvsBdP1Lk45BPI3BCM","rect":[0,0,1080,1900],"offset":[0,0],"originalSize":[1080,1900],"capInsets":[0,0,0,0]}},{"__type__":"cc.SpriteFrame","content":{"name":"loadbg2","texture":"45UDDNYklKlLMPMikHPKnj","rect":[0,0,1080,300],"offset":[0,0],"originalSize":[1080,300],"capInsets":[0,0,0,0]}},{"__type__":"cc.SpriteFrame","content":{"name":"jiazaizhong2-en","texture":"bdKE9KzuxPjoJE0Yz7oQX4","rect":[0,0,484,219],"offset":[-0.5,0.5],"originalSize":[485,220],"capInsets":[0,0,0,0]}},{"__type__":"sp.SkeletonData","_name":"gk_jiazai","_skeletonJson":{"skeleton":{"hash":"9Sltp/a/SftGVF10t46Glk0wlfs","spine":"3.7.94","width":259.12,"height":238.51},"bones":[{"name":"root"},{"name":"bone_1","parent":"root","x":-95.43,"y":74.88},{"name":"bone_d","parent":"root","x":59.28,"y":-87.38},{"name":"bone_d2","parent":"root","x":90.72,"y":-87.38},{"name":"bone_d3","parent":"root","x":120.98,"y":-87.38}],"slots":[{"name":"d","bone":"bone_d","attachment":"d"},{"name":"d2","bone":"bone_d2","attachment":"d"},{"name":"d3","bone":"bone_d3","attachment":"d"},{"name":"wz","bone":"root","attachment":"wz"},{"name":"1","bone":"bone_1","attachment":"1"},{"name":"jzx","bone":"root","attachment":"jzx"}],"skins":{"default":{"1":{"1":{"type":"clipping","end":"1","vertexCount":4,"vertices":[-40.19,127.89,-39.79,-94.19,-34.57,-95,-34.57,127.48]}},"d":{"d":{"x":0.14,"y":-0.32,"width":6,"height":6}},"d2":{"d":{"x":0.14,"y":-0.32,"width":6,"height":6}},"d3":{"d":{"x":0.14,"y":-0.32,"width":6,"height":6}},"jzx":{"jzx":{"y":75.31,"width":270,"height":145}},"wz":{"wz":{"x":-36.7,"y":-63.09,"width":164,"height":54}}}},"animations":{"animation":{"slots":{"d":{"color":[{"time":0,"color":"ffffff00"},{"time":0.1333,"color":"ffffffff","curve":"stepped"},{"time":0.4,"color":"ffffffff"},{"time":0.5333,"color":"ffffff00","curve":"stepped"},{"time":0.8,"color":"ffffff00"},{"time":0.9333,"color":"ffffffff","curve":"stepped"},{"time":1.2,"color":"ffffffff"},{"time":1.3333,"color":"ffffff00","curve":"stepped"},{"time":1.6,"color":"ffffff00"},{"time":1.7333,"color":"ffffffff","curve":"stepped"},{"time":2,"color":"ffffffff"},{"time":2.1333,"color":"ffffff00"}]},"d2":{"color":[{"time":0,"color":"ffffff00","curve":"stepped"},{"time":0.1333,"color":"ffffff00"},{"time":0.2667,"color":"ffffffff","curve":"stepped"},{"time":0.4,"color":"ffffffff"},{"time":0.5333,"color":"ffffff00","curve":"stepped"},{"time":0.9333,"color":"ffffff00"},{"time":1.0667,"color":"ffffffff","curve":"stepped"},{"time":1.2,"color":"ffffffff"},{"time":1.3333,"color":"ffffff00","curve":"stepped"},{"time":1.7333,"color":"ffffff00"},{"time":1.8667,"color":"ffffffff","curve":"stepped"},{"time":2,"color":"ffffffff"},{"time":2.1333,"color":"ffffff00"}]},"d3":{"color":[{"time":0,"color":"ffffff00","curve":"stepped"},{"time":0.2667,"color":"ffffff00"},{"time":0.4,"color":"ffffffff"},{"time":0.5333,"color":"ffffff00","curve":"stepped"},{"time":1.0667,"color":"ffffff00"},{"time":1.2,"color":"ffffffff"},{"time":1.3333,"color":"ffffff00","curve":"stepped"},{"time":1.8667,"color":"ffffff00"},{"time":2,"color":"ffffffff"},{"time":2.1333,"color":"ffffff00","curve":"stepped"},{"time":2.4,"color":"ffffff00"}]},"jzx":{"color":[{"time":2,"color":"ffffffff"},{"time":2.3333,"color":"ffffff00"}]}},"bones":{"bone_1":{"translate":[{"time":0,"x":-5.93,"y":0}]}},"deform":{"default":{"1":{"1":[{"time":0},{"time":2,"vertices":[280.02402,0,280.517]}]}}}}}},"_atlasText":"\r\ngk_jiazai.png\r\nsize: 326,164\r\nformat: RGBA8888\r\nfilter: Linear,Linear\r\nrepeat: none\r\nd\r\n  rotate: false\r\n  xy: 0, 11\r\n  size: 6, 6\r\n  orig: 6, 6\r\n  offset: 0, 0\r\n  index: -1\r\njzx\r\n  rotate: false\r\n  xy: 0, 19\r\n  size: 270, 145\r\n  orig: 270, 145\r\n  offset: 0, 0\r\n  index: -1\r\nwz\r\n  rotate: true\r\n  xy: 272, 0\r\n  size: 164, 54\r\n  orig: 164, 54\r\n  offset: 0, 0\r\n  index: -1\r\n","textures":[{"__uuid__":"bdiB4hml1B4KJD6NZJqhU0"}],"textureNames":["gk_jiazai.png"]},[{"__type__":"cc.Prefab","_name":"UIGameLoadingPage","data":{"__id__":1}},{"__type__":"cc.Node","_name":"UIGameLoadingPage","_children":[{"__id__":2},{"__id__":5},{"__id__":6},{"__type__":"cc.Node","_name":"jindu","_parent":{"__id__":1},"_prefab":{"__type__":"cc.PrefabInfo","root":{"__id__":1},"asset":{"__uuid__":"6e4zYMpARIrr5VB9oH4L7L"},"fileId":"e400Zlf2dJG6yyPg/7qPEK"},"_trs":{"__type__":"TypedArray","ctor":"Float64Array","array":[0,0,0,0,0,0,1,1,1,1]}},{"__id__":7}],"_components":[{"__type__":"cc.Widget","node":{"__id__":1},"_alignFlags":45},{"__type__":"cc.BlockInputEvents","node":{"__id__":1}}],"_prefab":{"__type__":"cc.PrefabInfo","root":{"__id__":1},"asset":{"__uuid__":"6e4zYMpARIrr5VB9oH4L7L"},"fileId":"81LOFbQ3BI3YqqIoZTj74S"},"_color":{"__type__":"cc.Color","r":27,"g":27,"b":27},"_contentSize":{"__type__":"cc.Size","width":1080,"height":1920},"_trs":{"__type__":"TypedArray","ctor":"Float64Array","array":[540,960,0,0,0,0,1,1,1,1]}},{"__type__":"cc.Node","_name":"Mask","_parent":{"__id__":1},"_children":[{"__id__":3},{"__id__":4}],"_components":[{"__type__":"cc.Sprite","node":{"__id__":2},"_materials":[{"__uuid__":"ecpdLyjvZBwrvm+cedCcQy"}],"_spriteFrame":{"__uuid__":"15CPnHMtZLi6tZU2YQTDYW"},"_sizeMode":0},{"__type__":"cc.Widget","node":{"__id__":2},"_alignFlags":40,"_top":910,"_bottom":910,"_originalWidth":100,"_originalHeight":100}],"_prefab":{"__type__":"cc.PrefabInfo","root":{"__id__":1},"asset":{"__uuid__":"6e4zYMpARIrr5VB9oH4L7L"},"fileId":"37x7ye0pRCX7x8fkSNZwhJ"},"_contentSize":{"__type__":"cc.Size","width":1080,"height":1920},"_trs":{"__type__":"TypedArray","ctor":"Float64Array","array":[0,0,0,0,0,0,1,1,1,1]}},{"__type__":"cc.Node","_name":"loadbg1","_parent":{"__id__":2},"_components":[{"__type__":"cc.Sprite","node":{"__id__":3},"_materials":[{"__uuid__":"ecpdLyjvZBwrvm+cedCcQy"}],"_spriteFrame":{"__uuid__":"757Ow+xf9BJrRSjUHJZdzH"}}],"_prefab":{"__type__":"cc.PrefabInfo","root":{"__id__":1},"asset":{"__uuid__":"6e4zYMpARIrr5VB9oH4L7L"},"fileId":"6bPs3WKNBEVYrLft2euL8X"},"_contentSize":{"__type__":"cc.Size","width":1080,"height":300},"_trs":{"__type__":"TypedArray","ctor":"Float64Array","array":[0,1110,0,0,0,0,1,1,1,1]}},{"__type__":"cc.Node","_name":"loadbg2","_parent":{"__id__":2},"_components":[{"__type__":"cc.Sprite","node":{"__id__":4},"_materials":[{"__uuid__":"ecpdLyjvZBwrvm+cedCcQy"}],"_spriteFrame":{"__uuid__":"1cRoK83LRF1L5vK/eLnc0X"}}],"_prefab":{"__type__":"cc.PrefabInfo","root":{"__id__":1},"asset":{"__uuid__":"6e4zYMpARIrr5VB9oH4L7L"},"fileId":"466DQgG9xHn4b8cUJBAOLU"},"_contentSize":{"__type__":"cc.Size","width":1080,"height":300},"_trs":{"__type__":"TypedArray","ctor":"Float64Array","array":[0,-1110,0,0,0,0,1,1,1,1]}},{"__type__":"cc.Node","_name":"gk_jiazai","_parent":{"__id__":1},"_active":false,"_components":[{"__type__":"sp.Skeleton","node":{"__id__":5},"_materials":[{"__uuid__":"7a/QZLET9IDreTiBfRn2PD"}],"defaultSkin":"default","defaultAnimation":"animation","_preCacheMode":0,"premultipliedAlpha":false,"_animationName":"animation","_N$skeletonData":{"__uuid__":"3e7hcFwd5P2oPxh+eWWRfc"}}],"_prefab":{"__type__":"cc.PrefabInfo","root":{"__id__":1},"asset":{"__uuid__":"6e4zYMpARIrr5VB9oH4L7L"},"fileId":"4b1ynFJVhAs4j3zY/o/wKG"},"_contentSize":{"__type__":"cc.Size","width":259.12,"height":238.51},"_trs":{"__type__":"TypedArray","ctor":"Float64Array","array":[0,0,0,0,0,0,1,1,1,1]}},{"__type__":"cc.Node","_name":"logo","_parent":{"__id__":1},"_components":[{"__type__":"cc.Sprite","node":{"__id__":6},"_materials":[{"__uuid__":"ecpdLyjvZBwrvm+cedCcQy"}],"_spriteFrame":{"__uuid__":"234OVWRlRHML9Ie0NAhDiM"}}],"_prefab":{"__type__":"cc.PrefabInfo","root":{"__id__":1},"asset":{"__uuid__":"6e4zYMpARIrr5VB9oH4L7L"},"fileId":"994UeGOI1Oc67EV05C2Mm1"},"_contentSize":{"__type__":"cc.Size","width":753,"height":406},"_trs":{"__type__":"TypedArray","ctor":"Float64Array","array":[0,519.673,0,0,0,0,1,1,1,1]}},{"__type__":"cc.Node","_name":"LoadingBar","_parent":{"__id__":1},"_children":[{"__id__":8},{"__id__":10}],"_components":[{"__type__":"cc.Sprite","node":{"__id__":7},"_materials":[{"__uuid__":"ecpdLyjvZBwrvm+cedCcQy"}],"_spriteFrame":{"__uuid__":"43M30gcMdLlL0LonZYqU8d"},"_type":1,"_sizeMode":0},{"__type__":"cc.ProgressBar","node":{"__id__":7},"_N$totalLength":560,"_N$barSprite":{"__id__":9},"_N$progress":0}],"_prefab":{"__type__":"cc.PrefabInfo","root":{"__id__":1},"asset":{"__uuid__":"6e4zYMpARIrr5VB9oH4L7L"},"fileId":"5ax10rnZ9OgZ/ahn5P0Mw5"},"_contentSize":{"__type__":"cc.Size","width":608,"height":115},"_trs":{"__type__":"TypedArray","ctor":"Float64Array","array":[0,-439.86,0,0,0,0,1,1,1,1]}},{"__type__":"cc.Node","_name":"bar","_parent":{"__id__":7},"_components":[{"__id__":9}],"_prefab":{"__type__":"cc.PrefabInfo","root":{"__id__":1},"asset":{"__uuid__":"6e4zYMpARIrr5VB9oH4L7L"},"fileId":"dbEE5d/NNGz6ZtzMEJZ3z9"},"_contentSize":{"__type__":"cc.Size","height":64},"_anchorPoint":{"__type__":"cc.Vec2","y":0.5},"_trs":{"__type__":"TypedArray","ctor":"Float64Array","array":[-281.251,0,0,0,0,0,1,1,1,1]}},{"__type__":"cc.Sprite","node":{"__id__":8},"_materials":[{"__uuid__":"ecpdLyjvZBwrvm+cedCcQy"}],"_spriteFrame":{"__uuid__":"dccAzOUpJF5rjdbg2Fi4nN"},"_type":2,"_sizeMode":0,"_fillRange":1},{"__type__":"cc.Node","_name":"jiazaizhong","_parent":{"__id__":7},"_components":[{"__type__":"cc.Sprite","node":{"__id__":10},"_materials":[{"__uuid__":"ecpdLyjvZBwrvm+cedCcQy"}],"_spriteFrame":{"__uuid__":"284mTxwzZDHqVp2zvMgode"}}],"_prefab":{"__type__":"cc.PrefabInfo","root":{"__id__":1},"asset":{"__uuid__":"6e4zYMpARIrr5VB9oH4L7L"},"fileId":"aefjfV4YtCFJFOrIBJYHm+"},"_contentSize":{"__type__":"cc.Size","width":484,"height":219},"_trs":{"__type__":"TypedArray","ctor":"Float64Array","array":[-50.323,162.348,0,0,0,0,1,1,1,1]}}],{"__type__":"cc.SpriteFrame","content":{"name":"loadbg1","texture":"86xpfSxvlNdYn4BFdsAaBF","rect":[0,0,1080,300],"offset":[0,0],"originalSize":[1080,300],"capInsets":[0,0,0,0]}}]