[[{"__type__":"cc.Prefab","_name":"UIDerived102","data":{"__id__":1}},{"__type__":"cc.Node","_name":"UIDerived80","_children":[{"__type__":"cc.Node","_name":"bule_node","_parent":{"__id__":1},"_prefab":{"__type__":"cc.PrefabInfo","root":{"__id__":1},"asset":{"__uuid__":"89B2yonMdMmYPJYjwYUT8M"},"fileId":"04mbwQEj9KmLSklOmnXttf"},"_trs":{"__type__":"TypedArray","ctor":"Float64Array","array":[0,0,0,0,0,0,1,1,1,1]}},{"__type__":"cc.Node","_name":"greenwater_node","_parent":{"__id__":1},"_prefab":{"__type__":"cc.PrefabInfo","root":{"__id__":1},"asset":{"__uuid__":"89B2yonMdMmYPJYjwYUT8M"},"fileId":"d0mYtm5KBBsITSmLWuqM9m"},"_trs":{"__type__":"TypedArray","ctor":"Float64Array","array":[0,0,0,0,0,0,1,1,1,1]}},{"__type__":"cc.Node","_name":"redwater_node","_parent":{"__id__":1},"_prefab":{"__type__":"cc.PrefabInfo","root":{"__id__":1},"asset":{"__uuid__":"89B2yonMdMmYPJYjwYUT8M"},"fileId":"3crHpVf+dIXpDRimbswJXM"},"_trs":{"__type__":"TypedArray","ctor":"Float64Array","array":[0,0,0,0,0,0,1,1,1,1]}},{"__id__":2},{"__id__":3},{"__id__":4},{"__id__":5},{"__type__":"cc.Node","_name":"greenPos_node","_parent":{"__id__":1},"_prefab":{"__type__":"cc.PrefabInfo","root":{"__id__":1},"asset":{"__uuid__":"89B2yonMdMmYPJYjwYUT8M"},"fileId":"6bGcfHXgVISJFZi8zLsevq"},"_trs":{"__type__":"TypedArray","ctor":"Float64Array","array":[0,0,0,0,0,0,1,1,1,1]}},{"__type__":"cc.Node","_name":"player","_parent":{"__id__":1},"_prefab":{"__type__":"cc.PrefabInfo","root":{"__id__":1},"asset":{"__uuid__":"89B2yonMdMmYPJYjwYUT8M"},"fileId":"895U+mp7xIu6VdeONoPcay"},"_contentSize":{"__type__":"cc.Size","width":240,"height":140},"_trs":{"__type__":"TypedArray","ctor":"Float64Array","array":[-323.458,241.556,0,0,0,0,1,-0.7,0.7,1]}},{"__id__":6},{"__id__":9},{"__id__":13},{"__id__":18},{"__id__":21},{"__id__":26}],"_components":[{"__type__":"cc.Sprite","node":{"__id__":1},"_materials":[{"__uuid__":"ecpdLyjvZBwrvm+cedCcQy"}],"_spriteFrame":{"__uuid__":"b9W7+iDaBDfpPPq7q0N578"}},{"__type__":"1100eDGpRlLMYp5CrYQGpcQ","node":{"__id__":1}},{"__type__":"cc.RigidBody","node":{"__id__":1},"_type":0},{"__type__":"cc.PhysicsPolygonCollider","node":{"__id__":1},"_offset":{"__type__":"cc.Vec2","x":-430,"y":614.7},"points":[{"__type__":"cc.Vec2","x":-49,"y":-1269},{"__type__":"cc.Vec2","x":906.7,"y":-1259},{"__type__":"cc.Vec2","x":909.1,"y":-396.2},{"__type__":"cc.Vec2","x":781.7,"y":-328.2},{"__type__":"cc.Vec2","x":751.4,"y":-322.5},{"__type__":"cc.Vec2","x":739.8,"y":-344.9},{"__type__":"cc.Vec2","x":741.9,"y":-1217},{"__type__":"cc.Vec2","x":1,"y":-1214},{"__type__":"cc.Vec2","x":-2.3,"y":-604.6},{"__type__":"cc.Vec2","x":99.1,"y":-606.3},{"__type__":"cc.Vec2","x":483.3,"y":-606.1},{"__type__":"cc.Vec2","x":484.4,"y":-962.5},{"__type__":"cc.Vec2","x":253.3,"y":-963},{"__type__":"cc.Vec2","x":255.2,"y":-858.6},{"__type__":"cc.Vec2","x":348.1,"y":-859.8},{"__type__":"cc.Vec2","x":382.7,"y":-847.1},{"__type__":"cc.Vec2","x":380.2,"y":-722.7},{"__type__":"cc.Vec2","x":356,"y":-705.8},{"__type__":"cc.Vec2","x":118.1,"y":-706.8},{"__type__":"cc.Vec2","x":99.6,"y":-721},{"__type__":"cc.Vec2","x":100.2,"y":-1092.7},{"__type__":"cc.Vec2","x":123.8,"y":-1118.2},{"__type__":"cc.Vec2","x":640,"y":-1114},{"__type__":"cc.Vec2","x":638,"y":-713},{"__type__":"cc.Vec2","x":633.8,"y":-341.2},{"__type__":"cc.Vec2","x":616.3,"y":-323.4},{"__type__":"cc.Vec2","x":231.2,"y":-324.4},{"__type__":"cc.Vec2","x":229.1,"y":-450.1},{"__type__":"cc.Vec2","x":-3.7,"y":-445.2},{"__type__":"cc.Vec2","x":-5.4,"y":-11.2},{"__type__":"cc.Vec2","x":226.4,"y":-11.9},{"__type__":"cc.Vec2","x":226.5,"y":-198.1},{"__type__":"cc.Vec2","x":246.7,"y":-217.9},{"__type__":"cc.Vec2","x":748,"y":-222},{"__type__":"cc.Vec2","x":910,"y":-296},{"__type__":"cc.Vec2","x":906,"y":28},{"__type__":"cc.Vec2","x":-46.7,"y":29.7}]}],"_prefab":{"__type__":"cc.PrefabInfo","root":{"__id__":1},"asset":{"__uuid__":"89B2yonMdMmYPJYjwYUT8M"},"fileId":"acZjchZotHIbt+WaEnZ9u4"},"_contentSize":{"__type__":"cc.Size","width":952,"height":1286},"_trs":{"__type__":"TypedArray","ctor":"Float64Array","array":[100,0,0,0,0,0,1,1,1,1]}},{"__type__":"cc.Node","_name":"black_node","_parent":{"__id__":1},"_components":[{"__type__":"6c0e8KZwr5L34azTYX21stu","node":{"__id__":2}}],"_prefab":{"__type__":"cc.PrefabInfo","root":{"__id__":1},"asset":{"__uuid__":"89B2yonMdMmYPJYjwYUT8M"},"fileId":"8dLz2phG1Ca40h6hqtGjvB"},"_trs":{"__type__":"TypedArray","ctor":"Float64Array","array":[0,0,0,0,0,0,1,1,1,1]}},{"__type__":"cc.Node","_name":"gray_node","_parent":{"__id__":1},"_components":[{"__type__":"3400dF2d2tHLK8+En9baGXY","node":{"__id__":3},"grey_prefab":{"__uuid__":"13FEeEL1NMaK5TFGpFQpJr"}}],"_prefab":{"__type__":"cc.PrefabInfo","root":{"__id__":1},"asset":{"__uuid__":"89B2yonMdMmYPJYjwYUT8M"},"fileId":"9062AEyrtO96zjJfuUq6wi"},"_trs":{"__type__":"TypedArray","ctor":"Float64Array","array":[0,0,0,0,0,0,1,1,1,1]}},{"__type__":"cc.Node","_name":"bulePos_node","_parent":{"__id__":1},"_children":[{"__type__":"cc.Node","_name":"New Node","_parent":{"__id__":4},"_prefab":{"__type__":"cc.PrefabInfo","root":{"__id__":1},"asset":{"__uuid__":"89B2yonMdMmYPJYjwYUT8M"},"fileId":"31Wz2H3XFGca4zFxYiH2nD"},"_trs":{"__type__":"TypedArray","ctor":"Float64Array","array":[-52.122,-304.964,0,0,0,0,1,1,1,1]}}],"_prefab":{"__type__":"cc.PrefabInfo","root":{"__id__":1},"asset":{"__uuid__":"89B2yonMdMmYPJYjwYUT8M"},"fileId":"e5wIkFhr5An4F+8t/dLni3"},"_trs":{"__type__":"TypedArray","ctor":"Float64Array","array":[0,0,0,0,0,0,1,1,1,1]}},{"__type__":"cc.Node","_name":"redPos_node","_parent":{"__id__":1},"_children":[{"__type__":"cc.Node","_name":"New Node","_parent":{"__id__":5},"_prefab":{"__type__":"cc.PrefabInfo","root":{"__id__":1},"asset":{"__uuid__":"89B2yonMdMmYPJYjwYUT8M"},"fileId":"4dT3hdkaxEEaaawThvjtRz"},"_trs":{"__type__":"TypedArray","ctor":"Float64Array","array":[-29.373,-47.174,0,0,0,0,1,1,1,1]}}],"_prefab":{"__type__":"cc.PrefabInfo","root":{"__id__":1},"asset":{"__uuid__":"89B2yonMdMmYPJYjwYUT8M"},"fileId":"bd1VEF6PxLU49gJwYdxsAf"},"_trs":{"__type__":"TypedArray","ctor":"Float64Array","array":[0,0,0,0,0,0,1,1,1,1]}},{"__type__":"cc.Node","_name":"zhenNodeTwo","_parent":{"__id__":1},"_children":[{"__id__":7},{"__id__":16},{"__id__":17}],"_prefab":{"__type__":"cc.PrefabInfo","root":{"__id__":1},"asset":{"__uuid__":"89B2yonMdMmYPJYjwYUT8M"},"fileId":"56c+ji+JhPo5PodtXc9VIf"},"_trs":{"__type__":"TypedArray","ctor":"Float64Array","array":[-156.809,-351.697,0,0,0,0.7009092642998509,0.7132504491541816,1,1,1]},"_eulerAngles":{"__type__":"cc.Vec3","z":89}},{"__type__":"cc.Node","_name":"zhen","_parent":{"__id__":6},"_components":[{"__type__":"cc.Sprite","node":{"__id__":7},"_materials":[{"__uuid__":"ecpdLyjvZBwrvm+cedCcQy"}],"_spriteFrame":{"__uuid__":"14vJwyNH1OspMXFimJtxkW"},"_type":1,"_sizeMode":0},{"__type__":"cc.RigidBody","node":{"__id__":7},"_type":3,"_gravityScale":0,"_fixedRotation":true,"enabledContactListener":true,"bullet":true},{"__type__":"cc.PhysicsPolygonCollider","node":{"__id__":7},"_offset":{"__type__":"cc.Vec2","x":206.1,"y":0.9},"points":[{"__type__":"cc.Vec2","x":-345.8,"y":-68.8},{"__type__":"cc.Vec2","x":-207.5,"y":-67.2},{"__type__":"cc.Vec2","x":-209,"y":-20.6},{"__type__":"cc.Vec2","x":-84.5,"y":-20.2},{"__type__":"cc.Vec2","x":-86.2,"y":20.1},{"__type__":"cc.Vec2","x":-209.9,"y":20.4},{"__type__":"cc.Vec2","x":-210.7,"y":65.4},{"__type__":"cc.Vec2","x":-346.9,"y":67}]},{"__type__":"1cb3eoIRdhJWZayW7A68Y7j","node":{"__id__":7},"applyUpsensor":true,"applyDownsensor":true,"allzhen":[{"__id__":8}]}],"_prefab":{"__type__":"cc.PrefabInfo","root":{"__id__":1},"asset":{"__uuid__":"89B2yonMdMmYPJYjwYUT8M"},"fileId":"8ef9Y8TE9FpJFJ+/AHhEAY"},"_contentSize":{"__type__":"cc.Size","width":244.9,"height":111},"_trs":{"__type__":"TypedArray","ctor":"Float64Array","array":[0,0,0,0,0,0,1,1,1,1]}},{"__type__":"cc.Node","_name":"zhen","_parent":{"__id__":9},"_components":[{"__type__":"cc.Sprite","node":{"__id__":8},"_materials":[{"__uuid__":"ecpdLyjvZBwrvm+cedCcQy"}],"_spriteFrame":{"__uuid__":"14vJwyNH1OspMXFimJtxkW"},"_type":1,"_sizeMode":0},{"__type__":"cc.RigidBody","node":{"__id__":8},"_type":3,"_gravityScale":0,"_fixedRotation":true,"enabledContactListener":true,"bullet":true},{"__type__":"cc.PhysicsPolygonCollider","node":{"__id__":8},"_offset":{"__type__":"cc.Vec2","x":206.1,"y":0.9},"points":[{"__type__":"cc.Vec2","x":-345.8,"y":-68.8},{"__type__":"cc.Vec2","x":-207.5,"y":-67.2},{"__type__":"cc.Vec2","x":-207.5,"y":-18.1},{"__type__":"cc.Vec2","x":-84,"y":-18.2},{"__type__":"cc.Vec2","x":-83.2,"y":17.5},{"__type__":"cc.Vec2","x":-210.1,"y":18.2},{"__type__":"cc.Vec2","x":-210.7,"y":65.4},{"__type__":"cc.Vec2","x":-346.9,"y":67}]},{"__type__":"1cb3eoIRdhJWZayW7A68Y7j","node":{"__id__":8},"applyUpsensor":true,"applyDownsensor":true,"allzhen":[{"__id__":7},{"__id__":12}]}],"_prefab":{"__type__":"cc.PrefabInfo","root":{"__id__":1},"asset":{"__uuid__":"89B2yonMdMmYPJYjwYUT8M"},"fileId":"70Ff9MVoRGsIiIQCCfZgzd"},"_contentSize":{"__type__":"cc.Size","width":244.9,"height":111},"_trs":{"__type__":"TypedArray","ctor":"Float64Array","array":[0,0,0,0,0,0,1,1,1,1]}},{"__type__":"cc.Node","_name":"zhenNodeTwo","_parent":{"__id__":1},"_children":[{"__id__":8},{"__id__":10},{"__id__":11}],"_prefab":{"__type__":"cc.PrefabInfo","root":{"__id__":1},"asset":{"__uuid__":"89B2yonMdMmYPJYjwYUT8M"},"fileId":"5alSKoB39Pxqs8vST6zF7I"},"_trs":{"__type__":"TypedArray","ctor":"Float64Array","array":[52.191,-217.318,0,0,0,1,6.123233995736766e-17,1,1,1]},"_eulerAngles":{"__type__":"cc.Vec3","z":180}},{"__type__":"cc.Node","_name":"zhenup","_parent":{"__id__":9},"_components":[{"__type__":"cc.RigidBody","node":{"__id__":10},"_type":0,"_gravityScale":0,"bullet":true}],"_prefab":{"__type__":"cc.PrefabInfo","root":{"__id__":1},"asset":{"__uuid__":"89B2yonMdMmYPJYjwYUT8M"},"fileId":"efqTjiF6pGq5nKjkAjEKcD"},"_trs":{"__type__":"TypedArray","ctor":"Float64Array","array":[0,126.83,0,0,0,0,1,1,1,1]}},{"__type__":"cc.Node","_name":"zhendown","_parent":{"__id__":9},"_components":[{"__type__":"cc.RigidBody","node":{"__id__":11},"_type":0,"_gravityScale":0,"bullet":true}],"_prefab":{"__type__":"cc.PrefabInfo","root":{"__id__":1},"asset":{"__uuid__":"89B2yonMdMmYPJYjwYUT8M"},"fileId":"8a8VXPcO1AeLcHz5/qBd2b"},"_trs":{"__type__":"TypedArray","ctor":"Float64Array","array":[10.141,-222.883,0,0,0,0,1,1,1,1]}},{"__type__":"cc.Node","_name":"zhen","_parent":{"__id__":13},"_components":[{"__type__":"cc.Sprite","node":{"__id__":12},"_materials":[{"__uuid__":"ecpdLyjvZBwrvm+cedCcQy"}],"_spriteFrame":{"__uuid__":"14vJwyNH1OspMXFimJtxkW"},"_type":1,"_sizeMode":0},{"__type__":"cc.RigidBody","node":{"__id__":12},"_type":3,"_gravityScale":0,"_fixedRotation":true,"enabledContactListener":true,"bullet":true},{"__type__":"cc.PhysicsPolygonCollider","node":{"__id__":12},"_offset":{"__type__":"cc.Vec2","x":206.1,"y":0.9},"points":[{"__type__":"cc.Vec2","x":-345.8,"y":-68.8},{"__type__":"cc.Vec2","x":-207.5,"y":-67.2},{"__type__":"cc.Vec2","x":-206.1,"y":-19.2},{"__type__":"cc.Vec2","x":-80.4,"y":-18.3},{"__type__":"cc.Vec2","x":-80.4,"y":19.2},{"__type__":"cc.Vec2","x":-208,"y":20.4},{"__type__":"cc.Vec2","x":-210.7,"y":65.4},{"__type__":"cc.Vec2","x":-346.9,"y":67}]},{"__type__":"1cb3eoIRdhJWZayW7A68Y7j","node":{"__id__":12},"applyUpsensor":true,"applyDownsensor":true,"allzhen":[{"__id__":8}]}],"_prefab":{"__type__":"cc.PrefabInfo","root":{"__id__":1},"asset":{"__uuid__":"89B2yonMdMmYPJYjwYUT8M"},"fileId":"eab5x44A9KV7BWGroWzqj1"},"_contentSize":{"__type__":"cc.Size","width":244.9,"height":111},"_trs":{"__type__":"TypedArray","ctor":"Float64Array","array":[0,0,0,0,0,0,1,1,1,1]}},{"__type__":"cc.Node","_name":"zhenNodeTwo","_parent":{"__id__":1},"_children":[{"__id__":12},{"__id__":14},{"__id__":15}],"_prefab":{"__type__":"cc.PrefabInfo","root":{"__id__":1},"asset":{"__uuid__":"89B2yonMdMmYPJYjwYUT8M"},"fileId":"53HmAenWFM/KGo7KGwiWYE"},"_trs":{"__type__":"TypedArray","ctor":"Float64Array","array":[-227.809,13.682,0,0,0,0.7071067811865476,-0.7071067811865475,1,1,1]},"_eulerAngles":{"__type__":"cc.Vec3","z":270}},{"__type__":"cc.Node","_name":"zhenup","_parent":{"__id__":13},"_components":[{"__type__":"cc.RigidBody","node":{"__id__":14},"_type":0,"_gravityScale":0,"bullet":true}],"_prefab":{"__type__":"cc.PrefabInfo","root":{"__id__":1},"asset":{"__uuid__":"89B2yonMdMmYPJYjwYUT8M"},"fileId":"6bi+95Y3BLurNbQ8hzawi/"},"_trs":{"__type__":"TypedArray","ctor":"Float64Array","array":[0,277,0,0,0,0,1,1,1,1]}},{"__type__":"cc.Node","_name":"zhendown","_parent":{"__id__":13},"_components":[{"__type__":"cc.RigidBody","node":{"__id__":15},"_type":0,"_gravityScale":0,"bullet":true}],"_prefab":{"__type__":"cc.PrefabInfo","root":{"__id__":1},"asset":{"__uuid__":"89B2yonMdMmYPJYjwYUT8M"},"fileId":"f02UhRRlxCNLpxadPv+fnW"},"_trs":{"__type__":"TypedArray","ctor":"Float64Array","array":[4.398,-203.929,0,0,0,0,1,1,1,1]}},{"__type__":"cc.Node","_name":"zhenup","_parent":{"__id__":6},"_components":[{"__type__":"cc.RigidBody","node":{"__id__":16},"_type":0,"_gravityScale":0,"bullet":true}],"_prefab":{"__type__":"cc.PrefabInfo","root":{"__id__":1},"asset":{"__uuid__":"89B2yonMdMmYPJYjwYUT8M"},"fileId":"fc4HopygpM6Kp6FKNwcboY"},"_trs":{"__type__":"TypedArray","ctor":"Float64Array","array":[0,10.298,0,0,0,0,1,1,1,1]}},{"__type__":"cc.Node","_name":"zhendown","_parent":{"__id__":6},"_components":[{"__type__":"cc.RigidBody","node":{"__id__":17},"_type":0,"_gravityScale":0,"bullet":true}],"_prefab":{"__type__":"cc.PrefabInfo","root":{"__id__":1},"asset":{"__uuid__":"89B2yonMdMmYPJYjwYUT8M"},"fileId":"f73/HDS+dBrak86R4kJTYb"},"_trs":{"__type__":"TypedArray","ctor":"Float64Array","array":[10.141,-201.524,0,0,0,0,1,1,1,1]}},{"__type__":"cc.Node","_name":"zhenNodeTwo","_parent":{"__id__":1},"_children":[{"__id__":19},{"__id__":24},{"__id__":25}],"_prefab":{"__type__":"cc.PrefabInfo","root":{"__id__":1},"asset":{"__uuid__":"89B2yonMdMmYPJYjwYUT8M"},"fileId":"a2nqd1D2VG+IBRCnsw+Zvf"},"_trs":{"__type__":"TypedArray","ctor":"Float64Array","array":[-149.022,-601.077,0,0,0,0.7009092642998509,0.7132504491541816,1,1,1]},"_eulerAngles":{"__type__":"cc.Vec3","z":89}},{"__type__":"cc.Node","_name":"zhen","_parent":{"__id__":18},"_components":[{"__type__":"cc.Sprite","node":{"__id__":19},"_materials":[{"__uuid__":"ecpdLyjvZBwrvm+cedCcQy"}],"_spriteFrame":{"__uuid__":"14vJwyNH1OspMXFimJtxkW"},"_type":1,"_sizeMode":0},{"__type__":"cc.RigidBody","node":{"__id__":19},"_type":3,"_gravityScale":0,"_fixedRotation":true,"enabledContactListener":true,"bullet":true},{"__type__":"cc.PhysicsPolygonCollider","node":{"__id__":19},"_offset":{"__type__":"cc.Vec2","x":206.1,"y":0.9},"points":[{"__type__":"cc.Vec2","x":-345.8,"y":-68.8},{"__type__":"cc.Vec2","x":-207.5,"y":-67.2},{"__type__":"cc.Vec2","x":-207.3,"y":-19.9},{"__type__":"cc.Vec2","x":-83.5,"y":-18.8},{"__type__":"cc.Vec2","x":-84.6,"y":19.8},{"__type__":"cc.Vec2","x":-208.8,"y":20.7},{"__type__":"cc.Vec2","x":-210.7,"y":65.4},{"__type__":"cc.Vec2","x":-346.9,"y":67}]},{"__type__":"1cb3eoIRdhJWZayW7A68Y7j","node":{"__id__":19},"applyUpsensor":true,"applyDownsensor":true,"allzhen":[{"__id__":20}]}],"_prefab":{"__type__":"cc.PrefabInfo","root":{"__id__":1},"asset":{"__uuid__":"89B2yonMdMmYPJYjwYUT8M"},"fileId":"feVNOgT/pMWoM4O+t+Hv0W"},"_contentSize":{"__type__":"cc.Size","width":244.9,"height":111},"_trs":{"__type__":"TypedArray","ctor":"Float64Array","array":[0,0,0,0,0,0,1,1,1,1]}},{"__type__":"cc.Node","_name":"zhen","_parent":{"__id__":21},"_components":[{"__type__":"cc.Sprite","node":{"__id__":20},"_materials":[{"__uuid__":"ecpdLyjvZBwrvm+cedCcQy"}],"_spriteFrame":{"__uuid__":"14vJwyNH1OspMXFimJtxkW"},"_type":1,"_sizeMode":0},{"__type__":"cc.RigidBody","node":{"__id__":20},"_type":3,"_gravityScale":0,"_fixedRotation":true,"enabledContactListener":true,"bullet":true},{"__type__":"cc.PhysicsPolygonCollider","node":{"__id__":20},"_offset":{"__type__":"cc.Vec2","x":206.1,"y":0.9},"points":[{"__type__":"cc.Vec2","x":-297.9,"y":-13.5},{"__type__":"cc.Vec2","x":-83.5,"y":-16.1},{"__type__":"cc.Vec2","x":-83.5,"y":17.4},{"__type__":"cc.Vec2","x":-297.9,"y":15.1}]},{"__type__":"1cb3eoIRdhJWZayW7A68Y7j","node":{"__id__":20},"applyUpsensor":true,"allzhen":[{"__id__":19}]}],"_prefab":{"__type__":"cc.PrefabInfo","root":{"__id__":1},"asset":{"__uuid__":"89B2yonMdMmYPJYjwYUT8M"},"fileId":"15L3yKgcZD1bR0Yfe5UMwU"},"_contentSize":{"__type__":"cc.Size","width":244.9,"height":111},"_trs":{"__type__":"TypedArray","ctor":"Float64Array","array":[0,0,0,0,0,0,1,1,1,1]}},{"__type__":"cc.Node","_name":"zhenNodeTwo","_parent":{"__id__":1},"_children":[{"__id__":20},{"__id__":22},{"__id__":23}],"_prefab":{"__type__":"cc.PrefabInfo","root":{"__id__":1},"asset":{"__uuid__":"89B2yonMdMmYPJYjwYUT8M"},"fileId":"a5ml1IZnpB7JKQT51e2XEF"},"_trs":{"__type__":"TypedArray","ctor":"Float64Array","array":[315.191,-217.318,0,0,0,1,6.123233995736766e-17,1,1,1]},"_eulerAngles":{"__type__":"cc.Vec3","z":180}},{"__type__":"cc.Node","_name":"zhenup","_parent":{"__id__":21},"_components":[{"__type__":"cc.RigidBody","node":{"__id__":22},"_type":0,"_gravityScale":0,"bullet":true}],"_prefab":{"__type__":"cc.PrefabInfo","root":{"__id__":1},"asset":{"__uuid__":"89B2yonMdMmYPJYjwYUT8M"},"fileId":"71Qc8GjX9KIbCUD37gwq6s"},"_trs":{"__type__":"TypedArray","ctor":"Float64Array","array":[0,382.83,0,0,0,0,1,1,1,1]}},{"__type__":"cc.Node","_name":"zhendown","_parent":{"__id__":21},"_components":[{"__type__":"cc.RigidBody","node":{"__id__":23},"_type":0,"_gravityScale":0,"bullet":true}],"_prefab":{"__type__":"cc.PrefabInfo","root":{"__id__":1},"asset":{"__uuid__":"89B2yonMdMmYPJYjwYUT8M"},"fileId":"a89Yzp52ZLt7QfvsZ+Duk7"},"_trs":{"__type__":"TypedArray","ctor":"Float64Array","array":[10.141,-489.883,0,0,0,0,1,1,1,1]}},{"__type__":"cc.Node","_name":"zhenup","_parent":{"__id__":18},"_components":[{"__type__":"cc.RigidBody","node":{"__id__":24},"_type":0,"_gravityScale":0,"bullet":true}],"_prefab":{"__type__":"cc.PrefabInfo","root":{"__id__":1},"asset":{"__uuid__":"89B2yonMdMmYPJYjwYUT8M"},"fileId":"6bJ11dLPBDb6qYQX5xA+fK"},"_trs":{"__type__":"TypedArray","ctor":"Float64Array","array":[0,278.036,0,0,0,0,1,1,1,1]}},{"__type__":"cc.Node","_name":"zhendown","_parent":{"__id__":18},"_components":[{"__type__":"cc.RigidBody","node":{"__id__":25},"_type":0,"_gravityScale":0,"bullet":true}],"_prefab":{"__type__":"cc.PrefabInfo","root":{"__id__":1},"asset":{"__uuid__":"89B2yonMdMmYPJYjwYUT8M"},"fileId":"d3F75V/8RLf5bBN4GP7XXJ"},"_trs":{"__type__":"TypedArray","ctor":"Float64Array","array":[10.141,-449.154,0,0,0,0,1,1,1,1]}},{"__type__":"cc.Node","_name":"rotationStage","_parent":{"__id__":1},"_components":[{"__type__":"cc.Sprite","node":{"__id__":26},"_materials":[{"__uuid__":"ecpdLyjvZBwrvm+cedCcQy"}],"_spriteFrame":{"__uuid__":"7cQ9AZ2ihAL7w7j2iXN4dt"}},{"__type__":"ae444naYU1I/IZzwhFmo0bP","node":{"__id__":26}},{"__type__":"cc.RigidBody","node":{"__id__":26},"_type":0},{"__type__":"cc.PhysicsBoxCollider","node":{"__id__":26},"_offset":{"__type__":"cc.Vec2","y":2.6},"_size":{"__type__":"cc.Size","width":555,"height":86.5}},{"__type__":"cc.PhysicsBoxCollider","node":{"__id__":26},"_offset":{"__type__":"cc.Vec2","x":1.8},"_size":{"__type__":"cc.Size","width":95.4,"height":555}}],"_prefab":{"__type__":"cc.PrefabInfo","root":{"__id__":1},"asset":{"__uuid__":"89B2yonMdMmYPJYjwYUT8M"},"fileId":"9aKRi2cNFBgYwkAeCCsx4O"},"_contentSize":{"__type__":"cc.Size","width":555,"height":555},"_trs":{"__type__":"TypedArray","ctor":"Float64Array","array":[258.307,396.927,0,0,0,0,1,0.5,0.5,1]}}],{"__type__":"cc.SpriteFrame","content":{"name":"guanqia122","texture":"0eBTasTrlJWaju3fE4+hlX","rect":[1,0,952,1286],"offset":[0.5,0],"originalSize":[953,1286],"capInsets":[0,0,0,0]}}]