[[{"__type__":"cc.Prefab","_name":"bx","data":{"__id__":1}},{"__type__":"cc.Node","_name":"bx","_components":[{"__type__":"sp.Skeleton","node":{"__id__":1},"_materials":[{"__uuid__":"7a/QZLET9IDreTiBfRn2PD"}],"defaultSkin":"default","defaultAnimation":"g","_preCacheMode":0,"loop":false,"premultipliedAlpha":false,"_animationName":"g","_playTimes":1,"_N$skeletonData":{"__uuid__":"aepcpab3dMDr7rF8jgSUEN"}},{"__type__":"1b2dfeRvhFLDZJk4U6NkZzH","node":{"__id__":1}}],"_prefab":{"__type__":"cc.PrefabInfo","root":{"__id__":1},"asset":{"__uuid__":"0c4M0ZuZ1No60Jzrr75goQ"},"fileId":"26RoOD8UpD768gWprFaPSr"},"_contentSize":{"__type__":"cc.Size","width":210,"height":192},"_trs":{"__type__":"TypedArray","ctor":"Float64Array","array":[0,0,0,0,0,0,1,1,1,1]}}],{"__type__":"sp.SkeletonData","_name":"bx","_skeletonJson":{"skeleton":{"hash":"mvtZ8v8TQPJuE/JQ5LuKstHimxc","spine":"3.8.99","x":-115.85,"y":-10.92,"width":210,"height":192,"images":"./images/","audio":"C:/Users/youzhixx-hp1/Desktop/0已完成/恐龙宝宝救火队/宝箱动画/images"},"bones":[{"name":"root"},{"name":"bone_bx","parent":"root","x":-0.09,"y":0.13},{"name":"dkd","parent":"bone_bx","length":62.25,"rotation":90.31,"x":-0.33,"y":-0.17},{"name":"gz1","parent":"dkd","length":45.33,"rotation":-179.05,"x":100.1,"y":0.79},{"name":"gz2","parent":"dkd","length":23.59,"rotation":177.68,"x":119.35,"y":-0.47},{"name":"jb1","parent":"bone_bx","x":-60.09,"y":3.65},{"name":"jb2","parent":"bone_bx","x":-21.25,"y":-0.17},{"name":"jb3","parent":"bone_bx","x":60.26,"y":16.43},{"name":"s","parent":"dkd","x":53.44,"y":-1.78},{"name":"g","parent":"dkd","length":91.44,"rotation":0.05,"x":68.4,"y":0.51}],"slots":[{"name":"jb3","bone":"jb3","attachment":"jb3"},{"name":"dkd","bone":"dkd","attachment":"dkd"},{"name":"gz1","bone":"gz1","attachment":"gz1"},{"name":"s","bone":"s","attachment":"s"},{"name":"jb2","bone":"jb2","attachment":"jb2"},{"name":"jb1","bone":"jb1","attachment":"jb1"},{"name":"gz2","bone":"gz2","attachment":"gz2"},{"name":"g","bone":"g","attachment":"g"}],"skins":[{"name":"default","attachments":{"dkd":{"dkd":{"x":48.12,"y":-0.83,"rotation":-90.31,"width":140,"height":100}},"g":{"g":{"x":55.78,"y":9.22,"rotation":-90.35,"width":210,"height":114}},"gz1":{"gz1":{"x":15.51,"y":1.56,"rotation":88.74,"width":140,"height":71}},"gz2":{"gz2":{"x":13.23,"y":0.2,"rotation":92.02,"width":140,"height":28}},"jb1":{"jb1":{"x":0.83,"y":0.8,"width":45,"height":27}},"jb2":{"jb2":{"x":0.49,"y":0.12,"width":36,"height":22}},"jb3":{"jb3":{"x":-0.02,"y":-0.98,"width":28,"height":29}},"s":{"s":{"x":0.18,"y":0.92,"rotation":-90.31,"width":40,"height":47}}}}],"animations":{"dk":{"slots":{"g":{"color":[{"color":"ffffff00","curve":"stepped"},{"time":0.6333,"color":"ffffff00"},{"time":0.8333,"color":"ffffffff"}]},"gz1":{"color":[{"time":0.6333,"color":"ffffffff"},{"time":0.6667,"color":"ffffff00"}]},"gz2":{"color":[{"color":"ffffff00","curve":"stepped"},{"time":0.6333,"color":"ffffff00"},{"time":0.6667,"color":"ffffffff"}]}},"bones":{"gz2":{"translate":[{"time":0.6667,"x":2.86,"y":-1.38},{"time":0.8333}]},"dkd":{"rotate":[{},{"time":0.1667,"angle":0.33},{"time":0.3333,"angle":-0.85},{"time":0.5,"curve":"stepped"},{"time":0.6667},{"time":0.7333,"angle":-4.85},{"time":0.8,"angle":4.54},{"time":0.8333}],"translate":[{},{"time":0.2333,"x":-0.01,"y":0.88},{"time":0.5,"curve":"stepped"},{"time":0.6667},{"time":0.7667,"x":-0.11,"y":34.4},{"time":0.8333}],"scale":[{},{"time":0.5,"y":0.823},{"time":0.6667,"x":0.851,"y":1.335},{"time":0.8333,"x":0.966,"y":1.038},{"time":0.9333}]},"gz1":{"rotate":[{},{"time":0.0667,"angle":2.8},{"time":0.1333,"angle":-3.71},{"time":0.2,"angle":2.8},{"time":0.2667,"angle":-3.71},{"time":0.3667,"angle":2.8},{"time":0.4333,"angle":-3.71},{"time":0.5}],"scale":[{"time":2}]}}},"g":{"slots":{"g":{"color":[{"color":"ffffff00"}]},"gz2":{"color":[{"color":"ffffff00"}]}},"bones":{"dkd":{"scale":[{},{"time":1,"y":0.96},{"time":2}]},"gz1":{"rotate":[{},{"time":0.1,"angle":0.69},{"time":0.2333,"angle":-0.5},{"time":0.3667,"angle":0.69},{"time":0.4667,"angle":-0.5},{"time":0.6,"angle":0.69},{"time":0.7333,"angle":-0.5},{"time":0.8333}]}}},"k":{"slots":{"g":{"color":[{"color":"ffffffff"},{"time":1,"color":"ffffff63"},{"time":2,"color":"ffffffff"}]},"gz1":{"color":[{"color":"ffffff00"}]}},"bones":{"g":{"translate":[{},{"time":1,"x":-0.43},{"time":2}],"scale":[{},{"time":1,"x":0.391,"y":0.764},{"time":2}]},"dkd":{"scale":[{},{"time":0.9667,"x":1.033},{"time":2}]}}}}},"_atlasText":"\r\nbx.png\r\nsize: 555,111\r\nformat: RGBA8888\r\nfilter: Linear,Linear\r\nrepeat: none\r\ndkd\r\n  rotate: false\r\n  xy: 205, 12\r\n  size: 140, 99\r\n  orig: 140, 100\r\n  offset: 0, 1\r\n  index: -1\r\ng\r\n  rotate: false\r\n  xy: 0, 0\r\n  size: 203, 111\r\n  orig: 210, 114\r\n  offset: 3, 0\r\n  index: -1\r\ngz1\r\n  rotate: false\r\n  xy: 347, 40\r\n  size: 140, 71\r\n  orig: 140, 71\r\n  offset: 0, 0\r\n  index: -1\r\ngz2\r\n  rotate: false\r\n  xy: 347, 10\r\n  size: 140, 28\r\n  orig: 140, 28\r\n  offset: 0, 0\r\n  index: -1\r\njb1\r\n  rotate: false\r\n  xy: 489, 85\r\n  size: 45, 26\r\n  orig: 45, 27\r\n  offset: 0, 0\r\n  index: -1\r\njb2\r\n  rotate: false\r\n  xy: 519, 12\r\n  size: 36, 22\r\n  orig: 36, 22\r\n  offset: 0, 0\r\n  index: -1\r\njb3\r\n  rotate: false\r\n  xy: 489, 11\r\n  size: 28, 23\r\n  orig: 28, 29\r\n  offset: 0, 2\r\n  index: -1\r\ns\r\n  rotate: false\r\n  xy: 489, 36\r\n  size: 40, 47\r\n  orig: 40, 47\r\n  offset: 0, 0\r\n  index: -1\r\n","textures":[{"__uuid__":"5fEXlJQp9EobDXd/euLLAn"}],"textureNames":["bx.png"]}]