[{"__type__":"cc.SpriteFrame","content":{"name":"guanqia36","texture":"d5NWVZEzVKzo38B2owFI3Q","rect":[1,1,982,1558],"offset":[0,0],"originalSize":[984,1560],"capInsets":[0,0,0,0]}},[{"__type__":"cc.Prefab","_name":"UIDerived78","data":{"__id__":1}},{"__type__":"cc.Node","_name":"UIDerived48","_children":[{"__type__":"cc.Node","_name":"bule_node","_parent":{"__id__":1},"_prefab":{"__type__":"cc.PrefabInfo","root":{"__id__":1},"asset":{"__uuid__":"b00/2t1WlHwrxhWrOkTaXB"},"fileId":"07QBmlBDpG6LDFYwwO+kBo"},"_trs":{"__type__":"TypedArray","ctor":"Float64Array","array":[0,0,0,0,0,0,1,1,1,1]}},{"__type__":"cc.Node","_name":"greenwater_node","_parent":{"__id__":1},"_prefab":{"__type__":"cc.PrefabInfo","root":{"__id__":1},"asset":{"__uuid__":"b00/2t1WlHwrxhWrOkTaXB"},"fileId":"aa1DQekiRHBartuOyHqKBa"},"_trs":{"__type__":"TypedArray","ctor":"Float64Array","array":[0,0,0,0,0,0,1,1,1,1]}},{"__type__":"cc.Node","_name":"redwater_node","_parent":{"__id__":1},"_prefab":{"__type__":"cc.PrefabInfo","root":{"__id__":1},"asset":{"__uuid__":"b00/2t1WlHwrxhWrOkTaXB"},"fileId":"44/+LCdyRO+awKF/m1vI/O"},"_trs":{"__type__":"TypedArray","ctor":"Float64Array","array":[0,0,0,0,0,0,1,1,1,1]}},{"__id__":2},{"__id__":3},{"__id__":4},{"__id__":5},{"__type__":"cc.Node","_name":"greenPos_node","_parent":{"__id__":1},"_prefab":{"__type__":"cc.PrefabInfo","root":{"__id__":1},"asset":{"__uuid__":"b00/2t1WlHwrxhWrOkTaXB"},"fileId":"0ftrCp+adB2rq6SnXAkX28"},"_trs":{"__type__":"TypedArray","ctor":"Float64Array","array":[0,0,0,0,0,0,1,1,1,1]}},{"__type__":"cc.Node","_name":"player","_parent":{"__id__":1},"_prefab":{"__type__":"cc.PrefabInfo","root":{"__id__":1},"asset":{"__uuid__":"b00/2t1WlHwrxhWrOkTaXB"},"fileId":"3bewyHbuFK9IPghPJKTFOf"},"_contentSize":{"__type__":"cc.Size","width":240,"height":140},"_trs":{"__type__":"TypedArray","ctor":"Float64Array","array":[329.276,-491.112,0,0,0,0,1,-0.7,0.7,1]}},{"__type__":"cc.Node","_name":"enemy","_parent":{"__id__":1},"_prefab":{"__type__":"cc.PrefabInfo","root":{"__id__":1},"asset":{"__uuid__":"b00/2t1WlHwrxhWrOkTaXB"},"fileId":"99ed+JzuJIuZGY/+VBQIL4"},"_trs":{"__type__":"TypedArray","ctor":"Float64Array","array":[-285.784,-613.994,0,0,0,0,1,1,1,1]}},{"__id__":6},{"__id__":10},{"__id__":14}],"_components":[{"__type__":"cc.Sprite","node":{"__id__":1},"_materials":[{"__uuid__":"ecpdLyjvZBwrvm+cedCcQy"}],"_spriteFrame":{"__uuid__":"a5r5Em+vtGw5xOhYaytyjh"}},{"__type__":"1100eDGpRlLMYp5CrYQGpcQ","node":{"__id__":1}},{"__type__":"cc.RigidBody","node":{"__id__":1},"_type":0},{"__type__":"cc.PhysicsPolygonCollider","node":{"__id__":1},"_offset":{"__type__":"cc.Vec2","x":-441,"y":732},"points":[{"__type__":"cc.Vec2","x":-48,"y":-1512},{"__type__":"cc.Vec2","x":927,"y":-1504},{"__type__":"cc.Vec2","x":937,"y":45},{"__type__":"cc.Vec2","x":315,"y":9},{"__type__":"cc.Vec2","x":305,"y":-89},{"__type__":"cc.Vec2","x":884,"y":-267},{"__type__":"cc.Vec2","x":886,"y":-1341},{"__type__":"cc.Vec2","x":615,"y":-1337},{"__type__":"cc.Vec2","x":617,"y":-1127},{"__type__":"cc.Vec2","x":446,"y":-1038},{"__type__":"cc.Vec2","x":447,"y":-901},{"__type__":"cc.Vec2","x":352,"y":-858},{"__type__":"cc.Vec2","x":307.2,"y":-1328.1},{"__type__":"cc.Vec2","x":242,"y":-1453},{"__type__":"cc.Vec2","x":138,"y":-1473},{"__type__":"cc.Vec2","x":59,"y":-1454},{"__type__":"cc.Vec2","x":18,"y":-1404},{"__type__":"cc.Vec2","y":-1328},{"__type__":"cc.Vec2","x":-5,"y":-901},{"__type__":"cc.Vec2","x":232,"y":-888},{"__type__":"cc.Vec2","x":185.5,"y":-391.9},{"__type__":"cc.Vec2","x":18.7,"y":-403},{"__type__":"cc.Vec2","x":-7.9,"y":-380.1},{"__type__":"cc.Vec2","x":-1,"y":-9},{"__type__":"cc.Vec2","x":934,"y":46},{"__type__":"cc.Vec2","x":-50,"y":50}]},{"__type__":"cc.PhysicsPolygonCollider","node":{"__id__":1},"_offset":{"__type__":"cc.Vec2","x":-116,"y":498},"points":[{"__type__":"cc.Vec2","x":-17,"y":-171},{"__type__":"cc.Vec2","x":127,"y":-251},{"__type__":"cc.Vec2","x":137,"y":-8},{"__type__":"cc.Vec2","x":-50,"y":50}]},{"__type__":"cc.PhysicsPolygonCollider","node":{"__id__":1},"points":[{"__type__":"cc.Vec2","x":-96.9,"y":-9.5},{"__type__":"cc.Vec2","x":-39.2,"y":-36.4},{"__type__":"cc.Vec2","x":15.8,"y":-51.3},{"__type__":"cc.Vec2","x":22.3,"y":36.6},{"__type__":"cc.Vec2","x":12,"y":133.6},{"__type__":"cc.Vec2","x":-110.8,"y":195.7},{"__type__":"cc.Vec2","x":-109.3,"y":80.6}]},{"__type__":"cc.PhysicsPolygonCollider","node":{"__id__":1},"_offset":{"__type__":"cc.Vec2","x":167,"y":409},"points":[{"__type__":"cc.Vec2","x":-45,"y":-503},{"__type__":"cc.Vec2","x":90,"y":-550},{"__type__":"cc.Vec2","x":157,"y":-483},{"__type__":"cc.Vec2","x":176,"y":-303},{"__type__":"cc.Vec2","x":159,"y":-8},{"__type__":"cc.Vec2","x":-50,"y":50}]}],"_prefab":{"__type__":"cc.PrefabInfo","root":{"__id__":1},"asset":{"__uuid__":"b00/2t1WlHwrxhWrOkTaXB"},"fileId":"9fEQM9aCRIsp/iUGIz27Pq"},"_contentSize":{"__type__":"cc.Size","width":982,"height":1558},"_trs":{"__type__":"TypedArray","ctor":"Float64Array","array":[0,-39.499,0,0,0,0,1,1,1,1]}},{"__type__":"cc.Node","_name":"black_node","_parent":{"__id__":1},"_components":[{"__type__":"6c0e8KZwr5L34azTYX21stu","node":{"__id__":2}}],"_prefab":{"__type__":"cc.PrefabInfo","root":{"__id__":1},"asset":{"__uuid__":"b00/2t1WlHwrxhWrOkTaXB"},"fileId":"66PGgH8QJFLb/foXh1HY6/"},"_trs":{"__type__":"TypedArray","ctor":"Float64Array","array":[0,0,0,0,0,0,1,1,1,1]}},{"__type__":"cc.Node","_name":"gray_node","_parent":{"__id__":1},"_components":[{"__type__":"3400dF2d2tHLK8+En9baGXY","node":{"__id__":3},"grey_prefab":{"__uuid__":"13FEeEL1NMaK5TFGpFQpJr"}}],"_prefab":{"__type__":"cc.PrefabInfo","root":{"__id__":1},"asset":{"__uuid__":"b00/2t1WlHwrxhWrOkTaXB"},"fileId":"d7ObIUf/FD+Jpw0Pm3WePf"},"_trs":{"__type__":"TypedArray","ctor":"Float64Array","array":[0,0,0,0,0,0,1,1,1,1]}},{"__type__":"cc.Node","_name":"bulePos_node","_parent":{"__id__":1},"_children":[{"__type__":"cc.Node","_name":"New Node","_parent":{"__id__":4},"_prefab":{"__type__":"cc.PrefabInfo","root":{"__id__":1},"asset":{"__uuid__":"b00/2t1WlHwrxhWrOkTaXB"},"fileId":"e8QQ0ONgNLwKjM228v389l"},"_trs":{"__type__":"TypedArray","ctor":"Float64Array","array":[-333.212,-561.497,0,0,0,0,1,1,1,1]}},{"__type__":"cc.Node","_name":"New Node","_parent":{"__id__":4},"_prefab":{"__type__":"cc.PrefabInfo","root":{"__id__":1},"asset":{"__uuid__":"b00/2t1WlHwrxhWrOkTaXB"},"fileId":"ec46C7w9FGz7Nwa49ncZHa"},"_trs":{"__type__":"TypedArray","ctor":"Float64Array","array":[302,-541,0,0,0,0,1,1,1,1]}}],"_prefab":{"__type__":"cc.PrefabInfo","root":{"__id__":1},"asset":{"__uuid__":"b00/2t1WlHwrxhWrOkTaXB"},"fileId":"34f2gxEhxKUavPBJ7R+OkR"},"_trs":{"__type__":"TypedArray","ctor":"Float64Array","array":[0,0,0,0,0,0,1,1,1,1]}},{"__type__":"cc.Node","_name":"redPos_node","_parent":{"__id__":1},"_children":[{"__type__":"cc.Node","_name":"New Node","_parent":{"__id__":5},"_prefab":{"__type__":"cc.PrefabInfo","root":{"__id__":1},"asset":{"__uuid__":"b00/2t1WlHwrxhWrOkTaXB"},"fileId":"6eShpRWeNP5JdjT518KacG"},"_trs":{"__type__":"TypedArray","ctor":"Float64Array","array":[-349.313,458.058,0,0,0,0,1,1,1,1]}}],"_prefab":{"__type__":"cc.PrefabInfo","root":{"__id__":1},"asset":{"__uuid__":"b00/2t1WlHwrxhWrOkTaXB"},"fileId":"0fb/Z/vKdEIIcR61OjsJjF"},"_trs":{"__type__":"TypedArray","ctor":"Float64Array","array":[0,0,0,0,0,0,1,1,1,1]}},{"__type__":"cc.Node","_name":"zhenNodeTwo","_parent":{"__id__":1},"_children":[{"__id__":7},{"__id__":8},{"__id__":9}],"_prefab":{"__type__":"cc.PrefabInfo","root":{"__id__":1},"asset":{"__uuid__":"b00/2t1WlHwrxhWrOkTaXB"},"fileId":"9eVr6S6SdLAIjLM7yrm8N9"},"_trs":{"__type__":"TypedArray","ctor":"Float64Array","array":[-221.054,257.041,0,0,0,0.043619387365336,0.9990482215818578,1,1,1]},"_eulerAngles":{"__type__":"cc.Vec3","z":5}},{"__type__":"cc.Node","_name":"zhen","_parent":{"__id__":6},"_components":[{"__type__":"cc.Sprite","node":{"__id__":7},"_materials":[{"__uuid__":"ecpdLyjvZBwrvm+cedCcQy"}],"_spriteFrame":{"__uuid__":"14vJwyNH1OspMXFimJtxkW"},"_type":1,"_sizeMode":0},{"__type__":"cc.RigidBody","node":{"__id__":7},"_type":3,"_gravityScale":0,"_fixedRotation":true,"enabledContactListener":true,"bullet":true},{"__type__":"cc.PhysicsPolygonCollider","node":{"__id__":7},"_offset":{"__type__":"cc.Vec2","x":160,"y":6},"points":[{"__type__":"cc.Vec2","x":-319,"y":-58},{"__type__":"cc.Vec2","x":-210,"y":-58},{"__type__":"cc.Vec2","x":-209.3,"y":-23.9},{"__type__":"cc.Vec2","x":-4.2,"y":-22.6},{"__type__":"cc.Vec2","x":-5.8,"y":13.7},{"__type__":"cc.Vec2","x":-208,"y":16.3},{"__type__":"cc.Vec2","x":-207,"y":52},{"__type__":"cc.Vec2","x":-319,"y":51}]},{"__type__":"1cb3eoIRdhJWZayW7A68Y7j","node":{"__id__":7}}],"_prefab":{"__type__":"cc.PrefabInfo","root":{"__id__":1},"asset":{"__uuid__":"b00/2t1WlHwrxhWrOkTaXB"},"fileId":"1eR7FnKgRBHY88n+AQ6jDP"},"_contentSize":{"__type__":"cc.Size","width":316,"height":111},"_trs":{"__type__":"TypedArray","ctor":"Float64Array","array":[0,0,0,0,0,0,1,1,1,1]}},{"__type__":"cc.Node","_name":"zhenup","_parent":{"__id__":6},"_components":[{"__type__":"cc.RigidBody","node":{"__id__":8},"_type":0,"_gravityScale":0,"bullet":true}],"_prefab":{"__type__":"cc.PrefabInfo","root":{"__id__":1},"asset":{"__uuid__":"b00/2t1WlHwrxhWrOkTaXB"},"fileId":"e7qIjzcRBKO6tAqUvavdk8"},"_trs":{"__type__":"TypedArray","ctor":"Float64Array","array":[-33.223,64.7,0,0,0,0,1,1,1,1]}},{"__type__":"cc.Node","_name":"zhendown","_parent":{"__id__":6},"_components":[{"__type__":"cc.RigidBody","node":{"__id__":9},"_type":0,"_gravityScale":0,"bullet":true}],"_prefab":{"__type__":"cc.PrefabInfo","root":{"__id__":1},"asset":{"__uuid__":"b00/2t1WlHwrxhWrOkTaXB"},"fileId":"b9hfd5d+VBIYMHtb9NHpf2"},"_trs":{"__type__":"TypedArray","ctor":"Float64Array","array":[-37.208,-407.877,0,0,0,0,1,1,1,1]}},{"__type__":"cc.Node","_name":"zhenNodeTwo","_parent":{"__id__":1},"_children":[{"__id__":11},{"__id__":12},{"__id__":13}],"_prefab":{"__type__":"cc.PrefabInfo","root":{"__id__":1},"asset":{"__uuid__":"b00/2t1WlHwrxhWrOkTaXB"},"fileId":"035MxsvMdOz63Z0YxZkA/g"},"_trs":{"__type__":"TypedArray","ctor":"Float64Array","array":[-57.651,625.722,0,0,0,0.8141155183563192,-0.5807029557109398,1,1,1]},"_eulerAngles":{"__type__":"cc.Vec3","z":251}},{"__type__":"cc.Node","_name":"zhen","_parent":{"__id__":10},"_components":[{"__type__":"cc.Sprite","node":{"__id__":11},"_materials":[{"__uuid__":"ecpdLyjvZBwrvm+cedCcQy"}],"_spriteFrame":{"__uuid__":"14vJwyNH1OspMXFimJtxkW"},"_type":1,"_sizeMode":0},{"__type__":"cc.RigidBody","node":{"__id__":11},"_type":3,"_gravityScale":0,"_fixedRotation":true,"enabledContactListener":true,"bullet":true},{"__type__":"cc.PhysicsPolygonCollider","node":{"__id__":11},"_offset":{"__type__":"cc.Vec2","x":193.7,"y":3.4},"points":[{"__type__":"cc.Vec2","x":-319,"y":-58},{"__type__":"cc.Vec2","x":-210,"y":-58},{"__type__":"cc.Vec2","x":-209.3,"y":-23.9},{"__type__":"cc.Vec2","x":-68.3,"y":-19.2},{"__type__":"cc.Vec2","x":-70.1,"y":15.9},{"__type__":"cc.Vec2","x":-208,"y":16.3},{"__type__":"cc.Vec2","x":-207,"y":52},{"__type__":"cc.Vec2","x":-319,"y":51}]},{"__type__":"1cb3eoIRdhJWZayW7A68Y7j","node":{"__id__":11}}],"_prefab":{"__type__":"cc.PrefabInfo","root":{"__id__":1},"asset":{"__uuid__":"b00/2t1WlHwrxhWrOkTaXB"},"fileId":"86QwcRBTFAhYHdYipngPRq"},"_contentSize":{"__type__":"cc.Size","width":251,"height":111},"_trs":{"__type__":"TypedArray","ctor":"Float64Array","array":[0,0,0,0,0,0,1,1,1,1]}},{"__type__":"cc.Node","_name":"zhenup","_parent":{"__id__":10},"_components":[{"__type__":"cc.RigidBody","node":{"__id__":12},"_type":0,"_gravityScale":0,"bullet":true}],"_prefab":{"__type__":"cc.PrefabInfo","root":{"__id__":1},"asset":{"__uuid__":"b00/2t1WlHwrxhWrOkTaXB"},"fileId":"f0qSDDW91PBb9mnEg5sErA"},"_trs":{"__type__":"TypedArray","ctor":"Float64Array","array":[-33.223,524.354,0,0,0,0,1,1,1,1]}},{"__type__":"cc.Node","_name":"zhendown","_parent":{"__id__":10},"_components":[{"__type__":"cc.RigidBody","node":{"__id__":13},"_type":0,"_gravityScale":0,"bullet":true}],"_prefab":{"__type__":"cc.PrefabInfo","root":{"__id__":1},"asset":{"__uuid__":"b00/2t1WlHwrxhWrOkTaXB"},"fileId":"3fsPl02m5BxppSPBYCGn0l"},"_trs":{"__type__":"TypedArray","ctor":"Float64Array","array":[-37.208,-70.614,0,0,0,0,1,1,1,1]}},{"__type__":"cc.Node","_name":"zhenNodeTwo","_parent":{"__id__":1},"_children":[{"__id__":15},{"__id__":16},{"__id__":17}],"_prefab":{"__type__":"cc.PrefabInfo","root":{"__id__":1},"asset":{"__uuid__":"b00/2t1WlHwrxhWrOkTaXB"},"fileId":"1aBZt38rVPIqvzC6D4wN9r"},"_trs":{"__type__":"TypedArray","ctor":"Float64Array","array":[109.351,392.359,0,0,0,0.9996661761215989,0.025836724219999194,1,1,1]},"_eulerAngles":{"__type__":"cc.Vec3","z":177.03900000000002}},{"__type__":"cc.Node","_name":"zhen","_parent":{"__id__":14},"_components":[{"__type__":"cc.Sprite","node":{"__id__":15},"_materials":[{"__uuid__":"ecpdLyjvZBwrvm+cedCcQy"}],"_spriteFrame":{"__uuid__":"14vJwyNH1OspMXFimJtxkW"},"_type":1,"_sizeMode":0},{"__type__":"cc.RigidBody","node":{"__id__":15},"_type":3,"_gravityScale":0,"_fixedRotation":true,"enabledContactListener":true,"bullet":true},{"__type__":"cc.PhysicsPolygonCollider","node":{"__id__":15},"_offset":{"__type__":"cc.Vec2","x":193.7,"y":3.4},"points":[{"__type__":"cc.Vec2","x":-319,"y":-58},{"__type__":"cc.Vec2","x":-210,"y":-58},{"__type__":"cc.Vec2","x":-209.3,"y":-23.9},{"__type__":"cc.Vec2","x":-68.3,"y":-19.2},{"__type__":"cc.Vec2","x":-70.1,"y":15.9},{"__type__":"cc.Vec2","x":-208,"y":16.3},{"__type__":"cc.Vec2","x":-207,"y":52},{"__type__":"cc.Vec2","x":-319,"y":51}]},{"__type__":"1cb3eoIRdhJWZayW7A68Y7j","node":{"__id__":15}}],"_prefab":{"__type__":"cc.PrefabInfo","root":{"__id__":1},"asset":{"__uuid__":"b00/2t1WlHwrxhWrOkTaXB"},"fileId":"fdvGXg0JtBkJ1BvVpJwDNk"},"_contentSize":{"__type__":"cc.Size","width":251,"height":111},"_trs":{"__type__":"TypedArray","ctor":"Float64Array","array":[0,0,0,0,0,0,1,1,1,1]}},{"__type__":"cc.Node","_name":"zhenup","_parent":{"__id__":14},"_components":[{"__type__":"cc.RigidBody","node":{"__id__":16},"_type":0,"_gravityScale":0,"bullet":true}],"_prefab":{"__type__":"cc.PrefabInfo","root":{"__id__":1},"asset":{"__uuid__":"b00/2t1WlHwrxhWrOkTaXB"},"fileId":"f88ePt00hPCa+fNonv5pg+"},"_trs":{"__type__":"TypedArray","ctor":"Float64Array","array":[-33.223,466.604,0,0,0,0,1,1,1,1]}},{"__type__":"cc.Node","_name":"zhendown","_parent":{"__id__":14},"_components":[{"__type__":"cc.RigidBody","node":{"__id__":17},"_type":0,"_gravityScale":0,"bullet":true}],"_prefab":{"__type__":"cc.PrefabInfo","root":{"__id__":1},"asset":{"__uuid__":"b00/2t1WlHwrxhWrOkTaXB"},"fileId":"54pJ7mkcBK2bQaphOEfwYd"},"_trs":{"__type__":"TypedArray","ctor":"Float64Array","array":[-37.208,-56.633,0,0,0,0,1,1,1,1]}}]]