[[{"__type__":"cc.Prefab","_name":"UIDerived81","data":{"__id__":1}},{"__type__":"cc.Node","_name":"UIDerived81","_children":[{"__type__":"cc.Node","_name":"bule_node","_parent":{"__id__":1},"_prefab":{"__type__":"cc.PrefabInfo","root":{"__id__":1},"asset":{"__uuid__":"84xrWUfjZEi4Cg68fnYyWK"},"fileId":"396EkwhTJPSLqW8q61bpz/"},"_trs":{"__type__":"TypedArray","ctor":"Float64Array","array":[0,0,0,0,0,0,1,1,1,1]}},{"__type__":"cc.Node","_name":"greenwater_node","_parent":{"__id__":1},"_prefab":{"__type__":"cc.PrefabInfo","root":{"__id__":1},"asset":{"__uuid__":"84xrWUfjZEi4Cg68fnYyWK"},"fileId":"34ie5uLrVJUoQFuSxJJNC4"},"_trs":{"__type__":"TypedArray","ctor":"Float64Array","array":[0,0,0,0,0,0,1,1,1,1]}},{"__type__":"cc.Node","_name":"redwater_node","_parent":{"__id__":1},"_prefab":{"__type__":"cc.PrefabInfo","root":{"__id__":1},"asset":{"__uuid__":"84xrWUfjZEi4Cg68fnYyWK"},"fileId":"7eG1nAhqhDSb4/pPUoW5UQ"},"_trs":{"__type__":"TypedArray","ctor":"Float64Array","array":[0,0,0,0,0,0,1,1,1,1]}},{"__id__":2},{"__id__":3},{"__id__":4},{"__id__":5},{"__type__":"cc.Node","_name":"greenPos_node","_parent":{"__id__":1},"_prefab":{"__type__":"cc.PrefabInfo","root":{"__id__":1},"asset":{"__uuid__":"84xrWUfjZEi4Cg68fnYyWK"},"fileId":"81wp0WG9NCeZWPy3gqrIyw"},"_trs":{"__type__":"TypedArray","ctor":"Float64Array","array":[0,0,0,0,0,0,1,1,1,1]}},{"__id__":6},{"__id__":8},{"__type__":"cc.Node","_name":"player","_parent":{"__id__":1},"_prefab":{"__type__":"cc.PrefabInfo","root":{"__id__":1},"asset":{"__uuid__":"84xrWUfjZEi4Cg68fnYyWK"},"fileId":"bcs0ieDFRC7qkCHr+RRn0i"},"_trs":{"__type__":"TypedArray","ctor":"Float64Array","array":[292,-613.917,0,0,0,0,1,-0.7,0.7,1]}},{"__type__":"cc.Node","_name":"enemy","_parent":{"__id__":1},"_prefab":{"__type__":"cc.PrefabInfo","root":{"__id__":1},"asset":{"__uuid__":"84xrWUfjZEi4Cg68fnYyWK"},"fileId":"25XyzLGZpB7q3jQJGsQSgh"},"_trs":{"__type__":"TypedArray","ctor":"Float64Array","array":[-102,-613.917,0,0,0,0,1,-0.7,1,1]}}],"_components":[{"__type__":"cc.Sprite","node":{"__id__":1},"_materials":[{"__uuid__":"ecpdLyjvZBwrvm+cedCcQy"}],"_spriteFrame":{"__uuid__":"99oe3I3MtHabhEEh9OOugN"}},{"__type__":"1100eDGpRlLMYp5CrYQGpcQ","node":{"__id__":1},"player_happy":true},{"__type__":"cc.RigidBody","node":{"__id__":1},"_type":0},{"__type__":"cc.PhysicsPolygonCollider","node":{"__id__":1},"_offset":{"__type__":"cc.Vec2","x":-396,"y":415},"points":[{"__type__":"cc.Vec2","x":-54,"y":-57},{"__type__":"cc.Vec2","x":144,"y":-58},{"__type__":"cc.Vec2","x":175,"y":-35},{"__type__":"cc.Vec2","x":171,"y":308},{"__type__":"cc.Vec2","x":349,"y":305},{"__type__":"cc.Vec2","x":348,"y":-102},{"__type__":"cc.Vec2","x":370.8,"y":-147.4},{"__type__":"cc.Vec2","x":449.1,"y":-159.9},{"__type__":"cc.Vec2","x":666,"y":-161},{"__type__":"cc.Vec2","x":667.1,"y":-377},{"__type__":"cc.Vec2","x":477.9,"y":-377.9},{"__type__":"cc.Vec2","x":436.2,"y":-371.6},{"__type__":"cc.Vec2","x":402.4,"y":-355.7},{"__type__":"cc.Vec2","x":377.2,"y":-353},{"__type__":"cc.Vec2","x":351,"y":-364},{"__type__":"cc.Vec2","x":351,"y":-430},{"__type__":"cc.Vec2","x":368,"y":-512},{"__type__":"cc.Vec2","x":403,"y":-559},{"__type__":"cc.Vec2","x":441,"y":-567},{"__type__":"cc.Vec2","x":654,"y":-563},{"__type__":"cc.Vec2","x":726,"y":-582},{"__type__":"cc.Vec2","x":765,"y":-624},{"__type__":"cc.Vec2","x":801,"y":-739},{"__type__":"cc.Vec2","x":804,"y":-1126},{"__type__":"cc.Vec2","x":562,"y":-1128},{"__type__":"cc.Vec2","x":559,"y":-882},{"__type__":"cc.Vec2","x":547.3,"y":-861.2},{"__type__":"cc.Vec2","x":527,"y":-846.6},{"__type__":"cc.Vec2","x":491.5,"y":-840},{"__type__":"cc.Vec2","x":454.9,"y":-847},{"__type__":"cc.Vec2","x":429.9,"y":-860.8},{"__type__":"cc.Vec2","x":418,"y":-883},{"__type__":"cc.Vec2","x":420,"y":-1129},{"__type__":"cc.Vec2","x":172,"y":-1130},{"__type__":"cc.Vec2","x":166,"y":-376},{"__type__":"cc.Vec2","x":129,"y":-356},{"__type__":"cc.Vec2","x":69,"y":-345},{"__type__":"cc.Vec2","x":-57,"y":-347},{"__type__":"cc.Vec2","x":-452,"y":-714},{"__type__":"cc.Vec2","x":-458,"y":-50},{"__type__":"cc.Vec2","x":-72,"y":-46},{"__type__":"cc.Vec2","x":-505,"y":-17},{"__type__":"cc.Vec2","x":-503,"y":-772},{"__type__":"cc.Vec2","x":-58,"y":-1176},{"__type__":"cc.Vec2","x":854,"y":-1170},{"__type__":"cc.Vec2","x":846,"y":342},{"__type__":"cc.Vec2","x":-53,"y":340}]}],"_prefab":{"__type__":"cc.PrefabInfo","root":{"__id__":1},"asset":{"__uuid__":"84xrWUfjZEi4Cg68fnYyWK"},"fileId":"8e+6nxV6BBsI8GMCd72J7a"},"_contentSize":{"__type__":"cc.Size","width":902,"height":1516},"_trs":{"__type__":"TypedArray","ctor":"Float64Array","array":[-100,0,0,0,0,0,1,1,1,1]}},{"__type__":"cc.Node","_name":"black_node","_parent":{"__id__":1},"_components":[{"__type__":"6c0e8KZwr5L34azTYX21stu","node":{"__id__":2}}],"_prefab":{"__type__":"cc.PrefabInfo","root":{"__id__":1},"asset":{"__uuid__":"84xrWUfjZEi4Cg68fnYyWK"},"fileId":"c3zHb8f/NKfYaFOv4+UTbX"},"_trs":{"__type__":"TypedArray","ctor":"Float64Array","array":[0,0,0,0,0,0,1,1,1,1]}},{"__type__":"cc.Node","_name":"gray_node","_parent":{"__id__":1},"_components":[{"__type__":"3400dF2d2tHLK8+En9baGXY","node":{"__id__":3},"grey_prefab":{"__uuid__":"13FEeEL1NMaK5TFGpFQpJr"}}],"_prefab":{"__type__":"cc.PrefabInfo","root":{"__id__":1},"asset":{"__uuid__":"84xrWUfjZEi4Cg68fnYyWK"},"fileId":"98emO6eY5CoL9r8uQYYqms"},"_trs":{"__type__":"TypedArray","ctor":"Float64Array","array":[0,0,0,0,0,0,1,1,1,1]}},{"__type__":"cc.Node","_name":"bulePos_node","_parent":{"__id__":1},"_children":[{"__type__":"cc.Node","_name":"New Node","_parent":{"__id__":4},"_prefab":{"__type__":"cc.PrefabInfo","root":{"__id__":1},"asset":{"__uuid__":"84xrWUfjZEi4Cg68fnYyWK"},"fileId":"98Egr7j2ZAA7SMjJnRBR1b"},"_trs":{"__type__":"TypedArray","ctor":"Float64Array","array":[-139.083,571.672,0,0,0,0,1,1,1,1]}}],"_prefab":{"__type__":"cc.PrefabInfo","root":{"__id__":1},"asset":{"__uuid__":"84xrWUfjZEi4Cg68fnYyWK"},"fileId":"20vFlQPwlMw5DYFmaato8n"},"_trs":{"__type__":"TypedArray","ctor":"Float64Array","array":[0,0,0,0,0,0,1,1,1,1]}},{"__type__":"cc.Node","_name":"redPos_node","_parent":{"__id__":1},"_children":[{"__type__":"cc.Node","_name":"New Node","_parent":{"__id__":5},"_prefab":{"__type__":"cc.PrefabInfo","root":{"__id__":1},"asset":{"__uuid__":"84xrWUfjZEi4Cg68fnYyWK"},"fileId":"f2NwSkdnVEfZwOkCrIVoga"},"_trs":{"__type__":"TypedArray","ctor":"Float64Array","array":[173.58,133.852,0,0,0,0,1,1,1,1]}}],"_prefab":{"__type__":"cc.PrefabInfo","root":{"__id__":1},"asset":{"__uuid__":"84xrWUfjZEi4Cg68fnYyWK"},"fileId":"90Cq4u2cdIKqTIEXuyYNf5"},"_trs":{"__type__":"TypedArray","ctor":"Float64Array","array":[0,0,0,0,0,0,1,1,1,1]}},{"__type__":"cc.Node","_name":"zhenNode","_parent":{"__id__":1},"_children":[{"__id__":7}],"_prefab":{"__type__":"cc.PrefabInfo","root":{"__id__":1},"asset":{"__uuid__":"84xrWUfjZEi4Cg68fnYyWK"},"fileId":"14+V2sdJ1BLLviCWQKR9yn"},"_trs":{"__type__":"TypedArray","ctor":"Float64Array","array":[42.985,133.409,0,0,0,-0.7071067811865475,0.7071067811865476,1,1,1]},"_eulerAngles":{"__type__":"cc.Vec3","z":-90},"_groupIndex":8,"groupIndex":8},{"__type__":"cc.Node","_name":"zhen","_objFlags":512,"_parent":{"__id__":6},"_components":[{"__type__":"cc.Sprite","node":{"__id__":7},"_materials":[{"__uuid__":"ecpdLyjvZBwrvm+cedCcQy"}],"_spriteFrame":{"__uuid__":"81u1O4l2lM2IGXbUA/0aw7"},"_type":1},{"__type__":"cc.RigidBody","node":{"__id__":7},"_type":3,"_allowSleep":false,"_gravityScale":0,"_fixedRotation":true,"enabledContactListener":true,"bullet":true},{"__type__":"cc.PhysicsPolygonCollider","node":{"__id__":7},"tag":222,"_offset":{"__type__":"cc.Vec2","x":241,"y":-1},"points":[{"__type__":"cc.Vec2","x":-48.9,"y":-66.3},{"__type__":"cc.Vec2","x":62.5,"y":-66.3},{"__type__":"cc.Vec2","x":63,"y":67.4},{"__type__":"cc.Vec2","x":-48.4,"y":69},{"__type__":"cc.Vec2","x":-52.2,"y":41.4},{"__type__":"cc.Vec2","x":-533.6,"y":43.1},{"__type__":"cc.Vec2","x":-532.1,"y":-35.8},{"__type__":"cc.Vec2","x":-49.2,"y":-34.3}]},{"__type__":"72555Q9muRD1505Zi2fOOxm","node":{"__id__":7},"linevelocityX":500}],"_prefab":{"__type__":"cc.PrefabInfo","root":{"__id__":1},"asset":{"__uuid__":"84xrWUfjZEi4Cg68fnYyWK"},"fileId":"90ykFASk9PVK7BeLEyUzfL"},"_contentSize":{"__type__":"cc.Size","width":587,"height":111},"_trs":{"__type__":"TypedArray","ctor":"Float64Array","array":[0,0,0,0,0,0,1,0.8,0.8,0.8]},"_groupIndex":8,"groupIndex":8},{"__type__":"cc.Node","_name":"zhenNode","_parent":{"__id__":1},"_children":[{"__id__":9}],"_prefab":{"__type__":"cc.PrefabInfo","root":{"__id__":1},"asset":{"__uuid__":"84xrWUfjZEi4Cg68fnYyWK"},"fileId":"c63nVqSIVEWrEqvBnaWEf/"},"_trs":{"__type__":"TypedArray","ctor":"Float64Array","array":[-162.651,439.715,0,0,0,-1,6.123233995736766e-17,1,1,1]},"_eulerAngles":{"__type__":"cc.Vec3","z":-180},"_groupIndex":8,"groupIndex":8},{"__type__":"cc.Node","_name":"zhen","_objFlags":512,"_parent":{"__id__":8},"_components":[{"__type__":"cc.Sprite","node":{"__id__":9},"_materials":[{"__uuid__":"ecpdLyjvZBwrvm+cedCcQy"}],"_spriteFrame":{"__uuid__":"81u1O4l2lM2IGXbUA/0aw7"},"_type":1},{"__type__":"cc.RigidBody","node":{"__id__":9},"_type":3,"_allowSleep":false,"_gravityScale":0,"_fixedRotation":true,"enabledContactListener":true,"bullet":true},{"__type__":"cc.PhysicsPolygonCollider","node":{"__id__":9},"tag":222,"_offset":{"__type__":"cc.Vec2","x":241,"y":-1},"points":[{"__type__":"cc.Vec2","x":-48.9,"y":-66.3},{"__type__":"cc.Vec2","x":62.5,"y":-66.3},{"__type__":"cc.Vec2","x":63,"y":67.4},{"__type__":"cc.Vec2","x":-48.4,"y":69},{"__type__":"cc.Vec2","x":-52.2,"y":41.4},{"__type__":"cc.Vec2","x":-533.6,"y":43.1},{"__type__":"cc.Vec2","x":-532.1,"y":-35.8},{"__type__":"cc.Vec2","x":-49.2,"y":-34.3}]},{"__type__":"72555Q9muRD1505Zi2fOOxm","node":{"__id__":9},"linevelocityX":500}],"_prefab":{"__type__":"cc.PrefabInfo","root":{"__id__":1},"asset":{"__uuid__":"84xrWUfjZEi4Cg68fnYyWK"},"fileId":"d4RsXNbltAH5DotJfj+T2K"},"_contentSize":{"__type__":"cc.Size","width":587,"height":111},"_trs":{"__type__":"TypedArray","ctor":"Float64Array","array":[0,0,0,0,0,0,1,0.8,0.8,0.8]},"_groupIndex":8,"groupIndex":8}],{"__type__":"cc.SpriteFrame","content":{"name":"guanqia101","texture":"18RduqDHRMpqcxf7r58nRh","rect":[0,1,902,1516],"offset":[-1,-0.5],"originalSize":[904,1517],"capInsets":[0,0,0,0]}}]