{"paths":{"0":["jjxjy/Result/Texture/ɫֵ",2],"1":["jjxjy/resUI/loading/skinBtn",2],"2":["localized-image/en/diqitian-en",2],"3":["jjxjy/resources/image/skin_9",2],"4":["jjxjy/resUI/level/water/water_1",2],"5":["jjxjy/resUI/tryskin/shiyong",2],"6":["jjxjy/resUI/settle/fail/icon",2],"7":["localized-image/en/jjxjy-direct-en",2],"8":["localized-image/en/js_laiguo-en",2],"9":["Textures/game/gamebaseBG1",2],"10":["jjxjy/resUI/game/2.1",2],"11":["jjxjy/resUI/game/zhezhao",2],"12":["jjxjy/resUI/level/17",2],"13":["Textures/number/4",2],"14":["localized-image/en/jjxjy-anniu2-en",2],"15":["jjxjy/resUI/game/stop",2],"16":["localized-image/en/jjxjy-word_2-en",2],"17":["localized-image/en/jjxjy-laingqvjaingli-en",2],"18":["jjxjy/resUI/level/1",2],"19":["localized-image/en/sy_shiyong-en",2],"20":["jjxjy/resUI/level/20.1",2],"21":["jjxjy/donghua/fire/hydh",7],"22":["jjxjy/resUI/level/4.1",2],"23":["localized-image/en/btn_ljlq-en",2],"24":["localized-image/en/jjxjy-anniu3-en",2],"25":["jjxjy/donghua/dianjv/djdh",2],"26":["jjxjy/resUI/game/jumpTv",2],"27":["jjxjy/resources/music/shibai",0],"28":["jjxjy/resUI/game/121",2],"29":["jjxjy/resUI/skinApplication/bg",2],"30":["jjxjy/donghua/jt/jt",7],"31":["Textures/Skin/Skin_7",2],"32":["jjxjy/resUI/settle/fail/share",2],"33":["jjxjy/resUI/tryskin/tiaoguo",2],"34":["jjxjy/donghua/close/close/chenggong",2],"35":["jjxjy/donghua/close/close/02lose",2],"36":["jjxjy/resUI/loading/go",2],"37":["localized-image/en/skinFrame-en",2],"38":["jjxjy/donghua/shazi/s1/2",2],"39":["jjxjy/resUI/resxin/lingqv",2],"40":["jjxjy/resUI/game/kuang",2],"41":["jjxjy/resources/image/skin_8",2],"42":["localized-image/en/logo-en",2],"43":["jjxjy/resUI/settle/success/upBg",2],"44":["jjxjy/resUI/level/huan",2],"45":["jjxjy/sign/img/newSign/7",2],"46":["localized-image/en/signBg-en",2],"47":["jjxjy/resUI/jiesuan/anniu1",2],"48":["localized-image/en/jjxjy-doubleBtn-en",2],"49":["localized-image/en/sign_got-en",2],"50":["Textures/number/8",2],"51":["jjxjy/resUI/game/1223",2],"52":["jjxjy/resUI/game/Popup Hand",2],"53":["localized-image/en/disantian-en",2],"54":["localized-image/en/diwutian-en",2],"55":["jjxjy/resUI/level/zhezhao/11.1",2],"56":["jjxjy/donghua/close/jinyv/jinyu",7],"57":["jjxjy/resUI/drumstick",2],"58":["Textures/game/whiteBG",2],"59":["Textures/Skin/Skin_3",2],"60":["jjxjy/resources/music/dajia",0],"61":["localized-image/en/jjxjy-1-en",2],"62":["localized-image/en/jjxjy-4-en",2],"63":["Textures/Skin/Skin_9",2],"64":["jjxjy/Result/Texture/result",2],"65":["localized-image/en/jjxjy-useByTv-en",2],"66":["jjxjy/donghua/close/win/02win",2],"67":["jjxjy/resUI/skin/back",2],"68":["localized-image/en/shibai-en",2],"69":["jjxjy/resUI/settle/success/success",2],"70":["jjxjy/resources/music/dianliu",0],"71":["jjxjy/resUI/level/4.2",2],"72":["localized-image/en/jjxjy-anniu4-en",2],"73":["localized-image/en/jjxjy-tg-en",2],"74":["jjxjy/resUI/level/15zz2",2],"75":["jjxjy/resUI/settle/fail/upbg",2],"76":["jjxjy/donghua/shazi/s1/3",2],"77":["jjxjy/donghua/sldh",2],"78":["jjxjy/resUI/game/tukuai",2],"79":["jjxjy/resUI/game/132",2],"80":["jjxjy/donghua/recha/yjlddh",2],"81":["jjxjy/donghua/fire/hydh",2],"82":["jjxjy/resUI/loading/bg2",2],"83":["jjxjy/resUI/jiesuan/anniu2",2],"84":["jjxjy/resUI/settle/fail/doubleBtn",2],"85":["Textures/number/6",2],"86":["jjxjy/resUI/level/15.1",2],"87":["Textures/number/2",2],"88":["jjxjy/resUI/settle/success/xiaoguo",2],"89":["jjxjy/resUI/resxin/zhong",2],"90":["jjxjy/resUI/level/stone",2],"91":["jjxjy/resUI/youxi/tg",2],"92":["Textures/Skin/Skin_1",2],"93":["Textures/game/gamebaseBG6",2],"94":["jjxjy/donghua/dadou/dddh",7],"95":["jjxjy/donghua/home/inteface/01homeBG",7],"96":["jjxjy/resUI/game/void",2],"97":["jjxjy/sign/img/newSign/mask",2],"98":["jjxjy/resources/image/skin_6",2],"99":["localized-image/en/jjxjy-shareUse-en",2],"100":["jjxjy/resUI/loading/bg1",2],"101":["jjxjy/resUI/resxin/sun",2],"102":["jjxjy/resUI/sign/zjlq",2],"103":["jjxjy/sign/img/newSign/3",2],"104":["jjxjy/resUI/loading/music",2],"105":["jjxjy/resUI/guaiwu",2],"106":["jjxjy/resUI/resxin/five",2],"107":["jjxjy/resUI/resxin/duihao",2],"108":["jjxjy/resUI/LabelAtlas.labelatlas",2],"109":["jjxjy/resUI/level/15zz1",2],"110":["jjxjy/sign/img/newSign/doubelBtn",2],"111":["jjxjy/Result/Texture/失败预览",2],"112":["jjxjy/resUI/settle/success/doubleBtn",2],"113":["jjxjy/Result/Texture/成功预览2",2],"114":["localized-image/en/got_text-en",2],"115":["jjxjy/resUI/level/zhezhao/15.2",2],"116":["jjxjy/donghua/slzsdh",7],"117":["jjxjy/resources/image/skin_7",2],"118":["jjxjy/resUI/level/zhuhe",2],"119":["localized-image/en/jiazaizhong-en",2],"120":["localized-image/en/diyitian-en",2],"121":["localized-image/en/xinshou2-en",2],"122":["jjxjy/resUI/skin/leftKuang",2],"123":["jjxjy/resources/image/skin_2",2],"124":["jjxjy/resUI/level/level_7",2],"125":["jjxjy/resUI/level/zhezhao/5.1",2],"126":["jjxjy/resUI/game/2",2],"127":["jjxjy/resUI/level/pole",2],"128":["jjxjy/sign/img/newSign/1",2],"129":["jjxjy/resUI/skinApplication/word",2],"130":["jjxjy/resUI/settle/fail/guan",2],"131":["jjxjy/resUI/resxin/jianicon",2],"132":["jjxjy/resUI/game/3",2],"133":["jjxjy/resUI/level/zhezhao/12.1",2],"134":["jjxjy/resUI/loading/logo",2],"135":["jjxjy/resUI/game/1",2],"136":["jjxjy/resUI/game/pubuz",2],"137":["localized-image/en/sy_tiaoguo-en",2],"138":["jjxjy/resUI/skin/skin_bg",2],"139":["jjxjy/resUI/level/14.3",2],"140":["Textures/Skin/Skin_10",2],"141":["localized-image/en/js_tiaoguo-en",2],"142":["jjxjy/resUI/level/evilFish",2],"143":["jjxjy/resUI/level/zhezhao/12.2",2],"144":["Textures/number/0",2],"145":["jjxjy/resUI/resxin/zanshi",2],"146":["jjxjy/resUI/loading/bg-2",2],"147":["jjxjy/donghua/close/win/02win",7],"148":["jjxjy/resUI/resxin/shipin",2],"149":["jjxjy/resUI/level/7",2],"150":["localized-image/en/shortpower-en",2],"151":["localized-image/en/diqitianBg-en",2],"152":["localized-image/en/qd_shuangbei-en",2],"153":["jjxjy/sign/img/newSign/mask_2",2],"154":["jjxjy/resUI/settle/fail/again",2],"155":["jjxjy/donghua/dianxian/sddh",7],"156":["jjxjy/donghua/shazi/s2/3",2],"157":["jjxjy/resUI/level/12",2],"158":["jjxjy/donghua/denglong/qlyv",7],"159":["jjxjy/donghua/sydh",7],"160":["Textures/number/NumberBip",2],"161":["localized-image/en/jjxjy-sb-en",2],"162":["jjxjy/donghua/denglong/qlyv",2],"163":["jjxjy/resUI/level/5",2],"164":["jjxjy/resUI/settle/success/icon",2],"165":["jjxjy/resUI/level/16",2],"166":["Textures/Skin/Skin_6",2],"167":["jjxjy/resUI/settle/success/guan",2],"168":["jjxjy/donghua/close/close/chenggong",7],"169":["jjxjy/resUI/settle/success/main",2],"170":["localized-image/en/jjxjy-lingqv-en",2],"171":["jjxjy/resUI/loading/opneBtn",2],"172":["jjxjy/resUI/loading/word",2],"173":["localized-image/en/jjxjy-5-en",2],"174":["jjxjy/resUI/game/t204",2],"175":["jjxjy/donghua/reliu/yjldh",2],"176":["jjxjy/resUI/level/15zz3",2],"177":["jjxjy/resUI/level/sharkFish",2],"178":["Textures/number/3",2],"179":["localized-image/en/qd_zhijielingqv-en",2],"180":["jjxjy/resUI/stone",2],"181":["jjxjy/resUI/resxin/feizhong",2],"182":["jjxjy/resUI/level/14.2",2],"183":["jjxjy/sign/img/newSign/gou",2],"184":["jjxjy/sign/img/newSign/5",2],"185":["jjxjy/resUI/skin/gang",2],"186":["jjxjy/resUI/resxin/title",2],"187":["jjxjy/resUI/level/15.2",2],"188":["jjxjy/resUI/sign/sb",2],"189":["localized-image/en/diertian-en",2],"190":["jjxjy/donghua/duwu/duye/dsdh",7],"191":["jjxjy/donghua/close/close/02win",7],"192":["jjxjy/resUI/resxin/jcxing",2],"193":["jjxjy/resUI/level/drumstick",2],"194":["localized-image/en/jjxjy-title-en",2],"195":["jjxjy/resUI/loading/di",2],"196":["jjxjy/donghua/pifu",7],"197":["localized-image/en/movezhenUpDown-en",2],"198":["jjxjy/resUI/skin/suo",2],"199":["jjxjy/donghua/duwu/yanjian/yjdh",7],"200":["jjxjy/donghua/duwu/duye/dsdh",2],"201":["localized-image/en/jjxjy-skin_word-en",2],"202":["jjxjy/resources/music/shazi",0],"203":["jjxjy/resUI/level/11.2",2],"204":["jjxjy/resUI/level/11.1",2],"205":["jjxjy/resUI/skinApplication/shareUse",2],"206":["jjxjy/resUI/4399",2],"207":["jjxjy/resUI/level/18",2],"208":["localized-image/en/pifumianfeishiyong-en",2],"209":["Textures/number/xiegang",2],"210":["Textures/Skin/Skin_8",2],"211":["jjxjy/resUI/game/tv",2],"212":["jjxjy/donghua/close/win_en/02win",7],"213":["jjxjy/resources/image/skin_1",2],"214":["jjxjy/resUI/level/3",2],"215":["jjxjy/resUI/loading/bg",2],"216":["jjxjy/resUI/level/slipHead",2],"217":["jjxjy/resources/music/keyzhaungji",0],"218":["localized-image/en/jjxjy-opneBtn-en",2],"219":["jjxjy/donghua/shazi/szdh",7],"220":["Textures/number/1",2],"221":["jjxjy/donghua/dianxian/sddh",2],"222":["localized-image/en/jjxjy-6-en",2],"223":["jjxjy/donghua/shazi/szdh",2],"224":["jjxjy/resources/music/btn",0],"225":["jjxjy/resUI/resxin/wubei",2],"226":["jjxjy/donghua/reliu/yjldh",7],"227":["jjxjy/resUI/game/4",2],"228":["jjxjy/resUI/level/key",2],"229":["Textures/game/xinshou2",2],"230":["jjxjy/resUI/settle/success/piaodai",2],"231":["jjxjy/sign/img/newSign/gb",2],"232":["jjxjy/resUI/level/electricSaw",2],"233":["jjxjy/resUI/level/zhezhao/11.2",2],"234":["jjxjy/resUI/jiesuan/anniu4",2],"235":["jjxjy/Result/Texture/成功预览1",2],"236":["jjxjy/resUI/game/124",2],"237":["jjxjy/donghua/close/jinyv/jinyu",2],"238":["localized-image/en/jjxjy-success-en",2],"239":["localized-image/en/diliutian-en",2],"240":["jjxjy/donghua/pifu",2],"241":["jjxjy/donghua/duwu/dsdh",2],"242":["jjxjy/resUI/settle/success/nextBtn",2],"243":["jjxjy/resUI/role",2],"244":["jjxjy/resUI/skinApplication/jumpBtn",2],"245":["jjxjy/resources/music/shengli",0],"246":["jjxjy/resUI/level/zhezhao/5.2",2],"247":["jjxjy/donghua/close/close/02win",2],"248":["jjxjy/resUI/level/6",2],"249":["jjxjy/resUI/level/lvhuan",2],"250":["jjxjy/sign/img/newSign/di",2],"251":["jjxjy/resUI/level/x",2],"252":["jjxjy/resUI/level/zhezhao/12.3",2],"253":["Textures/Skin/Skin_11",2],"254":["jjxjy/resUI/level/2",2],"255":["Textures/game/gamebaseBG3",2],"256":["jjxjy/resUI/settle/fail/word",2],"257":["localized-image/en/js_jianglifanbei-en",2],"258":["localized-image/en/jjxjy-3-en",2],"259":["localized-image/en/jjxjy-7-en",2],"260":["localized-image/en/jjxjy-2-en",2],"261":["Textures/Skin/Skin_5",2],"262":["jjxjy/resUI/level/10.1",2],"263":["Textures/game/gamebaseBG4",2],"264":["jjxjy/sign/img/newSign/6",2],"265":["Textures/game/xinshou1",2],"266":["jjxjy/donghua/duwu/dydh",7],"267":["jjxjy/resUI/jiesuan/anniu3",2],"268":["jjxjy/resUI/skinApplication/useByTv",2],"269":["localized-image/en/jiazaizhong2-en",2],"270":["jjxjy/Result/Texture/ɫֵ1",2],"271":["jjxjy/resUI/level/9",2],"272":["localized-image/en/jjxjy-zanshi-en",2],"273":["jjxjy/donghua/shazi/s2/2",2],"274":["Textures/game/gamebaseBG2",2],"275":["localized-image/en/jjxjy-zjlq-en",2],"276":["localized-image/en/jjxjy-anniu1-en",2],"277":["jjxjy/resUI/level/8",2],"278":["jjxjy/resUI/loading/signBtn",2],"279":["jjxjy/donghua/sldh",7],"280":["localized-image/en/jjxjy-shipin-en",2],"281":["jjxjy/resUI/resxin/zanbushiyong",2],"282":["localized-image/en/short_gold-en",2],"283":["jjxjy/donghua/close/close/02lose",7],"284":["localized-image/en/StartGameBtn-en",2],"285":["jjxjy/resUI/level/lvgang",2],"286":["localized-image/en/jjxjy-doubelBtn-en",2],"287":["jjxjy/resUI/level/yuanxie",2],"288":["jjxjy/resUI/game/bg",2],"289":["jjxjy/resUI/level/zhezhao/15.1",2],"290":["jjxjy/donghua/home/logo/logo",2],"291":["jjxjy/resUI/youxi/vedio",2],"292":["localized-image/en/jjxjy-five-en",2],"293":["localized-image/en/jjxjy-chakanvoid-en",2],"294":["jjxjy/sign/img/newSign/2",2],"295":["jjxjy/resUI/level/player",2],"296":["jjxjy/donghua/duwu/dsdh",7],"297":["jjxjy/donghua/shazi/s2/1",2],"298":["jjxjy/resUI/skin/skin_word",2],"299":["jjxjy/resUI/level/water/water_2",2],"300":["jjxjy/resUI/level/bait",2],"301":["Textures/Skin/Skin_2",2],"302":["jjxjy/sign/img/newSign/4",2],"303":["jjxjy/resUI/level/20.2",2],"304":["jjxjy/resUI/skinApplication/guan",2],"305":["jjxjy/donghua/home/inteface/01homeBG2",2],"306":["jjxjy/resources/music/bg",0],"307":["jjxjy/resources/image/skin_3",2],"308":["jjxjy/resUI/level/19",2],"309":["Textures/game/gamebaseBG0",2],"310":["Audios/Bgm",0],"311":["jjxjy/resUI/skinApplication/guandian",2],"312":["jjxjy/resUI/level/water/遮罩",2],"313":["jjxjy/resUI/level/14.1",2],"314":["Textures/game/gamebaseBG8",2],"315":["jjxjy/donghua/dadou/dddh",2],"316":["jjxjy/resUI/level/13.1",2],"317":["jjxjy/resUI/level/10.2",2],"318":["jjxjy/resUI/level/xianjing",2],"319":["jjxjy/donghua/dianjv/djdh",7],"320":["Textures/Skin/Skin_0",2],"321":["localized-image/en/js_jixuyouxi-en",2],"322":["localized-image/en/jjxjy-word-en",2],"323":["localized-image/en/biaoti-en",2],"324":["localized-image/en/jjxjy-zanbushiyong-en",2],"325":["localized-image/en/jjxjy-shiyong-en",2],"326":["jjxjy/resUI/resxin/laingqvjaingli",2],"327":["Textures/number/7",2],"328":["jjxjy/sign/img/newSign/direct",2],"329":["Textures/Skin/Skin_4",2],"330":["Textures/game/gamebaseBG5",2],"331":["jjxjy/donghua/yanjing/yjdh",2],"332":["Textures/number/9",2],"333":["jjxjy/donghua/yuandu/dsdh",2],"334":["jjxjy/resUI/level/water/water_3",2],"335":["jjxjy/donghua/duwu/yanjian/yjdh",2],"336":["Textures/number/5",2],"337":["jjxjy/resources/image/skin_4",2],"338":["jjxjy/donghua/home/logo/logo",7],"339":["jjxjy/donghua/slzsdh",2],"340":["jjxjy/resUI/skin/gold",2],"341":["jjxjy/donghua/yanjing/yjdh",7],"342":["localized-image/en/disitian-en",2],"343":["jjxjy/resUI/level/13.2",2],"344":["jjxjy/resUI/level/level_3_2",2],"345":["Textures/game/gamebaseBG7",2],"346":["jjxjy/resUI/tryskin/anniu",2],"347":["jjxjy/donghua/duwu/dydh",2],"348":["jjxjy/resUI/level/fan",2],"349":["jjxjy/donghua/jt/jt",2],"350":["jjxjy/resUI/game/level",2],"351":["localized-image/en/jjxjy-word_1-en",2],"352":["jjxjy/donghua/yuandu/dsdh",7],"353":["jjxjy/resUI/settle/success/fish",2],"354":["localized-image/en/jjxjy-tiaoguo-en",2],"355":["jjxjy/resUI/level/wuhaunkey",2],"356":["jjxjy/resUI/level/gang",2],"357":["jjxjy/resources/image/skin_5",2],"358":["jjxjy/resUI/skin/jinbi",2],"359":["localized-image/en/jjxjy-di-en",2],"360":["jjxjy/resUI/settle/fail/xaioguo",2],"361":["jjxjy/donghua/close/win_en/02win",2],"362":["jjxjy/resUI/skin/kuang",2],"363":["jjxjy/resUI/level/level_3_1",2],"364":["localized-image/en/chengong-en",2],"365":["jjxjy/donghua/recha/yjlddh",7],"366":["jjxjy/donghua/shazi/s1/1",2],"367":["jjxjy/resUI/level/13.3",2],"368":["jjxjy/resUI/sign/Layer 34",2],"369":["localized-image/en/yx_tiaoguo-en",2],"370":["jjxjy/donghua/sydh",2],"371":["localized-image/en/jjxjy-wubei-en",2],"372":["jjxjy/donghua/home/inteface/01homeBG",2],"373":["jjxjy/resUI/skin/select",2],"374":["jjxjy/resUI/skin/mask",2],"375":["jjxjy/resUI/resxin/chakanvoid",2],"376":["jjxjy/resUI/settle/success/icon",3,1],"377":["jjxjy/resUI/resxin/duihao",3,1],"379":["jjxjy/prefab/lvkeyxin",1],"380":["Prefabs/Level/UIDerived126",1],"381":["jjxjy/donghua/home/logo/logo",3,1],"383":["Prefabs/Level/UIDerived68",1],"384":["jjxjy/resUI/level/zhuhe",3,1],"385":["jjxjy/resUI/skin/select",3,1],"386":["jjxjy/Result/Texture/ɫֵ",3,1],"387":["Prefabs/Level/UIDerived115",1],"391":["jjxjy/resUI/level/bait",3,1],"392":["jjxjy/resUI/jiesuan/anniu1",3,1],"393":["jjxjy/Result/Texture/失败预览",3,1],"394":["jjxjy/resUI/loading/bg2",3,1],"395":["jjxjy/prefab/pifu",1],"396":["Prefabs/Level/UIDerived8",1],"397":["jjxjy/resources/json/game",8],"398":["jjxjy/donghua/duwu/dsdh",3,1],"400":["Prefabs/UI/UIHomePage",1],"401":["jjxjy/resUI/level/10.2",3,1],"402":["jjxjy/resUI/game/2",3,1],"403":["jjxjy/resUI/level/stone",3,1],"405":["Prefabs/Level/UIDerived41",1],"406":["jjxjy/resUI/settle/success/nextBtn",3,1],"408":["jjxjy/resources/prefab/level/level_14",1],"409":["Textures/number/4",3,1],"410":["localized-image/en/xinshou2-en",3,1],"411":["jjxjy/resUI/game/tv",3,1],"413":["jjxjy/resUI/level/2",3,1],"415":["localized-image/en/js_jixuyouxi-en",3,1],"417":["jjxjy/donghua/recha/yjlddh",3,1],"418":["localized-image/en/jjxjy-4-en",3,1],"420":["Prefabs/Level/UIDerived65",1],"421":["jjxjy/resUI/stone",3,1],"422":["Prefabs/UI/bx",1],"423":["Prefabs/Level/UIDerived67",1],"424":["jjxjy/resUI/settle/success/main",3,1],"428":["Prefabs/Level/UIDerived61",1],"430":["jjxjy/resUI/loading/di",3,1],"431":["Prefabs/Level/UIDerived128",1],"432":["jjxjy/resUI/game/1223",3,1],"433":["jjxjy/donghua/close/win_en/02win",3,1],"434":["localized-image/en/jjxjy-3-en",3,1],"436":["jjxjy/resUI/skin/leftKuang",3,1],"437":["jjxjy/prefab/drumstick",1],"438":["Prefabs/UI/Greenwater_Water",1],"439":["localized-image/en/jjxjy-shiyong-en",3,1],"441":["jjxjy/donghua/close/jinyv/jinyu",3,1],"442":["Prefabs/Level/UIDerived29",1],"444":["jjxjy/resUI/skinApplication/useByTv",3,1],"446":["jjxjy/donghua/fire/hydh",6],"449":["Prefabs/Level/UIDerived43",1],"450":["jjxjy/resUI/level/zhezhao/12.1",3,1],"451":["jjxjy/resUI/game/132",3,1],"452":["jjxjy/resources/prefab/level/level_7",1],"454":["jjxjy/resUI/loading/music",3,1],"455":["Prefabs/Level/UIDerived135",1],"456":["jjxjy/sign/img/newSign/7",3,1],"457":["jjxjy/resources/prefab/level/level_11",1],"458":["localized-image/en/short_gold-en",3,1],"459":["jjxjy/resUI/game/kuang",3,1],"460":["jjxjy/donghua/jt/jt",6],"461":["jjxjy/donghua/close/win_en/02win",6],"462":["Prefabs/Level/UIDerived48",1],"463":["localized-image/en/shibai-en",3,1],"465":["jjxjy/resUI/level/13.3",3,1],"467":["jjxjy/resUI/level/15zz1",3,1],"469":["jjxjy/resUI/level/yuanxie",3,1],"470":["Prefabs/Level/UIDerived131",1],"473":["localized-image/en/jjxjy-success-en",3,1],"475":["jjxjy/resUI/settle/success/success",3,1],"476":["jjxjy/resUI/settle/fail/doubleBtn",3,1],"477":["jjxjy/resources/prefab/hint/hint",1],"478":["Textures/game/xinshou1",3,1],"480":["Prefabs/Level/UIDerived93",1],"481":["Prefabs/Level/UIDerived105",1],"482":["jjxjy/donghua/shazi/szdh",3,1],"484":["Prefabs/Level/UIDerived36",1],"485":["jjxjy/donghua/sldh",6],"486":["localized-image/en/pifumianfeishiyong-en",3,1],"487":["jjxjy/resUI/loading/bg-2",3,1],"488":["localized-image/en/diqitian-en",3,1],"489":["jjxjy/resUI/settle/fail/xaioguo",3,1],"494":["localized-image/en/logo-en",3,1],"495":["Prefabs/Level/UIDerived44",1],"500":["Prefabs/Level/UIDerived12",1],"501":["Prefabs/Level/UIDerived104",1],"502":["Prefabs/Level/UIDerived98",1],"503":["jjxjy/resUI/youxi/tg",3,1],"504":["Prefabs/Level/UIDerived38",1],"505":["Prefabs/Level/UIDerived94",1],"507":["localized-image/en/jiazaizhong2-en",3,1],"511":["jjxjy/resUI/loading/go",3,1],"512":["Prefabs/Level/UIDerived136",1],"513":["jjxjy/donghua/dianxian/sddh",6],"514":["jjxjy/resUI/level/7",3,1],"515":["jjxjy/resUI/loading/word",3,1],"516":["Prefabs/Level/UIDerived59",1],"517":["Prefabs/Level/UIDerived9",1],"518":["Textures/game/gamebaseBG4",3,1],"519":["jjxjy/resUI/game/tukuai",3,1],"520":["jjxjy/resUI/settle/success/piaodai",3,1],"522":["jjxjy/resUI/level/x",3,1],"523":["jjxjy/donghua/sydh",6],"524":["Prefabs/Level/UIDerived32",1],"525":["Prefabs/Level/UIDerived114",1],"526":["jjxjy/donghua/home/inteface/01homeBG",3,1],"527":["jjxjy/resUI/sign/Layer 34",3,1],"529":["Prefabs/Level/UIDerived10",1],"530":["jjxjy/resUI/level/wuhaunkey",3,1],"531":["localized-image/en/js_jianglifanbei-en",3,1],"532":["jjxjy/donghua/jt/jt",3,1],"533":["Prefabs/UI/UISignPanel",1],"534":["jjxjy/resUI/level/lvgang",3,1],"535":["jjxjy/resUI/resxin/five",3,1],"536":["localized-image/en/jjxjy-5-en",3,1],"537":["localized-image/en/jjxjy-di-en",3,1],"538":["Prefabs/Level/UIDerived2",1],"539":["jjxjy/resUI/level/6",3,1],"541":["Textures/number/2",3,1],"542":["jjxjy/donghua/close/close/chenggong",3,1],"543":["localized-image/en/jjxjy-word_1-en",3,1],"544":["jjxjy/Result/Texture/result",5],"545":["jjxjy/donghua/duwu/duye/dsdh",3,1],"546":["jjxjy/resources/image/skin_4",3,1],"547":["jjxjy/resUI/skin/suo",3,1],"548":["localized-image/en/jjxjy-laingqvjaingli-en",3,1],"552":["jjxjy/resUI/settle/success/guan",3,1],"553":["Textures/number/NumberBip",3,1],"555":["jjxjy/resUI/game/124",3,1],"556":["localized-image/en/disitian-en",3,1],"557":["jjxjy/donghua/yuandu/dsdh",6],"559":["jjxjy/resUI/skinApplication/shareUse",3,1],"560":["Prefabs/Level/UIDerived42",1],"561":["jjxjy/resUI/loading/opneBtn",3,1],"562":["jjxjy/resUI/level/15.2",3,1],"563":["jjxjy/resUI/tryskin/anniu",3,1],"565":["jjxjy/resUI/skin/jinbi",3,1],"566":["jjxjy/resources/image/skin_7",3,1],"567":["localized-image/en/jjxjy-1-en",3,1],"568":["jjxjy/resUI/skin/skin_word",3,1],"570":["localized-image/en/jjxjy-title-en",3,1],"571":["jjxjy/donghua/close/close/02win",3,1],"572":["jjxjy/prefab/player",1],"574":["jjxjy/resUI/level/zhezhao/15.2",3,1],"575":["Prefabs/UI/outsize",1],"577":["jjxjy/prefab/evilFish",1],"578":["Prefabs/Level/UIDerived53",1],"579":["jjxjy/resUI/level/water/water_1",3,1],"580":["Prefabs/Level/UIDerived97",1],"582":["jjxjy/donghua/dadou/dddh",6],"584":["jjxjy/sign/img/newSign/direct",3,1],"585":["jjxjy/prefab/bait",1],"586":["Prefabs/Level/UIDerived120",1],"589":["jjxjy/resUI/level/drumstick",3,1],"594":["jjxjy/sign/img/newSign/di",3,1],"595":["Textures/game/gamebaseBG8",3,1],"596":["jjxjy/resUI/level/14.2",3,1],"597":["jjxjy/resUI/level/14.1",3,1],"598":["jjxjy/resUI/level/evilFish",3,1],"599":["Textures/number/9",3,1],"601":["Prefabs/UI/MoveProp",1],"603":["Prefabs/Level/UIDerived28",1],"604":["Prefabs/UI/Green_Water",1],"605":["jjxjy/resUI/level/water/water_3",3,1],"607":["jjxjy/donghua/duwu/yanjian/yjdh",3,1],"608":["localized-image/en/jiazaizhong-en",3,1],"610":["Textures/number/5",3,1],"611":["jjxjy/resources/image/skin_9",3,1],"612":["Prefabs/FlyCoin",1],"613":["jjxjy/resUI/settle/success/fish",3,1],"615":["Prefabs/UI/UIRevivePanel",1],"616":["jjxjy/resources/prefab/level/level_5",1],"620":["Prefabs/Level/UIDerived46",1],"621":["jjxjy/resUI/level/18",3,1],"622":["jjxjy/donghua/sydh",3,1],"623":["jjxjy/resUI/resxin/wubei",3,1],"626":["jjxjy/resUI/resxin/shipin",3,1],"627":["jjxjy/resUI/skinApplication/word",3,1],"629":["jjxjy/donghua/recha/yjlddh",6],"630":["Prefabs/Level/UIDerived26",1],"631":["Prefabs/UI/UIBxPanel",1],"635":["jjxjy/Result/Prefab/SuccessBox",1],"637":["jjxjy/prefab/skin",1],"638":["localized-image/en/jjxjy-useByTv-en",3,1],"639":["localized-image/en/js_tiaoguo-en",3,1],"640":["jjxjy/donghua/close/win/02win",6],"641":["localized-image/en/chengong-en",3,1],"644":["jjxjy/resUI/level/3",3,1],"645":["jjxjy/sign/img/newSign/1",3,1],"647":["jjxjy/resources/prefab/level/level_6",1],"648":["Prefabs/UI/Red_Water",1],"649":["localized-image/en/jjxjy-anniu4-en",3,1],"650":["localized-image/en/jjxjy-lingqv-en",3,1],"651":["jjxjy/donghua/close/win/02win",3,1],"653":["jjxjy/resUI/level/11.1",3,1],"654":["Prefabs/UI/zhenNodeTwo",1],"657":["Prefabs/UI/enemy",1],"658":["jjxjy/donghua/reliu/yjldh",6],"659":["Prefabs/Level/UIDerived99",1],"660":["Prefabs/Level/UIDerived129",1],"661":["jjxjy/donghua/shazi/szdh",6],"662":["jjxjy/resUI/level/zhezhao/5.1",3,1],"663":["Prefabs/Level/UIDerived100",1],"664":["jjxjy/resUI/game/121",3,1],"667":["Prefabs/Level/UIDerived72",1],"669":["jjxjy/resUI/resxin/sun",3,1],"671":["jjxjy/resUI/game/t204",3,1],"672":["jjxjy/resUI/level/electricSaw",3,1],"674":["jjxjy/resUI/skin/back",3,1],"676":["Textures/Skin/Skin_11",3,1],"677":["Textures/game/whiteBG",3,1],"678":["Prefabs/UI/poweradd",1],"679":["Prefabs/Level/UIDerived6",1],"680":["Prefabs/Level/UIDerived66",1],"682":["localized-image/en/jjxjy-doubelBtn-en",3,1],"683":["jjxjy/resUI/level/15.1",3,1],"684":["jjxjy/resUI/role",3,1],"685":["jjxjy/donghua/duwu/dydh",6],"686":["Prefabs/Level/UIDerived116",1],"689":["jjxjy/resources/prefab/level/level_2",1],"692":["localized-image/en/jjxjy-sb-en",3,1],"693":["Prefabs/Level/UIDerived140",1],"694":["jjxjy/resUI/game/bg",3,1],"695":["Textures/Skin/Skin_9",3,1],"696":["Prefabs/Level/UIDerived37",1],"697":["jjxjy/resUI/settle/success/doubleBtn",3,1],"699":["jjxjy/resUI/level/fan",3,1],"700":["Prefabs/UI/UIGamePage",1],"701":["jjxjy/donghua/close/close/02lose",6],"702":["jjxjy/resUI/guaiwu",3,1],"703":["jjxjy/resUI/youxi/vedio",3,1],"704":["jjxjy/resUI/resxin/lingqv",3,1],"706":["jjxjy/resUI/game/level",3,1],"707":["localized-image/en/diyitian-en",3,1],"708":["Prefabs/Level/UIDerived62",1],"709":["localized-image/en/sign_got-en",3,1],"712":["jjxjy/resUI/level/9",3,1],"716":["jjxjy/resources/image/skin_2",3,1],"717":["jjxjy/resUI/level/key",3,1],"718":["jjxjy/resUI/game/jumpTv",3,1],"719":["Prefabs/Level/UIDerived33",1],"720":["Prefabs/Level/UIDerived60",1],"721":["Prefabs/UI/UIGameLoadingPage",1],"723":["Prefabs/Level/UIDerived124",1],"726":["Prefabs/Level/UIDerived137",1],"727":["Textures/Skin/Skin_6",3,1],"728":["Textures/game/gamebaseBG5",3,1],"729":["Prefabs/Level/UIDerived69",1],"730":["Prefabs/Level/UIDerived20",1],"731":["Prefabs/UI/Black_Water",1],"733":["Prefabs/Level/UIDerived111",1],"734":["jjxjy/resUI/resxin/jcxing",3,1],"735":["jjxjy/resUI/settle/fail/upbg",3,1],"736":["jjxjy/Result/Texture/成功预览1",3,1],"737":["Textures/Skin/Skin_2",3,1],"739":["jjxjy/donghua/duwu/duye/dsdh",6],"740":["jjxjy/resUI/skin/mask",3,1],"741":["localized-image/en/yx_tiaoguo-en",3,1],"742":["jjxjy/Result/Prefab/FailBox",1],"743":["jjxjy/resUI/skin/skin_bg",3,1],"745":["jjxjy/resUI/resxin/jianicon",3,1],"747":["jjxjy/donghua/home/inteface/01homeBG2",3,1],"750":["jjxjy/resUI/level/level_3_2",3,1],"752":["Prefabs/Level/UIDerived110",1],"753":["localized-image/en/movezhenUpDown-en",3,1],"754":["Prefabs/Level/UIDerived7",1],"755":["Prefabs/Level/UIDerived30",1],"757":["jjxjy/donghua/duwu/dsdh",6],"758":["Prefabs/Level/UIDerived82",1],"759":["Prefabs/Level/UIDerived35",1],"761":["localized-image/en/jjxjy-five-en",3,1],"762":["localized-image/en/jjxjy-skin_word-en",3,1],"763":["Prefabs/UI/gasNode",1],"765":["jjxjy/donghua/pifu",6],"766":["Prefabs/Level/UIDerived71",1],"768":["Prefabs/Level/UIDerived77",1],"769":["Textures/Skin/Skin_3",3,1],"770":["jjxjy/resUI/level/11.2",3,1],"771":["Prefabs/Level/UIDerived89",1],"772":["Prefabs/Level/UIDerived54",1],"773":["jjxjy/resUI/drumstick",3,1],"774":["jjxjy/resUI/jiesuan/anniu4",3,1],"775":["Prefabs/Level/UIDerived123",1],"776":["jjxjy/sign/img/newSign/doubelBtn",3,1],"777":["jjxjy/donghua/home/inteface/01homeBG",6],"779":["jjxjy/resUI/skinApplication/jumpBtn",3,1],"780":["Prefabs/Level/UIDerived81",1],"781":["jjxjy/resUI/settle/success/upBg",3,1],"782":["jjxjy/resUI/level/xianjing",3,1],"783":["Prefabs/Level/UIDerived138",1],"784":["jjxjy/resUI/level/huan",3,1],"785":["jjxjy/donghua/yuandu/dsdh",3,1],"787":["jjxjy/resUI/game/pubuz",3,1],"788":["jjxjy/resUI/jiesuan/anniu3",3,1],"792":["Prefabs/Level/UIDerived24",1],"793":["Prefabs/Level/UIDerived13",1],"794":["jjxjy/sign/img/newSign/mask",3,1],"796":["jjxjy/donghua/slzsdh",3,1],"797":["Prefabs/Level/UIDerived102",1],"798":["jjxjy/resUI/level/water/遮罩",3,1],"799":["jjxjy/donghua/dianxian/sddh",3,1],"800":["jjxjy/resUI/resxin/laingqvjaingli",3,1],"801":["jjxjy/resUI/level/19",3,1],"802":["jjxjy/resUI/level/lvhuan",3,1],"803":["localized-image/en/skinFrame-en",3,1],"805":["jjxjy/resUI/settle/fail/word",3,1],"807":["jjxjy/resources/image/skin_3",3,1],"808":["Prefabs/Level/UIDerived58",1],"809":["Prefabs/UI/zhenNode",1],"810":["Prefabs/Level/UIDerived55",1],"812":["jjxjy/donghua/reliu/yjldh",3,1],"813":["Prefabs/Level/UIDerived76",1],"815":["jjxjy/donghua/close/jinyv/jinyu",6],"817":["Prefabs/Level/UIDerived84",1],"818":["Prefabs/Level/UIDerived70",1],"820":["jjxjy/resUI/level/12",3,1],"821":["Prefabs/Level/UIDerived73",1],"822":["localized-image/en/jjxjy-anniu2-en",3,1],"824":["Prefabs/Level/UIDerived23",1],"825":["Textures/game/gamebaseBG0",3,1],"826":["Prefabs/Level/UIDerived125",1],"828":["Prefabs/UI/UIGameBasePage",1],"829":["jjxjy/resUI/level/level_3_1",3,1],"830":["Prefabs/Level/UIDerived83",1],"831":["Prefabs/Level/UIDerived3",1],"832":["localized-image/en/jjxjy-anniu1-en",3,1],"833":["jjxjy/resUI/game/stop",3,1],"834":["Prefabs/Level/UIDerived64",1],"835":["jjxjy/resUI/settle/fail/share",3,1],"836":["jjxjy/donghua/shazi/s2/1",3,1],"838":["jjxjy/resUI/tryskin/shiyong",3,1],"839":["localized-image/en/got_text-en",3,1],"841":["Prefabs/Level/UIDerived5",1],"845":["Prefabs/Level/UIDerived79",1],"846":["jjxjy/resUI/level/gang",3,1],"847":["Textures/number/8",3,1],"849":["Textures/Skin/Skin_10",3,1],"850":["jjxjy/resUI/level/8",3,1],"851":["Textures/game/gamebaseBG7",3,1],"853":["jjxjy/resUI/loading/bg",3,1],"857":["jjxjy/resources/json/skin",8],"861":["localized-image/en/biaoti-en",3,1],"862":["Prefabs/Level/UIDerived17",1],"863":["Prefabs/Level/UIDerived118",1],"865":["localized-image/en/jjxjy-shareUse-en",3,1],"866":["jjxjy/resUI/game/zhezhao",3,1],"868":["jjxjy/resUI/level/20.2",3,1],"872":["Textures/number/xiegang",3,1],"873":["Prefabs/Level/UIDerived86",1],"874":["jjxjy/resUI/level/water/water_2",3,1],"875":["jjxjy/resUI/level/slipHead",3,1],"876":["Prefabs/Level/UIDerived56",1],"877":["jjxjy/resUI/level/13.2",3,1],"878":["jjxjy/sign/img/newSign/4",3,1],"879":["Prefabs/Level/UIDerived22",1],"881":["localized-image/en/jjxjy-6-en",3,1],"882":["jjxjy/resUI/game/void",3,1],"884":["Prefabs/Level/UIDerived139",1],"887":["jjxjy/sign/img/newSign/3",3,1],"888":["Textures/game/gamebaseBG2",3,1],"889":["Prefabs/Level/UIDerived51",1],"890":["jjxjy/resUI/LabelAtlas.labelatlas",3,1],"892":["localized-image/en/diertian-en",3,1],"893":["Prefabs/Level/UIDerived117",1],"895":["Prefabs/Level/UIDerived39",1],"896":["Prefabs/UI/UITrialSkinPanel",1],"900":["jjxjy/donghua/slzsdh",6],"901":["jjxjy/prefab/singleHuan",1],"902":["jjxjy/donghua/shazi/s1/1",3,1],"904":["Prefabs/Level/UIDerived101",1],"906":["localized-image/en/btn_ljlq-en",3,1],"908":["Prefabs/Level/UIDerived21",1],"909":["localized-image/en/jjxjy-zanbushiyong-en",3,1],"912":["jjxjy/resUI/sign/zjlq",3,1],"913":["localized-image/en/js_laiguo-en",3,1],"915":["jjxjy/resUI/game/4",3,1],"916":["jjxjy/donghua/dadou/dddh",3,1],"917":["Textures/number/NumberBip",4],"918":["Prefabs/Level/UIDerived90",1],"920":["jjxjy/resources/image/skin_5",3,1],"921":["Prefabs/Level/UIDerived121",1],"922":["Textures/Skin/Skin_4",3,1],"923":["jjxjy/resUI/skinApplication/guandian",3,1],"924":["Prefabs/Level/UIDerived31",1],"925":["jjxjy/resUI/loading/signBtn",3,1],"926":["jjxjy/sign/img/newSign/gou",3,1],"927":["Prefabs/Level/UIDerived47",1],"928":["Prefabs/Level/UIDerived91",1],"929":["jjxjy/resUI/level/level_7",3,1],"930":["localized-image/en/diwutian-en",3,1],"934":["Prefabs/Level/UIDerived78",1],"935":["Prefabs/Level/UIDerived57",1],"936":["Textures/Skin/Skin_7",3,1],"938":["jjxjy/resUI/loading/skinBtn",3,1],"939":["jjxjy/donghua/close/close/02win",6],"940":["jjxjy/resources/image/skin_8",3,1],"941":["jjxjy/resUI/level/4.2",3,1],"942":["localized-image/en/jjxjy-anniu3-en",3,1],"943":["Prefabs/Level/UIDerived113",1],"945":["jjxjy/resUI/level/player",3,1],"948":["Prefabs/Level/UIDerived132",1],"949":["localized-image/en/qd_zhijielingqv-en",3,1],"952":["Prefabs/Level/UIDerived49",1],"953":["jjxjy/resUI/jiesuan/anniu2",3,1],"956":["localized-image/en/jjxjy-opneBtn-en",3,1],"957":["jjxjy/resUI/settle/fail/guan",3,1],"960":["jjxjy/sign/img/newSign/mask_2",3,1],"961":["Prefabs/Level/UIDerived107",1],"962":["localized-image/en/diqitianBg-en",3,1],"963":["jjxjy/donghua/close/close/chenggong",6],"967":["Textures/game/gamebaseBG1",3,1],"969":["localized-image/en/jjxjy-word-en",3,1],"970":["jjxjy/resUI/loading/bg1",3,1],"971":["Prefabs/Level/UIDerived122",1],"972":["Prefabs/Level/UIDerived25",1],"973":["jjxjy/resources/prefab/level/level_4",1],"974":["jjxjy/resUI/level/zhezhao/12.2",3,1],"975":["Textures/game/gamebaseBG3",3,1],"976":["jjxjy/resUI/resxin/title",3,1],"977":["Textures/number/6",3,1],"978":["jjxjy/sign/sign/signBox",1],"979":["localized-image/en/jjxjy-word_2-en",3,1],"982":["jjxjy/resUI/level/20.1",3,1],"983":["Prefabs/UI/labelLevelString",1],"984":["jjxjy/prefab/lvhuan",1],"985":["localized-image/en/jjxjy-doubleBtn-en",3,1],"987":["Textures/Skin/Skin_1",3,1],"988":["jjxjy/donghua/duwu/yanjian/yjdh",6],"989":["jjxjy/resUI/skin/kuang",3,1],"990":["jjxjy/resUI/level/5",3,1],"991":["jjxjy/resUI/resxin/feizhong",3,1],"992":["jjxjy/resUI/settle/fail/icon",3,1],"994":["Prefabs/Level/UIDerived50",1],"996":["jjxjy/resources/prefab/level/level_9",1],"997":["Textures/number/3",3,1],"998":["localized-image/en/jjxjy-shipin-en",3,1],"1000":["jjxjy/resUI/sign/sb",3,1],"1001":["jjxjy/donghua/dianjv/djdh",3,1],"1002":["Prefabs/UI/UIWinPage",1],"1003":["jjxjy/sign/img/newSign/5",3,1],"1004":["jjxjy/donghua/yanjing/yjdh",6],"1006":["Prefabs/Level/UIDerived52",1],"1010":["jjxjy/resUI/settle/fail/again",3,1],"1012":["jjxjy/resUI/resxin/zanshi",3,1],"1013":["jjxjy/resUI/skinApplication/bg",3,1],"1014":["jjxjy/donghua/denglong/qlyv",3,1],"1015":["localized-image/en/diliutian-en",3,1],"1016":["Prefabs/Level/UIDerived130",1],"1017":["jjxjy/resUI/skin/gang",3,1],"1020":["Textures/Skin/Skin_8",3,1],"1021":["localized-image/en/qd_shuangbei-en",3,1],"1022":["jjxjy/resUI/LabelAtlas.labelatlas",4],"1024":["Prefabs/Level/UIDerived134",1],"1025":["Textures/number/7",3,1],"1026":["jjxjy/resources/prefab/level/level_1",1],"1028":["jjxjy/resUI/level/16",3,1],"1029":["Prefabs/Level/UIDerived18",1],"1030":["Textures/game/gamebaseBG6",3,1],"1031":["jjxjy/donghua/dianjv/djdh",6],"1032":["localized-image/en/jjxjy-zanshi-en",3,1],"1033":["jjxjy/resUI/game/2.1",3,1],"1034":["jjxjy/sign/img/newSign/2",3,1],"1035":["jjxjy/resUI/level/zhezhao/15.1",3,1],"1037":["jjxjy/donghua/pifu",3,1],"1038":["Prefabs/UI/UIFailPage",1],"1039":["jjxjy/prefab/stone",1],"1040":["Prefabs/Level/UIDerived45",1],"1041":["Prefabs/Level/UIDerived16",1],"1045":["localized-image/en/signBg-en",3,1],"1046":["jjxjy/donghua/shazi/s2/3",3,1],"1047":["jjxjy/prefab/pubu",1],"1048":["Textures/game/xinshou2",3,1],"1049":["jjxjy/prefab/slip",1],"1050":["Prefabs/Level/UIDerived127",1],"1052":["Prefabs/Level/UIDerived14",1],"1053":["jjxjy/donghua/close/close/02lose",3,1],"1054":["jjxjy/donghua/duwu/dydh",3,1],"1056":["jjxjy/donghua/shazi/s1/2",3,1],"1057":["jjxjy/resUI/level/zhezhao/12.3",3,1],"1058":["jjxjy/resources/prefab/level/level_15",1],"1060":["jjxjy/donghua/shazi/s1/3",3,1],"1061":["jjxjy/resUI/level/15zz3",3,1],"1062":["Textures/number/0",3,1],"1064":["Prefabs/Level/UIDerived108",1],"1066":["jjxjy/resUI/resxin/zhong",3,1],"1067":["localized-image/en/jjxjy-tg-en",3,1],"1068":["Prefabs/Level/UIDerived106",1],"1072":["localized-image/en/shortpower-en",3,1],"1073":["jjxjy/resUI/level/10.1",3,1],"1074":["localized-image/en/jjxjy-7-en",3,1],"1075":["jjxjy/resUI/level/15zz2",3,1],"1076":["localized-image/en/sy_tiaoguo-en",3,1],"1078":["Prefabs/Level/UIDerived15",1],"1079":["Prefabs/UI/UISharePanel",1],"1080":["Prefabs/Level/UIDerived112",1],"1081":["jjxjy/resUI/level/17",3,1],"1083":["Textures/Skin/Skin_5",3,1],"1084":["localized-image/en/sy_shiyong-en",3,1],"1085":["jjxjy/resUI/resxin/zanbushiyong",3,1],"1086":["Prefabs/Level/UIDerived87",1],"1088":["Prefabs/Level/UIDerived92",1],"1089":["jjxjy/resources/prefab/level/level_13",1],"1090":["Prefabs/Level/UIDerived103",1],"1091":["jjxjy/resUI/level/13.1",3,1],"1092":["localized-image/en/disantian-en",3,1],"1094":["jjxjy/resUI/level/zhezhao/5.2",3,1],"1095":["Prefabs/Level/UIDerived75",1],"1096":["jjxjy/resources/image/skin_6",3,1],"1097":["Prefabs/UI/TipsPanel",1],"1098":["Prefabs/UI/UISkinPage",1],"1100":["jjxjy/resUI/level/zhezhao/11.1",3,1],"1101":["jjxjy/donghua/denglong/qlyv",6],"1102":["Prefabs/UI/UILoadingPage",1],"1105":["jjxjy/resUI/level/1",3,1],"1106":["localized-image/en/jjxjy-chakanvoid-en",3,1],"1107":["jjxjy/Result/Texture/成功预览2",3,1],"1108":["localized-image/en/StartGameBtn-en",3,1],"1110":["Prefabs/Level/UIDerived34",1],"1111":["jjxjy/resUI/level/zhezhao/11.2",3,1],"1113":["Prefabs/Level/UIDerived63",1],"1114":["Prefabs/UI/rotationStage",1],"1115":["jjxjy/resources/prefab/level/level_10",1],"1116":["Prefabs/Level/UIDerived133",1],"1117":["jjxjy/resources/image/skin_1",3,1],"1119":["jjxjy/resUI/skin/gold",3,1],"1120":["jjxjy/donghua/yanjing/yjdh",3,1],"1122":["localized-image/en/jjxjy-direct-en",3,1],"1124":["Prefabs/Level/UIDerived80",1],"1125":["jjxjy/resUI/level/sharkFish",3,1],"1126":["jjxjy/resUI/game/Popup Hand",3,1],"1128":["Prefabs/Level/UIDerived88",1],"1129":["jjxjy/resUI/level/pole",3,1],"1130":["localized-image/en/jjxjy-2-en",3,1],"1131":["localized-image/en/jjxjy-tiaoguo-en",3,1],"1132":["Prefabs/Level/UIDerived4",1],"1133":["jjxjy/prefab/key",1],"1134":["Prefabs/Level/UIDerived1",1],"1136":["jjxjy/prefab/players",1],"1138":["jjxjy/prefab/lvkey",1],"1139":["jjxjy/resUI/4399",3,1],"1141":["Prefabs/Level/UIDerived85",1],"1142":["Prefabs/Level/UIDerived74",1],"1143":["Prefabs/UI/ShortGoldPanel",1],"1145":["jjxjy/prefab/fishSkin",1],"1147":["jjxjy/sign/img/newSign/gb",3,1],"1148":["Prefabs/Level/UIDerived11",1],"1149":["jjxjy/resources/prefab/level/level_8",1],"1151":["Prefabs/Level/UIDerived95",1],"1152":["jjxjy/Result/Texture/ɫֵ1",3,1],"1153":["jjxjy/donghua/home/logo/logo",6],"1155":["jjxjy/resUI/resxin/chakanvoid",3,1],"1156":["jjxjy/resUI/game/3",3,1],"1158":["jjxjy/resUI/game/1",3,1],"1159":["jjxjy/resUI/level/4.1",3,1],"1160":["Prefabs/Level/UIDerived109",1],"1161":["jjxjy/donghua/shazi/s2/2",3,1],"1163":["jjxjy/resUI/loading/logo",3,1],"1164":["Prefabs/Level/UIDerived19",1],"1166":["Prefabs/UI/Bule_Water",1],"1167":["Prefabs/UI/PowerPanel",1],"1168":["Prefabs/Level/UIDerived119",1],"1170":["localized-image/en/jjxjy-wubei-en",3,1],"1172":["Prefabs/Level/UIDerived40",1],"1173":["Textures/Skin/Skin_0",3,1],"1175":["Textures/number/1",3,1],"1177":["Prefabs/UI/player",1],"1178":["jjxjy/resources/prefab/level/level_3",1],"1179":["Prefabs/Level/UIDerived96",1],"1181":["jjxjy/sign/img/newSign/6",3,1],"1186":["jjxjy/resUI/level/14.3",3,1],"1187":["localized-image/en/jjxjy-zjlq-en",3,1],"1188":["jjxjy/resUI/tryskin/tiaoguo",3,1],"1189":["jjxjy/resUI/skinApplication/guan",3,1],"1193":["jjxjy/donghua/sldh",3,1],"1195":["jjxjy/resources/prefab/level/level_12",1],"1196":["jjxjy/resUI/settle/success/xiaoguo",3,1],"1197":["jjxjy/donghua/fire/hydh",3,1],"1198":["Prefabs/Level/UIDerived27",1]},"types":["cc.AudioClip","cc.Prefab","cc.Texture2D","cc.SpriteFrame","cc.BitmapFont","cc.SpriteAtlas","sp.SkeletonData","cc.Asset","cc.JsonAsset"],"uuids":["028/ofM3tPeJNLcenSR6cj","03E+s8ghRNXKH6w2bsLsjo","04UcI/UD9Fnqml+IsVsOTV","04jC3QD2pDWptARLWmdHCL","06L3zK+wZJnJun0OOjInVz","07Dz4ZIwZEQaVy0XWXkQyK","07b2OmkWxEyajOuaCmY9gD","08CzYFcfJGXY66kfpNXv3B","080jTAKl5K8aoFF9nYrXXG","092D9B+6ZGx5p9Lach8LR9","0akHyY6i1IKK2hEB15r+QK","0b3z5/RK9M8bM6vihpHs0S","0cuB/EI0xM+ZxM1pEfZEK8","0fTMC1Y+VNSak/iqob6Wzh","0fvV15oZxLBJD4DeqIYKjy","0fvcnEwFNIHbOxXpwIeEL8","10Z5RDNNRJXJWHbsS+r8ir","11VZATb7xJ2JgQzI9Ll0BX","11g+TGUaFDTb48ndBrGq+P","13S92U82FJKbYk6P1E9PhS","13tvTT3qRPwa5nbp+EoGav","14Hbnv+otH16UceEDjOHH4","15Esss95VGEIJsQ6+8XtuS","15j5yeB5FAT4FUsz6l8D7n","164fVyRgZOtZWRF5px+FY1","17PQk9rJ1H/LmJmaX3Luqw","17lYk7OIREhpoMOJ2nwK2e","18kJbNrmlG5bvIzP8Uihm8","19rWGL/6JJ3IKbqG3yiARO","1aTkWKzx9ATLP5ZFUauQig","1atg+8emxD9aL/RzLSHIV5","1bYdPyfZ9C+qIgojBA8uyH","1b+ikMxFhHD5PkrlRrNoq1","1crZcjjQRPaYjVU7V9EpDD","1eeKtHhfxJqJa/sztxZfvO","1fEMWKWGtI4Iyipm0NBo7t","1fdvV7+ZRDzqyGPpaMtReM","1fq6V3FTNL6KQLdzM+Qzqi","20E5cbdh5PLZdkSEhCFtto","202jjQ2wlMH4IAvv5jcw7y","21L9oNfitGL4d/FiSZ66H1","22eFaFKApEPqLBtuDuUFiN","23jE9kqn1AMYF3Uip7p/tj","239M3dsqdByLXoikM+k2qv","24dGjXOQ9NhKfgNNktMrWc","24/3mlGw9F9qiOtZYUXP0z","25jDT08mNJsLxdJdiNcPrL","25ndBXI0JPdK8yT74cWOjV","26YI8rvMFLG6l+Igj3ZMGn","267Vjrjh9JMpM/gU5aDq7q","29R84FH19BwbW3VSnqLXYv","29qw0AmyNFqKIuv/hHTNMn","2bGNlWnVhOyoS0ybLUyFOp","2bxtkWb5xAr6nqpT+HT4Ma","2enOGNhA5OHZrJ3IAKU/7m","30bE0uHYhN2Z4Fe2q8YJrM","30mGq4cspFwYFHV8trkIkP","31HP/kwc1ClIVV6eBC7gw8","32MvbRp6FBuZZg2VlWFQO1","32M61xi99GmrQXeOQfWgQ3","32z9WpDcRDx4kMf9+oWL8q","3206zNmnRJf6N0GdYmkWcD","33eezff9hOu56CY+iamvIx","34DAub+thDaK25L7RUBe07","34FA4yNwpP9K+erigaojh6","349c8yarJInahA+eFtsWni","35qMRgpiRFlJzklApLUjsa","355yf/Q8FAY69eaYRZthWJ","36FioRUKxF+Kj2f1fao+56","36ZSFP+w5LcpSIgVD0ooUP","37MzEDDRFJJZ0b9oqmXXK9","37jrTaWRFCXbde1LFOqj00","38MStvieBLH7TgP6R2dWgB","39PKJfKNtE7qKjzH6IXEee","39X7TcsMtIQJdKTmrwRxkn","39ZT9RyQxKVqnF16CkstnY","39wCqoaghDK4y/iQMG67ZS","3aFzPfC/JBbZHwYb2rmzQm","3avF21ar1CHLowxWT6EGre","3becYd30tJpLaTQLYg8cCM","3csL/PP8BAJaetOsMm1zR8","3dAv4kI45HeaXmrqC9hROO","3dCMrJ7G5Abb4UTdCWlPHC","3eCO2fh0dHO7VLQKdwTPOO","3fYzpoAc9Nkrd2fpXMsvw2","3fhEElzidPhYs/s3szzghi","41D8/YLbdL05ug2mQrp8xX","41h3lnpEZFnqpHB7qC/Cmw","41xy5fN7ZPtraGeu3v9Y2b","42q4t9aS5GjqzB1RGT7/Js","43aUYKFq5DdpngSd6ptJcy","44DqnSxp5MiqDs3yUJbBin","445b2wEgxHioXVWrBvRBX5","45ujuzaXdKE64BQicbfSF2","47T5pXE3BBRI6e3DziV7oe","47ZLBrbEhG47mm40vR0PC6","47m4uwzgtCsK5TzIVCPGxf","49x7GSol5PLozvYnkkjxEu","4aTC/+RrJKxKWnR2OTVd2w","4aWRWOVUdOYYC6MYIwR3pK","4bEnaIzyNBaL3C+6LRFpVF","4bFndvdDhEn4IUnuyx2nnu","4bJMULOilNa6iMBfVKTiXu","4brj+DFfBEr4mxWBaPGD+H","4dmH6S2tBJYb77O9WovRTd","4eRIw+wY1AE6C3Xh8j1Pme","51rvr3fllKtZREO2jPO6/y","510/xRcchM/5iBF7tR2LcT","52caVJoSJFiprhk4hJaiDn","52hvXJyJlBvJS2X4M9/0Rb","53KvOpBkJJApAymiPuPpsA","53WjSrqvRBN75bE2Vj4uja","53afR9LJtEuZL4LEUiz1/g","54IfqHXndLP5Y+KhwaxX22","54RLOkwm5Pyrjl0F9UNw+0","54cAOpeQxJJ79tF08vZi+z","54ljwZKQFGk6zAe5uTvt/F","54sgYFa+JIXJS2trFAyDY/","54udTX+2JAvJIoML0y9giP","55P0/slqZGmYLU18uCUyhX","55TKSfpQtAfLSAZO94gQoa","55lWYE6RBNP7HjrQ4GPi2k","5518SOBjFHHJIYYyfCOTp6","59SWE//zlNn6oTd1Dh33+6","5aLgM7yHtFa6S975K44XcW","5afMW/UxdOZovOw5ahsQPM","5a+QR0RcpBX45CfDBcEL2a","5bL/ePal9EJKn6xctTVz1e","5bRToZHBVNuo34NYP52PrI","5bU43cu21P9a1veqkrHXZY","5ciZPKlJFPsKcc9IyluR8j","5d/c4RzddGSKcegig+7n1H","5eOVt7PqlMuachE2iSiaFU","5fu29wprBCZJL5wkyAD5MO","5f0+g0Aq9AeZ7fHivSuxEh","60Ssag7MxFSYc7YjAQM1xq","61d8YzCHhKibNmMhM7SbjM","612QfRpWdOCrHrC6Uzxw1V","63ire0HfhAjKUVwJ97Yj6N","63jbe1PL9CVZXVrXx1QfzX","63rVV4s2JJVKJEmuDnwqyt","65s/XeZ1xHs4a5CT3qP6pJ","66qGeHE2hHfZUn4f7kILeZ","67XfUtMclAQpHHjcK77Eh/","67sN9o0iFMTac4z/C4orlC","69pcEOHGdGV46k+w0dITLa","693cFbhTFOVLugcheTpfyB","6a5JhuFX5OUY/JLtFPSO16","6bJO50699BeqqDz9TdIT25","6bLLsjXXxA/LKAd5UiI3jx","6cLTU+c+9L/IjdzdNpxbbl","6c8/8IjfxN1JQtqjLlgPH8","6c+/N/ryBC7LHysATRk/XD","6du+4yvS9CPY/v82txI816","6eIO5mLPNDW5MM3ADNNvLP","6f0QbAQCtMaZAoXK1djLAi","70UX4hQ8dNFZzFPEyLS/LU","71sLvf0sFLN6zhtcKgq2Q9","72A614e5VMFL8jO2rtT0xe","721uvy0bVK1JxbO4TXZz0I","7369PfDOdISqdZx8PtdESC","74gwT4LrROu4c3/KAa1Zg5","748mG8qSJKxoDVmk2DS2rC","75kBDa7iNMhIHiGmbYf3WZ","75pWk67QBLD6TZGD7Ia++G","76HLt3QflPf6EIgPtT5Xru","76TJSKsfpJhaxVPGjgn3HI","77MZk1hZdPHrcKzKprx0VQ","778ZkkWdNMjaFo3k2PceWn","78L5gcK8JLZqxMpYzxTduE","78cdv92HNK16QmKG72LXvZ","799PpVAXJOaIL1Lu3Tkmoj","7aCb2rQzFE46Gu3zFk30EZ","7aq8X6NMlDtrSdrEwjukmd","7bQGCufq1OUqCKV3c6NvMt","7cIjofV+1H1oKVufvabcTp","7cqGO6fiRAFKIZeLkqsyA1","7ct4cRvdpH5pd3XZH7XoyH","7c9F1+XR9BFpQL0CF070Rr","7dF4aW8rVGPpyIvKSSaFjP","7elnFkHLNEE4MsRs+d8WwZ","7e4iaVsjBCsZGIXc15+jYp","7fGhBlrI5A679yAe9U+ff8","7fl2zaMm9GzqEF/200kVTS","7f8IXWmzdAmbWxyKWkYx2c","80MUXNFS9D/7zb/iYSnzMr","80g22JQHdG9JLDlUQ8lADz","80kxlopzRH+LKVyh9Oomot","81lo1bcc1FvJ6yLj9fTliE","82IADWu0hDN5WeRL2aya2x","83Rml4hCRE15XHnNm9pFbc","83cxjTxKNNY5d3cMqwWzNL","84IKH/PnVOQJCPfxrLIu/y","84juElxElAyK2mYQMPVdMN","848SoCQoRAvoOolwIrL2zd","857gsmQfNP751nAwHqQzTe","86CavoyxFFlYRO5Glib7vV","86Vr4DCj5AzKvied6O9FSb","86bg4HeCBPZbV8eHIhTuJd","87STfILN5B+ra+n/AlNphK","87cG+EtehAQLrew5FUhTaN","88I4Mj3GBBH4WiCE3m0OAq","89DziS/VNMj7WjXj89hjF/","892JRoAZRKSK6E04RPJExu","8aeVOREEhI6IrlHJsfCKHB","8bAoqTBndKU7XImQ/fxN1G","8blmH1MY5IiKNIt5secpwc","8bq6iqdUxA3754hSwFpgPQ","8cB57/o/FGf6nzivM3X/C5","8clR3J1dZH57WVdRQ0vREA","8c7VSMcNlDKa1OGK1Hm4Wh","8e7IAS4cVAIb7UASWk+As5","8e8TIjYm9MzL/0tUJkz+7O","8fFx6S2AZH9qq8BFCbimav","90QsdYWY9Jk4I6uWxCxbjg","90YKhqY3ZIx4vcXGhSeGo9","91563J1GVJfKAshymlL2KU","935fjrIClIRIXM9QZeaLPU","94wD27EOVHlYXsxJ3rJX7B","95iTYYKYtGZ5qQlUkX7RF9","96yzahmQZBFYDBe82v+pPh","99Vaq4PxpGsaMp+T8pnw8/","9aRACmzbRPhrQeR2SmBnEW","9bFG+0RvhJmrez8XK8T9Ui","9cTfOuTAtJGbXbRF2yMVMl","9cwKhOE/RGQJDT4kdgpTZb","9eZlz5emdNJYaY5sRQJ/q0","9ehpRCImJEgqPIZ9x7SvQb","9e63c815lDtZbbnJgaYNUE","9fBmfNMQdD9IAKoGHeAHiJ","9fv9klNW1BMYjvWDZA1aik","a0ASzdymhFSZ2QsBBgTGSS","a0CZqpy8NIgY/HEm7GR1J2","a0GE5pLPxLz5CzXglqrEf7","a1/jdKu3tC7ZTK+Guk5PJH","a2HP1BGP5LHJ9oDLdY4Zqo","a3hrpeVHlCGaw+e/7nvvTz","a3v/J3eiFEK7ruPXFywGqf","a4KMZ+GUFEA5rxVqhAMXHC","a4eG27pqRIragWAvqlLjhu","a5vPRLDCdD143hRjI2TgKG","a523xxVAJAAq1fvHsYq1IU","a6B1o9tI1DEK6NlxcMyy7o","a6/pFZd25LLKiDEwC3CHjn","a7C5zggFhFXIZ0qMDeAQLV","aayHWk+pJEsqP2b1s+41Iv","aa6JqUiL1MVK1FUltcg0+5","aa9pOvH+tJo6CvwOviriiS","acquDkWBdIUJQqTqsvqm0x","adL3Koh7hKSbtgV2TVy1BH","afEMd8jRZA+IXCCjAV82io","afndvT6kFBbo4pSIg3T80h","b1YoiMuXVE4rLrcbdiHrti","b1eWdmARRN774y5JUhcLJv","b2DDgwrgtCN6VIm8HILY95","b3M0TE4Y9HMa4Mz2R2YSyr","b3+FC4bkVDLK2wSJfevIJ9","b4ubRj6GFO44zWQaL55dYQ","b5ZrDKv1pKPZIizsMnCE5C","b65KvRRbxHkZr6mqGEfn80","b7Qy/h08ZNEaBEzRmqNB9A","b8BnFVXd9MUL/B87LsjjWW","b8DJjisKxPppGAnr5Y5Ltr","b8/RC12OtCZ7pD4HYbLEkJ","b9T6Wmt1xIeqs29mcOO//w","bbZJDirfpEDYGgIsn4BoyP","bcCjO/V79IrKFBdcworDG8","bcO6Lqol5DBYmQ0ofbt1ou","bc3/FFAX5Fu6s9X5NIEBTU","bdKE9KzuxPjoJE0Yz7oQX4","bdMYxPVJBOr4R7KXQxKxDZ","berx6t19FBwKMIM6ieDbiA","bevDp8SBZPv6mlnPCbP3P3","bfBPS8J7RJM6ao4DJ+/286","bfOSNdxvZBzZXL2AW/XVxl","bfQudKxUZCkrfB2SZg+WQS","c0S+tngHhIzrdcCv3R2V+F","c0ZzttkAxOE5oC+sWQ74gI","c09+OQQY9En6F4dO76juya","c23+crt3VKF7Vm/iZJlD8C","c3FUmx8tpIUbTEx78cCrHO","c4V4fsSRRN6bIIVVoIi4om","c5Np48uaFPyZPboxuTofnd","c5rW/1sgNDNK2su9Qy4jHS","c65VnCYhNKl7gvNrMmSToR","c8WQwlVRdMc4UFOYslvMsA","c9zjkkFk5JNI5oSmC4Hza7","c92D6nsfdLn7vZe8bGoaH4","caUXTuBuVHDLfTvk3tgWce","ca3quvL1RIDL/qULFTa4hw","ca/dNwi7JDIZH6HFH2Go1d","cbKte0tglOu7VPKAnGyXqi","cbfC3IeUFOlJPZN8fNnMCx","cb9DstHG1PKp3EIpvoKAoZ","ceSOLKeV1E04ONIG1z046p","cfhVU/qjBFTJD50UxTDCIX","cf/iialWFHub1FBxWuecSC","d0NvKJHntOrYpjK3LWud2z","d1CgiOE2VOvJ4RkUabm8T4","d1b5zUswFPyZ4RPDwOqKBk","d1qGQ914BBqaRfBSUhpQb5","d28DnK6v9Fpqw43BF26TdA","d3OxvokOxN0Zs3AlgF2grZ","d4ERJTgrdA0rfCsSUKu5EL","d4ZK0Kh9VCd4qnX4B3BB7s","d4mjXuZYBC/rmz9+2kS5Wm","d5RaCLLpVKkIk2qsh2HrPi","d6D6n1ZVFGCLDujBVRTK4F","d7gud9QM9JiKskMn91SA9N","d898az/UNCrqkNlAxjApQG","d9CPhf8SJMWY/DQEXjsZPD","d9gZQhrSZJmKTEslwvpPQm","d9u1p5b9tP0bZELxrnhZYw","d9+HQG6plEyaz+sUgKMeZM","daUUq5swRKT6n2JPKiG5nV","ddVIS6vBZIAYEUOcY0xIzN","dfCaFZG+FGYaLf+UwdGJVj","dfDY6feWZEA5TXGnkY2Zsv","df2A16Wa1KbJAroOszN5el","e0cQQUMVNL6YwPd7KbsXt9","e04ZBHN2RHL493vPNU7bJo","e1otL6m3xAu5n365PiTicj","e17z4k7s9MSIkDetTkkUZD","e2BwjM1pdJJ7JIQHrzLXry","e28qTSwRZBM7fDCrBUJrgZ","e3HXDDzp5FwafVnhynQfr2","e3SDHU2/5FNrtkmROmKWpx","e4AY8aGb9P56EYBHHssgNY","e4VxiWDWhBGqw3pEuKFNpF","e4lD3KXk9GH42dM+prrcXu","e4vaGJ+5hICLhY0D81geiM","e41/cQnn1ARLbhW+p2AxM5","e5ERRLBI1OPpHilQRxe1PG","e5tyKTbRhHf4KIga9NHdXc","e7UlMwMh1L3ooZ88eX2aLV","e8S1jJOrtPILUIgKiWc0wB","e8c+1710dB/qwiFXSdOKg/","e9K8wkoCJPkbMDFejS/4rO","e9n94WxQRHiodn5gIMxBGN","ecqJapPEdKB7M53k9oBHd2","edMZuyunVKc6P3Hm/gRNwr","eerPOcuoVMo6a/zNcFnXrj","efB7W4SH9K4rqRyhz0Ut2g","f1mOOMH5BMVq0ffGngyp1M","f1zNs6Y2lFe5ZGwvseIzMx","f15KsWzZRP9bG6tOD1BN7l","f17T5IBZ9IXoXEPWmhAvOY","f2/3vcItJPYateIurf2ohH","f3ag1WVcxCG4xiRR0uc9ml","f3az5LenxOyowdU125nbTZ","f4vRv1qw1A1apH+TgNXDt9","f4zDPtkrJNk6SDNgc7YMeL","f40HR7allAy7s6R9quDcz0","f42UufJVRGG4CxcBxNSVuA","f5yrV6C6BEPKrDQq3d5yb3","f6OBCoXVFM+bwX4q9Pfwdd","f6OuG69wpOwaJivwRi7wa+","f6bqAGfSpCMqffoYXpvhpr","f8gNMvq1RElJ9XdXOGDHQG","f9HEMBeP1KYpndNGSN/WiV","f9YMRucIVCmpSRj2XYMMvT","f9o2cD5RxJ4r9BKUpH8EtM","f9puYOOexDFYGMFR/8uvMG","fbMyBcXF5EtaGR46/pDnR1","fbSM6AKOVC55em3IqXxI+H","fbZ36XhdNK6IuJ3xc5Yy+h","fbckhyByRIIIuMKBkUGyf7","fbiXCo0dlBMru4bunkGG5A","fcQda3l9hKXaBOK4wyaGGx","fck+25rmlAQ7+n4ltCYqjY","fdMt9cuq1IcrW1dOqjNcJ6","feFvgqiQlKV6Qa9XfcNeBi","fe0+cVHyBFkZ2wNDOOaOe9","ffW/1nTulHm7qmdTsdyXqc","ffv0bSDd9JnJ28RHeA4hyr","ffyBkPfkJJApvk7vQV9dQc","00ILGfVJRCILqeHI0esRXC","00cFbK0DBFE44dRAbrhA0Z","00kzPmDJtABqY8P4Ep1De9","00xlDoLCZDDZ2qKq+Kba0n","00yWgKBBtCBYZO4PXdog6d","00zpJNRstPXZ83j/5Lasg5","0099RGx19NspRxfp8A096o","01WKls8NhKrojIAw5a+lIO","01rhiu1vFM4afhf5HMmhY0","02NYkxmaNCQqxNQz5VRnng","02SmZHvYJE1Kkhhyw2eNXz","02SpeAYrlPMLMTePV3f3C4","02r9HdmflH5JVtArT+0ACC","02wip+WgFF2pczFicGUDg0","03QVT1eCRN1aMl3n0WaB2D","03kspdLsJKWIlk/Nvq2KNq","03ynfHlchIXbZ+1LKJxxN9","03zV3IoWtNXK+nLl2qPrF3","034HslwxtD56IUWKqB2niD","04AT21pLtChKJrBq9mAl4n","04rbXXKPVBqrtUDoDAv7m+","04yg24Uk5A+a+L7z/gCa0L","05hyl6h25CG4Hsimg+/jZ6","06DomAS2lM/JUFeygYD90m","06Kcq/n/lPlajIVi7kPTiK","06Zvrs471CtqaBiCnAOXKe","061KdZEhVLQ5PqCDhnef6r","07vB93/6VNYZBOhtwfULcI","07wuZ48shOR5StDAMcfWar","076C/w345JL4m64wXM55tr","08AeNZcsBMWZoeSjvff6JP","08eKVvsBdP1Lk45BPI3BCM","08mlIyeYxH56kQ6cCvW7gq","083NXJXHNL2IURt8MoWIBP","09ar6IjBZFM5QGMFpscae/","092TWWtFtM5rZy1Ps23yBI","0aGstXVL1NaaxHbH0QQBIV","0arGNZ0jFJtq6l+pmghIFN","0av4z+f8RM3bnkOMyGZgYm","0a6tXqU1VDrKVVbaXQGiFD","0a84Nq4XNHqp30A/4cQAxN","0bZ0OCL29GaL74Ms+Zsh70","0bndZEVt5Enpx9dDyp+o+R","0cIV6peb5DnJ/l4jGT8KzQ","0csDEZ7NpF178W1hTKAkmJ","0cwG6xEhtOsJ3YxWGkEe0c","0c4M0ZuZ1No60Jzrr75goQ","0c/yv5aXpIYpFaPq0Un1E6","0dUL0DlglCoamTn11BSSu8","0dfA3UjyJDYbHAn2y/wUsJ","0djQ7Du2JFGpAuf75wOJHJ","0eBTasTrlJWaju3fE4+hlX","0eJ9DJeEpKMIpeWiaJgmZg","0ePmSGmwNBcZsFBNfA8P4Z","0ehmFCDypMQ5Q3iXTucfTb","0fYOS9cWJMgK2V3AEs+hzT","0fxdi4kLJIppfUV7qq5kvr","10FrXteSVN/7jwkpB/0HQy","10cfO8hihPH4FjV1YW3qb0","11SADF4rZPQbzQ8J7YShGn","12NHqQYRFPBrimC8w7S++D","12RyZSrhFGu5FOp5i+28VL","13FEeEL1NMaK5TFGpFQpJr","13H4h4BN1KApmvoizyR0Ej","13Nt1v2AlLX6XBMrozsKPR","13VQvibklGuKKVVq03qD3F","13ce28ZMFDhIheYxIaK2D+","14O/4jXzJNnoQVtH6cNSUT","14cNwMExBBZIMy9rfKOM9T","14w7vkrH1EOaQ25IMdZU7I","15D4tpwORCn6m/ad+Ry6Hd","16KkZsT5xDYqJ9MVf7MqU6","16NColNtJNvZroMhGIXQJt","16i4XoaVlJaJr/Cl/HBUlS","16/6H2yeZKVbSIxPEiNUDm","17nVtJuqFKYrNHkgnBEF6i","17ntUI4dJBQKc1AnPWjXQC","18RduqDHRMpqcxf7r58nRh","182WT6BeZFgbSuYo0ucpu+","19GgxTL+NAuaqgm7BbZ+Ik","19SRUvzKJK2p3m4CTZOZn6","19pY+VNd9Ncrscz5bSZdlT","19qreW0c9A6r9zb83Bc13T","197HHslERDna8a3zhV1vD/","19+H+W/p9BsLNUbqevx73X","1aNA9dLjBDipMj8zhQca82","1aO1Cxi9FAzI8shNOX4rOJ","1abrfe2FZDzLv52dxAxkSh","1adDoKALJC0Zrr8UROKc1E","1ae7jY59lCIJdAicY7OZJR","1arJK6HANHpJLpnXOx/ltf","1axrNj6MxKvqB4oCwSVnHV","1a6p0qgqJMPJ195evswb+q","1bWtwVLMVEt60Zftpv90n1","1bi6/dhllLJYZDXAkWq3AL","1bsqbvIGxEgJFkn81zrZZj","1buxfqcblL0pJX8h6UNoui","1cEyKYtd1HyKjcEh2x7Ni8","1cFkKXmJZFCb8dEegmTK4g","1cJYB2FldCB5l6XDudMlYY","1chCV79NJAK7vTTApOMvBF","1cxKXKe8xFb5CtdvdkLSvh","1dAZsM1aZFRbHAsnIIdFyX","1dXEKaxg5FoKcwpgM2jF/0","1d6iwSS+5BNqcCkqIvq1td","1fLwycYWlBZbKiYn1XBaPN","1fk7Jt9vBJYLHib4Slw2jQ","1fwJTEWvxEnphI2Lc9x83t","1fxPHDFMZKGYwUq0yBfB5Q","20LpqFfx5CipgKbp4Y0zEU","20X62KC9dBYKD3X8kKQkYp","20bP1f8YJPpLFZP5BqMfX9","209vHdoQhA/5xtD4QcqYuS","21IOSKY7NJmpRhay90XOWJ","22fHKvtNxEmI5SkADmWDef","227YjCr4VPUboJXbZQA2BN","23R8qpEuxL9LNnWnVy1DTu","23V70nbx9EJbK43URSVuCb","234OVWRlRHML9Ie0NAhDiM","25E7JC73tGN4b/mDLpEy/3","25Gsm55uBKJooYyKuF1nLR","25JLUB4cJFRavaDMi0ahvO","25gAPW1tdBM7MEwJ618EVI","25j7O3k6lIMYqgANgq7X4o","25lUsENl5IM7ufdJDjAghL","25rwjgE7VFEL2DKk7X8/DY","26ZgLtUA9LQruLPJaWyR1J","26fc01vrpLwZZcMTJSy+VM","26k4PTz9dHLZy/UiZB3WBu","27/5mwUaxI0ZMoVxi8R5l0","28i+hKrf9HRrbIz3jvwk6V","284mTxwzZDHqVp2zvMgode","29BQdWI3VHDb1ZnfCn4h0U","29KfDrcbdBKKXnAOMwmNg/","29K+YvhwZJv4k2U+dFlMFj","29vF0xAx5D9I9e1h0fS3dC","2aCWQcfm1FTam8ExJ5D5Fw","2aOSRv5SFHuowqH5zz7fG1","2aYUZUfm9LMKfI2mHR+agN","2al/A5MzRCVp3EAMKCtcnt","2a20GSDM5BSbtla5D9Gq5k","2cPNv3iWRKYZge55ui9lrd","2cYaBdqMBKl4sL9hcCxT8g","2cz+cE7+9Ew4OAT1j5nrvE","2dOZVLdtRNu4NM6Jcy8pgU","2dT1Bm2tJB+7Qux0TTbv6F","2doVS6rvdFDI80wAKn819J","2dpI0oihRHGrJT4rUVPvz4","2d1GVkMYNC3KGSPT7rC0Q1","2eEkmQ6EVCqpwRcsgfeHAW","2eE4GdEOtLI6eby/p408ey","2eGa6CpGpL/JHyXzONpPgU","2exQvJSPROPZ89InsY+aZu","2fMctGtMZGJaxXJRp+dQdT","30H309SldHbqBf9frxDGr3","30S4ZQ6UhN86iWk5Cfw7Ae","30WZoVIGNC4Jd+N4byIFni","30nMceUPBMDrm0gnfFrGd3","30qAHbQeJDb6X7c2KQsWDy","31YASmfqBHArpcg0+LUNVc","31oOscoIdOi5D+MwzEbm+M","310/PQO4lBSaohi3ajCYV0","3180gz4kdFwJg5Bx4k/Mw7","32EHM/wQlCuKA9M6TB/TpD","32U7YI8ldBN7FVPSV/gwqn","32jxmXc9RDkZzI4nrGkGvz","32kNqCsBhJ55RXnV38D45s","32ndij2JBDopBDJ6JgwuA0","320WF3+eBNrZQWIR0Lp9y4","33B0EIdzBO9JPZ0L4fTsFJ","33DaKTQ0pPsq8cgTB1zI25","339F9ixH9KfLpQBv6Gww3L","34M4eHVXpHy7hVBhItcX5j","34O0TWRN9N/JYh2FBYwmGl","34vRE+ThJB/7/xuCeXShAp","340FbZMHlGN4Fx93yx7e0j","344AKa1iBHAortVg8lOgeF","35nA0xcpNI2bcYHA/yvDU3","36ELc/IAFHLoju4GbTzdiW","36H4Q5s+ZGDYsloD90+QNs","36Sk+fSldKt7jpp+Y/P5X0","36kv17fgBCoaksls3Yv/7r","36mx4GpsNJO5Mh/+xJsZwl","36qMX+AJBOU5H0s9FhntMP","362C4x3QJCtaDeAYX/NdiB","36/aljlpBKa7Lghsvn5dGE","37sTRAbPxNz6ejh4sXlCzg","37x1Tg+EdKk6G0U14TGXMa","38FTITVgRJbLkTFLp7byjw","38IhciNF5Irrj3IY9mCfxQ","38dRyo7Y9B14VVlzQRV9He","38d8VsAtdAIafCJFQaR44c","38nqV5nvBMraAgc/DjYfGe","38/txYhU1OZ5rHZPYcgmrI","39UyaP0k5AGoW3fm0pGw7q","39YBJ1WC5ACLnsH6o5P5pA","39fScwm89LLIyRwoOZs9vT","3a6rfZp+xBqYh74JJMfkwV","3b4+upXhVKkYXgpU353DyD","3cYicdbsZPabD/W8xpskd3","3crPWjUotB+59SC+9SbI9Q","3ctOK1bPVLJL27rTdutE+J","3c4lja+HZHtqPrJrXS3kKg","3eRXX88YdI3LP+RnRI+EiS","3eao/TfxpBfJ5XxBpzmMFe","3ectkBOJNHHaj88idoy2Ap","3eytmr5l5CrppJpd56DbHf","3fexRjqMBJUIM9gA/5/kUF","3fjBZJwfJFnLCuvVWiOW3c","3f+vT5nXdLy70hPSkpZb1M","40ATEiD8hN/aTZKZ123Jf2","40X0cPc/JOpoSW0WVOFqGx","4080fM7IdAULRRSH85IPus","41In5eFZZAcrgFboYtZCx8","41XfKBVFBG+4ZUFEGXj+q2","41mT7+nl1PkZFSKhEbA5s6","42QCQe2bdADrSIZLBI8cY5","42SYOwGW9MzqrxWEwk/WEh","43L3/xOR9Axrfqa+WSbU2D","43chIV4gdJVpbvxkJt0XgG","431wNJteBMDbkb3pg/tTo1","44BPTxU7tJ3biNgHzPB3d+","44E/4SGYZLvq1IVzAcFSkJ","44ng9HSrdISrF8GhKgHpy/","45UDDNYklKlLMPMikHPKnj","452eOTtYtIOa17aRMfMi2O","46J7Ue9RVNBKOkLbz5Su3t","47QHx8LGtHJqjh7iSLaN+N","47hB72jOZAM7KIeEQilome","474M9FEZNAWqSsQuot4jJ0","48EbZbIedIoL0t9DrpTrok","48Q08/WNNGFKJd91acRdvV","48WprTDBBB2Ih25TwaQ2V4","48vftQrYhCKYNGHdBnEFm0","482qr5SotE9oy9JFH+ibG3","49XqR7+cpHN43lS+u9biGC","49jq+fjIlPhaV+KKmRcfOc","4998OdsuNK74sWETNg2EFb","4aNsh4nkFESY4QbqdHbeC9","4aXQ8zR/tKH6jjvciC573r","4aZ0HHzqxMYZc7HeyTHM9s","4aiwVj9SlApIst6zhzQPRp","4a68q7DqdF14+3qh9YyQl3","4bJPzOkppNHrAvM4Zt3npu","4bgjSxHc9HgYFqrs6hHX/Z","4b7BDDjTxC84y+gAfTvnbk","4cjxHNfBREJ4SMDoVy6GTr","4dBL1Kw2JE87Q9mkvNudiK","4dUqEsHa9OMqYAkDJAfYRU","4dXj2w3ptHg5qxP5r3R5we","4dsH2fBvpIhr5W6q5w5JPP","4dtE4TwNZN4a3UHsxCSl/b","4eb1Smep9LTIMJCmJvChcW","4fpYLEV5BImoxb16lKSvCg","4f14JBAhhBLZP5GcC0m/xt","50Bp0nXvlPsIfuJRX0QP61","50055nj3VHR4Rp03UPnKct","51AYXai/pFQblkKAVuNEPp","51Wgo9Y8FMy6OhhOiSw6cJ","51X1DrbYVNEYngNOcRlJuN","52MF+vVndPDopH2K6lzVKW","53LHc+ddVNXYwc0AzbUwz+","53UULqPgROOanjKsKXt7B/","53Vm/d719P8qF+Mr4FKxHz","54XU6ow9RNr7wpEIZ6tE3i","54v/o2NHFGNpfAmFCm3cX/","56oAI3HnxBM7N17bmsq6dv","56+ScwCqdMNIwRSaZK67Nf","57CegHEjxKbLg8pdFKX3HO","57OOOHbBFKZ6evAIj5Jvkj","57Rkq/bkxP0al92Tr/+OwA","57pZUIiSFKmKwm33HwuP12","57pdqyeNVHLaJL9if8xXJ9","58AOzGI7RDybJW2AOJpq3U","58GmcKTBNHQpZscaZSfqDi","58gyjh9odAjLjtAv9HNnME","59B/FrCtVJM4B6bblb+PwQ","59NTXLp05CdqSzb2NTKXYQ","59r6StgPNIsK4jIwLCMHNx","5aSpgg5sRIPaXTZnik6tCJ","5aWlMI+CNBeJgcwUrRBEqN","5agdUlhZRKrIuX2OHuSNYc","5avDKONUBOzL81rnHGYM2G","5bnJZmLTZKqbe3zwqf+D0F","5cF3D8yIJNGKWfhwRz/c4c","5dG5hneu1FI68jNTSjUzFv","5dn3Xs+mZN76pNjXkCag1C","5d8MoWqf9M/Y7sjf/KEzrt","5e00kIK1JEmIgOd+SsWbvJ","5e9b6jNuJD4ZLApTwC7dne","5fEXlJQp9EobDXd/euLLAn","5fmxW8p65Na7k97u4Iwvz0","5fztFLIg9JRKgiqDjh9aY8","60XV8x9uRBkL3qtC+unSDF","60inYEOmZLdLjv0wFZX4TK","601mSIU5ZGsrMqOpR8J+Ko","605EyO3i1NMKD9MQX6MXcH","61eKzzE5FLuLjjAHzVcSaj","61wmiyZcVOlKttfDpRu5SJ","613HGYeQZJeoZu9gRfH2Fu","62svId+hpKGJO+MZPKyspN","62xUUo/R5CdZ0bMzHfS7FH","63MzeoiyZEvJHFI5hdasgc","63NicKJdZAHY/xrGxq1ndU","63OOzf/sVIx7yIddnzuW5B","64Eo/WsTxGCLde6jGlb7M3","64V3wBuhtDUbnBZeGjS1zt","64Zdo4qTBIu5EzuxaO+v06","64qI8ylN9IQ5eBmZn/tixD","64/0Yb/CtNBoCZAvzObkaJ","65A8tZsuBIaI+rGw2MKulZ","65C3c7FV5I34oweK4lcR33","652CpwnOFHFrEoOZrU2p1K","654xU2YcdOpI6JwuXFJU/0","659ClXSUROJaccO5GOGD76","65/BF0rTNMH7vLa9Nfxy+2","66LER1INRJ4Z1weX3Vl85R","66N+eY6LpBN5AvjY2jGdHh","66ddyBgLBDiqUlOw22J7ah","66oNqnrXFK4It0a3VQHlxy","66/D3lh6pN0qh9Ii6CNYhT","67dgI52+dFfpzKX5WNVAJK","67fMXX1jpNA6VE1hfsfiVd","67+8EknjtAg7AfAAIzBWwD","68AKu8Xq5Fs5jauy0h9uMa","68LX1IleJFoqLKUGt5ASki","68lYF/0alNiIvPOhB4caDJ","681vEwgJ9DKo5/3vykEmBo","684Ka+oDRDy5Dt2kDGDXke","69z5h6u4FAM7JsTByOxmgu","6aaoCVn4hBgrHeTLGf6uyM","6ai+khlQxCZ5mdFq6rwpwn","6bDtOwS11Ns5Qbm2RM/m9o","6bP/TlW/xHMJ4ofepzP32Y","6bRqevtthGdpUwOO0Kyy1Z","6bZWmAhHdAsbX6hvH84riJ","6b/MNMtC9KRp8ST8DbCPOD","6ckWHa0B1GF6lVrysuimUA","6cy7XRGddG8anUhg7pRHmA","6c3PAp9D1HD55KnsmjhfIS","6dNPom1rRPeJC8PlaZBucH","6dXBYrBNtEiKJQUnopu+Lk","6d1UTnwoVNqqxKSQlnaso6","6eTNiaN85JWLqLzPnjLxZ+","6eyayZc/FC9orMRRVb3+zF","6e4zYMpARIrr5VB9oH4L7L","70CVM3hfZK5Ieodh5JTCGe","70MBOw8SFMd74yIxNSRUQL","71VhFCTINJM6/Ky3oX9nBT","72YAd7oENJpZHf380fSBTZ","72kP5fnKNIaLCVGRmKLfOf","72khqpPU1PP5+UJsJhMGvH","72kjNoCrVBwIkNql9Y5W5D","72mpLr7vZLGYF+/Hy28+79","72rvIAu81FbJrrtc8Svyy4","73tffDDlhNUZGTbkh638uQ","74jyR3LodGR4R30PhCWNT5","74wrmR2QdKUpDAx/LaTUDN","75KW670kZA4agTBTxqxtMY","75jMrzu2dImIyydnawTowf","76Xeh7q6hMioMsQdB6h19g","76tAx0DKlAV66qhRgfl2ym","760Uk4nM5H9ZnhYmU0vsUR","77Gyl7LxdFXaj2Ddd+ATW9","77oyBFICJMiqmzEvl2Au81","77v3Opa2lP9pLmO6pMRqfz","775ZjFTpFHXJ3mgkts9pVv","78MGvbSFZFqI2HYNRztfDi","78MlTUnOJPcYCUYudBMSDO","78bjHZWdRHK4kmZNSndAKh","78jeLofmVO6Z/G83ppi6uH","79ZP2qQ+5GgI6iyrj9SsNM","79gzQ/ij1DybzGoFWNkgfV","79pE8uDFJOq7ZAkgzxvgRj","7aDbGB6uRAQrVR61+Z5wX5","7aekBGN/5O1oPizTpmCaOJ","7aq7wcMDBBn5aorsMJbC+M","7a/MWosHNOFYQwtJZBvd4v","7bAONvYpRLfpxmUF50HkAL","7bI/zVv1BHyZXUCk+4Rv/9","7bmuBjpChIkLVK28vmaK1C","7bswhnFExPyaZeRPNPNpXu","7cWw2TkTxNmpzbS/+/BjUP","7cptJV+uxL3L/zFbAr02Ky","7cy338En9L/ZOiEB5bZfbL","7dIF9qoD9CkrXXSkzUpQyA","7dLqEyduZN3Y2n/XiwUxEe","7dQhyQ/ZBJlr9oaocj7npV","7ePMtCt49NC5O3pzG05Uvb","7eXUSETlJAmq9Nf/NmhP+m","7fFBPNNhRCqq2YVHXMYQfg","7fLFGh74pHjYnUoVvOW+dE","7fi2RxfI1PUKxjNJevWvck","7f0W5MOYVEYZ6/sggUGjxc","7f4vl8kOJPGoVO7qbCJAzl","81ZCu9YVNG4oJq/pyr3YLd","81hfmBsnBNyIjS9N5Ow/EU","81+6WrH0NO6bPyNdR/QosB","82qggfRz1MVaJyW08E9ggl","8214WoGOVPxqHGi7x6pal4","83IlKH4ABLB4TR10iubsRh","83NZZoR4tG9bLEGCaoYRVe","84OPBt+MtBiIW0q2roLynX","84ng6hWb1A976KlhIZORYI","84xrWUfjZEi4Cg68fnYyWK","8441/WW8ZO+K/+XJv6Dbva","85ZF3Y7YFKSp80zPlrdxlK","85ctjN1yJLArGtWwa8a4VQ","85t3Pt60VPnZMxWCilM9Zs","86RqvQPMlGipKxI94Ln7b2","86xpfSxvlNdYn4BFdsAaBF","87S2gMlW9KLIjJWlE6evmw","87WgsADylF0rEGrQzXnKvm","87ZYHKPw5CjZFR5cYJxLSF","88GErDkN9FfoqZwOWpatZb","88JVtSP6xInIdui9xs0lhO","88JjPJegJEdqHqfMJ5WET0","88mudQ0GhLw5jsGF5Lh338","88pWfl16hDW7uLtiyGGyyF","88uQ3F5LNJ15A0SfVwBHvW","88/JSHuGxJBrUp3XR8h99k","89B2yonMdMmYPJYjwYUT8M","89Y5lwogxHaZPqPliDKL6R","8aEGYSEHVNSqWslGdnBO9l","8aItEuomxDUL049iLCDaUt","8av105D2lHa5QBZswAg/rf","8bDdjobnRGvIRoO5ufIAEq","8bXoYNwL9Ni7V7ZQXJCEs3","8cWcNn47RP54gP+iYbRD+S","8cZzW40q1LZIf7L2V31gui","8c0h9flE5OTbEQNXzRsQXs","8dG4TfPPRFFJCJrsB8dHl4","8dIiQUudlJRIuIWyJ+feRd","8dK20U4mdEDak+nQyTaKn8","8dTgDYrghMHrCJzg/RZLTI","8dWDr8LzRI0qtt75b0Yp1r","8dahL/iRpF7JFgvRM8wvN2","8diUGTQXJG1qqlr0cyj4FH","8dxJy35D1FkI7nMtrw8lU9","8d7kDgx3tBvrPpysMSFAKb","8ep8YAKcVEFrUA1bFnQJiI","8ep+PfywpEvYfIakQNPLkb","8e0KscqopO66du3/Ky2D1c","8fc9A+5AZBgbmNvwroECZu","8fhBIYrG5HWo2FsMx30nRO","8fmhGxH7pLkKL7OSwsWc8S","8fnUbdQU9AOoEzInbjjy7G","91Xno9sQZAtY+0UoxKqDu4","91jDwsMWVDL4z4xGt7IZdL","91ztN41f5OerlF437mzNQH","914pQ5nzlLj4LOd5SQeHbd","92ON0zkh9Lva7RM+ozZDzv","92Y5YCXuJMV6vH99fbqbxJ","92ffti/95GGYSRCcfQqIyq","92gwTGZZZNur/TprRz1Xnc","92tmZNJ4pC873I6ylNGcNL","922yeIixlCIKy8njLiNT22","93AsV525tEnKXWJYnS/Hyl","93MhMVxodPGZwNrXxMQLkr","93PR2yQDdBK5x/b7X6EBgM","94Jo8rKhhHZ6Ex72jyehBQ","94P8K6TJhAM58TAfvQeR5D","94aslje8ZPcbXw/+EFmpyB","94goxCZlNJ9at/5Gr1FV31","947m8u5hlM3LsvG476ZZhV","949js63htNQZkR/XtGTK49","95L/cj9MpABrcTQXoBJEvn","953IyJr3JDuL2yKJYqXBdr","953t2swKNBJ7v56eixh/RR","957OW6es1KDLlkj/0g3UwJ","96ji7O0ylCdpiWyQJ2Hmkh","96z6jYkRVAg6zKx7pRGXEc","962t7IZ65Hbb+WzN7vIPLu","97qMVXhglIUJAWjOi7KXzm","98EiKTJLtHNojiDlbmdsEb","98cLkC+2hGpLtZ6XxjrKB+","98f+Rj9olKVJkAimLCvldx","984n187wFF4rqE885iXRGZ","98+wlUKA9Db6zcgYIIsLB9","99IOOkIgBLWaZIOqb3KY11","99MXNylNlBSqHKSF1Ouwup","99RX+FkbZMx4UmB0PLgTvT","99atjVZfZDHoWGRqtryZBl","99jNlKmqpBP7jEyhbomDLJ","99zkWPrLFDv77NZCo+dBWw","9997njld9Clq4Gymacac02","99/ttzGltNg6dvTTLn8caM","9aPOeQKKBNTrW2Y1SWE3dg","9aQSa++5xLsazh3uMpsiOo","9aRH6xaglLUJGQ7PxGOleH","9ajcbv1hJBPL00WhSDE/AA","9bJlLxBSBGQpx20+8dd9gm","9ba/DsSxhO3qo212bUr9v2","9b1NqIGpVGRaVQMh+2hMCz","9cFpaic91C8LxqDkALdq9I","9cFunLV5ZD97zO7TJmkhPl","9cUSumQvZLn5SD7w6mbYJs","9cpgQXhBhEarD9J5p/ph/F","9c2GIlNo9IErO0lnFshvZw","9dDnfIiCpErLaxAEIizf5L","9ddC3tLrlPOqV8Gvon8AjP","9eILn90iBISp20PTYT/fq+","9eS48RSwxCKLyojjwmRN3C","9eahtThedLFowjIfthbKJR","9fN64ix9RJsIi7uyb//61p","9fhTuz3ddFn4AoC9Ybo7kb","a0LjgMRdJGJ6F9Nvjj78mR","a0P6dTb+JOZ7C+fVjCKCvA","a0V2OSvRlO9rP/D+jCCXPx","a0fKNsNXBFtKowfjDAIBFt","a0+Xmm7n5NoJJ4guHT5rSt","a1Z/KZdLtFWq5Sy0meNv+E","a1la9FBFZD7aYtdDFoUWF8","a1zws6+XlBb6Hcchos4tek","a2A6N9/s5BNorBZPqD/aZ3","a2CeU4TrRHVpgpjtppyoc5","a3AgPAiVZDt67fQ/VhSjy6","a3YNM6kfxK+ZFt4dU5XgOU","a4JhtXCvRGv4TCaMOQo8yQ","a4eUSGRjNJXoUZ30/Ayxm6","a4xlbPoRFGnq5ff4quEGLJ","a49f4HEPBF7Y1Z11kON3KP","a5Qw0iERRFqLFQg1fyaHEK","a5ddnFVZRJo6ZsAHSV7ite","a5iZkfJx1Cn7A4f95ah4sw","a5kV9mPg1CA4s842SNsecY","a5qkuaY2xEwZ0bqD19VLOo","a5v4aBqftBo7yJVzGMTty4","a5wSC4d8hFKr2z6hviiKQ9","a57M1IWFNOlrqenTfWvO/z","a6JfOnsGtPZogJn8jP5Gqz","a6Vs5wF8NJoodaFjXaonz2","a6qI8OUVJKUaCNAwIu+14B","a7BNmcNwZPs5q7s+k1Zabt","a7SI0ZbBNHmZnT8iSqB4xj","a7ZhoUgMVIIIuvCJFbmoi2","a7pKQcXFhHva4oef4RvRMh","a7wqtz79JIeJSpJKJUox+a","a8inFOK2NCO6/isNW8JCS5","a8rQ9VG6VOuaGC9ONngbyb","a83GFN1pdDfrOadHM4hWf/","a85NczcUdLhIVJT3+7aBOb","a96jSL6FFOgoo9fZRQA4uM","abZ58e45hPnIFdkZiay+oM","abaqSxO59FIZ1lA0ZRkA5O","abfn2m4PdLkadMgu6tvMP1","abssyWdKRB6bDqFj0VHW6C","acAU2SCWNILYO0iC5QFMWR","adjdlSlARGLb0rXdbaI8oW","ad9680DNdJOaQjUIKPpgqI","aeTBCTSGVIvYzpE/UU8QP+","aedwG14GRBebrvmzQWXi3U","ae68wnZUVB8KXXTKMR9BxF","afK7nMglFP8JPVv6rVFwok","afrWhu5axBipPf9ej6uknJ","b0Sc7f3uZB1Yr9nqpwLd8d","b0S9ZEXcNIEK6PqJY4WAk5","b0jT84H9pBH58IY52kz/Oe","b00/2t1WlHwrxhWrOkTaXB","b1E/UWT0xHrJawCpZtxzNs","b1brV+HdRNyoon/TlMqXcb","b2Ackb6YxNhY8SUL6ZJr8g","b2VB8UNelFJKjUa87HsUoa","b2ecSXMHpJK77FnCZ+Hzbd","b2p6hO6HFJLLZVWjNI332n","b2qkFCiAFDjawS+quWsxRT","b29/MAIXJDtq3wHQAdjgwp","b2/8EwJPtBj6dPlo7vLDXd","b4CivfbwVN9onZMs1Qzqe7","b4HMPOfyVDDrEA9pQGDtXA","b4P/PCArtIdIH38t6mlw8Y","b4X/3gfJtDepBuL2n9/JlF","b43XQcD+NN37qjxYLvtigl","b4+eZA3ZRH46/+7qOXz9Gp","b5YQzuee1Ce61kYi9bvAIl","b5gbxzei1AGrygV9ZQeuMD","b59RIELDJKi4rEh13te/lm","b6R4XJGilP2ZwmDGQDOly7","b6bKzBJv5FeZ3Vqe5DFa8B","b6fRw4AUVFjobAwtduSX0L","b6fW7H6eJFhazJfnuouhUv","b7MJeVXONLn7o99ewtsZyQ","b7eYWnNRFHcJYIHGYX0oNb","b71doVZOxCxa4Z3CqpcZ3V","b72s5v/dZODJFATggFeKpW","b8bJcf57ZCbqdi3omZIwxZ","b8noshAMtBSI/hhjjXjEia","b95qv4+8BBC67YCHRTQwUI","b9/eKUSWlDRqkalmcnIHLk","baE9x2qDVNcr3PEWXBVhG6","baRzPC8zRM8LXaSQ8dBGG+","baf+lZ2gZBBpKppiwn8rEG","ba+q95uvxJ25hMRg3faAXf","bbD7afvkpLaYgr+KXGZZG2","bbO34ijY1NUq2WDzBAQuT9","bbcml7tK9JtJGFS4iMc4v3","bbde5Sv5hH6YULeIOogqIV","bbeqWM2ZRIsa2Wa8dNZnaH","bbrzpJelBGa6W2v3EBT67G","bbwviMS8RE1agWv3oiQU4a","bcCKnMeUtCNYWjK/IpjW2U","bcNyGrXN9AVaeKX4rTDuM+","bcqksIer5Eor3D5uvXXz6M","bdXnj9cwVCD5As9fObJ6eF","bde26i//hLkLj0DNlb7rSb","bdiB4hml1B4KJD6NZJqhU0","bePMtrBKNLdYORIxj/JWtK","be5/JVyPJJYJtaXmrJ4iBF","be7M3RY7NG26bhTZKxrRuf","bfj5xgbGFNaa6W14Y6WeCw","bfzPZIPfhLI57/UT9dWObT","bf4IvTeG9AYpQRdN8FFl1j","c0HAkyBOBFJrhkErox1LGb","c0IFKlV/pHjI7o9qBDnjZR","c0V76d1itCMKGDg0iKQitc","c1F6ElOHdB1YVJ0R/OcWHa","c1L4BuCwVADpaQnsaegrmj","c1RKTOHt1NCIIV4HessHeM","c1WRFBOj9DRKE8qSjslPPM","c1cYSduhtFWby3qX+DCDOy","c1qgcZjkpEfY0kvMPMUUgH","c11R4AE2dG25FC+hqStGFU","c17S5AQQ1PPam6y0sc5bVI","c1/S2iTVBJa4jFGgCQgSIA","c2YxL7zt9MHb/r0Dc8zuM/","c3FloHYgVC7rueo2fA6FZf","c3JL3BJd5Pp6iADTv+vnEW","c3UkaFGVpBqLJvf1cy9NhN","c3VGNJO75D/4nsedQPqEKJ","c3i1TY9GBCKKm/I1DZfoiw","c3qVcuUQ1DoIzHaAIJ10Xs","c3vTx/oNpFxJA+HoGCWeAe","c3zqR3Je9AI76S9sLX+Pn7","c30vSUSxlFyqBE8ONJ2yAP","c391iQDoJBSJUGvD9k8S2g","c4DS2weP5Bq5StyV37M0t4","c4TW9Mg9dELZ6vklY1iciY","c44Ej83o1HEJrxo4cgj4Qt","c5fOBI6XhDz71oc5+zkLwH","c5gpdiW+1LgY/wAdvaxAUz","c6CWpS6x5BCLjYkrngkb/c","c6NZxhLQdBWqsP5KSM+8r8","c6OIldTUlHEZsTW6mjLuQP","c6xYk+xetD5pe4BVc3ovcF","c69Q+gryJF6rJOO+RRlSRT","c7B4AK5ylDraGIb+2O2Do5","c7XelTMkBO97aQbLnJ2pmu","c7aEe7GShN+4eXSqZ2/jaE","c7dhkweX5Iu4mxJesRnoi7","c7k4mtv25OiqVASeVdcUcL","c7yVOpZ4RLJaleFS1jCZAc","c8jf2FZ/dAspOSLWko+cgL","c8pZ4ZTLhKpabDrxmzds75","c8vtaf6f5Gs7Rmd6s7W65W","c83kmPYVBG9b2+Iqy5HycM","c9APhGhgJNHp9LF62/DzZ6","c9WL+OkQ9Iq4+tlachWDKm","c9jVlyv0ZM5quQ3jQOpngz","caXI2Ty9BD+IOioxRum7kC","cawe9k3e9OnZ08mcdRQyPe","cbACD9TrdCLYq520d69zBn","cbIAmeO0BK1a3AHlUqGbsd","cbR8Zn77NKP6lx+dHCTrrZ","cbyle5hgFPtbfvuh05CMuX","cb46kSmShK/49r05eVYumB","ccLpgadsVAc7Jnt0cJuBDi","cc4QwHPu1Htpgz7sYrMxxR","cdYrGbbNFI6aU9L7yRml7V","cdq1FsEmlDv76RVwWkvaQj","cd3vZ3JstBBrRPj5k8NK7Z","ceRmH844NOvokgXcJ0e7gZ","cec6Rzn7ZO94Q2BK6Lhmag","ceqwwgKTpONpkkqPY7rk/5","cerUub2Q9JJa5mdMVBQacb","cfUBNvNa9ES7ifRjgVF7+o","cfVrQSSjxEb5vaTEFYRKp/","cfy6kdcZxOjY9T3EJouiPg","d02u7BFX9OEJIy0JLwxxzZ","d1fifbf/5J8aSynicavE6i","d2eF9GvwhNL7mjfvZqY3Cv","d2jzFBVolK67zGOkOIlGhK","d2uH2UamJIKbWwEeJB82v6","d2uOJdPGxFyKpLbyCQHFEL","d3HKnmDBNA9pG/rmAbGT2L","d3iNtSk0xJWqvL9DzXGpEg","d3lr2V8gBHvoin24as+QRO","d3yxe/XpRDk6DX9RJatOzS","d30LeGNsxOF4kdWmp0AA2N","d37Koq5h1Du52UuKxR4ewE","d4Pikz1LdIcZDttIQWPWzq","d4W3snNg9Mf5Hn+H6bICRb","d4wSdF7LRIZK4kMFWpcK/I","d4xwK9wsxIiaMWEd5Nmq9e","d5E6Sm7kJJppJHEm3WnQLn","d5NWVZEzVKzo38B2owFI3Q","d56Y8njfNCBZ1eXhtd+5ve","d6E0BNGHBLS6uCntsrFPV6","d7GS5gF9lJfZrC+TNLxX2R","d7kdRETI1GoYd0wH+o0buv","d7q8NwCO1PhqxEyyhJkVGo","d78bDJij5Dq6jFqgSCmSWK","d8HsitJHxOYqo801xBk8ev","d8aq3VD7hFKbDgFVRc/VuR","d9DeB+pGVNv7LqKJPy8piJ","d9aKB7dRxI8q1Ql2myWlRn","d9uZzrgMxEobaGQVaA/t7P","d9/yrUVZREgplOAXCDRgu6","dayTyvl/tBFJ6OHnjfFQ3A","dazKOuQk5MSqE2f7qYS6eq","dbB+xMTddKprQtP5igxcu8","dbEI0LNHlBpoA4E5aeAEin","dbQE3dzX5DyL+iu31PJtHf","dbUDbwyxtIYaZlZNWeUPzy","dbwS1eXUhMCqcGOd9x01MB","db/Hmo4SlDp7Z6/EUHQFYK","dcMGbML29CVJ+e8Y7ivDbS","dcbEwCBV1Fp5G/BkRFtXCC","dcsdit6u5J76Ob/JNqwu+x","ddBWdiUvdAFK+/gGmb39qd","ddRqGfOidOQY+k4HiKMBmu","ddj+wqeINBpJ4uqN3Vvhrz","denf6R/N5LRJiPUrHHw28E","detwnngQBNibyj3eJaYGR8","dfvMg6xHxIYq/v3TqyDNFz","e0YRP5nkJIJJ19xrr5vin+","e1DcgF+MJNYqVd0TpYVkVc","e12sfL5mpAH67iGWJAkw7D","e2FJpOkWpGRota8kp6Q2Qd","e2YDQ1qEBGrY9uOTWcU2R2","e2oLkFDjJPdo2vS8d7+Xjl","e21Rww+EdM4KCS4mx1CDKv","e29aW0Q3lOLKbyaRKsIqYz","e3kzDttwZObroHGFDTzTrF","e3ljlN/dNNw6zjQOf90rGd","e4CPSdBGhDd6cbdZRphwC1","e4Csm+jAFG9ZW9vOcWuB4t","e4vkFJG6BAcJNfzb7d+DQf","e6ISSBzhlDWLB5XIUyCZfH","e6Uzm3oI9BQ55aOSvBbgLy","e6WMbWEXRCz6Y2lzvUB3pu","e7tQGmeVxIZ5tbVhDPzHU+","e7+/Qp865Axbi6sOXM5RJx","e8Ueib+qJEhL6mXAHdnwbi","e8Va9Dx4dCUYaVbNaM2uJa","e8bUUa02VMOJaqo5fffBlb","e8d890x3lPRIJKUoImk/K1","e98k4VHC5JU79FgA4m/ttR","eaGlYCOL1LoqYZ7iwYuGW0","eaJ2qm5e9IGoqK+qnwi6YZ","eaK+IATbBFYLFI4oATXi2y","ea1vwmcp9JwajQuomPi715","ea3glmecdCwb0Le5DlL1vg","ebSo+a47FCN6Hp01gmnkqe","ebm9zOQlFI4IGgCc9Owdfe","eb2EKatfZAorPWPCL54YIZ","eb36RZlflIgaNSuJ/iPlxz","eb7rYCYYpJWKrEh9pM/xVQ","ec/FkACAxNuaop0VWoEPvM","edUyiT2kBEaKmBo9iETHrL","edc6KBRk9DPZlC4zxevzxl","edytNvP6NGbYBKG9W62DEa","ed0hW5J5ZKBar1gflskoHO","eeM0rkR+NH57IBwAqM1bpi","eeaarkaw1G2IY6DYFbYYTo","eej1VFMxFNWppaGXfH1Aha","eenELXaxFKVqFwKklN7GFm","eewBBAuN9EvYhHxC5bDUiL","ee/+3ysBpNq7v2eo3crWNP","ef3RVBnf1O8Z/Yp0uW8bf9","f0PgbuZcJBd6Ah+uw1rZle","f0+OnYZGhGYoZtWmL2fQvQ","f1Qi3LLuJPOaK9eHk1AAyq","f1V8rP5cRKqINI8gH7ZM80","f1as8cm7tDza74qUhfnAGv","f2BKvKI4ZKJ4Xz/GpIt6jH","f2NuO3K29PWon87mQnciDn","f2PzQulYlLzYT3U6o69QME","f2p+Qx/jZD24zp6V1khlOt","f3TiONgy1HppbWbpRnmr32","f3bYa45k1Fiqq/vEDqAfIr","f3422RAGFFtLNPq6BiKPXO","f4W7s3de1HybfA+0RRL3a+","f4gdrdO9BBiKDBVoGOo4V1","f5b9pigzdBpYdAtgif6MBF","f5qs8DhdpKVbaS2CTArfO9","f5xmc3wJxFhIT6eRixf8kb","f56EThSl1AHq4IuyPlH+FX","f6Rp7AAh5Nz7hhIOeo5SpT","f6UQBp3CpKsZ0Hi2kQ2EuX","f6qQefeZlEKKsjS+8udcN6","f69r+Hp4FDPqUaCysf1b8E","f6+fW++/VJdJqqk1XlSI8i","f7VbQQluFLf7gGlooVHHkk","f71ZQxi8RCWboAJprA4fzC","f75FVsVrVNiIhe61Y1IkMf","f8kWH+vRdG+bqYw2mBNbQX","f8lzQ33cZKMbHuJEmORQir","f8sZDO8P5AUr0ozilV5ccn","f8vUpP8CJCS6xZNgbBrl68","f9Rqf/nqlBIZJsWWqMUCH5","faHFRZbSdKfqDl3J96qRQ3","fajHnhmdpI9acfSTfVtSQH","fbC07jPNtP6Lhcstjp/BIr","fbkR0DO2NM0rkZRf6X6SsA","fb1l9d/vhNmI8dlWkXLl8q","fcHUIONPVP7bT47x9m+R+o","fcIQh1pAhICqznc5uHVNIy","fcgaXb7ulGL6RGG0HodJTz","fcufMH1/FJD4Ch565cXt7u","fdDwrtGOdFMpUk5CVuiXE+","fdQli9OGZJVb3iixJAPkRd","fdR93RnXpKi7FPEgLmnXTz","fdZ1vtpXtPvrvi7rw0Sg0K","fdxmrz3p9N265pkH4q9TvM","fd3EYe+3VNxoWbQeFyTqhQ","fd9GV/6NFAHZ71W2JUh4XP","feBLOJKx1Iyop/OzX1PCYG","femuicZC9EpoO6MZ64mrw2","fepYlL0qxKxpv7cyzjUCmx","ffBnuOG3pLCpYZ9+jT16Aj","ffQ2+3K69ByqMfPNQdiuzv","ffYhP5J1tBAa3vhCnnT7LA","ffbBl3HCtH5KwOm9TsC+nu","00Yn5J1OVGkpd3cFjIJyvH","004UlGpEpG6qfe85l5n0Rx","01f2sD7WlMQqVX6hvscJI6","01v+TvTjlLkIqczsd66mPJ","02delMVqdBD70a/HSD99FK","02434DOuFHxI1uzZ+bcCSQ","05kJzLugRCZrqtlisbGFli","06bw7P7qVK+61Xqy3Ds1Wl","07avb3JsVFQ4DT/LfXV0vk","0byzGW26xLNIztmmxgqfh1","0cFBOyYu5LJaSGisANUXwy","0dYchwwYdCjpOu5KpBrORc","11fQtipYdNXrSJgtxgWRBC","11nFaaROlGwIuaITa5uR3j","12N4dk7NhL5ZsCo5cdrGlG","14WdlZln5LGY2olecRybqH","14uPia7kJLXL5zAgfy/z6b","14vJwyNH1OspMXFimJtxkW","15CPnHMtZLi6tZU2YQTDYW","15Cng4SLtG2om+y1kmG7Dk","15r4QWRWFK8akTTLJpOEAp","15so87NuFEcoVcuzG39Mqm","17qDtzGW1PhYhSvvQrEfLS","17y/SCOJhJ+opfZGVHXzfa","1aeNJ8P6lI1YPyuyRAvDTd","1b+dvZBqlAsKrZRLEFjkfx","1cRoK83LRF1L5vK/eLnc0X","1dVuodvUVPyqojd6tKsVKK","1d59Z4Lf9FMZMnyA3ApcKI","1eD6tGB2pCyrLK8fsGiloG","1fLmrpWMVAZZ/PTN55ditz","1fgxmGQi9FXpiuhZ/csgRk","205jNgM35F75Ciwmv5Z2Rh","22MmEIIRVOCpo0HYCLun/i","230K1blAhKBL6D4HvQcS93","24IF6fOM9Eiqv2Fn/RZmmv","25mjYshFBPA5Q9Wt+CI6vU","26Bzu/cSBHq5jQV+ZFwYqk","26V6k/Ye9KHJujjBKRu5MK","28N6dfXORFeYS0TxW69Itz","28Y92YqLJP5ZzUhy8MXQz1","286cthK5VA5qRTelxNagDz","29FYIk+N1GYaeWH/q1NxQO","29K+o1ZoND1bIisZEHfQ/Y","2a4wlm1C9DJZIXIxePYKFv","2bY5jGt7ZBqrlVHGzz3kei","2e5YBZRbhIWpEjAzCADgB2","2fjTsVUqZGy55c92Kr6B2h","30ejsUtXBHy5JPuKZHbPYT","30pw21FQNM/Y8KLR/O2Scy","326dXX61RAgr1jUmXJ93pJ","332ryv/NZHqJhas6BIR8tE","34krzpvClF/4xr1h4APQIs","35sesQ6tRL4r12yaqPeyO7","36nyDwRspBQpKV3/57IicC","37sLoQqd1B+bb/AgXbSUTx","3882DOfPFHjLfVRF8/eCTp","39OrRQtFpF7LEt+1M9kjak","3b1Okj1bhPbLiuiXGJyxbC","3e5LZ/ugFMcZHRSxWLR91w","3e7hcFwd5P2oPxh+eWWRfc","3fnND1+jBJe5Um2evMjj6n","41vuf5J0BJAbT3UqCO0LFZ","422dqhlahOkYQnGmojR9CO","43M30gcMdLlL0LonZYqU8d","43Ui7GeQtLUbNlMmGvvtKH","43aqrCS49Eh61agU+X7I3e","43sVC0nPNNVI/U1/RW8L3b","43ssYEiSNOK44HuV2QAFdK","430bfvoQVNp4AHm3adDSJr","45DxiX1mpOB5O2tFY7ytbq","45meMzSaBBqpMRQg3CpNZj","45wP3xUm5Ila/pf9qE74tI","47aY25FpZKkIQDzWg803Hl","47lPa9bfdFa7O+v+2CBjDU","48ls4CAElFOan6szNcEckO","49QJac1qdGu7Hc+YYVCrD/","4aEoQD9vtNVbxLZuy3CXbb","4aXY6hq89IsJXEWVRubSsI","4ayxvTDIZItLDCOIp7qwog","4a0B54lwpC1ZhDeSNC9L4C","4bvSPHyspFzpej+y2Br4as","4cLU25bctLsZ4ekpPpJYvy","4dO13LHQ9PS63DuIf//UYk","526Viafq5GJqYufRYNHxvW","54LThvU6dOlpbX86WeprCp","55IKTTNChG9KEgYjmIvPYF","56mdzPLnNEN59ZcvY7kJuw","56mhXMF3hA+aZ2Eeu7DSBw","566CVRDDJGPLzu+gbgzp5w","58PRa+V3NC9Ids1SKn3ilq","58nBMTCZxMOqHqypzyOJpg","59GCTLNhxOQIT/pbckVVdA","5c5Yf9Sh1PIayFS7AoxnsN","5dC6H5kHJIury2HC1fSRWy","5eEFhmWhNJGZ5Tg1DbJpuU","5eG8keRR5HQrvdw5Yg6JJD","5fAyuotRhM4a78xMSVX5qX","62Gumbxx1Eu7+AkiZDOZYo","64CSIyMRJOBawvVC8bElfs","64YZCTT0RPX7Wb3JXnHtzF","65Ygog7I1EtZFWXsWR44Eq","65lR51nw5FT60gJMweb/Ks","658E7b0+5H25zlxiLpAsMY","68+pdW4SVFW4orjp5hayWw","69BBLDcBFAMqSwt+UUlVqR","69GuluiqBNYIozpqvJmOnR","69aOrbyzBNqI4sij0SX446","69yw6lKKZKKpgEvlyg3r8q","6bZpirKqBCiLDHucUraz1l","6bum5pWplJ7oJH9tJ2lV+G","6f70qe64JNAJJ+g7LBN3jk","72AklVCzBN/asPCzYF9Gl5","74Yf2dWqlJ6ZIlRxYrmpZy","74nNVdF11MH5wbC6uxWOa8","74zkTL/v1CbopmLAu1NV7c","754iMDIddPmpalu6wAp5+q","757Ow+xf9BJrRSjUHJZdzH","79YO3p4p1I7oZEMIzkwoBW","7a/QZLET9IDreTiBfRn2PD","7bj/u0rZVEHYbb05eJ+/iv","7cQ9AZ2ihAL7w7j2iXN4dt","7ewEPXvTpKxo9f+jlCR0SR","7fFRxeavJNi7QPNWbbS4HI","7fRzzljHhPcok4ZF/M8/Nx","7fTka+4dVJwqcSx+xzqvmX","7f1n65P5VJDZBFQOnKPDKK","81u1O4l2lM2IGXbUA/0aw7","82SYWWwghBw75IL2ICOj37","83EUalS8xAXYUMEMoTxWZz","86g8jp4sZPgaVinTXWPX7g","87Sf/tUolDi7t+3eBr436N","87Vi6EratIIaYSJUiQGZ/t","87m1T83JVAHpBs4GObCz1v","88KvOt3npMgYE9gUQWIszK","89nTsDa8VGSpFU3LM80NxU","897sBol99KCajSJ6QsbPTD","8abba8ppJKXIUu9UfFRqiC","8brL5jHjFJk60dm2V2MTmx","8btk/KPR1J7atQ/AFdso5o","8bzZu8or9PZpzla7tvwjzm","8cYVONwqVNAIB21dmE7vXo","8dFplRGzlFbpDPp+kUnRgF","91wpg7uIRI6IpvFkOg5vGQ","915GI8QTZHX7G/vRQLQvqC","95L49ewnlCIrZe0ZtG2Sw7","965VBAFmpEjrHeSPJTjlqN","97pZM4ksZGmpD2frseAxig","980wGvxvBADoJwIU5npd8s","984M9MbHlM8KJWcdxQcLT0","99ZGbN2xJBVIJDtkYizYcO","99oe3I3MtHabhEEh9OOugN","9bvaMerUlDyary99mJa6xp","9bzY9NauNIn5zOaejjy5Fe","9b/ztHn6lJIrQ2aZ249Cv/","9c9YvbujZHBI/zvZUETG+P","9f+v2GeYxGOKeS4XZWG01+","a08N4Z3HxOBq1tc+M/cUEQ","a1U5RdJRFMFL57BdJC9H1X","a2ATdwoaBJIqqVD9tKzy+z","a2MjXRFdtLlYQ5ouAFv/+R","a2WGFFkiVHiJFVaHAnE7oJ","a2Z0m9qjZJa5KX5wNDrK2z","a3EDvgtM1JQ4Pz423qft1c","a3gwti1u5KwpNj9CWGVl7K","a401/QdDNE1YlE0MApWyqm","a5r5Em+vtGw5xOhYaytyjh","a7Nent7GxDMLEo3xATCfcz","a78wo+uM5Fk53gDvLVa+FE","a9pSyyxCtB2ZHvoltfK57f","a93R5ylBFF7YhwoPfWUYiR","aaQjmRjXBDgKFBqbksACY7","aacl6QRDBPzpvAlI3nTsHC","aafYF+T1RF4bqY0kwP0t7G","abf78hIelL7IALo4/6Rnub","abmYlsnaxGnr+dIEMEXHS4","aboUVXvzxBOL5ZTdLnyOEF","abqDrrqitMgpu91zUx4r3R","acnEnELKRJyKkFqX3gIfiF","acpLnSUMxEk4eDsakCwqAQ","adR0uCaoRALaaTIO4RvybI","adWw/ZPQpERY1KjAZ7RnSa","adiogqs61I8Y7pbKqnBL0C","aeAfQaQqVNN7XMVuNpr0Xk","aepcpab3dMDr7rF8jgSUEN","afV4th9AxKUp+TkpNqp69O","b13ffsGa9PV6gxPC4KBziW","b2m2GZoadAloyhwihnOTMY","b4NoaY1X5Oap1nEiG9VED3","b5BnBQQ/BPXY9aA2l+tpzH","b5PdQEIRhFQZGRtE2jDES5","b8vmIY6L1BgaH2Bl2KlUVp","b9W7+iDaBDfpPPq7q0N578","bbfB35mLFBbZ7HLLbWspFW","bcCd1iwpZOB71W58E/J/Fi","bdr+ZIvQZPXKAtzI7xEISB","beQGdcfJBBCorYLEcGel4d","bfdgeBWfxBoKFLNgCozdpZ","c00CnUrqBBNrv/XaE5nk/l","c3RfIOIt5MVIZba9mle1gZ","c3/Dk7/ThGU70zgJEJEawv","c4U0MQz9hB8Jzac/9eoM4m","c5KzKSvutMgY9KbxM5NML2","c5za/YDzBNEpnELQDeizZr","c8Ph9dFo1Gq705hsOUmSPe","cboPgQsHlCL5tMnf5UibRC","cdjjRxiSZF04fFWHplQp+v","cdnMcnzoBE9KKZbA3d7a+G","cfVi7ksRNEn6REVRZQLkzb","cfkohupuxEKoy/muS2Cmr1","d07tvR77xKm4O704F0EhZD","d13Md8eFNPxLiJMn6SIBb6","d3zEWYkwpCOIQmUT2R8m4t","d5bSv4Pk9Gn4dgyFZ+a0wM","d6VCji/SBGaJ1cyLRpqqcQ","d63ZyHJqRCHID1TrWSsEyp","d7J25T48ZA75LtuqrQcPfG","d7sWNSJOhPJJ9gdcWHcarx","d8KYJ6RuhP6rbHuKU3gYEO","d8N91+z/xCqKRWo8XRKL0i","d8hqEurO5O3r/JLAsbxS//","d9g+jDl+hL2L7AVRHXB4sp","daWgVcvQ5CYKdaMmuUeBQ9","daj/lEBJFDzau4kX01wP82","daoUlZnoBP8rARbJA0ahZJ","dcFkzAUgFNUqTHMaXgGdIh","dcKQ2sptxADLhzxxr0zFEL","dccAzOUpJF5rjdbg2Fi4nN","ddqeBbKJlJ4IAAif0CN8lv","ddzpfrUCFL9ZZ21yf+PFpo","deu5LiL29BkZmDvDdfkOZN","dfFgoY4/FCCrI3nyX2ziiF","dfOB9S0PxB250XuneqLPtV","e0Bb1IbRtP8IwJuGulcUd/","e1jcJ/1xhM6Ka7ETlqnl7o","e3BqcpBglEWIvWtp+x9W9c","e3Dkv8019CT5V40dPrAiUy","e4NBdBx4RBbpmrOuMaWQ7O","e53vqpVStGzbGZvSTT6L2A","e8A8ohoIZDM5DdznHcjLS3","e8GmhtA99BOYKdJBEX0uiD","e8UvVavThBzZWCE/F2NHLK","e81OBgvMpMRJNmmmf1HKpK","e8+tLHWF1LS6vWiT3ktLFX","e9A8yNJWVAiJpkwayF4e/C","e9RKOIFVBJYYtvw8AvSyPu","e9aYiKQOVGv5C61elFx6A/","e97GVMl6JHh5Ml5qEDdSGa","ecKvxDwI9CApSF+giVk8BL","ecpdLyjvZBwrvm+cedCcQy","edfF8Ny/tGKbkEIodYqpeU","eeCCRsFiJGkb7MbtHR4Uip","efdDTzcANC/YR8lgdvdn2J","f0BIwQ8D5Ml7nTNQbh1YlS","f0F0KpoQxCSKpcOJdoERDA","f0M14kamVE9KF6/lphY8vV","f0zb0NqNVLIpLtOE9RYgUI","f07WfsWYxNaKaG6tl/rU13","f11wBrblBLv4IM0xvangm5","f4bxH9wbJH/5YtPBX85VBB","f4q0kjvCNFToFuMkvWEjx5","f6IGt5r3VOuY1jaSZD/olO","f8O/zmweVJmbmNiwgtQ946","f8SCe/YbZKlJg6eBpIaC1P","fbpEDfRspOCawJZABAkLJQ","fbwZ4vGmdGWKqSaWQbi27D","fczxs08mtOSJJnDvEdDzkY","fdSfK+/M5PEIv1ZELuDA7v","fdY3GL42lNeJ0j6U8FHYcM","ffDpHHVcZAhqOfy25Fe4w7","ffQJfQVF5BRLmvoQDk6i6r"],"scenes":{},"redirect":[1203,0,1318,0,1357,0,1448,0],"deps":["internal"],"packs":{"011b701e4":[775,1340],"014ccf09c":[385,436,547,740,989,1117,1145],"015fd5c0a":[1319,863],"0161490c9":[504,1239],"01835496e":[1090,1442],"01a372973":[580,1377],"01b44d300":[415,435,1229,531,1315,1002,1430,1453,1455],"01b8448de":[1286,1068],"01c7eebb6":[539,598,616],"01db5c1ab":[465,836,877,902,1046,1060,1089,1091],"01e37f46e":[467,562,671,683,1058,1061,1075],"01eda5393":[456,527,594,645,794,878,887,912,926,960,978,991,1000,1003,1034,1066,1181],"01fc498b0":[1223,733],"0219e0031":[1273,821],"022d8ac73":[1292,758],"0240a9362":[1255,663],"024675b71":[384,514,519,579,605,647,787,874],"024be8076":[754,1399],"0273793dd":[876,1403],"028576779":[1372,961],"029fc1372":[941,973,1159],"02a46e120":[660,1441],"02b0e9e34":[1303,1024],"02c97c84c":[428,1336],"02ced15b8":[696,1386],"02db006f6":[755,1438],"02e8ba753":[480,1396],"02ea1abbb":[1253,1419],"02f196400":[1380,1041],"02f389d2a":[1312,1095],"02fb9d7c4":[826,1439],"031874b90":[455,1264],"035901572":[470,1392],"03647c83f":[908,1411],"037c418d0":[502,1449],"039180bdd":[578,1284],"03976c45f":[431,1226],"03b3f09f0":[759,1375],"03b54ef4c":[1221,1078],"03b84cf64":[1334,1016],"03d1e89e6":[1237,1266,741,825,828,1402,1468],"03e6742e5":[720,1345],"03e8e9867":[1269,1110],"04099670d":[1228,824],"04126943b":[1268,793],"041b9d12c":[1148,1460],"041ee5115":[1240,680],"04339e115":[808,1371],"04391ca5c":[505,1456],"0460d5935":[560,1421],"04a8c1f65":[846,875],"04b01691b":[630,1310],"04b73fdcc":[1412,1134],"04d07fcce":[1278,918],"04e1a3d1d":[586,1379],"050373fe6":[1204,1212,1242,1267,1272,1280,631,1289,1344,1363,1366,1405,1422],"051ed7d17":[410,1435,1132],"052ab990c":[1217,1225,507,1259,721,1316],"0544642fd":[378,382,388,389,0,1,390,2,3,399,4,5,6,404,7,407,8,9,412,10,414,416,11,419,12,425,426,427,429,13,14,15,16,17,18,440,19,20,443,445,22,23,447,448,24,25,26,453,28,29,464,466,468,31,471,472,32,474,33,479,34,35,36,37,483,38,39,40,41,490,491,492,493,42,43,44,45,496,497,498,46,499,47,48,49,506,508,509,510,50,51,52,53,521,54,528,55,57,58,59,540,61,62,63,64,549,550,551,65,66,67,554,68,69,558,71,564,72,569,73,74,75,76,77,78,573,79,576,80,81,82,83,581,84,583,85,587,588,86,590,87,591,88,592,593,89,90,91,92,600,93,602,96,606,609,97,614,98,99,617,618,100,101,102,619,103,624,625,104,105,628,632,633,634,106,107,636,108,109,110,111,112,113,114,115,117,118,119,120,121,122,642,643,646,652,123,124,655,656,125,126,127,128,129,130,131,132,665,666,133,668,134,135,670,136,673,137,675,138,139,140,681,687,141,688,690,691,142,143,698,144,145,705,146,148,149,710,711,150,713,714,715,151,152,153,154,722,156,724,157,725,160,161,732,162,163,164,165,166,738,167,169,744,170,746,748,749,171,172,751,173,174,756,175,176,177,760,178,179,764,180,181,182,767,183,184,185,186,187,188,189,192,778,193,194,195,197,198,786,789,200,790,201,791,795,203,204,205,206,207,208,804,209,806,210,811,814,816,211,213,819,214,215,823,216,827,837,218,840,842,843,844,220,848,852,854,855,856,221,858,859,860,864,222,223,867,869,870,871,225,227,228,229,880,230,231,232,233,883,885,886,234,891,235,236,237,894,238,239,897,898,899,240,903,241,905,242,907,243,244,910,911,914,246,247,919,248,249,250,251,931,932,933,252,253,937,254,255,256,944,946,947,257,950,258,951,954,955,259,260,958,959,261,262,263,264,964,965,966,968,265,267,268,269,270,980,981,271,272,273,274,275,986,276,277,278,993,995,999,280,1005,1007,1008,1009,1011,281,282,1018,1019,284,1023,285,1027,286,287,288,289,290,1036,291,292,293,1042,1043,1044,294,1051,295,297,298,299,300,1055,301,1059,302,1063,303,1065,304,305,1069,1070,1071,307,308,1077,309,311,312,313,1082,314,1087,1093,315,316,317,1099,318,320,321,322,323,1103,1104,324,325,326,1109,327,328,329,330,1112,331,332,333,334,335,1118,336,1121,337,1123,1127,339,340,1135,1137,1140,342,1144,1146,343,344,345,346,1150,347,1154,348,349,1157,350,351,353,354,1162,355,356,357,1165,1169,358,1171,1174,359,360,361,362,1176,363,364,366,367,1180,1182,368,1183,369,1184,1185,370,1190,1191,1192,371,1194,372,373,374,375],"054499365":[797,1391],"054b5be92":[422,1383],"054cc2c60":[481,1270],"05707d671":[1365,934],"057d9fbbe":[780,1350],"057df0def":[906,1382],"05e05d1c6":[943,1397],"062e67ab5":[1202,772],"0652da47d":[1257,834],"0654f5bc8":[893,1376],"066014669":[1219,1088],"06729101d":[1279,667],"0696a3a65":[1026,1105,1126],"069e3a2f5":[484,1464],"06b66785f":[1307,708],"06b805228":[990,1115],"06c9638dd":[423,1384],"06d50ec9c":[1354,879],"06dbdc74e":[693,1322],"06eecc9f9":[1201,442],"06fd72c53":[603,1461],"0710ce088":[1296,1404],"0718cb115":[1230,1329,1177],"072ae4c17":[432,451,469,555,664,820,1195],"0743d88e8":[644,750,829,1178],"07456d986":[380,1462],"078b6833d":[1352,1052],"07a5d2f40":[873,1394],"07c2d53c1":[553,917],"07d415c73":[449,1447],"08094a4c9":[1246,615,1293,1294,1361,1418],"082ff1b7b":[1211,517],"083bc0494":[1265,679],"0846bf6f7":[686,1463],"085e86e81":[726,1353],"08607ab3f":[1094,1100],"086a67f20":[810,1347],"087a31c06":[1205,400,1224,1227,1248,1256,1271,1281,1295,1301,1308,1321,1346,861,1351,1356,1388,1393,1398,1410,1417,1420,1428,1108,1451,1454],"087cddb28":[477,1158],"08f7b4a87":[1288,983],"08ff297de":[921,1373],"09299c3c9":[387,1374],"092c64cc3":[1252,862],"09309bd04":[608,1102,1458,1459],"09375144b":[1369,1160],"0958c2f89":[1208,972],"097056c02":[500,1335],"0974df694":[1274,952],"097b12f5f":[1260,719],"098092a36":[1086,1432],"098c6b71d":[1210,895],"099be6d04":[1338,994],"09ac58722":[1251,1128],"09b1f9257":[1339,1050],"09bc167d0":[402,699,712,866,915,1033,1149,1156],"09be6566e":[884,1390],"09e4e371b":[495,1262],"0a0906b47":[408,596,597,1186],"0a0ac7fc0":[1234,818],"0a0e8fc28":[1233,1029],"0a3052dbc":[1364,1172],"0a35abbad":[1285,845],"0a454c478":[457,653,770],"0a545fd05":[383,1389],"0a79da59b":[565,1119],"0a9f742a8":[529,753,1328],"0ac2770c4":[1222,1385,1401,1079,1450],"0ad17d216":[730,1313],"0b070ee67":[546,566,568,611,637,674,716,743,807,920,940,1017,1096],"0b3987683":[1072,1167],"0b3c2aa40":[405,1275],"0b50e4420":[1199,516],"0b58610a2":[657,1434],"0b5dae3be":[1305,1124],"0b719bd6a":[420,1304],"0b89ac1fa":[1258,1141],"0b8a61e35":[1231,538],"0b9530b03":[524,1333],"0b9d58a2d":[1309,1179],"0bb281c3d":[924,1423],"0be460486":[1330,1168],"0be843ff0":[494,1263,1426],"0beb4cc80":[1218,620],"0bebfddad":[1276,768],"0c0f5862a":[1349,1151],"0c308c9e9":[1368,935],"0c339d10f":[1241,1446,1452],"0c5ab1ed0":[458,1254,1143],"0c5ba861e":[1250,889],"0c5fdab1c":[792,1425],"0c64f70ac":[452,850],"0c735b125":[1367,1040],"0cb2f438a":[927,1443],"0cba38c4d":[413,689],"0cc302773":[462,1232],"0cda9cd43":[1424,1198],"0cdf842e7":[1306,971],"0d08e51f9":[817,1400],"0d2d3c0c4":[501,1277],"0d2f0d9a7":[1317,752],"0d5a261a0":[1325,1116],"0d5e6cf72":[525,1249],"0d7b375c0":[1206,1207,1209,544,1300,1362,1378,1408,1409,1416,1436,1445,1457,1465],"0d7e00a2f":[1358,1113],"0d9ec8937":[1215,928],"0dc8b9f7f":[1290,948],"0dc8eee8f":[1220,766],"0df4f30e1":[1282,831],"0e15ffe6b":[1244,1006],"0e2cc2169":[1283,639,913,1038],"0e343ad34":[659,1415],"0e4e8d590":[488,533,556,1291,707,709,1324,892,930,949,962,1015,1021,1045,1413,1092,1431,1433,1469],"0e54d40aa":[830,1370],"0e6048ffa":[1236,813],"0e637e194":[1213,1381],"0e865db06":[1323,904],"0ea7a2d1e":[890,1022],"0eacdaa0b":[1348,1164],"0eb0d0672":[841,1466],"0ecf13c49":[512,1302],"0edfb607d":[1235,1245,1247,676,695,727,737,769,1331,803,1341,1342,839,849,922,936,1395,987,1020,1414,1083,1098],"0ee5c1a46":[1243,1080],"0f03a1457":[1261,771],"0f06ea3dc":[1299,723],"0f2473ed7":[572,945],"0f25ebd74":[1444,1142],"0f2c82197":[1355,1064],"0f5f9d5e3":[1214,486,1314,896,1407,1076,1084,1427],"0f61f9160":[396,1298],"0f7ce79f9":[401,996,1073],"0fb4f81e0":[729,1429],"0fde663b8":[783,1440]},"name":"resources","importBase":"import","nativeBase":"native","debug":false,"isZip":false,"encrypted":true,"versions":{"import":[376,"97c1d",377,"0d12c",379,"1da5e",381,"1a892",1200,"a86d9","011b701e4","07016","014ccf09c","cf41c","015fd5c0a","5c33f","0161490c9","18e68","01835496e","4561a","01a372973","b6d04","01b44d300","4e8b4","01b8448de","713cd","01c7eebb6","d0795","01db5c1ab","1909a","01e37f46e","dc1cb","01eda5393","e3ddc","01fc498b0","589b3","0219e0031","803aa","022d8ac73","4b92d","0240a9362","b2149","024675b71","990cf",386,"38503","024be8076","36159","0273793dd","79c7c","028576779","74002","029fc1372","62ba3","02a46e120","7d287","02b0e9e34","cd6c1","02c97c84c","77b86","02ced15b8","1e107","02db006f6","5a08b","02e8ba753","8ade3","02ea1abbb","43bd4","02f196400","db6d9","02f389d2a","70f0d","02fb9d7c4","f6af6","031874b90","75aee","035901572","cdc58","03647c83f","4fb7f","037c418d0","300bc","039180bdd","1dce3",391,"b8c31","03976c45f","b1029","03b3f09f0","3a0bc","03b54ef4c","00bea","03b84cf64","bbd7c",392,"a954c",393,"707fd","03d1e89e6","2fab0",394,"abfcd","03e6742e5","c255c","03e8e9867","59967",395,"46161","04099670d","57bd4","04126943b","d7a30","041b9d12c","4569e","041ee5115","d253c","04339e115","207b1","04391ca5c","c19ee","0460d5935","6e395","04a8c1f65","65b17","04b01691b","99da1","04b73fdcc","60713",397,"5782a","04d07fcce","89f77","04e1a3d1d","132b7","050373fe6","91009","051ed7d17","ec4ab","052ab990c","fb5a7","0544642fd","ce76c","054499365","7c296","054b5be92","72691","054cc2c60","6dc30","05707d671","b30bb","057d9fbbe","7d157","057df0def","4a985",398,"9384c","05e05d1c6","523d5","062e67ab5","b3bd5","0652da47d","53d13","0654f5bc8","89e3c","066014669","97102","06729101d","ed520","0696a3a65","6f537","069e3a2f5","5fe3b","06b66785f","0f075","06b805228","4a4f1","06c9638dd","1da52","06d50ec9c","9d844","06dbdc74e","d3ff0","06eecc9f9","f6b75","06fd72c53","d67d0","0710ce088","c07bf","0718cb115","a0c16","072ae4c17","eadeb","0743d88e8","641a9","07456d986","a6daf","078b6833d","55709","07a5d2f40","a0fe7",403,"04fd1","07c2d53c1","6e218","07d415c73","42082",406,"efd46","08094a4c9","37e79","082ff1b7b","79f35","083bc0494","9789d","0846bf6f7","b8081","085e86e81","c85fc","08607ab3f","120a6","086a67f20","6e044","087a31c06","3b3ec","087cddb28","bbd1e",409,"691d9","08f7b4a87","ba3e2","08ff297de","00671","09299c3c9","9ee66","092c64cc3","a593d","09309bd04","4edc3","09375144b","fb025","0958c2f89","c8cc5","097056c02","3b5c3","0974df694","0d14d","097b12f5f","70632","098092a36","5a939","098c6b71d","4b3f6","099be6d04","3c6f1","09ac58722","fd049","09b1f9257","1989b","09bc167d0","d67c1","09be6566e","731d1",411,"fc5f0","09e4e371b","82bfd","0a0906b47","834aa","0a0ac7fc0","a19ee","0a0e8fc28","49fda","0a3052dbc","aae8a","0a35abbad","420a8","0a454c478","99a79","0a545fd05","5dbca","0a79da59b","80732","0a9f742a8","24b08","0ac2770c4","7071e","0ad17d216","c0fd1","0b070ee67","e0f7a","0b3987683","91682","0b3c2aa40","a722d","0b50e4420","2c492","0b58610a2","a6fde","0b5dae3be","33628",417,"98fcd","0b719bd6a","6dcac","0b89ac1fa","6929e","0b8a61e35","2c15f","0b9530b03","dcedf","0b9d58a2d","4a7d0",418,"c5185","0bb281c3d","f1a54","0be460486","95771","0be843ff0","4e493","0beb4cc80","c4426","0bebfddad","502f2","0c0f5862a","eb4ab","0c308c9e9","be328","0c339d10f","4aa77","0c5ab1ed0","83c92","0c5ba861e","059e0","0c5fdab1c","4498e","0c64f70ac","07d04","0c735b125","6c01d","0cb2f438a","85ec1","0cba38c4d","21ecd",421,"18787","0cc302773","4a95c","0cda9cd43","2b175","0cdf842e7","072d7","0d08e51f9","670be","0d2d3c0c4","b6417","0d2f0d9a7","e7413",424,"7316e","0d5a261a0","fbace","0d5e6cf72","593cc","0d7b375c0","9109b","0d7e00a2f","d9f2d","0d9ec8937","49979","0dc8b9f7f","00139","0dc8eee8f","9c209","0df4f30e1","c405e","0e15ffe6b","749f4","0e2cc2169","56c99","0e343ad34","ff54b","0e4e8d590","c1a5e","0e54d40aa","c70a6","0e6048ffa","c78e8","0e637e194","fbcdc","0e865db06","37d40",430,"fdc0f","0ea7a2d1e","7deb6","0eacdaa0b","90977","0eb0d0672","e4625","0ecf13c49","017d0","0edfb607d","4a192","0ee5c1a46","c800e","0f03a1457","16bc9","0f06ea3dc","772a1","0f2473ed7","7b839","0f25ebd74","5dda0","0f2c82197","b243a","0f5f9d5e3","f398b","0f61f9160","b0a7f","0f7ce79f9","f5807","0fb4f81e0","ab0f8","0fde663b8","a9105",433,"980cc",434,"f5b11",437,"c7aee",438,"5b5d9",439,"9ba6c",441,"d5942",21,"7a944",444,"f5e5b",1216,"44047",446,"3f5e5",450,"4061e",27,"26a45",454,"dd6f9",459,"d3f7d",460,"24b3c",461,"7664d",463,"8aee9",30,"f8b32",473,"e9cb5",475,"a134c",476,"5542a",478,"a909c",482,"010c4",485,"dd67e",487,"a2e90",489,"6da63",503,"8d3ea",1238,"54737",511,"54ea2",513,"b793e",515,"6e145",518,"6d802",520,"ea3a4",522,"e34fa",523,"b7f61",526,"3cf19",530,"10071",532,"babbd",56,"98ba3",534,"5ecc0",535,"e28a9",536,"64c2a",537,"aea41",541,"7f594",542,"5462b",543,"97280",60,"ab9fe",545,"3aed4",548,"85e3a",552,"b26c3",557,"c0e88",559,"d7d74",561,"fac1a",70,"23ef3",563,"7e064",567,"03aad",570,"2e122",571,"446a3",574,"903d9",575,"c55f5",577,"9f845",582,"4e489",584,"bb8e3",585,"3cd0d",589,"174da",595,"dd92c",599,"d7f41",601,"520f8",94,"a0518",95,"004bf",604,"d4d95",607,"20992",610,"12a60",612,"2ef5a",613,"8fec0",621,"b44f2",622,"e8e37",623,"3a4a2",626,"12dd3",627,"755d6",629,"ff11a",635,"b8cc9",638,"9d443",640,"7cbc9",116,"2634f",641,"7c04d",1287,"2e802",648,"6c257",649,"b4c1c",650,"8f7cb",651,"54bf1",654,"f1531",658,"c517e",661,"07ae0",662,"208b7",669,"e48ef",672,"e7df6",1297,"3a20b",677,"12efd",678,"1c263",682,"afa79",684,"07dfc",685,"33e67",692,"dce9f",694,"5e88d",697,"429df",700,"6361b",701,"cea56",702,"d7333",703,"45b80",704,"061ef",706,"0db7b",147,"26a65",717,"237ef",718,"6dc6f",155,"52aed",1311,"e88f5",158,"37508",728,"e2e92",159,"1c150",731,"ec97f",734,"138b4",735,"1e6cb",736,"e7117",739,"169d8",742,"67e30",168,"ea1c4",745,"d2780",747,"f75ec",757,"54e8f",1320,"7f1a9",761,"0ec97",762,"e89e6",763,"0725a",765,"feb5a",1326,"da907",773,"66067",1327,"b5481",774,"61b43",776,"d8b00",777,"4e9a7",190,"be62f",191,"26a65",779,"54120",781,"dbb9f",782,"b5487",784,"a3806",196,"2d9eb",785,"29e98",199,"b5642",788,"885ed",1332,"f20c9",796,"5f7d1",202,"bbdc1",798,"5fb77",799,"18959",800,"d2ed7",801,"4ff57",802,"981af",1337,"bd7b1",805,"78d0f",809,"a91f7",812,"9f234",815,"cdbb8",212,"26a65",822,"d4746",1343,"13e09",832,"7bd8c",833,"de418",835,"1149d",217,"2f5a0",838,"28503",219,"79300",847,"9bed6",851,"49004",853,"be868",857,"cd82e",865,"9268d",868,"c7998",224,"e4c24",872,"84175",226,"c8dc9",881,"841f4",882,"563e1",888,"83672",1359,"efb7e",1360,"0572e",900,"aaabe",901,"0f631",909,"9d498",916,"6f8ef",245,"0e19b",923,"d15aa",925,"888fd",929,"1259a",938,"b81a5",939,"2679d",942,"e1e38",1387,"e66ce",953,"2e2bb",956,"1ad3d",957,"003ce",963,"f99df",967,"f6eb9",969,"94a1c",970,"941e2",974,"31ce8",975,"4356c",976,"c3c01",266,"3714c",977,"1a716",979,"df9fd",982,"95ef2",984,"7e25d",985,"ca0bf",988,"e1f57",992,"e94d9",997,"1fa7b",998,"1f397",279,"7c6a3",1001,"9ec12",1004,"3625d",1010,"7f23e",1012,"f1786",1013,"f3f0c",1014,"973e9",283,"b1ccf",1025,"2cede",1028,"d1611",1030,"f7b8b",1031,"d2418",1032,"1961f",1035,"70c6d",1037,"a364f",1039,"296f4",1406,"73ed9",1047,"7816e",1048,"37bd6",1049,"ceeec",296,"be62f",1053,"c8a7b",1054,"8fc6e",1056,"5c6f0",1057,"d9805",1062,"9821b",1067,"bab12",306,"9099e",1074,"06e94",310,"53ece",1081,"529cd",1085,"6ff20",1097,"26974",319,"71d0d",1101,"7b1d5",1106,"b9f1b",1107,"5feb1",1111,"4d21e",1437,"5ce16",1114,"cb1c6",1120,"a1c5e",338,"c79ae",1122,"15c02",1125,"155e6",1129,"05c37",1130,"c7aa5",1131,"ba47e",1133,"5c77d",1136,"090c2",1138,"22450",1139,"1dc9a",341,"b5642",1147,"52bf1",1152,"ce502",1153,"4dc31",1155,"4fa55",352,"be62f",1161,"14d5b",1163,"62c08",1166,"a81da",1170,"0b0f3",1173,"4ad86",1175,"fbb63",365,"b7ac9",1187,"7f3d5",1467,"631d0",1188,"5a04a",1189,"52327",1193,"9a9d5",1196,"14036",1197,"ce16b"],"native":[378,"4fe26",382,"bae28",388,"51949",389,"038c5",0,"7678c",1,"dae1c",390,"5a676",2,"12a7c",3,"eb918",399,"d3672",4,"699e7",5,"57394",6,"c6ad8",404,"b157a",7,"be007",407,"69ba4",8,"f157b",9,"d6e21",412,"f6c80",10,"f4916",414,"98b2c",416,"d0591",11,"5d809",419,"d5441",12,"d5f44",425,"f06df",426,"1ea04",427,"2ce3a",429,"01175",13,"b9744",14,"34801",15,"6b9ab",16,"3e6f0",435,"6afb6",17,"94e08",18,"ff8ff",440,"d4ada",19,"2ec59",20,"f8fba",21,"ba4e5",443,"8cb32",445,"d33d1",22,"378c9",23,"5807c",447,"c94c7",448,"5a8c0",24,"0bb20",25,"a93f9",26,"b4071",453,"043bc",27,"a30ae",28,"7e484",29,"8156d",464,"7b11e",466,"4b1d9",30,"20a13",468,"a0081",31,"6dc2e",471,"ba6c6",472,"bccdd",32,"139ce",474,"0f0e1",33,"375b1",479,"3eb65",34,"cef54",35,"b0036",36,"029bd",37,"5f3cb",483,"e22d4",38,"2d5b6",39,"c84a0",40,"bb2ed",41,"a660b",490,"50459",491,"86905",492,"dcce4",493,"03f60",42,"499bf",43,"c8bb4",44,"53cb8",45,"db918",496,"8e36a",497,"71e74",498,"e79a2",46,"86026",499,"c9430",47,"5397a",48,"c5ecf",49,"07a7e",506,"a7101",508,"25d17",509,"11166",510,"4df11",50,"3b556",51,"7c240",52,"a0447",53,"89157",521,"3874b",54,"8da12",528,"28c16",55,"1daf4",56,"d3b8e",57,"25ec9",58,"46748",59,"0292c",540,"abd4c",60,"38771",61,"fddec",62,"01269",63,"3d40c",64,"b2b3a",549,"0b902",550,"a0392",551,"8c88b",65,"645ab",66,"49a91",67,"d6f56",554,"d6c39",68,"3c71d",69,"86cff",558,"a3483",70,"26490",71,"9da82",564,"66737",72,"76353",569,"a4780",73,"e0798",74,"0bb8e",75,"844fb",76,"7c360",77,"fa1b1",78,"60362",573,"0c3eb",79,"68cf7",576,"4d580",80,"4164e",81,"95ce0",82,"23369",83,"bf2cc",581,"8ab60",84,"c5ecf",583,"d906c",85,"b901b",587,"55ecc",588,"d5894",86,"354ad",590,"c867a",87,"1c149",591,"73e2d",88,"1b9ae",592,"39255",593,"2a456",89,"15b72",90,"3796a",91,"ec342",92,"248c3",600,"48cdd",93,"026f1",602,"a2b2b",94,"3027b",95,"64d2e",96,"bba9f",606,"05643",609,"6a5b3",97,"1ecda",614,"691d1",98,"c7a01",99,"d3d1d",617,"ad9f7",618,"0e546",100,"0b282",101,"47539",102,"be752",619,"02d0e",103,"72db7",624,"f1949",625,"d295b",104,"58211",105,"38d47",628,"0c6de",632,"f469f",633,"33cd5",634,"84c97",106,"6251b",107,"192a7",636,"cccde",108,"24012",109,"b9882",110,"eee90",111,"94f04",112,"c55ce",113,"cc3ef",114,"a923b",115,"3291a",116,"d4bbe",117,"94b17",118,"a7775",119,"efe2d",120,"8e8fb",121,"6bd8f",122,"f8f5d",642,"d38b5",643,"36243",646,"a6a60",652,"dc717",123,"d4046",124,"9d612",655,"d5054",656,"da89a",125,"bb4f5",126,"6b58d",127,"b1084",128,"8b865",129,"f01a1",130,"1285e",131,"1542d",132,"b7489",665,"1f967",666,"78031",133,"b9e3d",668,"59701",134,"a420c",135,"d19c0",670,"ec432",136,"b8a63",673,"5219d",137,"c0f8d",675,"ef93d",138,"b5c51",139,"ce7d3",140,"0a424",681,"6421f",687,"2cb82",141,"75fa9",688,"2542b",690,"40b5d",691,"185c6",142,"d8715",143,"3828d",698,"7b0b6",144,"65c8a",145,"e88ba",705,"9d82a",146,"42358",147,"6b402",148,"1c3a6",149,"ddded",710,"72f8b",711,"56280",150,"348d7",713,"c0138",714,"d00fa",715,"89578",151,"c6f3f",152,"ecf8d",153,"546a6",154,"70c4d",155,"1aee2",722,"b5749",156,"e117d",724,"c06a9",157,"40adb",158,"12d1c",725,"98d8b",159,"31060",160,"0801b",161,"6085d",732,"93b5d",162,"43da5",163,"b22a1",164,"c6ad8",165,"2b6f6",166,"7292e",738,"3aae5",167,"9adef",168,"9bc21",169,"278dd",744,"ed146",170,"0e7ef",746,"80ab8",748,"d84ad",749,"d7732",171,"85e42",172,"34d24",751,"9d741",173,"8343b",174,"e7430",756,"4d9a8",175,"e797f",176,"21d6b",177,"35ad9",760,"ed171",178,"215a6",179,"9f992",764,"513c1",180,"4843c",181,"a065e",182,"3489f",767,"850a7",183,"689f0",184,"dcc2b",185,"fc947",186,"3152a",187,"b9fc8",188,"6085d",189,"b27d6",190,"2f215",191,"e7cdb",192,"963fa",778,"6677b",193,"3e4b7",194,"8a1d4",195,"7840d",196,"55212",197,"b4376",198,"72098",786,"fa176",199,"fb94a",789,"0fceb",200,"1099e",790,"56abc",201,"415c9",791,"bcb1b",795,"9bf57",202,"4836b",203,"b4e41",204,"74ec4",205,"29286",206,"aabcb",207,"5054e",208,"24741",804,"71c87",209,"9f700",806,"1def0",210,"b73ca",811,"54e7e",814,"a3238",816,"200e4",211,"dcddc",212,"5d454",213,"fea26",819,"21a6c",214,"5014f",215,"42358",823,"53669",216,"84e75",827,"2562e",217,"44b10",837,"805bc",218,"d91f8",840,"f1680",842,"87e4d",219,"27fd9",843,"66a68",844,"2562e",220,"72a1d",848,"79951",852,"d472e",854,"c5db3",855,"66baf",856,"74538",221,"be910",858,"8e45d",859,"f029c",860,"efc6c",864,"93725",222,"4b736",223,"4c947",867,"0616d",869,"12839",870,"e3864",871,"c082a",224,"0c265",225,"948fd",226,"f748c",227,"4d293",228,"5f948",229,"91c82",880,"d28f8",230,"2ac93",231,"b8d5f",232,"05b2f",233,"99ddc",883,"7deaf",885,"f96db",886,"f18c1",234,"4947c",891,"7c3db",235,"3aed8",236,"1741e",237,"b5495",894,"c52df",238,"9e3d4",239,"67239",897,"f7ded",898,"2c785",899,"258b3",240,"c7191",903,"cee7a",241,"1099e",905,"5b006",242,"1a48b",907,"32e6d",243,"31341",244,"4f1c3",910,"6529a",911,"619d5",914,"44354",245,"ed920",246,"7548c",247,"9908e",919,"b302d",248,"c7600",249,"f5a15",250,"b1c07",251,"6293c",931,"ea545",932,"da82a",933,"c3187",252,"1fc0a",253,"83351",937,"ed05b",254,"463fa",255,"02d5a",256,"7aaba",944,"da5e8",946,"83fcc",947,"9d2a9",257,"ddfff",950,"d6cbf",258,"01809",951,"ade2c",954,"8d576",955,"f9e7f",259,"9ae3b",260,"a75d7",958,"8a415",959,"dddd7",261,"a132a",262,"82116",263,"d2ee0",264,"91049",964,"82674",965,"09be2",966,"fa349",968,"ad85e",265,"f20a6",266,"84c28",267,"06f89",268,"2521f",269,"5c377",270,"eea35",980,"e5210",981,"af87c",271,"f231d",272,"db060",273,"6fff1",274,"7e425",275,"98840",986,"2894f",276,"ea301",277,"3f0fd",278,"536ac",993,"63bec",995,"adebc",999,"f97bd",279,"1432a",280,"772ac",1005,"15d19",1007,"cb3a0",1008,"3231c",1009,"28118",1011,"c6dd7",281,"bdfe5",282,"11e51",283,"0c862",1018,"39911",1019,"70682",284,"62dfe",1023,"44349",285,"1f65b",1027,"45e3f",286,"1609f",287,"df422",288,"2e955",289,"f5a44",290,"66f13",1036,"d3e51",291,"528d5",292,"75c64",293,"734e2",1042,"74325",1043,"8af58",1044,"2b480",294,"2c2ca",1051,"41fc0",295,"9d811",296,"2f215",297,"a9062",298,"159fb",299,"5833a",300,"7d107",1055,"ea883",301,"aac27",1059,"24db4",302,"10e9a",1063,"56b11",303,"8f504",1065,"70a00",304,"529af",305,"62895",1069,"6356f",1070,"79999",306,"1a5f8",1071,"f93d0",307,"87280",308,"e9a6e",1077,"cdbc9",309,"f3f90",310,"15f18",311,"c83e9",312,"599c9",313,"06aca",1082,"025be",314,"1fc1a",1087,"c41bb",1093,"15dc6",315,"b9eb7",316,"44d48",317,"87373",1099,"1801a",318,"218f7",319,"4be89",320,"d5571",321,"124b4",322,"8bcea",323,"c01e1",1103,"dc6a7",1104,"e6b5a",324,"c5853",325,"692f7",326,"c25ec",1109,"d38f2",327,"675bd",328,"5127e",329,"059c6",330,"4252a",1112,"4ea30",331,"00f67",332,"34285",333,"1099e",334,"75449",335,"00f67",1118,"90cf4",336,"713da",1121,"e116e",337,"b5b51",338,"d1172",1123,"5e637",1127,"0616f",339,"5fffd",340,"bfedc",1135,"509a4",1137,"17df6",1140,"35c95",341,"fb94a",342,"bd713",1144,"7c1de",1146,"24f2f",343,"1ddb4",344,"aa88b",345,"fd00b",346,"7551e",1150,"2162d",347,"174ca",1154,"36613",348,"e28d4",349,"955e2",1157,"f9593",350,"18895",351,"b98a7",352,"2f215",353,"67aff",354,"8452c",1162,"2371d",355,"8d985",356,"8377f",357,"0a8e7",1165,"1ccca",1169,"3c3e1",358,"a714a",1171,"c195e",1174,"c6eec",359,"82eb5",360,"6c8d2",361,"c3336",362,"eb343",1176,"ad126",363,"6c442",364,"8eaca",365,"0fecc",366,"f48cb",367,"adaeb",1180,"215ab",1182,"9e7e1",368,"f6de6",1183,"2e4e1",369,"f448d",1184,"51067",1185,"46847",370,"62ae9",1190,"69ad7",1191,"f8fbf",1192,"4bc40",371,"99eb0",1194,"4947d",372,"9fea4",373,"7cb00",374,"f3ef7",375,"0831e"]}}