{"__type__":"sp.SkeletonData","_name":"jinyu","_skeletonJson":{"skeleton":{"hash":"B3EBCMKai/k14cJmYmMHCj1zKEk","spine":"3.7.94","width":549,"height":452},"bones":[{"name":"root"},{"name":"bone","parent":"root","x":-330.13,"y":177.63},{"name":"st2","parent":"bone","x":356.65,"y":-79.41},{"name":"st3","parent":"st2","length":44.81,"rotation":98.19,"x":-1.68,"y":10.75},{"name":"st4","parent":"st3","length":53.25,"rotation":3.83,"x":47.57,"y":0.28},{"name":"st5","parent":"st4","length":50.45,"rotation":3.04,"x":56.93,"y":-0.44},{"name":"st6","parent":"st5","length":32.65,"rotation":8.61,"x":50.39,"y":1.06},{"name":"st7","parent":"st6","length":27.03,"rotation":11.21,"x":32.65},{"name":"st8","parent":"st7","length":37.75,"rotation":34.27,"x":27.03},{"name":"st9","parent":"st8","length":34.94,"rotation":20.85,"x":37.75},{"name":"l","parent":"st2","length":72.5,"rotation":67.95,"x":69.55,"y":102.14},{"name":"pa2","parent":"root","x":187.13,"y":84.43},{"name":"pa1","parent":"root","x":-155.85,"y":54.61},{"name":"shuidi1","parent":"root","length":45.08,"rotation":97.12,"x":185.73,"y":199.07},{"name":"shuidi2","parent":"root","length":14.92,"rotation":88.21,"x":209.96,"y":200.47},{"name":"shuidi3","parent":"root","length":22.74,"rotation":135.83,"x":-185.67,"y":91.42},{"name":"shuidi4","parent":"root","length":56.08,"rotation":154.93,"x":-236,"y":73.72},{"name":"shuibo1","parent":"root","x":-52.86,"y":43.43},{"name":"shuibo2","parent":"root","x":158.7,"y":31.78},{"name":"shuibo8","parent":"root","x":163.83,"y":0.55},{"name":"shuibo7","parent":"root","x":-153.52,"y":5.68},{"name":"shuibo3","parent":"root","x":-208.04,"y":0.55},{"name":"shuibo5","parent":"root","x":-128.82,"y":-30.2},{"name":"shuibo6","parent":"root","x":25.89,"y":-46.05},{"name":"shuibo4","parent":"root","x":200.64,"y":-13.43},{"name":"r2","parent":"st2","length":70.06,"rotation":130.68,"x":-117.13,"y":72.42}],"slots":[{"name":"ty","bone":"root","attachment":"ty"},{"name":"shuibo8","bone":"shuibo8","attachment":"shuibo8"},{"name":"shuibo7","bone":"shuibo7","attachment":"shuibo7"},{"name":"shuibo6","bone":"shuibo6","attachment":"shuibo6"},{"name":"shuibo5","bone":"shuibo5","attachment":"shuibo5"},{"name":"shuibo4","bone":"shuibo4","attachment":"shuibo4"},{"name":"shuibo3","bone":"shuibo3","attachment":"shuibo3"},{"name":"shuibo2","bone":"shuibo2","attachment":"shuibo2"},{"name":"shuibo1","bone":"shuibo1","attachment":"shuibo1"},{"name":"pa2","bone":"pa2","attachment":"pa2"},{"name":"shuidi2","bone":"shuidi2","attachment":"shuidi2"},{"name":"shuidi1","bone":"shuidi1","attachment":"shuidi1"},{"name":"shuidi4","bone":"shuidi4","attachment":"shuidi4"},{"name":"shuidi3","bone":"shuidi3","attachment":"shuidi3"},{"name":"pa1","bone":"pa1","attachment":"pa1"},{"name":"st2","bone":"st2","attachment":"st2"},{"name":"l2","bone":"l","attachment":"l2"},{"name":"r2","bone":"r2","attachment":"r2"},{"name":"st1","bone":"st2","attachment":"st1"},{"name":"l","bone":"l","attachment":"l"},{"name":"r","bone":"r2","attachment":"r"}],"skins":{"default":{"l":{"l":{"x":38.74,"y":-4.26,"rotation":-67.95,"width":54,"height":79}},"l2":{"l2":{"x":39.4,"y":-4.54,"rotation":-67.95,"width":115,"height":138}},"pa1":{"pa1":{"x":-0.09,"y":-6.94,"width":143,"height":127}},"pa2":{"pa2":{"x":8.44,"y":13.24,"width":128,"height":177}},"r":{"r":{"x":37.5,"y":-0.15,"rotation":-130.68,"width":77,"height":82}},"r2":{"r2":{"x":39.5,"y":1.42,"rotation":-130.68,"width":134,"height":143}},"shuibo1":{"shuibo1":{"x":-5.57,"y":-0.25,"width":62,"height":6}},"shuibo2":{"shuibo2":{"x":0.36,"y":-3.1,"width":29,"height":15}},"shuibo3":{"shuibo3":{"x":13.6,"y":1.62,"width":32,"height":34}},"shuibo4":{"shuibo4":{"x":-2.58,"y":1.1,"width":29,"height":21}},"shuibo5":{"shuibo5":{"x":4.88,"y":-1.12,"width":67,"height":17}},"shuibo6":{"shuibo6":{"x":-3.33,"y":4.22,"width":190,"height":16}},"shuibo7":{"shuibo7":{"x":51.08,"y":0.49,"width":114,"height":50}},"shuibo8":{"shuibo8":{"x":-72.76,"y":0.12,"width":175,"height":57}},"shuidi1":{"shuidi1":{"x":20.78,"y":0.09,"rotation":-97.12,"width":25,"height":61}},"shuidi2":{"shuidi2":{"x":4.74,"y":-0.95,"rotation":-88.21,"width":11,"height":18}},"shuidi3":{"shuidi3":{"x":8.87,"y":1.3,"rotation":-135.83,"width":21,"height":23}},"shuidi4":{"shuidi4":{"x":27.2,"y":-0.48,"rotation":-154.93,"width":58,"height":31}},"st1":{"st1":{"type":"mesh","uvs":[0.03908,0,0,0.01863,0,0.11546,0,0.1655,0,0.18785,0.02423,0.20233,0.03908,0.22857,0.02423,0.28015,0.04593,0.32449,0.10304,0.34712,0.16244,0.34712,0.20013,0.3254,0.21269,0.27201,0.21457,0.31721,0.21612,0.35436,0.18185,0.50186,0.1453,0.65027,0.14873,0.76158,0.21612,0.88103,0.26524,0.92627,0.37375,0.97966,0.45256,0.99776,0.65245,1,0.84777,0.96338,0.96656,0.8584,1,0.77877,1,0.53806,0.88889,0.37698,0.67758,0.21952,0.52967,0.16979,0.44342,0.14079,0.26638,0.12451,0.24924,0.11365,0.19442,0.04487,0.14188,0.00777,0.09619,0,0.52097,0.39922,0.45881,0.29604,0.39369,0.21553,0.23583,0.17019],"triangles":[2,1,0,35,3,2,39,33,32,39,32,31,3,35,34,34,33,3,35,2,0,33,39,3,5,4,3,39,5,3,39,31,38,6,5,39,12,6,39,9,8,6,6,12,9,7,6,8,12,10,9,38,31,30,38,30,29,37,38,29,18,17,36,12,39,38,11,10,12,13,12,38,36,28,27,37,29,28,37,13,38,37,14,13,36,37,28,36,15,14,36,14,37,36,17,16,15,36,16,19,18,36,36,26,25,20,19,36,36,27,26,24,23,25,36,21,20,25,23,22,36,25,22,36,22,21],"vertices":[1,8,95.82,-28.69,1,1,8,102.15,-20.62,1,1,8,92.37,5.08,1,1,8,87.31,18.36,1,1,8,85.05,24.29,1,1,8,78.49,26.2,1,3,6,87.35,79.52,0.00008,7,69.12,67.36,0.00013,8,72.71,31.97,0.99979,1,8,70.62,46.85,1,3,6,61.78,89.04,0.00013,7,45.89,81.68,0.00101,8,61.57,56.88,0.99886,4,4,140.77,91.73,0.00005,6,50.74,79.85,0.0036,7,33.27,74.81,0.00623,8,47.28,58.31,0.99012,4,4,137.99,78.66,0.00058,6,45.37,67.61,0.01107,7,25.63,63.84,0.01531,8,34.79,53.55,0.97304,1,6,47.62,57.36,1,1,6,60.37,48.69,1,4,4,143.85,65.42,0.04917,6,48.44,53.45,0.32506,7,25.89,49.36,0.21714,8,26.85,41.44,0.40864,1,6,38.64,57.37,1,6,3,135.87,89.92,0.01848,4,94.09,83.54,0.35928,5,41.56,81.89,0.00691,6,3.37,81.25,0.53739,7,-12.93,85.39,0.06138,8,15.06,93.06,0.01656,5,3,95.33,104.06,0.10354,4,54.58,100.36,0.57225,5,2.99,100.78,0.00011,6,-31.94,105.69,0.31377,7,-42.8,116.24,0.01034,5,2,-117.49,58.67,0.00143,3,63.93,107.8,0.21018,4,23.5,106.19,0.58205,6,-61.2,117.68,0.20459,7,-69.18,133.68,0.00176,4,2,-102.33,24.74,0.0164,3,28.19,97.63,0.38941,4,-12.83,98.42,0.47836,6,-98.36,117.4,0.11582,4,2,-91.28,11.89,0.03193,3,13.9,88.52,0.47325,4,-27.7,90.29,0.40698,6,-114.56,112.44,0.08784,4,2,-66.86,-3.27,0.09305,3,-4.59,66.51,0.61452,4,-47.62,69.57,0.24608,6,-138.25,96.16,0.04634,4,2,-49.13,-8.41,0.17042,3,-12.21,49.69,0.6575,4,-56.34,53.29,0.14518,6,-150.07,81.98,0.0269,3,2,-4.15,-9.04,0.99852,4,-66.33,9.44,0.00099,6,-168.71,41.04,0.0005,3,2,39.79,1.36,0.30686,3,-15.21,-39.71,0.68805,5,-123.93,-28.75,0.00508,4,2,66.52,31.17,0.08137,3,10.49,-70.41,0.82233,4,-41.71,-68.06,0.03953,5,-102.09,-62.3,0.05677,4,2,74.05,53.78,0.03308,3,31.81,-81.08,0.74019,4,-21.16,-80.13,0.10248,5,-82.2,-75.44,0.12424,3,3,99.47,-90.82,0.24841,4,45.71,-94.37,0.16807,5,-16.18,-93.2,0.58352,4,3,148.31,-72.6,0.05766,4,95.66,-79.44,0.03277,5,34.49,-80.94,0.89945,7,-74.79,-65.4,0.01012,1,6,32.04,-53.1,1,4,5,112.3,-18.17,0.11711,6,58.33,-28.29,0.01804,7,19.7,-32.74,0.8232,8,-24.5,-22.93,0.04166,3,5,125.29,-1.57,0.01259,7,37.55,-21.53,0.53405,8,-3.43,-23.71,0.45336,1,8,35.44,-13.85,1,1,8,40.14,-15.36,1,1,8,58.62,-29.23,1,1,8,73.42,-34.86,1,1,8,83.81,-33.27,1,1,6,-0.56,-0.34,1,1,6,31.89,0.71,1,1,7,26.53,-0.21,1,3,4,183.69,52.05,0.00004,6,84.77,32.32,0.00047,8,37.25,0.72,0.99949],"hull":36}},"st2":{"st2":{"type":"mesh","uvs":[0.1731,0,0.08377,0.01349,0.00874,0.0424,0,0.15906,0.02899,0.38341,0.08496,0.46018,0.11618,0.45894,0.12596,0.45855,0.13498,0.45819,0.13022,0.48312,0.09449,0.55591,0.09514,0.56299,0.11116,0.73837,0.17071,0.88794,0.27195,0.96372,0.43273,1,0.68759,1,0.85671,0.96671,1,0.83908,1,0.58183,1,0.48312,0.94961,0.40036,0.87239,0.30676,0.79002,0.20692,0.69876,0.16264,0.60304,0.11619,0.43511,0.11918,0.36029,0.07982,0.35566,0.07738,0.21716,0.00451,0.5149,0.41232,0.46529,0.32952,0.41373,0.26678,0.28654,0.22361,0.26351,0.34262,0.3045,0.19714,0.29262,0.22095,0.26873,0.34443],"triangles":[28,33,29,35,28,27,35,27,26,28,35,33,36,33,35,32,35,26,36,35,32,32,26,25,32,25,24,31,32,24,31,24,23,29,33,0,37,34,33,37,33,36,1,3,2,33,4,3,33,1,0,1,33,3,34,4,33,30,31,23,30,23,22,4,34,6,37,7,34,37,36,32,8,37,32,37,8,7,7,6,34,5,4,6,31,9,8,31,8,32,11,10,9,30,11,9,30,9,31,21,20,19,12,11,30,19,30,21,14,13,12,30,14,12,16,30,19,21,30,22,18,17,19,15,14,30,30,16,15,19,17,16],"vertices":[2,8,96.75,-59.37,0.03284,9,33.99,-76.48,0.96716,2,8,119.13,-45.88,0.00235,9,59.72,-71.84,0.99765,1,9,81.33,-61.9,1,3,4,223.32,129.56,0.0002,6,139.22,100.23,0.00063,9,83.84,-21.77,0.99917,6,3,184.16,147.19,0.00013,4,146.1,137.46,0.08307,6,65.18,123.56,0.1719,7,55.94,114.88,0.01651,8,88.58,78.65,0.00221,9,75.49,55.41,0.72617,6,3,155.72,135,0.00283,4,116.91,127.19,0.14687,6,34.52,119.4,0.26351,7,25.05,116.75,0.02645,8,64.11,97.6,0.01141,9,59.37,81.82,0.54892,6,3,154.86,126.04,0.00475,4,115.46,118.31,0.16805,6,31.31,110.99,0.28588,7,20.26,109.13,0.02846,8,55.86,94,0.01445,9,50.38,81.39,0.49841,6,3,154.6,123.23,0.00618,4,115,115.53,0.18224,6,30.3,108.36,0.29942,7,18.76,106.74,0.02939,8,53.28,92.87,0.01599,9,47.57,81.26,0.46677,6,3,154.35,120.64,0.00864,4,114.58,112.96,0.20528,6,29.37,105.93,0.31932,7,17.38,104.54,0.03013,8,50.89,91.83,0.01743,9,44.97,81.13,0.41921,6,3,146.06,123.22,0.01844,4,106.48,116.09,0.27686,6,22.07,110.62,0.35818,7,11.13,110.57,0.02632,8,49.12,100.33,0.01439,9,46.34,89.71,0.30581,6,3,122.74,136.97,0.04708,4,84.13,131.37,0.38851,6,3.26,130.1,0.36554,7,-3.53,133.33,0.01418,8,49.82,127.39,0.00492,9,56.63,114.75,0.17976,6,3,120.3,137.13,0.04931,4,81.71,131.69,0.39356,6,0.96,130.91,0.36412,7,-5.64,134.57,0.01359,8,48.78,129.6,0.00455,9,56.44,117.19,0.17488,5,3,59.93,141.16,0.19153,4,21.74,139.74,0.4809,6,-56.16,150.89,0.26024,7,-57.77,165.28,0.0013,9,51.83,177.52,0.06602,4,3,6.56,131.52,0.39877,4,-32.15,133.68,0.409,6,-110.16,155.83,0.16536,9,34.68,228.97,0.02687,4,3,-23.4,106.37,0.5578,4,-63.72,110.59,0.3141,6,-145.74,139.59,0.11432,9,5.52,255.03,0.01378,4,3,-42.35,62.32,0.79881,4,-85.57,67.9,0.14607,6,-175.76,102.19,0.05158,9,-40.78,267.52,0.00354,2,3,-52.81,-10.33,0.99962,6,-205.22,34.96,0.00038,3,3,-48.41,-60.18,0.96435,4,-99.8,-53.91,0.03211,5,-159.34,-45.1,0.00354,3,3,-10.83,-107.28,0.76512,4,-65.45,-103.42,0.17845,5,-127.66,-96.35,0.05644,4,3,76.76,-119.88,0.20287,4,21.1,-121.85,0.37837,5,-42.21,-119.34,0.40583,7,-159.96,-75.52,0.01293,4,3,110.37,-124.72,0.08294,4,54.32,-128.92,0.31633,5,-9.42,-128.16,0.56365,7,-132.1,-94.94,0.03709,4,3,140.61,-114.41,0.0295,4,85.18,-120.65,0.22329,5,21.85,-121.54,0.66828,7,-100.45,-99.31,0.07892,4,3,175.65,-96.99,0.00254,4,121.31,-105.6,0.09599,5,58.72,-108.42,0.71799,7,-61.32,-99.47,0.18348,4,4,159.84,-89.55,0.02313,5,98.04,-94.44,0.62672,7,-19.58,-99.65,0.34661,8,-94.63,-56.1,0.00353,4,4,180.21,-67.02,0.00509,5,119.58,-73.01,0.48327,7,7.95,-86.8,0.4758,8,-64.64,-60.98,0.03584,4,4,201.58,-43.38,0.00006,5,142.17,-50.54,0.30386,7,36.82,-73.32,0.55766,8,-33.19,-66.1,0.13843,4,5,153.74,-3.57,0.05742,7,63.63,-33.05,0.24063,8,11.63,-47.92,0.59603,9,-41.47,-35.49,0.10591,4,5,172.41,13.72,0.00443,7,87.06,-23.12,0.02713,8,36.59,-52.91,0.48973,9,-19.92,-49.03,0.47871,4,5,173.57,14.79,0.00349,7,88.51,-22.5,0.02244,8,38.13,-53.22,0.47077,9,-18.59,-49.86,0.5033,2,8,84.33,-62.44,0.0633,9,21.3,-74.93,0.9367,2,5,50.39,0.43,0.59964,6,-0.09,-0.62,0.40036,5,4,138.06,10.7,0.00043,6,31.73,1.03,0.59958,7,-0.7,1.19,0.39752,8,-22.25,16.6,0.00176,9,-50.16,36.87,0.00071,5,4,162.27,20.73,0.00021,6,57.46,5.97,0.00228,7,25.5,1.03,0.63803,8,-0.69,1.72,0.35899,9,-35.31,15.29,0.0005,5,4,184.42,53.47,0.00004,6,85.76,33.56,0.0002,7,58.63,22.59,0.00013,8,38.83,0.88,0.35857,9,1.32,0.44,0.64106,6,3,188.43,78.34,0.00001,4,145.76,68.48,0.06503,6,50.93,56.07,0.23544,7,28.83,51.44,0.10334,8,30.46,41.5,0.18224,9,7.95,41.38,0.41394,2,8,37.24,-9.47,0.53024,9,-3.85,-8.67,0.46976,2,8,37.52,-0.6,0.54088,9,-0.43,-0.48,0.45912,6,3,187.59,76.94,0.00002,4,144.83,67.14,0.06583,6,49.75,54.94,0.24416,7,27.46,50.57,0.11054,8,28.83,41.55,0.18826,9,6.45,42,0.39119],"hull":30}},"ty":{"ty":{"x":10.57,"y":6.68,"width":336,"height":79}}}},"animations":{"jinyu":{"slots":{"pa1":{"color":[{"time":2.3333,"color":"ffffffff"},{"time":2.5,"color":"ffffff00"}],"attachment":[{"time":0,"name":null},{"time":1.9667,"name":"pa1"}]},"pa2":{"color":[{"time":2.3667,"color":"ffffffff"},{"time":2.5,"color":"ffffff00"}],"attachment":[{"time":0,"name":null},{"time":1.9667,"name":"pa2"}]},"shuibo1":{"color":[{"time":0,"color":"ffffff00","curve":[0.25,0,0.75,1]},{"time":0.5,"color":"ffffffff","curve":"stepped"},{"time":2.5,"color":"ffffffff","curve":[0.25,0,0.75,1]},{"time":3,"color":"ffffff00","curve":"stepped"},{"time":3.6667,"color":"ffffff00"}]},"shuibo2":{"color":[{"time":0,"color":"ffffffff","curve":"stepped"},{"time":0.8333,"color":"ffffffff","curve":"stepped"},{"time":1.3667,"color":"ffffffff","curve":[0.25,0,0.75,1]},{"time":1.8,"color":"ffffff00","curve":"stepped"},{"time":2.3,"color":"ffffff00","curve":[0.25,0,0.75,1]},{"time":2.3333,"color":"ffffffff","curve":"stepped"},{"time":3.1,"color":"ffffffff","curve":"stepped"},{"time":3.7,"color":"ffffffff","curve":[0.25,0,0.75,1]},{"time":4.1333,"color":"ffffff00"}]},"shuibo3":{"color":[{"time":2.9333,"color":"ffffffff"},{"time":3.3333,"color":"ffffff00"}],"attachment":[{"time":0,"name":null},{"time":1.3,"name":"shuibo3"}]},"shuibo4":{"color":[{"time":0,"color":"ffffff00","curve":[0.25,0,0.75,1]},{"time":0.5333,"color":"ffffffff","curve":"stepped"},{"time":1.3333,"color":"ffffffff","curve":[0.25,0,0.75,1]},{"time":1.8667,"color":"ffffff00"}]},"shuibo5":{"color":[{"time":0,"color":"ffffff00","curve":[0.25,0,0.75,1]},{"time":0.5,"color":"ffffffff","curve":"stepped"},{"time":1.6667,"color":"ffffffff","curve":[0.25,0,0.75,1]},{"time":2.1667,"color":"ffffff00"}]},"shuibo6":{"color":[{"time":0,"color":"ffffff00","curve":[0.25,0,0.75,1]},{"time":0.8333,"color":"dbdbdbff","curve":"stepped"},{"time":2.8667,"color":"dbdbdbff","curve":[0.25,0,0.75,1]},{"time":3.3667,"color":"ffffff00"}]},"shuibo7":{"color":[{"time":0,"color":"ffffff00","curve":[0.25,0,0.75,1]},{"time":0.8333,"color":"ffffffff","curve":"stepped"},{"time":2.0333,"color":"ffffffff","curve":[0.25,0,0.75,1]},{"time":3.0667,"color":"ffffff00"}]},"shuibo8":{"color":[{"time":0.8667,"color":"ffffff00","curve":[0.25,0,0.75,1]},{"time":2,"color":"ffffffff","curve":"stepped"},{"time":3.1667,"color":"ffffffff","curve":[0.25,0,0.75,1]},{"time":4.1333,"color":"ffffff00"}],"attachment":[{"time":0,"name":null},{"time":0.8667,"name":"shuibo8"}]},"shuidi1":{"color":[{"time":2.3667,"color":"ffffffff"},{"time":2.5,"color":"ffffff00"}],"attachment":[{"time":0,"name":null},{"time":2.0667,"name":"shuidi1"}]},"shuidi2":{"color":[{"time":2.6,"color":"ffffffff"},{"time":2.8,"color":"ffffff00"}],"attachment":[{"time":0,"name":null},{"time":2.4667,"name":"shuidi2"}]},"shuidi3":{"color":[{"time":2.6333,"color":"ffffffff"},{"time":2.8,"color":"ffffff00"}],"attachment":[{"time":0,"name":null},{"time":2.3333,"name":"shuidi3"}]},"shuidi4":{"color":[{"time":2.7667,"color":"ffffffff"},{"time":3,"color":"ffffff00"}],"attachment":[{"time":0,"name":null},{"time":2.4333,"name":"shuidi4"}]}},"bones":{"shuibo8":{"translate":[{"time":0.8667,"x":-159.24,"y":0,"curve":[0.25,0,0.75,1]},{"time":4.1333,"x":0,"y":0}],"scale":[{"time":0.8667,"x":0,"y":0,"curve":[0.25,0,0.75,1]},{"time":4.1333,"x":1,"y":1}]},"shuibo7":{"translate":[{"time":0,"x":139.95,"y":0,"curve":[0.25,0,0.75,1]},{"time":3.0667,"x":0,"y":0}],"scale":[{"time":0,"x":0,"y":0,"curve":[0.25,0,0.75,1]},{"time":3.0667,"x":1,"y":1}]},"shuibo6":{"translate":[{"time":0,"x":0,"y":51.24,"curve":[0.25,0,0.75,1]},{"time":3.3667,"x":0,"y":0}],"scale":[{"time":0,"x":0,"y":0,"curve":[0.25,0,0.75,1]},{"time":3.3667,"x":1,"y":1}]},"shuibo5":{"translate":[{"time":0,"x":126.18,"y":29.75,"curve":[0.25,0,0.75,1]},{"time":2.1667,"x":0,"y":0}],"scale":[{"time":0,"x":1,"y":1}]},"shuibo4":{"translate":[{"time":0,"x":-205.52,"y":15.43,"curve":[0.25,0,0.75,1]},{"time":1.8667,"x":0,"y":0}]},"shuibo3":{"translate":[{"time":0,"x":0,"y":0},{"time":1.3,"x":192.64,"y":0},{"time":3.3333,"x":0,"y":0}],"scale":[{"time":1.3,"x":0,"y":0},{"time":3.3333,"x":1,"y":1}]},"shuibo2":{"translate":[{"time":0,"x":-154.28,"y":-28.1,"curve":[0.25,0,0.75,1]},{"time":1.8,"x":0,"y":0,"curve":"stepped"},{"time":2.3,"x":0,"y":0,"curve":[0.25,0,0.75,1]},{"time":2.3333,"x":-154.28,"y":-28.1,"curve":[0.25,0,0.75,1]},{"time":4.1333,"x":0,"y":0}],"scale":[{"time":0,"x":0,"y":0,"curve":[0.25,0,0.75,1]},{"time":1.8,"x":1,"y":1,"curve":"stepped"},{"time":2.3,"x":1,"y":1,"curve":[0.25,0,0.75,1]},{"time":2.3333,"x":0,"y":0,"curve":[0.25,0,0.75,1]},{"time":4.1333,"x":1,"y":1}]},"shuibo1":{"translate":[{"time":0,"x":48.49,"y":-39.12,"curve":[0.25,0,0.75,1]},{"time":3,"x":0,"y":0,"curve":"stepped"},{"time":3.6667,"x":0,"y":0}],"scale":[{"time":0,"x":0,"y":0,"curve":[0.25,0,0.75,1]},{"time":3,"x":1,"y":1}]},"bone":{"translate":[{"time":0,"x":0,"y":0},{"time":0.7,"x":0,"y":-7.28},{"time":1.2333,"x":0,"y":0},{"time":1.6,"x":0,"y":-4.16},{"time":2,"x":-1.32,"y":-68.44},{"time":2.4667,"x":0,"y":-4.16},{"time":3.2667,"x":0,"y":0},{"time":3.6667,"x":0,"y":-7.28},{"time":4.1333,"x":0,"y":0}]},"pa1":{"rotate":[{"time":0,"angle":0}],"translate":[{"time":1.9667,"x":147.63,"y":-59.58},{"time":2.5,"x":0,"y":0}],"scale":[{"time":1.9667,"x":0,"y":0},{"time":2.5,"x":1,"y":1}]},"st9":{"rotate":[{"time":0,"angle":0},{"time":0.3333,"angle":1.28},{"time":0.7,"angle":0},{"time":1.0333,"angle":1.28},{"time":1.3667,"angle":0},{"time":1.7333,"angle":1.28},{"time":2.0667,"angle":0},{"time":2.4,"angle":1.28},{"time":2.7667,"angle":0},{"time":3.1,"angle":1.28},{"time":3.4333,"angle":0},{"time":3.8,"angle":1.28},{"time":4.1333,"angle":0}]},"st8":{"rotate":[{"time":0,"angle":0},{"time":0.3333,"angle":1.28},{"time":0.7,"angle":0},{"time":1.0333,"angle":1.28},{"time":1.3667,"angle":0},{"time":1.7333,"angle":1.28},{"time":2.0667,"angle":0},{"time":2.4,"angle":1.28},{"time":2.7667,"angle":0},{"time":3.1,"angle":1.28},{"time":3.4333,"angle":0},{"time":3.8,"angle":1.28},{"time":4.1333,"angle":0}]},"st7":{"rotate":[{"time":0,"angle":0},{"time":0.3333,"angle":1.28},{"time":0.7,"angle":0},{"time":1.0333,"angle":1.28},{"time":1.3667,"angle":0},{"time":1.7333,"angle":1.28},{"time":2.0667,"angle":0},{"time":2.4,"angle":1.28},{"time":2.7667,"angle":0},{"time":3.1,"angle":1.28},{"time":3.4333,"angle":0},{"time":3.8,"angle":1.28},{"time":4.1333,"angle":0}]},"st6":{"rotate":[{"time":0,"angle":0},{"time":0.3333,"angle":1.28},{"time":0.7,"angle":0},{"time":1.0333,"angle":1.28},{"time":1.3667,"angle":0},{"time":1.7333,"angle":1.28},{"time":2.0667,"angle":0},{"time":2.4,"angle":1.28},{"time":2.7667,"angle":0},{"time":3.1,"angle":1.28},{"time":3.4333,"angle":0},{"time":3.8,"angle":1.28},{"time":4.1333,"angle":0}]},"st5":{"rotate":[{"time":0,"angle":0},{"time":0.3333,"angle":1.28},{"time":0.7,"angle":0},{"time":1.0333,"angle":1.28},{"time":1.3667,"angle":0},{"time":1.7333,"angle":1.28},{"time":2.0667,"angle":0},{"time":2.4,"angle":1.28},{"time":2.7667,"angle":0},{"time":3.1,"angle":1.28},{"time":3.4333,"angle":0},{"time":3.8,"angle":1.28},{"time":4.1333,"angle":0}]},"st3":{"rotate":[{"time":0,"angle":0},{"time":0.3333,"angle":1.28},{"time":0.7,"angle":0},{"time":1.0333,"angle":1.28},{"time":1.3667,"angle":0},{"time":1.7333,"angle":1.28},{"time":2.0667,"angle":0},{"time":2.4,"angle":1.28},{"time":2.7667,"angle":0},{"time":3.1,"angle":1.28},{"time":3.4333,"angle":0},{"time":3.8,"angle":1.28},{"time":4.1333,"angle":0}]},"st4":{"rotate":[{"time":0,"angle":0,"curve":"stepped"},{"time":0.3333,"angle":0,"curve":"stepped"},{"time":0.7,"angle":0,"curve":"stepped"},{"time":1.0333,"angle":0,"curve":"stepped"},{"time":1.3667,"angle":0,"curve":"stepped"},{"time":1.7333,"angle":0,"curve":"stepped"},{"time":2.0667,"angle":0,"curve":"stepped"},{"time":2.4,"angle":0,"curve":"stepped"},{"time":2.7667,"angle":0,"curve":"stepped"},{"time":3.1,"angle":0,"curve":"stepped"},{"time":3.4333,"angle":0,"curve":"stepped"},{"time":3.8,"angle":0,"curve":"stepped"},{"time":4.1333,"angle":0}]},"l":{"rotate":[{"time":0,"angle":0},{"time":0.5,"angle":-14.27},{"time":1.0333,"angle":0},{"time":1.5333,"angle":-14.27},{"time":2,"angle":16.26},{"time":2.0667,"angle":0},{"time":2.5667,"angle":-14.27},{"time":3.1,"angle":0},{"time":3.6,"angle":-14.27},{"time":4.1333,"angle":0}]},"r2":{"rotate":[{"time":0,"angle":0},{"time":0.5,"angle":13.96},{"time":1.0333,"angle":0},{"time":1.5333,"angle":13.96},{"time":2.0333,"angle":-19.19},{"time":2.3,"angle":0},{"time":2.5667,"angle":13.96},{"time":3.1,"angle":0},{"time":3.6,"angle":13.96},{"time":4.1333,"angle":0}]},"pa2":{"translate":[{"time":1.9667,"x":-122.47,"y":-76.79},{"time":2.5,"x":0,"y":0}],"scale":[{"time":1.9667,"x":0,"y":0},{"time":2.5,"x":1,"y":1}]},"shuidi1":{"translate":[{"time":2.0667,"x":-16.55,"y":-105.26},{"time":2.5,"x":0,"y":0}],"scale":[{"time":2.0667,"x":0,"y":0},{"time":2.5,"x":1,"y":1}]},"shuidi2":{"translate":[{"time":2.4667,"x":-17.21,"y":-68.19},{"time":2.8,"x":0,"y":0}],"scale":[{"time":2.4667,"x":0,"y":0},{"time":2.8,"x":1,"y":1}]},"shuidi4":{"translate":[{"time":2.4333,"x":95.99,"y":-19.86},{"time":3,"x":0,"y":0}],"scale":[{"time":2.4333,"x":0,"y":0},{"time":3,"x":1,"y":1}]},"shuidi3":{"translate":[{"time":2.3333,"x":75.47,"y":-35.09},{"time":2.8,"x":0,"y":0}],"scale":[{"time":2.3333,"x":0,"y":0},{"time":2.8,"x":1,"y":1}]}}}}},"_atlasText":"\r\njinyu.png\r\nsize: 1024,512\r\nformat: RGBA8888\r\nfilter: Linear,Linear\r\nrepeat: none\r\nl\r\n  rotate: false\r\n  xy: 871, 381\r\n  size: 54, 79\r\n  orig: 54, 79\r\n  offset: 0, 0\r\n  index: -1\r\nl2\r\n  rotate: false\r\n  xy: 136, 28\r\n  size: 115, 138\r\n  orig: 115, 138\r\n  offset: 0, 0\r\n  index: -1\r\npa1\r\n  rotate: false\r\n  xy: 647, 304\r\n  size: 143, 127\r\n  orig: 143, 127\r\n  offset: 0, 0\r\n  index: -1\r\npa2\r\n  rotate: false\r\n  xy: 517, 254\r\n  size: 128, 177\r\n  orig: 128, 177\r\n  offset: 0, 0\r\n  index: -1\r\nr\r\n  rotate: false\r\n  xy: 792, 349\r\n  size: 77, 82\r\n  orig: 77, 82\r\n  offset: 0, 0\r\n  index: -1\r\nr2\r\n  rotate: false\r\n  xy: 0, 23\r\n  size: 134, 143\r\n  orig: 134, 143\r\n  offset: 0, 0\r\n  index: -1\r\nshuibo1\r\n  rotate: false\r\n  xy: 792, 341\r\n  size: 62, 6\r\n  orig: 62, 6\r\n  offset: 0, 0\r\n  index: -1\r\nshuibo2\r\n  rotate: false\r\n  xy: 971, 497\r\n  size: 29, 15\r\n  orig: 29, 15\r\n  offset: 0, 0\r\n  index: -1\r\nshuibo3\r\n  rotate: false\r\n  xy: 467, 192\r\n  size: 32, 34\r\n  orig: 32, 34\r\n  offset: 0, 0\r\n  index: -1\r\nshuibo4\r\n  rotate: false\r\n  xy: 0, 0\r\n  size: 29, 21\r\n  orig: 29, 21\r\n  offset: 0, 0\r\n  index: -1\r\nshuibo5\r\n  rotate: false\r\n  xy: 517, 235\r\n  size: 67, 17\r\n  orig: 67, 17\r\n  offset: 0, 0\r\n  index: -1\r\nshuibo6\r\n  rotate: false\r\n  xy: 290, 151\r\n  size: 190, 16\r\n  orig: 190, 16\r\n  offset: 0, 0\r\n  index: -1\r\nshuibo7\r\n  rotate: false\r\n  xy: 855, 462\r\n  size: 114, 50\r\n  orig: 114, 50\r\n  offset: 0, 0\r\n  index: -1\r\nshuibo8\r\n  rotate: false\r\n  xy: 290, 169\r\n  size: 175, 57\r\n  orig: 175, 57\r\n  offset: 0, 0\r\n  index: -1\r\nshuidi1\r\n  rotate: false\r\n  xy: 253, 105\r\n  size: 25, 61\r\n  orig: 25, 61\r\n  offset: 0, 0\r\n  index: -1\r\nshuidi2\r\n  rotate: false\r\n  xy: 855, 442\r\n  size: 11, 18\r\n  orig: 11, 18\r\n  offset: 0, 0\r\n  index: -1\r\nshuidi3\r\n  rotate: false\r\n  xy: 871, 356\r\n  size: 21, 23\r\n  orig: 21, 23\r\n  offset: 0, 0\r\n  index: -1\r\nshuidi4\r\n  rotate: false\r\n  xy: 647, 271\r\n  size: 58, 31\r\n  orig: 58, 31\r\n  offset: 0, 0\r\n  index: -1\r\nst1\r\n  rotate: false\r\n  xy: 290, 228\r\n  size: 225, 284\r\n  orig: 225, 284\r\n  offset: 0, 0\r\n  index: -1\r\nst2\r\n  rotate: false\r\n  xy: 0, 168\r\n  size: 288, 344\r\n  orig: 288, 344\r\n  offset: 0, 0\r\n  index: -1\r\nty\r\n  rotate: false\r\n  xy: 517, 433\r\n  size: 336, 79\r\n  orig: 336, 79\r\n  offset: 0, 0\r\n  index: -1\r\n","textures":[{"__uuid__":"a3v/J3eiFEK7ruPXFywGqf"}],"textureNames":["jinyu.png"]}