[{"__type__":"cc.SpriteFrame","content":{"name":"guanqia34","texture":"16KkZsT5xDYqJ9MVf7MqU6","rect":[1,1,1021,1477],"offset":[0.5,0],"originalSize":[1022,1479],"capInsets":[0,0,0,0]}},[{"__type__":"cc.Prefab","_name":"UIDerived73","data":{"__id__":1}},{"__type__":"cc.Node","_name":"UIDerived17","_children":[{"__type__":"cc.Node","_name":"bule_node","_parent":{"__id__":1},"_prefab":{"__type__":"cc.PrefabInfo","root":{"__id__":1},"asset":{"__uuid__":"8fmhGxH7pLkKL7OSwsWc8S"},"fileId":"3aYE3iPndNwrSuS3GBLwML"},"_trs":{"__type__":"TypedArray","ctor":"Float64Array","array":[0,0,0,0,0,0,1,1,1,1]}},{"__type__":"cc.Node","_name":"greenwater_node","_parent":{"__id__":1},"_prefab":{"__type__":"cc.PrefabInfo","root":{"__id__":1},"asset":{"__uuid__":"8fmhGxH7pLkKL7OSwsWc8S"},"fileId":"4cwajL0C1KCr5fvHjSfhGR"},"_trs":{"__type__":"TypedArray","ctor":"Float64Array","array":[0,0,0,0,0,0,1,1,1,1]}},{"__type__":"cc.Node","_name":"redwater_node","_parent":{"__id__":1},"_prefab":{"__type__":"cc.PrefabInfo","root":{"__id__":1},"asset":{"__uuid__":"8fmhGxH7pLkKL7OSwsWc8S"},"fileId":"a6FNa1/8BEXqZxzcpF8ZcB"},"_trs":{"__type__":"TypedArray","ctor":"Float64Array","array":[0,0,0,0,0,0,1,1,1,1]}},{"__id__":2},{"__id__":3},{"__id__":4},{"__type__":"cc.Node","_name":"redPos_node","_parent":{"__id__":1},"_prefab":{"__type__":"cc.PrefabInfo","root":{"__id__":1},"asset":{"__uuid__":"8fmhGxH7pLkKL7OSwsWc8S"},"fileId":"d1vE3fS6RLWb8D/WIIPTl2"},"_trs":{"__type__":"TypedArray","ctor":"Float64Array","array":[0,0,0,0,0,0,1,1,1,1]}},{"__type__":"cc.Node","_name":"greenPos_node","_parent":{"__id__":1},"_prefab":{"__type__":"cc.PrefabInfo","root":{"__id__":1},"asset":{"__uuid__":"8fmhGxH7pLkKL7OSwsWc8S"},"fileId":"7efQKV1rlOz5Ascs99qIIA"},"_trs":{"__type__":"TypedArray","ctor":"Float64Array","array":[0,0,0,0,0,0,1,1,1,1]}},{"__type__":"cc.Node","_name":"player","_parent":{"__id__":1},"_prefab":{"__type__":"cc.PrefabInfo","root":{"__id__":1},"asset":{"__uuid__":"8fmhGxH7pLkKL7OSwsWc8S"},"fileId":"68tv86MQBE9IQZYfaAoWKI"},"_contentSize":{"__type__":"cc.Size","width":240,"height":140},"_trs":{"__type__":"TypedArray","ctor":"Float64Array","array":[-306.584,-600.349,0,0,0,0,1,0.7,0.7,0.7]}},{"__id__":5},{"__id__":7}],"_components":[{"__type__":"cc.Sprite","node":{"__id__":1},"_materials":[{"__uuid__":"ecpdLyjvZBwrvm+cedCcQy"}],"_spriteFrame":{"__uuid__":"47lPa9bfdFa7O+v+2CBjDU"}},{"__type__":"cc.RigidBody","node":{"__id__":1},"_type":0},{"__type__":"cc.PhysicsPolygonCollider","node":{"__id__":1},"_friction":0,"points":[{"__type__":"cc.Vec2","x":-587,"y":-810},{"__type__":"cc.Vec2","x":1299,"y":-812},{"__type__":"cc.Vec2","x":1442,"y":-347},{"__type__":"cc.Vec2","x":701,"y":901},{"__type__":"cc.Vec2","x":675,"y":949},{"__type__":"cc.Vec2","x":176.5,"y":693.5},{"__type__":"cc.Vec2","x":209,"y":254},{"__type__":"cc.Vec2","x":310,"y":120},{"__type__":"cc.Vec2","x":509.6,"y":-28.8},{"__type__":"cc.Vec2","x":1371,"y":-355},{"__type__":"cc.Vec2","x":1174,"y":-698},{"__type__":"cc.Vec2","x":349,"y":-146},{"__type__":"cc.Vec2","x":158,"y":7},{"__type__":"cc.Vec2","x":36,"y":142},{"__type__":"cc.Vec2","x":-27,"y":239},{"__type__":"cc.Vec2","x":-38,"y":273},{"__type__":"cc.Vec2","x":-47.5,"y":328.6},{"__type__":"cc.Vec2","x":-62.8,"y":368.6},{"__type__":"cc.Vec2","x":-82,"y":382},{"__type__":"cc.Vec2","x":-103,"y":379},{"__type__":"cc.Vec2","x":-118.4,"y":364.7},{"__type__":"cc.Vec2","x":-130.9,"y":337.1},{"__type__":"cc.Vec2","x":-136.5,"y":287.2},{"__type__":"cc.Vec2","x":-56.5,"y":-344.9},{"__type__":"cc.Vec2","x":48,"y":-338.2},{"__type__":"cc.Vec2","x":114.1,"y":-336.1},{"__type__":"cc.Vec2","x":178.3,"y":-339.5},{"__type__":"cc.Vec2","x":256.9,"y":-359.2},{"__type__":"cc.Vec2","x":312,"y":-400.1},{"__type__":"cc.Vec2","x":336,"y":-465.9},{"__type__":"cc.Vec2","x":342.4,"y":-544.9},{"__type__":"cc.Vec2","x":332,"y":-606.8},{"__type__":"cc.Vec2","x":307.6,"y":-654.4},{"__type__":"cc.Vec2","x":266.1,"y":-680.6},{"__type__":"cc.Vec2","x":193.3,"y":-696.4},{"__type__":"cc.Vec2","x":119.2,"y":-698.3},{"__type__":"cc.Vec2","x":62.2,"y":-690.3},{"__type__":"cc.Vec2","x":3.3,"y":-666.8},{"__type__":"cc.Vec2","x":-40.2,"y":-632},{"__type__":"cc.Vec2","x":-74.4,"y":-592.1},{"__type__":"cc.Vec2","x":-96,"y":-551},{"__type__":"cc.Vec2","x":-121.4,"y":-501.9},{"__type__":"cc.Vec2","x":-129,"y":-571},{"__type__":"cc.Vec2","x":-154,"y":-634},{"__type__":"cc.Vec2","x":-192,"y":-680},{"__type__":"cc.Vec2","x":-296,"y":-690},{"__type__":"cc.Vec2","x":-386,"y":-671},{"__type__":"cc.Vec2","x":-451,"y":-619},{"__type__":"cc.Vec2","x":-465,"y":-544},{"__type__":"cc.Vec2","x":-440,"y":-472},{"__type__":"cc.Vec2","x":-373,"y":-421},{"__type__":"cc.Vec2","x":-162.1,"y":-368.5},{"__type__":"cc.Vec2","x":-144.8,"y":-355.5},{"__type__":"cc.Vec2","x":-143.9,"y":-335.4},{"__type__":"cc.Vec2","x":-466,"y":696},{"__type__":"cc.Vec2","x":-137,"y":692},{"__type__":"cc.Vec2","x":-124,"y":521},{"__type__":"cc.Vec2","x":-110,"y":495},{"__type__":"cc.Vec2","x":-91,"y":495},{"__type__":"cc.Vec2","x":-70,"y":505},{"__type__":"cc.Vec2","x":-60,"y":518},{"__type__":"cc.Vec2","x":-54,"y":693},{"__type__":"cc.Vec2","x":175.4,"y":693.4},{"__type__":"cc.Vec2","x":669,"y":949},{"__type__":"cc.Vec2","x":-600,"y":908}]},{"__type__":"cc.PhysicsPolygonCollider","node":{"__id__":1},"_friction":0,"_offset":{"__type__":"cc.Vec2","x":116,"y":-484},"points":[{"__type__":"cc.Vec2","x":-28,"y":-79.7},{"__type__":"cc.Vec2","x":24.9,"y":-83.3},{"__type__":"cc.Vec2","x":73.8,"y":-79.5},{"__type__":"cc.Vec2","x":105.2,"y":-55},{"__type__":"cc.Vec2","x":111.8,"y":-27.5},{"__type__":"cc.Vec2","x":107.2,"y":-7.7},{"__type__":"cc.Vec2","x":87.7,"y":20.1},{"__type__":"cc.Vec2","x":30.2,"y":39.4},{"__type__":"cc.Vec2","x":-8.4,"y":42.1},{"__type__":"cc.Vec2","x":-45.8,"y":39.3},{"__type__":"cc.Vec2","x":-78.2,"y":28.5},{"__type__":"cc.Vec2","x":-91.7,"y":9.7},{"__type__":"cc.Vec2","x":-91.1,"y":-25.3},{"__type__":"cc.Vec2","x":-72.5,"y":-54.1}]},{"__type__":"1100eDGpRlLMYp5CrYQGpcQ","node":{"__id__":1}}],"_prefab":{"__type__":"cc.PrefabInfo","root":{"__id__":1},"asset":{"__uuid__":"8fmhGxH7pLkKL7OSwsWc8S"},"fileId":"2bGl6EtPZLWIsgnmkb/K1x"},"_contentSize":{"__type__":"cc.Size","width":1021,"height":1477},"_trs":{"__type__":"TypedArray","ctor":"Float64Array","array":[43.765,0,0,0,0,0,1,1,1,1]}},{"__type__":"cc.Node","_name":"black_node","_parent":{"__id__":1},"_components":[{"__type__":"6c0e8KZwr5L34azTYX21stu","node":{"__id__":2}}],"_prefab":{"__type__":"cc.PrefabInfo","root":{"__id__":1},"asset":{"__uuid__":"8fmhGxH7pLkKL7OSwsWc8S"},"fileId":"61BQvtSr1IJ4IkXil2ZAzz"},"_trs":{"__type__":"TypedArray","ctor":"Float64Array","array":[0,0,0,0,0,0,1,1,1,1]}},{"__type__":"cc.Node","_name":"gray_node","_parent":{"__id__":1},"_components":[{"__type__":"3400dF2d2tHLK8+En9baGXY","node":{"__id__":3},"grey_prefab":{"__uuid__":"13FEeEL1NMaK5TFGpFQpJr"}}],"_prefab":{"__type__":"cc.PrefabInfo","root":{"__id__":1},"asset":{"__uuid__":"8fmhGxH7pLkKL7OSwsWc8S"},"fileId":"fc6LVd0tFFgbbUTcdXTVor"},"_trs":{"__type__":"TypedArray","ctor":"Float64Array","array":[0,0,0,0,0,0,1,1,1,1]}},{"__type__":"cc.Node","_name":"bulePos_node","_parent":{"__id__":1},"_children":[{"__type__":"cc.Node","_name":"New Node","_parent":{"__id__":4},"_prefab":{"__type__":"cc.PrefabInfo","root":{"__id__":1},"asset":{"__uuid__":"8fmhGxH7pLkKL7OSwsWc8S"},"fileId":"c2oUWlr0tLKZwDcmA7lArC"},"_trs":{"__type__":"TypedArray","ctor":"Float64Array","array":[43.789,587.007,0,0,0,0,1,1,1,1]}}],"_prefab":{"__type__":"cc.PrefabInfo","root":{"__id__":1},"asset":{"__uuid__":"8fmhGxH7pLkKL7OSwsWc8S"},"fileId":"58gjvgJ2lBY762on9iab1J"},"_trs":{"__type__":"TypedArray","ctor":"Float64Array","array":[0,0,0,0,0,0,1,1,1,1]}},{"__type__":"cc.Node","_name":"zhenNode","_parent":{"__id__":1},"_children":[{"__id__":6}],"_prefab":{"__type__":"cc.PrefabInfo","root":{"__id__":1},"asset":{"__uuid__":"8fmhGxH7pLkKL7OSwsWc8S"},"fileId":"c9YOyQ60dH25HrvNJU7SnJ"},"_trs":{"__type__":"TypedArray","ctor":"Float64Array","array":[95,236.959,0,0,0,1,6.123233995736766e-17,1,1,1]},"_eulerAngles":{"__type__":"cc.Vec3","z":180},"_groupIndex":8,"groupIndex":8},{"__type__":"cc.Node","_name":"zhen","_parent":{"__id__":5},"_components":[{"__type__":"cc.Sprite","node":{"__id__":6},"_materials":[{"__uuid__":"ecpdLyjvZBwrvm+cedCcQy"}],"_spriteFrame":{"__uuid__":"81u1O4l2lM2IGXbUA/0aw7"},"_type":1,"_sizeMode":0},{"__type__":"cc.RigidBody","node":{"__id__":6},"_type":3,"_allowSleep":false,"_gravityScale":0,"_fixedRotation":true,"enabledContactListener":true,"bullet":true},{"__type__":"cc.PhysicsPolygonCollider","node":{"__id__":6},"tag":222,"_offset":{"__type__":"cc.Vec2","x":171.5},"points":[{"__type__":"cc.Vec2","x":227.5,"y":55.5},{"__type__":"cc.Vec2","x":214.5,"y":51.5},{"__type__":"cc.Vec2","x":206.5,"y":45.5},{"__type__":"cc.Vec2","x":192,"y":33.4},{"__type__":"cc.Vec2","x":188.8,"y":24.1},{"__type__":"cc.Vec2","x":184,"y":21.9},{"__type__":"cc.Vec2","x":-625,"y":20.2},{"__type__":"cc.Vec2","x":-643.1,"y":2.8},{"__type__":"cc.Vec2","x":-626.2,"y":-33.5},{"__type__":"cc.Vec2","x":184.9,"y":-31.3},{"__type__":"cc.Vec2","x":193.4,"y":-34.3},{"__type__":"cc.Vec2","x":209.9,"y":-47.8},{"__type__":"cc.Vec2","x":238.1,"y":-54.9},{"__type__":"cc.Vec2","x":261.8,"y":-50.5},{"__type__":"cc.Vec2","x":285.2,"y":-28.5},{"__type__":"cc.Vec2","x":291.1,"y":-15.6},{"__type__":"cc.Vec2","x":292.7,"y":0.3},{"__type__":"cc.Vec2","x":288.9,"y":22},{"__type__":"cc.Vec2","x":265.3,"y":49.4}]},{"__type__":"72555Q9muRD1505Zi2fOOxm","node":{"__id__":6},"linevelocityX":500}],"_prefab":{"__type__":"cc.PrefabInfo","root":{"__id__":1},"asset":{"__uuid__":"8fmhGxH7pLkKL7OSwsWc8S"},"fileId":"97RJ97nvRI4IwwpMh1ILZg"},"_contentSize":{"__type__":"cc.Size","width":932,"height":111},"_trs":{"__type__":"TypedArray","ctor":"Float64Array","array":[138,0,0,0,0,0,1,0.8,0.8,0.8]},"_groupIndex":8,"groupIndex":8},{"__type__":"cc.Node","_name":"rotationStage","_parent":{"__id__":1},"_components":[{"__type__":"cc.Sprite","node":{"__id__":7},"_materials":[{"__uuid__":"ecpdLyjvZBwrvm+cedCcQy"}],"_spriteFrame":{"__uuid__":"7cQ9AZ2ihAL7w7j2iXN4dt"}},{"__type__":"ae444naYU1I/IZzwhFmo0bP","node":{"__id__":7}},{"__type__":"cc.RigidBody","node":{"__id__":7},"_type":0},{"__type__":"cc.PhysicsBoxCollider","node":{"__id__":7},"_offset":{"__type__":"cc.Vec2","x":3.3,"y":0.6},"_size":{"__type__":"cc.Size","width":599.3,"height":109.3}},{"__type__":"cc.PhysicsBoxCollider","node":{"__id__":7},"_offset":{"__type__":"cc.Vec2","x":1.2,"y":-0.7},"_size":{"__type__":"cc.Size","width":126.2,"height":596.5}}],"_prefab":{"__type__":"cc.PrefabInfo","root":{"__id__":1},"asset":{"__uuid__":"8fmhGxH7pLkKL7OSwsWc8S"},"fileId":"eccV0uH8JF94TEQxZow+7a"},"_contentSize":{"__type__":"cc.Size","width":555,"height":555},"_trs":{"__type__":"TypedArray","ctor":"Float64Array","array":[-30.614,366,0,0,0,0,1,0.4,0.4,1]}}]]