[{"__type__":"cc.SpriteFrame","content":{"name":"guanqia62","texture":"c4DS2weP5Bq5StyV37M0t4","rect":[1,1,494,1470],"offset":[0,0],"originalSize":[496,1472],"capInsets":[0,0,0,0]}},[{"__type__":"cc.Prefab","_name":"UIDerived82","data":{"__id__":1}},{"__type__":"cc.Node","_name":"UIDerived55","_children":[{"__type__":"cc.Node","_name":"bule_node","_parent":{"__id__":1},"_prefab":{"__type__":"cc.PrefabInfo","root":{"__id__":1},"asset":{"__uuid__":"7cWw2TkTxNmpzbS/+/BjUP"},"fileId":"86tkvP3UxMY5wjnCu29hH7"},"_trs":{"__type__":"TypedArray","ctor":"Float64Array","array":[0,0,0,0,0,0,1,1,1,1]}},{"__type__":"cc.Node","_name":"greenwater_node","_parent":{"__id__":1},"_prefab":{"__type__":"cc.PrefabInfo","root":{"__id__":1},"asset":{"__uuid__":"7cWw2TkTxNmpzbS/+/BjUP"},"fileId":"a0MhCoWzdA/YBeIWVC72iQ"},"_trs":{"__type__":"TypedArray","ctor":"Float64Array","array":[0,0,0,0,0,0,1,1,1,1]}},{"__type__":"cc.Node","_name":"redwater_node","_parent":{"__id__":1},"_prefab":{"__type__":"cc.PrefabInfo","root":{"__id__":1},"asset":{"__uuid__":"7cWw2TkTxNmpzbS/+/BjUP"},"fileId":"13kGGXm0dHb5tbeuAUyS5/"},"_trs":{"__type__":"TypedArray","ctor":"Float64Array","array":[0,0,0,0,0,0,1,1,1,1]}},{"__id__":2},{"__id__":3},{"__id__":4},{"__id__":5},{"__type__":"cc.Node","_name":"greenPos_node","_parent":{"__id__":1},"_prefab":{"__type__":"cc.PrefabInfo","root":{"__id__":1},"asset":{"__uuid__":"7cWw2TkTxNmpzbS/+/BjUP"},"fileId":"1b0CbvBjdKgboAjjiu0P+R"},"_trs":{"__type__":"TypedArray","ctor":"Float64Array","array":[0,0,0,0,0,0,1,1,1,1]}},{"__type__":"cc.Node","_name":"player","_parent":{"__id__":1},"_prefab":{"__type__":"cc.PrefabInfo","root":{"__id__":1},"asset":{"__uuid__":"7cWw2TkTxNmpzbS/+/BjUP"},"fileId":"b6RtFhcKNIyZkzgc2JSKA5"},"_contentSize":{"__type__":"cc.Size","width":240,"height":140},"_trs":{"__type__":"TypedArray","ctor":"Float64Array","array":[0.475,-607.63,0,0,0,0,1,-0.7,0.7,1]}},{"__id__":6}],"_components":[{"__type__":"cc.Sprite","node":{"__id__":1},"_materials":[{"__uuid__":"ecpdLyjvZBwrvm+cedCcQy"}],"_spriteFrame":{"__uuid__":"5c5Yf9Sh1PIayFS7AoxnsN"}},{"__type__":"cc.RigidBody","node":{"__id__":1},"_type":0},{"__type__":"cc.PhysicsPolygonCollider","node":{"__id__":1},"_offset":{"__type__":"cc.Vec2","x":-392,"y":813},"points":[{"__type__":"cc.Vec2","x":60,"y":-1571},{"__type__":"cc.Vec2","x":743,"y":-1585},{"__type__":"cc.Vec2","x":741,"y":28},{"__type__":"cc.Vec2","x":357.1,"y":-123.8},{"__type__":"cc.Vec2","x":429,"y":-122},{"__type__":"cc.Vec2","x":428.7,"y":-1067.9},{"__type__":"cc.Vec2","x":444.5,"y":-1092.5},{"__type__":"cc.Vec2","x":497.4,"y":-1089.9},{"__type__":"cc.Vec2","x":516.4,"y":-1064.9},{"__type__":"cc.Vec2","x":514,"y":-127},{"__type__":"cc.Vec2","x":594,"y":-127},{"__type__":"cc.Vec2","x":596,"y":-1282},{"__type__":"cc.Vec2","x":571,"y":-1412},{"__type__":"cc.Vec2","x":493,"y":-1491},{"__type__":"cc.Vec2","x":356,"y":-1505},{"__type__":"cc.Vec2","x":245,"y":-1456},{"__type__":"cc.Vec2","x":195,"y":-1334},{"__type__":"cc.Vec2","x":189.5,"y":-1102.5},{"__type__":"cc.Vec2","x":204.7,"y":-1090.6},{"__type__":"cc.Vec2","x":326,"y":-1091.9},{"__type__":"cc.Vec2","x":355.8,"y":-1067.8},{"__type__":"cc.Vec2","x":355.6,"y":-124.3},{"__type__":"cc.Vec2","x":272,"y":-119},{"__type__":"cc.Vec2","x":273.3,"y":-998.4},{"__type__":"cc.Vec2","x":261.6,"y":-1014.1},{"__type__":"cc.Vec2","x":187.4,"y":-1011.8},{"__type__":"cc.Vec2","x":184,"y":-119},{"__type__":"cc.Vec2","x":270.4,"y":-119.6},{"__type__":"cc.Vec2","x":356.2,"y":-123.7},{"__type__":"cc.Vec2","x":738,"y":30},{"__type__":"cc.Vec2","x":67,"y":21}]},{"__type__":"1100eDGpRlLMYp5CrYQGpcQ","node":{"__id__":1}}],"_prefab":{"__type__":"cc.PrefabInfo","root":{"__id__":1},"asset":{"__uuid__":"7cWw2TkTxNmpzbS/+/BjUP"},"fileId":"1bAWuynZpIgb7JV6il2CGF"},"_contentSize":{"__type__":"cc.Size","width":494,"height":1470},"_trs":{"__type__":"TypedArray","ctor":"Float64Array","array":[0,0,0,0,0,0,1,1,1,1]}},{"__type__":"cc.Node","_name":"black_node","_parent":{"__id__":1},"_components":[{"__type__":"6c0e8KZwr5L34azTYX21stu","node":{"__id__":2}}],"_prefab":{"__type__":"cc.PrefabInfo","root":{"__id__":1},"asset":{"__uuid__":"7cWw2TkTxNmpzbS/+/BjUP"},"fileId":"93O691b1dMjo4ccZ2MWlUE"},"_trs":{"__type__":"TypedArray","ctor":"Float64Array","array":[0,0,0,0,0,0,1,1,1,1]}},{"__type__":"cc.Node","_name":"gray_node","_parent":{"__id__":1},"_components":[{"__type__":"3400dF2d2tHLK8+En9baGXY","node":{"__id__":3},"grey_prefab":{"__uuid__":"13FEeEL1NMaK5TFGpFQpJr"}}],"_prefab":{"__type__":"cc.PrefabInfo","root":{"__id__":1},"asset":{"__uuid__":"7cWw2TkTxNmpzbS/+/BjUP"},"fileId":"8cr+3FoXhGFo7Vhh4jfi3z"},"_trs":{"__type__":"TypedArray","ctor":"Float64Array","array":[0,0,0,0,0,0,1,1,1,1]}},{"__type__":"cc.Node","_name":"bulePos_node","_parent":{"__id__":1},"_children":[{"__type__":"cc.Node","_name":"New Node","_parent":{"__id__":4},"_prefab":{"__type__":"cc.PrefabInfo","root":{"__id__":1},"asset":{"__uuid__":"7cWw2TkTxNmpzbS/+/BjUP"},"fileId":"4aTRtM9JdHr4jzXAkTcmjY"},"_trs":{"__type__":"TypedArray","ctor":"Float64Array","array":[-3.231,573.168,0,0,0,0,1,1,1,1]}}],"_prefab":{"__type__":"cc.PrefabInfo","root":{"__id__":1},"asset":{"__uuid__":"7cWw2TkTxNmpzbS/+/BjUP"},"fileId":"907uFzqOpERbkgkX9tYC8q"},"_trs":{"__type__":"TypedArray","ctor":"Float64Array","array":[0,0,0,0,0,0,1,1,1,1]}},{"__type__":"cc.Node","_name":"redPos_node","_parent":{"__id__":1},"_children":[{"__type__":"cc.Node","_name":"New Node","_parent":{"__id__":5},"_prefab":{"__type__":"cc.PrefabInfo","root":{"__id__":1},"asset":{"__uuid__":"7cWw2TkTxNmpzbS/+/BjUP"},"fileId":"f8icUXRmlG2L/gBCr4Pat2"},"_trs":{"__type__":"TypedArray","ctor":"Float64Array","array":[-172.227,458.476,0,0,0,0,1,1,1,1]}},{"__type__":"cc.Node","_name":"New Node","_parent":{"__id__":5},"_prefab":{"__type__":"cc.PrefabInfo","root":{"__id__":1},"asset":{"__uuid__":"7cWw2TkTxNmpzbS/+/BjUP"},"fileId":"5beUyQt2dKt43qboeV0FA3"},"_trs":{"__type__":"TypedArray","ctor":"Float64Array","array":[152.773,458.476,0,0,0,0,1,1,1,1]}}],"_prefab":{"__type__":"cc.PrefabInfo","root":{"__id__":1},"asset":{"__uuid__":"7cWw2TkTxNmpzbS/+/BjUP"},"fileId":"6cPSXbv7dKJ69h/Vblj+KG"},"_trs":{"__type__":"TypedArray","ctor":"Float64Array","array":[0,0,0,0,0,0,1,1,1,1]}},{"__type__":"cc.Node","_name":"MoveProp","_parent":{"__id__":1},"_children":[{"__id__":7},{"__id__":8}],"_prefab":{"__type__":"cc.PrefabInfo","root":{"__id__":1},"asset":{"__uuid__":"7cWw2TkTxNmpzbS/+/BjUP"},"fileId":"0bGgLe285La60/m0w+a181"},"_trs":{"__type__":"TypedArray","ctor":"Float64Array","array":[0,0,0,0,0,0,1,1,1,1]}},{"__type__":"cc.Node","_name":"Bar","_parent":{"__id__":6},"_components":[{"__type__":"cc.Sprite","node":{"__id__":7},"_materials":[{"__uuid__":"ecpdLyjvZBwrvm+cedCcQy"}],"_spriteFrame":{"__uuid__":"36nyDwRspBQpKV3/57IicC"},"_type":1,"_sizeMode":0},{"__type__":"cc.RigidBody","node":{"__id__":7},"_type":0},{"__type__":"cc.PhysicsPolygonCollider","node":{"__id__":7},"points":[{"__type__":"cc.Vec2","x":-211.9,"y":-27.9},{"__type__":"cc.Vec2","x":215.1,"y":-29.7},{"__type__":"cc.Vec2","x":215,"y":29.4},{"__type__":"cc.Vec2","x":-212.5,"y":32.9}]},{"__type__":"8a64bLvzRlHBakXZIa7SBbN","node":{"__id__":7}}],"_prefab":{"__type__":"cc.PrefabInfo","root":{"__id__":1},"asset":{"__uuid__":"7cWw2TkTxNmpzbS/+/BjUP"},"fileId":"990UucPu9BbIXyVBGWYeOQ"},"_contentSize":{"__type__":"cc.Size","width":429,"height":65},"_trs":{"__type__":"TypedArray","ctor":"Float64Array","array":[0,0,0,0,0,0,1,1,1,1]}},{"__type__":"cc.Node","_name":"BarBG","_parent":{"__id__":6},"_components":[{"__type__":"cc.Sprite","node":{"__id__":8},"_materials":[{"__uuid__":"ecpdLyjvZBwrvm+cedCcQy"}],"_spriteFrame":{"__uuid__":"d8hqEurO5O3r/JLAsbxS//"},"_type":1,"_sizeMode":0}],"_prefab":{"__type__":"cc.PrefabInfo","root":{"__id__":1},"asset":{"__uuid__":"7cWw2TkTxNmpzbS/+/BjUP"},"fileId":"93KpLnSj5A3LMqqGHS5hb3"},"_contentSize":{"__type__":"cc.Size","width":1071,"height":66},"_trs":{"__type__":"TypedArray","ctor":"Float64Array","array":[11,0,0,0,0,0,1,1,1,1]}}]]