[{"__type__":"cc.SpriteFrame","content":{"name":"guanqia120","texture":"88JVtSP6xInIdui9xs0lhO","rect":[1,1,713,1503],"offset":[0,0],"originalSize":[715,1505],"capInsets":[0,0,0,0]}},[{"__type__":"cc.Prefab","_name":"UIDerived100","data":{"__id__":1}},{"__type__":"cc.Node","_name":"UIDerived100","_children":[{"__type__":"cc.Node","_name":"bule_node","_parent":{"__id__":1},"_prefab":{"__type__":"cc.PrefabInfo","root":{"__id__":1},"asset":{"__uuid__":"5d8MoWqf9M/Y7sjf/KEzrt"},"fileId":"7aAeCdNCVCbLe6p72twEJ3"},"_trs":{"__type__":"TypedArray","ctor":"Float64Array","array":[0,0,0,0,0,0,1,1,1,1]}},{"__type__":"cc.Node","_name":"greenwater_node","_parent":{"__id__":1},"_prefab":{"__type__":"cc.PrefabInfo","root":{"__id__":1},"asset":{"__uuid__":"5d8MoWqf9M/Y7sjf/KEzrt"},"fileId":"38hCh9IIlGpprGPF0Xp1H3"},"_trs":{"__type__":"TypedArray","ctor":"Float64Array","array":[0,0,0,0,0,0,1,1,1,1]}},{"__type__":"cc.Node","_name":"redwater_node","_parent":{"__id__":1},"_prefab":{"__type__":"cc.PrefabInfo","root":{"__id__":1},"asset":{"__uuid__":"5d8MoWqf9M/Y7sjf/KEzrt"},"fileId":"75L8+9FL9J9bQNhpMeTWHN"},"_trs":{"__type__":"TypedArray","ctor":"Float64Array","array":[0,0,0,0,0,0,1,1,1,1]}},{"__id__":2},{"__id__":3},{"__id__":4},{"__id__":5},{"__type__":"cc.Node","_name":"greenPos_node","_parent":{"__id__":1},"_prefab":{"__type__":"cc.PrefabInfo","root":{"__id__":1},"asset":{"__uuid__":"5d8MoWqf9M/Y7sjf/KEzrt"},"fileId":"61W9gspGhOIY9gWrzDbRxz"},"_trs":{"__type__":"TypedArray","ctor":"Float64Array","array":[0,0,0,0,0,0,1,1,1,1]}},{"__id__":6},{"__id__":8},{"__id__":10},{"__id__":12},{"__type__":"cc.Node","_name":"player","_parent":{"__id__":1},"_prefab":{"__type__":"cc.PrefabInfo","root":{"__id__":1},"asset":{"__uuid__":"5d8MoWqf9M/Y7sjf/KEzrt"},"fileId":"00hiNFCjRPG4SpmNg0pY7/"},"_trs":{"__type__":"TypedArray","ctor":"Float64Array","array":[197.136,-601.995,0,0,0,0,1,-0.7,0.7,1]}}],"_components":[{"__type__":"cc.Sprite","node":{"__id__":1},"_materials":[{"__uuid__":"ecpdLyjvZBwrvm+cedCcQy"}],"_spriteFrame":{"__uuid__":"3882DOfPFHjLfVRF8/eCTp"}},{"__type__":"1100eDGpRlLMYp5CrYQGpcQ","node":{"__id__":1}},{"__type__":"cc.RigidBody","node":{"__id__":1},"_type":0},{"__type__":"cc.PhysicsPolygonCollider","node":{"__id__":1},"_offset":{"__type__":"cc.Vec2","x":-307,"y":-703},"points":[{"__type__":"cc.Vec2","x":-50,"y":-50},{"__type__":"cc.Vec2","x":667,"y":-53},{"__type__":"cc.Vec2","x":666,"y":1453},{"__type__":"cc.Vec2","x":-50.7,"y":1456.4},{"__type__":"cc.Vec2","x":-7,"y":1414.4},{"__type__":"cc.Vec2","x":157,"y":1413},{"__type__":"cc.Vec2","x":156.5,"y":1298.2},{"__type__":"cc.Vec2","x":163.1,"y":1242.6},{"__type__":"cc.Vec2","x":174.3,"y":1204.4},{"__type__":"cc.Vec2","x":187.5,"y":1182.5},{"__type__":"cc.Vec2","x":202.2,"y":1168.3},{"__type__":"cc.Vec2","x":219.7,"y":1160.8},{"__type__":"cc.Vec2","x":240.7,"y":1157.4},{"__type__":"cc.Vec2","x":429.7,"y":1160.5},{"__type__":"cc.Vec2","x":497.5,"y":1156},{"__type__":"cc.Vec2","x":554.3,"y":1144.3},{"__type__":"cc.Vec2","x":589.5,"y":1124.2},{"__type__":"cc.Vec2","x":614,"y":1096.7},{"__type__":"cc.Vec2","x":622.3,"y":1060.9},{"__type__":"cc.Vec2","x":613.6,"y":28.4},{"__type__":"cc.Vec2","x":605.2,"y":15.3},{"__type__":"cc.Vec2","x":588.5,"y":3.1},{"__type__":"cc.Vec2","x":562.3,"y":-5.5},{"__type__":"cc.Vec2","x":526.9,"y":-8.6},{"__type__":"cc.Vec2","x":481.9,"y":-6.4},{"__type__":"cc.Vec2","x":444.4,"y":1.8},{"__type__":"cc.Vec2","x":414.8,"y":14},{"__type__":"cc.Vec2","x":403.9,"y":26},{"__type__":"cc.Vec2","x":395.1,"y":44.2},{"__type__":"cc.Vec2","x":390.2,"y":67.4},{"__type__":"cc.Vec2","x":391.7,"y":325.8},{"__type__":"cc.Vec2","x":384.9,"y":399.7},{"__type__":"cc.Vec2","x":369.9,"y":457.7},{"__type__":"cc.Vec2","x":343.2,"y":459.8},{"__type__":"cc.Vec2","x":296.9,"y":439.8},{"__type__":"cc.Vec2","x":239.5,"y":396},{"__type__":"cc.Vec2","x":220,"y":367.7},{"__type__":"cc.Vec2","x":213.3,"y":327.2},{"__type__":"cc.Vec2","x":214.1,"y":264},{"__type__":"cc.Vec2","x":221.4,"y":145.4},{"__type__":"cc.Vec2","x":217.2,"y":60.9},{"__type__":"cc.Vec2","x":202.7,"y":24.5},{"__type__":"cc.Vec2","x":146.9,"y":1.7},{"__type__":"cc.Vec2","x":88,"y":-5},{"__type__":"cc.Vec2","x":49.1,"y":5.2},{"__type__":"cc.Vec2","x":9.2,"y":35.5},{"__type__":"cc.Vec2","x":-2,"y":78.2},{"__type__":"cc.Vec2","x":-7.2,"y":1413.5},{"__type__":"cc.Vec2","x":-50.3,"y":1455.4}]},{"__type__":"cc.PhysicsPolygonCollider","node":{"__id__":1},"_offset":{"__type__":"cc.Vec2","x":56,"y":309},"points":[{"__type__":"cc.Vec2","x":-136.1,"y":-137.5},{"__type__":"cc.Vec2","x":-124,"y":-190.9},{"__type__":"cc.Vec2","x":-102.6,"y":-232.8},{"__type__":"cc.Vec2","x":-74.6,"y":-247.5},{"__type__":"cc.Vec2","x":25.2,"y":-248.6},{"__type__":"cc.Vec2","x":55.2,"y":-234.8},{"__type__":"cc.Vec2","x":76.2,"y":-205.6},{"__type__":"cc.Vec2","x":87.9,"y":-171.4},{"__type__":"cc.Vec2","x":92.1,"y":-42},{"__type__":"cc.Vec2","x":84.8,"y":-4.7},{"__type__":"cc.Vec2","x":74.6,"y":18.5},{"__type__":"cc.Vec2","x":49.6,"y":38.4},{"__type__":"cc.Vec2","x":10.7,"y":48.2},{"__type__":"cc.Vec2","x":-45.7,"y":48.6},{"__type__":"cc.Vec2","x":-99.5,"y":22.1},{"__type__":"cc.Vec2","x":-126.2,"y":-9.4},{"__type__":"cc.Vec2","x":-133.2,"y":-39.4}]}],"_prefab":{"__type__":"cc.PrefabInfo","root":{"__id__":1},"asset":{"__uuid__":"5d8MoWqf9M/Y7sjf/KEzrt"},"fileId":"4cm7xYIvpD6qIggeU/VHIh"},"_contentSize":{"__type__":"cc.Size","width":715,"height":1505},"_trs":{"__type__":"TypedArray","ctor":"Float64Array","array":[0,0,0,0,0,0,1,1,1,1]}},{"__type__":"cc.Node","_name":"black_node","_parent":{"__id__":1},"_components":[{"__type__":"6c0e8KZwr5L34azTYX21stu","node":{"__id__":2}}],"_prefab":{"__type__":"cc.PrefabInfo","root":{"__id__":1},"asset":{"__uuid__":"5d8MoWqf9M/Y7sjf/KEzrt"},"fileId":"03Ue8XlrJPQ4RlWnksrvH3"},"_trs":{"__type__":"TypedArray","ctor":"Float64Array","array":[0,0,0,0,0,0,1,1,1,1]}},{"__type__":"cc.Node","_name":"gray_node","_parent":{"__id__":1},"_components":[{"__type__":"3400dF2d2tHLK8+En9baGXY","node":{"__id__":3},"grey_prefab":{"__uuid__":"13FEeEL1NMaK5TFGpFQpJr"}}],"_prefab":{"__type__":"cc.PrefabInfo","root":{"__id__":1},"asset":{"__uuid__":"5d8MoWqf9M/Y7sjf/KEzrt"},"fileId":"250vunHI9IqYRTFrcUJU3B"},"_trs":{"__type__":"TypedArray","ctor":"Float64Array","array":[0,0,0,0,0,0,1,1,1,1]}},{"__type__":"cc.Node","_name":"bulePos_node","_parent":{"__id__":1},"_children":[{"__type__":"cc.Node","_name":"New Node","_parent":{"__id__":4},"_prefab":{"__type__":"cc.PrefabInfo","root":{"__id__":1},"asset":{"__uuid__":"5d8MoWqf9M/Y7sjf/KEzrt"},"fileId":"05zYS0NUNF/I+SKKYDylCA"},"_trs":{"__type__":"TypedArray","ctor":"Float64Array","array":[-239.333,568.672,0,0,0,0,1,1,1,1]}}],"_prefab":{"__type__":"cc.PrefabInfo","root":{"__id__":1},"asset":{"__uuid__":"5d8MoWqf9M/Y7sjf/KEzrt"},"fileId":"32ArL5NeBAbrVwXGnPGYx6"},"_trs":{"__type__":"TypedArray","ctor":"Float64Array","array":[0,0,0,0,0,0,1,1,1,1]}},{"__type__":"cc.Node","_name":"redPos_node","_parent":{"__id__":1},"_children":[{"__type__":"cc.Node","_name":"New Node","_parent":{"__id__":5},"_prefab":{"__type__":"cc.PrefabInfo","root":{"__id__":1},"asset":{"__uuid__":"5d8MoWqf9M/Y7sjf/KEzrt"},"fileId":"aaIeow2ftL4L/5LQxUsRRC"},"_trs":{"__type__":"TypedArray","ctor":"Float64Array","array":[227.06,216.832,0,0,0,0,1,1,1,1]}}],"_prefab":{"__type__":"cc.PrefabInfo","root":{"__id__":1},"asset":{"__uuid__":"5d8MoWqf9M/Y7sjf/KEzrt"},"fileId":"f59gONLmtCdb+hP/NwgLCi"},"_trs":{"__type__":"TypedArray","ctor":"Float64Array","array":[0,0,0,0,0,0,1,1,1,1]}},{"__type__":"cc.Node","_name":"zhenNode","_parent":{"__id__":1},"_children":[{"__id__":7}],"_prefab":{"__type__":"cc.PrefabInfo","root":{"__id__":1},"asset":{"__uuid__":"5d8MoWqf9M/Y7sjf/KEzrt"},"fileId":"35SZzw+AFCmZnQpvRTxqEq"},"_trs":{"__type__":"TypedArray","ctor":"Float64Array","array":[-273.067,487.715,0,0,0,-1,6.123233995736766e-17,1,1,1]},"_eulerAngles":{"__type__":"cc.Vec3","z":-180},"_groupIndex":8,"groupIndex":8},{"__type__":"cc.Node","_name":"zhen","_parent":{"__id__":6},"_components":[{"__type__":"cc.Sprite","node":{"__id__":7},"_materials":[{"__uuid__":"ecpdLyjvZBwrvm+cedCcQy"}],"_spriteFrame":{"__uuid__":"81u1O4l2lM2IGXbUA/0aw7"},"_type":1,"_sizeMode":0},{"__type__":"cc.RigidBody","node":{"__id__":7},"_type":3,"_allowSleep":false,"_gravityScale":0,"_fixedRotation":true,"enabledContactListener":true,"bullet":true},{"__type__":"cc.PhysicsPolygonCollider","node":{"__id__":7},"tag":222,"_offset":{"__type__":"cc.Vec2","x":241,"y":-1},"points":[{"__type__":"cc.Vec2","x":-125.1,"y":-53.1},{"__type__":"cc.Vec2","x":-41.8,"y":-55},{"__type__":"cc.Vec2","x":-41.5,"y":57.3},{"__type__":"cc.Vec2","x":-128.3,"y":56.8},{"__type__":"cc.Vec2","x":-154.7,"y":27.2},{"__type__":"cc.Vec2","x":-441.8,"y":26.8},{"__type__":"cc.Vec2","x":-441.7,"y":-26.1},{"__type__":"cc.Vec2","x":-155.6,"y":-23.9}]},{"__type__":"72555Q9muRD1505Zi2fOOxm","node":{"__id__":7},"linevelocityX":500}],"_prefab":{"__type__":"cc.PrefabInfo","root":{"__id__":1},"asset":{"__uuid__":"5d8MoWqf9M/Y7sjf/KEzrt"},"fileId":"0fxyfhd9JK5azyRJ9UdRCz"},"_contentSize":{"__type__":"cc.Size","width":400,"height":111},"_trs":{"__type__":"TypedArray","ctor":"Float64Array","array":[0,0,0,0,0,0,1,0.8,0.8,0.8]},"_groupIndex":8,"groupIndex":8},{"__type__":"cc.Node","_name":"zhenNode","_parent":{"__id__":1},"_children":[{"__id__":9}],"_prefab":{"__type__":"cc.PrefabInfo","root":{"__id__":1},"asset":{"__uuid__":"5d8MoWqf9M/Y7sjf/KEzrt"},"fileId":"dbF0Uoa15GMb1+OrKx64fe"},"_trs":{"__type__":"TypedArray","ctor":"Float64Array","array":[278.561,117.194,0,0,0,0,1,1,1,1]},"_groupIndex":8,"groupIndex":8},{"__type__":"cc.Node","_name":"zhen","_parent":{"__id__":8},"_components":[{"__type__":"cc.Sprite","node":{"__id__":9},"_materials":[{"__uuid__":"ecpdLyjvZBwrvm+cedCcQy"}],"_spriteFrame":{"__uuid__":"81u1O4l2lM2IGXbUA/0aw7"},"_type":1,"_sizeMode":0},{"__type__":"cc.RigidBody","node":{"__id__":9},"_type":3,"_allowSleep":false,"_gravityScale":0,"_fixedRotation":true,"enabledContactListener":true,"bullet":true},{"__type__":"cc.PhysicsPolygonCollider","node":{"__id__":9},"tag":222,"_offset":{"__type__":"cc.Vec2","x":241,"y":-1},"points":[{"__type__":"cc.Vec2","x":-125.1,"y":-53.1},{"__type__":"cc.Vec2","x":-41.8,"y":-55},{"__type__":"cc.Vec2","x":-41.5,"y":57.3},{"__type__":"cc.Vec2","x":-128.3,"y":56.8},{"__type__":"cc.Vec2","x":-154.7,"y":27.2},{"__type__":"cc.Vec2","x":-441.8,"y":26.8},{"__type__":"cc.Vec2","x":-441.7,"y":-26.1},{"__type__":"cc.Vec2","x":-155.6,"y":-23.9}]},{"__type__":"72555Q9muRD1505Zi2fOOxm","node":{"__id__":9},"linevelocityX":500}],"_prefab":{"__type__":"cc.PrefabInfo","root":{"__id__":1},"asset":{"__uuid__":"5d8MoWqf9M/Y7sjf/KEzrt"},"fileId":"11usUGsb9Pir3iTpj9Ad+d"},"_contentSize":{"__type__":"cc.Size","width":400,"height":111},"_trs":{"__type__":"TypedArray","ctor":"Float64Array","array":[0,0,0,0,0,0,1,0.8,0.8,0.8]},"_groupIndex":8,"groupIndex":8},{"__type__":"cc.Node","_name":"zhenNode","_parent":{"__id__":1},"_children":[{"__id__":11}],"_prefab":{"__type__":"cc.PrefabInfo","root":{"__id__":1},"asset":{"__uuid__":"5d8MoWqf9M/Y7sjf/KEzrt"},"fileId":"3dUN9OOzRCCqEcEBZAHKaD"},"_trs":{"__type__":"TypedArray","ctor":"Float64Array","array":[50.429,-232.761,0,0,0,-0.28902344274485325,-0.9573220197738651,1,1,1]},"_eulerAngles":{"__type__":"cc.Vec3","z":-326.401},"_groupIndex":8,"groupIndex":8},{"__type__":"cc.Node","_name":"zhen","_parent":{"__id__":10},"_components":[{"__type__":"cc.Sprite","node":{"__id__":11},"_materials":[{"__uuid__":"ecpdLyjvZBwrvm+cedCcQy"}],"_spriteFrame":{"__uuid__":"81u1O4l2lM2IGXbUA/0aw7"},"_type":1,"_sizeMode":0},{"__type__":"cc.RigidBody","node":{"__id__":11},"_type":3,"_allowSleep":false,"_gravityScale":0,"_fixedRotation":true,"enabledContactListener":true,"bullet":true},{"__type__":"cc.PhysicsPolygonCollider","node":{"__id__":11},"tag":222,"_offset":{"__type__":"cc.Vec2","x":642,"y":-1},"points":[{"__type__":"cc.Vec2","x":-125.1,"y":-53.1},{"__type__":"cc.Vec2","x":-41.8,"y":-55},{"__type__":"cc.Vec2","x":-41.5,"y":57.3},{"__type__":"cc.Vec2","x":-128.3,"y":56.8},{"__type__":"cc.Vec2","x":-154.7,"y":27.2},{"__type__":"cc.Vec2","x":-1241,"y":28},{"__type__":"cc.Vec2","x":-1242,"y":-24},{"__type__":"cc.Vec2","x":-155.6,"y":-23.9}]},{"__type__":"72555Q9muRD1505Zi2fOOxm","node":{"__id__":11},"linevelocityX":500}],"_prefab":{"__type__":"cc.PrefabInfo","root":{"__id__":1},"asset":{"__uuid__":"5d8MoWqf9M/Y7sjf/KEzrt"},"fileId":"01I+piQGlPyaAylWHrT0aJ"},"_contentSize":{"__type__":"cc.Size","width":1200,"height":111},"_trs":{"__type__":"TypedArray","ctor":"Float64Array","array":[0,0,0,0,0,0,1,0.8,0.8,0.8]},"_groupIndex":8,"groupIndex":8},{"__type__":"cc.Node","_name":"zhenNodeTwo","_parent":{"__id__":1},"_children":[{"__id__":13},{"__id__":14},{"__id__":15}],"_prefab":{"__type__":"cc.PrefabInfo","root":{"__id__":1},"asset":{"__uuid__":"5d8MoWqf9M/Y7sjf/KEzrt"},"fileId":"2fsyKXUhpAq4hiJuJENt2j"},"_trs":{"__type__":"TypedArray","ctor":"Float64Array","array":[-306.103,73.893,0,0,0,0,1,1,1,1]}},{"__type__":"cc.Node","_name":"zhen","_parent":{"__id__":12},"_components":[{"__type__":"cc.Sprite","node":{"__id__":13},"_materials":[{"__uuid__":"ecpdLyjvZBwrvm+cedCcQy"}],"_spriteFrame":{"__uuid__":"14vJwyNH1OspMXFimJtxkW"},"_type":1,"_sizeMode":0},{"__type__":"cc.RigidBody","node":{"__id__":13},"_type":3,"_gravityScale":0,"_fixedRotation":true,"enabledContactListener":true,"bullet":true},{"__type__":"cc.PhysicsPolygonCollider","node":{"__id__":13},"_offset":{"__type__":"cc.Vec2","x":75.6,"y":5.7},"points":[{"__type__":"cc.Vec2","x":-275.7,"y":-37.8},{"__type__":"cc.Vec2","x":-249.4,"y":-61.6},{"__type__":"cc.Vec2","x":-184.7,"y":-52.8},{"__type__":"cc.Vec2","x":-166.9,"y":-24.9},{"__type__":"cc.Vec2","x":123.5,"y":-21.9},{"__type__":"cc.Vec2","x":123.2,"y":15.7},{"__type__":"cc.Vec2","x":-169.1,"y":17},{"__type__":"cc.Vec2","x":-181.5,"y":39.2},{"__type__":"cc.Vec2","x":-244.7,"y":48.8},{"__type__":"cc.Vec2","x":-276.5,"y":27.3}]},{"__type__":"1cb3eoIRdhJWZayW7A68Y7j","node":{"__id__":13}}],"_prefab":{"__type__":"cc.PrefabInfo","root":{"__id__":1},"asset":{"__uuid__":"5d8MoWqf9M/Y7sjf/KEzrt"},"fileId":"adH1ZSFFtNIK8j/wbblFBf"},"_contentSize":{"__type__":"cc.Size","width":400,"height":111},"_trs":{"__type__":"TypedArray","ctor":"Float64Array","array":[63.138,0,0,0,0,0,1,1,1,1]}},{"__type__":"cc.Node","_name":"zhenup","_parent":{"__id__":12},"_components":[{"__type__":"cc.RigidBody","node":{"__id__":14},"_type":0,"_gravityScale":0,"bullet":true}],"_prefab":{"__type__":"cc.PrefabInfo","root":{"__id__":1},"asset":{"__uuid__":"5d8MoWqf9M/Y7sjf/KEzrt"},"fileId":"c7lv0H/IVMTbKN6SyA8yb/"},"_trs":{"__type__":"TypedArray","ctor":"Float64Array","array":[0,287.445,0,0,0,0,1,1,1,1]}},{"__type__":"cc.Node","_name":"zhendown","_parent":{"__id__":12},"_components":[{"__type__":"cc.RigidBody","node":{"__id__":15},"_type":0,"_gravityScale":0,"bullet":true}],"_prefab":{"__type__":"cc.PrefabInfo","root":{"__id__":1},"asset":{"__uuid__":"5d8MoWqf9M/Y7sjf/KEzrt"},"fileId":"b8gz8gG0NC9aGP3iBcsifd"},"_trs":{"__type__":"TypedArray","ctor":"Float64Array","array":[0,0,0,0,0,0,1,1,1,1]}}]]