[{"__type__":"cc.SpriteFrame","content":{"name":"zhuhe","texture":"54udTX+2JAvJIoML0y9giP","rect":[0,0,167,537],"offset":[0,0],"originalSize":[167,537],"capInsets":[0,0,0,0]}},{"__type__":"cc.SpriteFrame","content":{"name":"7","texture":"6bLLsjXXxA/LKAd5UiI3jx","rect":[0,0,842,1116],"offset":[0,0],"originalSize":[842,1116],"capInsets":[0,0,0,0]}},{"__type__":"cc.SpriteFrame","content":{"name":"tukuai","texture":"3avF21ar1CHLowxWT6EGre","rect":[0,0,372,124],"offset":[0,0],"originalSize":[372,124],"capInsets":[0,0,0,0]}},{"__type__":"cc.SpriteFrame","content":{"name":"water_1","texture":"06L3zK+wZJnJun0OOjInVz","rect":[0,0,1080,514],"offset":[0,0],"originalSize":[1080,514],"capInsets":[0,0,0,0]}},{"__type__":"cc.SpriteFrame","content":{"name":"water_3","texture":"e7UlMwMh1L3ooZ88eX2aLV","rect":[0,0,1080,508],"offset":[0,0],"originalSize":[1080,508],"capInsets":[0,0,0,0]}},[{"__type__":"cc.Prefab","_name":"level_6","data":{"__id__":1}},{"__type__":"cc.Node","_name":"level_7","_children":[{"__id__":2},{"__id__":10},{"__id__":15},{"__id__":23},{"__id__":25},{"__type__":"cc.Node","_name":"dsGoal","_parent":{"__id__":1},"_prefab":{"__type__":"cc.PrefabInfo","root":{"__id__":1},"asset":{"__uuid__":"57pZUIiSFKmKwm33HwuP12"},"fileId":"dfBzcTffJGc4NXhEI0amcj"},"_trs":{"__type__":"TypedArray","ctor":"Float64Array","array":[0,138.745,0,0,0,0,1,1,1,1]}},{"__type__":"cc.Node","_name":"goalOne","_parent":{"__id__":1},"_prefab":{"__type__":"cc.PrefabInfo","root":{"__id__":1},"asset":{"__uuid__":"57pZUIiSFKmKwm33HwuP12"},"fileId":"566WBPAANJXJUQQvBn2NPP"},"_trs":{"__type__":"TypedArray","ctor":"Float64Array","array":[18.263,-355.217,0,0,0,0,1,1,1,1]}},{"__type__":"cc.Node","_name":"goalTwo","_parent":{"__id__":1},"_prefab":{"__type__":"cc.PrefabInfo","root":{"__id__":1},"asset":{"__uuid__":"57pZUIiSFKmKwm33HwuP12"},"fileId":"5ePyVa8C5AKrSIjkbIbpbL"},"_trs":{"__type__":"TypedArray","ctor":"Float64Array","array":[-272.494,-371.274,0,0,0,0,1,1,1,1]}},{"__id__":26},{"__id__":28},{"__id__":33},{"__id__":34},{"__id__":35},{"__id__":36},{"__id__":40},{"__id__":41},{"__id__":42}],"_components":[{"__type__":"8c360KUkW1DApBBhPZgBPj7","node":{"__id__":1},"playerNode":{"__id__":35},"closNode":{"__id__":41},"drumstickNode":{"__id__":25},"keyArr":[{"__id__":32},{"__id__":14},{"__id__":21}],"pubuNdoe":{"__id__":23},"yanjignNode":{"__id__":18},"downwahter":{"__id__":5},"doneYanjign":{"__id__":9},"shuYanjign":{"__id__":8},"hintLable":{"__id__":42},"tuNode":{"__id__":22}}],"_prefab":{"__type__":"cc.PrefabInfo","root":{"__id__":1},"asset":{"__uuid__":"57pZUIiSFKmKwm33HwuP12"},"fileId":"806Dyb2iZAZYHE5Gn8suEF"},"_trs":{"__type__":"TypedArray","ctor":"Float64Array","array":[0,0,0,0,0,0,1,1,1,1]}},{"__type__":"cc.Node","_name":"bg","_parent":{"__id__":1},"_children":[{"__id__":3},{"__id__":4},{"__id__":5},{"__id__":6},{"__id__":8},{"__id__":9}],"_components":[{"__type__":"cc.Mask","node":{"__id__":2},"_materials":[{"__uuid__":"ecpdLyjvZBwrvm+cedCcQy"}],"_spriteFrame":{"__uuid__":"2aYUZUfm9LMKfI2mHR+agN"},"_type":2,"_N$alphaThreshold":1}],"_prefab":{"__type__":"cc.PrefabInfo","root":{"__id__":1},"asset":{"__uuid__":"57pZUIiSFKmKwm33HwuP12"},"fileId":"ff1OoLvVdHrpldJ/5WCx8+"},"_contentSize":{"__type__":"cc.Size","width":842,"height":1116},"_trs":{"__type__":"TypedArray","ctor":"Float64Array","array":[0,0,0,0,0,0,1,1,1,1]}},{"__type__":"cc.Node","_name":"7","_parent":{"__id__":2},"_components":[{"__type__":"cc.Sprite","node":{"__id__":3},"_materials":[{"__uuid__":"ecpdLyjvZBwrvm+cedCcQy"}],"_spriteFrame":{"__uuid__":"2aYUZUfm9LMKfI2mHR+agN"}}],"_prefab":{"__type__":"cc.PrefabInfo","root":{"__id__":1},"asset":{"__uuid__":"57pZUIiSFKmKwm33HwuP12"},"fileId":"d64L6u6KdO7Y4VbGoSt3WF"},"_contentSize":{"__type__":"cc.Size","width":842,"height":1116},"_trs":{"__type__":"TypedArray","ctor":"Float64Array","array":[0,0,0,0,0,0,1,1,1,1]}},{"__type__":"cc.Node","_name":"New Node","_parent":{"__id__":2},"_components":[{"__type__":"cc.Mask","node":{"__id__":4},"_materials":[{"__uuid__":"ecpdLyjvZBwrvm+cedCcQy"}]}],"_prefab":{"__type__":"cc.PrefabInfo","root":{"__id__":1},"asset":{"__uuid__":"57pZUIiSFKmKwm33HwuP12"},"fileId":"e0DclBbk1NJpbRDur4uR+8"},"_trs":{"__type__":"TypedArray","ctor":"Float64Array","array":[0,0,0,0,0,0,1,1,1,1]}},{"__type__":"cc.Node","_name":"slzsdh","_parent":{"__id__":2},"_components":[{"__type__":"sp.Skeleton","node":{"__id__":5},"_materials":[{"__uuid__":"7a/QZLET9IDreTiBfRn2PD"}],"defaultAnimation":"m","_preCacheMode":0,"premultipliedAlpha":false,"_animationName":"m","_N$skeletonData":{"__uuid__":"a5iZkfJx1Cn7A4f95ah4sw"}}],"_prefab":{"__type__":"cc.PrefabInfo","root":{"__id__":1},"asset":{"__uuid__":"57pZUIiSFKmKwm33HwuP12"},"fileId":"5dvRNUNDdN3K6kM+gVa0cp"},"_contentSize":{"__type__":"cc.Size","width":3239.86,"height":1213.36},"_trs":{"__type__":"TypedArray","ctor":"Float64Array","array":[0,-399.222,0,0,0,0,1,1,1,1]}},{"__type__":"cc.Node","_name":"water","_parent":{"__id__":2},"_children":[{"__id__":7}],"_components":[{"__type__":"cc.Mask","node":{"__id__":6},"_materials":[{"__uuid__":"ecpdLyjvZBwrvm+cedCcQy"}],"_spriteFrame":{"__uuid__":"afK7nMglFP8JPVv6rVFwok"},"_type":2}],"_prefab":{"__type__":"cc.PrefabInfo","root":{"__id__":1},"asset":{"__uuid__":"57pZUIiSFKmKwm33HwuP12"},"fileId":"b0/C/8qNtEZY3JgCL0qhLt"},"_contentSize":{"__type__":"cc.Size","width":372,"height":128},"_trs":{"__type__":"TypedArray","ctor":"Float64Array","array":[-215.384,445.884,0,0,0,0,1,1,1,1]}},{"__type__":"cc.Node","_name":"slzsdh","_parent":{"__id__":6},"_components":[{"__type__":"sp.Skeleton","node":{"__id__":7},"_materials":[{"__uuid__":"7a/QZLET9IDreTiBfRn2PD"}],"defaultAnimation":"m","_preCacheMode":0,"premultipliedAlpha":false,"_animationName":"m","_N$skeletonData":{"__uuid__":"a5iZkfJx1Cn7A4f95ah4sw"}}],"_prefab":{"__type__":"cc.PrefabInfo","root":{"__id__":1},"asset":{"__uuid__":"57pZUIiSFKmKwm33HwuP12"},"fileId":"3fgJD+07VCtoAABcoXbVm0"},"_contentSize":{"__type__":"cc.Size","width":3239.86,"height":1213.36},"_trs":{"__type__":"TypedArray","ctor":"Float64Array","array":[217.237,-52.889,0,0,0,0,1,1,1,1]}},{"__type__":"cc.Node","_name":"yjlddh","_parent":{"__id__":2},"_active":false,"_components":[{"__type__":"sp.Skeleton","node":{"__id__":8},"_materials":[{"__uuid__":"7a/QZLET9IDreTiBfRn2PD"}],"defaultSkin":"default","defaultAnimation":"animation","_preCacheMode":0,"premultipliedAlpha":false,"_animationName":"animation","_N$skeletonData":{"__uuid__":"4fpYLEV5BImoxb16lKSvCg"}}],"_prefab":{"__type__":"cc.PrefabInfo","root":{"__id__":1},"asset":{"__uuid__":"57pZUIiSFKmKwm33HwuP12"},"fileId":"66HrTFBw1Of6Dtd8Uz2O+/"},"_contentSize":{"__type__":"cc.Size","width":192,"height":734},"_trs":{"__type__":"TypedArray","ctor":"Float64Array","array":[-324.673,-43.901,0,0,0,0,1,0.903,0.903,0.903]}},{"__type__":"cc.Node","_name":"yjdh copy","_parent":{"__id__":2},"_active":false,"_components":[{"__type__":"sp.Skeleton","node":{"__id__":9},"_materials":[{"__uuid__":"7a/QZLET9IDreTiBfRn2PD"}],"defaultSkin":"default","defaultAnimation":"m","_preCacheMode":0,"premultipliedAlpha":false,"_animationName":"m","_N$skeletonData":{"__uuid__":"c3VGNJO75D/4nsedQPqEKJ"}},{"__type__":"cc.BoxCollider","node":{"__id__":9},"_enabled":false,"_offset":{"__type__":"cc.Vec2","x":5,"y":-73},"_size":{"__type__":"cc.Size","width":1057,"height":315}}],"_prefab":{"__type__":"cc.PrefabInfo","root":{"__id__":1},"asset":{"__uuid__":"57pZUIiSFKmKwm33HwuP12"},"fileId":"95pJV8Hj9NRZ1PI8PWh8c1"},"_opacity":15,"_contentSize":{"__type__":"cc.Size","width":3240,"height":3072.9},"_trs":{"__type__":"TypedArray","ctor":"Float64Array","array":[7.526,-373.08,0,0,0,0,1,0.761,0.761,0.761]},"_groupIndex":24,"groupIndex":24},{"__type__":"cc.Node","_name":"key","_parent":{"__id__":1},"_children":[{"__id__":11},{"__id__":12},{"__id__":13}],"_prefab":{"__type__":"cc.PrefabInfo","root":{"__id__":1},"asset":{"__uuid__":"57pZUIiSFKmKwm33HwuP12"},"fileId":"23OZ838xlMWL0/sQ5E+U3f"},"_trs":{"__type__":"TypedArray","ctor":"Float64Array","array":[-156.066,387.191,0,0,0,0.7071067811865475,0.7071067811865476,1,1,1]},"_eulerAngles":{"__type__":"cc.Vec3","z":90}},{"__type__":"cc.Node","_name":"pole","_parent":{"__id__":10},"_components":[{"__type__":"cc.Sprite","node":{"__id__":11},"_materials":[{"__uuid__":"ecpdLyjvZBwrvm+cedCcQy"}],"_spriteFrame":{"__uuid__":"ebm9zOQlFI4IGgCc9Owdfe"}}],"_prefab":{"__type__":"cc.PrefabInfo","root":{"__id__":1},"asset":{"__uuid__":"57pZUIiSFKmKwm33HwuP12"},"fileId":"e8TCmlU69BiK5mOh+d5Tbf"},"_contentSize":{"__type__":"cc.Size","width":56,"height":55},"_trs":{"__type__":"TypedArray","ctor":"Float64Array","array":[0,-135.482,0,0,0,0,1,1,1,1]}},{"__type__":"cc.Node","_name":"pole","_parent":{"__id__":10},"_components":[{"__type__":"cc.Sprite","node":{"__id__":12},"_materials":[{"__uuid__":"ecpdLyjvZBwrvm+cedCcQy"}],"_spriteFrame":{"__uuid__":"ebm9zOQlFI4IGgCc9Owdfe"}}],"_prefab":{"__type__":"cc.PrefabInfo","root":{"__id__":1},"asset":{"__uuid__":"57pZUIiSFKmKwm33HwuP12"},"fileId":"cdWJlfhPpNurlzd9265IYs"},"_contentSize":{"__type__":"cc.Size","width":56,"height":55},"_trs":{"__type__":"TypedArray","ctor":"Float64Array","array":[0,247.082,0,0,0,0,1,1,1,1]}},{"__type__":"cc.Node","_name":"key","_parent":{"__id__":10},"_children":[{"__id__":14}],"_prefab":{"__type__":"cc.PrefabInfo","root":{"__id__":1},"asset":{"__uuid__":"57pZUIiSFKmKwm33HwuP12"},"fileId":"fbaoD2/cVK84hD+Jlw6Atz"},"_contentSize":{"__type__":"cc.Size","width":100,"height":200},"_trs":{"__type__":"TypedArray","ctor":"Float64Array","array":[0,0,0,0,0,0,1,1,1,1]},"_groupIndex":15,"groupIndex":15},{"__type__":"cc.Node","_name":"icon","_parent":{"__id__":13},"_components":[{"__type__":"fcf5apGFRJIEZkZJ9CwiT4c","node":{"__id__":14},"where":1},{"__type__":"cc.RigidBody","node":{"__id__":14},"_type":0,"_allowSleep":false,"enabledContactListener":true},{"__type__":"cc.Sprite","node":{"__id__":14},"_materials":[{"__uuid__":"ecpdLyjvZBwrvm+cedCcQy"}],"_spriteFrame":{"__uuid__":"6dXBYrBNtEiKJQUnopu+Lk"},"_type":1,"_sizeMode":0},{"__type__":"cc.PhysicsBoxCollider","node":{"__id__":14},"_offset":{"__type__":"cc.Vec2","x":0.5,"y":5.2},"_size":{"__type__":"cc.Size","width":21.8,"height":549}}],"_prefab":{"__type__":"cc.PrefabInfo","root":{"__id__":1},"asset":{"__uuid__":"57pZUIiSFKmKwm33HwuP12"},"fileId":"291nSX43JCA7qFYmx9D9io"},"_contentSize":{"__type__":"cc.Size","width":76,"height":550},"_trs":{"__type__":"TypedArray","ctor":"Float64Array","array":[0,0,0,0,0,0,1,1,1,1]},"_groupIndex":15,"groupIndex":15},{"__type__":"cc.Node","_name":"key","_parent":{"__id__":1},"_children":[{"__id__":16},{"__id__":17},{"__id__":18},{"__id__":20}],"_prefab":{"__type__":"cc.PrefabInfo","root":{"__id__":1},"asset":{"__uuid__":"57pZUIiSFKmKwm33HwuP12"},"fileId":"18nVLqlW5LKp4UBiDmgM/2"},"_trs":{"__type__":"TypedArray","ctor":"Float64Array","array":[-174.148,251.694,0,0,0,0.7071067811865475,0.7071067811865476,1,1,1]},"_eulerAngles":{"__type__":"cc.Vec3","z":90}},{"__type__":"cc.Node","_name":"lock","_parent":{"__id__":15},"_components":[{"__type__":"cc.Sprite","node":{"__id__":16},"_materials":[{"__uuid__":"ecpdLyjvZBwrvm+cedCcQy"}],"_spriteFrame":{"__uuid__":"ebm9zOQlFI4IGgCc9Owdfe"}},{"__type__":"15b42uAdtxGLJO3hSFb7eHo","node":{"__id__":16}}],"_prefab":{"__type__":"cc.PrefabInfo","root":{"__id__":1},"asset":{"__uuid__":"57pZUIiSFKmKwm33HwuP12"},"fileId":"dcpL6Qz7FGqJERY9LWGPL4"},"_contentSize":{"__type__":"cc.Size","width":56,"height":55},"_trs":{"__type__":"TypedArray","ctor":"Float64Array","array":[-77.127,-154.009,0,0,0,0,1,1,1,1]}},{"__type__":"cc.Node","_name":"lock","_parent":{"__id__":15},"_components":[{"__type__":"cc.Sprite","node":{"__id__":17},"_materials":[{"__uuid__":"ecpdLyjvZBwrvm+cedCcQy"}],"_spriteFrame":{"__uuid__":"ebm9zOQlFI4IGgCc9Owdfe"}},{"__type__":"15b42uAdtxGLJO3hSFb7eHo","node":{"__id__":17}}],"_prefab":{"__type__":"cc.PrefabInfo","root":{"__id__":1},"asset":{"__uuid__":"57pZUIiSFKmKwm33HwuP12"},"fileId":"771IIrQ0pNM6z0gEIcCkgm"},"_contentSize":{"__type__":"cc.Size","width":56,"height":55},"_trs":{"__type__":"TypedArray","ctor":"Float64Array","array":[-75.719,230.091,0,0,0,0,1,1,1,1]}},{"__type__":"cc.Node","_name":"yanjign","_parent":{"__id__":15},"_children":[{"__id__":19}],"_components":[{"__type__":"cc.Mask","node":{"__id__":18},"_materials":[{"__uuid__":"ecpdLyjvZBwrvm+cedCcQy"}],"_spriteFrame":{"__uuid__":"87S2gMlW9KLIjJWlE6evmw"},"_type":2},{"__type__":"cc.BoxCollider","node":{"__id__":18},"_offset":{"__type__":"cc.Vec2","x":-18,"y":1.7},"_size":{"__type__":"cc.Size","width":172,"height":385}}],"_prefab":{"__type__":"cc.PrefabInfo","root":{"__id__":1},"asset":{"__uuid__":"57pZUIiSFKmKwm33HwuP12"},"fileId":"1dG8QjLmpPyIePpS1+k3Ry"},"_contentSize":{"__type__":"cc.Size","width":201.5,"height":385},"_trs":{"__type__":"TypedArray","ctor":"Float64Array","array":[31.217,34.497,0,0,0,0,1,1,1,1]},"_groupIndex":26,"groupIndex":26},{"__type__":"cc.Node","_name":"yjdh","_parent":{"__id__":18},"_components":[{"__type__":"sp.Skeleton","node":{"__id__":19},"_materials":[{"__uuid__":"7a/QZLET9IDreTiBfRn2PD"}],"defaultAnimation":"m","_preCacheMode":0,"premultipliedAlpha":false,"_animationName":"m","_N$skeletonData":{"__uuid__":"c3VGNJO75D/4nsedQPqEKJ"}}],"_prefab":{"__type__":"cc.PrefabInfo","root":{"__id__":1},"asset":{"__uuid__":"57pZUIiSFKmKwm33HwuP12"},"fileId":"44uzOe6n5OdYyPUo57PgcF"},"_contentSize":{"__type__":"cc.Size","width":3240,"height":3072.9},"_trs":{"__type__":"TypedArray","ctor":"Float64Array","array":[-60.162,-116.866,0,0,0,-0.7071067811865475,0.7071067811865476,0.761,0.761,0.761]},"_eulerAngles":{"__type__":"cc.Vec3","z":-90}},{"__type__":"cc.Node","_name":"key","_parent":{"__id__":15},"_children":[{"__id__":21}],"_prefab":{"__type__":"cc.PrefabInfo","root":{"__id__":1},"asset":{"__uuid__":"57pZUIiSFKmKwm33HwuP12"},"fileId":"57UMd7pu5Ob79xgKqN84Sn"},"_contentSize":{"__type__":"cc.Size","width":100,"height":200},"_trs":{"__type__":"TypedArray","ctor":"Float64Array","array":[0,0,0,0,0,0,1,1,1,1]},"_groupIndex":15,"groupIndex":15},{"__type__":"cc.Node","_name":"icon","_parent":{"__id__":20},"_children":[{"__id__":22}],"_components":[{"__type__":"fcf5apGFRJIEZkZJ9CwiT4c","node":{"__id__":21},"where":1},{"__type__":"cc.Sprite","node":{"__id__":21},"_materials":[{"__uuid__":"ecpdLyjvZBwrvm+cedCcQy"}],"_spriteFrame":{"__uuid__":"01rhiu1vFM4afhf5HMmhY0"},"_type":1},{"__type__":"cc.RigidBody","node":{"__id__":21},"_type":0,"_allowSleep":false,"enabledContactListener":true},{"__type__":"cc.BoxCollider","node":{"__id__":21},"_size":{"__type__":"cc.Size","width":61,"height":500}},{"__type__":"cc.PhysicsPolygonCollider","node":{"__id__":21},"points":[{"__type__":"cc.Vec2","x":-80.5,"y":268.5},{"__type__":"cc.Vec2","x":-83.5,"y":265.5},{"__type__":"cc.Vec2","x":-83.5,"y":-168.5},{"__type__":"cc.Vec2","x":-80.5,"y":-171.5},{"__type__":"cc.Vec2","x":-8.5,"y":-171.5},{"__type__":"cc.Vec2","x":-9.5,"y":-189.5},{"__type__":"cc.Vec2","x":-12.5,"y":-191.5},{"__type__":"cc.Vec2","x":-14.5,"y":-196.5},{"__type__":"cc.Vec2","x":-21.5,"y":-199.5},{"__type__":"cc.Vec2","x":-28.5,"y":-206.5},{"__type__":"cc.Vec2","x":-33.5,"y":-215.5},{"__type__":"cc.Vec2","x":-35.5,"y":-221.5},{"__type__":"cc.Vec2","x":-35.5,"y":-239.5},{"__type__":"cc.Vec2","x":-28.5,"y":-254.5},{"__type__":"cc.Vec2","x":-18.5,"y":-263.5},{"__type__":"cc.Vec2","x":-6.5,"y":-268.5},{"__type__":"cc.Vec2","x":11.5,"y":-268.5},{"__type__":"cc.Vec2","x":23.5,"y":-263.5},{"__type__":"cc.Vec2","x":33.5,"y":-254.5},{"__type__":"cc.Vec2","x":40.5,"y":-239.5},{"__type__":"cc.Vec2","x":40.5,"y":-221.5},{"__type__":"cc.Vec2","x":38.5,"y":-215.5},{"__type__":"cc.Vec2","x":33.5,"y":-206.5},{"__type__":"cc.Vec2","x":26.5,"y":-199.5},{"__type__":"cc.Vec2","x":17.5,"y":-195.5},{"__type__":"cc.Vec2","x":16.5,"y":-192.5},{"__type__":"cc.Vec2","x":13.5,"y":-190.5},{"__type__":"cc.Vec2","x":12.5,"y":-171.5},{"__type__":"cc.Vec2","x":80.5,"y":-171.5},{"__type__":"cc.Vec2","x":83.5,"y":-168.5},{"__type__":"cc.Vec2","x":83.5,"y":-159.5},{"__type__":"cc.Vec2","x":80.5,"y":-156.5},{"__type__":"cc.Vec2","x":-68.5,"y":-156.5},{"__type__":"cc.Vec2","x":-68.5,"y":265.5},{"__type__":"cc.Vec2","x":-71.5,"y":268.5}]}],"_prefab":{"__type__":"cc.PrefabInfo","root":{"__id__":1},"asset":{"__uuid__":"57pZUIiSFKmKwm33HwuP12"},"fileId":"15tDPHhBhIErRY1mgv/KCu"},"_contentSize":{"__type__":"cc.Size","width":167,"height":537},"_trs":{"__type__":"TypedArray","ctor":"Float64Array","array":[0,18,0,0,0,0,1,1,1,1]},"_groupIndex":15,"groupIndex":15},{"__type__":"cc.Node","_name":"tu","_parent":{"__id__":21},"_active":false,"_components":[{"__type__":"cc.Sprite","node":{"__id__":22},"_materials":[{"__uuid__":"ecpdLyjvZBwrvm+cedCcQy"}],"_spriteFrame":{"__uuid__":"2cz+cE7+9Ew4OAT1j5nrvE"},"_sizeMode":0}],"_prefab":{"__type__":"cc.PrefabInfo","root":{"__id__":1},"asset":{"__uuid__":"57pZUIiSFKmKwm33HwuP12"},"fileId":"f8/rDCzplBvZB09+7XO5Oa"},"_contentSize":{"__type__":"cc.Size","width":383.5,"height":109.9},"_trs":{"__type__":"TypedArray","ctor":"Float64Array","array":[-13.615,31.606,0,0,0,-0.7071067811865475,0.7071067811865476,1,1,1]},"_eulerAngles":{"__type__":"cc.Vec3","z":-90}},{"__type__":"cc.Node","_name":"pubu","_parent":{"__id__":1},"_children":[{"__id__":24}],"_active":false,"_components":[{"__type__":"cc.Mask","node":{"__id__":23},"_materials":[{"__uuid__":"ecpdLyjvZBwrvm+cedCcQy"}],"_spriteFrame":{"__uuid__":"87S2gMlW9KLIjJWlE6evmw"},"_type":2},{"__type__":"cc.BoxCollider","node":{"__id__":23},"_offset":{"__type__":"cc.Vec2","x":86,"y":132},"_size":{"__type__":"cc.Size","width":328,"height":171}}],"_prefab":{"__type__":"cc.PrefabInfo","root":{"__id__":1},"asset":{"__uuid__":"57pZUIiSFKmKwm33HwuP12"},"fileId":"e85hUWcrZLeoGgWqD1fqEx"},"_contentSize":{"__type__":"cc.Size","width":500,"height":435},"_trs":{"__type__":"TypedArray","ctor":"Float64Array","array":[-296,161,0,0,0,0,1,1,1,1]},"_groupIndex":25,"groupIndex":25},{"__type__":"cc.Node","_name":"sldh","_parent":{"__id__":23},"_components":[{"__type__":"sp.Skeleton","node":{"__id__":24},"_materials":[{"__uuid__":"7a/QZLET9IDreTiBfRn2PD"}],"defaultAnimation":"animation","_preCacheMode":0,"premultipliedAlpha":false,"_animationName":"animation","_N$skeletonData":{"__uuid__":"20LpqFfx5CipgKbp4Y0zEU"}}],"_prefab":{"__type__":"cc.PrefabInfo","root":{"__id__":1},"asset":{"__uuid__":"57pZUIiSFKmKwm33HwuP12"},"fileId":"3fBdcRn7RGJYIB5Yh0mm6q"},"_contentSize":{"__type__":"cc.Size","width":749.41,"height":1206},"_trs":{"__type__":"TypedArray","ctor":"Float64Array","array":[61.68,639.518,0,0,0,0,1,1,1,1]}},{"__type__":"cc.Node","_name":"drumstick","_parent":{"__id__":1},"_prefab":{"__type__":"cc.PrefabInfo","root":{"__id__":1},"asset":{"__uuid__":"57pZUIiSFKmKwm33HwuP12"},"fileId":"23NlF8TztPz4Q5qCsE2Ylb"},"_contentSize":{"__type__":"cc.Size","width":146,"height":130},"_trs":{"__type__":"TypedArray","ctor":"Float64Array","array":[-100.75,468.434,0,0,0,0,1,0.5,0.5,1]}},{"__type__":"cc.Node","_name":"player","_parent":{"__id__":1},"_children":[{"__id__":27}],"_prefab":{"__type__":"cc.PrefabInfo","root":{"__id__":1},"asset":{"__uuid__":"57pZUIiSFKmKwm33HwuP12"},"fileId":"6cmek4Sa5LXL84tjBnPhGq"},"_contentSize":{"__type__":"cc.Size","width":245,"height":292},"_trs":{"__type__":"TypedArray","ctor":"Float64Array","array":[277.132,-417.969,0,0,0,0,1,0.5,0.5,1]}},{"__type__":"cc.Node","_name":"word","_parent":{"__id__":26},"_components":[{"__type__":"cc.Label","node":{"__id__":27},"_materials":[{"__uuid__":"ecpdLyjvZBwrvm+cedCcQy"}],"_N$horizontalAlign":1,"_N$verticalAlign":1}],"_prefab":{"__type__":"cc.PrefabInfo","root":{"__id__":1},"asset":{"__uuid__":"57pZUIiSFKmKwm33HwuP12"},"fileId":"5fEabmAGVKE4KCvpSRzY2z"},"_contentSize":{"__type__":"cc.Size","height":50.4},"_trs":{"__type__":"TypedArray","ctor":"Float64Array","array":[55.46,195.121,0,0,0,0,1,1,1,1]}},{"__type__":"cc.Node","_name":"key","_parent":{"__id__":1},"_children":[{"__id__":29},{"__id__":30},{"__id__":31}],"_prefab":{"__type__":"cc.PrefabInfo","root":{"__id__":1},"asset":{"__uuid__":"57pZUIiSFKmKwm33HwuP12"},"fileId":"d6ATXuFw5MjI6xfJFZN1Wi"},"_trs":{"__type__":"TypedArray","ctor":"Float64Array","array":[165.468,-290.925,0,0,0,1,6.123233995736766e-17,1,1,1]},"_eulerAngles":{"__type__":"cc.Vec3","z":180}},{"__type__":"cc.Node","_name":"lock","_parent":{"__id__":28},"_components":[{"__type__":"cc.Sprite","node":{"__id__":29},"_materials":[{"__uuid__":"ecpdLyjvZBwrvm+cedCcQy"}],"_spriteFrame":{"__uuid__":"ebm9zOQlFI4IGgCc9Owdfe"}},{"__type__":"15b42uAdtxGLJO3hSFb7eHo","node":{"__id__":29}}],"_prefab":{"__type__":"cc.PrefabInfo","root":{"__id__":1},"asset":{"__uuid__":"57pZUIiSFKmKwm33HwuP12"},"fileId":"50/tzAoaVNo6u2dKbov1IW"},"_contentSize":{"__type__":"cc.Size","width":56,"height":55},"_trs":{"__type__":"TypedArray","ctor":"Float64Array","array":[0,-155.984,0,0,0,0,1,1,1,1]}},{"__type__":"cc.Node","_name":"lock","_parent":{"__id__":28},"_components":[{"__type__":"cc.Sprite","node":{"__id__":30},"_materials":[{"__uuid__":"ecpdLyjvZBwrvm+cedCcQy"}],"_spriteFrame":{"__uuid__":"ebm9zOQlFI4IGgCc9Owdfe"}},{"__type__":"15b42uAdtxGLJO3hSFb7eHo","node":{"__id__":30}}],"_prefab":{"__type__":"cc.PrefabInfo","root":{"__id__":1},"asset":{"__uuid__":"57pZUIiSFKmKwm33HwuP12"},"fileId":"a7/nfudUFHYpsYquqLd5X+"},"_contentSize":{"__type__":"cc.Size","width":56,"height":55},"_trs":{"__type__":"TypedArray","ctor":"Float64Array","array":[0,249.421,0,0,0,0,1,1,1,1]}},{"__type__":"cc.Node","_name":"key","_parent":{"__id__":28},"_children":[{"__id__":32}],"_prefab":{"__type__":"cc.PrefabInfo","root":{"__id__":1},"asset":{"__uuid__":"57pZUIiSFKmKwm33HwuP12"},"fileId":"c3n01e9FNMpKr3hyye/aIt"},"_contentSize":{"__type__":"cc.Size","width":100,"height":200},"_trs":{"__type__":"TypedArray","ctor":"Float64Array","array":[0,0,0,0,0,0,1,1,1,1]},"_groupIndex":15,"groupIndex":15},{"__type__":"cc.Node","_name":"icon","_parent":{"__id__":31},"_components":[{"__type__":"fcf5apGFRJIEZkZJ9CwiT4c","node":{"__id__":32},"keyType":1,"where":1},{"__type__":"cc.Sprite","node":{"__id__":32},"_materials":[{"__uuid__":"ecpdLyjvZBwrvm+cedCcQy"}],"_spriteFrame":{"__uuid__":"6dXBYrBNtEiKJQUnopu+Lk"},"_type":1,"_sizeMode":0},{"__type__":"cc.RigidBody","node":{"__id__":32},"_type":0,"_allowSleep":false,"enabledContactListener":true},{"__type__":"cc.BoxCollider","node":{"__id__":32},"_offset":{"__type__":"cc.Vec2","x":0.3},"_size":{"__type__":"cc.Size","width":14.9,"height":500}}],"_prefab":{"__type__":"cc.PrefabInfo","root":{"__id__":1},"asset":{"__uuid__":"57pZUIiSFKmKwm33HwuP12"},"fileId":"ffgUH2uDBIUJKeM2IqFAZR"},"_contentSize":{"__type__":"cc.Size","width":76,"height":550},"_trs":{"__type__":"TypedArray","ctor":"Float64Array","array":[0,0,0,0,0,0,1,1,1,1]},"_groupIndex":15,"groupIndex":15},{"__type__":"cc.Node","_name":"New Node","_parent":{"__id__":1},"_components":[{"__type__":"cc.Mask","node":{"__id__":33},"_materials":[{"__uuid__":"ecpdLyjvZBwrvm+cedCcQy"}],"_type":2,"_N$alphaThreshold":0}],"_prefab":{"__type__":"cc.PrefabInfo","root":{"__id__":1},"asset":{"__uuid__":"57pZUIiSFKmKwm33HwuP12"},"fileId":"07nC/GIrRFhL0RRUdx5Sza"},"_trs":{"__type__":"TypedArray","ctor":"Float64Array","array":[0,0,0,0,0,0,1,1,1,1]}},{"__type__":"cc.Node","_name":"drumstick","_parent":{"__id__":1},"_components":[{"__type__":"cc.Sprite","node":{"__id__":34},"_materials":[{"__uuid__":"ecpdLyjvZBwrvm+cedCcQy"}],"_spriteFrame":{"__uuid__":"41In5eFZZAcrgFboYtZCx8"}},{"__type__":"8129dBaWYFCnbCuQ9KTwNkc","node":{"__id__":34}},{"__type__":"cc.PolygonCollider","node":{"__id__":34},"points":[{"__type__":"cc.Vec2","x":4.5,"y":87.5},{"__type__":"cc.Vec2","x":-8.5,"y":85.5},{"__type__":"cc.Vec2","x":-16.5,"y":81.5},{"__type__":"cc.Vec2","x":-23.5,"y":71.5},{"__type__":"cc.Vec2","x":-26.5,"y":56.5},{"__type__":"cc.Vec2","x":-29.5,"y":53.5},{"__type__":"cc.Vec2","x":-29.5,"y":51.5},{"__type__":"cc.Vec2","x":-33.5,"y":48.5},{"__type__":"cc.Vec2","x":-37.5,"y":39.5},{"__type__":"cc.Vec2","x":-42.5,"y":35.5},{"__type__":"cc.Vec2","x":-55.5,"y":32.5},{"__type__":"cc.Vec2","x":-61.5,"y":28.5},{"__type__":"cc.Vec2","x":-66.5,"y":16.5},{"__type__":"cc.Vec2","x":-68.5,"y":-1.5},{"__type__":"cc.Vec2","x":-67.5,"y":-33.5},{"__type__":"cc.Vec2","x":-62.5,"y":-56.5},{"__type__":"cc.Vec2","x":-55.5,"y":-70.5},{"__type__":"cc.Vec2","x":-42.5,"y":-81.5},{"__type__":"cc.Vec2","x":-31.5,"y":-85.5},{"__type__":"cc.Vec2","x":-19.5,"y":-87.5},{"__type__":"cc.Vec2","x":15.5,"y":-87.5},{"__type__":"cc.Vec2","x":34.5,"y":-83.5},{"__type__":"cc.Vec2","x":43.5,"y":-78.5},{"__type__":"cc.Vec2","x":50.5,"y":-71.5},{"__type__":"cc.Vec2","x":57.5,"y":-58.5},{"__type__":"cc.Vec2","x":61.5,"y":-39.5},{"__type__":"cc.Vec2","x":62.5,"y":2.5},{"__type__":"cc.Vec2","x":64.5,"y":13.5},{"__type__":"cc.Vec2","x":66.5,"y":16.5},{"__type__":"cc.Vec2","x":68.5,"y":32.5},{"__type__":"cc.Vec2","x":68.5,"y":49.5},{"__type__":"cc.Vec2","x":66.5,"y":64.5},{"__type__":"cc.Vec2","x":63.5,"y":71.5},{"__type__":"cc.Vec2","x":57.5,"y":77.5},{"__type__":"cc.Vec2","x":55.5,"y":77.5},{"__type__":"cc.Vec2","x":54.5,"y":79.5},{"__type__":"cc.Vec2","x":45.5,"y":84.5},{"__type__":"cc.Vec2","x":29.5,"y":87.5}]},{"__type__":"cc.RigidBody","node":{"__id__":34},"_allowSleep":false,"_fixedRotation":true,"enabledContactListener":true},{"__type__":"cc.PhysicsPolygonCollider","node":{"__id__":34},"points":[{"__type__":"cc.Vec2","x":-50,"y":-50},{"__type__":"cc.Vec2","x":50,"y":-50},{"__type__":"cc.Vec2","x":50,"y":50},{"__type__":"cc.Vec2","x":-50,"y":50}]}],"_prefab":{"__type__":"cc.PrefabInfo","root":{"__id__":1},"asset":{"__uuid__":"57pZUIiSFKmKwm33HwuP12"},"fileId":"65MS5jgi9FI5//qO8ljZ4E"},"_contentSize":{"__type__":"cc.Size","width":137,"height":175},"_trs":{"__type__":"TypedArray","ctor":"Float64Array","array":[-100.75,468.434,0,0,0,0,1,1,1,1]},"_groupIndex":18,"groupIndex":18},{"__type__":"cc.Node","_name":"pifu","_parent":{"__id__":1},"_components":[{"__type__":"sp.Skeleton","node":{"__id__":35},"_materials":[{"__uuid__":"7a/QZLET9IDreTiBfRn2PD"}],"defaultAnimation":"youdong1","_preCacheMode":0,"premultipliedAlpha":false,"_animationName":"youdong1","_N$skeletonData":{"__uuid__":"7eXUSETlJAmq9Nf/NmhP+m"}},{"__type__":"cc.BoxCollider","node":{"__id__":35},"_offset":{"__type__":"cc.Vec2","x":15,"y":-6},"_size":{"__type__":"cc.Size","width":111,"height":58}},{"__type__":"01f289XMctJip07hmhMcMgM","node":{"__id__":35}}],"_prefab":{"__type__":"cc.PrefabInfo","root":{"__id__":1},"asset":{"__uuid__":"57pZUIiSFKmKwm33HwuP12"},"fileId":"481uGAT09JB41PlTJsKg/S"},"_contentSize":{"__type__":"cc.Size","width":298.26,"height":205.43},"_trs":{"__type__":"TypedArray","ctor":"Float64Array","array":[292.685,-417.969,0,0,0,0,1,-1,1,-1]},"_groupIndex":19,"groupIndex":19},{"__type__":"cc.Node","_name":"water","_parent":{"__id__":1},"_children":[{"__id__":37},{"__id__":38},{"__id__":39}],"_active":false,"_prefab":{"__type__":"cc.PrefabInfo","root":{"__id__":1},"asset":{"__uuid__":"57pZUIiSFKmKwm33HwuP12"},"fileId":"69rKG/Wo9FD4bOEXPPbiXE"},"_trs":{"__type__":"TypedArray","ctor":"Float64Array","array":[0,0,0,0,0,0,1,1,1,1]}},{"__type__":"cc.Node","_name":"water_1","_parent":{"__id__":36},"_components":[{"__type__":"cc.Sprite","node":{"__id__":37},"_materials":[{"__uuid__":"ecpdLyjvZBwrvm+cedCcQy"}],"_spriteFrame":{"__uuid__":"3eRXX88YdI3LP+RnRI+EiS"}}],"_prefab":{"__type__":"cc.PrefabInfo","root":{"__id__":1},"asset":{"__uuid__":"57pZUIiSFKmKwm33HwuP12"},"fileId":"1ejzqi8uBLwr2GBNbtHCYZ"},"_contentSize":{"__type__":"cc.Size","width":1080,"height":514},"_trs":{"__type__":"TypedArray","ctor":"Float64Array","array":[-75.025,-413.245,0,0,0,0,1,1,0.5,1]}},{"__type__":"cc.Node","_name":"water_2","_parent":{"__id__":36},"_components":[{"__type__":"cc.Sprite","node":{"__id__":38},"_materials":[{"__uuid__":"ecpdLyjvZBwrvm+cedCcQy"}],"_spriteFrame":{"__uuid__":"9c2GIlNo9IErO0lnFshvZw"}}],"_prefab":{"__type__":"cc.PrefabInfo","root":{"__id__":1},"asset":{"__uuid__":"57pZUIiSFKmKwm33HwuP12"},"fileId":"49LyeDEphFhrm1XNz5rjn7"},"_contentSize":{"__type__":"cc.Size","width":1080,"height":514},"_trs":{"__type__":"TypedArray","ctor":"Float64Array","array":[1004.865,-412.794,0,0,0,0,1,1,0.5,1]}},{"__type__":"cc.Node","_name":"water_3","_parent":{"__id__":36},"_components":[{"__type__":"cc.Sprite","node":{"__id__":39},"_materials":[{"__uuid__":"ecpdLyjvZBwrvm+cedCcQy"}],"_spriteFrame":{"__uuid__":"474M9FEZNAWqSsQuot4jJ0"}}],"_prefab":{"__type__":"cc.PrefabInfo","root":{"__id__":1},"asset":{"__uuid__":"57pZUIiSFKmKwm33HwuP12"},"fileId":"5eu6f3XIJIi6bpI53SUoiF"},"_contentSize":{"__type__":"cc.Size","width":1080,"height":508},"_trs":{"__type__":"TypedArray","ctor":"Float64Array","array":[-1155.662,-414.01,0,0,0,0,1,1,0.5,1]}},{"__type__":"cc.Node","_name":"wall","_parent":{"__id__":1},"_components":[{"__type__":"cc.RigidBody","node":{"__id__":40},"_type":0},{"__type__":"cc.PhysicsBoxCollider","node":{"__id__":40},"_offset":{"__type__":"cc.Vec2","x":-14,"y":-509},"_size":{"__type__":"cc.Size","width":738,"height":134}}],"_prefab":{"__type__":"cc.PrefabInfo","root":{"__id__":1},"asset":{"__uuid__":"57pZUIiSFKmKwm33HwuP12"},"fileId":"53/KPqQ1dH+aHNYEo+M465"},"_trs":{"__type__":"TypedArray","ctor":"Float64Array","array":[0,0,0,0,0,0,1,1,1,1]},"_groupIndex":17,"groupIndex":17},{"__type__":"cc.Node","_name":"close","_parent":{"__id__":1},"_components":[{"__type__":"cc.BoxCollider","node":{"__id__":41}}],"_prefab":{"__type__":"cc.PrefabInfo","root":{"__id__":1},"asset":{"__uuid__":"57pZUIiSFKmKwm33HwuP12"},"fileId":"70jWoZbK5I3JV8cdblgkFG"},"_trs":{"__type__":"TypedArray","ctor":"Float64Array","array":[1.64,0,0,0,0,0,1,1,1,1]},"_groupIndex":23,"groupIndex":23},{"__type__":"cc.Node","_name":"hintLable","_parent":{"__id__":1},"_components":[{"__type__":"cc.Label","node":{"__id__":42},"_materials":[{"__uuid__":"ecpdLyjvZBwrvm+cedCcQy"}],"_useOriginalSize":false,"_string":"jjxjy.level6","_N$string":"jjxjy.level6","_fontSize":32.99999999999997,"_N$horizontalAlign":1,"_N$verticalAlign":1,"_N$overflow":3},{"__type__":"744dcs4DCdNprNhG0xwq6FK","node":{"__id__":42},"_dataID":"jjxjy.level6"}],"_prefab":{"__type__":"cc.PrefabInfo","root":{"__id__":1},"asset":{"__uuid__":"57pZUIiSFKmKwm33HwuP12"},"fileId":"22OSaRQG9AYqN9tYt3idTa"},"_opacity":0,"_color":{"__type__":"cc.Color","r":253,"g":29,"b":29},"_contentSize":{"__type__":"cc.Size","width":324,"height":50.4},"_trs":{"__type__":"TypedArray","ctor":"Float64Array","array":[-215.403,108.197,0,0,0,0,1,1,1,1]}}],{"__type__":"cc.SpriteFrame","content":{"name":"pubuz","texture":"61d8YzCHhKibNmMhM7SbjM","rect":[0,0,372,149],"offset":[0,0],"originalSize":[372,149],"capInsets":[0,0,0,0]}},{"__type__":"cc.SpriteFrame","content":{"name":"water_2","texture":"d1b5zUswFPyZ4RPDwOqKBk","rect":[0,0,1080,514],"offset":[0,0],"originalSize":[1080,514],"capInsets":[0,0,0,0]}}]