[[{"__type__":"cc.Prefab","_name":"UIDerived7","data":{"__id__":1}},{"__type__":"cc.Node","_name":"UIDerived7","_children":[{"__type__":"cc.Node","_name":"player","_parent":{"__id__":1},"_prefab":{"__type__":"cc.PrefabInfo","root":{"__id__":1},"asset":{"__uuid__":"7bAONvYpRLfpxmUF50HkAL"},"fileId":"61ekCNqKJM87qZF14VbfpJ"},"_contentSize":{"__type__":"cc.Size","width":234.2,"height":136},"_trs":{"__type__":"TypedArray","ctor":"Float64Array","array":[-30.126,-577.96,0,0,0,0,1,0.7,0.7,0.7]}},{"__id__":2},{"__id__":3},{"__type__":"cc.Node","_name":"bule_node","_parent":{"__id__":1},"_prefab":{"__type__":"cc.PrefabInfo","root":{"__id__":1},"asset":{"__uuid__":"7bAONvYpRLfpxmUF50HkAL"},"fileId":"4dD9AU9jpFT5ttqjTtyKfQ"},"_trs":{"__type__":"TypedArray","ctor":"Float64Array","array":[0,0,0,0,0,0,1,1,1,1]}},{"__type__":"cc.Node","_name":"greenwater_node","_parent":{"__id__":1},"_prefab":{"__type__":"cc.PrefabInfo","root":{"__id__":1},"asset":{"__uuid__":"7bAONvYpRLfpxmUF50HkAL"},"fileId":"74VeTS5bBNGokWBN0To4a6"},"_trs":{"__type__":"TypedArray","ctor":"Float64Array","array":[0,0,0,0,0,0,1,1,1,1]}},{"__type__":"cc.Node","_name":"redwater_node","_parent":{"__id__":1},"_prefab":{"__type__":"cc.PrefabInfo","root":{"__id__":1},"asset":{"__uuid__":"7bAONvYpRLfpxmUF50HkAL"},"fileId":"fbGQlGMpNIubGxsm1akUos"},"_trs":{"__type__":"TypedArray","ctor":"Float64Array","array":[0,0,0,0,0,0,1,1,1,1]}},{"__id__":4},{"__type__":"cc.Node","_name":"gray_node","_parent":{"__id__":1},"_prefab":{"__type__":"cc.PrefabInfo","root":{"__id__":1},"asset":{"__uuid__":"7bAONvYpRLfpxmUF50HkAL"},"fileId":"b1orbV8idDh71aJalfj9eP"},"_trs":{"__type__":"TypedArray","ctor":"Float64Array","array":[0,0,0,0,0,0,1,1,1,1]}},{"__id__":5},{"__type__":"cc.Node","_name":"redPos_node","_parent":{"__id__":1},"_prefab":{"__type__":"cc.PrefabInfo","root":{"__id__":1},"asset":{"__uuid__":"7bAONvYpRLfpxmUF50HkAL"},"fileId":"bcbA7muwlBML/hGXGZX0tx"},"_trs":{"__type__":"TypedArray","ctor":"Float64Array","array":[0,0,0,0,0,0,1,1,1,1]}},{"__type__":"cc.Node","_name":"greenPos_node","_parent":{"__id__":1},"_prefab":{"__type__":"cc.PrefabInfo","root":{"__id__":1},"asset":{"__uuid__":"7bAONvYpRLfpxmUF50HkAL"},"fileId":"a7B1cIP2dNVoJW4FCl4I7s"},"_trs":{"__type__":"TypedArray","ctor":"Float64Array","array":[0,0,0,0,0,0,1,1,1,1]}},{"__id__":6},{"__id__":8},{"__id__":10}],"_components":[{"__type__":"cc.Sprite","node":{"__id__":1},"_materials":[{"__uuid__":"ecpdLyjvZBwrvm+cedCcQy"}],"_spriteFrame":{"__uuid__":"c3/Dk7/ThGU70zgJEJEawv"}},{"__type__":"cc.RigidBody","node":{"__id__":1},"_type":0},{"__type__":"cc.PhysicsPolygonCollider","node":{"__id__":1},"_offset":{"__type__":"cc.Vec2","x":-193,"y":319},"points":[{"__type__":"cc.Vec2","x":891,"y":526},{"__type__":"cc.Vec2","x":-404,"y":520},{"__type__":"cc.Vec2","x":-122,"y":369},{"__type__":"cc.Vec2","x":79,"y":373},{"__type__":"cc.Vec2","x":83,"y":104},{"__type__":"cc.Vec2","x":138,"y":56},{"__type__":"cc.Vec2","x":728,"y":-289},{"__type__":"cc.Vec2","x":891,"y":-206},{"__type__":"cc.Vec2","x":1567,"y":-409},{"__type__":"cc.Vec2","x":1412,"y":-906},{"__type__":"cc.Vec2","x":324,"y":-328},{"__type__":"cc.Vec2","x":289,"y":-345},{"__type__":"cc.Vec2","x":269,"y":-390},{"__type__":"cc.Vec2","x":266,"y":-461},{"__type__":"cc.Vec2","x":274,"y":-559},{"__type__":"cc.Vec2","x":305,"y":-721},{"__type__":"cc.Vec2","x":311,"y":-879},{"__type__":"cc.Vec2","x":290,"y":-945},{"__type__":"cc.Vec2","x":236,"y":-998},{"__type__":"cc.Vec2","x":140,"y":-1013},{"__type__":"cc.Vec2","x":57,"y":-981},{"__type__":"cc.Vec2","x":12,"y":-909},{"__type__":"cc.Vec2","x":5,"y":-793},{"__type__":"cc.Vec2","x":123,"y":-259},{"__type__":"cc.Vec2","x":131,"y":-197},{"__type__":"cc.Vec2","x":74,"y":-171},{"__type__":"cc.Vec2","x":-823,"y":-1209},{"__type__":"cc.Vec2","x":-795,"y":-249},{"__type__":"cc.Vec2","x":-347,"y":-341},{"__type__":"cc.Vec2","x":-134,"y":-79},{"__type__":"cc.Vec2","x":-122,"y":368},{"__type__":"cc.Vec2","x":-405,"y":521},{"__type__":"cc.Vec2","x":-1225,"y":-438},{"__type__":"cc.Vec2","x":-1046,"y":-1218},{"__type__":"cc.Vec2","x":-416,"y":-1225},{"__type__":"cc.Vec2","x":858,"y":-1244},{"__type__":"cc.Vec2","x":1488,"y":-1232},{"__type__":"cc.Vec2","x":1610,"y":33}]},{"__type__":"1100eDGpRlLMYp5CrYQGpcQ","node":{"__id__":1}}],"_prefab":{"__type__":"cc.PrefabInfo","root":{"__id__":1},"asset":{"__uuid__":"7bAONvYpRLfpxmUF50HkAL"},"fileId":"51v3cujMVOg6RVzc2UW5r2"},"_contentSize":{"__type__":"cc.Size","width":1080,"height":1464},"_trs":{"__type__":"TypedArray","ctor":"Float64Array","array":[0,0,0,0,0,0,1,1,1,1]}},{"__type__":"cc.Node","_name":"outsize","_parent":{"__id__":1},"_components":[{"__type__":"cc.RigidBody","node":{"__id__":2},"_type":0,"enabledContactListener":true},{"__type__":"cc.PhysicsBoxCollider","node":{"__id__":2},"_sensor":true,"_offset":{"__type__":"cc.Vec2","x":537,"y":-453},"_size":{"__type__":"cc.Size","width":45,"height":416}},{"__type__":"88fdbqXNLxKvYazHV1tJhDp","node":{"__id__":2}}],"_prefab":{"__type__":"cc.PrefabInfo","root":{"__id__":1},"asset":{"__uuid__":"7bAONvYpRLfpxmUF50HkAL"},"fileId":"c51FQxy9VDjraDgQos4YY9"},"_trs":{"__type__":"TypedArray","ctor":"Float64Array","array":[21.536,365.276,0,0,0,0,1,1,1,1]}},{"__type__":"cc.Node","_name":"outsize","_parent":{"__id__":1},"_components":[{"__type__":"cc.RigidBody","node":{"__id__":3},"_type":0,"enabledContactListener":true},{"__type__":"cc.PhysicsBoxCollider","node":{"__id__":3},"_sensor":true,"_offset":{"__type__":"cc.Vec2","x":537,"y":-453},"_size":{"__type__":"cc.Size","width":45,"height":416}},{"__type__":"88fdbqXNLxKvYazHV1tJhDp","node":{"__id__":3}}],"_prefab":{"__type__":"cc.PrefabInfo","root":{"__id__":1},"asset":{"__uuid__":"7bAONvYpRLfpxmUF50HkAL"},"fileId":"b5PxtwmGREiqLlhv2F4aMn"},"_trs":{"__type__":"TypedArray","ctor":"Float64Array","array":[-1092.864,274.766,0,0,0,0,1,1,1,1]}},{"__type__":"cc.Node","_name":"black_node","_parent":{"__id__":1},"_components":[{"__type__":"6c0e8KZwr5L34azTYX21stu","node":{"__id__":4}}],"_prefab":{"__type__":"cc.PrefabInfo","root":{"__id__":1},"asset":{"__uuid__":"7bAONvYpRLfpxmUF50HkAL"},"fileId":"41V8eObJNNqpXVkVgoh5o+"},"_trs":{"__type__":"TypedArray","ctor":"Float64Array","array":[0,0,0,0,0,0,1,1,1,1]}},{"__type__":"cc.Node","_name":"bulePos_node","_parent":{"__id__":1},"_children":[{"__type__":"cc.Node","_name":"New Node","_parent":{"__id__":5},"_prefab":{"__type__":"cc.PrefabInfo","root":{"__id__":1},"asset":{"__uuid__":"7bAONvYpRLfpxmUF50HkAL"},"fileId":"5bdXe4FW1Lb6bnhJd0A3O+"},"_trs":{"__type__":"TypedArray","ctor":"Float64Array","array":[-214.251,387.078,0,0,0,0,1,1,1,1]}}],"_prefab":{"__type__":"cc.PrefabInfo","root":{"__id__":1},"asset":{"__uuid__":"7bAONvYpRLfpxmUF50HkAL"},"fileId":"78t0OIfz5OebsgQijFOKyc"},"_trs":{"__type__":"TypedArray","ctor":"Float64Array","array":[0,0,0,0,0,0,1,1,1,1]}},{"__type__":"cc.Node","_name":"zhenNode","_parent":{"__id__":1},"_children":[{"__id__":7}],"_prefab":{"__type__":"cc.PrefabInfo","root":{"__id__":1},"asset":{"__uuid__":"7bAONvYpRLfpxmUF50HkAL"},"fileId":"e0uKOUs4VK+J2bSy/UEc9u"},"_trs":{"__type__":"TypedArray","ctor":"Float64Array","array":[15.944,297.679,0,0,0,0.4383711467890774,0.898794046299167,1,1,1]},"_eulerAngles":{"__type__":"cc.Vec3","z":52},"_groupIndex":8,"groupIndex":8},{"__type__":"cc.Node","_name":"zhen","_parent":{"__id__":6},"_components":[{"__type__":"cc.Sprite","node":{"__id__":7},"_materials":[{"__uuid__":"ecpdLyjvZBwrvm+cedCcQy"}],"_spriteFrame":{"__uuid__":"81u1O4l2lM2IGXbUA/0aw7"},"_type":1,"_sizeMode":0},{"__type__":"cc.RigidBody","node":{"__id__":7},"_type":3,"_allowSleep":false,"_gravityScale":0,"_fixedRotation":true,"enabledContactListener":true},{"__type__":"cc.PhysicsPolygonCollider","node":{"__id__":7},"tag":222,"_offset":{"__type__":"cc.Vec2","x":-58,"y":1},"points":[{"__type__":"cc.Vec2","x":292.8,"y":-0.9},{"__type__":"cc.Vec2","x":258.7,"y":49.5},{"__type__":"cc.Vec2","x":208.8,"y":46},{"__type__":"cc.Vec2","x":186.5,"y":28.5},{"__type__":"cc.Vec2","x":-157.2,"y":35.1},{"__type__":"cc.Vec2","x":-163,"y":3.8},{"__type__":"cc.Vec2","x":-163.4,"y":-40.9},{"__type__":"cc.Vec2","x":185.2,"y":-30.6},{"__type__":"cc.Vec2","x":222.5,"y":-54.6},{"__type__":"cc.Vec2","x":270.3,"y":-48}]},{"__type__":"72555Q9muRD1505Zi2fOOxm","node":{"__id__":7},"linevelocityX":500}],"_prefab":{"__type__":"cc.PrefabInfo","root":{"__id__":1},"asset":{"__uuid__":"7bAONvYpRLfpxmUF50HkAL"},"fileId":"9e9XVCvnVPmKLmYjka5pj9"},"_contentSize":{"__type__":"cc.Size","width":472,"height":111},"_trs":{"__type__":"TypedArray","ctor":"Float64Array","array":[0,0,0,0,0,0,1,0.8,0.8,0.8]},"_groupIndex":8,"groupIndex":8},{"__type__":"cc.Node","_name":"zhenNode","_parent":{"__id__":1},"_children":[{"__id__":9}],"_prefab":{"__type__":"cc.PrefabInfo","root":{"__id__":1},"asset":{"__uuid__":"7bAONvYpRLfpxmUF50HkAL"},"fileId":"87HbzpiFNOSbAxAE+JBIMl"},"_trs":{"__type__":"TypedArray","ctor":"Float64Array","array":[259.831,158.293,0,0,0,0.4383711467890774,0.898794046299167,1,1,1]},"_eulerAngles":{"__type__":"cc.Vec3","z":52},"_groupIndex":8,"groupIndex":8},{"__type__":"cc.Node","_name":"zhen","_parent":{"__id__":8},"_components":[{"__type__":"cc.Sprite","node":{"__id__":9},"_materials":[{"__uuid__":"ecpdLyjvZBwrvm+cedCcQy"}],"_spriteFrame":{"__uuid__":"81u1O4l2lM2IGXbUA/0aw7"},"_type":1,"_sizeMode":0},{"__type__":"cc.RigidBody","node":{"__id__":9},"_type":3,"_allowSleep":false,"_gravityScale":0,"_fixedRotation":true,"enabledContactListener":true},{"__type__":"cc.PhysicsPolygonCollider","node":{"__id__":9},"tag":222,"_offset":{"__type__":"cc.Vec2","x":-58,"y":1},"points":[{"__type__":"cc.Vec2","x":292.8,"y":-0.9},{"__type__":"cc.Vec2","x":258.7,"y":49.5},{"__type__":"cc.Vec2","x":208.8,"y":46},{"__type__":"cc.Vec2","x":190.5,"y":30},{"__type__":"cc.Vec2","x":-166,"y":40},{"__type__":"cc.Vec2","x":-165,"y":10},{"__type__":"cc.Vec2","x":-161,"y":-31},{"__type__":"cc.Vec2","x":182.5,"y":-28.4},{"__type__":"cc.Vec2","x":222.5,"y":-54.6},{"__type__":"cc.Vec2","x":270.3,"y":-48}]},{"__type__":"72555Q9muRD1505Zi2fOOxm","node":{"__id__":9},"linevelocityX":500}],"_prefab":{"__type__":"cc.PrefabInfo","root":{"__id__":1},"asset":{"__uuid__":"7bAONvYpRLfpxmUF50HkAL"},"fileId":"0dcpiiiC9CHZJpO8qW9vXa"},"_contentSize":{"__type__":"cc.Size","width":472,"height":111},"_trs":{"__type__":"TypedArray","ctor":"Float64Array","array":[0,0,0,0,0,0,1,0.8,0.8,0.8]},"_groupIndex":8,"groupIndex":8},{"__type__":"cc.Node","_name":"zhenNode","_parent":{"__id__":1},"_children":[{"__id__":11}],"_prefab":{"__type__":"cc.PrefabInfo","root":{"__id__":1},"asset":{"__uuid__":"7bAONvYpRLfpxmUF50HkAL"},"fileId":"233Tyxwq5MpqrKyH4ethmw"},"_trs":{"__type__":"TypedArray","ctor":"Float64Array","array":[-36.787,95.328,0,0,0,0.9681323437276834,0.2504391443611453,1,1,1]},"_eulerAngles":{"__type__":"cc.Vec3","z":150.993},"_groupIndex":8,"groupIndex":8},{"__type__":"cc.Node","_name":"zhen","_parent":{"__id__":10},"_components":[{"__type__":"cc.Sprite","node":{"__id__":11},"_materials":[{"__uuid__":"ecpdLyjvZBwrvm+cedCcQy"}],"_spriteFrame":{"__uuid__":"81u1O4l2lM2IGXbUA/0aw7"},"_type":1,"_sizeMode":0},{"__type__":"cc.RigidBody","node":{"__id__":11},"_type":3,"_allowSleep":false,"_gravityScale":0,"_fixedRotation":true,"enabledContactListener":true},{"__type__":"cc.PhysicsPolygonCollider","node":{"__id__":11},"tag":222,"_offset":{"__type__":"cc.Vec2","x":-1.8,"y":-1},"points":[{"__type__":"cc.Vec2","x":586.3,"y":-3.3},{"__type__":"cc.Vec2","x":570.7,"y":39.8},{"__type__":"cc.Vec2","x":535.3,"y":52.9},{"__type__":"cc.Vec2","x":481.4,"y":18.5},{"__type__":"cc.Vec2","x":-572.3,"y":14.3},{"__type__":"cc.Vec2","x":-586.2,"y":3.7},{"__type__":"cc.Vec2","x":-583,"y":-34},{"__type__":"cc.Vec2","x":482,"y":-31},{"__type__":"cc.Vec2","x":500.5,"y":-44.5},{"__type__":"cc.Vec2","x":548.3,"y":-52.3}]},{"__type__":"72555Q9muRD1505Zi2fOOxm","node":{"__id__":11},"linevelocityX":1000}],"_prefab":{"__type__":"cc.PrefabInfo","root":{"__id__":1},"asset":{"__uuid__":"7bAONvYpRLfpxmUF50HkAL"},"fileId":"96GG+e6dZFR4C2BhMKxRjl"},"_contentSize":{"__type__":"cc.Size","width":1176,"height":111},"_trs":{"__type__":"TypedArray","ctor":"Float64Array","array":[0,0,0,0,0,0,1,0.8,0.8,0.8]},"_groupIndex":8,"groupIndex":8}],{"__type__":"cc.SpriteFrame","content":{"name":"guanqia6","texture":"4bJPzOkppNHrAvM4Zt3npu","rect":[0,1,1080,1464],"offset":[0,0],"originalSize":[1080,1466],"capInsets":[0,0,0,0]}}]