[[{"__type__":"cc.Prefab","_name":"UIDerived56","data":{"__id__":1}},{"__type__":"cc.Node","_name":"UIDerived65","_children":[{"__type__":"cc.Node","_name":"bule_node","_parent":{"__id__":1},"_prefab":{"__type__":"cc.PrefabInfo","root":{"__id__":1},"asset":{"__uuid__":"9ddC3tLrlPOqV8Gvon8AjP"},"fileId":"5dlPIzbH1C+42Wtc+XlA3g"},"_trs":{"__type__":"TypedArray","ctor":"Float64Array","array":[0,0,0,0,0,0,1,1,1,1]}},{"__type__":"cc.Node","_name":"greenwater_node","_parent":{"__id__":1},"_prefab":{"__type__":"cc.PrefabInfo","root":{"__id__":1},"asset":{"__uuid__":"9ddC3tLrlPOqV8Gvon8AjP"},"fileId":"a8zvHeAotG6rWGUeQ93T3O"},"_trs":{"__type__":"TypedArray","ctor":"Float64Array","array":[0,0,0,0,0,0,1,1,1,1]}},{"__type__":"cc.Node","_name":"redwater_node","_parent":{"__id__":1},"_prefab":{"__type__":"cc.PrefabInfo","root":{"__id__":1},"asset":{"__uuid__":"9ddC3tLrlPOqV8Gvon8AjP"},"fileId":"e0xyZ/pVJPQJ77QGUa8TTW"},"_trs":{"__type__":"TypedArray","ctor":"Float64Array","array":[0,0,0,0,0,0,1,1,1,1]}},{"__id__":2},{"__id__":3},{"__id__":4},{"__id__":5},{"__type__":"cc.Node","_name":"greenPos_node","_parent":{"__id__":1},"_prefab":{"__type__":"cc.PrefabInfo","root":{"__id__":1},"asset":{"__uuid__":"9ddC3tLrlPOqV8Gvon8AjP"},"fileId":"2a5g8fseNI/KXlsnWbItmS"},"_trs":{"__type__":"TypedArray","ctor":"Float64Array","array":[0,0,0,0,0,0,1,1,1,1]}},{"__type__":"cc.Node","_name":"player","_parent":{"__id__":1},"_prefab":{"__type__":"cc.PrefabInfo","root":{"__id__":1},"asset":{"__uuid__":"9ddC3tLrlPOqV8Gvon8AjP"},"fileId":"20XLMiFYtIUaDqtIQo6q3g"},"_contentSize":{"__type__":"cc.Size","width":240,"height":140},"_trs":{"__type__":"TypedArray","ctor":"Float64Array","array":[-51.763,-646.667,0,0,0,0,1,-0.7,0.7,1]}},{"__type__":"cc.Node","_name":"enemy","_parent":{"__id__":1},"_prefab":{"__type__":"cc.PrefabInfo","root":{"__id__":1},"asset":{"__uuid__":"9ddC3tLrlPOqV8Gvon8AjP"},"fileId":"43isdM5YVAx7whCj5AKZQe"},"_trs":{"__type__":"TypedArray","ctor":"Float64Array","array":[275.103,-636.81,0,0,0,0,1,1,1,1]}},{"__id__":6},{"__id__":9},{"__id__":12},{"__id__":15}],"_components":[{"__type__":"cc.Sprite","node":{"__id__":1},"_materials":[{"__uuid__":"ecpdLyjvZBwrvm+cedCcQy"}],"_spriteFrame":{"__uuid__":"c8Ph9dFo1Gq705hsOUmSPe"}},{"__type__":"cc.RigidBody","node":{"__id__":1},"_type":0},{"__type__":"cc.PhysicsPolygonCollider","node":{"__id__":1},"_offset":{"__type__":"cc.Vec2","x":-434,"y":724},"points":[{"__type__":"cc.Vec2","x":-50,"y":-1487},{"__type__":"cc.Vec2","x":922,"y":-1490},{"__type__":"cc.Vec2","x":922,"y":36},{"__type__":"cc.Vec2","x":809.6,"y":-17.4},{"__type__":"cc.Vec2","x":808,"y":-153},{"__type__":"cc.Vec2","x":174,"y":-284.5},{"__type__":"cc.Vec2","x":114.2,"y":-401.7},{"__type__":"cc.Vec2","x":124,"y":-431},{"__type__":"cc.Vec2","x":577,"y":-432},{"__type__":"cc.Vec2","x":578.8,"y":-308.1},{"__type__":"cc.Vec2","x":869.4,"y":-312.4},{"__type__":"cc.Vec2","x":867,"y":-1427},{"__type__":"cc.Vec2","x":577.5,"y":-1434.6},{"__type__":"cc.Vec2","x":576.3,"y":-1267},{"__type__":"cc.Vec2","x":764,"y":-1268},{"__type__":"cc.Vec2","x":770,"y":-446},{"__type__":"cc.Vec2","x":700,"y":-433},{"__type__":"cc.Vec2","x":682,"y":-543},{"__type__":"cc.Vec2","x":103,"y":-529},{"__type__":"cc.Vec2","x":110,"y":-626},{"__type__":"cc.Vec2","x":683,"y":-636},{"__type__":"cc.Vec2","x":680.1,"y":-1176},{"__type__":"cc.Vec2","x":488,"y":-1177.1},{"__type__":"cc.Vec2","x":487,"y":-1436},{"__type__":"cc.Vec2","x":256,"y":-1434},{"__type__":"cc.Vec2","x":253.9,"y":-1269.3},{"__type__":"cc.Vec2","x":382.8,"y":-1270.7},{"__type__":"cc.Vec2","x":386,"y":-1179},{"__type__":"cc.Vec2","x":7,"y":-1173},{"__type__":"cc.Vec2","x":-2,"y":-494},{"__type__":"cc.Vec2","x":7,"y":-410},{"__type__":"cc.Vec2","x":67,"y":-257},{"__type__":"cc.Vec2","x":69,"y":-15},{"__type__":"cc.Vec2","x":806.4,"y":-16.4},{"__type__":"cc.Vec2","x":920,"y":37},{"__type__":"cc.Vec2","x":-50,"y":50}]},{"__type__":"cc.PhysicsPolygonCollider","node":{"__id__":1},"_offset":{"__type__":"cc.Vec2","x":-281,"y":-52},"points":[{"__type__":"cc.Vec2","x":-48,"y":-300.4},{"__type__":"cc.Vec2","x":132.2,"y":-300.5},{"__type__":"cc.Vec2","x":130.4,"y":44.4},{"__type__":"cc.Vec2","x":-47,"y":42.1}]},{"__type__":"cc.PhysicsPolygonCollider","node":{"__id__":1},"_offset":{"__type__":"cc.Vec2","x":15,"y":-53},"points":[{"__type__":"cc.Vec2","x":-48,"y":-300.4},{"__type__":"cc.Vec2","x":132.2,"y":-300.5},{"__type__":"cc.Vec2","x":130.4,"y":44.4},{"__type__":"cc.Vec2","x":-47,"y":42.1}]},{"__type__":"1100eDGpRlLMYp5CrYQGpcQ","node":{"__id__":1},"player_happy":true}],"_prefab":{"__type__":"cc.PrefabInfo","root":{"__id__":1},"asset":{"__uuid__":"9ddC3tLrlPOqV8Gvon8AjP"},"fileId":"6dCYyXSJ1Fi4YnNmkNOq+5"},"_contentSize":{"__type__":"cc.Size","width":966,"height":1512},"_trs":{"__type__":"TypedArray","ctor":"Float64Array","array":[0,0,0,0,0,0,1,1,1,1]}},{"__type__":"cc.Node","_name":"black_node","_parent":{"__id__":1},"_components":[{"__type__":"6c0e8KZwr5L34azTYX21stu","node":{"__id__":2}}],"_prefab":{"__type__":"cc.PrefabInfo","root":{"__id__":1},"asset":{"__uuid__":"9ddC3tLrlPOqV8Gvon8AjP"},"fileId":"ee3pXEiSlGPJ6qIoDdg+5i"},"_trs":{"__type__":"TypedArray","ctor":"Float64Array","array":[0,0,0,0,0,0,1,1,1,1]}},{"__type__":"cc.Node","_name":"gray_node","_parent":{"__id__":1},"_components":[{"__type__":"3400dF2d2tHLK8+En9baGXY","node":{"__id__":3},"grey_prefab":{"__uuid__":"13FEeEL1NMaK5TFGpFQpJr"}}],"_prefab":{"__type__":"cc.PrefabInfo","root":{"__id__":1},"asset":{"__uuid__":"9ddC3tLrlPOqV8Gvon8AjP"},"fileId":"cfxMDLtxdOdLlMhdwAu7dd"},"_trs":{"__type__":"TypedArray","ctor":"Float64Array","array":[0,0,0,0,0,0,1,1,1,1]}},{"__type__":"cc.Node","_name":"bulePos_node","_parent":{"__id__":1},"_children":[{"__type__":"cc.Node","_name":"New Node","_parent":{"__id__":4},"_prefab":{"__type__":"cc.PrefabInfo","root":{"__id__":1},"asset":{"__uuid__":"9ddC3tLrlPOqV8Gvon8AjP"},"fileId":"4exZIW1XxEaa0qJEh7BTu3"},"_trs":{"__type__":"TypedArray","ctor":"Float64Array","array":[-76.818,-640.031,0,0,0,0,1,1,1,1]}},{"__type__":"cc.Node","_name":"New Node","_parent":{"__id__":4},"_prefab":{"__type__":"cc.PrefabInfo","root":{"__id__":1},"asset":{"__uuid__":"9ddC3tLrlPOqV8Gvon8AjP"},"fileId":"9chO+Aes5EiIFi3mNvO3SX"},"_trs":{"__type__":"TypedArray","ctor":"Float64Array","array":[372,-456.887,0,0,0,0,1,1,1,1]}}],"_prefab":{"__type__":"cc.PrefabInfo","root":{"__id__":1},"asset":{"__uuid__":"9ddC3tLrlPOqV8Gvon8AjP"},"fileId":"481nxc3rpEQ75fJhtmLcSG"},"_trs":{"__type__":"TypedArray","ctor":"Float64Array","array":[0,0,0,0,0,0,1,1,1,1]}},{"__type__":"cc.Node","_name":"redPos_node","_parent":{"__id__":1},"_children":[{"__type__":"cc.Node","_name":"New Node","_parent":{"__id__":5},"_prefab":{"__type__":"cc.PrefabInfo","root":{"__id__":1},"asset":{"__uuid__":"9ddC3tLrlPOqV8Gvon8AjP"},"fileId":"29TcMEzPxJo4XlJAr+NGGp"},"_trs":{"__type__":"TypedArray","ctor":"Float64Array","array":[-310.538,605.899,0,0,0,0,1,1,1,1]}}],"_prefab":{"__type__":"cc.PrefabInfo","root":{"__id__":1},"asset":{"__uuid__":"9ddC3tLrlPOqV8Gvon8AjP"},"fileId":"00N3YdZYJFbY4dGN7Q0eXc"},"_trs":{"__type__":"TypedArray","ctor":"Float64Array","array":[0,0,0,0,0,0,1,1,1,1]}},{"__type__":"cc.Node","_name":"MoveProp","_parent":{"__id__":1},"_children":[{"__id__":7},{"__id__":8}],"_prefab":{"__type__":"cc.PrefabInfo","root":{"__id__":1},"asset":{"__uuid__":"9ddC3tLrlPOqV8Gvon8AjP"},"fileId":"75c9Z1TaFF7akSzSy+oSET"},"_trs":{"__type__":"TypedArray","ctor":"Float64Array","array":[-395.152,144.736,0,0,0,0,1,1,1,1]}},{"__type__":"cc.Node","_name":"Bar","_parent":{"__id__":6},"_components":[{"__type__":"cc.Sprite","node":{"__id__":7},"_materials":[{"__uuid__":"ecpdLyjvZBwrvm+cedCcQy"}],"_spriteFrame":{"__uuid__":"36nyDwRspBQpKV3/57IicC"},"_type":1},{"__type__":"cc.RigidBody","node":{"__id__":7},"_type":0},{"__type__":"cc.PhysicsPolygonCollider","node":{"__id__":7},"points":[{"__type__":"cc.Vec2","x":-114.4,"y":-31.1},{"__type__":"cc.Vec2","x":116,"y":-31.3},{"__type__":"cc.Vec2","x":115.1,"y":31.8},{"__type__":"cc.Vec2","x":-114.2,"y":31.3}]},{"__type__":"8a64bLvzRlHBakXZIa7SBbN","node":{"__id__":7}}],"_prefab":{"__type__":"cc.PrefabInfo","root":{"__id__":1},"asset":{"__uuid__":"9ddC3tLrlPOqV8Gvon8AjP"},"fileId":"cf7EM/bJ1MSpF4sgZA1pVy"},"_contentSize":{"__type__":"cc.Size","width":230,"height":65},"_trs":{"__type__":"TypedArray","ctor":"Float64Array","array":[0,0,0,0,0,0,1,1,1,1]}},{"__type__":"cc.Node","_name":"BarBG","_parent":{"__id__":6},"_components":[{"__type__":"cc.Sprite","node":{"__id__":8},"_materials":[{"__uuid__":"ecpdLyjvZBwrvm+cedCcQy"}],"_spriteFrame":{"__uuid__":"d8hqEurO5O3r/JLAsbxS//"},"_type":1}],"_prefab":{"__type__":"cc.PrefabInfo","root":{"__id__":1},"asset":{"__uuid__":"9ddC3tLrlPOqV8Gvon8AjP"},"fileId":"a5M2dhmsNKw6lENULdrEex"},"_contentSize":{"__type__":"cc.Size","width":427,"height":66},"_trs":{"__type__":"TypedArray","ctor":"Float64Array","array":[74,0,0,0,0,0,1,1,1,1]}},{"__type__":"cc.Node","_name":"MoveProp","_parent":{"__id__":1},"_children":[{"__id__":10},{"__id__":11}],"_prefab":{"__type__":"cc.PrefabInfo","root":{"__id__":1},"asset":{"__uuid__":"9ddC3tLrlPOqV8Gvon8AjP"},"fileId":"9bPES5A71FCpsYvZ/Q7SpY"},"_trs":{"__type__":"TypedArray","ctor":"Float64Array","array":[-329.152,374.736,0,0,0,0,1,1,1,1]}},{"__type__":"cc.Node","_name":"Bar","_parent":{"__id__":9},"_components":[{"__type__":"cc.Sprite","node":{"__id__":10},"_materials":[{"__uuid__":"ecpdLyjvZBwrvm+cedCcQy"}],"_spriteFrame":{"__uuid__":"36nyDwRspBQpKV3/57IicC"},"_type":1},{"__type__":"cc.RigidBody","node":{"__id__":10},"_type":0},{"__type__":"cc.PhysicsPolygonCollider","node":{"__id__":10},"points":[{"__type__":"cc.Vec2","x":-114.4,"y":-31.1},{"__type__":"cc.Vec2","x":116,"y":-31.3},{"__type__":"cc.Vec2","x":115.1,"y":31.8},{"__type__":"cc.Vec2","x":-114.2,"y":31.3}]},{"__type__":"8a64bLvzRlHBakXZIa7SBbN","node":{"__id__":10}}],"_prefab":{"__type__":"cc.PrefabInfo","root":{"__id__":1},"asset":{"__uuid__":"9ddC3tLrlPOqV8Gvon8AjP"},"fileId":"c3NnZJQYVGrZ6fMHNe0mS/"},"_contentSize":{"__type__":"cc.Size","width":230,"height":65},"_trs":{"__type__":"TypedArray","ctor":"Float64Array","array":[0,0,0,0,0,0,1,1,1,1]}},{"__type__":"cc.Node","_name":"BarBG","_parent":{"__id__":9},"_components":[{"__type__":"cc.Sprite","node":{"__id__":11},"_materials":[{"__uuid__":"ecpdLyjvZBwrvm+cedCcQy"}],"_spriteFrame":{"__uuid__":"d8hqEurO5O3r/JLAsbxS//"},"_type":1}],"_prefab":{"__type__":"cc.PrefabInfo","root":{"__id__":1},"asset":{"__uuid__":"9ddC3tLrlPOqV8Gvon8AjP"},"fileId":"95MN1iEllNabqxWrruLkUy"},"_contentSize":{"__type__":"cc.Size","width":427,"height":66},"_trs":{"__type__":"TypedArray","ctor":"Float64Array","array":[74,0,0,0,0,0,1,1,1,1]}},{"__type__":"cc.Node","_name":"MoveProp","_parent":{"__id__":1},"_children":[{"__id__":13},{"__id__":14}],"_prefab":{"__type__":"cc.PrefabInfo","root":{"__id__":1},"asset":{"__uuid__":"9ddC3tLrlPOqV8Gvon8AjP"},"fileId":"95ozh4v75MCrQjVSfZNrWD"},"_trs":{"__type__":"TypedArray","ctor":"Float64Array","array":[-214.152,-255.543,0,0,0,0,1,1,1,1]}},{"__type__":"cc.Node","_name":"Bar","_parent":{"__id__":12},"_components":[{"__type__":"cc.Sprite","node":{"__id__":13},"_materials":[{"__uuid__":"ecpdLyjvZBwrvm+cedCcQy"}],"_spriteFrame":{"__uuid__":"36nyDwRspBQpKV3/57IicC"},"_type":1},{"__type__":"cc.RigidBody","node":{"__id__":13},"_type":0},{"__type__":"cc.PhysicsPolygonCollider","node":{"__id__":13},"points":[{"__type__":"cc.Vec2","x":-114.4,"y":-31.1},{"__type__":"cc.Vec2","x":116,"y":-31.3},{"__type__":"cc.Vec2","x":115.1,"y":31.8},{"__type__":"cc.Vec2","x":-114.2,"y":31.3}]},{"__type__":"8a64bLvzRlHBakXZIa7SBbN","node":{"__id__":13}}],"_prefab":{"__type__":"cc.PrefabInfo","root":{"__id__":1},"asset":{"__uuid__":"9ddC3tLrlPOqV8Gvon8AjP"},"fileId":"d8bBRASpNDmpDs0cjMuKgW"},"_contentSize":{"__type__":"cc.Size","width":230,"height":65},"_trs":{"__type__":"TypedArray","ctor":"Float64Array","array":[0,0,0,0,0,0,1,1,1,1]}},{"__type__":"cc.Node","_name":"BarBG","_parent":{"__id__":12},"_components":[{"__type__":"cc.Sprite","node":{"__id__":14},"_materials":[{"__uuid__":"ecpdLyjvZBwrvm+cedCcQy"}],"_spriteFrame":{"__uuid__":"d8hqEurO5O3r/JLAsbxS//"},"_type":1}],"_prefab":{"__type__":"cc.PrefabInfo","root":{"__id__":1},"asset":{"__uuid__":"9ddC3tLrlPOqV8Gvon8AjP"},"fileId":"d7NfqMkvNFT5alk+JVaLpu"},"_contentSize":{"__type__":"cc.Size","width":427,"height":66},"_trs":{"__type__":"TypedArray","ctor":"Float64Array","array":[-80,0,0,0,0,0,1,1,1,1]}},{"__type__":"cc.Node","_name":"rotationStage","_parent":{"__id__":1},"_components":[{"__type__":"cc.Sprite","node":{"__id__":15},"_materials":[{"__uuid__":"ecpdLyjvZBwrvm+cedCcQy"}],"_spriteFrame":{"__uuid__":"7cQ9AZ2ihAL7w7j2iXN4dt"}},{"__type__":"ae444naYU1I/IZzwhFmo0bP","node":{"__id__":15}},{"__type__":"cc.RigidBody","node":{"__id__":15},"_type":0},{"__type__":"cc.PhysicsPolygonCollider","node":{"__id__":15},"_offset":{"__type__":"cc.Vec2","x":3.4,"y":220.1},"points":[{"__type__":"cc.Vec2","x":-45.2,"y":-474},{"__type__":"cc.Vec2","x":-69.3,"y":-497},{"__type__":"cc.Vec2","x":12.9,"y":-500},{"__type__":"cc.Vec2","x":41.7,"y":-469.2},{"__type__":"cc.Vec2","x":41.5,"y":29.2},{"__type__":"cc.Vec2","x":55.2,"y":61.5},{"__type__":"cc.Vec2","x":-22.2,"y":63.3},{"__type__":"cc.Vec2","x":-46.7,"y":22.5}]},{"__type__":"cc.PhysicsPolygonCollider","node":{"__id__":15},"points":[{"__type__":"cc.Vec2","x":-242.9,"y":-44.4},{"__type__":"cc.Vec2","x":254.1,"y":-39},{"__type__":"cc.Vec2","x":282.4,"y":-60.1},{"__type__":"cc.Vec2","x":284.3,"y":23},{"__type__":"cc.Vec2","x":232.7,"y":43.8},{"__type__":"cc.Vec2","x":-247.6,"y":44},{"__type__":"cc.Vec2","x":-276.6,"y":75.7},{"__type__":"cc.Vec2","x":-277.3,"y":-21.8}]}],"_prefab":{"__type__":"cc.PrefabInfo","root":{"__id__":1},"asset":{"__uuid__":"9ddC3tLrlPOqV8Gvon8AjP"},"fileId":"c38bmTMhxF1I4ACx+hFly4"},"_contentSize":{"__type__":"cc.Size","width":555,"height":555},"_trs":{"__type__":"TypedArray","ctor":"Float64Array","array":[292.891,227.385,0,0,0,0,1,0.8,0.8,1]}}],{"__type__":"cc.SpriteFrame","content":{"name":"guanqia49","texture":"98f+Rj9olKVJkAimLCvldx","rect":[1,1,966,1512],"offset":[0,0],"originalSize":[968,1514],"capInsets":[0,0,0,0]}}]