[{"__type__":"cc.SpriteFrame","content":{"name":"guanqia130","texture":"74jyR3LodGR4R30PhCWNT5","rect":[1,0,432,1200],"offset":[0.5,0],"originalSize":[433,1200],"capInsets":[0,0,0,0]}},[{"__type__":"cc.Prefab","_name":"UIDerived107","data":{"__id__":1}},{"__type__":"cc.Node","_name":"UIDerived107","_children":[{"__type__":"cc.Node","_name":"bule_node","_parent":{"__id__":1},"_prefab":{"__type__":"cc.PrefabInfo","root":{"__id__":1},"asset":{"__uuid__":"b8bJcf57ZCbqdi3omZIwxZ"},"fileId":"3a2CUehQVMw4IhuHSkvstj"},"_trs":{"__type__":"TypedArray","ctor":"Float64Array","array":[0,0,0,0,0,0,1,1,1,1]}},{"__type__":"cc.Node","_name":"greenwater_node","_parent":{"__id__":1},"_prefab":{"__type__":"cc.PrefabInfo","root":{"__id__":1},"asset":{"__uuid__":"b8bJcf57ZCbqdi3omZIwxZ"},"fileId":"8f1KPCqxVKZ6XSsmXZivea"},"_trs":{"__type__":"TypedArray","ctor":"Float64Array","array":[0,0,0,0,0,0,1,1,1,1]}},{"__type__":"cc.Node","_name":"redwater_node","_parent":{"__id__":1},"_prefab":{"__type__":"cc.PrefabInfo","root":{"__id__":1},"asset":{"__uuid__":"b8bJcf57ZCbqdi3omZIwxZ"},"fileId":"68CqGa8ElHWqACwQgkktiz"},"_trs":{"__type__":"TypedArray","ctor":"Float64Array","array":[0,0,0,0,0,0,1,1,1,1]}},{"__id__":2},{"__id__":3},{"__id__":4},{"__type__":"cc.Node","_name":"redPos_node","_parent":{"__id__":1},"_prefab":{"__type__":"cc.PrefabInfo","root":{"__id__":1},"asset":{"__uuid__":"b8bJcf57ZCbqdi3omZIwxZ"},"fileId":"02eQnWjxhAV6HApB6LkjQl"},"_trs":{"__type__":"TypedArray","ctor":"Float64Array","array":[0,0,0,0,0,0,1,1,1,1]}},{"__type__":"cc.Node","_name":"greenPos_node","_parent":{"__id__":1},"_prefab":{"__type__":"cc.PrefabInfo","root":{"__id__":1},"asset":{"__uuid__":"b8bJcf57ZCbqdi3omZIwxZ"},"fileId":"2dHkjIykNCDaPEGa/F6oGo"},"_trs":{"__type__":"TypedArray","ctor":"Float64Array","array":[0,0,0,0,0,0,1,1,1,1]}},{"__id__":5},{"__id__":7},{"__id__":9},{"__id__":11},{"__id__":13},{"__id__":14},{"__id__":15},{"__type__":"cc.Node","_name":"player","_parent":{"__id__":1},"_prefab":{"__type__":"cc.PrefabInfo","root":{"__id__":1},"asset":{"__uuid__":"b8bJcf57ZCbqdi3omZIwxZ"},"fileId":"72fSqOigVAMp3Raw9rUE7V"},"_trs":{"__type__":"TypedArray","ctor":"Float64Array","array":[-99.425,-635.277,0,0,0,0,1,-0.7,0.7,1]}}],"_components":[{"__type__":"cc.Sprite","node":{"__id__":1},"_materials":[{"__uuid__":"ecpdLyjvZBwrvm+cedCcQy"}],"_spriteFrame":{"__uuid__":"aafYF+T1RF4bqY0kwP0t7G"},"_sizeMode":0},{"__type__":"1100eDGpRlLMYp5CrYQGpcQ","node":{"__id__":1}},{"__type__":"cc.RigidBody","node":{"__id__":1},"_type":0},{"__type__":"cc.PhysicsPolygonCollider","node":{"__id__":1},"_offset":{"__type__":"cc.Vec2","x":-380,"y":1150},"points":[{"__type__":"cc.Vec2","x":-53,"y":-2352},{"__type__":"cc.Vec2","x":11,"y":-2349},{"__type__":"cc.Vec2","x":9.9,"y":-1457},{"__type__":"cc.Vec2","x":17.2,"y":-1429.5},{"__type__":"cc.Vec2","x":33.4,"y":-1409.5},{"__type__":"cc.Vec2","x":36.2,"y":-1180.7},{"__type__":"cc.Vec2","x":54.2,"y":-1151.2},{"__type__":"cc.Vec2","x":83.1,"y":-1137.1},{"__type__":"cc.Vec2","x":545.5,"y":-1059.6},{"__type__":"cc.Vec2","x":578.2,"y":-1044.6},{"__type__":"cc.Vec2","x":582.5,"y":-978.9},{"__type__":"cc.Vec2","x":555.5,"y":-953.7},{"__type__":"cc.Vec2","x":47,"y":-846},{"__type__":"cc.Vec2","x":-8,"y":-791},{"__type__":"cc.Vec2","x":1,"y":49},{"__type__":"cc.Vec2","x":-53,"y":51}]},{"__type__":"cc.PhysicsPolygonCollider","node":{"__id__":1},"_offset":{"__type__":"cc.Vec2","x":147,"y":1150},"points":[{"__type__":"cc.Vec2","x":-19.1,"y":-660.5},{"__type__":"cc.Vec2","x":14.3,"y":-661.7},{"__type__":"cc.Vec2","x":44.9,"y":-640.7},{"__type__":"cc.Vec2","x":43,"y":50},{"__type__":"cc.Vec2","x":-50,"y":50},{"__type__":"cc.Vec2","x":-48.1,"y":-640.6}]},{"__type__":"cc.PhysicsPolygonCollider","node":{"__id__":1},"_offset":{"__type__":"cc.Vec2","x":384,"y":1148},"points":[{"__type__":"cc.Vec2","x":-31,"y":-1108},{"__type__":"cc.Vec2","x":2.9,"y":-1145.2},{"__type__":"cc.Vec2","x":1,"y":-2349},{"__type__":"cc.Vec2","x":48,"y":-2347},{"__type__":"cc.Vec2","x":49.1,"y":51},{"__type__":"cc.Vec2","x":-34.1,"y":51.8},{"__type__":"cc.Vec2","x":-39,"y":-923}]},{"__type__":"cc.PhysicsPolygonCollider","node":{"__id__":1},"_offset":{"__type__":"cc.Vec2","x":-263.5,"y":-1150},"points":[{"__type__":"cc.Vec2","x":-50,"y":-50},{"__type__":"cc.Vec2","x":444,"y":-51},{"__type__":"cc.Vec2","x":443.3,"y":579.7},{"__type__":"cc.Vec2","x":431.4,"y":604.5},{"__type__":"cc.Vec2","x":409.5,"y":617.4},{"__type__":"cc.Vec2","x":383,"y":619.4},{"__type__":"cc.Vec2","x":346.1,"y":609.8},{"__type__":"cc.Vec2","x":318,"y":590.6},{"__type__":"cc.Vec2","x":300.5,"y":559.3},{"__type__":"cc.Vec2","x":290.2,"y":474},{"__type__":"cc.Vec2","x":259.8,"y":430},{"__type__":"cc.Vec2","x":224.3,"y":411.7},{"__type__":"cc.Vec2","x":171,"y":405},{"__type__":"cc.Vec2","x":125.1,"y":417.2},{"__type__":"cc.Vec2","x":83.9,"y":448.1},{"__type__":"cc.Vec2","x":64.9,"y":502.6},{"__type__":"cc.Vec2","x":67.7,"y":550.7},{"__type__":"cc.Vec2","x":94.7,"y":607.2},{"__type__":"cc.Vec2","x":142.8,"y":638.2},{"__type__":"cc.Vec2","x":185.8,"y":644.2},{"__type__":"cc.Vec2","x":263.6,"y":655.3},{"__type__":"cc.Vec2","x":316.5,"y":672.3},{"__type__":"cc.Vec2","x":342.8,"y":691.6},{"__type__":"cc.Vec2","x":357.8,"y":725.5},{"__type__":"cc.Vec2","x":357.2,"y":762.9},{"__type__":"cc.Vec2","x":348.4,"y":783.9},{"__type__":"cc.Vec2","x":289.3,"y":804.5},{"__type__":"cc.Vec2","x":-13.1,"y":825.6},{"__type__":"cc.Vec2","x":-29.6,"y":815.6},{"__type__":"cc.Vec2","x":-40.7,"y":806.3},{"__type__":"cc.Vec2","x":-48,"y":787.5}]},{"__type__":"cc.PhysicsPolygonCollider","node":{"__id__":1},"_offset":{"__type__":"cc.Vec2","x":256.2,"y":-1149.9},"points":[{"__type__":"cc.Vec2","x":-50,"y":-50},{"__type__":"cc.Vec2","x":42,"y":-50},{"__type__":"cc.Vec2","x":50,"y":1087},{"__type__":"cc.Vec2","x":14,"y":1110},{"__type__":"cc.Vec2","x":-56,"y":1102},{"__type__":"cc.Vec2","x":-427.4,"y":1046},{"__type__":"cc.Vec2","x":-459.6,"y":1031.1},{"__type__":"cc.Vec2","x":-469.2,"y":966.3},{"__type__":"cc.Vec2","x":-464.2,"y":944.9},{"__type__":"cc.Vec2","x":-450.6,"y":927},{"__type__":"cc.Vec2","x":-168.4,"y":907.9},{"__type__":"cc.Vec2","x":-131.8,"y":893.8},{"__type__":"cc.Vec2","x":-89.6,"y":864},{"__type__":"cc.Vec2","x":-64.4,"y":834.1},{"__type__":"cc.Vec2","x":-53.5,"y":797.5}]}],"_prefab":{"__type__":"cc.PrefabInfo","root":{"__id__":1},"asset":{"__uuid__":"b8bJcf57ZCbqdi3omZIwxZ"},"fileId":"e7R0CJ+htM6r6PBNg2+6WC"},"_contentSize":{"__type__":"cc.Size","width":864,"height":2400},"_trs":{"__type__":"TypedArray","ctor":"Float64Array","array":[0,0,0,0,0,0,1,1,1,1]}},{"__type__":"cc.Node","_name":"black_node","_parent":{"__id__":1},"_components":[{"__type__":"6c0e8KZwr5L34azTYX21stu","node":{"__id__":2}}],"_prefab":{"__type__":"cc.PrefabInfo","root":{"__id__":1},"asset":{"__uuid__":"b8bJcf57ZCbqdi3omZIwxZ"},"fileId":"28VPxzJdVAhpLHomlWkTZC"},"_trs":{"__type__":"TypedArray","ctor":"Float64Array","array":[0,0,0,0,0,0,1,1,1,1]}},{"__type__":"cc.Node","_name":"gray_node","_parent":{"__id__":1},"_components":[{"__type__":"3400dF2d2tHLK8+En9baGXY","node":{"__id__":3},"grey_prefab":{"__uuid__":"13FEeEL1NMaK5TFGpFQpJr"}}],"_prefab":{"__type__":"cc.PrefabInfo","root":{"__id__":1},"asset":{"__uuid__":"b8bJcf57ZCbqdi3omZIwxZ"},"fileId":"7aQJlqsO5MvJgvp4DTrzqh"},"_trs":{"__type__":"TypedArray","ctor":"Float64Array","array":[0,0,0,0,0,0,1,1,1,1]}},{"__type__":"cc.Node","_name":"bulePos_node","_parent":{"__id__":1},"_children":[{"__type__":"cc.Node","_name":"New Node","_parent":{"__id__":4},"_prefab":{"__type__":"cc.PrefabInfo","root":{"__id__":1},"asset":{"__uuid__":"b8bJcf57ZCbqdi3omZIwxZ"},"fileId":"0fLMWeP4RLa739YoRg/2Ui"},"_trs":{"__type__":"TypedArray","ctor":"Float64Array","array":[266.612,654.803,0,0,0,0,1,1,1,1]}}],"_prefab":{"__type__":"cc.PrefabInfo","root":{"__id__":1},"asset":{"__uuid__":"b8bJcf57ZCbqdi3omZIwxZ"},"fileId":"d0L/Ymx+pLCquonAoYmqw9"},"_trs":{"__type__":"TypedArray","ctor":"Float64Array","array":[0,0,0,0,0,0,1,1,1,1]}},{"__type__":"cc.Node","_name":"zhenNode","_parent":{"__id__":1},"_children":[{"__id__":6}],"_prefab":{"__type__":"cc.PrefabInfo","root":{"__id__":1},"asset":{"__uuid__":"b8bJcf57ZCbqdi3omZIwxZ"},"fileId":"e22VCWzThJKogtD1qkH3j0"},"_trs":{"__type__":"TypedArray","ctor":"Float64Array","array":[311.117,540.93,0,0,0,0,1,1,1,1]},"_groupIndex":8,"groupIndex":8},{"__type__":"cc.Node","_name":"zhen","_objFlags":512,"_parent":{"__id__":5},"_components":[{"__type__":"cc.Sprite","node":{"__id__":6},"_materials":[{"__uuid__":"ecpdLyjvZBwrvm+cedCcQy"}],"_spriteFrame":{"__uuid__":"81u1O4l2lM2IGXbUA/0aw7"},"_type":1,"_sizeMode":0},{"__type__":"cc.RigidBody","node":{"__id__":6},"_type":3,"_allowSleep":false,"_gravityScale":0,"_fixedRotation":true,"enabledContactListener":true,"bullet":true},{"__type__":"cc.PhysicsPolygonCollider","node":{"__id__":6},"tag":222,"_offset":{"__type__":"cc.Vec2","x":241,"y":-1},"points":[{"__type__":"cc.Vec2","x":-125.1,"y":-53.1},{"__type__":"cc.Vec2","x":-15.6,"y":-55},{"__type__":"cc.Vec2","x":-15.8,"y":59.1},{"__type__":"cc.Vec2","x":-128.3,"y":56.8},{"__type__":"cc.Vec2","x":-135,"y":33.6},{"__type__":"cc.Vec2","x":-468,"y":37},{"__type__":"cc.Vec2","x":-467,"y":-34},{"__type__":"cc.Vec2","x":-129,"y":-31}]},{"__type__":"72555Q9muRD1505Zi2fOOxm","node":{"__id__":6},"linevelocityX":500}],"_prefab":{"__type__":"cc.PrefabInfo","root":{"__id__":1},"asset":{"__uuid__":"b8bJcf57ZCbqdi3omZIwxZ"},"fileId":"63RCJw4Q5DfoPZ5X6WRS5g"},"_contentSize":{"__type__":"cc.Size","width":450,"height":111},"_trs":{"__type__":"TypedArray","ctor":"Float64Array","array":[0,0,0,0,0,0,1,0.8,0.8,0.8]},"_groupIndex":8,"groupIndex":8},{"__type__":"cc.Node","_name":"zhenNode","_parent":{"__id__":1},"_children":[{"__id__":8}],"_prefab":{"__type__":"cc.PrefabInfo","root":{"__id__":1},"asset":{"__uuid__":"b8bJcf57ZCbqdi3omZIwxZ"},"fileId":"a4HMh3tUVEdJdB1s3RXmPb"},"_trs":{"__type__":"TypedArray","ctor":"Float64Array","array":[-208.379,646.173,0,0,0,0.9990482215818578,-0.04361938736533589,1,1,1]},"_eulerAngles":{"__type__":"cc.Vec3","z":185},"_groupIndex":8,"groupIndex":8},{"__type__":"cc.Node","_name":"zhen","_objFlags":512,"_parent":{"__id__":7},"_components":[{"__type__":"cc.Sprite","node":{"__id__":8},"_materials":[{"__uuid__":"ecpdLyjvZBwrvm+cedCcQy"}],"_spriteFrame":{"__uuid__":"81u1O4l2lM2IGXbUA/0aw7"},"_type":1,"_sizeMode":0},{"__type__":"cc.RigidBody","node":{"__id__":8},"_type":3,"_allowSleep":false,"_gravityScale":0,"_fixedRotation":true,"enabledContactListener":true,"bullet":true},{"__type__":"cc.PhysicsPolygonCollider","node":{"__id__":8},"tag":222,"_offset":{"__type__":"cc.Vec2","x":241,"y":-1},"points":[{"__type__":"cc.Vec2","x":53.9,"y":19.1},{"__type__":"cc.Vec2","x":-640.8,"y":20.5},{"__type__":"cc.Vec2","x":-641.6,"y":-16.7},{"__type__":"cc.Vec2","x":53.3,"y":-17.2}]},{"__type__":"72555Q9muRD1505Zi2fOOxm","node":{"__id__":8},"linevelocityX":500}],"_prefab":{"__type__":"cc.PrefabInfo","root":{"__id__":1},"asset":{"__uuid__":"b8bJcf57ZCbqdi3omZIwxZ"},"fileId":"45og6pV7VDtaVg2ycmOmP9"},"_contentSize":{"__type__":"cc.Size","width":800,"height":111},"_trs":{"__type__":"TypedArray","ctor":"Float64Array","array":[0,0,0,0,0,0,1,0.8,0.8,0.8]},"_groupIndex":8,"groupIndex":8},{"__type__":"cc.Node","_name":"zhenNode","_parent":{"__id__":1},"_children":[{"__id__":10}],"_prefab":{"__type__":"cc.PrefabInfo","root":{"__id__":1},"asset":{"__uuid__":"b8bJcf57ZCbqdi3omZIwxZ"},"fileId":"45l0VwJNNKGpQqN4YfV06l"},"_trs":{"__type__":"TypedArray","ctor":"Float64Array","array":[-294.072,518.07,0,0,0,0.9990482215818578,-0.04361938736533589,1,1,1]},"_eulerAngles":{"__type__":"cc.Vec3","z":185},"_groupIndex":8,"groupIndex":8},{"__type__":"cc.Node","_name":"zhen","_objFlags":512,"_parent":{"__id__":9},"_components":[{"__type__":"cc.Sprite","node":{"__id__":10},"_materials":[{"__uuid__":"ecpdLyjvZBwrvm+cedCcQy"}],"_spriteFrame":{"__uuid__":"81u1O4l2lM2IGXbUA/0aw7"},"_type":1,"_sizeMode":0},{"__type__":"cc.RigidBody","node":{"__id__":10},"_type":3,"_allowSleep":false,"_gravityScale":0,"_fixedRotation":true,"enabledContactListener":true,"bullet":true},{"__type__":"cc.PhysicsPolygonCollider","node":{"__id__":10},"tag":222,"_offset":{"__type__":"cc.Vec2","x":241,"y":-1},"points":[{"__type__":"cc.Vec2","x":-48.9,"y":-15.4},{"__type__":"cc.Vec2","x":-46.1,"y":20.4},{"__type__":"cc.Vec2","x":-541.3,"y":18.4},{"__type__":"cc.Vec2","x":-541,"y":-15.2}]},{"__type__":"72555Q9muRD1505Zi2fOOxm","node":{"__id__":10},"linevelocityX":500}],"_prefab":{"__type__":"cc.PrefabInfo","root":{"__id__":1},"asset":{"__uuid__":"b8bJcf57ZCbqdi3omZIwxZ"},"fileId":"80lhf2cP5GPbob+zi2vvy+"},"_contentSize":{"__type__":"cc.Size","width":600,"height":111},"_trs":{"__type__":"TypedArray","ctor":"Float64Array","array":[0,0,0,0,0,0,1,0.8,0.8,0.8]},"_groupIndex":8,"groupIndex":8},{"__type__":"cc.Node","_name":"zhenNode","_parent":{"__id__":1},"_children":[{"__id__":12}],"_prefab":{"__type__":"cc.PrefabInfo","root":{"__id__":1},"asset":{"__uuid__":"b8bJcf57ZCbqdi3omZIwxZ"},"fileId":"64TtGmTHhI+YbaZUtPWbHF"},"_trs":{"__type__":"TypedArray","ctor":"Float64Array","array":[-368.659,360.141,0,0,0,0.9990482215818578,-0.04361938736533589,1,1,1]},"_eulerAngles":{"__type__":"cc.Vec3","z":185},"_groupIndex":8,"groupIndex":8},{"__type__":"cc.Node","_name":"zhen","_objFlags":512,"_parent":{"__id__":11},"_components":[{"__type__":"cc.Sprite","node":{"__id__":12},"_materials":[{"__uuid__":"ecpdLyjvZBwrvm+cedCcQy"}],"_spriteFrame":{"__uuid__":"81u1O4l2lM2IGXbUA/0aw7"},"_type":1,"_sizeMode":0},{"__type__":"cc.RigidBody","node":{"__id__":12},"_type":3,"_allowSleep":false,"_gravityScale":0,"_fixedRotation":true,"enabledContactListener":true,"bullet":true},{"__type__":"cc.PhysicsPolygonCollider","node":{"__id__":12},"tag":222,"_offset":{"__type__":"cc.Vec2","x":241,"y":-1},"points":[{"__type__":"cc.Vec2","x":-146.7,"y":18.9},{"__type__":"cc.Vec2","x":-441.4,"y":17.5},{"__type__":"cc.Vec2","x":-441.2,"y":-15.2},{"__type__":"cc.Vec2","x":-148.1,"y":-15}]},{"__type__":"72555Q9muRD1505Zi2fOOxm","node":{"__id__":12},"linevelocityX":500}],"_prefab":{"__type__":"cc.PrefabInfo","root":{"__id__":1},"asset":{"__uuid__":"b8bJcf57ZCbqdi3omZIwxZ"},"fileId":"1bW1YSYZFC6rMHs7t5BAj6"},"_contentSize":{"__type__":"cc.Size","width":400,"height":111},"_trs":{"__type__":"TypedArray","ctor":"Float64Array","array":[0,0,0,0,0,0,1,0.8,0.8,0.8]},"_groupIndex":8,"groupIndex":8},{"__type__":"cc.Node","_name":"img_st","_parent":{"__id__":1},"_components":[{"__type__":"cc.Sprite","node":{"__id__":13},"_materials":[{"__uuid__":"ecpdLyjvZBwrvm+cedCcQy"}],"_spriteFrame":{"__uuid__":"b4NoaY1X5Oap1nEiG9VED3"}},{"__type__":"cc.RigidBody","node":{"__id__":13},"_gravityScale":5},{"__type__":"cc.PhysicsCircleCollider","node":{"__id__":13},"_friction":0.1,"_radius":65}],"_prefab":{"__type__":"cc.PrefabInfo","root":{"__id__":1},"asset":{"__uuid__":"b8bJcf57ZCbqdi3omZIwxZ"},"fileId":"47oQoArOZF3ZCETfEJSe/9"},"_contentSize":{"__type__":"cc.Size","width":135,"height":126},"_trs":{"__type__":"TypedArray","ctor":"Float64Array","array":[-330.805,430.516,0,0,0,0,1,0.8,0.8,1]},"_groupIndex":13,"groupIndex":13},{"__type__":"cc.Node","_name":"img_st copy","_parent":{"__id__":1},"_components":[{"__type__":"cc.Sprite","node":{"__id__":14},"_materials":[{"__uuid__":"ecpdLyjvZBwrvm+cedCcQy"}],"_spriteFrame":{"__uuid__":"b4NoaY1X5Oap1nEiG9VED3"}},{"__type__":"cc.RigidBody","node":{"__id__":14},"_gravityScale":5},{"__type__":"cc.PhysicsCircleCollider","node":{"__id__":14},"_friction":0.1,"_radius":65}],"_prefab":{"__type__":"cc.PrefabInfo","root":{"__id__":1},"asset":{"__uuid__":"b8bJcf57ZCbqdi3omZIwxZ"},"fileId":"6avGXangVHlZ0OPqDkcSxh"},"_contentSize":{"__type__":"cc.Size","width":135,"height":126},"_trs":{"__type__":"TypedArray","ctor":"Float64Array","array":[-326.903,568.879,0,0,0,0,1,0.6,0.6,1]},"_groupIndex":13,"groupIndex":13},{"__type__":"cc.Node","_name":"img_st copy","_parent":{"__id__":1},"_components":[{"__type__":"cc.Sprite","node":{"__id__":15},"_materials":[{"__uuid__":"ecpdLyjvZBwrvm+cedCcQy"}],"_spriteFrame":{"__uuid__":"b4NoaY1X5Oap1nEiG9VED3"}},{"__type__":"cc.RigidBody","node":{"__id__":15},"_gravityScale":5},{"__type__":"cc.PhysicsCircleCollider","node":{"__id__":15},"_friction":0.1,"_radius":65}],"_prefab":{"__type__":"cc.PrefabInfo","root":{"__id__":1},"asset":{"__uuid__":"b8bJcf57ZCbqdi3omZIwxZ"},"fileId":"adivPIjKVA0aNcPXtkbuGC"},"_contentSize":{"__type__":"cc.Size","width":135,"height":126},"_trs":{"__type__":"TypedArray","ctor":"Float64Array","array":[-322.419,685.501,0,0,0,0,1,0.5,0.5,1]},"_groupIndex":13,"groupIndex":13}]]