[{"__type__":"cc.SpriteFrame","content":{"name":"4","texture":"37jrTaWRFCXbde1LFOqj00","rect":[0,0,975,1144],"offset":[0,0],"originalSize":[975,1144],"capInsets":[0,0,0,0]}},[{"__type__":"cc.Prefab","_name":"level_4","data":{"__id__":1}},{"__type__":"cc.Node","_name":"level_4","_children":[{"__id__":2},{"__id__":3},{"__id__":4},{"__id__":9},{"__id__":14},{"__id__":19},{"__id__":24},{"__id__":26},{"__type__":"cc.Node","_name":"dsGoal","_parent":{"__id__":1},"_prefab":{"__type__":"cc.PrefabInfo","root":{"__id__":1},"asset":{"__uuid__":"bbeqWM2ZRIsa2Wa8dNZnaH"},"fileId":"dfBzcTffJGc4NXhEI0amcj"},"_trs":{"__type__":"TypedArray","ctor":"Float64Array","array":[0,138.745,0,0,0,0,1,1,1,1]}},{"__type__":"cc.Node","_name":"goalOne","_parent":{"__id__":1},"_prefab":{"__type__":"cc.PrefabInfo","root":{"__id__":1},"asset":{"__uuid__":"bbeqWM2ZRIsa2Wa8dNZnaH"},"fileId":"566WBPAANJXJUQQvBn2NPP"},"_trs":{"__type__":"TypedArray","ctor":"Float64Array","array":[18.263,-355.217,0,0,0,0,1,1,1,1]}},{"__type__":"cc.Node","_name":"goalTwo","_parent":{"__id__":1},"_prefab":{"__type__":"cc.PrefabInfo","root":{"__id__":1},"asset":{"__uuid__":"bbeqWM2ZRIsa2Wa8dNZnaH"},"fileId":"5ePyVa8C5AKrSIjkbIbpbL"},"_trs":{"__type__":"TypedArray","ctor":"Float64Array","array":[-272.494,-371.274,0,0,0,0,1,1,1,1]}},{"__id__":27},{"__type__":"cc.Node","_name":"death_one","_parent":{"__id__":1},"_prefab":{"__type__":"cc.PrefabInfo","root":{"__id__":1},"asset":{"__uuid__":"bbeqWM2ZRIsa2Wa8dNZnaH"},"fileId":"ae6UngzltLV5ZttPGqlHv/"},"_trs":{"__type__":"TypedArray","ctor":"Float64Array","array":[36.118,15.704,0,0,0,0,1,1,1,1]}},{"__id__":28},{"__id__":29}],"_components":[{"__type__":"9c339ycpmhBH4X5HkGU9Cbn","node":{"__id__":1},"pu1Node":{"__id__":5},"pu2Node":{"__id__":7},"playerNode":{"__id__":24},"drumstickNode":{"__id__":26},"baitNode":{"__id__":27},"keyArr":[{"__id__":13},{"__id__":18},{"__id__":23}]}],"_prefab":{"__type__":"cc.PrefabInfo","root":{"__id__":1},"asset":{"__uuid__":"bbeqWM2ZRIsa2Wa8dNZnaH"},"fileId":"806Dyb2iZAZYHE5Gn8suEF"},"_trs":{"__type__":"TypedArray","ctor":"Float64Array","array":[0,0,0,0,0,0,1,1,1,1]}},{"__type__":"cc.Node","_name":"bg","_parent":{"__id__":1},"_components":[{"__type__":"cc.Sprite","node":{"__id__":2},"_materials":[{"__uuid__":"ecpdLyjvZBwrvm+cedCcQy"}],"_spriteFrame":{"__uuid__":"f5b9pigzdBpYdAtgif6MBF"}}],"_prefab":{"__type__":"cc.PrefabInfo","root":{"__id__":1},"asset":{"__uuid__":"bbeqWM2ZRIsa2Wa8dNZnaH"},"fileId":"ff1OoLvVdHrpldJ/5WCx8+"},"_contentSize":{"__type__":"cc.Size","width":956,"height":1144},"_trs":{"__type__":"TypedArray","ctor":"Float64Array","array":[0,0,0,0,0,0,1,1,1,1]}},{"__type__":"cc.Node","_name":"bg2","_parent":{"__id__":1},"_components":[{"__type__":"cc.Sprite","node":{"__id__":3},"_materials":[{"__uuid__":"ecpdLyjvZBwrvm+cedCcQy"}],"_spriteFrame":{"__uuid__":"b2qkFCiAFDjawS+quWsxRT"}}],"_prefab":{"__type__":"cc.PrefabInfo","root":{"__id__":1},"asset":{"__uuid__":"bbeqWM2ZRIsa2Wa8dNZnaH"},"fileId":"65MC94byZI3L1c8vltVLWl"},"_contentSize":{"__type__":"cc.Size","width":975,"height":1144},"_trs":{"__type__":"TypedArray","ctor":"Float64Array","array":[956,0,0,0,0,0,1,1,1,1]}},{"__type__":"cc.Node","_name":"pubu","_parent":{"__id__":1},"_children":[{"__id__":5},{"__id__":7}],"_prefab":{"__type__":"cc.PrefabInfo","root":{"__id__":1},"asset":{"__uuid__":"bbeqWM2ZRIsa2Wa8dNZnaH"},"fileId":"5eofX2nK5I07FSHc1xvJSm"},"_trs":{"__type__":"TypedArray","ctor":"Float64Array","array":[0,0,0,0,0,0,1,1,1,1]}},{"__type__":"cc.Node","_name":"mask","_parent":{"__id__":4},"_children":[{"__id__":6}],"_components":[{"__type__":"cc.Mask","node":{"__id__":5},"_materials":[{"__uuid__":"ecpdLyjvZBwrvm+cedCcQy"}],"_spriteFrame":{"__uuid__":"afK7nMglFP8JPVv6rVFwok"},"_type":2,"_N$inverted":true}],"_prefab":{"__type__":"cc.PrefabInfo","root":{"__id__":1},"asset":{"__uuid__":"bbeqWM2ZRIsa2Wa8dNZnaH"},"fileId":"ddiesdxC9B4IS/CL2eiASF"},"_contentSize":{"__type__":"cc.Size","width":372,"height":128},"_trs":{"__type__":"TypedArray","ctor":"Float64Array","array":[38.32,609.389,0,0,0,0,1,1,1,1]}},{"__type__":"cc.Node","_name":"sldh","_parent":{"__id__":5},"_components":[{"__type__":"sp.Skeleton","node":{"__id__":6},"_materials":[{"__uuid__":"7a/QZLET9IDreTiBfRn2PD"}],"defaultAnimation":"animation","_preCacheMode":0,"premultipliedAlpha":false,"_animationName":"animation","_N$skeletonData":{"__uuid__":"20LpqFfx5CipgKbp4Y0zEU"}}],"_prefab":{"__type__":"cc.PrefabInfo","root":{"__id__":1},"asset":{"__uuid__":"bbeqWM2ZRIsa2Wa8dNZnaH"},"fileId":"183b4dVQhMGZcK4CIR6/9j"},"_contentSize":{"__type__":"cc.Size","width":749.41,"height":1206},"_trs":{"__type__":"TypedArray","ctor":"Float64Array","array":[2.827,-520.743,0,0,0,0,1,1,1,1]}},{"__type__":"cc.Node","_name":"pu2","_parent":{"__id__":4},"_children":[{"__id__":8}],"_active":false,"_components":[{"__type__":"cc.Mask","node":{"__id__":7},"_materials":[{"__uuid__":"ecpdLyjvZBwrvm+cedCcQy"}],"_spriteFrame":{"__uuid__":"afK7nMglFP8JPVv6rVFwok"},"_type":2,"_N$inverted":true}],"_prefab":{"__type__":"cc.PrefabInfo","root":{"__id__":1},"asset":{"__uuid__":"bbeqWM2ZRIsa2Wa8dNZnaH"},"fileId":"bbo1zXPOZD1rjkHGAigQay"},"_contentSize":{"__type__":"cc.Size","width":372,"height":128},"_trs":{"__type__":"TypedArray","ctor":"Float64Array","array":[887.638,609.389,0,0,0,0,1,1,1,1]}},{"__type__":"cc.Node","_name":"sldh","_parent":{"__id__":7},"_components":[{"__type__":"sp.Skeleton","node":{"__id__":8},"_materials":[{"__uuid__":"7a/QZLET9IDreTiBfRn2PD"}],"defaultAnimation":"animation","_preCacheMode":0,"premultipliedAlpha":false,"_animationName":"animation","_N$skeletonData":{"__uuid__":"20LpqFfx5CipgKbp4Y0zEU"}}],"_prefab":{"__type__":"cc.PrefabInfo","root":{"__id__":1},"asset":{"__uuid__":"bbeqWM2ZRIsa2Wa8dNZnaH"},"fileId":"42MNZQ8vRMBLqm2BGn36OW"},"_contentSize":{"__type__":"cc.Size","width":749.41,"height":1206},"_trs":{"__type__":"TypedArray","ctor":"Float64Array","array":[2.827,-520.743,0,0,0,0,1,1,1,1]}},{"__type__":"cc.Node","_name":"key","_parent":{"__id__":1},"_children":[{"__id__":10},{"__id__":11},{"__id__":12}],"_prefab":{"__type__":"cc.PrefabInfo","root":{"__id__":1},"asset":{"__uuid__":"bbeqWM2ZRIsa2Wa8dNZnaH"},"fileId":"23OZ838xlMWL0/sQ5E+U3f"},"_trs":{"__type__":"TypedArray","ctor":"Float64Array","array":[-25.725,446.436,0,0,0,-0.7071067811865475,0.7071067811865476,1,1,1]},"_eulerAngles":{"__type__":"cc.Vec3","z":-90}},{"__type__":"cc.Node","_name":"pole","_parent":{"__id__":9},"_components":[{"__type__":"cc.Sprite","node":{"__id__":10},"_materials":[{"__uuid__":"ecpdLyjvZBwrvm+cedCcQy"}],"_spriteFrame":{"__uuid__":"ebm9zOQlFI4IGgCc9Owdfe"}}],"_prefab":{"__type__":"cc.PrefabInfo","root":{"__id__":1},"asset":{"__uuid__":"bbeqWM2ZRIsa2Wa8dNZnaH"},"fileId":"e8TCmlU69BiK5mOh+d5Tbf"},"_contentSize":{"__type__":"cc.Size","width":56,"height":55},"_trs":{"__type__":"TypedArray","ctor":"Float64Array","array":[0,-71.941,0,0,0,0,1,1,1,1]}},{"__type__":"cc.Node","_name":"pole","_parent":{"__id__":9},"_components":[{"__type__":"cc.Sprite","node":{"__id__":11},"_materials":[{"__uuid__":"ecpdLyjvZBwrvm+cedCcQy"}],"_spriteFrame":{"__uuid__":"ebm9zOQlFI4IGgCc9Owdfe"}}],"_prefab":{"__type__":"cc.PrefabInfo","root":{"__id__":1},"asset":{"__uuid__":"bbeqWM2ZRIsa2Wa8dNZnaH"},"fileId":"cdWJlfhPpNurlzd9265IYs"},"_contentSize":{"__type__":"cc.Size","width":56,"height":55},"_trs":{"__type__":"TypedArray","ctor":"Float64Array","array":[0,207.054,0,0,0,0,1,1,1,1]}},{"__type__":"cc.Node","_name":"key","_parent":{"__id__":9},"_children":[{"__id__":13}],"_prefab":{"__type__":"cc.PrefabInfo","root":{"__id__":1},"asset":{"__uuid__":"bbeqWM2ZRIsa2Wa8dNZnaH"},"fileId":"fbaoD2/cVK84hD+Jlw6Atz"},"_contentSize":{"__type__":"cc.Size","width":100,"height":200},"_trs":{"__type__":"TypedArray","ctor":"Float64Array","array":[0,0,0,0,0,0,1,1,1,1]},"_groupIndex":15,"groupIndex":15},{"__type__":"cc.Node","_name":"icon","_parent":{"__id__":12},"_components":[{"__type__":"fcf5apGFRJIEZkZJ9CwiT4c","node":{"__id__":13}},{"__type__":"cc.RigidBody","node":{"__id__":13},"_type":0,"_allowSleep":false,"enabledContactListener":true},{"__type__":"cc.Sprite","node":{"__id__":13},"_materials":[{"__uuid__":"ecpdLyjvZBwrvm+cedCcQy"}],"_spriteFrame":{"__uuid__":"6dXBYrBNtEiKJQUnopu+Lk"},"_type":1,"_sizeMode":0}],"_prefab":{"__type__":"cc.PrefabInfo","root":{"__id__":1},"asset":{"__uuid__":"bbeqWM2ZRIsa2Wa8dNZnaH"},"fileId":"291nSX43JCA7qFYmx9D9io"},"_contentSize":{"__type__":"cc.Size","width":76,"height":450},"_trs":{"__type__":"TypedArray","ctor":"Float64Array","array":[0,-190.999,0,0,0,0,1,1,1,1]},"_groupIndex":15,"groupIndex":15},{"__type__":"cc.Node","_name":"key","_parent":{"__id__":1},"_children":[{"__id__":15},{"__id__":16},{"__id__":17}],"_prefab":{"__type__":"cc.PrefabInfo","root":{"__id__":1},"asset":{"__uuid__":"bbeqWM2ZRIsa2Wa8dNZnaH"},"fileId":"18nVLqlW5LKp4UBiDmgM/2"},"_trs":{"__type__":"TypedArray","ctor":"Float64Array","array":[315.413,80.866,0,0,0,1,6.123233995736766e-17,1,1,1]},"_eulerAngles":{"__type__":"cc.Vec3","z":180}},{"__type__":"cc.Node","_name":"lock","_parent":{"__id__":14},"_components":[{"__type__":"cc.Sprite","node":{"__id__":15},"_materials":[{"__uuid__":"ecpdLyjvZBwrvm+cedCcQy"}],"_spriteFrame":{"__uuid__":"ebm9zOQlFI4IGgCc9Owdfe"}},{"__type__":"15b42uAdtxGLJO3hSFb7eHo","node":{"__id__":15}}],"_prefab":{"__type__":"cc.PrefabInfo","root":{"__id__":1},"asset":{"__uuid__":"bbeqWM2ZRIsa2Wa8dNZnaH"},"fileId":"dcpL6Qz7FGqJERY9LWGPL4"},"_contentSize":{"__type__":"cc.Size","width":56,"height":55},"_trs":{"__type__":"TypedArray","ctor":"Float64Array","array":[-1.086,-287.72,0,0,0,0,1,1,1,1]}},{"__type__":"cc.Node","_name":"lock","_parent":{"__id__":14},"_components":[{"__type__":"cc.Sprite","node":{"__id__":16},"_materials":[{"__uuid__":"ecpdLyjvZBwrvm+cedCcQy"}],"_spriteFrame":{"__uuid__":"ebm9zOQlFI4IGgCc9Owdfe"}},{"__type__":"15b42uAdtxGLJO3hSFb7eHo","node":{"__id__":16}}],"_prefab":{"__type__":"cc.PrefabInfo","root":{"__id__":1},"asset":{"__uuid__":"bbeqWM2ZRIsa2Wa8dNZnaH"},"fileId":"771IIrQ0pNM6z0gEIcCkgm"},"_contentSize":{"__type__":"cc.Size","width":56,"height":55},"_trs":{"__type__":"TypedArray","ctor":"Float64Array","array":[-1.086,347.17,0,0,0,0,1,1,1,1]}},{"__type__":"cc.Node","_name":"key","_parent":{"__id__":14},"_children":[{"__id__":18}],"_prefab":{"__type__":"cc.PrefabInfo","root":{"__id__":1},"asset":{"__uuid__":"bbeqWM2ZRIsa2Wa8dNZnaH"},"fileId":"57UMd7pu5Ob79xgKqN84Sn"},"_contentSize":{"__type__":"cc.Size","width":100,"height":200},"_trs":{"__type__":"TypedArray","ctor":"Float64Array","array":[0,0,0,0,0,0,1,1,1,1]},"_groupIndex":15,"groupIndex":15},{"__type__":"cc.Node","_name":"icon","_parent":{"__id__":17},"_components":[{"__type__":"fcf5apGFRJIEZkZJ9CwiT4c","node":{"__id__":18},"keyType":1,"where":1,"isGone":true,"isGonex":-500},{"__type__":"cc.Sprite","node":{"__id__":18},"_materials":[{"__uuid__":"ecpdLyjvZBwrvm+cedCcQy"}],"_spriteFrame":{"__uuid__":"6dXBYrBNtEiKJQUnopu+Lk"},"_type":1,"_sizeMode":0},{"__type__":"cc.RigidBody","node":{"__id__":18},"_type":0,"_allowSleep":false,"enabledContactListener":true},{"__type__":"cc.BoxCollider","node":{"__id__":18},"_size":{"__type__":"cc.Size","width":61,"height":500}}],"_prefab":{"__type__":"cc.PrefabInfo","root":{"__id__":1},"asset":{"__uuid__":"bbeqWM2ZRIsa2Wa8dNZnaH"},"fileId":"15tDPHhBhIErRY1mgv/KCu"},"_contentSize":{"__type__":"cc.Size","width":76,"height":800},"_trs":{"__type__":"TypedArray","ctor":"Float64Array","array":[0,0,0,0,0,0,1,1,1,1]},"_groupIndex":15,"groupIndex":15},{"__type__":"cc.Node","_name":"key","_parent":{"__id__":1},"_children":[{"__id__":20},{"__id__":21},{"__id__":22}],"_prefab":{"__type__":"cc.PrefabInfo","root":{"__id__":1},"asset":{"__uuid__":"bbeqWM2ZRIsa2Wa8dNZnaH"},"fileId":"0er2FgXgNLnaSE/RiH0Puv"},"_trs":{"__type__":"TypedArray","ctor":"Float64Array","array":[972.045,446.436,0,0,0,0.7071067811865475,0.7071067811865476,1,1,1]},"_eulerAngles":{"__type__":"cc.Vec3","z":90}},{"__type__":"cc.Node","_name":"pole","_parent":{"__id__":19},"_components":[{"__type__":"cc.Sprite","node":{"__id__":20},"_materials":[{"__uuid__":"ecpdLyjvZBwrvm+cedCcQy"}],"_spriteFrame":{"__uuid__":"ebm9zOQlFI4IGgCc9Owdfe"}}],"_prefab":{"__type__":"cc.PrefabInfo","root":{"__id__":1},"asset":{"__uuid__":"bbeqWM2ZRIsa2Wa8dNZnaH"},"fileId":"e6/GR9FlZKhbg/+f+sUdAP"},"_contentSize":{"__type__":"cc.Size","width":56,"height":55},"_trs":{"__type__":"TypedArray","ctor":"Float64Array","array":[0,-71.941,0,0,0,0,1,1,1,1]}},{"__type__":"cc.Node","_name":"pole","_parent":{"__id__":19},"_components":[{"__type__":"cc.Sprite","node":{"__id__":21},"_materials":[{"__uuid__":"ecpdLyjvZBwrvm+cedCcQy"}],"_spriteFrame":{"__uuid__":"ebm9zOQlFI4IGgCc9Owdfe"}}],"_prefab":{"__type__":"cc.PrefabInfo","root":{"__id__":1},"asset":{"__uuid__":"bbeqWM2ZRIsa2Wa8dNZnaH"},"fileId":"f8SHXYV/9O+7U/7UvVLN+l"},"_contentSize":{"__type__":"cc.Size","width":56,"height":55},"_trs":{"__type__":"TypedArray","ctor":"Float64Array","array":[0,207.054,0,0,0,0,1,1,1,1]}},{"__type__":"cc.Node","_name":"key","_parent":{"__id__":19},"_children":[{"__id__":23}],"_prefab":{"__type__":"cc.PrefabInfo","root":{"__id__":1},"asset":{"__uuid__":"bbeqWM2ZRIsa2Wa8dNZnaH"},"fileId":"6eVSse7rVDC6klOD2h+3C/"},"_contentSize":{"__type__":"cc.Size","width":100,"height":200},"_trs":{"__type__":"TypedArray","ctor":"Float64Array","array":[0,0,0,0,0,0,1,1,1,1]},"_groupIndex":15,"groupIndex":15},{"__type__":"cc.Node","_name":"icon","_parent":{"__id__":22},"_components":[{"__type__":"fcf5apGFRJIEZkZJ9CwiT4c","node":{"__id__":23},"where":1},{"__type__":"cc.RigidBody","node":{"__id__":23},"_type":0,"_allowSleep":false,"enabledContactListener":true},{"__type__":"cc.Sprite","node":{"__id__":23},"_materials":[{"__uuid__":"ecpdLyjvZBwrvm+cedCcQy"}],"_spriteFrame":{"__uuid__":"6dXBYrBNtEiKJQUnopu+Lk"},"_type":1,"_sizeMode":0}],"_prefab":{"__type__":"cc.PrefabInfo","root":{"__id__":1},"asset":{"__uuid__":"bbeqWM2ZRIsa2Wa8dNZnaH"},"fileId":"8b+jePa/VEj5v1AGz87smu"},"_contentSize":{"__type__":"cc.Size","width":76,"height":430},"_trs":{"__type__":"TypedArray","ctor":"Float64Array","array":[0,1.279,0,0,0,0,1,1,1,1]},"_groupIndex":15,"groupIndex":15},{"__type__":"cc.Node","_name":"player","_parent":{"__id__":1},"_children":[{"__id__":25}],"_prefab":{"__type__":"cc.PrefabInfo","root":{"__id__":1},"asset":{"__uuid__":"bbeqWM2ZRIsa2Wa8dNZnaH"},"fileId":"6cmek4Sa5LXL84tjBnPhGq"},"_contentSize":{"__type__":"cc.Size","width":245,"height":292},"_trs":{"__type__":"TypedArray","ctor":"Float64Array","array":[-266.234,167.528,0,0,0,0,1,1,1,1]}},{"__type__":"cc.Node","_name":"pifu","_parent":{"__id__":24},"_components":[{"__type__":"sp.Skeleton","node":{"__id__":25},"_materials":[{"__uuid__":"7a/QZLET9IDreTiBfRn2PD"}],"defaultAnimation":"youdong1","_preCacheMode":0,"premultipliedAlpha":false,"_animationName":"youdong1","_N$skeletonData":{"__uuid__":"7eXUSETlJAmq9Nf/NmhP+m"}},{"__type__":"01f289XMctJip07hmhMcMgM","node":{"__id__":25}},{"__type__":"cc.BoxCollider","node":{"__id__":25},"_offset":{"__type__":"cc.Vec2","x":-11,"y":6},"_size":{"__type__":"cc.Size","width":158,"height":106}}],"_prefab":{"__type__":"cc.PrefabInfo","root":{"__id__":1},"asset":{"__uuid__":"bbeqWM2ZRIsa2Wa8dNZnaH"},"fileId":"e7hAo2ZFZB7azvKFScrZWb"},"_contentSize":{"__type__":"cc.Size","width":298.26,"height":205.43},"_trs":{"__type__":"TypedArray","ctor":"Float64Array","array":[0,0,0,0,0,0,1,1,1,1]},"_groupIndex":19,"groupIndex":19},{"__type__":"cc.Node","_name":"drumstick","_parent":{"__id__":1},"_prefab":{"__type__":"cc.PrefabInfo","root":{"__id__":1},"asset":{"__uuid__":"bbeqWM2ZRIsa2Wa8dNZnaH"},"fileId":"23NlF8TztPz4Q5qCsE2Ylb"},"_contentSize":{"__type__":"cc.Size","width":146,"height":130},"_trs":{"__type__":"TypedArray","ctor":"Float64Array","array":[1213.001,-299.153,0,0,0,0,1,0.5,0.5,1]}},{"__type__":"cc.Node","_name":"bait","_parent":{"__id__":1},"_prefab":{"__type__":"cc.PrefabInfo","root":{"__id__":1},"asset":{"__uuid__":"bbeqWM2ZRIsa2Wa8dNZnaH"},"fileId":"66SRs4KFlD/5oLbYdd2zVB"},"_trs":{"__type__":"TypedArray","ctor":"Float64Array","array":[1189.125,236.385,0,0,0,0,1,1,1,1]}},{"__type__":"cc.Node","_name":"xianjing","_parent":{"__id__":1},"_components":[{"__type__":"cc.Sprite","node":{"__id__":28},"_materials":[{"__uuid__":"ecpdLyjvZBwrvm+cedCcQy"}],"_spriteFrame":{"__uuid__":"85ZF3Y7YFKSp80zPlrdxlK"}}],"_prefab":{"__type__":"cc.PrefabInfo","root":{"__id__":1},"asset":{"__uuid__":"bbeqWM2ZRIsa2Wa8dNZnaH"},"fileId":"ccLYNtxcFLYqFoDAVkmNsU"},"_contentSize":{"__type__":"cc.Size","width":238,"height":146},"_trs":{"__type__":"TypedArray","ctor":"Float64Array","array":[43.429,-454.763,0,0,0,0,1,1,1,1]}},{"__type__":"cc.Node","_name":"jt","_parent":{"__id__":1},"_components":[{"__type__":"sp.Skeleton","node":{"__id__":29},"_materials":[{"__uuid__":"7a/QZLET9IDreTiBfRn2PD"}],"defaultAnimation":"animation","_preCacheMode":0,"premultipliedAlpha":false,"_animationName":"animation","_N$skeletonData":{"__uuid__":"19+H+W/p9BsLNUbqevx73X"}},{"__type__":"cc.BoxCollider","node":{"__id__":29},"_size":{"__type__":"cc.Size","width":118,"height":77}},{"__type__":"8129dBaWYFCnbCuQ9KTwNkc","node":{"__id__":29}}],"_prefab":{"__type__":"cc.PrefabInfo","root":{"__id__":1},"asset":{"__uuid__":"bbeqWM2ZRIsa2Wa8dNZnaH"},"fileId":"10d0BGIpxBK6+6UusqG7i0"},"_contentSize":{"__type__":"cc.Size","width":118,"height":77},"_trs":{"__type__":"TypedArray","ctor":"Float64Array","array":[1180.319,-338.945,0,0,0,0.7071067811865475,0.7071067811865476,1,1,1]},"_eulerAngles":{"__type__":"cc.Vec3","z":90},"_groupIndex":18,"groupIndex":18}],{"__type__":"cc.SpriteFrame","content":{"name":"4","texture":"15Esss95VGEIJsQ6+8XtuS","rect":[0,0,956,1144],"offset":[0,0],"originalSize":[956,1144],"capInsets":[0,0,0,0]}}]