[[{"__type__":"cc.Prefab","_name":"UIDerived61","data":{"__id__":1}},{"__type__":"cc.Node","_name":"UIDerived71","_children":[{"__type__":"cc.Node","_name":"bule_node","_parent":{"__id__":1},"_prefab":{"__type__":"cc.PrefabInfo","root":{"__id__":1},"asset":{"__uuid__":"0eJ9DJeEpKMIpeWiaJgmZg"},"fileId":"31knRqiSBAVZZfZ5zu9chb"},"_trs":{"__type__":"TypedArray","ctor":"Float64Array","array":[0,0,0,0,0,0,1,1,1,1]}},{"__type__":"cc.Node","_name":"greenwater_node","_parent":{"__id__":1},"_prefab":{"__type__":"cc.PrefabInfo","root":{"__id__":1},"asset":{"__uuid__":"0eJ9DJeEpKMIpeWiaJgmZg"},"fileId":"30qhfpHs9Cg6aGTBAOYkOi"},"_trs":{"__type__":"TypedArray","ctor":"Float64Array","array":[0,0,0,0,0,0,1,1,1,1]}},{"__type__":"cc.Node","_name":"redwater_node","_parent":{"__id__":1},"_prefab":{"__type__":"cc.PrefabInfo","root":{"__id__":1},"asset":{"__uuid__":"0eJ9DJeEpKMIpeWiaJgmZg"},"fileId":"14vJAV+epBA5RLM52Ni8/5"},"_trs":{"__type__":"TypedArray","ctor":"Float64Array","array":[0,0,0,0,0,0,1,1,1,1]}},{"__id__":2},{"__id__":3},{"__id__":4},{"__id__":5},{"__type__":"cc.Node","_name":"greenPos_node","_parent":{"__id__":1},"_prefab":{"__type__":"cc.PrefabInfo","root":{"__id__":1},"asset":{"__uuid__":"0eJ9DJeEpKMIpeWiaJgmZg"},"fileId":"59vPVDIm9GaL0T4whRfGAW"},"_trs":{"__type__":"TypedArray","ctor":"Float64Array","array":[0,0,0,0,0,0,1,1,1,1]}},{"__type__":"cc.Node","_name":"player","_parent":{"__id__":1},"_prefab":{"__type__":"cc.PrefabInfo","root":{"__id__":1},"asset":{"__uuid__":"0eJ9DJeEpKMIpeWiaJgmZg"},"fileId":"37fl2rwPdDNYy4ylrzefXC"},"_contentSize":{"__type__":"cc.Size","width":240,"height":140},"_trs":{"__type__":"TypedArray","ctor":"Float64Array","array":[187.237,-485.667,0,0,0,0,1,-0.7,0.7,1]}},{"__id__":6},{"__id__":9},{"__id__":12},{"__id__":16},{"__id__":20}],"_components":[{"__type__":"cc.Sprite","node":{"__id__":1},"_materials":[{"__uuid__":"ecpdLyjvZBwrvm+cedCcQy"}],"_spriteFrame":{"__uuid__":"8abba8ppJKXIUu9UfFRqiC"}},{"__type__":"cc.RigidBody","node":{"__id__":1},"_type":0},{"__type__":"cc.PhysicsPolygonCollider","node":{"__id__":1},"_offset":{"__type__":"cc.Vec2","x":-395,"y":561},"points":[{"__type__":"cc.Vec2","x":-47,"y":-1168},{"__type__":"cc.Vec2","x":848,"y":-1177},{"__type__":"cc.Vec2","x":1396,"y":-1177},{"__type__":"cc.Vec2","x":1350,"y":38},{"__type__":"cc.Vec2","x":842,"y":41},{"__type__":"cc.Vec2","x":-48,"y":48},{"__type__":"cc.Vec2","x":3,"y":-8},{"__type__":"cc.Vec2","x":545,"y":2},{"__type__":"cc.Vec2","x":548,"y":-636},{"__type__":"cc.Vec2","x":835,"y":-634},{"__type__":"cc.Vec2","x":1265,"y":-367},{"__type__":"cc.Vec2","x":1370,"y":-1157},{"__type__":"cc.Vec2","x":861,"y":-1058},{"__type__":"cc.Vec2","x":848,"y":-879},{"__type__":"cc.Vec2","x":674,"y":-869},{"__type__":"cc.Vec2","x":678,"y":-1123},{"__type__":"cc.Vec2","x":439,"y":-1128},{"__type__":"cc.Vec2","x":444,"y":-954},{"__type__":"cc.Vec2","x":564,"y":-947},{"__type__":"cc.Vec2","x":564,"y":-742},{"__type__":"cc.Vec2","x":-5,"y":-741},{"__type__":"cc.Vec2","x":-1,"y":-6},{"__type__":"cc.Vec2","x":-50,"y":50}]},{"__type__":"cc.PhysicsPolygonCollider","node":{"__id__":1},"_offset":{"__type__":"cc.Vec2","x":-243,"y":407},"points":[{"__type__":"cc.Vec2","x":-52,"y":-479},{"__type__":"cc.Vec2","x":287,"y":-483},{"__type__":"cc.Vec2","x":291,"y":52},{"__type__":"cc.Vec2","x":-50,"y":50}]},{"__type__":"1100eDGpRlLMYp5CrYQGpcQ","node":{"__id__":1}}],"_prefab":{"__type__":"cc.PrefabInfo","root":{"__id__":1},"asset":{"__uuid__":"0eJ9DJeEpKMIpeWiaJgmZg"},"fileId":"02Uep0PvFEaLkHJcPAcDoa"},"_contentSize":{"__type__":"cc.Size","width":893,"height":1218},"_trs":{"__type__":"TypedArray","ctor":"Float64Array","array":[88.799,0,0,0,0,0,1,1,1,1]}},{"__type__":"cc.Node","_name":"black_node","_parent":{"__id__":1},"_components":[{"__type__":"6c0e8KZwr5L34azTYX21stu","node":{"__id__":2}}],"_prefab":{"__type__":"cc.PrefabInfo","root":{"__id__":1},"asset":{"__uuid__":"0eJ9DJeEpKMIpeWiaJgmZg"},"fileId":"f4HX9Z0KlAJpjCA3Kh2eaF"},"_trs":{"__type__":"TypedArray","ctor":"Float64Array","array":[0,0,0,0,0,0,1,1,1,1]}},{"__type__":"cc.Node","_name":"gray_node","_parent":{"__id__":1},"_components":[{"__type__":"3400dF2d2tHLK8+En9baGXY","node":{"__id__":3},"grey_prefab":{"__uuid__":"13FEeEL1NMaK5TFGpFQpJr"}}],"_prefab":{"__type__":"cc.PrefabInfo","root":{"__id__":1},"asset":{"__uuid__":"0eJ9DJeEpKMIpeWiaJgmZg"},"fileId":"e7PyAJO6JO9LLtUZGMwIdy"},"_trs":{"__type__":"TypedArray","ctor":"Float64Array","array":[0,0,0,0,0,0,1,1,1,1]}},{"__type__":"cc.Node","_name":"bulePos_node","_parent":{"__id__":1},"_children":[{"__type__":"cc.Node","_name":"New Node","_parent":{"__id__":4},"_prefab":{"__type__":"cc.PrefabInfo","root":{"__id__":1},"asset":{"__uuid__":"0eJ9DJeEpKMIpeWiaJgmZg"},"fileId":"89SfAOwPdKTKuGieYVXYq9"},"_trs":{"__type__":"TypedArray","ctor":"Float64Array","array":[77.647,330.154,0,0,0,0,1,1,1,1]}}],"_prefab":{"__type__":"cc.PrefabInfo","root":{"__id__":1},"asset":{"__uuid__":"0eJ9DJeEpKMIpeWiaJgmZg"},"fileId":"36GymNU65HnamCNX5I8maI"},"_trs":{"__type__":"TypedArray","ctor":"Float64Array","array":[0,0,0,0,0,0,1,1,1,1]}},{"__type__":"cc.Node","_name":"redPos_node","_parent":{"__id__":1},"_children":[{"__type__":"cc.Node","_name":"New Node","_parent":{"__id__":5},"_prefab":{"__type__":"cc.PrefabInfo","root":{"__id__":1},"asset":{"__uuid__":"0eJ9DJeEpKMIpeWiaJgmZg"},"fileId":"25qW+5cElIrKcT/aPVeZFo"},"_trs":{"__type__":"TypedArray","ctor":"Float64Array","array":[-369.538,500.899,0,0,0,0,1,1,1,1]}}],"_prefab":{"__type__":"cc.PrefabInfo","root":{"__id__":1},"asset":{"__uuid__":"0eJ9DJeEpKMIpeWiaJgmZg"},"fileId":"29Wsoq51hBPqtL3ZQc5vBe"},"_trs":{"__type__":"TypedArray","ctor":"Float64Array","array":[0,0,0,0,0,0,1,1,1,1]}},{"__type__":"cc.Node","_name":"MoveProp","_parent":{"__id__":1},"_children":[{"__id__":7},{"__id__":8}],"_prefab":{"__type__":"cc.PrefabInfo","root":{"__id__":1},"asset":{"__uuid__":"0eJ9DJeEpKMIpeWiaJgmZg"},"fileId":"6382bSMpJEdrn6ZFqVOhUC"},"_trs":{"__type__":"TypedArray","ctor":"Float64Array","array":[358.667,-187.45,0,0,0,0.7071067811865475,0.7071067811865476,1,1,1]},"_eulerAngles":{"__type__":"cc.Vec3","z":90}},{"__type__":"cc.Node","_name":"Bar","_parent":{"__id__":6},"_components":[{"__type__":"cc.Sprite","node":{"__id__":7},"_materials":[{"__uuid__":"ecpdLyjvZBwrvm+cedCcQy"}],"_spriteFrame":{"__uuid__":"36nyDwRspBQpKV3/57IicC"},"_type":1,"_sizeMode":0},{"__type__":"cc.RigidBody","node":{"__id__":7},"_type":0},{"__type__":"cc.PhysicsPolygonCollider","node":{"__id__":7},"points":[{"__type__":"cc.Vec2","x":-114.4,"y":-31.1},{"__type__":"cc.Vec2","x":116,"y":-31.3},{"__type__":"cc.Vec2","x":115.1,"y":31.8},{"__type__":"cc.Vec2","x":-114.2,"y":31.3}]},{"__type__":"8a64bLvzRlHBakXZIa7SBbN","node":{"__id__":7}}],"_prefab":{"__type__":"cc.PrefabInfo","root":{"__id__":1},"asset":{"__uuid__":"0eJ9DJeEpKMIpeWiaJgmZg"},"fileId":"00sVvqFYJPW76WivGEhLBg"},"_contentSize":{"__type__":"cc.Size","width":267,"height":65},"_trs":{"__type__":"TypedArray","ctor":"Float64Array","array":[0,0,0,0,0,0,1,1,1,1]}},{"__type__":"cc.Node","_name":"BarBG","_parent":{"__id__":6},"_components":[{"__type__":"cc.Sprite","node":{"__id__":8},"_materials":[{"__uuid__":"ecpdLyjvZBwrvm+cedCcQy"}],"_spriteFrame":{"__uuid__":"d8hqEurO5O3r/JLAsbxS//"},"_type":1,"_sizeMode":0}],"_prefab":{"__type__":"cc.PrefabInfo","root":{"__id__":1},"asset":{"__uuid__":"0eJ9DJeEpKMIpeWiaJgmZg"},"fileId":"f6Nv5B54tDV7pvlGKtQbDc"},"_contentSize":{"__type__":"cc.Size","width":542,"height":66},"_trs":{"__type__":"TypedArray","ctor":"Float64Array","array":[121.1,0,0,0,0,0,1,1,1,1]}},{"__type__":"cc.Node","_name":"zhenNodeTwo","_parent":{"__id__":1},"_children":[{"__id__":10},{"__id__":23},{"__id__":24}],"_prefab":{"__type__":"cc.PrefabInfo","root":{"__id__":1},"asset":{"__uuid__":"0eJ9DJeEpKMIpeWiaJgmZg"},"fileId":"4c+RbrtINELqvItYHOcJ3O"},"_trs":{"__type__":"TypedArray","ctor":"Float64Array","array":[157.946,94.041,0,0,0,1,6.123233995736766e-17,1,1,1]},"_eulerAngles":{"__type__":"cc.Vec3","z":180}},{"__type__":"cc.Node","_name":"zhen","_parent":{"__id__":9},"_components":[{"__type__":"cc.Sprite","node":{"__id__":10},"_materials":[{"__uuid__":"ecpdLyjvZBwrvm+cedCcQy"}],"_spriteFrame":{"__uuid__":"14vJwyNH1OspMXFimJtxkW"},"_type":1,"_sizeMode":0},{"__type__":"cc.RigidBody","node":{"__id__":10},"_type":3,"_gravityScale":0,"_fixedRotation":true,"enabledContactListener":true,"bullet":true},{"__type__":"cc.PhysicsPolygonCollider","node":{"__id__":10},"_offset":{"__type__":"cc.Vec2","x":176,"y":5},"points":[{"__type__":"cc.Vec2","x":-346.7,"y":-79.8},{"__type__":"cc.Vec2","x":-208.7,"y":-78.5},{"__type__":"cc.Vec2","x":-206.7,"y":-22},{"__type__":"cc.Vec2","x":-34.05,"y":-21.81},{"__type__":"cc.Vec2","x":-34.9,"y":15.1},{"__type__":"cc.Vec2","x":-209,"y":18.4},{"__type__":"cc.Vec2","x":-207,"y":81.7},{"__type__":"cc.Vec2","x":-345.4,"y":83.3}]},{"__type__":"1cb3eoIRdhJWZayW7A68Y7j","node":{"__id__":10},"applyDownsensor":true,"allzhen":[{"__id__":11},{"__id__":19}]}],"_prefab":{"__type__":"cc.PrefabInfo","root":{"__id__":1},"asset":{"__uuid__":"0eJ9DJeEpKMIpeWiaJgmZg"},"fileId":"9f2CbX/01E17OoCOTsZ4wz"},"_contentSize":{"__type__":"cc.Size","width":284.1,"height":111},"_trs":{"__type__":"TypedArray","ctor":"Float64Array","array":[0,0,0,0,0,0,1,1,1,1]}},{"__type__":"cc.Node","_name":"zhen","_parent":{"__id__":12},"_components":[{"__type__":"cc.Sprite","node":{"__id__":11},"_materials":[{"__uuid__":"ecpdLyjvZBwrvm+cedCcQy"}],"_spriteFrame":{"__uuid__":"14vJwyNH1OspMXFimJtxkW"},"_type":1,"_sizeMode":0},{"__type__":"cc.RigidBody","node":{"__id__":11},"_type":3,"_gravityScale":0,"_fixedRotation":true,"enabledContactListener":true,"bullet":true},{"__type__":"cc.PhysicsPolygonCollider","node":{"__id__":11},"_offset":{"__type__":"cc.Vec2","x":191.8,"y":4.3},"points":[{"__type__":"cc.Vec2","x":-332.2,"y":-75.9},{"__type__":"cc.Vec2","x":-208,"y":-71.9},{"__type__":"cc.Vec2","x":-204.5,"y":-23.1},{"__type__":"cc.Vec2","x":-52.6,"y":-23.1},{"__type__":"cc.Vec2","x":-50.7,"y":19.1},{"__type__":"cc.Vec2","x":-206.2,"y":19.2},{"__type__":"cc.Vec2","x":-211,"y":64.5},{"__type__":"cc.Vec2","x":-333.5,"y":67.5}]},{"__type__":"1cb3eoIRdhJWZayW7A68Y7j","node":{"__id__":11},"applyUpsensor":true,"applyDownsensor":true,"allzhen":[{"__id__":10},{"__id__":15}]}],"_prefab":{"__type__":"cc.PrefabInfo","root":{"__id__":1},"asset":{"__uuid__":"0eJ9DJeEpKMIpeWiaJgmZg"},"fileId":"539kxZgJNIj4FYV9f9B+km"},"_contentSize":{"__type__":"cc.Size","width":246.5,"height":111},"_trs":{"__type__":"TypedArray","ctor":"Float64Array","array":[0,0,0,0,0,0,1,1,1,1]}},{"__type__":"cc.Node","_name":"zhenNodeTwo","_parent":{"__id__":1},"_children":[{"__id__":11},{"__id__":13},{"__id__":14}],"_prefab":{"__type__":"cc.PrefabInfo","root":{"__id__":1},"asset":{"__uuid__":"0eJ9DJeEpKMIpeWiaJgmZg"},"fileId":"0dfpbJkYhEh6PUYRcdeLa3"},"_trs":{"__type__":"TypedArray","ctor":"Float64Array","array":[-138.054,583.386,0,0,0,0.7071067811865476,-0.7071067811865475,1,1,1]},"_eulerAngles":{"__type__":"cc.Vec3","z":270}},{"__type__":"cc.Node","_name":"zhenup","_parent":{"__id__":12},"_components":[{"__type__":"cc.RigidBody","node":{"__id__":13},"_type":0,"_gravityScale":0,"bullet":true}],"_prefab":{"__type__":"cc.PrefabInfo","root":{"__id__":1},"asset":{"__uuid__":"0eJ9DJeEpKMIpeWiaJgmZg"},"fileId":"27ADqiZ+1KcoVomkHK/cG0"},"_trs":{"__type__":"TypedArray","ctor":"Float64Array","array":[0,292.053,0,0,0,0,1,1,1,1]}},{"__type__":"cc.Node","_name":"zhendown","_parent":{"__id__":12},"_components":[{"__type__":"cc.RigidBody","node":{"__id__":14},"_type":0,"_gravityScale":0,"bullet":true}],"_prefab":{"__type__":"cc.PrefabInfo","root":{"__id__":1},"asset":{"__uuid__":"0eJ9DJeEpKMIpeWiaJgmZg"},"fileId":"e91iRuFNpOx6twGFJLq/2z"},"_trs":{"__type__":"TypedArray","ctor":"Float64Array","array":[0,-261,0,0,0,0,1,1,1,1]}},{"__type__":"cc.Node","_name":"zhen","_parent":{"__id__":16},"_components":[{"__type__":"cc.Sprite","node":{"__id__":15},"_materials":[{"__uuid__":"ecpdLyjvZBwrvm+cedCcQy"}],"_spriteFrame":{"__uuid__":"14vJwyNH1OspMXFimJtxkW"},"_type":1,"_sizeMode":0},{"__type__":"cc.RigidBody","node":{"__id__":15},"_type":3,"_gravityScale":0,"_fixedRotation":true,"enabledContactListener":true,"bullet":true},{"__type__":"cc.PhysicsPolygonCollider","node":{"__id__":15},"_offset":{"__type__":"cc.Vec2","x":191.8,"y":4.3},"points":[{"__type__":"cc.Vec2","x":-332.2,"y":-75.9},{"__type__":"cc.Vec2","x":-208,"y":-71.9},{"__type__":"cc.Vec2","x":-206.2,"y":-23},{"__type__":"cc.Vec2","x":-54.2,"y":-21.6},{"__type__":"cc.Vec2","x":-55,"y":16.4},{"__type__":"cc.Vec2","x":-208.6,"y":16.4},{"__type__":"cc.Vec2","x":-211,"y":64.5},{"__type__":"cc.Vec2","x":-333.5,"y":67.5}]},{"__type__":"1cb3eoIRdhJWZayW7A68Y7j","node":{"__id__":15},"applyUpsensor":true,"applyDownsensor":true,"allzhen":[{"__id__":11},{"__id__":19}]}],"_prefab":{"__type__":"cc.PrefabInfo","root":{"__id__":1},"asset":{"__uuid__":"0eJ9DJeEpKMIpeWiaJgmZg"},"fileId":"e0h8cCg3BFRYS2wy+icsqO"},"_contentSize":{"__type__":"cc.Size","width":246.5,"height":111},"_trs":{"__type__":"TypedArray","ctor":"Float64Array","array":[0,0,0,0,0,0,1,1,1,1]}},{"__type__":"cc.Node","_name":"zhenNodeTwo","_parent":{"__id__":1},"_children":[{"__id__":15},{"__id__":17},{"__id__":18}],"_prefab":{"__type__":"cc.PrefabInfo","root":{"__id__":1},"asset":{"__uuid__":"0eJ9DJeEpKMIpeWiaJgmZg"},"fileId":"04DvSmlf5DdbsJwdHQPIH+"},"_trs":{"__type__":"TypedArray","ctor":"Float64Array","array":[-390.767,103.23,0,0,0,0,1,1,1,1]}},{"__type__":"cc.Node","_name":"zhenup","_parent":{"__id__":16},"_components":[{"__type__":"cc.RigidBody","node":{"__id__":17},"_type":0,"_gravityScale":0,"bullet":true}],"_prefab":{"__type__":"cc.PrefabInfo","root":{"__id__":1},"asset":{"__uuid__":"0eJ9DJeEpKMIpeWiaJgmZg"},"fileId":"6fGtMgc25GtbkLXCHCXuJA"},"_trs":{"__type__":"TypedArray","ctor":"Float64Array","array":[0,462.626,0,0,0,0,1,1,1,1]}},{"__type__":"cc.Node","_name":"zhendown","_parent":{"__id__":16},"_components":[{"__type__":"cc.RigidBody","node":{"__id__":18},"_type":0,"_gravityScale":0,"bullet":true}],"_prefab":{"__type__":"cc.PrefabInfo","root":{"__id__":1},"asset":{"__uuid__":"0eJ9DJeEpKMIpeWiaJgmZg"},"fileId":"adtOXosRpMJrx/lO27bECN"},"_trs":{"__type__":"TypedArray","ctor":"Float64Array","array":[0,-285,0,0,0,0,1,1,1,1]}},{"__type__":"cc.Node","_name":"zhen","_parent":{"__id__":20},"_components":[{"__type__":"cc.Sprite","node":{"__id__":19},"_materials":[{"__uuid__":"ecpdLyjvZBwrvm+cedCcQy"}],"_spriteFrame":{"__uuid__":"14vJwyNH1OspMXFimJtxkW"},"_type":1,"_sizeMode":0},{"__type__":"cc.RigidBody","node":{"__id__":19},"_type":3,"_gravityScale":0,"_fixedRotation":true,"enabledContactListener":true,"bullet":true},{"__type__":"cc.PhysicsPolygonCollider","node":{"__id__":19},"_offset":{"__type__":"cc.Vec2","x":191.8,"y":4.3},"points":[{"__type__":"cc.Vec2","x":-332.2,"y":-75.9},{"__type__":"cc.Vec2","x":-208,"y":-71.9},{"__type__":"cc.Vec2","x":-204.5,"y":-21.9},{"__type__":"cc.Vec2","x":-67.9,"y":-23.2},{"__type__":"cc.Vec2","x":-67.7,"y":19.5},{"__type__":"cc.Vec2","x":-206.2,"y":18.4},{"__type__":"cc.Vec2","x":-211,"y":64.5},{"__type__":"cc.Vec2","x":-333.5,"y":67.5}]},{"__type__":"1cb3eoIRdhJWZayW7A68Y7j","node":{"__id__":19},"applyUpsensor":true,"allzhen":[{"__id__":10},{"__id__":15}]}],"_prefab":{"__type__":"cc.PrefabInfo","root":{"__id__":1},"asset":{"__uuid__":"0eJ9DJeEpKMIpeWiaJgmZg"},"fileId":"ad3aSpsPRD9plYRV1TrNVR"},"_contentSize":{"__type__":"cc.Size","width":246.5,"height":111},"_trs":{"__type__":"TypedArray","ctor":"Float64Array","array":[0,0,0,0,0,0,1,1,1,1]}},{"__type__":"cc.Node","_name":"zhenNodeTwo","_parent":{"__id__":1},"_children":[{"__id__":19},{"__id__":21},{"__id__":22}],"_prefab":{"__type__":"cc.PrefabInfo","root":{"__id__":1},"asset":{"__uuid__":"0eJ9DJeEpKMIpeWiaJgmZg"},"fileId":"6cbKCkP8BKwaPyO735jTpW"},"_trs":{"__type__":"TypedArray","ctor":"Float64Array","array":[-93.767,-166.77,0,0,0,0.7071067811865475,0.7071067811865476,1,1,1]},"_eulerAngles":{"__type__":"cc.Vec3","z":90}},{"__type__":"cc.Node","_name":"zhenup","_parent":{"__id__":20},"_components":[{"__type__":"cc.RigidBody","node":{"__id__":21},"_type":0,"_gravityScale":0,"bullet":true}],"_prefab":{"__type__":"cc.PrefabInfo","root":{"__id__":1},"asset":{"__uuid__":"0eJ9DJeEpKMIpeWiaJgmZg"},"fileId":"9bRDn0hzJFa5yAQgo6SVwU"},"_trs":{"__type__":"TypedArray","ctor":"Float64Array","array":[0,309.626,0,0,0,0,1,1,1,1]}},{"__type__":"cc.Node","_name":"zhendown","_parent":{"__id__":20},"_components":[{"__type__":"cc.RigidBody","node":{"__id__":22},"_type":0,"_gravityScale":0,"bullet":true}],"_prefab":{"__type__":"cc.PrefabInfo","root":{"__id__":1},"asset":{"__uuid__":"0eJ9DJeEpKMIpeWiaJgmZg"},"fileId":"3d1NY3P35FornO64gXBVPg"},"_trs":{"__type__":"TypedArray","ctor":"Float64Array","array":[0,-258,0,0,0,0,1,1,1,1]}},{"__type__":"cc.Node","_name":"zhenup","_parent":{"__id__":9},"_components":[{"__type__":"cc.RigidBody","node":{"__id__":23},"_type":0,"_gravityScale":0,"bullet":true}],"_prefab":{"__type__":"cc.PrefabInfo","root":{"__id__":1},"asset":{"__uuid__":"0eJ9DJeEpKMIpeWiaJgmZg"},"fileId":"ccoyDAEINDGbq5jQlXe1CS"},"_trs":{"__type__":"TypedArray","ctor":"Float64Array","array":[0,127,0,0,0,0,1,1,1,1]}},{"__type__":"cc.Node","_name":"zhendown","_parent":{"__id__":9},"_components":[{"__type__":"cc.RigidBody","node":{"__id__":24},"_type":0,"_gravityScale":0,"bullet":true}],"_prefab":{"__type__":"cc.PrefabInfo","root":{"__id__":1},"asset":{"__uuid__":"0eJ9DJeEpKMIpeWiaJgmZg"},"fileId":"11yJ/XWUVBFLhf3OH4PQL/"},"_trs":{"__type__":"TypedArray","ctor":"Float64Array","array":[0,-459,0,0,0,0,1,1,1,1]}}],{"__type__":"cc.SpriteFrame","content":{"name":"guanqia66","texture":"5e9b6jNuJD4ZLApTwC7dne","rect":[1,1,893,1218],"offset":[0.5,0],"originalSize":[894,1220],"capInsets":[0,0,0,0]}}]