[[{"__type__":"cc.Prefab","_name":"UIDerived37","data":{"__id__":1}},{"__type__":"cc.Node","_name":"UIDerived42","_children":[{"__type__":"cc.Node","_name":"bule_node","_parent":{"__id__":1},"_prefab":{"__type__":"cc.PrefabInfo","root":{"__id__":1},"asset":{"__uuid__":"66/D3lh6pN0qh9Ii6CNYhT"},"fileId":"2c3gQCdG9Odb9uLA3IPj3i"},"_trs":{"__type__":"TypedArray","ctor":"Float64Array","array":[0,0,0,0,0,0,1,1,1,1]}},{"__type__":"cc.Node","_name":"greenwater_node","_parent":{"__id__":1},"_prefab":{"__type__":"cc.PrefabInfo","root":{"__id__":1},"asset":{"__uuid__":"66/D3lh6pN0qh9Ii6CNYhT"},"fileId":"4eNeTYMSBPsqkDfUx6zou5"},"_trs":{"__type__":"TypedArray","ctor":"Float64Array","array":[0,0,0,0,0,0,1,1,1,1]}},{"__type__":"cc.Node","_name":"redwater_node","_parent":{"__id__":1},"_prefab":{"__type__":"cc.PrefabInfo","root":{"__id__":1},"asset":{"__uuid__":"66/D3lh6pN0qh9Ii6CNYhT"},"fileId":"5aBEcq97NIwYtaDPsJmZIv"},"_trs":{"__type__":"TypedArray","ctor":"Float64Array","array":[0,0,0,0,0,0,1,1,1,1]}},{"__id__":2},{"__id__":3},{"__id__":4},{"__id__":5},{"__type__":"cc.Node","_name":"greenPos_node","_parent":{"__id__":1},"_prefab":{"__type__":"cc.PrefabInfo","root":{"__id__":1},"asset":{"__uuid__":"66/D3lh6pN0qh9Ii6CNYhT"},"fileId":"d2U8vYWGtDj5Xs3i/sTovl"},"_trs":{"__type__":"TypedArray","ctor":"Float64Array","array":[0,0,0,0,0,0,1,1,1,1]}},{"__type__":"cc.Node","_name":"player","_parent":{"__id__":1},"_prefab":{"__type__":"cc.PrefabInfo","root":{"__id__":1},"asset":{"__uuid__":"66/D3lh6pN0qh9Ii6CNYhT"},"fileId":"84N/mz8SZCWIkRiw6OTLRW"},"_contentSize":{"__type__":"cc.Size","width":240,"height":140},"_trs":{"__type__":"TypedArray","ctor":"Float64Array","array":[187.276,-515.112,0,0,0,0,1,-0.7,0.7,1]}},{"__type__":"cc.Node","_name":"enemy","_parent":{"__id__":1},"_prefab":{"__type__":"cc.PrefabInfo","root":{"__id__":1},"asset":{"__uuid__":"66/D3lh6pN0qh9Ii6CNYhT"},"fileId":"38/ZodnClOxZcnPdW0Fh5W"},"_trs":{"__type__":"TypedArray","ctor":"Float64Array","array":[-184.784,-525.994,0,0,0,0,1,1,1,1]}},{"__id__":6},{"__id__":8},{"__id__":10}],"_components":[{"__type__":"cc.Sprite","node":{"__id__":1},"_materials":[{"__uuid__":"ecpdLyjvZBwrvm+cedCcQy"}],"_spriteFrame":{"__uuid__":"b2m2GZoadAloyhwihnOTMY"}},{"__type__":"1100eDGpRlLMYp5CrYQGpcQ","node":{"__id__":1},"player_happy":true},{"__type__":"cc.RigidBody","node":{"__id__":1},"_type":0},{"__type__":"cc.PhysicsPolygonCollider","node":{"__id__":1},"_offset":{"__type__":"cc.Vec2","x":369,"y":667},"points":[{"__type__":"cc.Vec2","x":-779,"y":-1381},{"__type__":"cc.Vec2","x":52,"y":-1386},{"__type__":"cc.Vec2","x":50,"y":50},{"__type__":"cc.Vec2","x":-533.9,"y":9.4},{"__type__":"cc.Vec2","x":-534,"y":-346.7},{"__type__":"cc.Vec2","x":-488,"y":-402},{"__type__":"cc.Vec2","x":-36.5,"y":-622.3},{"__type__":"cc.Vec2","x":-6.5,"y":-643.4},{"__type__":"cc.Vec2","x":6.2,"y":-678.6},{"__type__":"cc.Vec2","x":-189.2,"y":-865.6},{"__type__":"cc.Vec2","x":-220.5,"y":-906.5},{"__type__":"cc.Vec2","x":-225.1,"y":-940.5},{"__type__":"cc.Vec2","x":-206.1,"y":-967.4},{"__type__":"cc.Vec2","x":-126.6,"y":-1020.6},{"__type__":"cc.Vec2","x":-72.7,"y":-1078.8},{"__type__":"cc.Vec2","x":-40.6,"y":-1153.6},{"__type__":"cc.Vec2","x":-43.1,"y":-1254.7},{"__type__":"cc.Vec2","x":-79.9,"y":-1307.6},{"__type__":"cc.Vec2","x":-140.1,"y":-1335.8},{"__type__":"cc.Vec2","x":-223.5,"y":-1301.7},{"__type__":"cc.Vec2","x":-305.4,"y":-1213.7},{"__type__":"cc.Vec2","x":-350.4,"y":-1116.4},{"__type__":"cc.Vec2","x":-367.4,"y":-1048.3},{"__type__":"cc.Vec2","x":-361.7,"y":-1002.7},{"__type__":"cc.Vec2","x":-278.6,"y":-720.9},{"__type__":"cc.Vec2","x":-300,"y":-687.9},{"__type__":"cc.Vec2","x":-325,"y":-691},{"__type__":"cc.Vec2","x":-398.3,"y":-916.9},{"__type__":"cc.Vec2","x":-423.9,"y":-1007.5},{"__type__":"cc.Vec2","x":-420.5,"y":-1064.8},{"__type__":"cc.Vec2","x":-402,"y":-1154.4},{"__type__":"cc.Vec2","x":-395.1,"y":-1233.1},{"__type__":"cc.Vec2","x":-438.3,"y":-1310.2},{"__type__":"cc.Vec2","x":-554,"y":-1345.6},{"__type__":"cc.Vec2","x":-619.1,"y":-1314.7},{"__type__":"cc.Vec2","x":-671.9,"y":-1242.9},{"__type__":"cc.Vec2","x":-684.1,"y":-1142},{"__type__":"cc.Vec2","x":-645.2,"y":-1071.1},{"__type__":"cc.Vec2","x":-578.8,"y":-1007.3},{"__type__":"cc.Vec2","x":-490,"y":-955.4},{"__type__":"cc.Vec2","x":-469.8,"y":-892.8},{"__type__":"cc.Vec2","x":-470,"y":-780},{"__type__":"cc.Vec2","x":-501.7,"y":-575.3},{"__type__":"cc.Vec2","x":-519,"y":-555.8},{"__type__":"cc.Vec2","x":-541.3,"y":-560.8},{"__type__":"cc.Vec2","x":-543.8,"y":-590.2},{"__type__":"cc.Vec2","x":-548.8,"y":-794.2},{"__type__":"cc.Vec2","x":-575.9,"y":-911.7},{"__type__":"cc.Vec2","x":-626.4,"y":-970.7},{"__type__":"cc.Vec2","x":-677.8,"y":-987.8},{"__type__":"cc.Vec2","x":-720.3,"y":-967.9},{"__type__":"cc.Vec2","x":-744.3,"y":-911},{"__type__":"cc.Vec2","x":-741.9,"y":-827},{"__type__":"cc.Vec2","x":-715,"y":-679},{"__type__":"cc.Vec2","x":-716.1,"y":8.2},{"__type__":"cc.Vec2","x":-532.7,"y":9.9},{"__type__":"cc.Vec2","x":47.4,"y":51.8},{"__type__":"cc.Vec2","x":-525.2,"y":50.8},{"__type__":"cc.Vec2","x":-784,"y":48}]}],"_prefab":{"__type__":"cc.PrefabInfo","root":{"__id__":1},"asset":{"__uuid__":"66/D3lh6pN0qh9Ii6CNYhT"},"fileId":"acZjchZotHIbt+WaEnZ9u4"},"_contentSize":{"__type__":"cc.Size","width":833,"height":1433},"_trs":{"__type__":"TypedArray","ctor":"Float64Array","array":[0,-18.19,0,0,0,0,1,1,1,1]}},{"__type__":"cc.Node","_name":"black_node","_parent":{"__id__":1},"_components":[{"__type__":"6c0e8KZwr5L34azTYX21stu","node":{"__id__":2}}],"_prefab":{"__type__":"cc.PrefabInfo","root":{"__id__":1},"asset":{"__uuid__":"66/D3lh6pN0qh9Ii6CNYhT"},"fileId":"19gO1SVSNKrqyPu/jBv7MV"},"_trs":{"__type__":"TypedArray","ctor":"Float64Array","array":[0,0,0,0,0,0,1,1,1,1]}},{"__type__":"cc.Node","_name":"gray_node","_parent":{"__id__":1},"_components":[{"__type__":"3400dF2d2tHLK8+En9baGXY","node":{"__id__":3},"grey_prefab":{"__uuid__":"13FEeEL1NMaK5TFGpFQpJr"}}],"_prefab":{"__type__":"cc.PrefabInfo","root":{"__id__":1},"asset":{"__uuid__":"66/D3lh6pN0qh9Ii6CNYhT"},"fileId":"c1P35U1A1Gy6abCtSK0Y0m"},"_trs":{"__type__":"TypedArray","ctor":"Float64Array","array":[0,0,0,0,0,0,1,1,1,1]}},{"__type__":"cc.Node","_name":"bulePos_node","_parent":{"__id__":1},"_children":[{"__type__":"cc.Node","_name":"New Node","_parent":{"__id__":4},"_prefab":{"__type__":"cc.PrefabInfo","root":{"__id__":1},"asset":{"__uuid__":"66/D3lh6pN0qh9Ii6CNYhT"},"fileId":"efKk8dU6JDy41IRmzY4VT6"},"_trs":{"__type__":"TypedArray","ctor":"Float64Array","array":[-179.212,-453.497,0,0,0,0,1,1,1,1]}},{"__type__":"cc.Node","_name":"New Node","_parent":{"__id__":4},"_prefab":{"__type__":"cc.PrefabInfo","root":{"__id__":1},"asset":{"__uuid__":"66/D3lh6pN0qh9Ii6CNYhT"},"fileId":"0etB3q0xJDuLBF6zFjibNS"},"_trs":{"__type__":"TypedArray","ctor":"Float64Array","array":[132,-460,0,0,0,0,1,1,1,1]}}],"_prefab":{"__type__":"cc.PrefabInfo","root":{"__id__":1},"asset":{"__uuid__":"66/D3lh6pN0qh9Ii6CNYhT"},"fileId":"24iOW1ZbJJYZdCx9qRcLcI"},"_trs":{"__type__":"TypedArray","ctor":"Float64Array","array":[0,0,0,0,0,0,1,1,1,1]}},{"__type__":"cc.Node","_name":"redPos_node","_parent":{"__id__":1},"_children":[{"__type__":"cc.Node","_name":"New Node","_parent":{"__id__":5},"_prefab":{"__type__":"cc.PrefabInfo","root":{"__id__":1},"asset":{"__uuid__":"66/D3lh6pN0qh9Ii6CNYhT"},"fileId":"34Gnz+cT1HAbiLpfbVtl76"},"_trs":{"__type__":"TypedArray","ctor":"Float64Array","array":[-285.397,464.459,0,0,0,0,1,1,1,1]}}],"_prefab":{"__type__":"cc.PrefabInfo","root":{"__id__":1},"asset":{"__uuid__":"66/D3lh6pN0qh9Ii6CNYhT"},"fileId":"d9E9+J02tG4pNAtYa5mio+"},"_trs":{"__type__":"TypedArray","ctor":"Float64Array","array":[0,0,0,0,0,0,1,1,1,1]}},{"__type__":"cc.Node","_name":"zhenNode","_parent":{"__id__":1},"_children":[{"__id__":7}],"_prefab":{"__type__":"cc.PrefabInfo","root":{"__id__":1},"asset":{"__uuid__":"66/D3lh6pN0qh9Ii6CNYhT"},"fileId":"deUXhTU7tOCIEeA9j1txTF"},"_trs":{"__type__":"TypedArray","ctor":"Float64Array","array":[-145.016,116.659,0,0,0,0.96583316095199,0.25916462954170155,1,1,1]},"_eulerAngles":{"__type__":"cc.Vec3","z":149.959},"_groupIndex":8,"groupIndex":8},{"__type__":"cc.Node","_name":"zhen","_parent":{"__id__":6},"_components":[{"__type__":"cc.Sprite","node":{"__id__":7},"_materials":[{"__uuid__":"ecpdLyjvZBwrvm+cedCcQy"}],"_spriteFrame":{"__uuid__":"81u1O4l2lM2IGXbUA/0aw7"},"_type":1,"_sizeMode":0},{"__type__":"cc.RigidBody","node":{"__id__":7},"_type":3,"_allowSleep":false,"_gravityScale":0,"_fixedRotation":true,"enabledContactListener":true,"bullet":true},{"__type__":"cc.PhysicsPolygonCollider","node":{"__id__":7},"tag":222,"_offset":{"__type__":"cc.Vec2","x":379,"y":-2},"points":[{"__type__":"cc.Vec2","x":-48.9,"y":-66.3},{"__type__":"cc.Vec2","x":62.5,"y":-66.3},{"__type__":"cc.Vec2","x":63,"y":67.4},{"__type__":"cc.Vec2","x":-48.4,"y":69},{"__type__":"cc.Vec2","x":-52.2,"y":41.4},{"__type__":"cc.Vec2","x":-816,"y":37},{"__type__":"cc.Vec2","x":-818,"y":-29},{"__type__":"cc.Vec2","x":-49.2,"y":-34.3}]},{"__type__":"72555Q9muRD1505Zi2fOOxm","node":{"__id__":7},"linevelocityX":500}],"_prefab":{"__type__":"cc.PrefabInfo","root":{"__id__":1},"asset":{"__uuid__":"66/D3lh6pN0qh9Ii6CNYhT"},"fileId":"0298YsXQdL55DYZdwMhahU"},"_contentSize":{"__type__":"cc.Size","width":873,"height":111},"_trs":{"__type__":"TypedArray","ctor":"Float64Array","array":[0,0,0,0,0,0,1,0.8,0.8,0.8]},"_groupIndex":8,"groupIndex":8},{"__type__":"cc.Node","_name":"zhenNode","_parent":{"__id__":1},"_children":[{"__id__":9}],"_prefab":{"__type__":"cc.PrefabInfo","root":{"__id__":1},"asset":{"__uuid__":"66/D3lh6pN0qh9Ii6CNYhT"},"fileId":"c8y6n3/ihCqraMPTDetoFL"},"_trs":{"__type__":"TypedArray","ctor":"Float64Array","array":[-71.222,257.179,0,0,0,0.5075383629607041,0.8616291604415258,1,1,1]},"_eulerAngles":{"__type__":"cc.Vec3","z":61},"_groupIndex":8,"groupIndex":8},{"__type__":"cc.Node","_name":"zhen","_parent":{"__id__":8},"_components":[{"__type__":"cc.Sprite","node":{"__id__":9},"_materials":[{"__uuid__":"ecpdLyjvZBwrvm+cedCcQy"}],"_spriteFrame":{"__uuid__":"81u1O4l2lM2IGXbUA/0aw7"},"_type":1,"_sizeMode":0},{"__type__":"cc.RigidBody","node":{"__id__":9},"_type":3,"_allowSleep":false,"_gravityScale":0,"_fixedRotation":true,"enabledContactListener":true,"bullet":true},{"__type__":"cc.PhysicsPolygonCollider","node":{"__id__":9},"tag":222,"_offset":{"__type__":"cc.Vec2","x":131,"y":-4},"points":[{"__type__":"cc.Vec2","x":-48.9,"y":-66.3},{"__type__":"cc.Vec2","x":62.5,"y":-66.3},{"__type__":"cc.Vec2","x":63,"y":67.4},{"__type__":"cc.Vec2","x":-48.4,"y":69},{"__type__":"cc.Vec2","x":-52.2,"y":41.4},{"__type__":"cc.Vec2","x":-314,"y":36},{"__type__":"cc.Vec2","x":-313,"y":-26},{"__type__":"cc.Vec2","x":-49.2,"y":-34.3}]},{"__type__":"72555Q9muRD1505Zi2fOOxm","node":{"__id__":9},"linevelocityX":500}],"_prefab":{"__type__":"cc.PrefabInfo","root":{"__id__":1},"asset":{"__uuid__":"66/D3lh6pN0qh9Ii6CNYhT"},"fileId":"7dUmrd5dNIKZuujy3TQ95z"},"_contentSize":{"__type__":"cc.Size","width":369,"height":111},"_trs":{"__type__":"TypedArray","ctor":"Float64Array","array":[0,0,0,0,0,0,1,0.8,0.8,0.8]},"_groupIndex":8,"groupIndex":8},{"__type__":"cc.Node","_name":"zhenNode","_parent":{"__id__":1},"_children":[{"__id__":11}],"_prefab":{"__type__":"cc.PrefabInfo","root":{"__id__":1},"asset":{"__uuid__":"66/D3lh6pN0qh9Ii6CNYhT"},"fileId":"c49Di3LERDOb/+hc+74+PM"},"_trs":{"__type__":"TypedArray","ctor":"Float64Array","array":[147.752,131.8,0,0,0,0.5075383629607041,0.8616291604415258,1,1,1]},"_eulerAngles":{"__type__":"cc.Vec3","z":61},"_groupIndex":8,"groupIndex":8},{"__type__":"cc.Node","_name":"zhen","_parent":{"__id__":10},"_components":[{"__type__":"cc.Sprite","node":{"__id__":11},"_materials":[{"__uuid__":"ecpdLyjvZBwrvm+cedCcQy"}],"_spriteFrame":{"__uuid__":"81u1O4l2lM2IGXbUA/0aw7"},"_type":1,"_sizeMode":0},{"__type__":"cc.RigidBody","node":{"__id__":11},"_type":3,"_allowSleep":false,"_gravityScale":0,"_fixedRotation":true,"enabledContactListener":true,"bullet":true},{"__type__":"cc.PhysicsPolygonCollider","node":{"__id__":11},"tag":222,"_offset":{"__type__":"cc.Vec2","x":131,"y":-4},"points":[{"__type__":"cc.Vec2","x":-48.9,"y":-66.3},{"__type__":"cc.Vec2","x":62.5,"y":-66.3},{"__type__":"cc.Vec2","x":63,"y":67.4},{"__type__":"cc.Vec2","x":-48.4,"y":69},{"__type__":"cc.Vec2","x":-52.2,"y":41.4},{"__type__":"cc.Vec2","x":-314,"y":36},{"__type__":"cc.Vec2","x":-313,"y":-26},{"__type__":"cc.Vec2","x":-49.2,"y":-34.3}]},{"__type__":"72555Q9muRD1505Zi2fOOxm","node":{"__id__":11},"linevelocityX":500}],"_prefab":{"__type__":"cc.PrefabInfo","root":{"__id__":1},"asset":{"__uuid__":"66/D3lh6pN0qh9Ii6CNYhT"},"fileId":"50mcq3t2BBFpW29/6Oghfr"},"_contentSize":{"__type__":"cc.Size","width":369,"height":111},"_trs":{"__type__":"TypedArray","ctor":"Float64Array","array":[0,0,0,0,0,0,1,0.8,0.8,0.8]},"_groupIndex":8,"groupIndex":8}],{"__type__":"cc.SpriteFrame","content":{"name":"guanqia47","texture":"51Wgo9Y8FMy6OhhOiSw6cJ","rect":[1,1,833,1433],"offset":[0,0],"originalSize":[835,1435],"capInsets":[0,0,0,0]}}]