[[{"__type__":"cc.Prefab","_name":"UIDerived30","data":{"__id__":1}},{"__type__":"cc.Node","_name":"UIDerived33","_children":[{"__type__":"cc.Node","_name":"bule_node","_parent":{"__id__":1},"_prefab":{"__type__":"cc.PrefabInfo","root":{"__id__":1},"asset":{"__uuid__":"7bI/zVv1BHyZXUCk+4Rv/9"},"fileId":"acjDEa79VDWpv527ZTPeF8"},"_trs":{"__type__":"TypedArray","ctor":"Float64Array","array":[0,0,0,0,0,0,1,1,1,1]}},{"__type__":"cc.Node","_name":"greenwater_node","_parent":{"__id__":1},"_prefab":{"__type__":"cc.PrefabInfo","root":{"__id__":1},"asset":{"__uuid__":"7bI/zVv1BHyZXUCk+4Rv/9"},"fileId":"ab1Gh0bTZAHa1t3chgHrXT"},"_trs":{"__type__":"TypedArray","ctor":"Float64Array","array":[0,0,0,0,0,0,1,1,1,1]}},{"__type__":"cc.Node","_name":"redwater_node","_parent":{"__id__":1},"_prefab":{"__type__":"cc.PrefabInfo","root":{"__id__":1},"asset":{"__uuid__":"7bI/zVv1BHyZXUCk+4Rv/9"},"fileId":"8aHXdaQiFMBIyQPibVjKci"},"_trs":{"__type__":"TypedArray","ctor":"Float64Array","array":[0,0,0,0,0,0,1,1,1,1]}},{"__id__":2},{"__id__":3},{"__id__":4},{"__id__":5},{"__type__":"cc.Node","_name":"greenPos_node","_parent":{"__id__":1},"_prefab":{"__type__":"cc.PrefabInfo","root":{"__id__":1},"asset":{"__uuid__":"7bI/zVv1BHyZXUCk+4Rv/9"},"fileId":"1dQrXDEFRP0oKvyDDZn28W"},"_trs":{"__type__":"TypedArray","ctor":"Float64Array","array":[0,0,0,0,0,0,1,1,1,1]}},{"__type__":"cc.Node","_name":"player","_parent":{"__id__":1},"_prefab":{"__type__":"cc.PrefabInfo","root":{"__id__":1},"asset":{"__uuid__":"7bI/zVv1BHyZXUCk+4Rv/9"},"fileId":"a3P4jkku5Om6PRIhvELvTw"},"_contentSize":{"__type__":"cc.Size","width":240,"height":140},"_trs":{"__type__":"TypedArray","ctor":"Float64Array","array":[294.5,-575.468,0,0,0,0,1,0.7,0.7,0.7]}},{"__id__":6},{"__id__":10},{"__id__":14}],"_components":[{"__type__":"cc.Sprite","node":{"__id__":1},"_materials":[{"__uuid__":"ecpdLyjvZBwrvm+cedCcQy"}],"_spriteFrame":{"__uuid__":"e8A8ohoIZDM5DdznHcjLS3"}},{"__type__":"1100eDGpRlLMYp5CrYQGpcQ","node":{"__id__":1}},{"__type__":"cc.RigidBody","node":{"__id__":1},"_type":0},{"__type__":"cc.PhysicsPolygonCollider","node":{"__id__":1},"points":[{"__type__":"cc.Vec2","x":-151,"y":-154},{"__type__":"cc.Vec2","x":-451,"y":-155},{"__type__":"cc.Vec2","x":-448,"y":-183},{"__type__":"cc.Vec2","x":37,"y":-183.7},{"__type__":"cc.Vec2","x":36.2,"y":71.5},{"__type__":"cc.Vec2","x":290.4,"y":77.9},{"__type__":"cc.Vec2","x":289.7,"y":212.2},{"__type__":"cc.Vec2","x":6.9,"y":217},{"__type__":"cc.Vec2","x":-46.7,"y":234.4},{"__type__":"cc.Vec2","x":-83.6,"y":266.1},{"__type__":"cc.Vec2","x":-102,"y":322},{"__type__":"cc.Vec2","x":-100.8,"y":688.8},{"__type__":"cc.Vec2","x":15.3,"y":686.5},{"__type__":"cc.Vec2","x":13,"y":470},{"__type__":"cc.Vec2","x":31,"y":459.5},{"__type__":"cc.Vec2","x":116.9,"y":426.8},{"__type__":"cc.Vec2","x":138.5,"y":381.3},{"__type__":"cc.Vec2","x":158,"y":327.8},{"__type__":"cc.Vec2","x":400.2,"y":325.8},{"__type__":"cc.Vec2","x":399.8,"y":-39.5},{"__type__":"cc.Vec2","x":162.7,"y":-39.3},{"__type__":"cc.Vec2","x":145.7,"y":-54.3},{"__type__":"cc.Vec2","x":144.6,"y":-161.4},{"__type__":"cc.Vec2","x":164.4,"y":-182.3},{"__type__":"cc.Vec2","x":401.9,"y":-185.8},{"__type__":"cc.Vec2","x":406.1,"y":-495.3},{"__type__":"cc.Vec2","x":413.8,"y":-564.3},{"__type__":"cc.Vec2","x":400.7,"y":-621.4},{"__type__":"cc.Vec2","x":371.8,"y":-661.5},{"__type__":"cc.Vec2","x":322.2,"y":-683.2},{"__type__":"cc.Vec2","x":256.4,"y":-689.1},{"__type__":"cc.Vec2","x":197.2,"y":-658},{"__type__":"cc.Vec2","x":166.1,"y":-601.6},{"__type__":"cc.Vec2","x":159.5,"y":-548.9},{"__type__":"cc.Vec2","x":175.9,"y":-486.5},{"__type__":"cc.Vec2","x":234.6,"y":-446.5},{"__type__":"cc.Vec2","x":291.2,"y":-429.9},{"__type__":"cc.Vec2","x":289.1,"y":-309.3},{"__type__":"cc.Vec2","x":269.3,"y":-294.7},{"__type__":"cc.Vec2","x":-290,"y":-298},{"__type__":"cc.Vec2","x":-301.8,"y":-314.3},{"__type__":"cc.Vec2","x":-299.6,"y":-410.6},{"__type__":"cc.Vec2","x":-321.7,"y":-423.1},{"__type__":"cc.Vec2","x":-454.5,"y":-422.1},{"__type__":"cc.Vec2","x":-455.4,"y":-467.6},{"__type__":"cc.Vec2","x":-275.8,"y":-460.1},{"__type__":"cc.Vec2","x":-276,"y":-319},{"__type__":"cc.Vec2","x":254.4,"y":-317.1},{"__type__":"cc.Vec2","x":249.2,"y":-415.8},{"__type__":"cc.Vec2","x":165.8,"y":-456.1},{"__type__":"cc.Vec2","x":134.4,"y":-520.1},{"__type__":"cc.Vec2","x":135.1,"y":-591},{"__type__":"cc.Vec2","x":172,"y":-666},{"__type__":"cc.Vec2","x":242.1,"y":-711.6},{"__type__":"cc.Vec2","x":333.2,"y":-705.5},{"__type__":"cc.Vec2","x":378.2,"y":-685.8},{"__type__":"cc.Vec2","x":409,"y":-655.6},{"__type__":"cc.Vec2","x":432,"y":-598.9},{"__type__":"cc.Vec2","x":431.7,"y":-495},{"__type__":"cc.Vec2","x":424.3,"y":-162.6},{"__type__":"cc.Vec2","x":170.1,"y":-156.9},{"__type__":"cc.Vec2","x":171.5,"y":-63.8},{"__type__":"cc.Vec2","x":423.2,"y":-64.6},{"__type__":"cc.Vec2","x":429.1,"y":350.2},{"__type__":"cc.Vec2","x":172.8,"y":352.4},{"__type__":"cc.Vec2","x":134.1,"y":449.2},{"__type__":"cc.Vec2","x":53,"y":486},{"__type__":"cc.Vec2","x":51.2,"y":726.6},{"__type__":"cc.Vec2","x":-100.7,"y":727.8},{"__type__":"cc.Vec2","x":-151,"y":725.9}]}],"_prefab":{"__type__":"cc.PrefabInfo","root":{"__id__":1},"asset":{"__uuid__":"7bI/zVv1BHyZXUCk+4Rv/9"},"fileId":"63dKbyoSVJIr6EJN2+Yflx"},"_contentSize":{"__type__":"cc.Size","width":900,"height":1453},"_trs":{"__type__":"TypedArray","ctor":"Float64Array","array":[-95.004,0,0,0,0,0,1,1,1,1]}},{"__type__":"cc.Node","_name":"black_node","_parent":{"__id__":1},"_components":[{"__type__":"6c0e8KZwr5L34azTYX21stu","node":{"__id__":2}}],"_prefab":{"__type__":"cc.PrefabInfo","root":{"__id__":1},"asset":{"__uuid__":"7bI/zVv1BHyZXUCk+4Rv/9"},"fileId":"95oB9fDvJCJadQ0SkUzgV9"},"_trs":{"__type__":"TypedArray","ctor":"Float64Array","array":[0,0,0,0,0,0,1,1,1,1]}},{"__type__":"cc.Node","_name":"gray_node","_parent":{"__id__":1},"_components":[{"__type__":"3400dF2d2tHLK8+En9baGXY","node":{"__id__":3},"grey_prefab":{"__uuid__":"13FEeEL1NMaK5TFGpFQpJr"}}],"_prefab":{"__type__":"cc.PrefabInfo","root":{"__id__":1},"asset":{"__uuid__":"7bI/zVv1BHyZXUCk+4Rv/9"},"fileId":"b21P1buMVBrbxB0eVt71s4"},"_trs":{"__type__":"TypedArray","ctor":"Float64Array","array":[0,0,0,0,0,0,1,1,1,1]}},{"__type__":"cc.Node","_name":"bulePos_node","_parent":{"__id__":1},"_children":[{"__type__":"cc.Node","_name":"New Node","_parent":{"__id__":4},"_prefab":{"__type__":"cc.PrefabInfo","root":{"__id__":1},"asset":{"__uuid__":"7bI/zVv1BHyZXUCk+4Rv/9"},"fileId":"5c4QndNn1OCZQGq30oUs60"},"_trs":{"__type__":"TypedArray","ctor":"Float64Array","array":[-26.798,313.891,0,0,0,0,1,1,1,1]}}],"_prefab":{"__type__":"cc.PrefabInfo","root":{"__id__":1},"asset":{"__uuid__":"7bI/zVv1BHyZXUCk+4Rv/9"},"fileId":"77xj/yiTxAtJBNnP1Yhi0T"},"_trs":{"__type__":"TypedArray","ctor":"Float64Array","array":[0,0,0,0,0,0,1,1,1,1]}},{"__type__":"cc.Node","_name":"redPos_node","_parent":{"__id__":1},"_children":[{"__type__":"cc.Node","_name":"New Node","_parent":{"__id__":5},"_prefab":{"__type__":"cc.PrefabInfo","root":{"__id__":1},"asset":{"__uuid__":"7bI/zVv1BHyZXUCk+4Rv/9"},"fileId":"e9rQDGtUVFMqzw1wQs9/rr"},"_trs":{"__type__":"TypedArray","ctor":"Float64Array","array":[332,218,0,0,0,0,1,1,1,1]}}],"_prefab":{"__type__":"cc.PrefabInfo","root":{"__id__":1},"asset":{"__uuid__":"7bI/zVv1BHyZXUCk+4Rv/9"},"fileId":"26hLAem7ZD+pFqS0LDAYqO"},"_trs":{"__type__":"TypedArray","ctor":"Float64Array","array":[0,0,0,0,0,0,1,1,1,1]}},{"__type__":"cc.Node","_name":"zhenNodeTwo","_parent":{"__id__":1},"_children":[{"__id__":7},{"__id__":8},{"__id__":9}],"_prefab":{"__type__":"cc.PrefabInfo","root":{"__id__":1},"asset":{"__uuid__":"7bI/zVv1BHyZXUCk+4Rv/9"},"fileId":"1enc0sWp9PG6UgBYnB51ki"},"_trs":{"__type__":"TypedArray","ctor":"Float64Array","array":[235.946,327.041,0,0,0,0.7071067811865476,-0.7071067811865475,1,1,1]},"_eulerAngles":{"__type__":"cc.Vec3","z":270}},{"__type__":"cc.Node","_name":"zhen","_parent":{"__id__":6},"_components":[{"__type__":"cc.Sprite","node":{"__id__":7},"_materials":[{"__uuid__":"ecpdLyjvZBwrvm+cedCcQy"}],"_spriteFrame":{"__uuid__":"14vJwyNH1OspMXFimJtxkW"},"_type":1,"_sizeMode":0},{"__type__":"cc.RigidBody","node":{"__id__":7},"_type":3,"_gravityScale":0,"_fixedRotation":true,"enabledContactListener":true,"bullet":true},{"__type__":"cc.PhysicsPolygonCollider","node":{"__id__":7},"_offset":{"__type__":"cc.Vec2","x":193,"y":3},"points":[{"__type__":"cc.Vec2","x":-319,"y":-58},{"__type__":"cc.Vec2","x":-210,"y":-58},{"__type__":"cc.Vec2","x":-209,"y":-17},{"__type__":"cc.Vec2","x":-66,"y":-17},{"__type__":"cc.Vec2","x":-65,"y":17},{"__type__":"cc.Vec2","x":-208,"y":14},{"__type__":"cc.Vec2","x":-207,"y":52},{"__type__":"cc.Vec2","x":-319,"y":51}]},{"__type__":"1cb3eoIRdhJWZayW7A68Y7j","node":{"__id__":7},"applyUpsensor":true}],"_prefab":{"__type__":"cc.PrefabInfo","root":{"__id__":1},"asset":{"__uuid__":"7bI/zVv1BHyZXUCk+4Rv/9"},"fileId":"10rOEOSfdOe4y5YT1bAqVa"},"_contentSize":{"__type__":"cc.Size","width":257,"height":111},"_trs":{"__type__":"TypedArray","ctor":"Float64Array","array":[0,0,0,0,0,0,1,1,1,1]}},{"__type__":"cc.Node","_name":"zhenup","_parent":{"__id__":6},"_components":[{"__type__":"cc.RigidBody","node":{"__id__":8},"_type":0,"_gravityScale":0,"bullet":true}],"_prefab":{"__type__":"cc.PrefabInfo","root":{"__id__":1},"asset":{"__uuid__":"7bI/zVv1BHyZXUCk+4Rv/9"},"fileId":"f5SnIFe85IG5eMxM8i3eYW"},"_trs":{"__type__":"TypedArray","ctor":"Float64Array","array":[-20,161,0,0,0,0,1,1,1,1]}},{"__type__":"cc.Node","_name":"zhendown","_parent":{"__id__":6},"_components":[{"__type__":"cc.RigidBody","node":{"__id__":9},"_type":0,"_gravityScale":0,"bullet":true}],"_prefab":{"__type__":"cc.PrefabInfo","root":{"__id__":1},"asset":{"__uuid__":"7bI/zVv1BHyZXUCk+4Rv/9"},"fileId":"4eMUChpNdNVpyQyvpjhTRV"},"_trs":{"__type__":"TypedArray","ctor":"Float64Array","array":[-21,-70,0,0,0,0,1,1,1,1]}},{"__type__":"cc.Node","_name":"zhenNodeTwo","_parent":{"__id__":1},"_children":[{"__id__":11},{"__id__":12},{"__id__":13}],"_prefab":{"__type__":"cc.PrefabInfo","root":{"__id__":1},"asset":{"__uuid__":"7bI/zVv1BHyZXUCk+4Rv/9"},"fileId":"22G28G6m5PzZhIgaTfJkNS"},"_trs":{"__type__":"TypedArray","ctor":"Float64Array","array":[235.946,-30.959,0,0,0,0.7071067811865475,0.7071067811865476,1,1,1]},"_eulerAngles":{"__type__":"cc.Vec3","z":90}},{"__type__":"cc.Node","_name":"zhen","_parent":{"__id__":10},"_components":[{"__type__":"cc.Sprite","node":{"__id__":11},"_materials":[{"__uuid__":"ecpdLyjvZBwrvm+cedCcQy"}],"_spriteFrame":{"__uuid__":"14vJwyNH1OspMXFimJtxkW"},"_type":1,"_sizeMode":0},{"__type__":"cc.RigidBody","node":{"__id__":11},"_type":3,"_gravityScale":0,"_fixedRotation":true,"enabledContactListener":true,"bullet":true},{"__type__":"cc.PhysicsPolygonCollider","node":{"__id__":11},"_offset":{"__type__":"cc.Vec2","x":193,"y":3},"points":[{"__type__":"cc.Vec2","x":-319,"y":-58},{"__type__":"cc.Vec2","x":-210,"y":-58},{"__type__":"cc.Vec2","x":-211.3,"y":-18.8},{"__type__":"cc.Vec2","x":-54,"y":-19.1},{"__type__":"cc.Vec2","x":-55.4,"y":24.4},{"__type__":"cc.Vec2","x":-207.1,"y":25.8},{"__type__":"cc.Vec2","x":-207,"y":52},{"__type__":"cc.Vec2","x":-319,"y":51}]},{"__type__":"1cb3eoIRdhJWZayW7A68Y7j","node":{"__id__":11},"applyDownsensor":true}],"_prefab":{"__type__":"cc.PrefabInfo","root":{"__id__":1},"asset":{"__uuid__":"7bI/zVv1BHyZXUCk+4Rv/9"},"fileId":"42ZOKDV19M8IlPPedY3vNy"},"_contentSize":{"__type__":"cc.Size","width":257,"height":111},"_trs":{"__type__":"TypedArray","ctor":"Float64Array","array":[0,0,0,0,0,0,1,1,1,1]}},{"__type__":"cc.Node","_name":"zhenup","_parent":{"__id__":10},"_components":[{"__type__":"cc.RigidBody","node":{"__id__":12},"_type":0,"_gravityScale":0,"bullet":true}],"_prefab":{"__type__":"cc.PrefabInfo","root":{"__id__":1},"asset":{"__uuid__":"7bI/zVv1BHyZXUCk+4Rv/9"},"fileId":"08ujEj++tDVJWk9gYnjcy4"},"_trs":{"__type__":"TypedArray","ctor":"Float64Array","array":[-20,71,0,0,0,0,1,1,1,1]}},{"__type__":"cc.Node","_name":"zhendown","_parent":{"__id__":10},"_components":[{"__type__":"cc.RigidBody","node":{"__id__":13},"_type":0,"_gravityScale":0,"bullet":true}],"_prefab":{"__type__":"cc.PrefabInfo","root":{"__id__":1},"asset":{"__uuid__":"7bI/zVv1BHyZXUCk+4Rv/9"},"fileId":"bdriwgo8VNO6c/rGUjlfH/"},"_trs":{"__type__":"TypedArray","ctor":"Float64Array","array":[-21,-159.506,0,0,0,0,1,1,1,1]}},{"__type__":"cc.Node","_name":"zhenNodeTwo","_parent":{"__id__":1},"_children":[{"__id__":15},{"__id__":16},{"__id__":17}],"_prefab":{"__type__":"cc.PrefabInfo","root":{"__id__":1},"asset":{"__uuid__":"7bI/zVv1BHyZXUCk+4Rv/9"},"fileId":"50e6fcjy9PgIrVsRs0yrr5"},"_trs":{"__type__":"TypedArray","ctor":"Float64Array","array":[-16.054,-285.959,0,0,0,0.7071067811865475,0.7071067811865476,1,1,1]},"_eulerAngles":{"__type__":"cc.Vec3","z":90}},{"__type__":"cc.Node","_name":"zhen","_parent":{"__id__":14},"_components":[{"__type__":"cc.Sprite","node":{"__id__":15},"_materials":[{"__uuid__":"ecpdLyjvZBwrvm+cedCcQy"}],"_spriteFrame":{"__uuid__":"14vJwyNH1OspMXFimJtxkW"},"_type":1,"_sizeMode":0},{"__type__":"cc.RigidBody","node":{"__id__":15},"_type":3,"_gravityScale":0,"_fixedRotation":true,"enabledContactListener":true,"bullet":true},{"__type__":"cc.PhysicsPolygonCollider","node":{"__id__":15},"_offset":{"__type__":"cc.Vec2","x":193,"y":3},"points":[{"__type__":"cc.Vec2","x":-319,"y":-58},{"__type__":"cc.Vec2","x":-210,"y":-58},{"__type__":"cc.Vec2","x":-209,"y":-17},{"__type__":"cc.Vec2","x":-66,"y":-17},{"__type__":"cc.Vec2","x":-65,"y":17},{"__type__":"cc.Vec2","x":-208,"y":14},{"__type__":"cc.Vec2","x":-207,"y":52},{"__type__":"cc.Vec2","x":-319,"y":51}]},{"__type__":"1cb3eoIRdhJWZayW7A68Y7j","node":{"__id__":15}}],"_prefab":{"__type__":"cc.PrefabInfo","root":{"__id__":1},"asset":{"__uuid__":"7bI/zVv1BHyZXUCk+4Rv/9"},"fileId":"db5aMbQ6NOVKFroqM6csfd"},"_contentSize":{"__type__":"cc.Size","width":257,"height":111},"_trs":{"__type__":"TypedArray","ctor":"Float64Array","array":[0,0,0,0,0,0,1,1,1,1]}},{"__type__":"cc.Node","_name":"zhenup","_parent":{"__id__":14},"_components":[{"__type__":"cc.RigidBody","node":{"__id__":16},"_type":0,"_gravityScale":0,"bullet":true}],"_prefab":{"__type__":"cc.PrefabInfo","root":{"__id__":1},"asset":{"__uuid__":"7bI/zVv1BHyZXUCk+4Rv/9"},"fileId":"e6RT4jCulNfJXzWNcUGYQ5"},"_trs":{"__type__":"TypedArray","ctor":"Float64Array","array":[-20,268,0,0,0,0,1,1,1,1]}},{"__type__":"cc.Node","_name":"zhendown","_parent":{"__id__":14},"_components":[{"__type__":"cc.RigidBody","node":{"__id__":17},"_type":0,"_gravityScale":0,"bullet":true}],"_prefab":{"__type__":"cc.PrefabInfo","root":{"__id__":1},"asset":{"__uuid__":"7bI/zVv1BHyZXUCk+4Rv/9"},"fileId":"c9AHOCHCJD6bEIwhr1k/Yh"},"_trs":{"__type__":"TypedArray","ctor":"Float64Array","array":[-21,-311,0,0,0,0,1,1,1,1]}}],{"__type__":"cc.SpriteFrame","content":{"name":"guanqia77","texture":"a5ddnFVZRJo6ZsAHSV7ite","rect":[0,1,900,1453],"offset":[-0.5,0],"originalSize":[901,1455],"capInsets":[0,0,0,0]}}]