[[{"__type__":"cc.Prefab","_name":"UIDerived93","data":{"__id__":1}},{"__type__":"cc.Node","_name":"UIDerived93","_children":[{"__type__":"cc.Node","_name":"bule_node","_parent":{"__id__":1},"_prefab":{"__type__":"cc.PrefabInfo","root":{"__id__":1},"asset":{"__uuid__":"1d6iwSS+5BNqcCkqIvq1td"},"fileId":"90cTDuOwpDXpcMjknC0hKe"},"_trs":{"__type__":"TypedArray","ctor":"Float64Array","array":[0,0,0,0,0,0,1,1,1,1]}},{"__type__":"cc.Node","_name":"greenwater_node","_parent":{"__id__":1},"_prefab":{"__type__":"cc.PrefabInfo","root":{"__id__":1},"asset":{"__uuid__":"1d6iwSS+5BNqcCkqIvq1td"},"fileId":"6eQ07LlQlLNY4s8xWmhtbo"},"_trs":{"__type__":"TypedArray","ctor":"Float64Array","array":[0,0,0,0,0,0,1,1,1,1]}},{"__type__":"cc.Node","_name":"redwater_node","_parent":{"__id__":1},"_prefab":{"__type__":"cc.PrefabInfo","root":{"__id__":1},"asset":{"__uuid__":"1d6iwSS+5BNqcCkqIvq1td"},"fileId":"c1btgKEHJJXI5w/R2jNUQE"},"_trs":{"__type__":"TypedArray","ctor":"Float64Array","array":[0,0,0,0,0,0,1,1,1,1]}},{"__id__":2},{"__id__":3},{"__id__":4},{"__type__":"cc.Node","_name":"redPos_node","_parent":{"__id__":1},"_prefab":{"__type__":"cc.PrefabInfo","root":{"__id__":1},"asset":{"__uuid__":"1d6iwSS+5BNqcCkqIvq1td"},"fileId":"0847EVtUNJl6rcxWZWAoGr"},"_trs":{"__type__":"TypedArray","ctor":"Float64Array","array":[0,0,0,0,0,0,1,1,1,1]}},{"__type__":"cc.Node","_name":"greenPos_node","_parent":{"__id__":1},"_prefab":{"__type__":"cc.PrefabInfo","root":{"__id__":1},"asset":{"__uuid__":"1d6iwSS+5BNqcCkqIvq1td"},"fileId":"a989IeFMpMNpaozI98baEZ"},"_trs":{"__type__":"TypedArray","ctor":"Float64Array","array":[0,0,0,0,0,0,1,1,1,1]}},{"__id__":5},{"__id__":9},{"__type__":"cc.Node","_name":"player","_parent":{"__id__":1},"_prefab":{"__type__":"cc.PrefabInfo","root":{"__id__":1},"asset":{"__uuid__":"1d6iwSS+5BNqcCkqIvq1td"},"fileId":"d0yetz2hBN+pesSIaTzaWt"},"_trs":{"__type__":"TypedArray","ctor":"Float64Array","array":[251.718,-611.853,0,0,0,0,1,-0.7,0.7,1]}}],"_components":[{"__type__":"cc.Sprite","node":{"__id__":1},"_materials":[{"__uuid__":"ecpdLyjvZBwrvm+cedCcQy"}],"_spriteFrame":{"__uuid__":"bfdgeBWfxBoKFLNgCozdpZ"}},{"__type__":"1100eDGpRlLMYp5CrYQGpcQ","node":{"__id__":1}},{"__type__":"cc.RigidBody","node":{"__id__":1},"_type":0},{"__type__":"cc.PhysicsPolygonCollider","node":{"__id__":1},"_offset":{"__type__":"cc.Vec2","x":363,"y":672},"points":[{"__type__":"cc.Vec2","x":-775,"y":-1401},{"__type__":"cc.Vec2","x":50,"y":-1394},{"__type__":"cc.Vec2","x":50,"y":50},{"__type__":"cc.Vec2","x":-776,"y":54},{"__type__":"cc.Vec2","x":-775,"y":-896},{"__type__":"cc.Vec2","x":-399.9,"y":-889.8},{"__type__":"cc.Vec2","x":-367.8,"y":-855.9},{"__type__":"cc.Vec2","x":-366.5,"y":-790.9},{"__type__":"cc.Vec2","x":-386.4,"y":-771.2},{"__type__":"cc.Vec2","x":-438.2,"y":-766.4},{"__type__":"cc.Vec2","x":-460.9,"y":-735},{"__type__":"cc.Vec2","x":-473,"y":-695},{"__type__":"cc.Vec2","x":-468,"y":-341},{"__type__":"cc.Vec2","x":-456,"y":-281},{"__type__":"cc.Vec2","x":-417,"y":-244},{"__type__":"cc.Vec2","x":-415.9,"y":9},{"__type__":"cc.Vec2","x":-172.8,"y":8.9},{"__type__":"cc.Vec2","x":-171.1,"y":-234.8},{"__type__":"cc.Vec2","x":-161.4,"y":-257.1},{"__type__":"cc.Vec2","x":-140.9,"y":-278.4},{"__type__":"cc.Vec2","x":-128.2,"y":-297.8},{"__type__":"cc.Vec2","x":-121.9,"y":-322.3},{"__type__":"cc.Vec2","x":-121.5,"y":-454.9},{"__type__":"cc.Vec2","x":-126.8,"y":-487.4},{"__type__":"cc.Vec2","x":-146.1,"y":-523.1},{"__type__":"cc.Vec2","x":-183.5,"y":-543.2},{"__type__":"cc.Vec2","x":-229.3,"y":-548.5},{"__type__":"cc.Vec2","x":-314.7,"y":-544.9},{"__type__":"cc.Vec2","x":-364.3,"y":-547.4},{"__type__":"cc.Vec2","x":-378,"y":-556.4},{"__type__":"cc.Vec2","x":-387.9,"y":-570.5},{"__type__":"cc.Vec2","x":-388.4,"y":-656.3},{"__type__":"cc.Vec2","x":-369.3,"y":-675.6},{"__type__":"cc.Vec2","x":-332,"y":-676.7},{"__type__":"cc.Vec2","x":-310,"y":-680.7},{"__type__":"cc.Vec2","x":-297.8,"y":-687.7},{"__type__":"cc.Vec2","x":-289.7,"y":-704.7},{"__type__":"cc.Vec2","x":-281.8,"y":-729.6},{"__type__":"cc.Vec2","x":-280.3,"y":-846},{"__type__":"cc.Vec2","x":-270.5,"y":-872.7},{"__type__":"cc.Vec2","x":-231.7,"y":-889.7},{"__type__":"cc.Vec2","x":-155,"y":-890.1},{"__type__":"cc.Vec2","x":-117.4,"y":-898.1},{"__type__":"cc.Vec2","x":-85.7,"y":-912.8},{"__type__":"cc.Vec2","x":-64.2,"y":-968.6},{"__type__":"cc.Vec2","x":-67.9,"y":-1085.9},{"__type__":"cc.Vec2","x":-61.7,"y":-1118.9},{"__type__":"cc.Vec2","x":-34.9,"y":-1160.2},{"__type__":"cc.Vec2","x":8.7,"y":-1284.2},{"__type__":"cc.Vec2","x":-4.7,"y":-1321},{"__type__":"cc.Vec2","x":-46.3,"y":-1346.5},{"__type__":"cc.Vec2","x":-94.1,"y":-1357},{"__type__":"cc.Vec2","x":-150.9,"y":-1350.5},{"__type__":"cc.Vec2","x":-194,"y":-1332.8},{"__type__":"cc.Vec2","x":-222.7,"y":-1287.7},{"__type__":"cc.Vec2","x":-228,"y":-1264.9},{"__type__":"cc.Vec2","x":-195.9,"y":-1192.2},{"__type__":"cc.Vec2","x":-158.6,"y":-1128.5},{"__type__":"cc.Vec2","x":-147.1,"y":-1081},{"__type__":"cc.Vec2","x":-148.8,"y":-1024.5},{"__type__":"cc.Vec2","x":-158,"y":-1003.4},{"__type__":"cc.Vec2","x":-195,"y":-973},{"__type__":"cc.Vec2","x":-443,"y":-973},{"__type__":"cc.Vec2","x":-493,"y":-989},{"__type__":"cc.Vec2","x":-527,"y":-1010},{"__type__":"cc.Vec2","x":-775,"y":-1308},{"__type__":"cc.Vec2","x":-1319,"y":-1643},{"__type__":"cc.Vec2","x":-1238,"y":-929},{"__type__":"cc.Vec2","x":-779.6,"y":-890.7},{"__type__":"cc.Vec2","x":-1303,"y":-876},{"__type__":"cc.Vec2","x":-1411,"y":-1775}]}],"_prefab":{"__type__":"cc.PrefabInfo","root":{"__id__":1},"asset":{"__uuid__":"1d6iwSS+5BNqcCkqIvq1td"},"fileId":"8cghm6Y1ZOO7ESswzVGzxQ"},"_contentSize":{"__type__":"cc.Size","width":824,"height":1451},"_trs":{"__type__":"TypedArray","ctor":"Float64Array","array":[-150,0,0,0,0,0,1,1,1,1]}},{"__type__":"cc.Node","_name":"black_node","_parent":{"__id__":1},"_components":[{"__type__":"6c0e8KZwr5L34azTYX21stu","node":{"__id__":2}}],"_prefab":{"__type__":"cc.PrefabInfo","root":{"__id__":1},"asset":{"__uuid__":"1d6iwSS+5BNqcCkqIvq1td"},"fileId":"68VHelgDdILJI1T4eAR7/p"},"_trs":{"__type__":"TypedArray","ctor":"Float64Array","array":[0,0,0,0,0,0,1,1,1,1]}},{"__type__":"cc.Node","_name":"gray_node","_parent":{"__id__":1},"_components":[{"__type__":"3400dF2d2tHLK8+En9baGXY","node":{"__id__":3},"grey_prefab":{"__uuid__":"13FEeEL1NMaK5TFGpFQpJr"}}],"_prefab":{"__type__":"cc.PrefabInfo","root":{"__id__":1},"asset":{"__uuid__":"1d6iwSS+5BNqcCkqIvq1td"},"fileId":"017CB0f09O9qt+nrrlAiSr"},"_trs":{"__type__":"TypedArray","ctor":"Float64Array","array":[0,0,0,0,0,0,1,1,1,1]}},{"__type__":"cc.Node","_name":"bulePos_node","_parent":{"__id__":1},"_children":[{"__type__":"cc.Node","_name":"New Node","_parent":{"__id__":4},"_prefab":{"__type__":"cc.PrefabInfo","root":{"__id__":1},"asset":{"__uuid__":"1d6iwSS+5BNqcCkqIvq1td"},"fileId":"4e2afD5RhKBJ/og/70EiCd"},"_trs":{"__type__":"TypedArray","ctor":"Float64Array","array":[70.432,281.73,0,0,0,0,1,1,1,1]}}],"_prefab":{"__type__":"cc.PrefabInfo","root":{"__id__":1},"asset":{"__uuid__":"1d6iwSS+5BNqcCkqIvq1td"},"fileId":"33Kq4xkqlC+qRbYpPc8td1"},"_trs":{"__type__":"TypedArray","ctor":"Float64Array","array":[0,0,0,0,0,0,1,1,1,1]}},{"__type__":"cc.Node","_name":"zhenNodeTwo","_parent":{"__id__":1},"_children":[{"__id__":6},{"__id__":7},{"__id__":8}],"_prefab":{"__type__":"cc.PrefabInfo","root":{"__id__":1},"asset":{"__uuid__":"1d6iwSS+5BNqcCkqIvq1td"},"fileId":"78UvaGacdHV41Y93cUR7/A"},"_trs":{"__type__":"TypedArray","ctor":"Float64Array","array":[-128.806,108.792,0,0,0,0,1,1,1,1]}},{"__type__":"cc.Node","_name":"zhen","_parent":{"__id__":5},"_components":[{"__type__":"cc.Sprite","node":{"__id__":6},"_materials":[{"__uuid__":"ecpdLyjvZBwrvm+cedCcQy"}],"_spriteFrame":{"__uuid__":"14vJwyNH1OspMXFimJtxkW"},"_type":1,"_sizeMode":0},{"__type__":"cc.RigidBody","node":{"__id__":6},"_type":3,"_gravityScale":0,"_fixedRotation":true,"enabledContactListener":true,"bullet":true},{"__type__":"cc.PhysicsPolygonCollider","node":{"__id__":6},"_offset":{"__type__":"cc.Vec2","x":151.5,"y":5.7},"points":[{"__type__":"cc.Vec2","x":-249.4,"y":-21.6},{"__type__":"cc.Vec2","x":-26.2,"y":-22.6},{"__type__":"cc.Vec2","x":-26.5,"y":13.5},{"__type__":"cc.Vec2","x":-249.7,"y":13.4}]},{"__type__":"1cb3eoIRdhJWZayW7A68Y7j","node":{"__id__":6},"applyDownsensor":true}],"_prefab":{"__type__":"cc.PrefabInfo","root":{"__id__":1},"asset":{"__uuid__":"1d6iwSS+5BNqcCkqIvq1td"},"fileId":"93JHNMlxBP/50ubScIMi5Z"},"_contentSize":{"__type__":"cc.Size","width":250,"height":111},"_trs":{"__type__":"TypedArray","ctor":"Float64Array","array":[0,0,0,0,0,0,1,1,1,1]}},{"__type__":"cc.Node","_name":"zhenup","_parent":{"__id__":5},"_components":[{"__type__":"cc.RigidBody","node":{"__id__":7},"_type":0,"_gravityScale":0,"bullet":true}],"_prefab":{"__type__":"cc.PrefabInfo","root":{"__id__":1},"asset":{"__uuid__":"1d6iwSS+5BNqcCkqIvq1td"},"fileId":"328oQ2bSFB04ynjyU1YnXl"},"_trs":{"__type__":"TypedArray","ctor":"Float64Array","array":[0,0,0,0,0,0,1,1,1,1]}},{"__type__":"cc.Node","_name":"zhendown","_parent":{"__id__":5},"_components":[{"__type__":"cc.RigidBody","node":{"__id__":8},"_type":0,"_gravityScale":0,"bullet":true}],"_prefab":{"__type__":"cc.PrefabInfo","root":{"__id__":1},"asset":{"__uuid__":"1d6iwSS+5BNqcCkqIvq1td"},"fileId":"3azYCA6NtOJqR9yb8BXoxb"},"_trs":{"__type__":"TypedArray","ctor":"Float64Array","array":[0,-215.286,0,0,0,0,1,1,1,1]}},{"__type__":"cc.Node","_name":"zhenNodeTwo","_parent":{"__id__":1},"_children":[{"__id__":10},{"__id__":11},{"__id__":12}],"_prefab":{"__type__":"cc.PrefabInfo","root":{"__id__":1},"asset":{"__uuid__":"1d6iwSS+5BNqcCkqIvq1td"},"fileId":"97Sb2RHU9AbaNpy8+03bFq"},"_trs":{"__type__":"TypedArray","ctor":"Float64Array","array":[144.474,-338.34,0,0,0,0.7071067811865475,0.7071067811865476,1,1,1]},"_eulerAngles":{"__type__":"cc.Vec3","z":90}},{"__type__":"cc.Node","_name":"zhen","_parent":{"__id__":9},"_components":[{"__type__":"cc.Sprite","node":{"__id__":10},"_materials":[{"__uuid__":"ecpdLyjvZBwrvm+cedCcQy"}],"_spriteFrame":{"__uuid__":"14vJwyNH1OspMXFimJtxkW"},"_type":1,"_sizeMode":0},{"__type__":"cc.RigidBody","node":{"__id__":10},"_type":3,"_gravityScale":0,"_fixedRotation":true,"enabledContactListener":true,"bullet":true},{"__type__":"cc.PhysicsPolygonCollider","node":{"__id__":10},"_offset":{"__type__":"cc.Vec2","x":151.5,"y":5.7},"points":[{"__type__":"cc.Vec2","x":-249.4,"y":-21.6},{"__type__":"cc.Vec2","x":-26.2,"y":-22.6},{"__type__":"cc.Vec2","x":-26.5,"y":13.5},{"__type__":"cc.Vec2","x":-249.7,"y":13.4}]},{"__type__":"1cb3eoIRdhJWZayW7A68Y7j","node":{"__id__":10}}],"_prefab":{"__type__":"cc.PrefabInfo","root":{"__id__":1},"asset":{"__uuid__":"1d6iwSS+5BNqcCkqIvq1td"},"fileId":"b0TAsEO1FCYpf9xb4XbNE7"},"_contentSize":{"__type__":"cc.Size","width":250,"height":111},"_trs":{"__type__":"TypedArray","ctor":"Float64Array","array":[0,0,0,0,0,0,1,1,1,1]}},{"__type__":"cc.Node","_name":"zhenup","_parent":{"__id__":9},"_components":[{"__type__":"cc.RigidBody","node":{"__id__":11},"_type":0,"_gravityScale":0,"bullet":true}],"_prefab":{"__type__":"cc.PrefabInfo","root":{"__id__":1},"asset":{"__uuid__":"1d6iwSS+5BNqcCkqIvq1td"},"fileId":"7fYPZgNQVLvb5LOJpaybCW"},"_trs":{"__type__":"TypedArray","ctor":"Float64Array","array":[0,227.245,0,0,0,0,1,1,1,1]}},{"__type__":"cc.Node","_name":"zhendown","_parent":{"__id__":9},"_components":[{"__type__":"cc.RigidBody","node":{"__id__":12},"_type":0,"_gravityScale":0,"bullet":true}],"_prefab":{"__type__":"cc.PrefabInfo","root":{"__id__":1},"asset":{"__uuid__":"1d6iwSS+5BNqcCkqIvq1td"},"fileId":"cf0DIMJsJOVIYjKhbq/EEl"},"_trs":{"__type__":"TypedArray","ctor":"Float64Array","array":[0,0,0,0,0,0,1,1,1,1]}}],{"__type__":"cc.SpriteFrame","content":{"name":"guanqia113","texture":"a2CeU4TrRHVpgpjtppyoc5","rect":[0,1,822,1449],"offset":[-1,0],"originalSize":[824,1451],"capInsets":[0,0,0,0]}}]