[{"__type__":"cc.SpriteFrame","content":{"name":"guanqia23","texture":"8dxJy35D1FkI7nMtrw8lU9","rect":[1,1,770,1478],"offset":[0,0],"originalSize":[772,1480],"capInsets":[0,0,0,0]}},[{"__type__":"cc.Prefab","_name":"UIDerived16","data":{"__id__":1}},{"__type__":"cc.Node","_name":"UIDerived16","_children":[{"__type__":"cc.Node","_name":"player","_parent":{"__id__":1},"_prefab":{"__type__":"cc.PrefabInfo","root":{"__id__":1},"asset":{"__uuid__":"ccLpgadsVAc7Jnt0cJuBDi"},"fileId":"bc1SIzgq1Aipl8M3ApXT92"},"_contentSize":{"__type__":"cc.Size","width":240,"height":140},"_trs":{"__type__":"TypedArray","ctor":"Float64Array","array":[-160.584,-600.349,0,0,0,0,1,0.7,0.7,0.7]}},{"__type__":"cc.Node","_name":"greenPos_node","_parent":{"__id__":1},"_prefab":{"__type__":"cc.PrefabInfo","root":{"__id__":1},"asset":{"__uuid__":"ccLpgadsVAc7Jnt0cJuBDi"},"fileId":"50UxJLt+pO6L/kml19clTe"},"_trs":{"__type__":"TypedArray","ctor":"Float64Array","array":[0,0,0,0,0,0,1,1,1,1]}},{"__type__":"cc.Node","_name":"redPos_node","_parent":{"__id__":1},"_prefab":{"__type__":"cc.PrefabInfo","root":{"__id__":1},"asset":{"__uuid__":"ccLpgadsVAc7Jnt0cJuBDi"},"fileId":"21njTWEnZDN5ModVcrYJNh"},"_trs":{"__type__":"TypedArray","ctor":"Float64Array","array":[0,0,0,0,0,0,1,1,1,1]}},{"__id__":2},{"__id__":3},{"__id__":4},{"__type__":"cc.Node","_name":"redwater_node","_parent":{"__id__":1},"_prefab":{"__type__":"cc.PrefabInfo","root":{"__id__":1},"asset":{"__uuid__":"ccLpgadsVAc7Jnt0cJuBDi"},"fileId":"c6JocMwE9FcqjXrbZNQGgL"},"_trs":{"__type__":"TypedArray","ctor":"Float64Array","array":[0,0,0,0,0,0,1,1,1,1]}},{"__type__":"cc.Node","_name":"greenwater_node","_parent":{"__id__":1},"_prefab":{"__type__":"cc.PrefabInfo","root":{"__id__":1},"asset":{"__uuid__":"ccLpgadsVAc7Jnt0cJuBDi"},"fileId":"f3dVkzqP9GCYU6ZV/+Kwxb"},"_trs":{"__type__":"TypedArray","ctor":"Float64Array","array":[0,0,0,0,0,0,1,1,1,1]}},{"__type__":"cc.Node","_name":"bule_node","_parent":{"__id__":1},"_prefab":{"__type__":"cc.PrefabInfo","root":{"__id__":1},"asset":{"__uuid__":"ccLpgadsVAc7Jnt0cJuBDi"},"fileId":"9fzhZyqhFK1q29Sq7xain2"},"_trs":{"__type__":"TypedArray","ctor":"Float64Array","array":[0,0,0,0,0,0,1,1,1,1]}},{"__id__":5},{"__id__":8}],"_components":[{"__type__":"cc.Sprite","node":{"__id__":1},"_materials":[{"__uuid__":"ecpdLyjvZBwrvm+cedCcQy"}],"_spriteFrame":{"__uuid__":"adWw/ZPQpERY1KjAZ7RnSa"}},{"__type__":"cc.RigidBody","node":{"__id__":1},"_type":0},{"__type__":"cc.PhysicsPolygonCollider","node":{"__id__":1},"points":[{"__type__":"cc.Vec2","x":-386,"y":-757},{"__type__":"cc.Vec2","x":402,"y":-769},{"__type__":"cc.Vec2","x":417,"y":765},{"__type__":"cc.Vec2","x":144.5,"y":695},{"__type__":"cc.Vec2","x":147.8,"y":466.8},{"__type__":"cc.Vec2","x":137.4,"y":444},{"__type__":"cc.Vec2","x":-23.3,"y":399.6},{"__type__":"cc.Vec2","x":-46.5,"y":380.4},{"__type__":"cc.Vec2","x":-59.7,"y":315.5},{"__type__":"cc.Vec2","x":-71.5,"y":229.9},{"__type__":"cc.Vec2","x":-63.3,"y":158},{"__type__":"cc.Vec2","x":-34.6,"y":101.9},{"__type__":"cc.Vec2","x":3.9,"y":73.6},{"__type__":"cc.Vec2","x":49.8,"y":60.3},{"__type__":"cc.Vec2","x":139.2,"y":50.8},{"__type__":"cc.Vec2","x":213.5,"y":40.8},{"__type__":"cc.Vec2","x":277.6,"y":22.2},{"__type__":"cc.Vec2","x":309.5,"y":-4.9},{"__type__":"cc.Vec2","x":332,"y":-36},{"__type__":"cc.Vec2","x":344.5,"y":-94.8},{"__type__":"cc.Vec2","x":344.4,"y":-116.2},{"__type__":"cc.Vec2","x":340.8,"y":-138.3},{"__type__":"cc.Vec2","x":326.1,"y":-173.5},{"__type__":"cc.Vec2","x":295.5,"y":-204.4},{"__type__":"cc.Vec2","x":229.7,"y":-234.5},{"__type__":"cc.Vec2","x":80,"y":-257},{"__type__":"cc.Vec2","x":31,"y":-277},{"__type__":"cc.Vec2","x":-2,"y":-307},{"__type__":"cc.Vec2","x":-32.5,"y":-353.1},{"__type__":"cc.Vec2","x":-47.4,"y":-433},{"__type__":"cc.Vec2","x":-35,"y":-491},{"__type__":"cc.Vec2","x":5,"y":-576},{"__type__":"cc.Vec2","x":22,"y":-631},{"__type__":"cc.Vec2","x":8,"y":-678},{"__type__":"cc.Vec2","x":-49,"y":-692},{"__type__":"cc.Vec2","x":-123,"y":-694},{"__type__":"cc.Vec2","x":-208,"y":-684},{"__type__":"cc.Vec2","x":-270,"y":-644},{"__type__":"cc.Vec2","x":-290,"y":-568},{"__type__":"cc.Vec2","x":-290,"y":-459},{"__type__":"cc.Vec2","x":-262,"y":-338},{"__type__":"cc.Vec2","x":-188,"y":-220},{"__type__":"cc.Vec2","x":-118,"y":-165},{"__type__":"cc.Vec2","x":-1,"y":-148},{"__type__":"cc.Vec2","x":163,"y":-146},{"__type__":"cc.Vec2","x":226.1,"y":-132.8},{"__type__":"cc.Vec2","x":245.2,"y":-106.7},{"__type__":"cc.Vec2","x":245.7,"y":-81.2},{"__type__":"cc.Vec2","x":224.5,"y":-60.9},{"__type__":"cc.Vec2","x":139,"y":-55},{"__type__":"cc.Vec2","x":-14,"y":-39},{"__type__":"cc.Vec2","x":-96,"y":3},{"__type__":"cc.Vec2","x":-128,"y":43},{"__type__":"cc.Vec2","x":-149.6,"y":96.3},{"__type__":"cc.Vec2","x":-151.2,"y":368.8},{"__type__":"cc.Vec2","x":-163.7,"y":399.5},{"__type__":"cc.Vec2","x":-322.8,"y":441.4},{"__type__":"cc.Vec2","x":-339.4,"y":476.5},{"__type__":"cc.Vec2","x":-339.4,"y":696.1},{"__type__":"cc.Vec2","x":143.5,"y":695.3},{"__type__":"cc.Vec2","x":166.4,"y":699.6},{"__type__":"cc.Vec2","x":220,"y":714.1},{"__type__":"cc.Vec2","x":415,"y":762},{"__type__":"cc.Vec2","x":-397,"y":764}]},{"__type__":"1100eDGpRlLMYp5CrYQGpcQ","node":{"__id__":1}}],"_prefab":{"__type__":"cc.PrefabInfo","root":{"__id__":1},"asset":{"__uuid__":"ccLpgadsVAc7Jnt0cJuBDi"},"fileId":"d6EZohmUxMfKPgGZz7ZSSP"},"_contentSize":{"__type__":"cc.Size","width":770,"height":1478},"_trs":{"__type__":"TypedArray","ctor":"Float64Array","array":[0,0,0,0,0,0,1,1,1,1]}},{"__type__":"cc.Node","_name":"bulePos_node","_parent":{"__id__":1},"_children":[{"__type__":"cc.Node","_name":"New Node","_parent":{"__id__":2},"_prefab":{"__type__":"cc.PrefabInfo","root":{"__id__":1},"asset":{"__uuid__":"ccLpgadsVAc7Jnt0cJuBDi"},"fileId":"ef5bbqp0RGeJCFrkQ7KoTm"},"_trs":{"__type__":"TypedArray","ctor":"Float64Array","array":[-103.211,543.007,0,0,0,0,1,1,1,1]}}],"_prefab":{"__type__":"cc.PrefabInfo","root":{"__id__":1},"asset":{"__uuid__":"ccLpgadsVAc7Jnt0cJuBDi"},"fileId":"a4uuDvlx1IMIcL2ezbrUYI"},"_trs":{"__type__":"TypedArray","ctor":"Float64Array","array":[0,0,0,0,0,0,1,1,1,1]}},{"__type__":"cc.Node","_name":"gray_node","_parent":{"__id__":1},"_components":[{"__type__":"3400dF2d2tHLK8+En9baGXY","node":{"__id__":3},"grey_prefab":{"__uuid__":"13FEeEL1NMaK5TFGpFQpJr"}}],"_prefab":{"__type__":"cc.PrefabInfo","root":{"__id__":1},"asset":{"__uuid__":"ccLpgadsVAc7Jnt0cJuBDi"},"fileId":"feMCWA6iRBKLxhntw53HgF"},"_trs":{"__type__":"TypedArray","ctor":"Float64Array","array":[0,0,0,0,0,0,1,1,1,1]}},{"__type__":"cc.Node","_name":"black_node","_parent":{"__id__":1},"_components":[{"__type__":"6c0e8KZwr5L34azTYX21stu","node":{"__id__":4}}],"_prefab":{"__type__":"cc.PrefabInfo","root":{"__id__":1},"asset":{"__uuid__":"ccLpgadsVAc7Jnt0cJuBDi"},"fileId":"4axYBXn+5FxrPTsljjKNsk"},"_trs":{"__type__":"TypedArray","ctor":"Float64Array","array":[0,0,0,0,0,0,1,1,1,1]}},{"__type__":"cc.Node","_name":"MoveProp","_parent":{"__id__":1},"_children":[{"__id__":6},{"__id__":7}],"_prefab":{"__type__":"cc.PrefabInfo","root":{"__id__":1},"asset":{"__uuid__":"ccLpgadsVAc7Jnt0cJuBDi"},"fileId":"888L/Zev9CvJXR7c8q1Hu5"},"_trs":{"__type__":"TypedArray","ctor":"Float64Array","array":[-114.718,206.832,0,0,0,0,1,1,1,1]}},{"__type__":"cc.Node","_name":"Bar","_parent":{"__id__":5},"_components":[{"__type__":"cc.Sprite","node":{"__id__":6},"_materials":[{"__uuid__":"ecpdLyjvZBwrvm+cedCcQy"}],"_spriteFrame":{"__uuid__":"36nyDwRspBQpKV3/57IicC"}},{"__type__":"cc.RigidBody","node":{"__id__":6},"_type":0},{"__type__":"cc.PhysicsPolygonCollider","node":{"__id__":6},"points":[{"__type__":"cc.Vec2","x":-114.4,"y":-31.1},{"__type__":"cc.Vec2","x":116,"y":-31.3},{"__type__":"cc.Vec2","x":115.1,"y":31.8},{"__type__":"cc.Vec2","x":-114.2,"y":31.3}]},{"__type__":"8a64bLvzRlHBakXZIa7SBbN","node":{"__id__":6}}],"_prefab":{"__type__":"cc.PrefabInfo","root":{"__id__":1},"asset":{"__uuid__":"ccLpgadsVAc7Jnt0cJuBDi"},"fileId":"ceW1Ah2cZMHZ3yvM8RE0N6"},"_contentSize":{"__type__":"cc.Size","width":230,"height":65},"_trs":{"__type__":"TypedArray","ctor":"Float64Array","array":[0,0,0,0,0,0,1,1,1,1]}},{"__type__":"cc.Node","_name":"BarBG","_parent":{"__id__":5},"_components":[{"__type__":"cc.Sprite","node":{"__id__":7},"_materials":[{"__uuid__":"ecpdLyjvZBwrvm+cedCcQy"}],"_spriteFrame":{"__uuid__":"d8hqEurO5O3r/JLAsbxS//"}}],"_prefab":{"__type__":"cc.PrefabInfo","root":{"__id__":1},"asset":{"__uuid__":"ccLpgadsVAc7Jnt0cJuBDi"},"fileId":"b5S3yYjUhJ6rOvwkoOlOT5"},"_contentSize":{"__type__":"cc.Size","width":427,"height":66},"_trs":{"__type__":"TypedArray","ctor":"Float64Array","array":[-81,0,0,0,0,0,1,1,1,1]}},{"__type__":"cc.Node","_name":"MoveProp","_parent":{"__id__":1},"_children":[{"__id__":9},{"__id__":10}],"_prefab":{"__type__":"cc.PrefabInfo","root":{"__id__":1},"asset":{"__uuid__":"ccLpgadsVAc7Jnt0cJuBDi"},"fileId":"89YK5ReDlIUqbRXHTL9Obg"},"_trs":{"__type__":"TypedArray","ctor":"Float64Array","array":[113.184,12.76,0,0,0,0.7071067811865475,0.7071067811865476,1,1,1]},"_eulerAngles":{"__type__":"cc.Vec3","z":90}},{"__type__":"cc.Node","_name":"Bar","_parent":{"__id__":8},"_components":[{"__type__":"cc.Sprite","node":{"__id__":9},"_materials":[{"__uuid__":"ecpdLyjvZBwrvm+cedCcQy"}],"_spriteFrame":{"__uuid__":"36nyDwRspBQpKV3/57IicC"},"_type":1},{"__type__":"cc.RigidBody","node":{"__id__":9},"_type":0},{"__type__":"cc.PhysicsPolygonCollider","node":{"__id__":9},"points":[{"__type__":"cc.Vec2","x":-114.4,"y":-31.1},{"__type__":"cc.Vec2","x":116,"y":-31.3},{"__type__":"cc.Vec2","x":115.1,"y":31.8},{"__type__":"cc.Vec2","x":-114.2,"y":31.3}]},{"__type__":"8a64bLvzRlHBakXZIa7SBbN","node":{"__id__":9}}],"_prefab":{"__type__":"cc.PrefabInfo","root":{"__id__":1},"asset":{"__uuid__":"ccLpgadsVAc7Jnt0cJuBDi"},"fileId":"95L6TUo/xAgZvLWVp7S4Dn"},"_contentSize":{"__type__":"cc.Size","width":230,"height":65},"_trs":{"__type__":"TypedArray","ctor":"Float64Array","array":[0,0,0,0,0,0,1,1,1,1]}},{"__type__":"cc.Node","_name":"BarBG","_parent":{"__id__":8},"_components":[{"__type__":"cc.Sprite","node":{"__id__":10},"_materials":[{"__uuid__":"ecpdLyjvZBwrvm+cedCcQy"}],"_spriteFrame":{"__uuid__":"d8hqEurO5O3r/JLAsbxS//"},"_sizeMode":0}],"_prefab":{"__type__":"cc.PrefabInfo","root":{"__id__":1},"asset":{"__uuid__":"ccLpgadsVAc7Jnt0cJuBDi"},"fileId":"87VmWmZrdIBKdFngnuXH+d"},"_contentSize":{"__type__":"cc.Size","width":493,"height":66},"_trs":{"__type__":"TypedArray","ctor":"Float64Array","array":[-117,0,0,0,0,0,1,1,1,1]}}]]