[{"__type__":"cc.SpriteFrame","content":{"name":"guanqia71","texture":"227YjCr4VPUboJXbZQA2BN","rect":[2,1,914,1511],"offset":[1,0],"originalSize":[916,1513],"capInsets":[0,0,0,0]}},[{"__type__":"cc.Prefab","_name":"UIDerived75","data":{"__id__":1}},{"__type__":"cc.Node","_name":"UIDerived24","_children":[{"__type__":"cc.Node","_name":"player","_parent":{"__id__":1},"_prefab":{"__type__":"cc.PrefabInfo","root":{"__id__":1},"asset":{"__uuid__":"ddRqGfOidOQY+k4HiKMBmu"},"fileId":"4bOQP7STxOgJv4thM8dVyB"},"_contentSize":{"__type__":"cc.Size","width":240,"height":140},"_trs":{"__type__":"TypedArray","ctor":"Float64Array","array":[-195.214,-604.253,0,0,0,0,1,0.7,0.7,0.7]}},{"__type__":"cc.Node","_name":"greenPos_node","_parent":{"__id__":1},"_prefab":{"__type__":"cc.PrefabInfo","root":{"__id__":1},"asset":{"__uuid__":"ddRqGfOidOQY+k4HiKMBmu"},"fileId":"d30bdTbAZH2rniuQgDbKFe"},"_trs":{"__type__":"TypedArray","ctor":"Float64Array","array":[0,0,0,0,0,0,1,1,1,1]}},{"__type__":"cc.Node","_name":"redPos_node","_parent":{"__id__":1},"_prefab":{"__type__":"cc.PrefabInfo","root":{"__id__":1},"asset":{"__uuid__":"ddRqGfOidOQY+k4HiKMBmu"},"fileId":"98oqF2RpZEsrhKxHAn9a3S"},"_trs":{"__type__":"TypedArray","ctor":"Float64Array","array":[0,0,0,0,0,0,1,1,1,1]}},{"__id__":2},{"__id__":3},{"__id__":4},{"__type__":"cc.Node","_name":"redwater_node","_parent":{"__id__":1},"_prefab":{"__type__":"cc.PrefabInfo","root":{"__id__":1},"asset":{"__uuid__":"ddRqGfOidOQY+k4HiKMBmu"},"fileId":"b6fuMCPS9O7Lrm9wDB6Xx8"},"_trs":{"__type__":"TypedArray","ctor":"Float64Array","array":[0,0,0,0,0,0,1,1,1,1]}},{"__type__":"cc.Node","_name":"greenwater_node","_parent":{"__id__":1},"_prefab":{"__type__":"cc.PrefabInfo","root":{"__id__":1},"asset":{"__uuid__":"ddRqGfOidOQY+k4HiKMBmu"},"fileId":"dcNOfubg1BzKi8OzYEja66"},"_trs":{"__type__":"TypedArray","ctor":"Float64Array","array":[0,0,0,0,0,0,1,1,1,1]}},{"__type__":"cc.Node","_name":"bule_node","_parent":{"__id__":1},"_prefab":{"__type__":"cc.PrefabInfo","root":{"__id__":1},"asset":{"__uuid__":"ddRqGfOidOQY+k4HiKMBmu"},"fileId":"9aF6zRdcJP77Q/SiTgxPRm"},"_trs":{"__type__":"TypedArray","ctor":"Float64Array","array":[0,0,0,0,0,0,1,1,1,1]}},{"__id__":5},{"__id__":8},{"__id__":11}],"_components":[{"__type__":"cc.Sprite","node":{"__id__":1},"_materials":[{"__uuid__":"ecpdLyjvZBwrvm+cedCcQy"}],"_spriteFrame":{"__uuid__":"74Yf2dWqlJ6ZIlRxYrmpZy"}},{"__type__":"1100eDGpRlLMYp5CrYQGpcQ","node":{"__id__":1}},{"__type__":"cc.RigidBody","node":{"__id__":1},"_type":0},{"__type__":"cc.PhysicsPolygonCollider","node":{"__id__":1},"points":[{"__type__":"cc.Vec2","x":-299.4,"y":350},{"__type__":"cc.Vec2","x":-459.9,"y":1.3},{"__type__":"cc.Vec2","x":-457,"y":-758},{"__type__":"cc.Vec2","x":458,"y":-754},{"__type__":"cc.Vec2","x":434.8,"y":755.9},{"__type__":"cc.Vec2","x":-300.5,"y":752.8},{"__type__":"cc.Vec2","x":-252.5,"y":714.3},{"__type__":"cc.Vec2","x":211,"y":714},{"__type__":"cc.Vec2","x":210.1,"y":425.4},{"__type__":"cc.Vec2","x":197.8,"y":409.5},{"__type__":"cc.Vec2","x":32.1,"y":365.6},{"__type__":"cc.Vec2","x":17.6,"y":328.9},{"__type__":"cc.Vec2","x":20.7,"y":288},{"__type__":"cc.Vec2","x":46.5,"y":247.4},{"__type__":"cc.Vec2","x":89.7,"y":217.7},{"__type__":"cc.Vec2","x":165.4,"y":205.1},{"__type__":"cc.Vec2","x":324,"y":194.7},{"__type__":"cc.Vec2","x":354.2,"y":178.6},{"__type__":"cc.Vec2","x":381.6,"y":110.2},{"__type__":"cc.Vec2","x":373,"y":32.2},{"__type__":"cc.Vec2","x":326.1,"y":-11.9},{"__type__":"cc.Vec2","x":234.8,"y":-44.6},{"__type__":"cc.Vec2","x":117,"y":-64},{"__type__":"cc.Vec2","x":-68.4,"y":-69.1},{"__type__":"cc.Vec2","x":-287.8,"y":-60.6},{"__type__":"cc.Vec2","x":-316.7,"y":-90.2},{"__type__":"cc.Vec2","x":-316.1,"y":-123.1},{"__type__":"cc.Vec2","x":-272.3,"y":-161.1},{"__type__":"cc.Vec2","x":-176.4,"y":-187.5},{"__type__":"cc.Vec2","x":136.2,"y":-187.7},{"__type__":"cc.Vec2","x":244.6,"y":-200.7},{"__type__":"cc.Vec2","x":324.8,"y":-239.3},{"__type__":"cc.Vec2","x":354.2,"y":-276.6},{"__type__":"cc.Vec2","x":365,"y":-318},{"__type__":"cc.Vec2","x":371,"y":-515},{"__type__":"cc.Vec2","x":362,"y":-618},{"__type__":"cc.Vec2","x":324,"y":-683},{"__type__":"cc.Vec2","x":285,"y":-709.4},{"__type__":"cc.Vec2","x":249.8,"y":-710.1},{"__type__":"cc.Vec2","x":206.7,"y":-689.9},{"__type__":"cc.Vec2","x":189,"y":-660.4},{"__type__":"cc.Vec2","x":158.1,"y":-567},{"__type__":"cc.Vec2","x":142.5,"y":-521.5},{"__type__":"cc.Vec2","x":125.5,"y":-499.2},{"__type__":"cc.Vec2","x":88.9,"y":-471.4},{"__type__":"cc.Vec2","x":33.3,"y":-462.6},{"__type__":"cc.Vec2","y":-464.4},{"__type__":"cc.Vec2","x":-19.7,"y":-490.5},{"__type__":"cc.Vec2","x":-57.4,"y":-605.3},{"__type__":"cc.Vec2","x":-85.2,"y":-666.2},{"__type__":"cc.Vec2","x":-137.1,"y":-709.4},{"__type__":"cc.Vec2","x":-202.4,"y":-715},{"__type__":"cc.Vec2","x":-262.3,"y":-701.5},{"__type__":"cc.Vec2","x":-308.5,"y":-666.6},{"__type__":"cc.Vec2","x":-331.3,"y":-616.8},{"__type__":"cc.Vec2","x":-332.8,"y":-541.6},{"__type__":"cc.Vec2","x":-306.3,"y":-486.5},{"__type__":"cc.Vec2","x":-235.4,"y":-430.3},{"__type__":"cc.Vec2","x":-147.2,"y":-393.5},{"__type__":"cc.Vec2","x":-23.7,"y":-367.3},{"__type__":"cc.Vec2","x":96.1,"y":-361.5},{"__type__":"cc.Vec2","x":164.8,"y":-379.7},{"__type__":"cc.Vec2","x":206.3,"y":-419.4},{"__type__":"cc.Vec2","x":250.9,"y":-494.7},{"__type__":"cc.Vec2","x":283,"y":-497.2},{"__type__":"cc.Vec2","x":296.9,"y":-476.7},{"__type__":"cc.Vec2","x":284,"y":-358},{"__type__":"cc.Vec2","x":272.2,"y":-310},{"__type__":"cc.Vec2","x":198,"y":-277.7},{"__type__":"cc.Vec2","x":51.5,"y":-275.3},{"__type__":"cc.Vec2","x":-115,"y":-275},{"__type__":"cc.Vec2","x":-244,"y":-265},{"__type__":"cc.Vec2","x":-318,"y":-246.1},{"__type__":"cc.Vec2","x":-372.4,"y":-209.1},{"__type__":"cc.Vec2","x":-401.2,"y":-173.6},{"__type__":"cc.Vec2","x":-414,"y":-140.5},{"__type__":"cc.Vec2","x":-416.9,"y":-101.2},{"__type__":"cc.Vec2","x":-407.9,"y":-44.1},{"__type__":"cc.Vec2","x":-365.3,"y":1.6},{"__type__":"cc.Vec2","x":-303.1,"y":30.7},{"__type__":"cc.Vec2","x":-235.1,"y":45.5},{"__type__":"cc.Vec2","x":-136.6,"y":48.8},{"__type__":"cc.Vec2","x":117.5,"y":38.2},{"__type__":"cc.Vec2","x":265.1,"y":41.4},{"__type__":"cc.Vec2","x":287,"y":78},{"__type__":"cc.Vec2","x":282.1,"y":101.8},{"__type__":"cc.Vec2","x":263.9,"y":114.6},{"__type__":"cc.Vec2","x":171,"y":120.9},{"__type__":"cc.Vec2","x":90.4,"y":134.6},{"__type__":"cc.Vec2","x":-13,"y":168},{"__type__":"cc.Vec2","x":-50,"y":195},{"__type__":"cc.Vec2","x":-69,"y":233},{"__type__":"cc.Vec2","x":-77.9,"y":302},{"__type__":"cc.Vec2","x":-74.9,"y":344.7},{"__type__":"cc.Vec2","x":-85,"y":368.3},{"__type__":"cc.Vec2","x":-250.3,"y":418.6},{"__type__":"cc.Vec2","x":-252.7,"y":714.9},{"__type__":"cc.Vec2","x":-301.7,"y":751.7}]}],"_prefab":{"__type__":"cc.PrefabInfo","root":{"__id__":1},"asset":{"__uuid__":"ddRqGfOidOQY+k4HiKMBmu"},"fileId":"7cBx+p5WdBN7z96Bcww1jc"},"_contentSize":{"__type__":"cc.Size","width":914,"height":1511},"_trs":{"__type__":"TypedArray","ctor":"Float64Array","array":[0,0,0,0,0,0,1,1,1,1]}},{"__type__":"cc.Node","_name":"bulePos_node","_parent":{"__id__":1},"_children":[{"__type__":"cc.Node","_name":"New Node","_parent":{"__id__":2},"_prefab":{"__type__":"cc.PrefabInfo","root":{"__id__":1},"asset":{"__uuid__":"ddRqGfOidOQY+k4HiKMBmu"},"fileId":"d3AksH95lFsK2+lGlG2cJg"},"_trs":{"__type__":"TypedArray","ctor":"Float64Array","array":[-48.798,534.891,0,0,0,0,1,1,1,1]}}],"_prefab":{"__type__":"cc.PrefabInfo","root":{"__id__":1},"asset":{"__uuid__":"ddRqGfOidOQY+k4HiKMBmu"},"fileId":"7e9bCHiNVMLq3YOMFsqF5g"},"_trs":{"__type__":"TypedArray","ctor":"Float64Array","array":[0,0,0,0,0,0,1,1,1,1]}},{"__type__":"cc.Node","_name":"gray_node","_parent":{"__id__":1},"_components":[{"__type__":"3400dF2d2tHLK8+En9baGXY","node":{"__id__":3},"grey_prefab":{"__uuid__":"13FEeEL1NMaK5TFGpFQpJr"}}],"_prefab":{"__type__":"cc.PrefabInfo","root":{"__id__":1},"asset":{"__uuid__":"ddRqGfOidOQY+k4HiKMBmu"},"fileId":"821NfJGMFB0aKVYBiW0hg0"},"_trs":{"__type__":"TypedArray","ctor":"Float64Array","array":[0,0,0,0,0,0,1,1,1,1]}},{"__type__":"cc.Node","_name":"black_node","_parent":{"__id__":1},"_components":[{"__type__":"6c0e8KZwr5L34azTYX21stu","node":{"__id__":4}}],"_prefab":{"__type__":"cc.PrefabInfo","root":{"__id__":1},"asset":{"__uuid__":"ddRqGfOidOQY+k4HiKMBmu"},"fileId":"ac8pbKPqZPHZ+0uUKyo2Gn"},"_trs":{"__type__":"TypedArray","ctor":"Float64Array","array":[0,0,0,0,0,0,1,1,1,1]}},{"__type__":"cc.Node","_name":"MoveProp","_parent":{"__id__":1},"_children":[{"__id__":6},{"__id__":7}],"_prefab":{"__type__":"cc.PrefabInfo","root":{"__id__":1},"asset":{"__uuid__":"ddRqGfOidOQY+k4HiKMBmu"},"fileId":"22hffq7stOvaNq8e5eY17r"},"_trs":{"__type__":"TypedArray","ctor":"Float64Array","array":[0,300.437,0,0,0,0,1,1,1,1]}},{"__type__":"cc.Node","_name":"Bar","_parent":{"__id__":5},"_components":[{"__type__":"cc.Sprite","node":{"__id__":6},"_materials":[{"__uuid__":"ecpdLyjvZBwrvm+cedCcQy"}],"_spriteFrame":{"__uuid__":"36nyDwRspBQpKV3/57IicC"}},{"__type__":"cc.RigidBody","node":{"__id__":6},"_type":0},{"__type__":"cc.PhysicsPolygonCollider","node":{"__id__":6},"points":[{"__type__":"cc.Vec2","x":-114.4,"y":-31.1},{"__type__":"cc.Vec2","x":116,"y":-31.3},{"__type__":"cc.Vec2","x":115.1,"y":31.8},{"__type__":"cc.Vec2","x":-114.2,"y":31.3}]},{"__type__":"8a64bLvzRlHBakXZIa7SBbN","node":{"__id__":6}}],"_prefab":{"__type__":"cc.PrefabInfo","root":{"__id__":1},"asset":{"__uuid__":"ddRqGfOidOQY+k4HiKMBmu"},"fileId":"dcCPECvYJNAY8ONnWroA9J"},"_contentSize":{"__type__":"cc.Size","width":230,"height":65},"_trs":{"__type__":"TypedArray","ctor":"Float64Array","array":[0,0,0,0,0,0,1,1,1,1]}},{"__type__":"cc.Node","_name":"BarBG","_parent":{"__id__":5},"_components":[{"__type__":"cc.Sprite","node":{"__id__":7},"_materials":[{"__uuid__":"ecpdLyjvZBwrvm+cedCcQy"}],"_spriteFrame":{"__uuid__":"d8hqEurO5O3r/JLAsbxS//"}}],"_prefab":{"__type__":"cc.PrefabInfo","root":{"__id__":1},"asset":{"__uuid__":"ddRqGfOidOQY+k4HiKMBmu"},"fileId":"b4gyMXtidDHpHFkYAomgNh"},"_contentSize":{"__type__":"cc.Size","width":427,"height":66},"_trs":{"__type__":"TypedArray","ctor":"Float64Array","array":[-89,0,0,0,0,0,1,1,1,1]}},{"__type__":"cc.Node","_name":"MoveProp","_parent":{"__id__":1},"_children":[{"__id__":9},{"__id__":10}],"_prefab":{"__type__":"cc.PrefabInfo","root":{"__id__":1},"asset":{"__uuid__":"ddRqGfOidOQY+k4HiKMBmu"},"fileId":"eaoLdAmYpP1b6B+/yIopPA"},"_trs":{"__type__":"TypedArray","ctor":"Float64Array","array":[178,114.437,0,0,0,0.7071067811865475,0.7071067811865476,1,1,1]},"_eulerAngles":{"__type__":"cc.Vec3","z":90}},{"__type__":"cc.Node","_name":"Bar","_parent":{"__id__":8},"_components":[{"__type__":"cc.Sprite","node":{"__id__":9},"_materials":[{"__uuid__":"ecpdLyjvZBwrvm+cedCcQy"}],"_spriteFrame":{"__uuid__":"36nyDwRspBQpKV3/57IicC"}},{"__type__":"cc.RigidBody","node":{"__id__":9},"_type":0},{"__type__":"cc.PhysicsPolygonCollider","node":{"__id__":9},"points":[{"__type__":"cc.Vec2","x":-114.4,"y":-31.1},{"__type__":"cc.Vec2","x":116,"y":-31.3},{"__type__":"cc.Vec2","x":115.1,"y":31.8},{"__type__":"cc.Vec2","x":-114.2,"y":31.3}]},{"__type__":"8a64bLvzRlHBakXZIa7SBbN","node":{"__id__":9}}],"_prefab":{"__type__":"cc.PrefabInfo","root":{"__id__":1},"asset":{"__uuid__":"ddRqGfOidOQY+k4HiKMBmu"},"fileId":"ffAOdSlEJJ8YueGEa8cb5U"},"_contentSize":{"__type__":"cc.Size","width":230,"height":65},"_trs":{"__type__":"TypedArray","ctor":"Float64Array","array":[0,0,0,0,0,0,1,1,1,1]}},{"__type__":"cc.Node","_name":"BarBG","_parent":{"__id__":8},"_components":[{"__type__":"cc.Sprite","node":{"__id__":10},"_materials":[{"__uuid__":"ecpdLyjvZBwrvm+cedCcQy"}],"_spriteFrame":{"__uuid__":"d8hqEurO5O3r/JLAsbxS//"}}],"_prefab":{"__type__":"cc.PrefabInfo","root":{"__id__":1},"asset":{"__uuid__":"ddRqGfOidOQY+k4HiKMBmu"},"fileId":"6aNO8LYGJHrI8w6mCeQQdQ"},"_contentSize":{"__type__":"cc.Size","width":427,"height":66},"_trs":{"__type__":"TypedArray","ctor":"Float64Array","array":[-89,0,0,0,0,0,1,1,1,1]}},{"__type__":"cc.Node","_name":"MoveProp","_parent":{"__id__":1},"_children":[{"__id__":12},{"__id__":13}],"_prefab":{"__type__":"cc.PrefabInfo","root":{"__id__":1},"asset":{"__uuid__":"ddRqGfOidOQY+k4HiKMBmu"},"fileId":"08lseaZsdCPKvEuJSNfWJC"},"_trs":{"__type__":"TypedArray","ctor":"Float64Array","array":[-239,-10.563,0,0,0,0.7071067811865475,0.7071067811865476,1,1,1]},"_eulerAngles":{"__type__":"cc.Vec3","z":90}},{"__type__":"cc.Node","_name":"Bar","_parent":{"__id__":11},"_components":[{"__type__":"cc.Sprite","node":{"__id__":12},"_materials":[{"__uuid__":"ecpdLyjvZBwrvm+cedCcQy"}],"_spriteFrame":{"__uuid__":"36nyDwRspBQpKV3/57IicC"}},{"__type__":"cc.RigidBody","node":{"__id__":12},"_type":0},{"__type__":"cc.PhysicsPolygonCollider","node":{"__id__":12},"points":[{"__type__":"cc.Vec2","x":-114.4,"y":-31.1},{"__type__":"cc.Vec2","x":116,"y":-31.3},{"__type__":"cc.Vec2","x":115.1,"y":31.8},{"__type__":"cc.Vec2","x":-114.2,"y":31.3}]},{"__type__":"8a64bLvzRlHBakXZIa7SBbN","node":{"__id__":12}}],"_prefab":{"__type__":"cc.PrefabInfo","root":{"__id__":1},"asset":{"__uuid__":"ddRqGfOidOQY+k4HiKMBmu"},"fileId":"abjY5lhExCuonnBgsMEXkr"},"_contentSize":{"__type__":"cc.Size","width":230,"height":65},"_trs":{"__type__":"TypedArray","ctor":"Float64Array","array":[0,0,0,0,0,0,1,1,1,1]}},{"__type__":"cc.Node","_name":"BarBG","_parent":{"__id__":11},"_components":[{"__type__":"cc.Sprite","node":{"__id__":13},"_materials":[{"__uuid__":"ecpdLyjvZBwrvm+cedCcQy"}],"_spriteFrame":{"__uuid__":"d8hqEurO5O3r/JLAsbxS//"}}],"_prefab":{"__type__":"cc.PrefabInfo","root":{"__id__":1},"asset":{"__uuid__":"ddRqGfOidOQY+k4HiKMBmu"},"fileId":"66hvkDjt5OLJevVZKwO0lQ"},"_contentSize":{"__type__":"cc.Size","width":427,"height":66},"_trs":{"__type__":"TypedArray","ctor":"Float64Array","array":[-89,0,0,0,0,0,1,1,1,1]}}]]