[[{"__type__":"cc.Prefab","_name":"UIDerived84","data":{"__id__":1}},{"__type__":"cc.Node","_name":"UIDerived84","_children":[{"__type__":"cc.Node","_name":"bule_node","_parent":{"__id__":1},"_prefab":{"__type__":"cc.PrefabInfo","root":{"__id__":1},"asset":{"__uuid__":"8ep+PfywpEvYfIakQNPLkb"},"fileId":"24PhhXmNZIe5McfjSo8Z2l"},"_trs":{"__type__":"TypedArray","ctor":"Float64Array","array":[0,0,0,0,0,0,1,1,1,1]}},{"__type__":"cc.Node","_name":"greenwater_node","_parent":{"__id__":1},"_prefab":{"__type__":"cc.PrefabInfo","root":{"__id__":1},"asset":{"__uuid__":"8ep+PfywpEvYfIakQNPLkb"},"fileId":"c6spGwjfhHAYPC39V1sa+7"},"_trs":{"__type__":"TypedArray","ctor":"Float64Array","array":[0,0,0,0,0,0,1,1,1,1]}},{"__type__":"cc.Node","_name":"redwater_node","_parent":{"__id__":1},"_prefab":{"__type__":"cc.PrefabInfo","root":{"__id__":1},"asset":{"__uuid__":"8ep+PfywpEvYfIakQNPLkb"},"fileId":"d3JAu5UYFIsq0dHRKY9sFE"},"_trs":{"__type__":"TypedArray","ctor":"Float64Array","array":[0,0,0,0,0,0,1,1,1,1]}},{"__id__":2},{"__id__":3},{"__type__":"cc.Node","_name":"bulePos_node","_parent":{"__id__":1},"_prefab":{"__type__":"cc.PrefabInfo","root":{"__id__":1},"asset":{"__uuid__":"8ep+PfywpEvYfIakQNPLkb"},"fileId":"0bYDSoTWdO8IAoW0m1s9ys"},"_trs":{"__type__":"TypedArray","ctor":"Float64Array","array":[0,0,0,0,0,0,1,1,1,1]}},{"__id__":4},{"__type__":"cc.Node","_name":"greenPos_node","_parent":{"__id__":1},"_prefab":{"__type__":"cc.PrefabInfo","root":{"__id__":1},"asset":{"__uuid__":"8ep+PfywpEvYfIakQNPLkb"},"fileId":"29LSLpp3VPcZCUr3DJlMOA"},"_trs":{"__type__":"TypedArray","ctor":"Float64Array","array":[0,0,0,0,0,0,1,1,1,1]}},{"__id__":5},{"__id__":8},{"__id__":11},{"__id__":14},{"__type__":"cc.Node","_name":"player","_parent":{"__id__":1},"_prefab":{"__type__":"cc.PrefabInfo","root":{"__id__":1},"asset":{"__uuid__":"8ep+PfywpEvYfIakQNPLkb"},"fileId":"d6swlsfIJLr4Mu825dQu3x"},"_trs":{"__type__":"TypedArray","ctor":"Float64Array","array":[-28,-723,0,0,0,0,1,-0.7,0.7,1]}},{"__type__":"cc.Node","_name":"enemy","_parent":{"__id__":1},"_prefab":{"__type__":"cc.PrefabInfo","root":{"__id__":1},"asset":{"__uuid__":"8ep+PfywpEvYfIakQNPLkb"},"fileId":"3bVTXjH55NrIK8y8aJR7fz"},"_trs":{"__type__":"TypedArray","ctor":"Float64Array","array":[305,-723,0,0,0,0,1,-0.7,1,1]}}],"_components":[{"__type__":"cc.Sprite","node":{"__id__":1},"_materials":[{"__uuid__":"ecpdLyjvZBwrvm+cedCcQy"}],"_spriteFrame":{"__uuid__":"c4U0MQz9hB8Jzac/9eoM4m"}},{"__type__":"1100eDGpRlLMYp5CrYQGpcQ","node":{"__id__":1}},{"__type__":"cc.RigidBody","node":{"__id__":1},"_type":0},{"__type__":"cc.PhysicsPolygonCollider","node":{"__id__":1},"_friction":0,"_offset":{"__type__":"cc.Vec2","x":-290,"y":830},"points":[{"__type__":"cc.Vec2","x":120,"y":-1647},{"__type__":"cc.Vec2","x":738,"y":-1651},{"__type__":"cc.Vec2","x":739.4,"y":-11.8},{"__type__":"cc.Vec2","x":-46.8,"y":-11.1},{"__type__":"cc.Vec2","x":-46.9,"y":-52.2},{"__type__":"cc.Vec2","x":693,"y":-56},{"__type__":"cc.Vec2","x":691,"y":-437},{"__type__":"cc.Vec2","x":64,"y":-513},{"__type__":"cc.Vec2","x":-7,"y":-656},{"__type__":"cc.Vec2","x":-6,"y":-666},{"__type__":"cc.Vec2","x":688,"y":-671},{"__type__":"cc.Vec2","x":691,"y":-1603},{"__type__":"cc.Vec2","x":466,"y":-1606},{"__type__":"cc.Vec2","x":466,"y":-991},{"__type__":"cc.Vec2","x":592,"y":-988},{"__type__":"cc.Vec2","x":587,"y":-773},{"__type__":"cc.Vec2","x":-17,"y":-770},{"__type__":"cc.Vec2","x":-15,"y":-878},{"__type__":"cc.Vec2","x":362,"y":-879},{"__type__":"cc.Vec2","x":360,"y":-1602},{"__type__":"cc.Vec2","x":146,"y":-1608},{"__type__":"cc.Vec2","x":145,"y":-1445},{"__type__":"cc.Vec2","x":274,"y":-1444},{"__type__":"cc.Vec2","x":271,"y":-1341},{"__type__":"cc.Vec2","x":-99,"y":-1339},{"__type__":"cc.Vec2","x":-103,"y":-664},{"__type__":"cc.Vec2","x":-45,"y":-527},{"__type__":"cc.Vec2","x":-48,"y":-11},{"__type__":"cc.Vec2","x":-157,"y":-11},{"__type__":"cc.Vec2","x":-163,"y":-1357}]},{"__type__":"cc.PhysicsBoxCollider","node":{"__id__":1},"_offset":{"__type__":"cc.Vec2","x":-261,"y":-268},"_size":{"__type__":"cc.Size","width":149,"height":312}},{"__type__":"cc.PhysicsBoxCollider","node":{"__id__":1},"_offset":{"__type__":"cc.Vec2","x":-56,"y":-268},"_size":{"__type__":"cc.Size","width":149,"height":312}}],"_prefab":{"__type__":"cc.PrefabInfo","root":{"__id__":1},"asset":{"__uuid__":"8ep+PfywpEvYfIakQNPLkb"},"fileId":"12g3TYkMtIwKar/jQ6gE50"},"_contentSize":{"__type__":"cc.Size","width":897,"height":1638},"_trs":{"__type__":"TypedArray","ctor":"Float64Array","array":[0,0,0,0,0,0,1,1,1,1]}},{"__type__":"cc.Node","_name":"black_node","_parent":{"__id__":1},"_components":[{"__type__":"6c0e8KZwr5L34azTYX21stu","node":{"__id__":2}}],"_prefab":{"__type__":"cc.PrefabInfo","root":{"__id__":1},"asset":{"__uuid__":"8ep+PfywpEvYfIakQNPLkb"},"fileId":"1aePS9sz9DlqEG3kEz4cYK"},"_trs":{"__type__":"TypedArray","ctor":"Float64Array","array":[0,0,0,0,0,0,1,1,1,1]}},{"__type__":"cc.Node","_name":"gray_node","_parent":{"__id__":1},"_components":[{"__type__":"3400dF2d2tHLK8+En9baGXY","node":{"__id__":3},"grey_prefab":{"__uuid__":"13FEeEL1NMaK5TFGpFQpJr"}}],"_prefab":{"__type__":"cc.PrefabInfo","root":{"__id__":1},"asset":{"__uuid__":"8ep+PfywpEvYfIakQNPLkb"},"fileId":"0d6Ed3mN5ETIM+xlD5Ccwu"},"_trs":{"__type__":"TypedArray","ctor":"Float64Array","array":[0,0,0,0,0,0,1,1,1,1]}},{"__type__":"cc.Node","_name":"redPos_node","_parent":{"__id__":1},"_children":[{"__type__":"cc.Node","_name":"New Node","_parent":{"__id__":4},"_prefab":{"__type__":"cc.PrefabInfo","root":{"__id__":1},"asset":{"__uuid__":"8ep+PfywpEvYfIakQNPLkb"},"fileId":"6cvq0Ck4VG3INMGSOjv0oR"},"_trs":{"__type__":"TypedArray","ctor":"Float64Array","array":[54.903,465.234,0,0,0,0,1,1,1,1]}}],"_prefab":{"__type__":"cc.PrefabInfo","root":{"__id__":1},"asset":{"__uuid__":"8ep+PfywpEvYfIakQNPLkb"},"fileId":"4busKOGyVNO5U1ADm3NSCZ"},"_trs":{"__type__":"TypedArray","ctor":"Float64Array","array":[0,0,0,0,0,0,1,1,1,1]}},{"__type__":"cc.Node","_name":"MoveProp","_parent":{"__id__":1},"_children":[{"__id__":6},{"__id__":7}],"_prefab":{"__type__":"cc.PrefabInfo","root":{"__id__":1},"asset":{"__uuid__":"8ep+PfywpEvYfIakQNPLkb"},"fileId":"cdPWDyelVAVY9/pR4AAo44"},"_trs":{"__type__":"TypedArray","ctor":"Float64Array","array":[-219.236,239.657,0,0,0,0,1,1,1,1]}},{"__type__":"cc.Node","_name":"Bar","_parent":{"__id__":5},"_components":[{"__type__":"cc.Sprite","node":{"__id__":6},"_materials":[{"__uuid__":"ecpdLyjvZBwrvm+cedCcQy"}],"_spriteFrame":{"__uuid__":"36nyDwRspBQpKV3/57IicC"},"_type":1},{"__type__":"cc.RigidBody","node":{"__id__":6},"_type":0},{"__type__":"cc.PhysicsPolygonCollider","node":{"__id__":6},"points":[{"__type__":"cc.Vec2","x":-114.4,"y":-31.1},{"__type__":"cc.Vec2","x":116,"y":-31.3},{"__type__":"cc.Vec2","x":115.1,"y":31.8},{"__type__":"cc.Vec2","x":-114.2,"y":31.3}]},{"__type__":"8a64bLvzRlHBakXZIa7SBbN","node":{"__id__":6}}],"_prefab":{"__type__":"cc.PrefabInfo","root":{"__id__":1},"asset":{"__uuid__":"8ep+PfywpEvYfIakQNPLkb"},"fileId":"8funoO2NZM66k5mddz9Taa"},"_contentSize":{"__type__":"cc.Size","width":230,"height":65},"_trs":{"__type__":"TypedArray","ctor":"Float64Array","array":[-96.213,0,0,0,0,0,1,1,1,1]}},{"__type__":"cc.Node","_name":"BarBG","_parent":{"__id__":5},"_components":[{"__type__":"cc.Sprite","node":{"__id__":7},"_materials":[{"__uuid__":"ecpdLyjvZBwrvm+cedCcQy"}],"_spriteFrame":{"__uuid__":"d8hqEurO5O3r/JLAsbxS//"},"_type":1}],"_prefab":{"__type__":"cc.PrefabInfo","root":{"__id__":1},"asset":{"__uuid__":"8ep+PfywpEvYfIakQNPLkb"},"fileId":"e7K+99EBBPypP9ZUjIH9Yj"},"_contentSize":{"__type__":"cc.Size","width":427,"height":66},"_trs":{"__type__":"TypedArray","ctor":"Float64Array","array":[0,0,0,0,0,0,1,1,1,1]}},{"__type__":"cc.Node","_name":"MoveProp","_parent":{"__id__":1},"_children":[{"__id__":9},{"__id__":10}],"_prefab":{"__type__":"cc.PrefabInfo","root":{"__id__":1},"asset":{"__uuid__":"8ep+PfywpEvYfIakQNPLkb"},"fileId":"146NmwWjxJkqRTbVS2vYSn"},"_trs":{"__type__":"TypedArray","ctor":"Float64Array","array":[-259.421,-191.08,0,0,0,0,1,1,1,1]}},{"__type__":"cc.Node","_name":"Bar","_parent":{"__id__":8},"_components":[{"__type__":"cc.Sprite","node":{"__id__":9},"_materials":[{"__uuid__":"ecpdLyjvZBwrvm+cedCcQy"}],"_spriteFrame":{"__uuid__":"36nyDwRspBQpKV3/57IicC"},"_type":1},{"__type__":"cc.RigidBody","node":{"__id__":9},"_type":0},{"__type__":"cc.PhysicsPolygonCollider","node":{"__id__":9},"points":[{"__type__":"cc.Vec2","x":-114.4,"y":-31.1},{"__type__":"cc.Vec2","x":116,"y":-31.3},{"__type__":"cc.Vec2","x":115.1,"y":31.8},{"__type__":"cc.Vec2","x":-114.2,"y":31.3}]},{"__type__":"8a64bLvzRlHBakXZIa7SBbN","node":{"__id__":9}}],"_prefab":{"__type__":"cc.PrefabInfo","root":{"__id__":1},"asset":{"__uuid__":"8ep+PfywpEvYfIakQNPLkb"},"fileId":"c6ib65Ws5HkazA53m6uqLS"},"_contentSize":{"__type__":"cc.Size","width":230,"height":65},"_trs":{"__type__":"TypedArray","ctor":"Float64Array","array":[91.423,0,0,0,0,0,1,1,1,1]}},{"__type__":"cc.Node","_name":"BarBG","_parent":{"__id__":8},"_components":[{"__type__":"cc.Sprite","node":{"__id__":10},"_materials":[{"__uuid__":"ecpdLyjvZBwrvm+cedCcQy"}],"_spriteFrame":{"__uuid__":"d8hqEurO5O3r/JLAsbxS//"},"_type":1}],"_prefab":{"__type__":"cc.PrefabInfo","root":{"__id__":1},"asset":{"__uuid__":"8ep+PfywpEvYfIakQNPLkb"},"fileId":"3aClmx43pBHaYka1giaowN"},"_contentSize":{"__type__":"cc.Size","width":427,"height":66},"_trs":{"__type__":"TypedArray","ctor":"Float64Array","array":[0,0,0,0,0,0,1,1,1,1]}},{"__type__":"cc.Node","_name":"MoveProp","_parent":{"__id__":1},"_children":[{"__id__":12},{"__id__":13}],"_prefab":{"__type__":"cc.PrefabInfo","root":{"__id__":1},"asset":{"__uuid__":"8ep+PfywpEvYfIakQNPLkb"},"fileId":"34BvoHrjZEnK2N54/HHBnm"},"_trs":{"__type__":"TypedArray","ctor":"Float64Array","array":[-259.421,-271.151,0,0,0,0,1,1,1,1]}},{"__type__":"cc.Node","_name":"Bar","_parent":{"__id__":11},"_components":[{"__type__":"cc.Sprite","node":{"__id__":12},"_materials":[{"__uuid__":"ecpdLyjvZBwrvm+cedCcQy"}],"_spriteFrame":{"__uuid__":"36nyDwRspBQpKV3/57IicC"},"_type":1},{"__type__":"cc.RigidBody","node":{"__id__":12},"_type":0},{"__type__":"cc.PhysicsPolygonCollider","node":{"__id__":12},"points":[{"__type__":"cc.Vec2","x":-114.4,"y":-31.1},{"__type__":"cc.Vec2","x":116,"y":-31.3},{"__type__":"cc.Vec2","x":115.1,"y":31.8},{"__type__":"cc.Vec2","x":-114.2,"y":31.3}]},{"__type__":"8a64bLvzRlHBakXZIa7SBbN","node":{"__id__":12}}],"_prefab":{"__type__":"cc.PrefabInfo","root":{"__id__":1},"asset":{"__uuid__":"8ep+PfywpEvYfIakQNPLkb"},"fileId":"dcGVx11glLHac9aBdu65di"},"_contentSize":{"__type__":"cc.Size","width":230,"height":65},"_trs":{"__type__":"TypedArray","ctor":"Float64Array","array":[91.423,0,0,0,0,0,1,1,1,1]}},{"__type__":"cc.Node","_name":"BarBG","_parent":{"__id__":11},"_components":[{"__type__":"cc.Sprite","node":{"__id__":13},"_materials":[{"__uuid__":"ecpdLyjvZBwrvm+cedCcQy"}],"_spriteFrame":{"__uuid__":"d8hqEurO5O3r/JLAsbxS//"},"_type":1}],"_prefab":{"__type__":"cc.PrefabInfo","root":{"__id__":1},"asset":{"__uuid__":"8ep+PfywpEvYfIakQNPLkb"},"fileId":"3d3kbwM75AY68utM1HSETb"},"_contentSize":{"__type__":"cc.Size","width":427,"height":66},"_trs":{"__type__":"TypedArray","ctor":"Float64Array","array":[0,0,0,0,0,0,1,1,1,1]}},{"__type__":"cc.Node","_name":"zhenNodeTwo","_parent":{"__id__":1},"_children":[{"__id__":15},{"__id__":16},{"__id__":17}],"_prefab":{"__type__":"cc.PrefabInfo","root":{"__id__":1},"asset":{"__uuid__":"8ep+PfywpEvYfIakQNPLkb"},"fileId":"7cNqa1/+1OVYZYj2ReHyEi"},"_trs":{"__type__":"TypedArray","ctor":"Float64Array","array":[96.278,-34.55,0,0,0,1,6.123233995736766e-17,1,1,1]},"_eulerAngles":{"__type__":"cc.Vec3","z":180}},{"__type__":"cc.Node","_name":"zhen","_parent":{"__id__":14},"_components":[{"__type__":"cc.Sprite","node":{"__id__":15},"_materials":[{"__uuid__":"ecpdLyjvZBwrvm+cedCcQy"}],"_spriteFrame":{"__uuid__":"14vJwyNH1OspMXFimJtxkW"},"_type":1,"_sizeMode":0},{"__type__":"cc.RigidBody","node":{"__id__":15},"_type":3,"_gravityScale":0,"_fixedRotation":true,"enabledContactListener":true,"bullet":true},{"__type__":"cc.PhysicsPolygonCollider","node":{"__id__":15},"_offset":{"__type__":"cc.Vec2","x":176,"y":5},"points":[{"__type__":"cc.Vec2","x":-218.9,"y":-23.4},{"__type__":"cc.Vec2","x":-33.9,"y":-22.3},{"__type__":"cc.Vec2","x":-33.9,"y":14.4},{"__type__":"cc.Vec2","x":-219.1,"y":16.7}]},{"__type__":"1cb3eoIRdhJWZayW7A68Y7j","node":{"__id__":15},"applyDownsensor":true}],"_prefab":{"__type__":"cc.PrefabInfo","root":{"__id__":1},"asset":{"__uuid__":"8ep+PfywpEvYfIakQNPLkb"},"fileId":"42WxexCCJMvZm9aj13u2V1"},"_contentSize":{"__type__":"cc.Size","width":284.1,"height":111},"_trs":{"__type__":"TypedArray","ctor":"Float64Array","array":[0,0,0,0,0,0,1,1,1,1]}},{"__type__":"cc.Node","_name":"zhenup","_parent":{"__id__":14},"_components":[{"__type__":"cc.RigidBody","node":{"__id__":16},"_type":0,"_gravityScale":0,"bullet":true}],"_prefab":{"__type__":"cc.PrefabInfo","root":{"__id__":1},"asset":{"__uuid__":"8ep+PfywpEvYfIakQNPLkb"},"fileId":"1f2t0wsBJNVZmTzjb6RhtN"},"_trs":{"__type__":"TypedArray","ctor":"Float64Array","array":[0,380.215,0,0,0,0,1,1,1,1]}},{"__type__":"cc.Node","_name":"zhendown","_parent":{"__id__":14},"_components":[{"__type__":"cc.RigidBody","node":{"__id__":17},"_type":0,"_gravityScale":0,"bullet":true}],"_prefab":{"__type__":"cc.PrefabInfo","root":{"__id__":1},"asset":{"__uuid__":"8ep+PfywpEvYfIakQNPLkb"},"fileId":"eaFPSmyshC+ookjTM1uqAj"},"_trs":{"__type__":"TypedArray","ctor":"Float64Array","array":[0,0,0,0,0,0,1,1,1,1]}}],{"__type__":"cc.SpriteFrame","content":{"name":"guanqia104","texture":"79pE8uDFJOq7ZAkgzxvgRj","rect":[1,1,897,1638],"offset":[0,-0.5],"originalSize":[899,1639],"capInsets":[0,0,0,0]}}]