[{"__type__":"cc.SpriteFrame","content":{"name":"mask","texture":"34FA4yNwpP9K+erigaojh6","rect":[644,162,174,174],"offset":[0,0],"originalSize":[174,174],"capInsets":[0,0,0,0]}},{"__type__":"cc.SpriteFrame","content":{"name":"success","texture":"34FA4yNwpP9K+erigaojh6","rect":[2,69,588,65],"offset":[0,0],"originalSize":[588,65],"capInsets":[0,0,0,0]}},{"__type__":"cc.SpriteFrame","content":{"name":"chacha","texture":"34FA4yNwpP9K+erigaojh6","rect":[2,2,37,37],"offset":[0,0],"originalSize":[37,37],"capInsets":[0,0,0,0]}},{"__type__":"cc.SpriteAtlas","_name":"result.plist","_spriteFrames":{"anniu1":{"__uuid__":"f11wBrblBLv4IM0xvangm5"},"anniu2":{"__uuid__":"acpLnSUMxEk4eDsakCwqAQ"},"chacha":{"__uuid__":"0cFBOyYu5LJaSGisANUXwy"},"fail":{"__uuid__":"65Ygog7I1EtZFWXsWR44Eq"},"gold_view_13":{"__uuid__":"fczxs08mtOSJJnDvEdDzkY"},"mask":{"__uuid__":"06bw7P7qVK+61Xqy3Ds1Wl"},"success":{"__uuid__":"07avb3JsVFQ4DT/LfXV0vk"},"tubiao1":{"__uuid__":"e9aYiKQOVGv5C61elFx6A/"},"tubiao2":{"__uuid__":"cfkohupuxEKoy/muS2Cmr1"},"tubiao3":{"__uuid__":"e4NBdBx4RBbpmrOuMaWQ7O"},"tubiao4":{"__uuid__":"a3EDvgtM1JQ4Pz423qft1c"},"tubiao5":{"__uuid__":"d7sWNSJOhPJJ9gdcWHcarx"},"tubiao6":{"__uuid__":"d07tvR77xKm4O704F0EhZD"}}},{"__type__":"cc.SpriteFrame","content":{"name":"fail","texture":"34FA4yNwpP9K+erigaojh6","rect":[101,2,588,65],"offset":[0,0],"originalSize":[588,65],"capInsets":[0,0,0,0]}},{"__type__":"cc.SpriteFrame","content":{"name":"tubiao4","texture":"34FA4yNwpP9K+erigaojh6","rect":[309,389,317,315],"offset":[0,0],"originalSize":[317,315],"capInsets":[0,0,0,0]}},{"__type__":"cc.SpriteFrame","content":{"name":"anniu2","texture":"34FA4yNwpP9K+erigaojh6","rect":[2,162,291,94],"offset":[0,0],"originalSize":[291,94],"capInsets":[0,0,0,0]}},{"__type__":"cc.SpriteFrame","content":{"name":"tubiao2","texture":"34FA4yNwpP9K+erigaojh6","rect":[434,162,208,158],"offset":[0,0],"originalSize":[208,158],"capInsets":[0,0,0,0]}},{"__type__":"cc.SpriteFrame","content":{"name":"tubiao6","texture":"34FA4yNwpP9K+erigaojh6","rect":[41,2,58,56],"offset":[0,0],"originalSize":[58,56],"capInsets":[0,0,0,0]}},{"__type__":"cc.SpriteFrame","content":{"name":"tubiao5","texture":"34FA4yNwpP9K+erigaojh6","rect":[2,389,305,266],"offset":[0,0],"originalSize":[305,266],"capInsets":[0,0,0,0]}},{"__type__":"cc.SpriteFrame","content":{"name":"tubiao3","texture":"34FA4yNwpP9K+erigaojh6","rect":[820,162,260,225],"offset":[0,0],"originalSize":[260,225],"capInsets":[0,0,0,0]}},{"__type__":"cc.SpriteFrame","content":{"name":"tubiao1","texture":"34FA4yNwpP9K+erigaojh6","rect":[295,162,137,135],"offset":[0,0],"originalSize":[137,135],"capInsets":[0,0,0,0]}},{"__type__":"cc.SpriteFrame","content":{"name":"anniu1","texture":"34FA4yNwpP9K+erigaojh6","rect":[592,69,298,91],"offset":[0,0],"originalSize":[298,91],"capInsets":[0,0,0,0]}},{"__type__":"cc.SpriteFrame","content":{"name":"gold_view_13","texture":"34FA4yNwpP9K+erigaojh6","rect":[2,706,1078,1104],"offset":[0,0],"originalSize":[1078,1104],"capInsets":[0,0,0,0]}}]