[{"__type__":"cc.SpriteFrame","content":{"name":"guanqia90","texture":"46J7Ue9RVNBKOkLbz5Su3t","rect":[1,1,950,1508],"offset":[0,0],"originalSize":[952,1510],"capInsets":[0,0,0,0]}},[{"__type__":"cc.Prefab","_name":"UIDerived63","data":{"__id__":1}},{"__type__":"cc.Node","_name":"UIDerived73","_children":[{"__type__":"cc.Node","_name":"bule_node","_parent":{"__id__":1},"_prefab":{"__type__":"cc.PrefabInfo","root":{"__id__":1},"asset":{"__uuid__":"e6ISSBzhlDWLB5XIUyCZfH"},"fileId":"554kUqPi9O+bF8gbLaDpFP"},"_trs":{"__type__":"TypedArray","ctor":"Float64Array","array":[0,0,0,0,0,0,1,1,1,1]}},{"__type__":"cc.Node","_name":"greenwater_node","_parent":{"__id__":1},"_prefab":{"__type__":"cc.PrefabInfo","root":{"__id__":1},"asset":{"__uuid__":"e6ISSBzhlDWLB5XIUyCZfH"},"fileId":"68CoFXgARAK7W/hEE/0PzS"},"_trs":{"__type__":"TypedArray","ctor":"Float64Array","array":[0,0,0,0,0,0,1,1,1,1]}},{"__type__":"cc.Node","_name":"redwater_node","_parent":{"__id__":1},"_prefab":{"__type__":"cc.PrefabInfo","root":{"__id__":1},"asset":{"__uuid__":"e6ISSBzhlDWLB5XIUyCZfH"},"fileId":"cfVbIX8dVJJZC627ZbF3aD"},"_trs":{"__type__":"TypedArray","ctor":"Float64Array","array":[0,0,0,0,0,0,1,1,1,1]}},{"__id__":2},{"__id__":3},{"__id__":4},{"__id__":5},{"__type__":"cc.Node","_name":"greenPos_node","_parent":{"__id__":1},"_prefab":{"__type__":"cc.PrefabInfo","root":{"__id__":1},"asset":{"__uuid__":"e6ISSBzhlDWLB5XIUyCZfH"},"fileId":"73XfPB8phEcL6DX3ewH+5I"},"_trs":{"__type__":"TypedArray","ctor":"Float64Array","array":[0,0,0,0,0,0,1,1,1,1]}},{"__type__":"cc.Node","_name":"player","_parent":{"__id__":1},"_prefab":{"__type__":"cc.PrefabInfo","root":{"__id__":1},"asset":{"__uuid__":"e6ISSBzhlDWLB5XIUyCZfH"},"fileId":"f0wHIbv4hFSY+Mm2AZvRCm"},"_contentSize":{"__type__":"cc.Size","width":240,"height":140},"_trs":{"__type__":"TypedArray","ctor":"Float64Array","array":[-227.851,-652.426,0,0,0,0,1,0.5,0.5,1]}},{"__id__":6},{"__id__":8},{"__id__":10},{"__id__":12},{"__id__":14},{"__id__":16}],"_components":[{"__type__":"cc.Sprite","node":{"__id__":1},"_materials":[{"__uuid__":"ecpdLyjvZBwrvm+cedCcQy"}],"_spriteFrame":{"__uuid__":"a2ATdwoaBJIqqVD9tKzy+z"}},{"__type__":"cc.RigidBody","node":{"__id__":1},"_type":0},{"__type__":"cc.PhysicsPolygonCollider","node":{"__id__":1},"_offset":{"__type__":"cc.Vec2","x":-425,"y":702},"points":[{"__type__":"cc.Vec2","x":-46,"y":-1464},{"__type__":"cc.Vec2","x":899,"y":-1454},{"__type__":"cc.Vec2","x":896,"y":50},{"__type__":"cc.Vec2","x":718,"y":2},{"__type__":"cc.Vec2","x":718,"y":-482},{"__type__":"cc.Vec2","x":431,"y":-482},{"__type__":"cc.Vec2","x":434,"y":-403},{"__type__":"cc.Vec2","x":487,"y":-386},{"__type__":"cc.Vec2","x":500,"y":-360},{"__type__":"cc.Vec2","x":497,"y":-323},{"__type__":"cc.Vec2","x":287,"y":-383},{"__type__":"cc.Vec2","x":293,"y":-566},{"__type__":"cc.Vec2","x":749,"y":-573},{"__type__":"cc.Vec2","x":818,"y":-613},{"__type__":"cc.Vec2","x":854,"y":-690},{"__type__":"cc.Vec2","x":848,"y":-796},{"__type__":"cc.Vec2","x":809,"y":-860},{"__type__":"cc.Vec2","x":749,"y":-870},{"__type__":"cc.Vec2","x":719,"y":-878},{"__type__":"cc.Vec2","x":717,"y":-1408},{"__type__":"cc.Vec2","x":430,"y":-1410},{"__type__":"cc.Vec2","x":426,"y":-1282},{"__type__":"cc.Vec2","x":549,"y":-1233},{"__type__":"cc.Vec2","x":525,"y":-1188},{"__type__":"cc.Vec2","x":298,"y":-1247},{"__type__":"cc.Vec2","x":291,"y":-1268},{"__type__":"cc.Vec2","x":289,"y":-1413},{"__type__":"cc.Vec2","x":121,"y":-1410},{"__type__":"cc.Vec2","x":115,"y":-1289},{"__type__":"cc.Vec2","x":84,"y":-1290},{"__type__":"cc.Vec2","x":27,"y":-1260},{"__type__":"cc.Vec2","x":-6,"y":-1177},{"__type__":"cc.Vec2","x":17,"y":-1100},{"__type__":"cc.Vec2","x":86,"y":-1056},{"__type__":"cc.Vec2","x":548,"y":-1059},{"__type__":"cc.Vec2","x":551,"y":-834},{"__type__":"cc.Vec2","x":348,"y":-761},{"__type__":"cc.Vec2","x":332,"y":-816},{"__type__":"cc.Vec2","x":402,"y":-850},{"__type__":"cc.Vec2","x":422,"y":-881},{"__type__":"cc.Vec2","x":403,"y":-983},{"__type__":"cc.Vec2","x":122,"y":-977},{"__type__":"cc.Vec2","x":123,"y":-427},{"__type__":"cc.Vec2","x":20,"y":-369},{"__type__":"cc.Vec2","x":-5,"y":-283},{"__type__":"cc.Vec2","x":10,"y":-182},{"__type__":"cc.Vec2","x":82,"y":-133},{"__type__":"cc.Vec2","x":486,"y":-138},{"__type__":"cc.Vec2","x":492,"y":4},{"__type__":"cc.Vec2","x":718,"y":7},{"__type__":"cc.Vec2","x":895,"y":51},{"__type__":"cc.Vec2","x":-50,"y":50}]},{"__type__":"1100eDGpRlLMYp5CrYQGpcQ","node":{"__id__":1}}],"_prefab":{"__type__":"cc.PrefabInfo","root":{"__id__":1},"asset":{"__uuid__":"e6ISSBzhlDWLB5XIUyCZfH"},"fileId":"a5pre2Ws9LiIYIq2qY/Yfq"},"_contentSize":{"__type__":"cc.Size","width":950,"height":1508},"_trs":{"__type__":"TypedArray","ctor":"Float64Array","array":[-58.432,0,0,0,0,0,1,1,1,1]}},{"__type__":"cc.Node","_name":"black_node","_parent":{"__id__":1},"_components":[{"__type__":"6c0e8KZwr5L34azTYX21stu","node":{"__id__":2}}],"_prefab":{"__type__":"cc.PrefabInfo","root":{"__id__":1},"asset":{"__uuid__":"e6ISSBzhlDWLB5XIUyCZfH"},"fileId":"57wAupYYBBpYkvQrHGHMmj"},"_trs":{"__type__":"TypedArray","ctor":"Float64Array","array":[0,0,0,0,0,0,1,1,1,1]}},{"__type__":"cc.Node","_name":"gray_node","_parent":{"__id__":1},"_components":[{"__type__":"3400dF2d2tHLK8+En9baGXY","node":{"__id__":3},"grey_prefab":{"__uuid__":"13FEeEL1NMaK5TFGpFQpJr"}}],"_prefab":{"__type__":"cc.PrefabInfo","root":{"__id__":1},"asset":{"__uuid__":"e6ISSBzhlDWLB5XIUyCZfH"},"fileId":"e1kfIUF8tM9b/B/C8Ahu+b"},"_trs":{"__type__":"TypedArray","ctor":"Float64Array","array":[0,0,0,0,0,0,1,1,1,1]}},{"__type__":"cc.Node","_name":"bulePos_node","_parent":{"__id__":1},"_children":[{"__type__":"cc.Node","_name":"New Node","_parent":{"__id__":4},"_prefab":{"__type__":"cc.PrefabInfo","root":{"__id__":1},"asset":{"__uuid__":"e6ISSBzhlDWLB5XIUyCZfH"},"fileId":"73CysB0GhEbLw7E7w/1kEv"},"_trs":{"__type__":"TypedArray","ctor":"Float64Array","array":[152.727,642.938,0,0,0,0,1,1,1,1]}}],"_prefab":{"__type__":"cc.PrefabInfo","root":{"__id__":1},"asset":{"__uuid__":"e6ISSBzhlDWLB5XIUyCZfH"},"fileId":"72Snagp49EubykV/Z1Ztx8"},"_trs":{"__type__":"TypedArray","ctor":"Float64Array","array":[0,0,0,0,0,0,1,1,1,1]}},{"__type__":"cc.Node","_name":"redPos_node","_parent":{"__id__":1},"_children":[{"__type__":"cc.Node","_name":"New Node","_parent":{"__id__":5},"_prefab":{"__type__":"cc.PrefabInfo","root":{"__id__":1},"asset":{"__uuid__":"e6ISSBzhlDWLB5XIUyCZfH"},"fileId":"cbDD1XcoBI866/B9gk/uLS"},"_trs":{"__type__":"TypedArray","ctor":"Float64Array","array":[-228.062,-170.685,0,0,0,0,1,1,1,1]}},{"__type__":"cc.Node","_name":"New Node","_parent":{"__id__":5},"_prefab":{"__type__":"cc.PrefabInfo","root":{"__id__":1},"asset":{"__uuid__":"e6ISSBzhlDWLB5XIUyCZfH"},"fileId":"bef9TuS/NGW5PeQ72j74tG"},"_trs":{"__type__":"TypedArray","ctor":"Float64Array","array":[206.766,317.041,0,0,0,0,1,1,1,1]}},{"__type__":"cc.Node","_name":"New Node","_parent":{"__id__":5},"_prefab":{"__type__":"cc.PrefabInfo","root":{"__id__":1},"asset":{"__uuid__":"e6ISSBzhlDWLB5XIUyCZfH"},"fileId":"d3/MwqbnlEUYU8cVavXiE9"},"_trs":{"__type__":"TypedArray","ctor":"Float64Array","array":[92.445,-594.52,0,0,0,0,1,1,1,1]}}],"_prefab":{"__type__":"cc.PrefabInfo","root":{"__id__":1},"asset":{"__uuid__":"e6ISSBzhlDWLB5XIUyCZfH"},"fileId":"cfktTzSRZEIoOCXrAduS5d"},"_trs":{"__type__":"TypedArray","ctor":"Float64Array","array":[0,0,0,0,0,0,1,1,1,1]}},{"__type__":"cc.Node","_name":"zhenNode","_parent":{"__id__":1},"_children":[{"__id__":7}],"_prefab":{"__type__":"cc.PrefabInfo","root":{"__id__":1},"asset":{"__uuid__":"e6ISSBzhlDWLB5XIUyCZfH"},"fileId":"6aYEJlIdNFf6+pqaCb+DF8"},"_trs":{"__type__":"TypedArray","ctor":"Float64Array","array":[22.956,380.997,0,0,0,0.13917310096006544,0.9902680687415704,1,1,1]},"_eulerAngles":{"__type__":"cc.Vec3","z":16},"_groupIndex":8,"groupIndex":8},{"__type__":"cc.Node","_name":"zhen","_parent":{"__id__":6},"_components":[{"__type__":"cc.Sprite","node":{"__id__":7},"_materials":[{"__uuid__":"ecpdLyjvZBwrvm+cedCcQy"}],"_spriteFrame":{"__uuid__":"81u1O4l2lM2IGXbUA/0aw7"},"_type":1,"_sizeMode":0},{"__type__":"cc.RigidBody","node":{"__id__":7},"_type":3,"_allowSleep":false,"_gravityScale":0,"_fixedRotation":true,"enabledContactListener":true,"bullet":true},{"__type__":"cc.PhysicsPolygonCollider","node":{"__id__":7},"tag":222,"_offset":{"__type__":"cc.Vec2","x":481,"y":-4},"points":[{"__type__":"cc.Vec2","x":-48.7,"y":-39.9},{"__type__":"cc.Vec2","x":-22,"y":-62.5},{"__type__":"cc.Vec2","x":38.8,"y":-53.9},{"__type__":"cc.Vec2","x":59.4,"y":-25.7},{"__type__":"cc.Vec2","x":54.4,"y":39.1},{"__type__":"cc.Vec2","x":34.1,"y":55.9},{"__type__":"cc.Vec2","x":-38.5,"y":55.9},{"__type__":"cc.Vec2","x":-55,"y":32},{"__type__":"cc.Vec2","x":-1018,"y":38},{"__type__":"cc.Vec2","x":-1016,"y":-29},{"__type__":"cc.Vec2","x":-58,"y":-33}]},{"__type__":"72555Q9muRD1505Zi2fOOxm","node":{"__id__":7},"linevelocityX":500}],"_prefab":{"__type__":"cc.PrefabInfo","root":{"__id__":1},"asset":{"__uuid__":"e6ISSBzhlDWLB5XIUyCZfH"},"fileId":"916IicPgNIaY1QftQIDXLg"},"_contentSize":{"__type__":"cc.Size","width":1066,"height":111},"_trs":{"__type__":"TypedArray","ctor":"Float64Array","array":[0,0,0,0,0,0,1,0.8,0.8,0.8]},"_groupIndex":8,"groupIndex":8},{"__type__":"cc.Node","_name":"zhenNode","_parent":{"__id__":1},"_children":[{"__id__":9}],"_prefab":{"__type__":"cc.PrefabInfo","root":{"__id__":1},"asset":{"__uuid__":"e6ISSBzhlDWLB5XIUyCZfH"},"fileId":"3cU9VKL05PQarv/jHf76Nj"},"_trs":{"__type__":"TypedArray","ctor":"Float64Array","array":[-120.248,530.923,0,0,0,0.7966776256772371,0.60440446784027,1,1,1]},"_eulerAngles":{"__type__":"cc.Vec3","z":105.628},"_groupIndex":8,"groupIndex":8},{"__type__":"cc.Node","_name":"zhen","_parent":{"__id__":8},"_components":[{"__type__":"cc.Sprite","node":{"__id__":9},"_materials":[{"__uuid__":"ecpdLyjvZBwrvm+cedCcQy"}],"_spriteFrame":{"__uuid__":"81u1O4l2lM2IGXbUA/0aw7"},"_type":1,"_sizeMode":0},{"__type__":"cc.RigidBody","node":{"__id__":9},"_type":3,"_allowSleep":false,"_gravityScale":0,"_fixedRotation":true,"enabledContactListener":true,"bullet":true},{"__type__":"cc.PhysicsPolygonCollider","node":{"__id__":9},"tag":222,"_offset":{"__type__":"cc.Vec2","x":158,"y":-4},"points":[{"__type__":"cc.Vec2","x":-48.9,"y":-66.3},{"__type__":"cc.Vec2","x":62.5,"y":-66.3},{"__type__":"cc.Vec2","x":63,"y":67.4},{"__type__":"cc.Vec2","x":-48.4,"y":69},{"__type__":"cc.Vec2","x":-52.2,"y":41.4},{"__type__":"cc.Vec2","x":-370,"y":36},{"__type__":"cc.Vec2","x":-365.6,"y":-29.2},{"__type__":"cc.Vec2","x":-49.2,"y":-34.3}]},{"__type__":"72555Q9muRD1505Zi2fOOxm","node":{"__id__":9},"linevelocityX":500}],"_prefab":{"__type__":"cc.PrefabInfo","root":{"__id__":1},"asset":{"__uuid__":"e6ISSBzhlDWLB5XIUyCZfH"},"fileId":"6aAGdkyHhOIY6dmaFDtVh1"},"_contentSize":{"__type__":"cc.Size","width":414,"height":111},"_trs":{"__type__":"TypedArray","ctor":"Float64Array","array":[0,0,0,0,0,0,1,0.8,0.8,0.8]},"_groupIndex":8,"groupIndex":8},{"__type__":"cc.Node","_name":"zhenNode","_parent":{"__id__":1},"_children":[{"__id__":11}],"_prefab":{"__type__":"cc.PrefabInfo","root":{"__id__":1},"asset":{"__uuid__":"e6ISSBzhlDWLB5XIUyCZfH"},"fileId":"2cLb7CPF1C5p2MvHw6mfUA"},"_trs":{"__type__":"TypedArray","ctor":"Float64Array","array":[-94.649,166.224,0,0,0,0.6394658392338042,0.7688195109731584,1,1,1]},"_eulerAngles":{"__type__":"cc.Vec3","z":79.50399999999999},"_groupIndex":8,"groupIndex":8},{"__type__":"cc.Node","_name":"zhen","_parent":{"__id__":10},"_components":[{"__type__":"cc.Sprite","node":{"__id__":11},"_materials":[{"__uuid__":"ecpdLyjvZBwrvm+cedCcQy"}],"_spriteFrame":{"__uuid__":"81u1O4l2lM2IGXbUA/0aw7"},"_type":1,"_sizeMode":0},{"__type__":"cc.RigidBody","node":{"__id__":11},"_type":3,"_allowSleep":false,"_gravityScale":0,"_fixedRotation":true,"enabledContactListener":true,"bullet":true},{"__type__":"cc.PhysicsPolygonCollider","node":{"__id__":11},"tag":222,"_offset":{"__type__":"cc.Vec2","x":158,"y":-4},"points":[{"__type__":"cc.Vec2","x":-48.9,"y":-66.3},{"__type__":"cc.Vec2","x":62.5,"y":-66.3},{"__type__":"cc.Vec2","x":63,"y":67.4},{"__type__":"cc.Vec2","x":-48.4,"y":69},{"__type__":"cc.Vec2","x":-52.2,"y":41.4},{"__type__":"cc.Vec2","x":-370,"y":36},{"__type__":"cc.Vec2","x":-365.6,"y":-29.2},{"__type__":"cc.Vec2","x":-49.2,"y":-34.3}]},{"__type__":"72555Q9muRD1505Zi2fOOxm","node":{"__id__":11},"linevelocityX":500}],"_prefab":{"__type__":"cc.PrefabInfo","root":{"__id__":1},"asset":{"__uuid__":"e6ISSBzhlDWLB5XIUyCZfH"},"fileId":"ffxBN7x4REA4OcwjsOqxMN"},"_contentSize":{"__type__":"cc.Size","width":414,"height":111},"_trs":{"__type__":"TypedArray","ctor":"Float64Array","array":[0,0,0,0,0,0,1,0.8,0.8,0.8]},"_groupIndex":8,"groupIndex":8},{"__type__":"cc.Node","_name":"zhenNode","_parent":{"__id__":1},"_children":[{"__id__":13}],"_prefab":{"__type__":"cc.PrefabInfo","root":{"__id__":1},"asset":{"__uuid__":"e6ISSBzhlDWLB5XIUyCZfH"},"fileId":"2d3uzlMyBKBJrFFiqpnj/Y"},"_trs":{"__type__":"TypedArray","ctor":"Float64Array","array":[-27.986,-47.921,0,0,0,0.9855235281243995,0.16953871390698916,1,1,1]},"_eulerAngles":{"__type__":"cc.Vec3","z":160.478},"_groupIndex":8,"groupIndex":8},{"__type__":"cc.Node","_name":"zhen","_parent":{"__id__":12},"_components":[{"__type__":"cc.Sprite","node":{"__id__":13},"_materials":[{"__uuid__":"ecpdLyjvZBwrvm+cedCcQy"}],"_spriteFrame":{"__uuid__":"81u1O4l2lM2IGXbUA/0aw7"},"_type":1,"_sizeMode":0},{"__type__":"cc.RigidBody","node":{"__id__":13},"_type":3,"_allowSleep":false,"_gravityScale":0,"_fixedRotation":true,"enabledContactListener":true,"bullet":true},{"__type__":"cc.PhysicsPolygonCollider","node":{"__id__":13},"tag":222,"_offset":{"__type__":"cc.Vec2","x":481,"y":-4},"points":[{"__type__":"cc.Vec2","x":-48.7,"y":-39.9},{"__type__":"cc.Vec2","x":-22,"y":-62.5},{"__type__":"cc.Vec2","x":38.8,"y":-53.9},{"__type__":"cc.Vec2","x":59.4,"y":-25.7},{"__type__":"cc.Vec2","x":54.4,"y":39.1},{"__type__":"cc.Vec2","x":34.1,"y":55.9},{"__type__":"cc.Vec2","x":-38.5,"y":55.9},{"__type__":"cc.Vec2","x":-55,"y":32},{"__type__":"cc.Vec2","x":-1018,"y":38},{"__type__":"cc.Vec2","x":-1016,"y":-29},{"__type__":"cc.Vec2","x":-58,"y":-33}]},{"__type__":"72555Q9muRD1505Zi2fOOxm","node":{"__id__":13},"linevelocityX":500}],"_prefab":{"__type__":"cc.PrefabInfo","root":{"__id__":1},"asset":{"__uuid__":"e6ISSBzhlDWLB5XIUyCZfH"},"fileId":"a7Fir5ZDNE9J2c7EFsphvs"},"_contentSize":{"__type__":"cc.Size","width":1066,"height":111},"_trs":{"__type__":"TypedArray","ctor":"Float64Array","array":[0,0,0,0,0,0,1,0.8,0.8,0.8]},"_groupIndex":8,"groupIndex":8},{"__type__":"cc.Node","_name":"zhenNode","_parent":{"__id__":1},"_children":[{"__id__":15}],"_prefab":{"__type__":"cc.PrefabInfo","root":{"__id__":1},"asset":{"__uuid__":"e6ISSBzhlDWLB5XIUyCZfH"},"fileId":"16rUxbLb1FR4Ru1TAOD3Xr"},"_trs":{"__type__":"TypedArray","ctor":"Float64Array","array":[82.608,-285.218,0,0,0,0.7845437458146933,0.6200734721813617,1,1,1]},"_eulerAngles":{"__type__":"cc.Vec3","z":103.357},"_groupIndex":8,"groupIndex":8},{"__type__":"cc.Node","_name":"zhen","_parent":{"__id__":14},"_components":[{"__type__":"cc.Sprite","node":{"__id__":15},"_materials":[{"__uuid__":"ecpdLyjvZBwrvm+cedCcQy"}],"_spriteFrame":{"__uuid__":"81u1O4l2lM2IGXbUA/0aw7"},"_type":1,"_sizeMode":0},{"__type__":"cc.RigidBody","node":{"__id__":15},"_type":3,"_allowSleep":false,"_gravityScale":0,"_fixedRotation":true,"enabledContactListener":true,"bullet":true},{"__type__":"cc.PhysicsPolygonCollider","node":{"__id__":15},"tag":222,"_offset":{"__type__":"cc.Vec2","x":158,"y":-4},"points":[{"__type__":"cc.Vec2","x":-48.9,"y":-66.3},{"__type__":"cc.Vec2","x":62.5,"y":-66.3},{"__type__":"cc.Vec2","x":63,"y":67.4},{"__type__":"cc.Vec2","x":-48.4,"y":69},{"__type__":"cc.Vec2","x":-52.2,"y":41.4},{"__type__":"cc.Vec2","x":-370,"y":36},{"__type__":"cc.Vec2","x":-365.6,"y":-29.2},{"__type__":"cc.Vec2","x":-49.2,"y":-34.3}]},{"__type__":"72555Q9muRD1505Zi2fOOxm","node":{"__id__":15},"linevelocityX":500}],"_prefab":{"__type__":"cc.PrefabInfo","root":{"__id__":1},"asset":{"__uuid__":"e6ISSBzhlDWLB5XIUyCZfH"},"fileId":"5fG1mdNrdGiLccAVQ35VZQ"},"_contentSize":{"__type__":"cc.Size","width":414,"height":111},"_trs":{"__type__":"TypedArray","ctor":"Float64Array","array":[0,0,0,0,0,0,1,0.8,0.8,0.8]},"_groupIndex":8,"groupIndex":8},{"__type__":"cc.Node","_name":"zhenNode","_parent":{"__id__":1},"_children":[{"__id__":17}],"_prefab":{"__type__":"cc.PrefabInfo","root":{"__id__":1},"asset":{"__uuid__":"e6ISSBzhlDWLB5XIUyCZfH"},"fileId":"51Tt2VdaRBy44NDaf8ga1D"},"_trs":{"__type__":"TypedArray","ctor":"Float64Array","array":[34.137,-486.318,0,0,0,0.13917310096006544,0.9902680687415704,1,1,1]},"_eulerAngles":{"__type__":"cc.Vec3","z":16},"_groupIndex":8,"groupIndex":8},{"__type__":"cc.Node","_name":"zhen","_parent":{"__id__":16},"_components":[{"__type__":"cc.Sprite","node":{"__id__":17},"_materials":[{"__uuid__":"ecpdLyjvZBwrvm+cedCcQy"}],"_spriteFrame":{"__uuid__":"81u1O4l2lM2IGXbUA/0aw7"},"_type":1,"_sizeMode":0},{"__type__":"cc.RigidBody","node":{"__id__":17},"_type":3,"_allowSleep":false,"_gravityScale":0,"_fixedRotation":true,"enabledContactListener":true,"bullet":true},{"__type__":"cc.PhysicsPolygonCollider","node":{"__id__":17},"tag":222,"_offset":{"__type__":"cc.Vec2","x":481,"y":-4},"points":[{"__type__":"cc.Vec2","x":-48.7,"y":-39.9},{"__type__":"cc.Vec2","x":-22,"y":-62.5},{"__type__":"cc.Vec2","x":38.8,"y":-53.9},{"__type__":"cc.Vec2","x":59.4,"y":-25.7},{"__type__":"cc.Vec2","x":54.4,"y":39.1},{"__type__":"cc.Vec2","x":34.1,"y":55.9},{"__type__":"cc.Vec2","x":-38.5,"y":55.9},{"__type__":"cc.Vec2","x":-55,"y":32},{"__type__":"cc.Vec2","x":-1018,"y":38},{"__type__":"cc.Vec2","x":-1016,"y":-29},{"__type__":"cc.Vec2","x":-58,"y":-33}]},{"__type__":"72555Q9muRD1505Zi2fOOxm","node":{"__id__":17},"linevelocityX":500}],"_prefab":{"__type__":"cc.PrefabInfo","root":{"__id__":1},"asset":{"__uuid__":"e6ISSBzhlDWLB5XIUyCZfH"},"fileId":"39X8AZbJxKCqeVTq9m3H5K"},"_contentSize":{"__type__":"cc.Size","width":1066,"height":111},"_trs":{"__type__":"TypedArray","ctor":"Float64Array","array":[0,0,0,0,0,0,1,0.8,0.8,0.8]},"_groupIndex":8,"groupIndex":8}]]