[{"__type__":"cc.SpriteFrame","content":{"name":"guanqia111","texture":"84OPBt+MtBiIW0q2roLynX","rect":[0,1,903,1477],"offset":[-0.5,-0.5],"originalSize":[904,1478],"capInsets":[0,0,0,0]}},[{"__type__":"cc.Prefab","_name":"UIDerived91","data":{"__id__":1}},{"__type__":"cc.Node","_name":"UIDerived91","_children":[{"__type__":"cc.Node","_name":"bule_node","_parent":{"__id__":1},"_prefab":{"__type__":"cc.PrefabInfo","root":{"__id__":1},"asset":{"__uuid__":"ae68wnZUVB8KXXTKMR9BxF"},"fileId":"59A5sSdGpAvLfaFt1wajCU"},"_trs":{"__type__":"TypedArray","ctor":"Float64Array","array":[0,0,0,0,0,0,1,1,1,1]}},{"__type__":"cc.Node","_name":"greenwater_node","_parent":{"__id__":1},"_prefab":{"__type__":"cc.PrefabInfo","root":{"__id__":1},"asset":{"__uuid__":"ae68wnZUVB8KXXTKMR9BxF"},"fileId":"31Krd00PRFwbO6vVzvrcpL"},"_trs":{"__type__":"TypedArray","ctor":"Float64Array","array":[0,0,0,0,0,0,1,1,1,1]}},{"__type__":"cc.Node","_name":"redwater_node","_parent":{"__id__":1},"_prefab":{"__type__":"cc.PrefabInfo","root":{"__id__":1},"asset":{"__uuid__":"ae68wnZUVB8KXXTKMR9BxF"},"fileId":"52T0KIUFZPpbqyVKxj6W9P"},"_trs":{"__type__":"TypedArray","ctor":"Float64Array","array":[0,0,0,0,0,0,1,1,1,1]}},{"__id__":2},{"__id__":3},{"__id__":4},{"__id__":5},{"__type__":"cc.Node","_name":"greenPos_node","_parent":{"__id__":1},"_prefab":{"__type__":"cc.PrefabInfo","root":{"__id__":1},"asset":{"__uuid__":"ae68wnZUVB8KXXTKMR9BxF"},"fileId":"9f4A2qPGhOUYZy81e9iYV2"},"_trs":{"__type__":"TypedArray","ctor":"Float64Array","array":[0,0,0,0,0,0,1,1,1,1]}},{"__id__":6},{"__id__":10},{"__id__":14},{"__type__":"cc.Node","_name":"player","_parent":{"__id__":1},"_prefab":{"__type__":"cc.PrefabInfo","root":{"__id__":1},"asset":{"__uuid__":"ae68wnZUVB8KXXTKMR9BxF"},"fileId":"dbaIcvzW1KMLBa7ZQnG/8g"},"_trs":{"__type__":"TypedArray","ctor":"Float64Array","array":[294.485,-600.69,0,0,0,0,1,-0.7,0.7,1]}}],"_components":[{"__type__":"cc.Sprite","node":{"__id__":1},"_materials":[{"__uuid__":"ecpdLyjvZBwrvm+cedCcQy"}],"_spriteFrame":{"__uuid__":"14uPia7kJLXL5zAgfy/z6b"}},{"__type__":"1100eDGpRlLMYp5CrYQGpcQ","node":{"__id__":1}},{"__type__":"cc.RigidBody","node":{"__id__":1},"_type":0},{"__type__":"cc.PhysicsPolygonCollider","node":{"__id__":1},"_offset":{"__type__":"cc.Vec2","x":-403,"y":687},"points":[{"__type__":"cc.Vec2","x":-48,"y":-883},{"__type__":"cc.Vec2","x":439,"y":-880},{"__type__":"cc.Vec2","x":435,"y":-641},{"__type__":"cc.Vec2","x":453,"y":-622},{"__type__":"cc.Vec2","x":692,"y":-621},{"__type__":"cc.Vec2","x":690,"y":-479},{"__type__":"cc.Vec2","x":422,"y":-475},{"__type__":"cc.Vec2","x":364,"y":-459},{"__type__":"cc.Vec2","x":326,"y":-425},{"__type__":"cc.Vec2","x":300,"y":-375},{"__type__":"cc.Vec2","x":305,"y":3},{"__type__":"cc.Vec2","x":413,"y":5},{"__type__":"cc.Vec2","x":415,"y":-239},{"__type__":"cc.Vec2","x":459,"y":-244},{"__type__":"cc.Vec2","x":507,"y":-266},{"__type__":"cc.Vec2","x":544,"y":-311},{"__type__":"cc.Vec2","x":551,"y":-374},{"__type__":"cc.Vec2","x":803,"y":-375},{"__type__":"cc.Vec2","x":803,"y":-721},{"__type__":"cc.Vec2","x":558.4,"y":-730},{"__type__":"cc.Vec2","x":548.5,"y":-737},{"__type__":"cc.Vec2","x":548.6,"y":-872.1},{"__type__":"cc.Vec2","x":805.4,"y":-876},{"__type__":"cc.Vec2","x":815,"y":-1264},{"__type__":"cc.Vec2","x":799,"y":-1334},{"__type__":"cc.Vec2","x":766,"y":-1365},{"__type__":"cc.Vec2","x":711,"y":-1385},{"__type__":"cc.Vec2","x":645,"y":-1381},{"__type__":"cc.Vec2","x":588,"y":-1348},{"__type__":"cc.Vec2","x":568,"y":-1285},{"__type__":"cc.Vec2","x":566,"y":-1227},{"__type__":"cc.Vec2","x":593,"y":-1166},{"__type__":"cc.Vec2","x":641,"y":-1136},{"__type__":"cc.Vec2","x":691,"y":-1126},{"__type__":"cc.Vec2","x":690.3,"y":-989},{"__type__":"cc.Vec2","x":93,"y":-991},{"__type__":"cc.Vec2","x":92,"y":-1124},{"__type__":"cc.Vec2","x":-50,"y":-1124},{"__type__":"cc.Vec2","x":-700,"y":-1601},{"__type__":"cc.Vec2","x":-697,"y":-933},{"__type__":"cc.Vec2","x":-57.6,"y":-882.7},{"__type__":"cc.Vec2","x":-744,"y":-892},{"__type__":"cc.Vec2","x":-749,"y":-1700},{"__type__":"cc.Vec2","x":-49,"y":-1425},{"__type__":"cc.Vec2","x":528,"y":-1426},{"__type__":"cc.Vec2","x":857,"y":-1428},{"__type__":"cc.Vec2","x":851,"y":55},{"__type__":"cc.Vec2","x":-50,"y":50}]}],"_prefab":{"__type__":"cc.PrefabInfo","root":{"__id__":1},"asset":{"__uuid__":"ae68wnZUVB8KXXTKMR9BxF"},"fileId":"29cjEmbU1GGb9vdoo8fTAP"},"_contentSize":{"__type__":"cc.Size","width":903,"height":1477},"_trs":{"__type__":"TypedArray","ctor":"Float64Array","array":[-100,0,0,0,0,0,1,1,1,1]}},{"__type__":"cc.Node","_name":"black_node","_parent":{"__id__":1},"_components":[{"__type__":"6c0e8KZwr5L34azTYX21stu","node":{"__id__":2}}],"_prefab":{"__type__":"cc.PrefabInfo","root":{"__id__":1},"asset":{"__uuid__":"ae68wnZUVB8KXXTKMR9BxF"},"fileId":"1dHz/1jf1CWqwtCRjgyek1"},"_trs":{"__type__":"TypedArray","ctor":"Float64Array","array":[0,0,0,0,0,0,1,1,1,1]}},{"__type__":"cc.Node","_name":"gray_node","_parent":{"__id__":1},"_components":[{"__type__":"3400dF2d2tHLK8+En9baGXY","node":{"__id__":3},"grey_prefab":{"__uuid__":"13FEeEL1NMaK5TFGpFQpJr"}}],"_prefab":{"__type__":"cc.PrefabInfo","root":{"__id__":1},"asset":{"__uuid__":"ae68wnZUVB8KXXTKMR9BxF"},"fileId":"262AUv7KBGULo7tswVJKFW"},"_trs":{"__type__":"TypedArray","ctor":"Float64Array","array":[0,0,0,0,0,0,1,1,1,1]}},{"__type__":"cc.Node","_name":"bulePos_node","_parent":{"__id__":1},"_children":[{"__type__":"cc.Node","_name":"New Node","_parent":{"__id__":4},"_prefab":{"__type__":"cc.PrefabInfo","root":{"__id__":1},"asset":{"__uuid__":"ae68wnZUVB8KXXTKMR9BxF"},"fileId":"180sJAgX9N74ByvuPwzBmK"},"_trs":{"__type__":"TypedArray","ctor":"Float64Array","array":[0,337.847,0,0,0,0,1,1,1,1]}}],"_prefab":{"__type__":"cc.PrefabInfo","root":{"__id__":1},"asset":{"__uuid__":"ae68wnZUVB8KXXTKMR9BxF"},"fileId":"b2Xf5WLClNwLPDhHyXmk5f"},"_trs":{"__type__":"TypedArray","ctor":"Float64Array","array":[0,0,0,0,0,0,1,1,1,1]}},{"__type__":"cc.Node","_name":"redPos_node","_parent":{"__id__":1},"_children":[{"__type__":"cc.Node","_name":"New Node","_parent":{"__id__":5},"_prefab":{"__type__":"cc.PrefabInfo","root":{"__id__":1},"asset":{"__uuid__":"ae68wnZUVB8KXXTKMR9BxF"},"fileId":"5fOEcGoEFMoomCrEUeMNXA"},"_trs":{"__type__":"TypedArray","ctor":"Float64Array","array":[350.022,106.529,0,0,0,0,1,1,1,1]}}],"_prefab":{"__type__":"cc.PrefabInfo","root":{"__id__":1},"asset":{"__uuid__":"ae68wnZUVB8KXXTKMR9BxF"},"fileId":"d0rwx29c5MdZlVYWYDJfGz"},"_trs":{"__type__":"TypedArray","ctor":"Float64Array","array":[0,0,0,0,0,0,1,1,1,1]}},{"__type__":"cc.Node","_name":"zhenNodeTwo","_parent":{"__id__":1},"_children":[{"__id__":7},{"__id__":8},{"__id__":9}],"_prefab":{"__type__":"cc.PrefabInfo","root":{"__id__":1},"asset":{"__uuid__":"ae68wnZUVB8KXXTKMR9BxF"},"fileId":"98s7pA3AZIZYiNFZX2E8Os"},"_trs":{"__type__":"TypedArray","ctor":"Float64Array","array":[13.613,-316.719,0,0,0,0.7071067811865475,0.7071067811865476,1,1,1]},"_eulerAngles":{"__type__":"cc.Vec3","z":90}},{"__type__":"cc.Node","_name":"zhen","_parent":{"__id__":6},"_components":[{"__type__":"cc.Sprite","node":{"__id__":7},"_materials":[{"__uuid__":"ecpdLyjvZBwrvm+cedCcQy"}],"_spriteFrame":{"__uuid__":"14vJwyNH1OspMXFimJtxkW"},"_type":1,"_sizeMode":0},{"__type__":"cc.RigidBody","node":{"__id__":7},"_type":3,"_gravityScale":0,"_fixedRotation":true,"enabledContactListener":true,"bullet":true},{"__type__":"cc.PhysicsPolygonCollider","node":{"__id__":7},"_offset":{"__type__":"cc.Vec2","x":176,"y":5},"points":[{"__type__":"cc.Vec2","x":-249.4,"y":-21.6},{"__type__":"cc.Vec2","x":-26.2,"y":-22.6},{"__type__":"cc.Vec2","x":-26.5,"y":13.5},{"__type__":"cc.Vec2","x":-249.7,"y":13.4}]},{"__type__":"1cb3eoIRdhJWZayW7A68Y7j","node":{"__id__":7}}],"_prefab":{"__type__":"cc.PrefabInfo","root":{"__id__":1},"asset":{"__uuid__":"ae68wnZUVB8KXXTKMR9BxF"},"fileId":"4bWb0q/Y9LsbAD0a/dUTwu"},"_contentSize":{"__type__":"cc.Size","width":300,"height":111},"_trs":{"__type__":"TypedArray","ctor":"Float64Array","array":[0,0,0,0,0,0,1,1,1,1]}},{"__type__":"cc.Node","_name":"zhenup","_parent":{"__id__":6},"_components":[{"__type__":"cc.RigidBody","node":{"__id__":8},"_type":0,"_gravityScale":0,"bullet":true}],"_prefab":{"__type__":"cc.PrefabInfo","root":{"__id__":1},"asset":{"__uuid__":"ae68wnZUVB8KXXTKMR9BxF"},"fileId":"05kp0LuQtDrrVEGVrP78uX"},"_trs":{"__type__":"TypedArray","ctor":"Float64Array","array":[0,300.71,0,0,0,0,1,1,1,1]}},{"__type__":"cc.Node","_name":"zhendown","_parent":{"__id__":6},"_components":[{"__type__":"cc.RigidBody","node":{"__id__":9},"_type":0,"_gravityScale":0,"bullet":true}],"_prefab":{"__type__":"cc.PrefabInfo","root":{"__id__":1},"asset":{"__uuid__":"ae68wnZUVB8KXXTKMR9BxF"},"fileId":"26yJkAqJRLS5Yr8zNNozkb"},"_trs":{"__type__":"TypedArray","ctor":"Float64Array","array":[0,-259.222,0,0,0,0,1,1,1,1]}},{"__type__":"cc.Node","_name":"zhenNodeTwo","_parent":{"__id__":1},"_children":[{"__id__":11},{"__id__":12},{"__id__":13}],"_prefab":{"__type__":"cc.PrefabInfo","root":{"__id__":1},"asset":{"__uuid__":"ae68wnZUVB8KXXTKMR9BxF"},"fileId":"1a5UNIhXhGx5Ab4Kq7jzPY"},"_trs":{"__type__":"TypedArray","ctor":"Float64Array","array":[272.157,-31.123,0,0,0,0.7071067811865475,0.7071067811865476,1,1,1]},"_eulerAngles":{"__type__":"cc.Vec3","z":90}},{"__type__":"cc.Node","_name":"zhen","_parent":{"__id__":10},"_components":[{"__type__":"cc.Sprite","node":{"__id__":11},"_materials":[{"__uuid__":"ecpdLyjvZBwrvm+cedCcQy"}],"_spriteFrame":{"__uuid__":"14vJwyNH1OspMXFimJtxkW"},"_type":1,"_sizeMode":0},{"__type__":"cc.RigidBody","node":{"__id__":11},"_type":3,"_gravityScale":0,"_fixedRotation":true,"enabledContactListener":true,"bullet":true},{"__type__":"cc.PhysicsPolygonCollider","node":{"__id__":11},"_offset":{"__type__":"cc.Vec2","x":176,"y":5},"points":[{"__type__":"cc.Vec2","x":-249.4,"y":-21.6},{"__type__":"cc.Vec2","x":-26.2,"y":-22.6},{"__type__":"cc.Vec2","x":-26.5,"y":13.5},{"__type__":"cc.Vec2","x":-249.7,"y":13.4}]},{"__type__":"1cb3eoIRdhJWZayW7A68Y7j","node":{"__id__":11},"applyDownsensor":true}],"_prefab":{"__type__":"cc.PrefabInfo","root":{"__id__":1},"asset":{"__uuid__":"ae68wnZUVB8KXXTKMR9BxF"},"fileId":"c4OHgWXMhNxLok8SC+S484"},"_contentSize":{"__type__":"cc.Size","width":250,"height":111},"_trs":{"__type__":"TypedArray","ctor":"Float64Array","array":[0,0,0,0,0,0,1,1,1,1]}},{"__type__":"cc.Node","_name":"zhenup","_parent":{"__id__":10},"_components":[{"__type__":"cc.RigidBody","node":{"__id__":12},"_type":0,"_gravityScale":0,"bullet":true}],"_prefab":{"__type__":"cc.PrefabInfo","root":{"__id__":1},"asset":{"__uuid__":"ae68wnZUVB8KXXTKMR9BxF"},"fileId":"09wcOKPUdFB7U+cshDRzg/"},"_trs":{"__type__":"TypedArray","ctor":"Float64Array","array":[0,107.935,0,0,0,0,1,1,1,1]}},{"__type__":"cc.Node","_name":"zhendown","_parent":{"__id__":10},"_components":[{"__type__":"cc.RigidBody","node":{"__id__":13},"_type":0,"_gravityScale":0,"bullet":true}],"_prefab":{"__type__":"cc.PrefabInfo","root":{"__id__":1},"asset":{"__uuid__":"ae68wnZUVB8KXXTKMR9BxF"},"fileId":"7bMYXEQjRPi5QvMuY9YapB"},"_trs":{"__type__":"TypedArray","ctor":"Float64Array","array":[0,-144.762,0,0,0,0,1,1,1,1]}},{"__type__":"cc.Node","_name":"zhenNodeTwo","_parent":{"__id__":1},"_children":[{"__id__":15},{"__id__":16},{"__id__":17}],"_prefab":{"__type__":"cc.PrefabInfo","root":{"__id__":1},"asset":{"__uuid__":"ae68wnZUVB8KXXTKMR9BxF"},"fileId":"45MrXOcndM+r4R/xHQqJgu"},"_trs":{"__type__":"TypedArray","ctor":"Float64Array","array":[272.157,310.249,0,0,0,-0.7071067811865475,0.7071067811865476,1,1,1]},"_eulerAngles":{"__type__":"cc.Vec3","z":-90}},{"__type__":"cc.Node","_name":"zhen","_parent":{"__id__":14},"_components":[{"__type__":"cc.Sprite","node":{"__id__":15},"_materials":[{"__uuid__":"ecpdLyjvZBwrvm+cedCcQy"}],"_spriteFrame":{"__uuid__":"14vJwyNH1OspMXFimJtxkW"},"_type":1,"_sizeMode":0},{"__type__":"cc.RigidBody","node":{"__id__":15},"_type":3,"_gravityScale":0,"_fixedRotation":true,"enabledContactListener":true,"bullet":true},{"__type__":"cc.PhysicsPolygonCollider","node":{"__id__":15},"_offset":{"__type__":"cc.Vec2","x":176,"y":5},"points":[{"__type__":"cc.Vec2","x":-249.4,"y":-21.6},{"__type__":"cc.Vec2","x":-26.2,"y":-22.6},{"__type__":"cc.Vec2","x":-26.5,"y":13.5},{"__type__":"cc.Vec2","x":-249.7,"y":13.4}]},{"__type__":"1cb3eoIRdhJWZayW7A68Y7j","node":{"__id__":15},"applyUpsensor":true}],"_prefab":{"__type__":"cc.PrefabInfo","root":{"__id__":1},"asset":{"__uuid__":"ae68wnZUVB8KXXTKMR9BxF"},"fileId":"ac4R6pQEpIvK3vlxjTgnOi"},"_contentSize":{"__type__":"cc.Size","width":250,"height":111},"_trs":{"__type__":"TypedArray","ctor":"Float64Array","array":[0,0,0,0,0,0,1,1,1,1]}},{"__type__":"cc.Node","_name":"zhenup","_parent":{"__id__":14},"_components":[{"__type__":"cc.RigidBody","node":{"__id__":16},"_type":0,"_gravityScale":0,"bullet":true}],"_prefab":{"__type__":"cc.PrefabInfo","root":{"__id__":1},"asset":{"__uuid__":"ae68wnZUVB8KXXTKMR9BxF"},"fileId":"fa+f7pI5lD6ra9AWPRY8fn"},"_trs":{"__type__":"TypedArray","ctor":"Float64Array","array":[0,146.088,0,0,0,0,1,1,1,1]}},{"__type__":"cc.Node","_name":"zhendown","_parent":{"__id__":14},"_components":[{"__type__":"cc.RigidBody","node":{"__id__":17},"_type":0,"_gravityScale":0,"bullet":true}],"_prefab":{"__type__":"cc.PrefabInfo","root":{"__id__":1},"asset":{"__uuid__":"ae68wnZUVB8KXXTKMR9BxF"},"fileId":"182JBuEsJEVrM6eNh5c6XF"},"_trs":{"__type__":"TypedArray","ctor":"Float64Array","array":[0,-108.617,0,0,0,0,1,1,1,1]}}]]