[{"__type__":"cc.SpriteFrame","content":{"name":"guanqia73","texture":"340FbZMHlGN4Fx93yx7e0j","rect":[0,1,1011,1480],"offset":[-0.5,0],"originalSize":[1012,1482],"capInsets":[0,0,0,0]}},[{"__type__":"cc.Prefab","_name":"UIDerived71","data":{"__id__":1}},{"__type__":"cc.Node","_name":"UIDerived67","_children":[{"__type__":"cc.Node","_name":"bule_node","_parent":{"__id__":1},"_prefab":{"__type__":"cc.PrefabInfo","root":{"__id__":1},"asset":{"__uuid__":"7fFBPNNhRCqq2YVHXMYQfg"},"fileId":"5eymSPF1ZI+KnfrFhmI7h1"},"_trs":{"__type__":"TypedArray","ctor":"Float64Array","array":[0,0,0,0,0,0,1,1,1,1]}},{"__type__":"cc.Node","_name":"greenwater_node","_parent":{"__id__":1},"_prefab":{"__type__":"cc.PrefabInfo","root":{"__id__":1},"asset":{"__uuid__":"7fFBPNNhRCqq2YVHXMYQfg"},"fileId":"4btySgVcdPwK3LAB3al0Cu"},"_trs":{"__type__":"TypedArray","ctor":"Float64Array","array":[0,0,0,0,0,0,1,1,1,1]}},{"__type__":"cc.Node","_name":"redwater_node","_parent":{"__id__":1},"_prefab":{"__type__":"cc.PrefabInfo","root":{"__id__":1},"asset":{"__uuid__":"7fFBPNNhRCqq2YVHXMYQfg"},"fileId":"eed4fkqJhLILQ1TIrbQfUw"},"_trs":{"__type__":"TypedArray","ctor":"Float64Array","array":[0,0,0,0,0,0,1,1,1,1]}},{"__id__":2},{"__id__":3},{"__id__":4},{"__id__":5},{"__type__":"cc.Node","_name":"greenPos_node","_parent":{"__id__":1},"_prefab":{"__type__":"cc.PrefabInfo","root":{"__id__":1},"asset":{"__uuid__":"7fFBPNNhRCqq2YVHXMYQfg"},"fileId":"7dURAmGDRCl6OVJ580MYiM"},"_trs":{"__type__":"TypedArray","ctor":"Float64Array","array":[0,0,0,0,0,0,1,1,1,1]}},{"__type__":"cc.Node","_name":"player","_parent":{"__id__":1},"_prefab":{"__type__":"cc.PrefabInfo","root":{"__id__":1},"asset":{"__uuid__":"7fFBPNNhRCqq2YVHXMYQfg"},"fileId":"2d59bisD5AWJgHAuUtVJ19"},"_contentSize":{"__type__":"cc.Size","width":240,"height":140},"_trs":{"__type__":"TypedArray","ctor":"Float64Array","array":[99.863,-392.331,0,0,0,0,1,-0.7,0.7,1]}},{"__id__":6},{"__id__":8},{"__id__":10},{"__id__":14},{"__id__":19},{"__id__":24}],"_components":[{"__type__":"cc.Sprite","node":{"__id__":1},"_materials":[{"__uuid__":"ecpdLyjvZBwrvm+cedCcQy"}],"_spriteFrame":{"__uuid__":"15so87NuFEcoVcuzG39Mqm"}},{"__type__":"cc.RigidBody","node":{"__id__":1},"_type":0,"bullet":true},{"__type__":"cc.PhysicsPolygonCollider","node":{"__id__":1},"_density":100,"_offset":{"__type__":"cc.Vec2","x":-460,"y":141},"points":[{"__type__":"cc.Vec2","x":-50,"y":-50},{"__type__":"cc.Vec2","x":76.4,"y":-144.2},{"__type__":"cc.Vec2","x":667,"y":-144},{"__type__":"cc.Vec2","x":667,"y":-612},{"__type__":"cc.Vec2","x":460,"y":-604.9},{"__type__":"cc.Vec2","x":463.1,"y":-363.8},{"__type__":"cc.Vec2","x":565,"y":-353},{"__type__":"cc.Vec2","x":561,"y":-232},{"__type__":"cc.Vec2","x":290.3,"y":-229.3},{"__type__":"cc.Vec2","x":288.5,"y":-748.4},{"__type__":"cc.Vec2","x":827,"y":-750},{"__type__":"cc.Vec2","x":826.9,"y":-26.1},{"__type__":"cc.Vec2","x":805.5,"y":35.9},{"__type__":"cc.Vec2","x":758.4,"y":69.4},{"__type__":"cc.Vec2","x":648.5,"y":81.9},{"__type__":"cc.Vec2","x":597.6,"y":101.2},{"__type__":"cc.Vec2","x":571.3,"y":134.4},{"__type__":"cc.Vec2","x":600.1,"y":165.6},{"__type__":"cc.Vec2","x":817.3,"y":211.7},{"__type__":"cc.Vec2","x":842.8,"y":249.6},{"__type__":"cc.Vec2","x":831.9,"y":295},{"__type__":"cc.Vec2","x":613.9,"y":350.8},{"__type__":"cc.Vec2","x":580.3,"y":368.7},{"__type__":"cc.Vec2","x":559.7,"y":417.5},{"__type__":"cc.Vec2","x":550.3,"y":556.3},{"__type__":"cc.Vec2","x":925.1,"y":558.7},{"__type__":"cc.Vec2","x":923,"y":-834},{"__type__":"cc.Vec2","x":195,"y":-838},{"__type__":"cc.Vec2","x":192.8,"y":-243.1},{"__type__":"cc.Vec2","x":169.4,"y":-228.1},{"__type__":"cc.Vec2","x":100.5,"y":-237.1},{"__type__":"cc.Vec2","x":54.9,"y":-265.6},{"__type__":"cc.Vec2","x":-47.2,"y":-396.4},{"__type__":"cc.Vec2","x":-48,"y":-885},{"__type__":"cc.Vec2","x":967,"y":-885},{"__type__":"cc.Vec2","x":968.6,"y":600.2},{"__type__":"cc.Vec2","x":504,"y":603},{"__type__":"cc.Vec2","x":523,"y":55},{"__type__":"cc.Vec2","x":-50,"y":50}]},{"__type__":"1100eDGpRlLMYp5CrYQGpcQ","node":{"__id__":1}}],"_prefab":{"__type__":"cc.PrefabInfo","root":{"__id__":1},"asset":{"__uuid__":"7fFBPNNhRCqq2YVHXMYQfg"},"fileId":"1bAWuynZpIgb7JV6il2CGF"},"_contentSize":{"__type__":"cc.Size","width":1011,"height":1480},"_trs":{"__type__":"TypedArray","ctor":"Float64Array","array":[-50.392,0,0,0,0,0,1,1,1,1]}},{"__type__":"cc.Node","_name":"black_node","_parent":{"__id__":1},"_components":[{"__type__":"6c0e8KZwr5L34azTYX21stu","node":{"__id__":2}}],"_prefab":{"__type__":"cc.PrefabInfo","root":{"__id__":1},"asset":{"__uuid__":"7fFBPNNhRCqq2YVHXMYQfg"},"fileId":"15Ih9I9VpGNLToOHagLiKA"},"_trs":{"__type__":"TypedArray","ctor":"Float64Array","array":[0,0,0,0,0,0,1,1,1,1]}},{"__type__":"cc.Node","_name":"gray_node","_parent":{"__id__":1},"_components":[{"__type__":"3400dF2d2tHLK8+En9baGXY","node":{"__id__":3},"grey_prefab":{"__uuid__":"13FEeEL1NMaK5TFGpFQpJr"}}],"_prefab":{"__type__":"cc.PrefabInfo","root":{"__id__":1},"asset":{"__uuid__":"7fFBPNNhRCqq2YVHXMYQfg"},"fileId":"bbFBYGuxtBqJYzJJDuMAH2"},"_trs":{"__type__":"TypedArray","ctor":"Float64Array","array":[0,0,0,0,0,0,1,1,1,1]}},{"__type__":"cc.Node","_name":"bulePos_node","_parent":{"__id__":1},"_children":[{"__type__":"cc.Node","_name":"New Node","_parent":{"__id__":4},"_prefab":{"__type__":"cc.PrefabInfo","root":{"__id__":1},"asset":{"__uuid__":"7fFBPNNhRCqq2YVHXMYQfg"},"fileId":"91VMz6ORhD5Y5LaTc0+OuR"},"_trs":{"__type__":"TypedArray","ctor":"Float64Array","array":[220.411,614.203,0,0,0,0,1,1,1,1]}}],"_prefab":{"__type__":"cc.PrefabInfo","root":{"__id__":1},"asset":{"__uuid__":"7fFBPNNhRCqq2YVHXMYQfg"},"fileId":"359UyyHpZGDbXZxrY5aXUu"},"_trs":{"__type__":"TypedArray","ctor":"Float64Array","array":[0,0,0,0,0,0,1,1,1,1]}},{"__type__":"cc.Node","_name":"redPos_node","_parent":{"__id__":1},"_children":[{"__type__":"cc.Node","_name":"New Node","_parent":{"__id__":5},"_prefab":{"__type__":"cc.PrefabInfo","root":{"__id__":1},"asset":{"__uuid__":"7fFBPNNhRCqq2YVHXMYQfg"},"fileId":"30xvMasY5G/ZQXJxY62h0Q"},"_trs":{"__type__":"TypedArray","ctor":"Float64Array","array":[299.266,301.564,0,0,0,0,1,1,1,1]}}],"_prefab":{"__type__":"cc.PrefabInfo","root":{"__id__":1},"asset":{"__uuid__":"7fFBPNNhRCqq2YVHXMYQfg"},"fileId":"eevD2ENzZFIKGraTOCWVoh"},"_trs":{"__type__":"TypedArray","ctor":"Float64Array","array":[0,0,0,0,0,0,1,1,1,1]}},{"__type__":"cc.Node","_name":"zhenNode","_parent":{"__id__":1},"_children":[{"__id__":7}],"_prefab":{"__type__":"cc.PrefabInfo","root":{"__id__":1},"asset":{"__uuid__":"7fFBPNNhRCqq2YVHXMYQfg"},"fileId":"03JhZzyARPaKVTQ6qYvFQP"},"_trs":{"__type__":"TypedArray","ctor":"Float64Array","array":[339.646,398.808,0,0,0,1,6.123233995736766e-17,1,1,1]},"_eulerAngles":{"__type__":"cc.Vec3","z":180},"_groupIndex":8,"groupIndex":8},{"__type__":"cc.Node","_name":"zhen","_parent":{"__id__":6},"_components":[{"__type__":"cc.Sprite","node":{"__id__":7},"_materials":[{"__uuid__":"ecpdLyjvZBwrvm+cedCcQy"}],"_spriteFrame":{"__uuid__":"81u1O4l2lM2IGXbUA/0aw7"},"_type":1},{"__type__":"cc.RigidBody","node":{"__id__":7},"_type":3,"_allowSleep":false,"_gravityScale":0,"_fixedRotation":true,"enabledContactListener":true,"bullet":true},{"__type__":"cc.PhysicsPolygonCollider","node":{"__id__":7},"tag":222,"_offset":{"__type__":"cc.Vec2","x":241,"y":-1},"points":[{"__type__":"cc.Vec2","x":-48.9,"y":-66.3},{"__type__":"cc.Vec2","x":62.5,"y":-66.3},{"__type__":"cc.Vec2","x":63,"y":67.4},{"__type__":"cc.Vec2","x":-48.4,"y":69},{"__type__":"cc.Vec2","x":-52.2,"y":41.4},{"__type__":"cc.Vec2","x":-533.6,"y":43.1},{"__type__":"cc.Vec2","x":-532.1,"y":-35.8},{"__type__":"cc.Vec2","x":-49.2,"y":-34.3}]},{"__type__":"72555Q9muRD1505Zi2fOOxm","node":{"__id__":7},"linevelocityX":500}],"_prefab":{"__type__":"cc.PrefabInfo","root":{"__id__":1},"asset":{"__uuid__":"7fFBPNNhRCqq2YVHXMYQfg"},"fileId":"dc7RMgVT9LZqNLT0P3ahY7"},"_contentSize":{"__type__":"cc.Size","width":587,"height":111},"_trs":{"__type__":"TypedArray","ctor":"Float64Array","array":[0,0,0,0,0,0,1,0.8,0.8,0.8]},"_groupIndex":8,"groupIndex":8},{"__type__":"cc.Node","_name":"zhenNode","_parent":{"__id__":1},"_children":[{"__id__":9}],"_prefab":{"__type__":"cc.PrefabInfo","root":{"__id__":1},"asset":{"__uuid__":"7fFBPNNhRCqq2YVHXMYQfg"},"fileId":"6cAk8Q+81PUZ24+rGkAK2B"},"_trs":{"__type__":"TypedArray","ctor":"Float64Array","array":[339.646,121.808,0,0,0,1,6.123233995736766e-17,1,1,1]},"_eulerAngles":{"__type__":"cc.Vec3","z":180},"_groupIndex":8,"groupIndex":8},{"__type__":"cc.Node","_name":"zhen","_parent":{"__id__":8},"_components":[{"__type__":"cc.Sprite","node":{"__id__":9},"_materials":[{"__uuid__":"ecpdLyjvZBwrvm+cedCcQy"}],"_spriteFrame":{"__uuid__":"81u1O4l2lM2IGXbUA/0aw7"},"_type":1},{"__type__":"cc.RigidBody","node":{"__id__":9},"_type":3,"_allowSleep":false,"_gravityScale":0,"_fixedRotation":true,"enabledContactListener":true,"bullet":true},{"__type__":"cc.PhysicsPolygonCollider","node":{"__id__":9},"tag":222,"_offset":{"__type__":"cc.Vec2","x":241,"y":-1},"points":[{"__type__":"cc.Vec2","x":-48.9,"y":-66.3},{"__type__":"cc.Vec2","x":62.5,"y":-66.3},{"__type__":"cc.Vec2","x":63,"y":67.4},{"__type__":"cc.Vec2","x":-48.4,"y":69},{"__type__":"cc.Vec2","x":-52.2,"y":41.4},{"__type__":"cc.Vec2","x":-533.6,"y":43.1},{"__type__":"cc.Vec2","x":-532.1,"y":-35.8},{"__type__":"cc.Vec2","x":-49.2,"y":-34.3}]},{"__type__":"72555Q9muRD1505Zi2fOOxm","node":{"__id__":9},"linevelocityX":500}],"_prefab":{"__type__":"cc.PrefabInfo","root":{"__id__":1},"asset":{"__uuid__":"7fFBPNNhRCqq2YVHXMYQfg"},"fileId":"11VSGkY6BHWY97wwi3nmA0"},"_contentSize":{"__type__":"cc.Size","width":587,"height":111},"_trs":{"__type__":"TypedArray","ctor":"Float64Array","array":[0,0,0,0,0,0,1,0.8,0.8,0.8]},"_groupIndex":8,"groupIndex":8},{"__type__":"cc.Node","_name":"zhenNodeTwo","_parent":{"__id__":1},"_children":[{"__id__":11},{"__id__":12},{"__id__":28},{"__id__":29}],"_prefab":{"__type__":"cc.PrefabInfo","root":{"__id__":1},"asset":{"__uuid__":"7fFBPNNhRCqq2YVHXMYQfg"},"fileId":"415OiEsQ9M0YzlJGM46MIA"},"_trs":{"__type__":"TypedArray","ctor":"Float64Array","array":[-303.978,-203.737,0,0,0,0,1,1,1,1]}},{"__type__":"cc.Node","_name":"huagui","_parent":{"__id__":10},"_components":[{"__type__":"cc.Sprite","node":{"__id__":11},"_materials":[{"__uuid__":"ecpdLyjvZBwrvm+cedCcQy"}],"_spriteFrame":{"__uuid__":"72AklVCzBN/asPCzYF9Gl5"},"_type":2,"_sizeMode":0}],"_prefab":{"__type__":"cc.PrefabInfo","root":{"__id__":1},"asset":{"__uuid__":"7fFBPNNhRCqq2YVHXMYQfg"},"fileId":"eePzv/MVNBYaaOkCO+6Fwr"},"_contentSize":{"__type__":"cc.Size","width":52,"height":595},"_trs":{"__type__":"TypedArray","ctor":"Float64Array","array":[21,-198,0,0,0,0,1,0.5,1,0.5]}},{"__type__":"cc.Node","_name":"zhen","_parent":{"__id__":10},"_components":[{"__type__":"cc.Sprite","node":{"__id__":12},"_materials":[{"__uuid__":"ecpdLyjvZBwrvm+cedCcQy"}],"_spriteFrame":{"__uuid__":"14vJwyNH1OspMXFimJtxkW"},"_type":1,"_sizeMode":0},{"__type__":"cc.RigidBody","node":{"__id__":12},"_type":3,"_gravityScale":0,"_fixedRotation":true,"enabledContactListener":true,"bullet":true},{"__type__":"cc.PhysicsPolygonCollider","node":{"__id__":12},"_offset":{"__type__":"cc.Vec2","x":176,"y":5},"points":[{"__type__":"cc.Vec2","x":-346.7,"y":-79.8},{"__type__":"cc.Vec2","x":-208.7,"y":-78.5},{"__type__":"cc.Vec2","x":-207.7,"y":-38.1},{"__type__":"cc.Vec2","x":-33.9,"y":-37.1},{"__type__":"cc.Vec2","x":-34.2,"y":33.5},{"__type__":"cc.Vec2","x":-209.4,"y":33.8},{"__type__":"cc.Vec2","x":-207,"y":81.7},{"__type__":"cc.Vec2","x":-345.4,"y":83.3}]},{"__type__":"1cb3eoIRdhJWZayW7A68Y7j","node":{"__id__":12},"applyDownsensor":true,"allzhen":[{"__id__":13},{"__id__":18}]}],"_prefab":{"__type__":"cc.PrefabInfo","root":{"__id__":1},"asset":{"__uuid__":"7fFBPNNhRCqq2YVHXMYQfg"},"fileId":"9e8++846hIVJnCJgDl0LOW"},"_contentSize":{"__type__":"cc.Size","width":284.1,"height":111},"_trs":{"__type__":"TypedArray","ctor":"Float64Array","array":[0,0,0,0,0,0,1,1,1,1]}},{"__type__":"cc.Node","_name":"zhen","_parent":{"__id__":14},"_components":[{"__type__":"cc.Sprite","node":{"__id__":13},"_materials":[{"__uuid__":"ecpdLyjvZBwrvm+cedCcQy"}],"_spriteFrame":{"__uuid__":"14vJwyNH1OspMXFimJtxkW"},"_type":1,"_sizeMode":0},{"__type__":"cc.RigidBody","node":{"__id__":13},"_type":3,"_gravityScale":0,"_fixedRotation":true,"enabledContactListener":true,"bullet":true},{"__type__":"cc.PhysicsPolygonCollider","node":{"__id__":13},"_offset":{"__type__":"cc.Vec2","x":213,"y":2},"points":[{"__type__":"cc.Vec2","x":-346.7,"y":-79.8},{"__type__":"cc.Vec2","x":-208.7,"y":-78.5},{"__type__":"cc.Vec2","x":-209,"y":-35},{"__type__":"cc.Vec2","x":-98,"y":-35},{"__type__":"cc.Vec2","x":-94,"y":35},{"__type__":"cc.Vec2","x":-209.4,"y":33.8},{"__type__":"cc.Vec2","x":-207,"y":81.7},{"__type__":"cc.Vec2","x":-345.4,"y":83.3}]},{"__type__":"1cb3eoIRdhJWZayW7A68Y7j","node":{"__id__":13},"applyUpsensor":true,"applyDownsensor":true,"allzhen":[{"__id__":12}]}],"_prefab":{"__type__":"cc.PrefabInfo","root":{"__id__":1},"asset":{"__uuid__":"7fFBPNNhRCqq2YVHXMYQfg"},"fileId":"a151d5JJdGtLM6Zpm60g1f"},"_contentSize":{"__type__":"cc.Size","width":230,"height":111},"_trs":{"__type__":"TypedArray","ctor":"Float64Array","array":[0,0,0,0,0,0,1,1,1,1]}},{"__type__":"cc.Node","_name":"zhenNodeTwo","_parent":{"__id__":1},"_children":[{"__id__":15},{"__id__":13},{"__id__":16},{"__id__":17}],"_prefab":{"__type__":"cc.PrefabInfo","root":{"__id__":1},"asset":{"__uuid__":"7fFBPNNhRCqq2YVHXMYQfg"},"fileId":"e1/jR4/UNGEb6i7l8bzETe"},"_trs":{"__type__":"TypedArray","ctor":"Float64Array","array":[-75.079,-702.737,0,0,0,0.7071067811865475,0.7071067811865476,1,1,1]},"_eulerAngles":{"__type__":"cc.Vec3","z":90}},{"__type__":"cc.Node","_name":"huagui","_parent":{"__id__":14},"_components":[{"__type__":"cc.Sprite","node":{"__id__":15},"_materials":[{"__uuid__":"ecpdLyjvZBwrvm+cedCcQy"}],"_spriteFrame":{"__uuid__":"72AklVCzBN/asPCzYF9Gl5"},"_type":2,"_sizeMode":0}],"_prefab":{"__type__":"cc.PrefabInfo","root":{"__id__":1},"asset":{"__uuid__":"7fFBPNNhRCqq2YVHXMYQfg"},"fileId":"65YdaSjoNF/4Dj4Sd45dsv"},"_contentSize":{"__type__":"cc.Size","width":52,"height":750},"_trs":{"__type__":"TypedArray","ctor":"Float64Array","array":[-6.3,-174.856,0,0,0,0,1,0.5,1,0.5]}},{"__type__":"cc.Node","_name":"zhenup","_parent":{"__id__":14},"_components":[{"__type__":"cc.RigidBody","node":{"__id__":16},"_type":0,"_gravityScale":0,"bullet":true}],"_prefab":{"__type__":"cc.PrefabInfo","root":{"__id__":1},"asset":{"__uuid__":"7fFBPNNhRCqq2YVHXMYQfg"},"fileId":"884ODkhZJJfZkjUw41n1ML"},"_trs":{"__type__":"TypedArray","ctor":"Float64Array","array":[0,187.541,0,0,0,0,1,1,1,1]}},{"__type__":"cc.Node","_name":"zhendown","_parent":{"__id__":14},"_components":[{"__type__":"cc.RigidBody","node":{"__id__":17},"_type":0,"_gravityScale":0,"bullet":true}],"_prefab":{"__type__":"cc.PrefabInfo","root":{"__id__":1},"asset":{"__uuid__":"7fFBPNNhRCqq2YVHXMYQfg"},"fileId":"f4VydyN/pISpLAkwdYcVOh"},"_trs":{"__type__":"TypedArray","ctor":"Float64Array","array":[0,-533.766,0,0,0,0,1,1,1,1]}},{"__type__":"cc.Node","_name":"zhen","_parent":{"__id__":19},"_components":[{"__type__":"cc.Sprite","node":{"__id__":18},"_materials":[{"__uuid__":"ecpdLyjvZBwrvm+cedCcQy"}],"_spriteFrame":{"__uuid__":"14vJwyNH1OspMXFimJtxkW"},"_type":1,"_sizeMode":0},{"__type__":"cc.RigidBody","node":{"__id__":18},"_type":3,"_gravityScale":0,"_fixedRotation":true,"enabledContactListener":true,"bullet":true},{"__type__":"cc.PhysicsPolygonCollider","node":{"__id__":18},"_offset":{"__type__":"cc.Vec2","x":213,"y":2},"points":[{"__type__":"cc.Vec2","x":-346.7,"y":-79.8},{"__type__":"cc.Vec2","x":-208.7,"y":-78.5},{"__type__":"cc.Vec2","x":-209,"y":-35},{"__type__":"cc.Vec2","x":-98,"y":-35},{"__type__":"cc.Vec2","x":-94,"y":35},{"__type__":"cc.Vec2","x":-209.4,"y":33.8},{"__type__":"cc.Vec2","x":-207,"y":81.7},{"__type__":"cc.Vec2","x":-345.4,"y":83.3}]},{"__type__":"1cb3eoIRdhJWZayW7A68Y7j","node":{"__id__":18},"applyUpsensor":true,"allzhen":[{"__id__":12},{"__id__":23}]}],"_prefab":{"__type__":"cc.PrefabInfo","root":{"__id__":1},"asset":{"__uuid__":"7fFBPNNhRCqq2YVHXMYQfg"},"fileId":"662DXt0rBGH6XgWSNa2/2T"},"_contentSize":{"__type__":"cc.Size","width":230,"height":111},"_trs":{"__type__":"TypedArray","ctor":"Float64Array","array":[0,0,0,0,0,0,1,1,1,1]}},{"__type__":"cc.Node","_name":"zhenNodeTwo","_parent":{"__id__":1},"_children":[{"__id__":20},{"__id__":18},{"__id__":21},{"__id__":22}],"_prefab":{"__type__":"cc.PrefabInfo","root":{"__id__":1},"asset":{"__uuid__":"7fFBPNNhRCqq2YVHXMYQfg"},"fileId":"69AJlDQ4tOSoSP+WMpeyaG"},"_trs":{"__type__":"TypedArray","ctor":"Float64Array","array":[-75.079,13.263,0,0,0,0.7071067811865476,-0.7071067811865475,1,1,1]},"_eulerAngles":{"__type__":"cc.Vec3","z":270}},{"__type__":"cc.Node","_name":"huagui","_parent":{"__id__":19},"_components":[{"__type__":"cc.Sprite","node":{"__id__":20},"_materials":[{"__uuid__":"ecpdLyjvZBwrvm+cedCcQy"}],"_spriteFrame":{"__uuid__":"72AklVCzBN/asPCzYF9Gl5"},"_type":2,"_sizeMode":0}],"_prefab":{"__type__":"cc.PrefabInfo","root":{"__id__":1},"asset":{"__uuid__":"7fFBPNNhRCqq2YVHXMYQfg"},"fileId":"410DEfPqVPDYwRk66H/0kx"},"_contentSize":{"__type__":"cc.Size","width":52,"height":550},"_trs":{"__type__":"TypedArray","ctor":"Float64Array","array":[-1.474,11.114,0,0,0,0,1,0.5,1,0.5]}},{"__type__":"cc.Node","_name":"zhenup","_parent":{"__id__":19},"_components":[{"__type__":"cc.RigidBody","node":{"__id__":21},"_type":0,"_gravityScale":0,"bullet":true}],"_prefab":{"__type__":"cc.PrefabInfo","root":{"__id__":1},"asset":{"__uuid__":"7fFBPNNhRCqq2YVHXMYQfg"},"fileId":"f4FcXaR9BNuJeXY5qn6BrS"},"_trs":{"__type__":"TypedArray","ctor":"Float64Array","array":[0,285.541,0,0,0,0,1,1,1,1]}},{"__type__":"cc.Node","_name":"zhendown","_parent":{"__id__":19},"_components":[{"__type__":"cc.RigidBody","node":{"__id__":22},"_type":0,"_gravityScale":0,"bullet":true}],"_prefab":{"__type__":"cc.PrefabInfo","root":{"__id__":1},"asset":{"__uuid__":"7fFBPNNhRCqq2YVHXMYQfg"},"fileId":"dePIQLqiJNJ7uNwo7SnrPT"},"_trs":{"__type__":"TypedArray","ctor":"Float64Array","array":[0,-258.766,0,0,0,0,1,1,1,1]}},{"__type__":"cc.Node","_name":"zhen","_parent":{"__id__":24},"_components":[{"__type__":"cc.Sprite","node":{"__id__":23},"_materials":[{"__uuid__":"ecpdLyjvZBwrvm+cedCcQy"}],"_spriteFrame":{"__uuid__":"14vJwyNH1OspMXFimJtxkW"},"_type":1,"_sizeMode":0},{"__type__":"cc.RigidBody","node":{"__id__":23},"_type":3,"_gravityScale":0,"_fixedRotation":true,"enabledContactListener":true,"bullet":true},{"__type__":"cc.PhysicsPolygonCollider","node":{"__id__":23},"_offset":{"__type__":"cc.Vec2","x":213,"y":2},"points":[{"__type__":"cc.Vec2","x":-346.7,"y":-79.8},{"__type__":"cc.Vec2","x":-208.7,"y":-78.5},{"__type__":"cc.Vec2","x":-209,"y":-35},{"__type__":"cc.Vec2","x":-98,"y":-35},{"__type__":"cc.Vec2","x":-94,"y":35},{"__type__":"cc.Vec2","x":-209.4,"y":33.8},{"__type__":"cc.Vec2","x":-207,"y":81.7},{"__type__":"cc.Vec2","x":-345.4,"y":83.3}]},{"__type__":"1cb3eoIRdhJWZayW7A68Y7j","node":{"__id__":23},"allzhen":[{"__id__":18}]}],"_prefab":{"__type__":"cc.PrefabInfo","root":{"__id__":1},"asset":{"__uuid__":"7fFBPNNhRCqq2YVHXMYQfg"},"fileId":"2bf/B9wKJMNpH8sz/xIQER"},"_contentSize":{"__type__":"cc.Size","width":230,"height":111},"_trs":{"__type__":"TypedArray","ctor":"Float64Array","array":[0,0,0,0,0,0,1,1,1,1]}},{"__type__":"cc.Node","_name":"zhenNodeTwo","_parent":{"__id__":1},"_children":[{"__id__":25},{"__id__":23},{"__id__":26},{"__id__":27}],"_prefab":{"__type__":"cc.PrefabInfo","root":{"__id__":1},"asset":{"__uuid__":"7fFBPNNhRCqq2YVHXMYQfg"},"fileId":"f5dbZaHRZPjoAaoaXEXK2T"},"_trs":{"__type__":"TypedArray","ctor":"Float64Array","array":[214.431,-163.177,0,0,0,1,6.123233995736766e-17,1,1,1]},"_eulerAngles":{"__type__":"cc.Vec3","z":180}},{"__type__":"cc.Node","_name":"huagui","_parent":{"__id__":24},"_components":[{"__type__":"cc.Sprite","node":{"__id__":25},"_materials":[{"__uuid__":"ecpdLyjvZBwrvm+cedCcQy"}],"_spriteFrame":{"__uuid__":"72AklVCzBN/asPCzYF9Gl5"},"_type":2,"_sizeMode":0}],"_prefab":{"__type__":"cc.PrefabInfo","root":{"__id__":1},"asset":{"__uuid__":"7fFBPNNhRCqq2YVHXMYQfg"},"fileId":"52OjE+d31Mn7j6vodF0/KK"},"_contentSize":{"__type__":"cc.Size","width":52,"height":500},"_trs":{"__type__":"TypedArray","ctor":"Float64Array","array":[-12.505,83.817,0,0,0,0,1,0.5,1,0.5]}},{"__type__":"cc.Node","_name":"zhenup","_parent":{"__id__":24},"_components":[{"__type__":"cc.RigidBody","node":{"__id__":26},"_type":0,"_gravityScale":0,"bullet":true}],"_prefab":{"__type__":"cc.PrefabInfo","root":{"__id__":1},"asset":{"__uuid__":"7fFBPNNhRCqq2YVHXMYQfg"},"fileId":"cftJGbUXlH4ZT3ROW7R4cE"},"_trs":{"__type__":"TypedArray","ctor":"Float64Array","array":[0,307.541,0,0,0,0,1,1,1,1]}},{"__type__":"cc.Node","_name":"zhendown","_parent":{"__id__":24},"_components":[{"__type__":"cc.RigidBody","node":{"__id__":27},"_type":0,"_gravityScale":0,"bullet":true}],"_prefab":{"__type__":"cc.PrefabInfo","root":{"__id__":1},"asset":{"__uuid__":"7fFBPNNhRCqq2YVHXMYQfg"},"fileId":"ca2hVTzXBLX7OS2d7mMC+p"},"_trs":{"__type__":"TypedArray","ctor":"Float64Array","array":[0,-162.766,0,0,0,0,1,1,1,1]}},{"__type__":"cc.Node","_name":"zhenup","_parent":{"__id__":10},"_components":[{"__type__":"cc.RigidBody","node":{"__id__":28},"_type":0,"_gravityScale":0,"bullet":true}],"_prefab":{"__type__":"cc.PrefabInfo","root":{"__id__":1},"asset":{"__uuid__":"7fFBPNNhRCqq2YVHXMYQfg"},"fileId":"a5cK6Cs9pF4LXEEsUsR44n"},"_trs":{"__type__":"TypedArray","ctor":"Float64Array","array":[0,109,0,0,0,0,1,1,1,1]}},{"__type__":"cc.Node","_name":"zhendown","_parent":{"__id__":10},"_components":[{"__type__":"cc.RigidBody","node":{"__id__":29},"_type":0,"_gravityScale":0,"bullet":true}],"_prefab":{"__type__":"cc.PrefabInfo","root":{"__id__":1},"asset":{"__uuid__":"7fFBPNNhRCqq2YVHXMYQfg"},"fileId":"99M9mwKIBG6YjYatX/qtOT"},"_trs":{"__type__":"TypedArray","ctor":"Float64Array","array":[0,-490.766,0,0,0,0,1,1,1,1]}}]]