[{"__type__":"cc.SpriteFrame","content":{"name":"guanqia3","texture":"6bZWmAhHdAsbX6hvH84riJ","rect":[1,1,1025,1492],"offset":[0.5,0],"originalSize":[1026,1494],"capInsets":[0,0,0,0]}},[{"__type__":"cc.Prefab","_name":"UIDerived3","data":{"__id__":1}},{"__type__":"cc.Node","_name":"UIDerived3","_children":[{"__type__":"cc.Node","_name":"player","_parent":{"__id__":1},"_prefab":{"__type__":"cc.PrefabInfo","root":{"__id__":1},"asset":{"__uuid__":"92tmZNJ4pC873I6ylNGcNL"},"fileId":"1eAAS2ukBHmKVb5q49AAVH"},"_contentSize":{"__type__":"cc.Size","width":234.2,"height":136},"_trs":{"__type__":"TypedArray","ctor":"Float64Array","array":[-341.126,-631.96,0,0,0,0,1,0.7,0.7,0.7]}},{"__id__":2},{"__type__":"cc.Node","_name":"bule_node","_parent":{"__id__":1},"_prefab":{"__type__":"cc.PrefabInfo","root":{"__id__":1},"asset":{"__uuid__":"92tmZNJ4pC873I6ylNGcNL"},"fileId":"52ciGH/iBCqpZi5LFnr+3Q"},"_trs":{"__type__":"TypedArray","ctor":"Float64Array","array":[-2.828,565.686,0,0,0,0,1,1,1,1]}},{"__type__":"cc.Node","_name":"greenwater_node","_parent":{"__id__":1},"_prefab":{"__type__":"cc.PrefabInfo","root":{"__id__":1},"asset":{"__uuid__":"92tmZNJ4pC873I6ylNGcNL"},"fileId":"c7M5gn1ZNELZYWfolJYIRp"},"_trs":{"__type__":"TypedArray","ctor":"Float64Array","array":[0,0,0,0,0,0,1,1,1,1]}},{"__type__":"cc.Node","_name":"redwater_node","_parent":{"__id__":1},"_prefab":{"__type__":"cc.PrefabInfo","root":{"__id__":1},"asset":{"__uuid__":"92tmZNJ4pC873I6ylNGcNL"},"fileId":"f4S6A/kUxFt4L1lk1GwrJT"},"_trs":{"__type__":"TypedArray","ctor":"Float64Array","array":[0,0,0,0,0,0,1,1,1,1]}},{"__id__":3},{"__type__":"cc.Node","_name":"gray_node","_parent":{"__id__":1},"_prefab":{"__type__":"cc.PrefabInfo","root":{"__id__":1},"asset":{"__uuid__":"92tmZNJ4pC873I6ylNGcNL"},"fileId":"f8NaAgAIlJkY79kqyqjZIs"},"_trs":{"__type__":"TypedArray","ctor":"Float64Array","array":[-2.828,565.686,0,0,0,0,1,1,1,1]}},{"__id__":4},{"__type__":"cc.Node","_name":"redPos_node","_parent":{"__id__":1},"_prefab":{"__type__":"cc.PrefabInfo","root":{"__id__":1},"asset":{"__uuid__":"92tmZNJ4pC873I6ylNGcNL"},"fileId":"c7Bl44V4JNwYRyh9UKKyW1"},"_trs":{"__type__":"TypedArray","ctor":"Float64Array","array":[0,0,0,0,0,0,1,1,1,1]}},{"__type__":"cc.Node","_name":"greenPos_node","_parent":{"__id__":1},"_prefab":{"__type__":"cc.PrefabInfo","root":{"__id__":1},"asset":{"__uuid__":"92tmZNJ4pC873I6ylNGcNL"},"fileId":"a0PSJQgyVG/5OXc61h3OdJ"},"_trs":{"__type__":"TypedArray","ctor":"Float64Array","array":[0,0,0,0,0,0,1,1,1,1]}},{"__id__":5},{"__id__":7},{"__id__":9}],"_components":[{"__type__":"cc.Sprite","node":{"__id__":1},"_materials":[{"__uuid__":"ecpdLyjvZBwrvm+cedCcQy"}],"_spriteFrame":{"__uuid__":"4dO13LHQ9PS63DuIf//UYk"}},{"__type__":"cc.PhysicsPolygonCollider","node":{"__id__":1},"points":[{"__type__":"cc.Vec2","x":-663,"y":824},{"__type__":"cc.Vec2","x":-192,"y":703},{"__type__":"cc.Vec2","x":-212,"y":687},{"__type__":"cc.Vec2","x":-210,"y":446},{"__type__":"cc.Vec2","x":-140,"y":376},{"__type__":"cc.Vec2","x":-144,"y":113},{"__type__":"cc.Vec2","x":-468,"y":-195},{"__type__":"cc.Vec2","x":-466,"y":-711},{"__type__":"cc.Vec2","x":-224,"y":-710},{"__type__":"cc.Vec2","x":-225,"y":-199},{"__type__":"cc.Vec2","x":-29,"y":-4},{"__type__":"cc.Vec2","x":512,"y":-524},{"__type__":"cc.Vec2","x":506,"y":-802},{"__type__":"cc.Vec2","x":818,"y":-646},{"__type__":"cc.Vec2","x":817,"y":-172},{"__type__":"cc.Vec2","x":520,"y":4},{"__type__":"cc.Vec2","x":504.9,"y":-295.8},{"__type__":"cc.Vec2","x":86,"y":128},{"__type__":"cc.Vec2","x":87,"y":381},{"__type__":"cc.Vec2","x":151,"y":440},{"__type__":"cc.Vec2","x":156,"y":691},{"__type__":"cc.Vec2","x":132,"y":704},{"__type__":"cc.Vec2","x":-190,"y":704},{"__type__":"cc.Vec2","x":-661,"y":823},{"__type__":"cc.Vec2","x":637,"y":835},{"__type__":"cc.Vec2","x":1372,"y":-276},{"__type__":"cc.Vec2","x":666,"y":-913},{"__type__":"cc.Vec2","x":-663,"y":-905}]},{"__type__":"1100eDGpRlLMYp5CrYQGpcQ","node":{"__id__":1}},{"__type__":"cc.RigidBody","node":{"__id__":1},"_type":0}],"_prefab":{"__type__":"cc.PrefabInfo","root":{"__id__":1},"asset":{"__uuid__":"92tmZNJ4pC873I6ylNGcNL"},"fileId":"8948qM5hJKhodQYzHXOKXH"},"_contentSize":{"__type__":"cc.Size","width":1025,"height":1492},"_trs":{"__type__":"TypedArray","ctor":"Float64Array","array":[63.422,0,0,0,0,0,1,1,1,1]}},{"__type__":"cc.Node","_name":"outsize","_parent":{"__id__":1},"_components":[{"__type__":"cc.RigidBody","node":{"__id__":2},"_type":0,"enabledContactListener":true},{"__type__":"cc.PhysicsBoxCollider","node":{"__id__":2},"_sensor":true,"_offset":{"__type__":"cc.Vec2","x":537,"y":-453},"_size":{"__type__":"cc.Size","width":45,"height":416}},{"__type__":"88fdbqXNLxKvYazHV1tJhDp","node":{"__id__":2}}],"_prefab":{"__type__":"cc.PrefabInfo","root":{"__id__":1},"asset":{"__uuid__":"92tmZNJ4pC873I6ylNGcNL"},"fileId":"ad+2Wjt/lKObMgAC4bO8M6"},"_trs":{"__type__":"TypedArray","ctor":"Float64Array","array":[0,0,0,0,0,0,1,1,1,1]}},{"__type__":"cc.Node","_name":"black_node","_parent":{"__id__":1},"_components":[{"__type__":"6c0e8KZwr5L34azTYX21stu","node":{"__id__":3}}],"_prefab":{"__type__":"cc.PrefabInfo","root":{"__id__":1},"asset":{"__uuid__":"92tmZNJ4pC873I6ylNGcNL"},"fileId":"db6TRreO1B45VoRJVBxVia"},"_trs":{"__type__":"TypedArray","ctor":"Float64Array","array":[-2.828,565.686,0,0,0,0,1,1,1,1]}},{"__type__":"cc.Node","_name":"bulePos_node","_parent":{"__id__":1},"_children":[{"__type__":"cc.Node","_name":"New Node","_parent":{"__id__":4},"_prefab":{"__type__":"cc.PrefabInfo","root":{"__id__":1},"asset":{"__uuid__":"92tmZNJ4pC873I6ylNGcNL"},"fileId":"4c1mffqw1GdagBwVJ77MJ0"},"_trs":{"__type__":"TypedArray","ctor":"Float64Array","array":[-74,497.155,0,0,0,0,1,1,1,1]}}],"_prefab":{"__type__":"cc.PrefabInfo","root":{"__id__":1},"asset":{"__uuid__":"92tmZNJ4pC873I6ylNGcNL"},"fileId":"1fxZ614IpJMq+lFARKbqtz"},"_trs":{"__type__":"TypedArray","ctor":"Float64Array","array":[0,0,0,0,0,0,1,1,1,1]}},{"__type__":"cc.Node","_name":"zhenNode","_parent":{"__id__":1},"_children":[{"__id__":6}],"_prefab":{"__type__":"cc.PrefabInfo","root":{"__id__":1},"asset":{"__uuid__":"92tmZNJ4pC873I6ylNGcNL"},"fileId":"fa3Krq2LRMSIDV5VeXJt1C"},"_trs":{"__type__":"TypedArray","ctor":"Float64Array","array":[-56.568,237.588,0,0,0,1,6.123233995736766e-17,1,1,1]},"_eulerAngles":{"__type__":"cc.Vec3","z":180}},{"__type__":"cc.Node","_name":"zhen","_parent":{"__id__":5},"_components":[{"__type__":"cc.Sprite","node":{"__id__":6},"_materials":[{"__uuid__":"ecpdLyjvZBwrvm+cedCcQy"}],"_spriteFrame":{"__uuid__":"81u1O4l2lM2IGXbUA/0aw7"},"_type":1},{"__type__":"cc.RigidBody","node":{"__id__":6},"_type":3,"_allowSleep":false,"_gravityScale":0,"_fixedRotation":true,"enabledContactListener":true},{"__type__":"cc.PhysicsPolygonCollider","node":{"__id__":6},"tag":222,"points":[{"__type__":"cc.Vec2","x":291.8,"y":-0.9},{"__type__":"cc.Vec2","x":276.5,"y":37.5},{"__type__":"cc.Vec2","x":254.1,"y":49.8},{"__type__":"cc.Vec2","x":234.8,"y":55.5},{"__type__":"cc.Vec2","x":206.5,"y":45.5},{"__type__":"cc.Vec2","x":192,"y":33.4},{"__type__":"cc.Vec2","x":184,"y":35},{"__type__":"cc.Vec2","x":-283,"y":40},{"__type__":"cc.Vec2","x":-290.7,"y":-1.1},{"__type__":"cc.Vec2","x":-285,"y":-27},{"__type__":"cc.Vec2","x":187.4,"y":-29.5},{"__type__":"cc.Vec2","x":235.6,"y":-55.1},{"__type__":"cc.Vec2","x":277.7,"y":-37.2}]},{"__type__":"72555Q9muRD1505Zi2fOOxm","node":{"__id__":6},"linevelocityX":500}],"_prefab":{"__type__":"cc.PrefabInfo","root":{"__id__":1},"asset":{"__uuid__":"92tmZNJ4pC873I6ylNGcNL"},"fileId":"3fRqCleSNNgK/WDLgAilSl"},"_contentSize":{"__type__":"cc.Size","width":587,"height":111},"_trs":{"__type__":"TypedArray","ctor":"Float64Array","array":[0,0,0,0,0,0,1,0.8,0.8,0.8]},"_groupIndex":8,"groupIndex":8},{"__type__":"cc.Node","_name":"zhenNode","_parent":{"__id__":1},"_children":[{"__id__":8}],"_prefab":{"__type__":"cc.PrefabInfo","root":{"__id__":1},"asset":{"__uuid__":"92tmZNJ4pC873I6ylNGcNL"},"fileId":"2elwbvwcJPyK0bZGzy+dQD"},"_trs":{"__type__":"TypedArray","ctor":"Float64Array","array":[-54.93,-13.567,0,0,0,0.9063077870366499,0.42261826174069944,1,1,1]},"_eulerAngles":{"__type__":"cc.Vec3","z":130}},{"__type__":"cc.Node","_name":"zhen","_parent":{"__id__":7},"_components":[{"__type__":"cc.Sprite","node":{"__id__":8},"_materials":[{"__uuid__":"ecpdLyjvZBwrvm+cedCcQy"}],"_spriteFrame":{"__uuid__":"81u1O4l2lM2IGXbUA/0aw7"},"_type":1,"_sizeMode":0},{"__type__":"cc.RigidBody","node":{"__id__":8},"_type":3,"_allowSleep":false,"_gravityScale":0,"_fixedRotation":true,"enabledContactListener":true},{"__type__":"cc.PhysicsPolygonCollider","node":{"__id__":8},"tag":222,"points":[{"__type__":"cc.Vec2","x":157,"y":-49.1},{"__type__":"cc.Vec2","x":179.3,"y":-27.4},{"__type__":"cc.Vec2","x":185.1,"y":-3},{"__type__":"cc.Vec2","x":183.4,"y":20.9},{"__type__":"cc.Vec2","x":169.2,"y":41.5},{"__type__":"cc.Vec2","x":145.6,"y":52.4},{"__type__":"cc.Vec2","x":145.2,"y":52.8},{"__type__":"cc.Vec2","x":104.9,"y":46.8},{"__type__":"cc.Vec2","x":77.3,"y":33.9},{"__type__":"cc.Vec2","x":-172.6,"y":34.2},{"__type__":"cc.Vec2","x":-186.7,"y":0.8},{"__type__":"cc.Vec2","x":-170,"y":-35.5},{"__type__":"cc.Vec2","x":79.7,"y":-32},{"__type__":"cc.Vec2","x":110.9,"y":-50.2}]},{"__type__":"72555Q9muRD1505Zi2fOOxm","node":{"__id__":8},"linevelocityX":500}],"_prefab":{"__type__":"cc.PrefabInfo","root":{"__id__":1},"asset":{"__uuid__":"92tmZNJ4pC873I6ylNGcNL"},"fileId":"fdEKfgpRlKi4VfeYuMXMue"},"_contentSize":{"__type__":"cc.Size","width":376,"height":111},"_trs":{"__type__":"TypedArray","ctor":"Float64Array","array":[105.155,8.438,0,0,0,0,1,0.8,0.8,0.8]},"_groupIndex":8,"groupIndex":8},{"__type__":"cc.Node","_name":"zhenNode","_parent":{"__id__":1},"_children":[{"__id__":10}],"_prefab":{"__type__":"cc.PrefabInfo","root":{"__id__":1},"asset":{"__uuid__":"92tmZNJ4pC873I6ylNGcNL"},"fileId":"90fdLuhBxHXaelVX9fejCC"},"_trs":{"__type__":"TypedArray","ctor":"Float64Array","array":[195.066,92.307,0,0,0,0.3420201433256687,0.9396926207859084,1,1,1]},"_eulerAngles":{"__type__":"cc.Vec3","z":40}},{"__type__":"cc.Node","_name":"zhen","_parent":{"__id__":9},"_components":[{"__type__":"cc.Sprite","node":{"__id__":10},"_materials":[{"__uuid__":"ecpdLyjvZBwrvm+cedCcQy"}],"_spriteFrame":{"__uuid__":"81u1O4l2lM2IGXbUA/0aw7"},"_type":1,"_sizeMode":0},{"__type__":"cc.RigidBody","node":{"__id__":10},"_type":3,"_allowSleep":false,"_gravityScale":0,"_fixedRotation":true,"enabledContactListener":true},{"__type__":"cc.PhysicsPolygonCollider","node":{"__id__":10},"tag":222,"points":[{"__type__":"cc.Vec2","x":121.9,"y":49},{"__type__":"cc.Vec2","x":170.2,"y":46.1},{"__type__":"cc.Vec2","x":192.5,"y":16.1},{"__type__":"cc.Vec2","x":176,"y":-41.7},{"__type__":"cc.Vec2","x":118.8,"y":-50.6},{"__type__":"cc.Vec2","x":93.5,"y":-33.2},{"__type__":"cc.Vec2","x":-183.9,"y":-37.8},{"__type__":"cc.Vec2","x":-194.5,"y":-2.8},{"__type__":"cc.Vec2","x":-185.2,"y":37},{"__type__":"cc.Vec2","x":88.3,"y":33.8}]},{"__type__":"72555Q9muRD1505Zi2fOOxm","node":{"__id__":10},"linevelocityX":500}],"_prefab":{"__type__":"cc.PrefabInfo","root":{"__id__":1},"asset":{"__uuid__":"92tmZNJ4pC873I6ylNGcNL"},"fileId":"a100TeHTBF37FSLCYv2pDL"},"_contentSize":{"__type__":"cc.Size","width":394,"height":111},"_trs":{"__type__":"TypedArray","ctor":"Float64Array","array":[-61.818,36.061,0,0,0,0,1,0.8,0.8,0.8]},"_groupIndex":8,"groupIndex":8}]]