[{"__type__":"cc.SpriteFrame","content":{"name":"guanqia9","texture":"d9/yrUVZREgplOAXCDRgu6","rect":[2,1,969,1473],"offset":[0.5,0],"originalSize":[972,1475],"capInsets":[0,0,0,0]}},[{"__type__":"cc.Prefab","_name":"UIDerived9","data":{"__id__":1}},{"__type__":"cc.Node","_name":"UIDerived9","_children":[{"__type__":"cc.Node","_name":"player","_parent":{"__id__":1},"_prefab":{"__type__":"cc.PrefabInfo","root":{"__id__":1},"asset":{"__uuid__":"2cPNv3iWRKYZge55ui9lrd"},"fileId":"54SFV5Y7tM36DXd/B0b8Hy"},"_contentSize":{"__type__":"cc.Size","width":234.2,"height":136},"_trs":{"__type__":"TypedArray","ctor":"Float64Array","array":[-333,-592,0,0,0,0,1,0.7,0.7,0.7]}},{"__type__":"cc.Node","_name":"enemy","_parent":{"__id__":1},"_prefab":{"__type__":"cc.PrefabInfo","root":{"__id__":1},"asset":{"__uuid__":"2cPNv3iWRKYZge55ui9lrd"},"fileId":"e6Ev2qdgJO4o31D/1O6BOm"},"_trs":{"__type__":"TypedArray","ctor":"Float64Array","array":[308.411,-544.676,0,0,0,0,1,0.7,0.7,1]}},{"__type__":"cc.Node","_name":"bule_node","_parent":{"__id__":1},"_prefab":{"__type__":"cc.PrefabInfo","root":{"__id__":1},"asset":{"__uuid__":"2cPNv3iWRKYZge55ui9lrd"},"fileId":"fe1H/stilPYLS3OoA6W143"},"_trs":{"__type__":"TypedArray","ctor":"Float64Array","array":[0,0,0,0,0,0,1,1,1,1]}},{"__type__":"cc.Node","_name":"greenwater_node","_parent":{"__id__":1},"_prefab":{"__type__":"cc.PrefabInfo","root":{"__id__":1},"asset":{"__uuid__":"2cPNv3iWRKYZge55ui9lrd"},"fileId":"755ZGQSCpN0rD5mYoZhbiF"},"_trs":{"__type__":"TypedArray","ctor":"Float64Array","array":[0,0,0,0,0,0,1,1,1,1]}},{"__type__":"cc.Node","_name":"redwater_node","_parent":{"__id__":1},"_prefab":{"__type__":"cc.PrefabInfo","root":{"__id__":1},"asset":{"__uuid__":"2cPNv3iWRKYZge55ui9lrd"},"fileId":"67mOmJ0rlIhbRWlA8fewwb"},"_trs":{"__type__":"TypedArray","ctor":"Float64Array","array":[0,0,0,0,0,0,1,1,1,1]}},{"__id__":2},{"__type__":"cc.Node","_name":"gray_node","_parent":{"__id__":1},"_prefab":{"__type__":"cc.PrefabInfo","root":{"__id__":1},"asset":{"__uuid__":"2cPNv3iWRKYZge55ui9lrd"},"fileId":"bf6PkHVcpG1YXjZ95BBmGD"},"_trs":{"__type__":"TypedArray","ctor":"Float64Array","array":[0,0,0,0,0,0,1,1,1,1]}},{"__id__":3},{"__id__":4},{"__type__":"cc.Node","_name":"greenPos_node","_parent":{"__id__":1},"_prefab":{"__type__":"cc.PrefabInfo","root":{"__id__":1},"asset":{"__uuid__":"2cPNv3iWRKYZge55ui9lrd"},"fileId":"58sdB83vhIX56vWuQGdCOA"},"_trs":{"__type__":"TypedArray","ctor":"Float64Array","array":[0,0,0,0,0,0,1,1,1,1]}},{"__id__":5},{"__id__":7},{"__id__":9},{"__id__":11},{"__id__":13},{"__id__":15}],"_components":[{"__type__":"cc.PhysicsPolygonCollider","node":{"__id__":1},"points":[{"__type__":"cc.Vec2","x":106.8,"y":482.2},{"__type__":"cc.Vec2","x":-489.2,"y":468.3},{"__type__":"cc.Vec2","x":-469,"y":-570},{"__type__":"cc.Vec2","x":-423,"y":-703},{"__type__":"cc.Vec2","x":-346.8,"y":-723.6},{"__type__":"cc.Vec2","x":-244.3,"y":-701.5},{"__type__":"cc.Vec2","x":-211.4,"y":-667.2},{"__type__":"cc.Vec2","x":-176.5,"y":-520.5},{"__type__":"cc.Vec2","x":-174.8,"y":-314.8},{"__type__":"cc.Vec2","x":173.1,"y":-313.3},{"__type__":"cc.Vec2","x":177,"y":-587.3},{"__type__":"cc.Vec2","x":205,"y":-672.9},{"__type__":"cc.Vec2","x":280.4,"y":-706.7},{"__type__":"cc.Vec2","x":381.6,"y":-698.7},{"__type__":"cc.Vec2","x":432.4,"y":-667},{"__type__":"cc.Vec2","x":461.8,"y":-587.2},{"__type__":"cc.Vec2","x":474,"y":-190},{"__type__":"cc.Vec2","x":-177,"y":-168},{"__type__":"cc.Vec2","x":-175,"y":273},{"__type__":"cc.Vec2","x":-86,"y":304},{"__type__":"cc.Vec2","x":467.5,"y":319.5},{"__type__":"cc.Vec2","x":465.8,"y":721.2},{"__type__":"cc.Vec2","x":313.6,"y":723.1},{"__type__":"cc.Vec2","x":131,"y":698.5},{"__type__":"cc.Vec2","x":440.6,"y":698.5},{"__type__":"cc.Vec2","x":442.5,"y":342.2},{"__type__":"cc.Vec2","x":259.3,"y":346.7},{"__type__":"cc.Vec2","x":91.1,"y":342.5},{"__type__":"cc.Vec2","x":0.5,"y":337.7},{"__type__":"cc.Vec2","x":-94,"y":326},{"__type__":"cc.Vec2","x":-151.2,"y":312.3},{"__type__":"cc.Vec2","x":-191.1,"y":293.1},{"__type__":"cc.Vec2","x":-201,"y":257.2},{"__type__":"cc.Vec2","x":-200,"y":-181},{"__type__":"cc.Vec2","x":-147,"y":-199},{"__type__":"cc.Vec2","x":142,"y":-214},{"__type__":"cc.Vec2","x":442.5,"y":-213.2},{"__type__":"cc.Vec2","x":447,"y":-432.8},{"__type__":"cc.Vec2","x":442.9,"y":-542.6},{"__type__":"cc.Vec2","x":433,"y":-606.8},{"__type__":"cc.Vec2","x":408.7,"y":-653.8},{"__type__":"cc.Vec2","x":366.1,"y":-677.6},{"__type__":"cc.Vec2","x":304.1,"y":-683.7},{"__type__":"cc.Vec2","x":254.7,"y":-676.8},{"__type__":"cc.Vec2","x":224.4,"y":-654.6},{"__type__":"cc.Vec2","x":200.2,"y":-600.9},{"__type__":"cc.Vec2","x":191.1,"y":-294.5},{"__type__":"cc.Vec2","x":91.8,"y":-283.9},{"__type__":"cc.Vec2","x":-32.1,"y":-282.6},{"__type__":"cc.Vec2","x":-166.8,"y":-290},{"__type__":"cc.Vec2","x":-198.2,"y":-294.5},{"__type__":"cc.Vec2","x":-200.3,"y":-491.1},{"__type__":"cc.Vec2","x":-215,"y":-606.7},{"__type__":"cc.Vec2","x":-228.9,"y":-644.2},{"__type__":"cc.Vec2","x":-264.9,"y":-680},{"__type__":"cc.Vec2","x":-309.7,"y":-697.5},{"__type__":"cc.Vec2","x":-361.7,"y":-696},{"__type__":"cc.Vec2","x":-398,"y":-680},{"__type__":"cc.Vec2","x":-425.6,"y":-641},{"__type__":"cc.Vec2","x":-436.2,"y":-513.4},{"__type__":"cc.Vec2","x":-436.2,"y":-510.9},{"__type__":"cc.Vec2","x":-433,"y":323},{"__type__":"cc.Vec2","x":-421,"y":359},{"__type__":"cc.Vec2","x":-410,"y":381},{"__type__":"cc.Vec2","x":-388,"y":398},{"__type__":"cc.Vec2","x":-353,"y":416},{"__type__":"cc.Vec2","x":-313.7,"y":433.9},{"__type__":"cc.Vec2","x":-181.6,"y":452.9},{"__type__":"cc.Vec2","x":135,"y":461},{"__type__":"cc.Vec2","x":131.7,"y":700.4},{"__type__":"cc.Vec2","x":314,"y":722.2},{"__type__":"cc.Vec2","x":114,"y":723}]},{"__type__":"cc.Sprite","node":{"__id__":1},"_materials":[{"__uuid__":"ecpdLyjvZBwrvm+cedCcQy"}],"_spriteFrame":{"__uuid__":"11fQtipYdNXrSJgtxgWRBC"}},{"__type__":"1100eDGpRlLMYp5CrYQGpcQ","node":{"__id__":1},"player_happy":true},{"__type__":"cc.RigidBody","node":{"__id__":1},"_type":0}],"_prefab":{"__type__":"cc.PrefabInfo","root":{"__id__":1},"asset":{"__uuid__":"2cPNv3iWRKYZge55ui9lrd"},"fileId":"dcJswAj91MdIGDu2KVYXCV"},"_contentSize":{"__type__":"cc.Size","width":969,"height":1473},"_trs":{"__type__":"TypedArray","ctor":"Float64Array","array":[0,26.181,0,0,0,0,1,1,1,1]}},{"__type__":"cc.Node","_name":"black_node","_parent":{"__id__":1},"_components":[{"__type__":"6c0e8KZwr5L34azTYX21stu","node":{"__id__":2}}],"_prefab":{"__type__":"cc.PrefabInfo","root":{"__id__":1},"asset":{"__uuid__":"2cPNv3iWRKYZge55ui9lrd"},"fileId":"a13Voe161H45dnlFFt00qQ"},"_trs":{"__type__":"TypedArray","ctor":"Float64Array","array":[0,0,0,0,0,0,1,1,1,1]}},{"__type__":"cc.Node","_name":"bulePos_node","_parent":{"__id__":1},"_children":[{"__type__":"cc.Node","_name":"New Node","_parent":{"__id__":3},"_prefab":{"__type__":"cc.PrefabInfo","root":{"__id__":1},"asset":{"__uuid__":"2cPNv3iWRKYZge55ui9lrd"},"fileId":"15yyA4yd5Cqr8Y0jXAQ5AZ"},"_trs":{"__type__":"TypedArray","ctor":"Float64Array","array":[300.104,-438.848,0,0,0,0,1,1,1,1]}},{"__type__":"cc.Node","_name":"New Node","_parent":{"__id__":3},"_prefab":{"__type__":"cc.PrefabInfo","root":{"__id__":1},"asset":{"__uuid__":"2cPNv3iWRKYZge55ui9lrd"},"fileId":"038n0s3SFOM7iqpk2qi66N"},"_trs":{"__type__":"TypedArray","ctor":"Float64Array","array":[-345.536,-522.766,0,0,0,0,1,1,1,1]}}],"_prefab":{"__type__":"cc.PrefabInfo","root":{"__id__":1},"asset":{"__uuid__":"2cPNv3iWRKYZge55ui9lrd"},"fileId":"d0WfGjAKxLE6bWyjGjTq9F"},"_trs":{"__type__":"TypedArray","ctor":"Float64Array","array":[0,0,0,0,0,0,1,1,1,1]}},{"__type__":"cc.Node","_name":"redPos_node","_parent":{"__id__":1},"_children":[{"__type__":"cc.Node","_name":"New Node","_parent":{"__id__":4},"_prefab":{"__type__":"cc.PrefabInfo","root":{"__id__":1},"asset":{"__uuid__":"2cPNv3iWRKYZge55ui9lrd"},"fileId":"a7/gGss+tLnoCIMsC4ogBt"},"_trs":{"__type__":"TypedArray","ctor":"Float64Array","array":[182.414,583.32,0,0,0,0,1,1,1,1]}}],"_prefab":{"__type__":"cc.PrefabInfo","root":{"__id__":1},"asset":{"__uuid__":"2cPNv3iWRKYZge55ui9lrd"},"fileId":"b0UkJb45VOcpjxBQ2AR3oH"},"_trs":{"__type__":"TypedArray","ctor":"Float64Array","array":[0,0,0,0,0,0,1,1,1,1]}},{"__type__":"cc.Node","_name":"zhenNode","_parent":{"__id__":1},"_children":[{"__id__":6}],"_prefab":{"__type__":"cc.PrefabInfo","root":{"__id__":1},"asset":{"__uuid__":"2cPNv3iWRKYZge55ui9lrd"},"fileId":"5136RbHopN4a4qTEPbacke"},"_trs":{"__type__":"TypedArray","ctor":"Float64Array","array":[0,0,0,0,0,0.7071067811865475,0.7071067811865476,1,1,1]},"_eulerAngles":{"__type__":"cc.Vec3","z":90},"_groupIndex":8,"groupIndex":8},{"__type__":"cc.Node","_name":"zhen","_parent":{"__id__":5},"_components":[{"__type__":"cc.Sprite","node":{"__id__":6},"_materials":[{"__uuid__":"ecpdLyjvZBwrvm+cedCcQy"}],"_spriteFrame":{"__uuid__":"81u1O4l2lM2IGXbUA/0aw7"},"_type":1,"_sizeMode":0},{"__type__":"cc.RigidBody","node":{"__id__":6},"_type":3,"_allowSleep":false,"_gravityScale":0,"_fixedRotation":true,"enabledContactListener":true},{"__type__":"cc.PhysicsPolygonCollider","node":{"__id__":6},"tag":222,"points":[{"__type__":"cc.Vec2","x":183.3,"y":54.2},{"__type__":"cc.Vec2","x":76.2,"y":55.5},{"__type__":"cc.Vec2","x":76.6,"y":15},{"__type__":"cc.Vec2","x":-179.2,"y":15},{"__type__":"cc.Vec2","x":-179.1,"y":-28.4},{"__type__":"cc.Vec2","x":74.2,"y":-26.8},{"__type__":"cc.Vec2","x":77.2,"y":-55.8},{"__type__":"cc.Vec2","x":184.9,"y":-55.4}]},{"__type__":"72555Q9muRD1505Zi2fOOxm","node":{"__id__":6},"linevelocityX":500}],"_prefab":{"__type__":"cc.PrefabInfo","root":{"__id__":1},"asset":{"__uuid__":"2cPNv3iWRKYZge55ui9lrd"},"fileId":"1adCV+ytJCmaIa3Wt+oJS9"},"_contentSize":{"__type__":"cc.Size","width":370,"height":111},"_trs":{"__type__":"TypedArray","ctor":"Float64Array","array":[436,-28,0,0,0,0,1,0.8,0.8,0.8]},"_groupIndex":8,"groupIndex":8},{"__type__":"cc.Node","_name":"zhenNode","_parent":{"__id__":1},"_children":[{"__id__":8}],"_prefab":{"__type__":"cc.PrefabInfo","root":{"__id__":1},"asset":{"__uuid__":"2cPNv3iWRKYZge55ui9lrd"},"fileId":"51V307NXBKyaHjElMTEsMb"},"_trs":{"__type__":"TypedArray","ctor":"Float64Array","array":[-45.906,0,0,0,0,-0.7071067811865475,0.7071067811865476,1,1,1]},"_eulerAngles":{"__type__":"cc.Vec3","z":-90},"_groupIndex":8,"groupIndex":8},{"__type__":"cc.Node","_name":"zhen","_parent":{"__id__":7},"_components":[{"__type__":"cc.Sprite","node":{"__id__":8},"_materials":[{"__uuid__":"ecpdLyjvZBwrvm+cedCcQy"}],"_spriteFrame":{"__uuid__":"81u1O4l2lM2IGXbUA/0aw7"},"_type":1,"_sizeMode":0},{"__type__":"cc.RigidBody","node":{"__id__":8},"_type":3,"_allowSleep":false,"_gravityScale":0,"_fixedRotation":true,"enabledContactListener":true},{"__type__":"cc.PhysicsPolygonCollider","node":{"__id__":8},"tag":222,"_offset":{"__type__":"cc.Vec2","x":116,"y":2},"points":[{"__type__":"cc.Vec2","x":600.9,"y":57.3},{"__type__":"cc.Vec2","x":481.4,"y":55},{"__type__":"cc.Vec2","x":483,"y":33},{"__type__":"cc.Vec2","x":-830,"y":31},{"__type__":"cc.Vec2","x":-824,"y":-17},{"__type__":"cc.Vec2","x":484,"y":-17},{"__type__":"cc.Vec2","x":485.7,"y":-56.7},{"__type__":"cc.Vec2","x":597.1,"y":-53.8}]},{"__type__":"72555Q9muRD1505Zi2fOOxm","node":{"__id__":8},"linevelocityX":1500}],"_prefab":{"__type__":"cc.PrefabInfo","root":{"__id__":1},"asset":{"__uuid__":"2cPNv3iWRKYZge55ui9lrd"},"fileId":"8cKxH8H+hIkaPnZ/4y54O9"},"_contentSize":{"__type__":"cc.Size","width":1431,"height":111},"_trs":{"__type__":"TypedArray","ctor":"Float64Array","array":[0,0,0,0,0,0,1,0.8,0.8,0.8]},"_groupIndex":8,"groupIndex":8},{"__type__":"cc.Node","_name":"zhenNode","_parent":{"__id__":1},"_children":[{"__id__":10}],"_prefab":{"__type__":"cc.PrefabInfo","root":{"__id__":1},"asset":{"__uuid__":"2cPNv3iWRKYZge55ui9lrd"},"fileId":"8fyfKcB7VId5l3/4VltBkE"},"_trs":{"__type__":"TypedArray","ctor":"Float64Array","array":[-312.446,232.037,0,0,0,0,1,1,1,1]},"_groupIndex":8,"groupIndex":8},{"__type__":"cc.Node","_name":"zhen","_parent":{"__id__":9},"_components":[{"__type__":"cc.Sprite","node":{"__id__":10},"_materials":[{"__uuid__":"ecpdLyjvZBwrvm+cedCcQy"}],"_spriteFrame":{"__uuid__":"81u1O4l2lM2IGXbUA/0aw7"},"_type":1},{"__type__":"cc.RigidBody","node":{"__id__":10},"_type":3,"_allowSleep":false,"_gravityScale":0,"_fixedRotation":true,"enabledContactListener":true},{"__type__":"cc.PhysicsPolygonCollider","node":{"__id__":10},"tag":222,"points":[{"__type__":"cc.Vec2","x":227.5,"y":55.5},{"__type__":"cc.Vec2","x":214.5,"y":51.5},{"__type__":"cc.Vec2","x":206.5,"y":45.5},{"__type__":"cc.Vec2","x":192,"y":33.4},{"__type__":"cc.Vec2","x":188.8,"y":24.1},{"__type__":"cc.Vec2","x":186,"y":28.6},{"__type__":"cc.Vec2","x":-277.5,"y":34.1},{"__type__":"cc.Vec2","x":-292.8,"y":-0.5},{"__type__":"cc.Vec2","x":-281.9,"y":-14.7},{"__type__":"cc.Vec2","x":184.9,"y":-17.2},{"__type__":"cc.Vec2","x":193.4,"y":-34.3},{"__type__":"cc.Vec2","x":209.9,"y":-47.8},{"__type__":"cc.Vec2","x":238.1,"y":-54.9},{"__type__":"cc.Vec2","x":261.8,"y":-50.5},{"__type__":"cc.Vec2","x":285.2,"y":-28.5},{"__type__":"cc.Vec2","x":291.1,"y":-15.6},{"__type__":"cc.Vec2","x":292.7,"y":0.3},{"__type__":"cc.Vec2","x":288.9,"y":22},{"__type__":"cc.Vec2","x":265.3,"y":49.4}]},{"__type__":"72555Q9muRD1505Zi2fOOxm","node":{"__id__":10},"linevelocityX":500}],"_prefab":{"__type__":"cc.PrefabInfo","root":{"__id__":1},"asset":{"__uuid__":"2cPNv3iWRKYZge55ui9lrd"},"fileId":"e2N1JNICFAHI/tamCq0Y/k"},"_contentSize":{"__type__":"cc.Size","width":587,"height":111},"_trs":{"__type__":"TypedArray","ctor":"Float64Array","array":[0,0,0,0,0,0,1,0.8,0.8,0.8]},"_groupIndex":8,"groupIndex":8},{"__type__":"cc.Node","_name":"zhenNode","_parent":{"__id__":1},"_children":[{"__id__":12}],"_prefab":{"__type__":"cc.PrefabInfo","root":{"__id__":1},"asset":{"__uuid__":"2cPNv3iWRKYZge55ui9lrd"},"fileId":"62xsRbVMxCJJqW8GPj81eV"},"_trs":{"__type__":"TypedArray","ctor":"Float64Array","array":[-312.446,41.037,0,0,0,0,1,1,1,1]},"_groupIndex":8,"groupIndex":8},{"__type__":"cc.Node","_name":"zhen","_parent":{"__id__":11},"_components":[{"__type__":"cc.Sprite","node":{"__id__":12},"_materials":[{"__uuid__":"ecpdLyjvZBwrvm+cedCcQy"}],"_spriteFrame":{"__uuid__":"81u1O4l2lM2IGXbUA/0aw7"},"_type":1},{"__type__":"cc.RigidBody","node":{"__id__":12},"_type":3,"_allowSleep":false,"_gravityScale":0,"_fixedRotation":true,"enabledContactListener":true},{"__type__":"cc.PhysicsPolygonCollider","node":{"__id__":12},"tag":222,"points":[{"__type__":"cc.Vec2","x":227.5,"y":55.5},{"__type__":"cc.Vec2","x":214.5,"y":51.5},{"__type__":"cc.Vec2","x":206.5,"y":45.5},{"__type__":"cc.Vec2","x":192,"y":33.4},{"__type__":"cc.Vec2","x":188.8,"y":24.1},{"__type__":"cc.Vec2","x":187.3,"y":34.4},{"__type__":"cc.Vec2","x":-278.8,"y":35.9},{"__type__":"cc.Vec2","x":-292.8,"y":-0.5},{"__type__":"cc.Vec2","x":-281.9,"y":-14.7},{"__type__":"cc.Vec2","x":184.9,"y":-17.2},{"__type__":"cc.Vec2","x":193.4,"y":-34.3},{"__type__":"cc.Vec2","x":209.9,"y":-47.8},{"__type__":"cc.Vec2","x":238.1,"y":-54.9},{"__type__":"cc.Vec2","x":261.8,"y":-50.5},{"__type__":"cc.Vec2","x":285.2,"y":-28.5},{"__type__":"cc.Vec2","x":291.1,"y":-15.6},{"__type__":"cc.Vec2","x":292.7,"y":0.3},{"__type__":"cc.Vec2","x":288.9,"y":22},{"__type__":"cc.Vec2","x":265.3,"y":49.4}]},{"__type__":"72555Q9muRD1505Zi2fOOxm","node":{"__id__":12},"linevelocityX":500}],"_prefab":{"__type__":"cc.PrefabInfo","root":{"__id__":1},"asset":{"__uuid__":"2cPNv3iWRKYZge55ui9lrd"},"fileId":"b8Ud53A4VNEIcH7556Pxp/"},"_contentSize":{"__type__":"cc.Size","width":587,"height":111},"_trs":{"__type__":"TypedArray","ctor":"Float64Array","array":[0,0,0,0,0,0,1,0.8,0.8,0.8]},"_groupIndex":8,"groupIndex":8},{"__type__":"cc.Node","_name":"zhenNode","_parent":{"__id__":1},"_children":[{"__id__":14}],"_prefab":{"__type__":"cc.PrefabInfo","root":{"__id__":1},"asset":{"__uuid__":"2cPNv3iWRKYZge55ui9lrd"},"fileId":"85tGP1FMFLb4GJRst/FjcQ"},"_trs":{"__type__":"TypedArray","ctor":"Float64Array","array":[-312.446,-119.781,0,0,0,0,1,1,1,1]},"_groupIndex":8,"groupIndex":8},{"__type__":"cc.Node","_name":"zhen","_parent":{"__id__":13},"_components":[{"__type__":"cc.Sprite","node":{"__id__":14},"_materials":[{"__uuid__":"ecpdLyjvZBwrvm+cedCcQy"}],"_spriteFrame":{"__uuid__":"81u1O4l2lM2IGXbUA/0aw7"},"_type":1},{"__type__":"cc.RigidBody","node":{"__id__":14},"_type":3,"_allowSleep":false,"_gravityScale":0,"_fixedRotation":true,"enabledContactListener":true},{"__type__":"cc.PhysicsPolygonCollider","node":{"__id__":14},"tag":222,"points":[{"__type__":"cc.Vec2","x":227.5,"y":55.5},{"__type__":"cc.Vec2","x":214.5,"y":51.5},{"__type__":"cc.Vec2","x":206.5,"y":45.5},{"__type__":"cc.Vec2","x":192,"y":33.4},{"__type__":"cc.Vec2","x":188.8,"y":24.1},{"__type__":"cc.Vec2","x":185.4,"y":34.4},{"__type__":"cc.Vec2","x":-282.1,"y":32},{"__type__":"cc.Vec2","x":-292.8,"y":-0.5},{"__type__":"cc.Vec2","x":-281.9,"y":-14.7},{"__type__":"cc.Vec2","x":184.9,"y":-17.2},{"__type__":"cc.Vec2","x":193.4,"y":-34.3},{"__type__":"cc.Vec2","x":209.9,"y":-47.8},{"__type__":"cc.Vec2","x":238.1,"y":-54.9},{"__type__":"cc.Vec2","x":261.8,"y":-50.5},{"__type__":"cc.Vec2","x":285.2,"y":-28.5},{"__type__":"cc.Vec2","x":291.1,"y":-15.6},{"__type__":"cc.Vec2","x":292.7,"y":0.3},{"__type__":"cc.Vec2","x":288.9,"y":22},{"__type__":"cc.Vec2","x":265.3,"y":49.4}]},{"__type__":"72555Q9muRD1505Zi2fOOxm","node":{"__id__":14},"linevelocityX":500}],"_prefab":{"__type__":"cc.PrefabInfo","root":{"__id__":1},"asset":{"__uuid__":"2cPNv3iWRKYZge55ui9lrd"},"fileId":"eeS7FRbT1JKo39z3L0kEbR"},"_contentSize":{"__type__":"cc.Size","width":587,"height":111},"_trs":{"__type__":"TypedArray","ctor":"Float64Array","array":[0,0,0,0,0,0,1,0.8,0.8,0.8]},"_groupIndex":8,"groupIndex":8},{"__type__":"cc.Node","_name":"zhenNode","_parent":{"__id__":1},"_children":[{"__id__":16}],"_prefab":{"__type__":"cc.PrefabInfo","root":{"__id__":1},"asset":{"__uuid__":"2cPNv3iWRKYZge55ui9lrd"},"fileId":"bcZnvYKE5Pf6C3Ty+LdrZe"},"_trs":{"__type__":"TypedArray","ctor":"Float64Array","array":[-299.446,-330.576,0,0,0,0,1,1,1,1]},"_groupIndex":8,"groupIndex":8},{"__type__":"cc.Node","_name":"zhen","_parent":{"__id__":15},"_components":[{"__type__":"cc.Sprite","node":{"__id__":16},"_materials":[{"__uuid__":"ecpdLyjvZBwrvm+cedCcQy"}],"_spriteFrame":{"__uuid__":"81u1O4l2lM2IGXbUA/0aw7"},"_type":1},{"__type__":"cc.RigidBody","node":{"__id__":16},"_type":3,"_allowSleep":false,"_gravityScale":0,"_fixedRotation":true,"enabledContactListener":true},{"__type__":"cc.PhysicsPolygonCollider","node":{"__id__":16},"tag":222,"points":[{"__type__":"cc.Vec2","x":267.3,"y":60.9},{"__type__":"cc.Vec2","x":226,"y":61.6},{"__type__":"cc.Vec2","x":213,"y":62.4},{"__type__":"cc.Vec2","x":199.9,"y":61.4},{"__type__":"cc.Vec2","x":191,"y":53.5},{"__type__":"cc.Vec2","x":186.4,"y":40.6},{"__type__":"cc.Vec2","x":-291.8,"y":38},{"__type__":"cc.Vec2","x":-292.8,"y":-0.5},{"__type__":"cc.Vec2","x":-281.9,"y":-14.7},{"__type__":"cc.Vec2","x":184.9,"y":-17.2},{"__type__":"cc.Vec2","x":193.4,"y":-34.3},{"__type__":"cc.Vec2","x":209.9,"y":-47.8},{"__type__":"cc.Vec2","x":238.1,"y":-54.9},{"__type__":"cc.Vec2","x":261.8,"y":-50.5},{"__type__":"cc.Vec2","x":285.2,"y":-28.5},{"__type__":"cc.Vec2","x":291.1,"y":-15.6},{"__type__":"cc.Vec2","x":292.7,"y":0.3},{"__type__":"cc.Vec2","x":295,"y":21.6},{"__type__":"cc.Vec2","x":291.1,"y":56.6}]},{"__type__":"72555Q9muRD1505Zi2fOOxm","node":{"__id__":16},"linevelocityX":500}],"_prefab":{"__type__":"cc.PrefabInfo","root":{"__id__":1},"asset":{"__uuid__":"2cPNv3iWRKYZge55ui9lrd"},"fileId":"ce36/3PTBJHrp6y4+5i6SH"},"_contentSize":{"__type__":"cc.Size","width":587,"height":111},"_trs":{"__type__":"TypedArray","ctor":"Float64Array","array":[0,0,0,0,0,0,1,0.8,0.8,0.8]},"_groupIndex":8,"groupIndex":8}]]