[{"__type__":"cc.SpriteFrame","content":{"name":"guanqia7","texture":"06DomAS2lM/JUFeygYD90m","rect":[0,1,997,1515],"offset":[-0.5,0],"originalSize":[998,1517],"capInsets":[0,0,0,0]}},[{"__type__":"cc.Prefab","_name":"UIDerived6","data":{"__id__":1}},{"__type__":"cc.Node","_name":"UIDerived6","_children":[{"__type__":"cc.Node","_name":"player","_parent":{"__id__":1},"_prefab":{"__type__":"cc.PrefabInfo","root":{"__id__":1},"asset":{"__uuid__":"63NicKJdZAHY/xrGxq1ndU"},"fileId":"67wVdHUJpN9rDBcJCZdGYA"},"_contentSize":{"__type__":"cc.Size","width":234.2,"height":136},"_trs":{"__type__":"TypedArray","ctor":"Float64Array","array":[-331.126,-589.96,0,0,0,0,1,0.7,0.7,0.7]}},{"__type__":"cc.Node","_name":"enemy","_parent":{"__id__":1},"_prefab":{"__type__":"cc.PrefabInfo","root":{"__id__":1},"asset":{"__uuid__":"63NicKJdZAHY/xrGxq1ndU"},"fileId":"84JG6i6tRCsaGTNF0tztbh"},"_trs":{"__type__":"TypedArray","ctor":"Float64Array","array":[311.127,-596.798,0,0,0,0,1,-0.7,1,1]}},{"__type__":"cc.Node","_name":"bule_node","_parent":{"__id__":1},"_prefab":{"__type__":"cc.PrefabInfo","root":{"__id__":1},"asset":{"__uuid__":"63NicKJdZAHY/xrGxq1ndU"},"fileId":"01knrM4BtC26be4c36fWtM"},"_trs":{"__type__":"TypedArray","ctor":"Float64Array","array":[0,0,0,0,0,0,1,1,1,1]}},{"__type__":"cc.Node","_name":"greenwater_node","_parent":{"__id__":1},"_prefab":{"__type__":"cc.PrefabInfo","root":{"__id__":1},"asset":{"__uuid__":"63NicKJdZAHY/xrGxq1ndU"},"fileId":"08hQCQ/MBHeYPNpTfIuVvh"},"_trs":{"__type__":"TypedArray","ctor":"Float64Array","array":[0,0,0,0,0,0,1,1,1,1]}},{"__type__":"cc.Node","_name":"redwater_node","_parent":{"__id__":1},"_prefab":{"__type__":"cc.PrefabInfo","root":{"__id__":1},"asset":{"__uuid__":"63NicKJdZAHY/xrGxq1ndU"},"fileId":"b4DygcVyNDHIklbI3ZMoVY"},"_trs":{"__type__":"TypedArray","ctor":"Float64Array","array":[0,0,0,0,0,0,1,1,1,1]}},{"__id__":2},{"__type__":"cc.Node","_name":"gray_node","_parent":{"__id__":1},"_prefab":{"__type__":"cc.PrefabInfo","root":{"__id__":1},"asset":{"__uuid__":"63NicKJdZAHY/xrGxq1ndU"},"fileId":"15CVeY/XtBS4WY673L4UPc"},"_trs":{"__type__":"TypedArray","ctor":"Float64Array","array":[0,0,0,0,0,0,1,1,1,1]}},{"__id__":3},{"__id__":4},{"__type__":"cc.Node","_name":"greenPos_node","_parent":{"__id__":1},"_prefab":{"__type__":"cc.PrefabInfo","root":{"__id__":1},"asset":{"__uuid__":"63NicKJdZAHY/xrGxq1ndU"},"fileId":"25L7/aJ5lLN6AcjQewYN7n"},"_trs":{"__type__":"TypedArray","ctor":"Float64Array","array":[0,0,0,0,0,0,1,1,1,1]}},{"__id__":5},{"__id__":7},{"__id__":9}],"_components":[{"__type__":"cc.Sprite","node":{"__id__":1},"_materials":[{"__uuid__":"ecpdLyjvZBwrvm+cedCcQy"}],"_spriteFrame":{"__uuid__":"43aqrCS49Eh61agU+X7I3e"}},{"__type__":"cc.RigidBody","node":{"__id__":1},"_type":0},{"__type__":"cc.PhysicsPolygonCollider","node":{"__id__":1},"points":[{"__type__":"cc.Vec2","x":-209.8,"y":449.7},{"__type__":"cc.Vec2","x":-142.9,"y":383.6},{"__type__":"cc.Vec2","x":-146.8,"y":149.5},{"__type__":"cc.Vec2","x":-475.4,"y":-176.7},{"__type__":"cc.Vec2","x":-476.5,"y":-566.4},{"__type__":"cc.Vec2","x":-462.4,"y":-645},{"__type__":"cc.Vec2","x":-440,"y":-694.4},{"__type__":"cc.Vec2","x":-361.6,"y":-739.6},{"__type__":"cc.Vec2","x":-301.3,"y":-741.1},{"__type__":"cc.Vec2","x":-265.3,"y":-723.8},{"__type__":"cc.Vec2","x":-230.9,"y":-692.3},{"__type__":"cc.Vec2","x":-183.4,"y":-522.7},{"__type__":"cc.Vec2","x":-178.9,"y":-273.3},{"__type__":"cc.Vec2","x":-178.7,"y":-199.8},{"__type__":"cc.Vec2","x":1.5,"y":-22.8},{"__type__":"cc.Vec2","x":179.9,"y":-205.6},{"__type__":"cc.Vec2","x":197.4,"y":-616.8},{"__type__":"cc.Vec2","x":235,"y":-700.9},{"__type__":"cc.Vec2","x":331.8,"y":-742.2},{"__type__":"cc.Vec2","x":420.3,"y":-714.8},{"__type__":"cc.Vec2","x":470.8,"y":-608.4},{"__type__":"cc.Vec2","x":479.7,"y":-192.4},{"__type__":"cc.Vec2","x":148,"y":151},{"__type__":"cc.Vec2","x":142,"y":392},{"__type__":"cc.Vec2","x":205.6,"y":449.6},{"__type__":"cc.Vec2","x":208.1,"y":738.6},{"__type__":"cc.Vec2","x":-212,"y":732.2},{"__type__":"cc.Vec2","x":-190.1,"y":701.9},{"__type__":"cc.Vec2","x":-170.8,"y":718.8},{"__type__":"cc.Vec2","x":161,"y":721.9},{"__type__":"cc.Vec2","x":185,"y":696.3},{"__type__":"cc.Vec2","x":186.3,"y":463.2},{"__type__":"cc.Vec2","x":119,"y":400},{"__type__":"cc.Vec2","x":128,"y":138},{"__type__":"cc.Vec2","x":455.4,"y":-189.2},{"__type__":"cc.Vec2","x":453.6,"y":-555.9},{"__type__":"cc.Vec2","x":443.2,"y":-634.6},{"__type__":"cc.Vec2","x":413.8,"y":-687.3},{"__type__":"cc.Vec2","x":373.7,"y":-715.3},{"__type__":"cc.Vec2","x":322.4,"y":-719.7},{"__type__":"cc.Vec2","x":277.5,"y":-704.6},{"__type__":"cc.Vec2","x":245.3,"y":-675.1},{"__type__":"cc.Vec2","x":223.7,"y":-628.8},{"__type__":"cc.Vec2","x":203.6,"y":-502.5},{"__type__":"cc.Vec2","x":202.2,"y":-190.2},{"__type__":"cc.Vec2","x":0.6,"y":9.4},{"__type__":"cc.Vec2","x":-203.6,"y":-192.7},{"__type__":"cc.Vec2","x":-202.7,"y":-462.6},{"__type__":"cc.Vec2","x":-213.6,"y":-581.2},{"__type__":"cc.Vec2","x":-231.5,"y":-646.3},{"__type__":"cc.Vec2","x":-255.6,"y":-687.2},{"__type__":"cc.Vec2","x":-278.8,"y":-705.3},{"__type__":"cc.Vec2","x":-317,"y":-719.1},{"__type__":"cc.Vec2","x":-349.4,"y":-717.7},{"__type__":"cc.Vec2","x":-370.8,"y":-715.2},{"__type__":"cc.Vec2","x":-397.3,"y":-705.1},{"__type__":"cc.Vec2","x":-430.1,"y":-668.7},{"__type__":"cc.Vec2","x":-447.2,"y":-607.7},{"__type__":"cc.Vec2","x":-455.9,"y":-541.4},{"__type__":"cc.Vec2","x":-457,"y":-191.5},{"__type__":"cc.Vec2","x":-123.4,"y":138.8},{"__type__":"cc.Vec2","x":-121,"y":393.8},{"__type__":"cc.Vec2","x":-188,"y":457},{"__type__":"cc.Vec2","x":-190.9,"y":702.9},{"__type__":"cc.Vec2","x":-212,"y":732.4}]},{"__type__":"1100eDGpRlLMYp5CrYQGpcQ","node":{"__id__":1},"player_happy":true}],"_prefab":{"__type__":"cc.PrefabInfo","root":{"__id__":1},"asset":{"__uuid__":"63NicKJdZAHY/xrGxq1ndU"},"fileId":"f32uzwVYRPD4937CBEy4ox"},"_contentSize":{"__type__":"cc.Size","width":997,"height":1515},"_trs":{"__type__":"TypedArray","ctor":"Float64Array","array":[0,0,0,0,0,0,1,1,1,1]}},{"__type__":"cc.Node","_name":"black_node","_parent":{"__id__":1},"_components":[{"__type__":"6c0e8KZwr5L34azTYX21stu","node":{"__id__":2}}],"_prefab":{"__type__":"cc.PrefabInfo","root":{"__id__":1},"asset":{"__uuid__":"63NicKJdZAHY/xrGxq1ndU"},"fileId":"66kAiyeL1FL4xvkiH1in6S"},"_trs":{"__type__":"TypedArray","ctor":"Float64Array","array":[0,0,0,0,0,0,1,1,1,1]}},{"__type__":"cc.Node","_name":"bulePos_node","_parent":{"__id__":1},"_children":[{"__type__":"cc.Node","_name":"New Node","_parent":{"__id__":3},"_prefab":{"__type__":"cc.PrefabInfo","root":{"__id__":1},"asset":{"__uuid__":"63NicKJdZAHY/xrGxq1ndU"},"fileId":"be6vFIUl9PSJmQfD0RD9XU"},"_trs":{"__type__":"TypedArray","ctor":"Float64Array","array":[336.104,-597.848,0,0,0,0,1,1,1,1]}},{"__type__":"cc.Node","_name":"New Node","_parent":{"__id__":3},"_prefab":{"__type__":"cc.PrefabInfo","root":{"__id__":1},"asset":{"__uuid__":"63NicKJdZAHY/xrGxq1ndU"},"fileId":"26FuSAUylGd6bwaAzBX7iX"},"_trs":{"__type__":"TypedArray","ctor":"Float64Array","array":[-366.536,-541.766,0,0,0,0,1,1,1,1]}}],"_prefab":{"__type__":"cc.PrefabInfo","root":{"__id__":1},"asset":{"__uuid__":"63NicKJdZAHY/xrGxq1ndU"},"fileId":"eaQQo1EzVBFopkMBkQ4gkv"},"_trs":{"__type__":"TypedArray","ctor":"Float64Array","array":[0,0,0,0,0,0,1,1,1,1]}},{"__type__":"cc.Node","_name":"redPos_node","_parent":{"__id__":1},"_children":[{"__type__":"cc.Node","_name":"New Node","_parent":{"__id__":4},"_prefab":{"__type__":"cc.PrefabInfo","root":{"__id__":1},"asset":{"__uuid__":"63NicKJdZAHY/xrGxq1ndU"},"fileId":"4czU8eI25Bz7pgXJdaxzB9"},"_trs":{"__type__":"TypedArray","ctor":"Float64Array","array":[-4.586,552.004,0,0,0,0,1,1,1,1]}}],"_prefab":{"__type__":"cc.PrefabInfo","root":{"__id__":1},"asset":{"__uuid__":"63NicKJdZAHY/xrGxq1ndU"},"fileId":"63qCF7k7hILJF1kJI/1FPt"},"_trs":{"__type__":"TypedArray","ctor":"Float64Array","array":[0,0,0,0,0,0,1,1,1,1]}},{"__type__":"cc.Node","_name":"zhenNode","_parent":{"__id__":1},"_children":[{"__id__":6}],"_prefab":{"__type__":"cc.PrefabInfo","root":{"__id__":1},"asset":{"__uuid__":"63NicKJdZAHY/xrGxq1ndU"},"fileId":"7fS7F7GpxLo7tuLUp0SsG/"},"_trs":{"__type__":"TypedArray","ctor":"Float64Array","array":[23,315.269,0,0,0,1,6.123233995736766e-17,1,1,1]},"_eulerAngles":{"__type__":"cc.Vec3","z":180},"_groupIndex":8,"groupIndex":8},{"__type__":"cc.Node","_name":"zhen","_parent":{"__id__":5},"_components":[{"__type__":"cc.Sprite","node":{"__id__":6},"_materials":[{"__uuid__":"ecpdLyjvZBwrvm+cedCcQy"}],"_spriteFrame":{"__uuid__":"81u1O4l2lM2IGXbUA/0aw7"},"_type":1,"_sizeMode":0},{"__type__":"cc.RigidBody","node":{"__id__":6},"_type":3,"_allowSleep":false,"_gravityScale":0,"_fixedRotation":true,"enabledContactListener":true},{"__type__":"cc.PhysicsPolygonCollider","node":{"__id__":6},"tag":222,"points":[{"__type__":"cc.Vec2","x":384.8,"y":54.6},{"__type__":"cc.Vec2","x":321,"y":55.3},{"__type__":"cc.Vec2","x":297.2,"y":43.7},{"__type__":"cc.Vec2","x":278.1,"y":15.7},{"__type__":"cc.Vec2","x":-376.9,"y":13.6},{"__type__":"cc.Vec2","x":-383.5,"y":-0.7},{"__type__":"cc.Vec2","x":-370,"y":-42},{"__type__":"cc.Vec2","x":275,"y":-36},{"__type__":"cc.Vec2","x":292.7,"y":-55.4},{"__type__":"cc.Vec2","x":386.8,"y":-55.3}]},{"__type__":"72555Q9muRD1505Zi2fOOxm","node":{"__id__":6},"linevelocityX":500}],"_prefab":{"__type__":"cc.PrefabInfo","root":{"__id__":1},"asset":{"__uuid__":"63NicKJdZAHY/xrGxq1ndU"},"fileId":"e8gJnJljVII5x/hkdd71Nb"},"_contentSize":{"__type__":"cc.Size","width":772,"height":111},"_trs":{"__type__":"TypedArray","ctor":"Float64Array","array":[0,0,0,0,0,0,1,0.8,0.8,0.8]},"_groupIndex":8,"groupIndex":8},{"__type__":"cc.Node","_name":"zhenNode","_parent":{"__id__":1},"_children":[{"__id__":8}],"_prefab":{"__type__":"cc.PrefabInfo","root":{"__id__":1},"asset":{"__uuid__":"63NicKJdZAHY/xrGxq1ndU"},"fileId":"a5NmBpaO1CJKrCJWcHHVkS"},"_trs":{"__type__":"TypedArray","ctor":"Float64Array","array":[-179.922,172.108,0,0,0,0.9166385144228775,0.39971719237058134,1,1,1]},"_eulerAngles":{"__type__":"cc.Vec3","z":132.879},"_groupIndex":8,"groupIndex":8},{"__type__":"cc.Node","_name":"zhen","_parent":{"__id__":7},"_components":[{"__type__":"cc.Sprite","node":{"__id__":8},"_materials":[{"__uuid__":"ecpdLyjvZBwrvm+cedCcQy"}],"_spriteFrame":{"__uuid__":"81u1O4l2lM2IGXbUA/0aw7"},"_type":1,"_sizeMode":0},{"__type__":"cc.RigidBody","node":{"__id__":8},"_type":3,"_allowSleep":false,"_gravityScale":0,"_fixedRotation":true,"enabledContactListener":true},{"__type__":"cc.PhysicsPolygonCollider","node":{"__id__":8},"tag":222,"points":[{"__type__":"cc.Vec2","x":194.8,"y":-32.9},{"__type__":"cc.Vec2","x":204.8,"y":-5.3},{"__type__":"cc.Vec2","x":185.9,"y":38.1},{"__type__":"cc.Vec2","x":134.8,"y":50.1},{"__type__":"cc.Vec2","x":96,"y":25.2},{"__type__":"cc.Vec2","x":-190.1,"y":23.3},{"__type__":"cc.Vec2","x":-182.5,"y":-36.6},{"__type__":"cc.Vec2","x":104.4,"y":-39.4},{"__type__":"cc.Vec2","x":112.7,"y":-38},{"__type__":"cc.Vec2","x":151.4,"y":-52.7},{"__type__":"cc.Vec2","x":174.8,"y":-50.8}]},{"__type__":"72555Q9muRD1505Zi2fOOxm","node":{"__id__":8},"linevelocityX":500}],"_prefab":{"__type__":"cc.PrefabInfo","root":{"__id__":1},"asset":{"__uuid__":"63NicKJdZAHY/xrGxq1ndU"},"fileId":"daWjH+8utB5ZRSXJ0KV0DO"},"_contentSize":{"__type__":"cc.Size","width":416,"height":111},"_trs":{"__type__":"TypedArray","ctor":"Float64Array","array":[-79.255,-9.88,0,0,0,0,1,0.8,0.8,0.8]},"_groupIndex":8,"groupIndex":8},{"__type__":"cc.Node","_name":"zhenNode","_parent":{"__id__":1},"_children":[{"__id__":10}],"_prefab":{"__type__":"cc.PrefabInfo","root":{"__id__":1},"asset":{"__uuid__":"63NicKJdZAHY/xrGxq1ndU"},"fileId":"eehIsIVTxDO6XUebJUt/az"},"_trs":{"__type__":"TypedArray","ctor":"Float64Array","array":[175.182,175.301,0,0,0,0.3665012267242973,0.9304175679820246,1,1,1]},"_eulerAngles":{"__type__":"cc.Vec3","z":43},"_groupIndex":8,"groupIndex":8},{"__type__":"cc.Node","_name":"zhen","_parent":{"__id__":9},"_components":[{"__type__":"cc.Sprite","node":{"__id__":10},"_materials":[{"__uuid__":"ecpdLyjvZBwrvm+cedCcQy"}],"_spriteFrame":{"__uuid__":"81u1O4l2lM2IGXbUA/0aw7"},"_type":1,"_sizeMode":0},{"__type__":"cc.RigidBody","node":{"__id__":10},"_type":3,"_allowSleep":false,"_gravityScale":0,"_fixedRotation":true,"enabledContactListener":true},{"__type__":"cc.PhysicsPolygonCollider","node":{"__id__":10},"tag":222,"points":[{"__type__":"cc.Vec2","x":206,"y":-19},{"__type__":"cc.Vec2","x":193,"y":32},{"__type__":"cc.Vec2","x":134,"y":50},{"__type__":"cc.Vec2","x":104.2,"y":34.2},{"__type__":"cc.Vec2","x":-196.2,"y":29.2},{"__type__":"cc.Vec2","x":-199.7,"y":-26.8},{"__type__":"cc.Vec2","x":101.8,"y":-26.7},{"__type__":"cc.Vec2","x":112,"y":-33},{"__type__":"cc.Vec2","x":161,"y":-55}]},{"__type__":"72555Q9muRD1505Zi2fOOxm","node":{"__id__":10},"linevelocityX":500}],"_prefab":{"__type__":"cc.PrefabInfo","root":{"__id__":1},"asset":{"__uuid__":"63NicKJdZAHY/xrGxq1ndU"},"fileId":"04/O5aazBBlLYtef6DnEoE"},"_contentSize":{"__type__":"cc.Size","width":416,"height":111},"_trs":{"__type__":"TypedArray","ctor":"Float64Array","array":[-79.255,-9.88,0,0,0,0,1,0.8,0.8,0.8]},"_groupIndex":8,"groupIndex":8}]]