[[{"__type__":"cc.Prefab","_name":"UIDerived55","data":{"__id__":1}},{"__type__":"cc.Node","_name":"UIDerived64","_children":[{"__type__":"cc.Node","_name":"bule_node","_parent":{"__id__":1},"_prefab":{"__type__":"cc.PrefabInfo","root":{"__id__":1},"asset":{"__uuid__":"8dTgDYrghMHrCJzg/RZLTI"},"fileId":"617zijPTFJi5pJfSNgK8K7"},"_trs":{"__type__":"TypedArray","ctor":"Float64Array","array":[0,0,0,0,0,0,1,1,1,1]}},{"__type__":"cc.Node","_name":"greenwater_node","_parent":{"__id__":1},"_prefab":{"__type__":"cc.PrefabInfo","root":{"__id__":1},"asset":{"__uuid__":"8dTgDYrghMHrCJzg/RZLTI"},"fileId":"24TPYbubBNnYu8OjzmNMIq"},"_trs":{"__type__":"TypedArray","ctor":"Float64Array","array":[0,0,0,0,0,0,1,1,1,1]}},{"__type__":"cc.Node","_name":"redwater_node","_parent":{"__id__":1},"_prefab":{"__type__":"cc.PrefabInfo","root":{"__id__":1},"asset":{"__uuid__":"8dTgDYrghMHrCJzg/RZLTI"},"fileId":"3dbEktoLtLN7ykJc2Elde7"},"_trs":{"__type__":"TypedArray","ctor":"Float64Array","array":[0,0,0,0,0,0,1,1,1,1]}},{"__id__":2},{"__id__":3},{"__id__":4},{"__id__":5},{"__type__":"cc.Node","_name":"greenPos_node","_parent":{"__id__":1},"_prefab":{"__type__":"cc.PrefabInfo","root":{"__id__":1},"asset":{"__uuid__":"8dTgDYrghMHrCJzg/RZLTI"},"fileId":"59WL3WBxlKjrKVNq1riRWs"},"_trs":{"__type__":"TypedArray","ctor":"Float64Array","array":[0,0,0,0,0,0,1,1,1,1]}},{"__type__":"cc.Node","_name":"player","_parent":{"__id__":1},"_prefab":{"__type__":"cc.PrefabInfo","root":{"__id__":1},"asset":{"__uuid__":"8dTgDYrghMHrCJzg/RZLTI"},"fileId":"b0++ZGNlVOxYSt+u5UbDat"},"_contentSize":{"__type__":"cc.Size","width":240,"height":140},"_trs":{"__type__":"TypedArray","ctor":"Float64Array","array":[49.237,-616.667,0,0,0,0,1,-0.7,0.7,1]}},{"__type__":"cc.Node","_name":"enemy","_parent":{"__id__":1},"_prefab":{"__type__":"cc.PrefabInfo","root":{"__id__":1},"asset":{"__uuid__":"8dTgDYrghMHrCJzg/RZLTI"},"fileId":"b3JufBwqFGq6P36Igh87QK"},"_trs":{"__type__":"TypedArray","ctor":"Float64Array","array":[-337.897,-623.81,0,0,0,0,1,1,1,1]}},{"__id__":6},{"__id__":9},{"__id__":12}],"_components":[{"__type__":"cc.Sprite","node":{"__id__":1},"_materials":[{"__uuid__":"ecpdLyjvZBwrvm+cedCcQy"}],"_spriteFrame":{"__uuid__":"980wGvxvBADoJwIU5npd8s"}},{"__type__":"cc.RigidBody","node":{"__id__":1},"_type":0},{"__type__":"cc.PhysicsPolygonCollider","node":{"__id__":1},"_offset":{"__type__":"cc.Vec2","x":-424,"y":700},"points":[{"__type__":"cc.Vec2","x":-50,"y":-1443},{"__type__":"cc.Vec2","x":908,"y":-1450},{"__type__":"cc.Vec2","x":904,"y":43},{"__type__":"cc.Vec2","x":851,"y":-5},{"__type__":"cc.Vec2","x":849,"y":-211},{"__type__":"cc.Vec2","x":730,"y":-272},{"__type__":"cc.Vec2","x":729,"y":-554},{"__type__":"cc.Vec2","x":852,"y":-624},{"__type__":"cc.Vec2","x":856,"y":-1146},{"__type__":"cc.Vec2","x":600,"y":-1211},{"__type__":"cc.Vec2","x":599,"y":-1395},{"__type__":"cc.Vec2","x":379,"y":-1393},{"__type__":"cc.Vec2","x":371,"y":-743},{"__type__":"cc.Vec2","x":602,"y":-743},{"__type__":"cc.Vec2","x":628,"y":-724},{"__type__":"cc.Vec2","x":627.3,"y":-663.4},{"__type__":"cc.Vec2","x":597,"y":-647},{"__type__":"cc.Vec2","x":249.1,"y":-651.8},{"__type__":"cc.Vec2","x":209.4,"y":-658},{"__type__":"cc.Vec2","x":148.2,"y":-661.9},{"__type__":"cc.Vec2","x":104.8,"y":-679},{"__type__":"cc.Vec2","x":84,"y":-771.5},{"__type__":"cc.Vec2","x":85,"y":-970},{"__type__":"cc.Vec2","x":210,"y":-1104},{"__type__":"cc.Vec2","x":211,"y":-1392},{"__type__":"cc.Vec2","x":-4,"y":-1395},{"__type__":"cc.Vec2","x":-10,"y":-362},{"__type__":"cc.Vec2","x":342,"y":-361},{"__type__":"cc.Vec2","x":348,"y":-550},{"__type__":"cc.Vec2","x":634,"y":-547},{"__type__":"cc.Vec2","x":636,"y":-272},{"__type__":"cc.Vec2","x":62,"y":-202},{"__type__":"cc.Vec2","x":62,"y":-9},{"__type__":"cc.Vec2","x":851,"y":-8},{"__type__":"cc.Vec2","x":903,"y":40},{"__type__":"cc.Vec2","x":-50,"y":50}]},{"__type__":"cc.PhysicsPolygonCollider","node":{"__id__":1},"_offset":{"__type__":"cc.Vec2","x":97,"y":-192},"points":[{"__type__":"cc.Vec2","x":-47,"y":-210},{"__type__":"cc.Vec2","x":50,"y":-216},{"__type__":"cc.Vec2","x":50,"y":50},{"__type__":"cc.Vec2","x":-50,"y":50}]},{"__type__":"cc.PhysicsPolygonCollider","node":{"__id__":1},"_offset":{"__type__":"cc.Vec2","x":284,"y":-196},"points":[{"__type__":"cc.Vec2","x":-47,"y":-210},{"__type__":"cc.Vec2","x":50,"y":-216},{"__type__":"cc.Vec2","x":50,"y":50},{"__type__":"cc.Vec2","x":-50,"y":50}]},{"__type__":"1100eDGpRlLMYp5CrYQGpcQ","node":{"__id__":1},"player_happy":true}],"_prefab":{"__type__":"cc.PrefabInfo","root":{"__id__":1},"asset":{"__uuid__":"8dTgDYrghMHrCJzg/RZLTI"},"fileId":"ef65gYl6xMTZ3POsyKo0LK"},"_contentSize":{"__type__":"cc.Size","width":954,"height":1478},"_trs":{"__type__":"TypedArray","ctor":"Float64Array","array":[0,0,0,0,0,0,1,1,1,1]}},{"__type__":"cc.Node","_name":"black_node","_parent":{"__id__":1},"_components":[{"__type__":"6c0e8KZwr5L34azTYX21stu","node":{"__id__":2}}],"_prefab":{"__type__":"cc.PrefabInfo","root":{"__id__":1},"asset":{"__uuid__":"8dTgDYrghMHrCJzg/RZLTI"},"fileId":"a13pkPXbxOYItvWXUInlch"},"_trs":{"__type__":"TypedArray","ctor":"Float64Array","array":[0,0,0,0,0,0,1,1,1,1]}},{"__type__":"cc.Node","_name":"gray_node","_parent":{"__id__":1},"_components":[{"__type__":"3400dF2d2tHLK8+En9baGXY","node":{"__id__":3},"grey_prefab":{"__uuid__":"13FEeEL1NMaK5TFGpFQpJr"}}],"_prefab":{"__type__":"cc.PrefabInfo","root":{"__id__":1},"asset":{"__uuid__":"8dTgDYrghMHrCJzg/RZLTI"},"fileId":"66erzJGbhAT5ehD8a5yAZ8"},"_trs":{"__type__":"TypedArray","ctor":"Float64Array","array":[0,0,0,0,0,0,1,1,1,1]}},{"__type__":"cc.Node","_name":"bulePos_node","_parent":{"__id__":1},"_children":[{"__type__":"cc.Node","_name":"New Node","_parent":{"__id__":4},"_prefab":{"__type__":"cc.PrefabInfo","root":{"__id__":1},"asset":{"__uuid__":"8dTgDYrghMHrCJzg/RZLTI"},"fileId":"284Tos8htJQaXLUBzy2Yye"},"_trs":{"__type__":"TypedArray","ctor":"Float64Array","array":[-326.818,-524.031,0,0,0,0,1,1,1,1]}},{"__type__":"cc.Node","_name":"New Node","_parent":{"__id__":4},"_prefab":{"__type__":"cc.PrefabInfo","root":{"__id__":1},"asset":{"__uuid__":"8dTgDYrghMHrCJzg/RZLTI"},"fileId":"28v4uvZJFHSKcgYj4hCiAE"},"_trs":{"__type__":"TypedArray","ctor":"Float64Array","array":[0,-535.887,0,0,0,0,1,1,1,1]}}],"_prefab":{"__type__":"cc.PrefabInfo","root":{"__id__":1},"asset":{"__uuid__":"8dTgDYrghMHrCJzg/RZLTI"},"fileId":"1btdSOaExJn4Xj0dYYwACq"},"_trs":{"__type__":"TypedArray","ctor":"Float64Array","array":[0,0,0,0,0,0,1,1,1,1]}},{"__type__":"cc.Node","_name":"redPos_node","_parent":{"__id__":1},"_children":[{"__type__":"cc.Node","_name":"New Node","_parent":{"__id__":5},"_prefab":{"__type__":"cc.PrefabInfo","root":{"__id__":1},"asset":{"__uuid__":"8dTgDYrghMHrCJzg/RZLTI"},"fileId":"7dhLHMkS1Ea4P9ArHB5uPh"},"_trs":{"__type__":"TypedArray","ctor":"Float64Array","array":[193.462,578.899,0,0,0,0,1,1,1,1]}}],"_prefab":{"__type__":"cc.PrefabInfo","root":{"__id__":1},"asset":{"__uuid__":"8dTgDYrghMHrCJzg/RZLTI"},"fileId":"b8K1EXrZJAgpUoA/Bleobx"},"_trs":{"__type__":"TypedArray","ctor":"Float64Array","array":[0,0,0,0,0,0,1,1,1,1]}},{"__type__":"cc.Node","_name":"MoveProp","_parent":{"__id__":1},"_children":[{"__id__":7},{"__id__":8}],"_prefab":{"__type__":"cc.PrefabInfo","root":{"__id__":1},"asset":{"__uuid__":"8dTgDYrghMHrCJzg/RZLTI"},"fileId":"8bcZ2dmIpHV4tK1Tp4e94O"},"_trs":{"__type__":"TypedArray","ctor":"Float64Array","array":[250.416,275.688,0,0,0,0,1,1,1,1]}},{"__type__":"cc.Node","_name":"Bar","_parent":{"__id__":6},"_components":[{"__type__":"cc.Sprite","node":{"__id__":7},"_materials":[{"__uuid__":"ecpdLyjvZBwrvm+cedCcQy"}],"_spriteFrame":{"__uuid__":"36nyDwRspBQpKV3/57IicC"},"_type":1},{"__type__":"cc.RigidBody","node":{"__id__":7},"_type":0},{"__type__":"cc.PhysicsPolygonCollider","node":{"__id__":7},"points":[{"__type__":"cc.Vec2","x":-114.4,"y":-31.1},{"__type__":"cc.Vec2","x":116,"y":-31.3},{"__type__":"cc.Vec2","x":115.1,"y":31.8},{"__type__":"cc.Vec2","x":-114.2,"y":31.3}]},{"__type__":"8a64bLvzRlHBakXZIa7SBbN","node":{"__id__":7}}],"_prefab":{"__type__":"cc.PrefabInfo","root":{"__id__":1},"asset":{"__uuid__":"8dTgDYrghMHrCJzg/RZLTI"},"fileId":"d7M3OZ18FPUa3wtcrhsvSA"},"_contentSize":{"__type__":"cc.Size","width":230,"height":65},"_trs":{"__type__":"TypedArray","ctor":"Float64Array","array":[0,0,0,0,0,0,1,1,1,1]}},{"__type__":"cc.Node","_name":"BarBG","_parent":{"__id__":6},"_components":[{"__type__":"cc.Sprite","node":{"__id__":8},"_materials":[{"__uuid__":"ecpdLyjvZBwrvm+cedCcQy"}],"_spriteFrame":{"__uuid__":"d8hqEurO5O3r/JLAsbxS//"},"_type":1}],"_prefab":{"__type__":"cc.PrefabInfo","root":{"__id__":1},"asset":{"__uuid__":"8dTgDYrghMHrCJzg/RZLTI"},"fileId":"3ft1lgORdDK6nIwdAVfv6k"},"_contentSize":{"__type__":"cc.Size","width":427,"height":66},"_trs":{"__type__":"TypedArray","ctor":"Float64Array","array":[-79,0,0,0,0,0,1,1,1,1]}},{"__type__":"cc.Node","_name":"MoveProp","_parent":{"__id__":1},"_children":[{"__id__":10},{"__id__":11}],"_prefab":{"__type__":"cc.PrefabInfo","root":{"__id__":1},"asset":{"__uuid__":"8dTgDYrghMHrCJzg/RZLTI"},"fileId":"8ahguUCNxBxpZU5ia3xr7w"},"_trs":{"__type__":"TypedArray","ctor":"Float64Array","array":[91.416,76.688,0,0,0,0.7071067811865475,0.7071067811865476,1,1,1]},"_eulerAngles":{"__type__":"cc.Vec3","z":90}},{"__type__":"cc.Node","_name":"Bar","_parent":{"__id__":9},"_components":[{"__type__":"cc.Sprite","node":{"__id__":10},"_materials":[{"__uuid__":"ecpdLyjvZBwrvm+cedCcQy"}],"_spriteFrame":{"__uuid__":"36nyDwRspBQpKV3/57IicC"},"_type":1},{"__type__":"cc.RigidBody","node":{"__id__":10},"_type":0},{"__type__":"cc.PhysicsPolygonCollider","node":{"__id__":10},"points":[{"__type__":"cc.Vec2","x":-114.4,"y":-31.1},{"__type__":"cc.Vec2","x":116,"y":-31.3},{"__type__":"cc.Vec2","x":115.1,"y":31.8},{"__type__":"cc.Vec2","x":-114.2,"y":31.3}]},{"__type__":"8a64bLvzRlHBakXZIa7SBbN","node":{"__id__":10}}],"_prefab":{"__type__":"cc.PrefabInfo","root":{"__id__":1},"asset":{"__uuid__":"8dTgDYrghMHrCJzg/RZLTI"},"fileId":"8cct2SoF9Dxro+AxgmXaVr"},"_contentSize":{"__type__":"cc.Size","width":230,"height":65},"_trs":{"__type__":"TypedArray","ctor":"Float64Array","array":[0,0,0,0,0,0,1,1,1,1]}},{"__type__":"cc.Node","_name":"BarBG","_parent":{"__id__":9},"_components":[{"__type__":"cc.Sprite","node":{"__id__":11},"_materials":[{"__uuid__":"ecpdLyjvZBwrvm+cedCcQy"}],"_spriteFrame":{"__uuid__":"d8hqEurO5O3r/JLAsbxS//"},"_type":1}],"_prefab":{"__type__":"cc.PrefabInfo","root":{"__id__":1},"asset":{"__uuid__":"8dTgDYrghMHrCJzg/RZLTI"},"fileId":"0db4de48xJuLMIsrEy7mJY"},"_contentSize":{"__type__":"cc.Size","width":427,"height":66},"_trs":{"__type__":"TypedArray","ctor":"Float64Array","array":[-79,0,0,0,0,0,1,1,1,1]}},{"__type__":"cc.Node","_name":"MoveProp","_parent":{"__id__":1},"_children":[{"__id__":13},{"__id__":14}],"_prefab":{"__type__":"cc.PrefabInfo","root":{"__id__":1},"asset":{"__uuid__":"8dTgDYrghMHrCJzg/RZLTI"},"fileId":"3fIwg+SZBG65KW9W4l3HMw"},"_trs":{"__type__":"TypedArray","ctor":"Float64Array","array":[558.416,13.688,0,0,0,0,1,1,1,1]}},{"__type__":"cc.Node","_name":"Bar","_parent":{"__id__":12},"_components":[{"__type__":"cc.Sprite","node":{"__id__":13},"_materials":[{"__uuid__":"ecpdLyjvZBwrvm+cedCcQy"}],"_spriteFrame":{"__uuid__":"36nyDwRspBQpKV3/57IicC"},"_type":1,"_sizeMode":0},{"__type__":"cc.RigidBody","node":{"__id__":13},"_type":0},{"__type__":"cc.PhysicsPolygonCollider","node":{"__id__":13},"points":[{"__type__":"cc.Vec2","x":-128.9,"y":-34.3},{"__type__":"cc.Vec2","x":134.2,"y":-34.5},{"__type__":"cc.Vec2","x":133.3,"y":50.6},{"__type__":"cc.Vec2","x":-130.3,"y":50.6}]},{"__type__":"8a64bLvzRlHBakXZIa7SBbN","node":{"__id__":13}}],"_prefab":{"__type__":"cc.PrefabInfo","root":{"__id__":1},"asset":{"__uuid__":"8dTgDYrghMHrCJzg/RZLTI"},"fileId":"59rhCjA/FHybHWziLwJJP6"},"_contentSize":{"__type__":"cc.Size","width":255,"height":65},"_trs":{"__type__":"TypedArray","ctor":"Float64Array","array":[13,0,0,0,0,0,1,1,1,1]}},{"__type__":"cc.Node","_name":"BarBG","_parent":{"__id__":12},"_components":[{"__type__":"cc.Sprite","node":{"__id__":14},"_materials":[{"__uuid__":"ecpdLyjvZBwrvm+cedCcQy"}],"_spriteFrame":{"__uuid__":"d8hqEurO5O3r/JLAsbxS//"},"_type":1,"_sizeMode":0}],"_prefab":{"__type__":"cc.PrefabInfo","root":{"__id__":1},"asset":{"__uuid__":"8dTgDYrghMHrCJzg/RZLTI"},"fileId":"07LPWZAJ9MkZ5hdqMz7CzU"},"_contentSize":{"__type__":"cc.Size","width":534,"height":66},"_trs":{"__type__":"TypedArray","ctor":"Float64Array","array":[-112,0,0,0,0,0,1,1,1,1]}}],{"__type__":"cc.SpriteFrame","content":{"name":"guanqia29","texture":"0djQ7Du2JFGpAuf75wOJHJ","rect":[1,1,954,1478],"offset":[0,0],"originalSize":[956,1480],"capInsets":[0,0,0,0]}}]