[[{"__type__":"cc.Prefab","_name":"hint","data":{"__id__":1}},{"__type__":"cc.Node","_name":"hint","_children":[{"__id__":2}],"_components":[{"__type__":"cc.Sprite","node":{"__id__":1},"_materials":[{"__uuid__":"ecpdLyjvZBwrvm+cedCcQy"}],"_spriteFrame":{"__uuid__":"f4gdrdO9BBiKDBVoGOo4V1"},"_sizeMode":0},{"__type__":"1de8cpSirRPfIJlHDM6YFou","node":{"__id__":1}}],"_prefab":{"__type__":"cc.PrefabInfo","root":{"__id__":1},"asset":{"__uuid__":"1cxKXKe8xFb5CtdvdkLSvh"},"fileId":"1dnxFU7ohA+YZdBloFh+Vg"},"_contentSize":{"__type__":"cc.Size","width":523,"height":317},"_trs":{"__type__":"TypedArray","ctor":"Float64Array","array":[-62,-37,0,0,0,0,1,1,1,1]},"_groupIndex":2,"groupIndex":2},{"__type__":"cc.Node","_name":"hintstring","_parent":{"__id__":1},"_components":[{"__type__":"cc.Label","node":{"__id__":2},"_materials":[{"__uuid__":"ecpdLyjvZBwrvm+cedCcQy"}],"_useOriginalSize":false,"_string":"这是提示这是提示这是提示这是提示这是提示这是提示","_N$string":"这是提示这是提示这是提示这是提示这是提示这是提示","_fontSize":34.4,"_lineHeight":66.3999999999999,"_N$horizontalAlign":1,"_N$verticalAlign":1,"_N$overflow":3}],"_prefab":{"__type__":"cc.PrefabInfo","root":{"__id__":1},"asset":{"__uuid__":"1cxKXKe8xFb5CtdvdkLSvh"},"fileId":"bezxndPG9AVJPWRd4bM/Wo"},"_color":{"__type__":"cc.Color","r":50,"g":53,"b":131},"_contentSize":{"__type__":"cc.Size","width":342,"height":215.16},"_trs":{"__type__":"TypedArray","ctor":"Float64Array","array":[-11,-3,0,0,0,0,1,1,1,1]}}],{"__type__":"cc.SpriteFrame","content":{"name":"1","texture":"60Ssag7MxFSYc7YjAQM1xq","rect":[3,2,644,391],"offset":[0,-0.5],"originalSize":[650,394],"capInsets":[0,0,0,0]}}]