[{"__type__":"cc.SpriteFrame","content":{"name":"level：","texture":"51AYXai/pFQblkKAVuNEPp","rect":[0,0,200,73],"offset":[0,0],"originalSize":[200,73],"capInsets":[0,0,0,0]}},[{"__type__":"cc.Prefab","_name":"labelLevelString","data":{"__id__":1}},{"__type__":"cc.Node","_name":"labelLevelString","_children":[{"__id__":2},{"__id__":3}],"_components":[{"__type__":"2a4b2UFOzJNzaVo150nOHkF","node":{"__id__":1}},{"__type__":"cc.Widget","node":{"__id__":1},"_alignFlags":1,"_top":173.82799999999997}],"_prefab":{"__type__":"cc.PrefabInfo","root":{"__id__":1},"asset":{"__uuid__":"be5/JVyPJJYJtaXmrJ4iBF"},"fileId":"aamSdDKkdIUYzHaDFL+1k3"},"_trs":{"__type__":"TypedArray","ctor":"Float64Array","array":[-62.03,1746.172,0,0,0,0,1,1,1,1]}},{"__type__":"cc.Node","_name":"lableLevel","_parent":{"__id__":1},"_components":[{"__type__":"cc.Label","node":{"__id__":2},"_materials":[{"__uuid__":"ecpdLyjvZBwrvm+cedCcQy"}],"_string":"19","_N$string":"19","_fontSize":73.40000000000003,"_lineHeight":75,"_N$file":{"__uuid__":"a85NczcUdLhIVJT3+7aBOb"},"_isSystemFontUsed":false}],"_prefab":{"__type__":"cc.PrefabInfo","root":{"__id__":1},"asset":{"__uuid__":"be5/JVyPJJYJtaXmrJ4iBF"},"fileId":"59xez4yhxKj6GiyBgMGvqI"},"_contentSize":{"__type__":"cc.Size","width":106.02,"height":75},"_anchorPoint":{"__type__":"cc.Vec2","y":0.5},"_trs":{"__type__":"TypedArray","ctor":"Float64Array","array":[112.952,-5,0,0,0,0,1,1,1,1]}},{"__type__":"cc.Node","_name":"level","_parent":{"__id__":1},"_components":[{"__type__":"cc.Sprite","node":{"__id__":3},"_materials":[{"__uuid__":"ecpdLyjvZBwrvm+cedCcQy"}],"_spriteFrame":{"__uuid__":"566CVRDDJGPLzu+gbgzp5w"}}],"_prefab":{"__type__":"cc.PrefabInfo","root":{"__id__":1},"asset":{"__uuid__":"be5/JVyPJJYJtaXmrJ4iBF"},"fileId":"ac7/z73zFLi6VYNyklJZ4s"},"_contentSize":{"__type__":"cc.Size","width":200,"height":73},"_trs":{"__type__":"TypedArray","ctor":"Float64Array","array":[0,0,0,0,0,0,1,1,1,1]}}]]