[{"__type__":"cc.SpriteFrame","content":{"name":"guanqia115","texture":"953IyJr3JDuL2yKJYqXBdr","rect":[1,1,665,1428],"offset":[0,-0.5],"originalSize":[667,1429],"capInsets":[0,0,0,0]}},[{"__type__":"cc.Prefab","_name":"UIDerived95","data":{"__id__":1}},{"__type__":"cc.Node","_name":"UIDerived95","_children":[{"__type__":"cc.Node","_name":"bule_node","_parent":{"__id__":1},"_prefab":{"__type__":"cc.PrefabInfo","root":{"__id__":1},"asset":{"__uuid__":"f2NuO3K29PWon87mQnciDn"},"fileId":"7aY0i0ySVIOb9ILqoY7x/H"},"_trs":{"__type__":"TypedArray","ctor":"Float64Array","array":[0,0,0,0,0,0,1,1,1,1]}},{"__type__":"cc.Node","_name":"greenwater_node","_parent":{"__id__":1},"_prefab":{"__type__":"cc.PrefabInfo","root":{"__id__":1},"asset":{"__uuid__":"f2NuO3K29PWon87mQnciDn"},"fileId":"2e8/9lEQdENq47cTsrdYiF"},"_trs":{"__type__":"TypedArray","ctor":"Float64Array","array":[0,0,0,0,0,0,1,1,1,1]}},{"__type__":"cc.Node","_name":"redwater_node","_parent":{"__id__":1},"_prefab":{"__type__":"cc.PrefabInfo","root":{"__id__":1},"asset":{"__uuid__":"f2NuO3K29PWon87mQnciDn"},"fileId":"b5S1LrQs5POr3ailVO/ryg"},"_trs":{"__type__":"TypedArray","ctor":"Float64Array","array":[0,0,0,0,0,0,1,1,1,1]}},{"__id__":2},{"__id__":3},{"__id__":4},{"__type__":"cc.Node","_name":"redPos_node","_parent":{"__id__":1},"_prefab":{"__type__":"cc.PrefabInfo","root":{"__id__":1},"asset":{"__uuid__":"f2NuO3K29PWon87mQnciDn"},"fileId":"f3j8GVmIlPsLWz/3k0J2uv"},"_trs":{"__type__":"TypedArray","ctor":"Float64Array","array":[0,0,0,0,0,0,1,1,1,1]}},{"__type__":"cc.Node","_name":"greenPos_node","_parent":{"__id__":1},"_prefab":{"__type__":"cc.PrefabInfo","root":{"__id__":1},"asset":{"__uuid__":"f2NuO3K29PWon87mQnciDn"},"fileId":"f2PIJBu9xDxo4LRdKn2FjQ"},"_trs":{"__type__":"TypedArray","ctor":"Float64Array","array":[0,0,0,0,0,0,1,1,1,1]}},{"__id__":5},{"__id__":8},{"__type__":"cc.Node","_name":"player","_parent":{"__id__":1},"_prefab":{"__type__":"cc.PrefabInfo","root":{"__id__":1},"asset":{"__uuid__":"f2NuO3K29PWon87mQnciDn"},"fileId":"f5RjfeCVFNXLfJcPjfIrrj"},"_trs":{"__type__":"TypedArray","ctor":"Float64Array","array":[-110.084,-596.418,0,0,0,0,1,-0.7,0.7,1]}}],"_components":[{"__type__":"cc.Sprite","node":{"__id__":1},"_materials":[{"__uuid__":"ecpdLyjvZBwrvm+cedCcQy"}],"_spriteFrame":{"__uuid__":"99ZGbN2xJBVIJDtkYizYcO"}},{"__type__":"1100eDGpRlLMYp5CrYQGpcQ","node":{"__id__":1}},{"__type__":"cc.RigidBody","node":{"__id__":1},"_type":0},{"__type__":"cc.PhysicsPolygonCollider","node":{"__id__":1},"_offset":{"__type__":"cc.Vec2","x":-281.9,"y":-665.1},"points":[{"__type__":"cc.Vec2","x":-50,"y":-50},{"__type__":"cc.Vec2","x":614.5,"y":-49.6},{"__type__":"cc.Vec2","x":614.6,"y":1377.8},{"__type__":"cc.Vec2","x":426.2,"y":1337},{"__type__":"cc.Vec2","x":420.1,"y":978},{"__type__":"cc.Vec2","x":398.3,"y":904.5},{"__type__":"cc.Vec2","x":370.7,"y":871.8},{"__type__":"cc.Vec2","x":297.9,"y":848.6},{"__type__":"cc.Vec2","x":270.9,"y":826},{"__type__":"cc.Vec2","x":259.6,"y":785.3},{"__type__":"cc.Vec2","x":254.7,"y":707.1},{"__type__":"cc.Vec2","x":267.3,"y":666.4},{"__type__":"cc.Vec2","x":304.6,"y":634.5},{"__type__":"cc.Vec2","x":343.4,"y":623.9},{"__type__":"cc.Vec2","x":457.7,"y":611.6},{"__type__":"cc.Vec2","x":532.1,"y":582.5},{"__type__":"cc.Vec2","x":562.3,"y":532.3},{"__type__":"cc.Vec2","x":576.2,"y":476.6},{"__type__":"cc.Vec2","x":564.4,"y":427.6},{"__type__":"cc.Vec2","x":536.8,"y":386},{"__type__":"cc.Vec2","x":492.3,"y":357.8},{"__type__":"cc.Vec2","x":440.7,"y":342.8},{"__type__":"cc.Vec2","x":390.5,"y":341.9},{"__type__":"cc.Vec2","x":350.5,"y":334.2},{"__type__":"cc.Vec2","x":318.2,"y":321.5},{"__type__":"cc.Vec2","x":280.3,"y":283},{"__type__":"cc.Vec2","x":272.4,"y":260.9},{"__type__":"cc.Vec2","x":273.3,"y":207},{"__type__":"cc.Vec2","x":283.4,"y":172.6},{"__type__":"cc.Vec2","x":312.1,"y":112.8},{"__type__":"cc.Vec2","x":323.3,"y":70.1},{"__type__":"cc.Vec2","x":320.6,"y":47},{"__type__":"cc.Vec2","x":307,"y":24.1},{"__type__":"cc.Vec2","x":271.6,"y":2.8},{"__type__":"cc.Vec2","x":214.4,"y":-8.9},{"__type__":"cc.Vec2","x":162.8,"y":-7.8},{"__type__":"cc.Vec2","x":119.5,"y":-0.6},{"__type__":"cc.Vec2","x":84.6,"y":13.3},{"__type__":"cc.Vec2","x":60.9,"y":31.6},{"__type__":"cc.Vec2","x":40.2,"y":62.4},{"__type__":"cc.Vec2","x":26.2,"y":102.2},{"__type__":"cc.Vec2","x":24.1,"y":143},{"__type__":"cc.Vec2","x":39.1,"y":241.4},{"__type__":"cc.Vec2","x":72.4,"y":331.3},{"__type__":"cc.Vec2","x":114.6,"y":393.2},{"__type__":"cc.Vec2","x":162.3,"y":432.7},{"__type__":"cc.Vec2","x":221.4,"y":459.2},{"__type__":"cc.Vec2","x":285.7,"y":469},{"__type__":"cc.Vec2","x":356.1,"y":460.2},{"__type__":"cc.Vec2","x":367.4,"y":467.6},{"__type__":"cc.Vec2","x":367,"y":489},{"__type__":"cc.Vec2","x":357.1,"y":497},{"__type__":"cc.Vec2","x":322.8,"y":499.6},{"__type__":"cc.Vec2","x":251.7,"y":519.4},{"__type__":"cc.Vec2","x":192.4,"y":552.9},{"__type__":"cc.Vec2","x":156.9,"y":600.3},{"__type__":"cc.Vec2","x":139.8,"y":649},{"__type__":"cc.Vec2","x":136.7,"y":684.4},{"__type__":"cc.Vec2","x":141.3,"y":767.4},{"__type__":"cc.Vec2","x":140.3,"y":808.7},{"__type__":"cc.Vec2","x":130.8,"y":830.8},{"__type__":"cc.Vec2","x":103.2,"y":856.1},{"__type__":"cc.Vec2","x":51.1,"y":871.8},{"__type__":"cc.Vec2","x":15.8,"y":891.6},{"__type__":"cc.Vec2","x":-5.5,"y":935.5},{"__type__":"cc.Vec2","x":-10.5,"y":964.2},{"__type__":"cc.Vec2","x":-5.2,"y":1015.9},{"__type__":"cc.Vec2","x":-5.8,"y":1335.5},{"__type__":"cc.Vec2","x":426.24,"y":1337.64},{"__type__":"cc.Vec2","x":611.4,"y":1379},{"__type__":"cc.Vec2","x":-50.5,"y":1379.1}]}],"_prefab":{"__type__":"cc.PrefabInfo","root":{"__id__":1},"asset":{"__uuid__":"f2NuO3K29PWon87mQnciDn"},"fileId":"42NvnADLlI1qT1Dvt8nzNY"},"_contentSize":{"__type__":"cc.Size","width":665,"height":1428},"_trs":{"__type__":"TypedArray","ctor":"Float64Array","array":[48.746,0,0,0,0,0,1,1,1,1]}},{"__type__":"cc.Node","_name":"black_node","_parent":{"__id__":1},"_components":[{"__type__":"6c0e8KZwr5L34azTYX21stu","node":{"__id__":2}}],"_prefab":{"__type__":"cc.PrefabInfo","root":{"__id__":1},"asset":{"__uuid__":"f2NuO3K29PWon87mQnciDn"},"fileId":"929e6D+whCXrsMSwOeIYZ7"},"_trs":{"__type__":"TypedArray","ctor":"Float64Array","array":[0,0,0,0,0,0,1,1,1,1]}},{"__type__":"cc.Node","_name":"gray_node","_parent":{"__id__":1},"_components":[{"__type__":"3400dF2d2tHLK8+En9baGXY","node":{"__id__":3},"grey_prefab":{"__uuid__":"13FEeEL1NMaK5TFGpFQpJr"}}],"_prefab":{"__type__":"cc.PrefabInfo","root":{"__id__":1},"asset":{"__uuid__":"f2NuO3K29PWon87mQnciDn"},"fileId":"01fherfA5BgJ8nvl9GkXxC"},"_trs":{"__type__":"TypedArray","ctor":"Float64Array","array":[0,0,0,0,0,0,1,1,1,1]}},{"__type__":"cc.Node","_name":"bulePos_node","_parent":{"__id__":1},"_children":[{"__type__":"cc.Node","_name":"New Node","_parent":{"__id__":4},"_prefab":{"__type__":"cc.PrefabInfo","root":{"__id__":1},"asset":{"__uuid__":"f2NuO3K29PWon87mQnciDn"},"fileId":"36hRLqGZ5I34lljO4+hYuS"},"_trs":{"__type__":"TypedArray","ctor":"Float64Array","array":[-78.855,291.526,0,0,0,0,1,1,1,1]}}],"_prefab":{"__type__":"cc.PrefabInfo","root":{"__id__":1},"asset":{"__uuid__":"f2NuO3K29PWon87mQnciDn"},"fileId":"9492Pa76pPuLZ/E0MF+8Q3"},"_trs":{"__type__":"TypedArray","ctor":"Float64Array","array":[0,0,0,0,0,0,1,1,1,1]}},{"__type__":"cc.Node","_name":"MoveProp","_parent":{"__id__":1},"_children":[{"__id__":6},{"__id__":7}],"_prefab":{"__type__":"cc.PrefabInfo","root":{"__id__":1},"asset":{"__uuid__":"f2NuO3K29PWon87mQnciDn"},"fileId":"a6dTlf2qdOX4+zrQ+NcxIF"},"_trs":{"__type__":"TypedArray","ctor":"Float64Array","array":[-165.202,68.886,0,0,0,0,1,1,1,1]}},{"__type__":"cc.Node","_name":"Bar","_parent":{"__id__":5},"_components":[{"__type__":"cc.Sprite","node":{"__id__":6},"_materials":[{"__uuid__":"ecpdLyjvZBwrvm+cedCcQy"}],"_spriteFrame":{"__uuid__":"36nyDwRspBQpKV3/57IicC"},"_type":1,"_sizeMode":0},{"__type__":"cc.RigidBody","node":{"__id__":6},"_type":0},{"__type__":"cc.PhysicsPolygonCollider","node":{"__id__":6},"points":[{"__type__":"cc.Vec2","x":-100,"y":-32.3},{"__type__":"cc.Vec2","x":100,"y":-32.7},{"__type__":"cc.Vec2","x":100,"y":32.7},{"__type__":"cc.Vec2","x":-100,"y":32.6}]},{"__type__":"8a64bLvzRlHBakXZIa7SBbN","node":{"__id__":6}}],"_prefab":{"__type__":"cc.PrefabInfo","root":{"__id__":1},"asset":{"__uuid__":"f2NuO3K29PWon87mQnciDn"},"fileId":"513JM3NiRExJ0QsWGxBtt9"},"_contentSize":{"__type__":"cc.Size","width":200,"height":65},"_trs":{"__type__":"TypedArray","ctor":"Float64Array","array":[94.77,0,0,0,0,0,1,1,1,1]}},{"__type__":"cc.Node","_name":"BarBG","_parent":{"__id__":5},"_components":[{"__type__":"cc.Sprite","node":{"__id__":7},"_materials":[{"__uuid__":"ecpdLyjvZBwrvm+cedCcQy"}],"_spriteFrame":{"__uuid__":"d8hqEurO5O3r/JLAsbxS//"},"_type":1,"_sizeMode":0}],"_prefab":{"__type__":"cc.PrefabInfo","root":{"__id__":1},"asset":{"__uuid__":"f2NuO3K29PWon87mQnciDn"},"fileId":"e66WGyi7hPepWWv486eeIU"},"_contentSize":{"__type__":"cc.Size","width":400,"height":66},"_trs":{"__type__":"TypedArray","ctor":"Float64Array","array":[0,0,0,0,0,0,1,1,1,1]}},{"__type__":"cc.Node","_name":"MoveProp","_parent":{"__id__":1},"_children":[{"__id__":9},{"__id__":10}],"_prefab":{"__type__":"cc.PrefabInfo","root":{"__id__":1},"asset":{"__uuid__":"f2NuO3K29PWon87mQnciDn"},"fileId":"51sJl+yk9Mu4I9sF8TSq/e"},"_trs":{"__type__":"TypedArray","ctor":"Float64Array","array":[66.425,-189.852,0,0,0,0.7071067811865475,0.7071067811865476,1,1,1]},"_eulerAngles":{"__type__":"cc.Vec3","z":90}},{"__type__":"cc.Node","_name":"Bar","_parent":{"__id__":8},"_components":[{"__type__":"cc.Sprite","node":{"__id__":9},"_materials":[{"__uuid__":"ecpdLyjvZBwrvm+cedCcQy"}],"_spriteFrame":{"__uuid__":"36nyDwRspBQpKV3/57IicC"},"_type":1,"_sizeMode":0},{"__type__":"cc.RigidBody","node":{"__id__":9},"_type":0},{"__type__":"cc.PhysicsPolygonCollider","node":{"__id__":9},"points":[{"__type__":"cc.Vec2","x":-99.6,"y":-33.4},{"__type__":"cc.Vec2","x":100,"y":-32.7},{"__type__":"cc.Vec2","x":100.1,"y":32.7},{"__type__":"cc.Vec2","x":-98.9,"y":32.6}]},{"__type__":"8a64bLvzRlHBakXZIa7SBbN","node":{"__id__":9}}],"_prefab":{"__type__":"cc.PrefabInfo","root":{"__id__":1},"asset":{"__uuid__":"f2NuO3K29PWon87mQnciDn"},"fileId":"0eimS1zVpM5pXMzJbIaH/n"},"_contentSize":{"__type__":"cc.Size","width":200,"height":65},"_trs":{"__type__":"TypedArray","ctor":"Float64Array","array":[94.77,0,0,0,0,0,1,1,1,1]}},{"__type__":"cc.Node","_name":"BarBG","_parent":{"__id__":8},"_components":[{"__type__":"cc.Sprite","node":{"__id__":10},"_materials":[{"__uuid__":"ecpdLyjvZBwrvm+cedCcQy"}],"_spriteFrame":{"__uuid__":"d8hqEurO5O3r/JLAsbxS//"},"_type":1,"_sizeMode":0}],"_prefab":{"__type__":"cc.PrefabInfo","root":{"__id__":1},"asset":{"__uuid__":"f2NuO3K29PWon87mQnciDn"},"fileId":"53NdqL9F5OkpkdUpaQPUJe"},"_contentSize":{"__type__":"cc.Size","width":400,"height":66},"_trs":{"__type__":"TypedArray","ctor":"Float64Array","array":[0,0,0,0,0,0,1,1,1,1]}}]]