[{"__type__":"cc.SpriteFrame","content":{"name":"guanqia58","texture":"a5Qw0iERRFqLFQg1fyaHEK","rect":[1,1,890,1471],"offset":[0,0],"originalSize":[892,1473],"capInsets":[0,0,0,0]}},[{"__type__":"cc.Prefab","_name":"UIDerived57","data":{"__id__":1}},{"__type__":"cc.Node","_name":"UIDerived66","_children":[{"__type__":"cc.Node","_name":"bule_node","_parent":{"__id__":1},"_prefab":{"__type__":"cc.PrefabInfo","root":{"__id__":1},"asset":{"__uuid__":"b1E/UWT0xHrJawCpZtxzNs"},"fileId":"0dv2G8lbZAS77XJG8Ccd2g"},"_trs":{"__type__":"TypedArray","ctor":"Float64Array","array":[0,0,0,0,0,0,1,1,1,1]}},{"__type__":"cc.Node","_name":"greenwater_node","_parent":{"__id__":1},"_prefab":{"__type__":"cc.PrefabInfo","root":{"__id__":1},"asset":{"__uuid__":"b1E/UWT0xHrJawCpZtxzNs"},"fileId":"2dPXQ1nfpAZ6wD/j/tdVvF"},"_trs":{"__type__":"TypedArray","ctor":"Float64Array","array":[0,0,0,0,0,0,1,1,1,1]}},{"__type__":"cc.Node","_name":"redwater_node","_parent":{"__id__":1},"_prefab":{"__type__":"cc.PrefabInfo","root":{"__id__":1},"asset":{"__uuid__":"b1E/UWT0xHrJawCpZtxzNs"},"fileId":"77gsYQwL9Ow5WSb9x0qXd8"},"_trs":{"__type__":"TypedArray","ctor":"Float64Array","array":[0,0,0,0,0,0,1,1,1,1]}},{"__id__":2},{"__id__":3},{"__id__":4},{"__id__":5},{"__type__":"cc.Node","_name":"greenPos_node","_parent":{"__id__":1},"_prefab":{"__type__":"cc.PrefabInfo","root":{"__id__":1},"asset":{"__uuid__":"b1E/UWT0xHrJawCpZtxzNs"},"fileId":"2d0pP034xKlpqxnAsz8mTT"},"_trs":{"__type__":"TypedArray","ctor":"Float64Array","array":[0,0,0,0,0,0,1,1,1,1]}},{"__type__":"cc.Node","_name":"player","_parent":{"__id__":1},"_prefab":{"__type__":"cc.PrefabInfo","root":{"__id__":1},"asset":{"__uuid__":"b1E/UWT0xHrJawCpZtxzNs"},"fileId":"f6r5v6zB1CJa6TMPlu0hxw"},"_contentSize":{"__type__":"cc.Size","width":240,"height":140},"_trs":{"__type__":"TypedArray","ctor":"Float64Array","array":[-17.763,-635.667,0,0,0,0,1,-0.7,0.7,1]}},{"__type__":"cc.Node","_name":"enemy","_parent":{"__id__":1},"_prefab":{"__type__":"cc.PrefabInfo","root":{"__id__":1},"asset":{"__uuid__":"b1E/UWT0xHrJawCpZtxzNs"},"fileId":"9fkaJSKhdJCLr6X4kvllro"},"_trs":{"__type__":"TypedArray","ctor":"Float64Array","array":[278.103,-591.81,0,0,0,0,1,1,1,1]}},{"__id__":6},{"__id__":9},{"__id__":12}],"_components":[{"__type__":"cc.Sprite","node":{"__id__":1},"_materials":[{"__uuid__":"ecpdLyjvZBwrvm+cedCcQy"}],"_spriteFrame":{"__uuid__":"a9pSyyxCtB2ZHvoltfK57f"}},{"__type__":"cc.RigidBody","node":{"__id__":1},"_type":0},{"__type__":"cc.PhysicsPolygonCollider","node":{"__id__":1},"_offset":{"__type__":"cc.Vec2","x":-392,"y":700},"points":[{"__type__":"cc.Vec2","x":-46,"y":-1441},{"__type__":"cc.Vec2","x":863,"y":-1445},{"__type__":"cc.Vec2","x":876,"y":63},{"__type__":"cc.Vec2","x":787,"y":-4},{"__type__":"cc.Vec2","x":792,"y":-234},{"__type__":"cc.Vec2","x":159,"y":-306},{"__type__":"cc.Vec2","x":91,"y":-464},{"__type__":"cc.Vec2","x":797,"y":-469},{"__type__":"cc.Vec2","x":792,"y":-1392},{"__type__":"cc.Vec2","x":571,"y":-1392},{"__type__":"cc.Vec2","x":568,"y":-792},{"__type__":"cc.Vec2","x":693,"y":-789},{"__type__":"cc.Vec2","x":690,"y":-561},{"__type__":"cc.Vec2","x":95,"y":-572},{"__type__":"cc.Vec2","x":90,"y":-651},{"__type__":"cc.Vec2","x":470,"y":-665},{"__type__":"cc.Vec2","x":466,"y":-1390},{"__type__":"cc.Vec2","x":251,"y":-1390},{"__type__":"cc.Vec2","x":247,"y":-1235},{"__type__":"cc.Vec2","x":368,"y":-1234},{"__type__":"cc.Vec2","x":376,"y":-1145},{"__type__":"cc.Vec2","x":-7,"y":-1136},{"__type__":"cc.Vec2","x":-6,"y":-462},{"__type__":"cc.Vec2","x":57,"y":-309},{"__type__":"cc.Vec2","x":59,"y":-12},{"__type__":"cc.Vec2","x":783,"y":-4},{"__type__":"cc.Vec2","x":877,"y":65},{"__type__":"cc.Vec2","x":-50,"y":50}]},{"__type__":"cc.PhysicsPolygonCollider","node":{"__id__":1},"_offset":{"__type__":"cc.Vec2","x":-259,"y":-102},"points":[{"__type__":"cc.Vec2","x":-42,"y":-50},{"__type__":"cc.Vec2","x":244,"y":-52},{"__type__":"cc.Vec2","x":243,"y":50},{"__type__":"cc.Vec2","x":-43,"y":48}]},{"__type__":"cc.PhysicsPolygonCollider","node":{"__id__":1},"_offset":{"__type__":"cc.Vec2","x":-261,"y":-295.7},"points":[{"__type__":"cc.Vec2","x":-42,"y":-50},{"__type__":"cc.Vec2","x":244,"y":-52},{"__type__":"cc.Vec2","x":243,"y":50},{"__type__":"cc.Vec2","x":-43,"y":48}]},{"__type__":"1100eDGpRlLMYp5CrYQGpcQ","node":{"__id__":1},"player_happy":true}],"_prefab":{"__type__":"cc.PrefabInfo","root":{"__id__":1},"asset":{"__uuid__":"b1E/UWT0xHrJawCpZtxzNs"},"fileId":"6171oZBKhAiLJ8pLNlbvMz"},"_contentSize":{"__type__":"cc.Size","width":890,"height":1471},"_trs":{"__type__":"TypedArray","ctor":"Float64Array","array":[0,0,0,0,0,0,1,1,1,1]}},{"__type__":"cc.Node","_name":"black_node","_parent":{"__id__":1},"_components":[{"__type__":"6c0e8KZwr5L34azTYX21stu","node":{"__id__":2}}],"_prefab":{"__type__":"cc.PrefabInfo","root":{"__id__":1},"asset":{"__uuid__":"b1E/UWT0xHrJawCpZtxzNs"},"fileId":"36gYYTBzZPJJHXc+t6wk1V"},"_trs":{"__type__":"TypedArray","ctor":"Float64Array","array":[0,0,0,0,0,0,1,1,1,1]}},{"__type__":"cc.Node","_name":"gray_node","_parent":{"__id__":1},"_components":[{"__type__":"3400dF2d2tHLK8+En9baGXY","node":{"__id__":3},"grey_prefab":{"__uuid__":"13FEeEL1NMaK5TFGpFQpJr"}}],"_prefab":{"__type__":"cc.PrefabInfo","root":{"__id__":1},"asset":{"__uuid__":"b1E/UWT0xHrJawCpZtxzNs"},"fileId":"31ot2dKw5JgbhxLxOox/ra"},"_trs":{"__type__":"TypedArray","ctor":"Float64Array","array":[0,0,0,0,0,0,1,1,1,1]}},{"__type__":"cc.Node","_name":"bulePos_node","_parent":{"__id__":1},"_children":[{"__type__":"cc.Node","_name":"New Node","_parent":{"__id__":4},"_prefab":{"__type__":"cc.PrefabInfo","root":{"__id__":1},"asset":{"__uuid__":"b1E/UWT0xHrJawCpZtxzNs"},"fileId":"43q5a7nj5OCoRWo3Ss+Iin"},"_trs":{"__type__":"TypedArray","ctor":"Float64Array","array":[9.765,-524.031,0,0,0,0,1,1,1,1]}},{"__type__":"cc.Node","_name":"New Node","_parent":{"__id__":4},"_prefab":{"__type__":"cc.PrefabInfo","root":{"__id__":1},"asset":{"__uuid__":"b1E/UWT0xHrJawCpZtxzNs"},"fileId":"f81rJnCdFEP69flH5m1hAD"},"_trs":{"__type__":"TypedArray","ctor":"Float64Array","array":[300,-535.887,0,0,0,0,1,1,1,1]}}],"_prefab":{"__type__":"cc.PrefabInfo","root":{"__id__":1},"asset":{"__uuid__":"b1E/UWT0xHrJawCpZtxzNs"},"fileId":"6dLXCIk+NGyIM+CZNbDptG"},"_trs":{"__type__":"TypedArray","ctor":"Float64Array","array":[0,0,0,0,0,0,1,1,1,1]}},{"__type__":"cc.Node","_name":"redPos_node","_parent":{"__id__":1},"_children":[{"__type__":"cc.Node","_name":"New Node","_parent":{"__id__":5},"_prefab":{"__type__":"cc.PrefabInfo","root":{"__id__":1},"asset":{"__uuid__":"b1E/UWT0xHrJawCpZtxzNs"},"fileId":"ff8uaqgbRCL6EGIkDZSwKY"},"_trs":{"__type__":"TypedArray","ctor":"Float64Array","array":[-217.772,604.17,0,0,0,0,1,1,1,1]}}],"_prefab":{"__type__":"cc.PrefabInfo","root":{"__id__":1},"asset":{"__uuid__":"b1E/UWT0xHrJawCpZtxzNs"},"fileId":"37PbeTczdNHLUE2xAx2MP2"},"_trs":{"__type__":"TypedArray","ctor":"Float64Array","array":[0,0,0,0,0,0,1,1,1,1]}},{"__type__":"cc.Node","_name":"MoveProp","_parent":{"__id__":1},"_children":[{"__id__":7},{"__id__":8}],"_prefab":{"__type__":"cc.PrefabInfo","root":{"__id__":1},"asset":{"__uuid__":"b1E/UWT0xHrJawCpZtxzNs"},"fileId":"276D5Qog5Au6m/UYE2BUhw"},"_trs":{"__type__":"TypedArray","ctor":"Float64Array","array":[-291.106,335.892,0,0,0,0,1,1,1,1]}},{"__type__":"cc.Node","_name":"Bar","_parent":{"__id__":6},"_components":[{"__type__":"cc.Sprite","node":{"__id__":7},"_materials":[{"__uuid__":"ecpdLyjvZBwrvm+cedCcQy"}],"_spriteFrame":{"__uuid__":"36nyDwRspBQpKV3/57IicC"},"_type":1},{"__type__":"cc.RigidBody","node":{"__id__":7},"_type":0},{"__type__":"cc.PhysicsPolygonCollider","node":{"__id__":7},"points":[{"__type__":"cc.Vec2","x":-114.4,"y":-31.1},{"__type__":"cc.Vec2","x":116,"y":-31.3},{"__type__":"cc.Vec2","x":115.1,"y":31.8},{"__type__":"cc.Vec2","x":-114.2,"y":31.3}]},{"__type__":"8a64bLvzRlHBakXZIa7SBbN","node":{"__id__":7}}],"_prefab":{"__type__":"cc.PrefabInfo","root":{"__id__":1},"asset":{"__uuid__":"b1E/UWT0xHrJawCpZtxzNs"},"fileId":"50sxQO4KxFMKAtRIAo3aow"},"_contentSize":{"__type__":"cc.Size","width":230,"height":65},"_trs":{"__type__":"TypedArray","ctor":"Float64Array","array":[0,0,0,0,0,0,1,1,1,1]}},{"__type__":"cc.Node","_name":"BarBG","_parent":{"__id__":6},"_components":[{"__type__":"cc.Sprite","node":{"__id__":8},"_materials":[{"__uuid__":"ecpdLyjvZBwrvm+cedCcQy"}],"_spriteFrame":{"__uuid__":"d8hqEurO5O3r/JLAsbxS//"},"_type":1}],"_prefab":{"__type__":"cc.PrefabInfo","root":{"__id__":1},"asset":{"__uuid__":"b1E/UWT0xHrJawCpZtxzNs"},"fileId":"a9vTMnWIxNZYbDBYtnIJ5c"},"_contentSize":{"__type__":"cc.Size","width":427,"height":66},"_trs":{"__type__":"TypedArray","ctor":"Float64Array","array":[80,0,0,0,0,0,1,1,1,1]}},{"__type__":"cc.Node","_name":"MoveProp","_parent":{"__id__":1},"_children":[{"__id__":10},{"__id__":11}],"_prefab":{"__type__":"cc.PrefabInfo","root":{"__id__":1},"asset":{"__uuid__":"b1E/UWT0xHrJawCpZtxzNs"},"fileId":"08rms1kkpM66iPpo0rXHKk"},"_trs":{"__type__":"TypedArray","ctor":"Float64Array","array":[-322.829,87.705,0,0,0,0,1,1,1,1]}},{"__type__":"cc.Node","_name":"Bar","_parent":{"__id__":9},"_components":[{"__type__":"cc.Sprite","node":{"__id__":10},"_materials":[{"__uuid__":"ecpdLyjvZBwrvm+cedCcQy"}],"_spriteFrame":{"__uuid__":"36nyDwRspBQpKV3/57IicC"},"_type":1},{"__type__":"cc.RigidBody","node":{"__id__":10},"_type":0},{"__type__":"cc.PhysicsPolygonCollider","node":{"__id__":10},"points":[{"__type__":"cc.Vec2","x":-114.4,"y":-31.1},{"__type__":"cc.Vec2","x":116,"y":-31.3},{"__type__":"cc.Vec2","x":115.1,"y":31.8},{"__type__":"cc.Vec2","x":-114.2,"y":31.3}]},{"__type__":"8a64bLvzRlHBakXZIa7SBbN","node":{"__id__":10}}],"_prefab":{"__type__":"cc.PrefabInfo","root":{"__id__":1},"asset":{"__uuid__":"b1E/UWT0xHrJawCpZtxzNs"},"fileId":"a7aG65Mi9P/qeZrrm8VDjV"},"_contentSize":{"__type__":"cc.Size","width":230,"height":65},"_trs":{"__type__":"TypedArray","ctor":"Float64Array","array":[0,0,0,0,0,0,1,1,1,1]}},{"__type__":"cc.Node","_name":"BarBG","_parent":{"__id__":9},"_components":[{"__type__":"cc.Sprite","node":{"__id__":11},"_materials":[{"__uuid__":"ecpdLyjvZBwrvm+cedCcQy"}],"_spriteFrame":{"__uuid__":"d8hqEurO5O3r/JLAsbxS//"},"_type":1}],"_prefab":{"__type__":"cc.PrefabInfo","root":{"__id__":1},"asset":{"__uuid__":"b1E/UWT0xHrJawCpZtxzNs"},"fileId":"4dBnKOsrdDH7ZVj/M4ldYD"},"_contentSize":{"__type__":"cc.Size","width":427,"height":66},"_trs":{"__type__":"TypedArray","ctor":"Float64Array","array":[80,0,0,0,0,0,1,1,1,1]}},{"__type__":"cc.Node","_name":"MoveProp","_parent":{"__id__":1},"_children":[{"__id__":13},{"__id__":14}],"_prefab":{"__type__":"cc.PrefabInfo","root":{"__id__":1},"asset":{"__uuid__":"b1E/UWT0xHrJawCpZtxzNs"},"fileId":"67Ug+288tIG70cZML9/GcI"},"_trs":{"__type__":"TypedArray","ctor":"Float64Array","array":[-181.008,-356.419,0,0,0,0.7071067811865475,0.7071067811865476,1,1,1]},"_eulerAngles":{"__type__":"cc.Vec3","z":90}},{"__type__":"cc.Node","_name":"Bar","_parent":{"__id__":12},"_components":[{"__type__":"cc.Sprite","node":{"__id__":13},"_materials":[{"__uuid__":"ecpdLyjvZBwrvm+cedCcQy"}],"_spriteFrame":{"__uuid__":"36nyDwRspBQpKV3/57IicC"},"_type":1},{"__type__":"cc.RigidBody","node":{"__id__":13},"_type":0},{"__type__":"cc.PhysicsPolygonCollider","node":{"__id__":13},"points":[{"__type__":"cc.Vec2","x":-114.4,"y":-31.1},{"__type__":"cc.Vec2","x":116,"y":-31.3},{"__type__":"cc.Vec2","x":115.1,"y":31.8},{"__type__":"cc.Vec2","x":-114.2,"y":31.3}]},{"__type__":"8a64bLvzRlHBakXZIa7SBbN","node":{"__id__":13}}],"_prefab":{"__type__":"cc.PrefabInfo","root":{"__id__":1},"asset":{"__uuid__":"b1E/UWT0xHrJawCpZtxzNs"},"fileId":"9a9jAO+JhKAIjqOsKhnX0w"},"_contentSize":{"__type__":"cc.Size","width":230,"height":65},"_trs":{"__type__":"TypedArray","ctor":"Float64Array","array":[0,0,0,0,0,0,1,1,1,1]}},{"__type__":"cc.Node","_name":"BarBG","_parent":{"__id__":12},"_components":[{"__type__":"cc.Sprite","node":{"__id__":14},"_materials":[{"__uuid__":"ecpdLyjvZBwrvm+cedCcQy"}],"_spriteFrame":{"__uuid__":"d8hqEurO5O3r/JLAsbxS//"},"_type":1}],"_prefab":{"__type__":"cc.PrefabInfo","root":{"__id__":1},"asset":{"__uuid__":"b1E/UWT0xHrJawCpZtxzNs"},"fileId":"e0adLc8x9MjJSD+7qHccoL"},"_contentSize":{"__type__":"cc.Size","width":427,"height":66},"_trs":{"__type__":"TypedArray","ctor":"Float64Array","array":[80,0,0,0,0,0,1,1,1,1]}}]]