[{"__type__":"cc.SpriteFrame","content":{"name":"short_gold-en","texture":"c5Np48uaFPyZPboxuTofnd","rect":[0,0,467,52],"offset":[0,0],"originalSize":[467,52],"capInsets":[0,0,0,0]}},{"__type__":"cc.SpriteFrame","content":{"name":"jingbibuzu_coin","texture":"65/BF0rTNMH7vLa9Nfxy+2","rect":[0,0,239,205],"offset":[0,0],"originalSize":[239,205],"capInsets":[0,0,0,0]}},[{"__type__":"cc.Prefab","_name":"ShortGoldPanel","data":{"__id__":1}},{"__type__":"cc.Node","_name":"ShortGoldPanel","_children":[{"__id__":2}],"_prefab":{"__type__":"cc.PrefabInfo","root":{"__id__":1},"asset":{"__uuid__":"ee/+3ysBpNq7v2eo3crWNP"},"fileId":"cd2/PSMwZFMJ+WLlM4SS7d"},"_trs":{"__type__":"TypedArray","ctor":"Float64Array","array":[0,0,0,0,0,0,1,1,1,1]}},{"__type__":"cc.Node","_name":"Mask","_parent":{"__id__":1},"_children":[{"__id__":3},{"__id__":4},{"__id__":5},{"__id__":6},{"__id__":7}],"_components":[{"__type__":"cc.Sprite","node":{"__id__":2},"_materials":[{"__uuid__":"ecpdLyjvZBwrvm+cedCcQy"}],"_spriteFrame":{"__uuid__":"aeAfQaQqVNN7XMVuNpr0Xk"}}],"_prefab":{"__type__":"cc.PrefabInfo","root":{"__id__":1},"asset":{"__uuid__":"ee/+3ysBpNq7v2eo3crWNP"},"fileId":"ab5UB+0H1KoIezW1MrWbbN"},"_contentSize":{"__type__":"cc.Size","width":727,"height":857},"_trs":{"__type__":"TypedArray","ctor":"Float64Array","array":[0,0,0,0,0,0,1,1,1,1]}},{"__type__":"cc.Node","_name":"1","_parent":{"__id__":2},"_components":[{"__type__":"cc.Sprite","node":{"__id__":3},"_materials":[{"__uuid__":"ecpdLyjvZBwrvm+cedCcQy"}],"_spriteFrame":{"__uuid__":"19qreW0c9A6r9zb83Bc13T"}}],"_prefab":{"__type__":"cc.PrefabInfo","root":{"__id__":1},"asset":{"__uuid__":"ee/+3ysBpNq7v2eo3crWNP"},"fileId":"62IDtTWqxCd4aZ9AYU7g1w"},"_contentSize":{"__type__":"cc.Size","width":467,"height":52},"_trs":{"__type__":"TypedArray","ctor":"Float64Array","array":[0,182,0,0,0,0,1,1,1,1]}},{"__type__":"cc.Node","_name":"2","_parent":{"__id__":2},"_components":[{"__type__":"cc.Sprite","node":{"__id__":4},"_materials":[{"__uuid__":"ecpdLyjvZBwrvm+cedCcQy"}],"_spriteFrame":{"__uuid__":"37sLoQqd1B+bb/AgXbSUTx"}}],"_prefab":{"__type__":"cc.PrefabInfo","root":{"__id__":1},"asset":{"__uuid__":"ee/+3ysBpNq7v2eo3crWNP"},"fileId":"b3c1yrUfpMwoNWCpzkD1w/"},"_contentSize":{"__type__":"cc.Size","width":239,"height":205},"_trs":{"__type__":"TypedArray","ctor":"Float64Array","array":[0,-28.66,0,0,0,0,1,1,1,1]}},{"__type__":"cc.Node","_name":"New Label","_parent":{"__id__":2},"_components":[{"__type__":"cc.Label","node":{"__id__":5},"_materials":[{"__uuid__":"ecpdLyjvZBwrvm+cedCcQy"}],"_useOriginalSize":false,"_string":"200","_N$string":"200","_fontSize":58,"_styleFlags":1,"_N$horizontalAlign":1,"_N$verticalAlign":1}],"_prefab":{"__type__":"cc.PrefabInfo","root":{"__id__":1},"asset":{"__uuid__":"ee/+3ysBpNq7v2eo3crWNP"},"fileId":"d3Bojq2cFPDYZVrObJGBB6"},"_contentSize":{"__type__":"cc.Size","width":96.77,"height":50.4},"_trs":{"__type__":"TypedArray","ctor":"Float64Array","array":[0,-174.602,0,0,0,0,1,1,1,1]}},{"__type__":"cc.Node","_name":"close","_parent":{"__id__":2},"_components":[{"__type__":"cc.Sprite","node":{"__id__":6},"_materials":[{"__uuid__":"ecpdLyjvZBwrvm+cedCcQy"}],"_spriteFrame":{"__uuid__":"cdnMcnzoBE9KKZbA3d7a+G"}},{"__type__":"cc.Button","node":{"__id__":6},"_N$transition":3,"transition":3}],"_prefab":{"__type__":"cc.PrefabInfo","root":{"__id__":1},"asset":{"__uuid__":"ee/+3ysBpNq7v2eo3crWNP"},"fileId":"20/Qd6CC1HyojSFqO+rBog"},"_contentSize":{"__type__":"cc.Size","width":122,"height":108},"_trs":{"__type__":"TypedArray","ctor":"Float64Array","array":[350.821,391.874,0,0,0,0,1,1,1,0]}},{"__type__":"cc.Node","_name":"shortgold","_parent":{"__id__":2},"_components":[{"__type__":"cc.Sprite","node":{"__id__":7},"_materials":[{"__uuid__":"ecpdLyjvZBwrvm+cedCcQy"}],"_spriteFrame":{"__uuid__":"a6JfOnsGtPZogJn8jP5Gqz"}},{"__type__":"cc.Button","node":{"__id__":7},"_N$transition":3,"transition":3}],"_prefab":{"__type__":"cc.PrefabInfo","root":{"__id__":1},"asset":{"__uuid__":"ee/+3ysBpNq7v2eo3crWNP"},"fileId":"a5HdqigOFKA7ZbyUJTHwVs"},"_contentSize":{"__type__":"cc.Size","width":443,"height":157},"_trs":{"__type__":"TypedArray","ctor":"Float64Array","array":[0,-300,0,0,0,0,1,1,1,0]}}]]