[{"__type__":"cc.SpriteFrame","content":{"name":"guanqia48","texture":"e4vkFJG6BAcJNfzb7d+DQf","rect":[2,1,759,1314],"offset":[0.5,0.5],"originalSize":[762,1317],"capInsets":[0,0,0,0]}},[{"__type__":"cc.Prefab","_name":"UIDerived51","data":{"__id__":1}},{"__type__":"cc.Node","_name":"UIDerived59","_children":[{"__type__":"cc.Node","_name":"bule_node","_parent":{"__id__":1},"_prefab":{"__type__":"cc.PrefabInfo","root":{"__id__":1},"asset":{"__uuid__":"a1zws6+XlBb6Hcchos4tek"},"fileId":"31knRqiSBAVZZfZ5zu9chb"},"_trs":{"__type__":"TypedArray","ctor":"Float64Array","array":[0,0,0,0,0,0,1,1,1,1]}},{"__type__":"cc.Node","_name":"greenwater_node","_parent":{"__id__":1},"_prefab":{"__type__":"cc.PrefabInfo","root":{"__id__":1},"asset":{"__uuid__":"a1zws6+XlBb6Hcchos4tek"},"fileId":"30qhfpHs9Cg6aGTBAOYkOi"},"_trs":{"__type__":"TypedArray","ctor":"Float64Array","array":[0,0,0,0,0,0,1,1,1,1]}},{"__type__":"cc.Node","_name":"redwater_node","_parent":{"__id__":1},"_prefab":{"__type__":"cc.PrefabInfo","root":{"__id__":1},"asset":{"__uuid__":"a1zws6+XlBb6Hcchos4tek"},"fileId":"14vJAV+epBA5RLM52Ni8/5"},"_trs":{"__type__":"TypedArray","ctor":"Float64Array","array":[0,0,0,0,0,0,1,1,1,1]}},{"__id__":2},{"__id__":3},{"__id__":4},{"__id__":5},{"__type__":"cc.Node","_name":"greenPos_node","_parent":{"__id__":1},"_prefab":{"__type__":"cc.PrefabInfo","root":{"__id__":1},"asset":{"__uuid__":"a1zws6+XlBb6Hcchos4tek"},"fileId":"59vPVDIm9GaL0T4whRfGAW"},"_trs":{"__type__":"TypedArray","ctor":"Float64Array","array":[0,0,0,0,0,0,1,1,1,1]}},{"__type__":"cc.Node","_name":"player","_parent":{"__id__":1},"_prefab":{"__type__":"cc.PrefabInfo","root":{"__id__":1},"asset":{"__uuid__":"a1zws6+XlBb6Hcchos4tek"},"fileId":"37fl2rwPdDNYy4ylrzefXC"},"_contentSize":{"__type__":"cc.Size","width":240,"height":140},"_trs":{"__type__":"TypedArray","ctor":"Float64Array","array":[-197.763,-503.667,0,0,0,0,1,-0.7,0.7,1]}},{"__type__":"cc.Node","_name":"enemy","_parent":{"__id__":1},"_prefab":{"__type__":"cc.PrefabInfo","root":{"__id__":1},"asset":{"__uuid__":"a1zws6+XlBb6Hcchos4tek"},"fileId":"c1CUV/3fNHR5w18rcQbh/d"},"_trs":{"__type__":"TypedArray","ctor":"Float64Array","array":[175.103,-467.81,0,0,0,0,1,1,1,1]}},{"__id__":6},{"__id__":9}],"_components":[{"__type__":"cc.Sprite","node":{"__id__":1},"_materials":[{"__uuid__":"ecpdLyjvZBwrvm+cedCcQy"}],"_spriteFrame":{"__uuid__":"332ryv/NZHqJhas6BIR8tE"}},{"__type__":"cc.RigidBody","node":{"__id__":1},"_type":0},{"__type__":"cc.PhysicsPolygonCollider","node":{"__id__":1},"_offset":{"__type__":"cc.Vec2","x":-323,"y":610},"points":[{"__type__":"cc.Vec2","x":-56,"y":-1278},{"__type__":"cc.Vec2","x":703,"y":-1275},{"__type__":"cc.Vec2","x":703,"y":44},{"__type__":"cc.Vec2","x":-50,"y":52},{"__type__":"cc.Vec2","x":262,"y":-2},{"__type__":"cc.Vec2","x":366,"y":5},{"__type__":"cc.Vec2","x":444,"y":-32},{"__type__":"cc.Vec2","x":510,"y":-106},{"__type__":"cc.Vec2","x":519,"y":-209},{"__type__":"cc.Vec2","x":470,"y":-295},{"__type__":"cc.Vec2","x":377,"y":-349},{"__type__":"cc.Vec2","x":383,"y":-564},{"__type__":"cc.Vec2","x":583,"y":-572},{"__type__":"cc.Vec2","x":581,"y":-846},{"__type__":"cc.Vec2","x":646,"y":-1023},{"__type__":"cc.Vec2","x":661,"y":-1114},{"__type__":"cc.Vec2","x":629,"y":-1197},{"__type__":"cc.Vec2","x":567,"y":-1229},{"__type__":"cc.Vec2","x":457,"y":-1209},{"__type__":"cc.Vec2","x":406,"y":-1153},{"__type__":"cc.Vec2","x":395,"y":-1044},{"__type__":"cc.Vec2","x":409,"y":-760},{"__type__":"cc.Vec2","x":387,"y":-701},{"__type__":"cc.Vec2","x":315,"y":-673},{"__type__":"cc.Vec2","x":251,"y":-695},{"__type__":"cc.Vec2","x":214,"y":-774},{"__type__":"cc.Vec2","x":235,"y":-911},{"__type__":"cc.Vec2","x":253,"y":-1141},{"__type__":"cc.Vec2","x":211,"y":-1204},{"__type__":"cc.Vec2","x":87,"y":-1223},{"__type__":"cc.Vec2","x":-4,"y":-1164},{"__type__":"cc.Vec2","x":-3,"y":-1064},{"__type__":"cc.Vec2","x":59,"y":-864},{"__type__":"cc.Vec2","x":65,"y":-569},{"__type__":"cc.Vec2","x":235,"y":-564},{"__type__":"cc.Vec2","x":257,"y":-541},{"__type__":"cc.Vec2","x":258.5,"y":-363.2},{"__type__":"cc.Vec2","x":247,"y":-340},{"__type__":"cc.Vec2","x":160,"y":-288},{"__type__":"cc.Vec2","x":129,"y":-225},{"__type__":"cc.Vec2","x":121,"y":-156},{"__type__":"cc.Vec2","x":147.6,"y":-83.5},{"__type__":"cc.Vec2","x":185.4,"y":-39.3},{"__type__":"cc.Vec2","x":262,"y":-2},{"__type__":"cc.Vec2","x":-50,"y":50}]},{"__type__":"1100eDGpRlLMYp5CrYQGpcQ","node":{"__id__":1},"player_happy":true}],"_prefab":{"__type__":"cc.PrefabInfo","root":{"__id__":1},"asset":{"__uuid__":"a1zws6+XlBb6Hcchos4tek"},"fileId":"02Uep0PvFEaLkHJcPAcDoa"},"_contentSize":{"__type__":"cc.Size","width":759,"height":1314},"_trs":{"__type__":"TypedArray","ctor":"Float64Array","array":[0,0,0,0,0,0,1,1,1,1]}},{"__type__":"cc.Node","_name":"black_node","_parent":{"__id__":1},"_components":[{"__type__":"6c0e8KZwr5L34azTYX21stu","node":{"__id__":2}}],"_prefab":{"__type__":"cc.PrefabInfo","root":{"__id__":1},"asset":{"__uuid__":"a1zws6+XlBb6Hcchos4tek"},"fileId":"f4HX9Z0KlAJpjCA3Kh2eaF"},"_trs":{"__type__":"TypedArray","ctor":"Float64Array","array":[0,0,0,0,0,0,1,1,1,1]}},{"__type__":"cc.Node","_name":"gray_node","_parent":{"__id__":1},"_components":[{"__type__":"3400dF2d2tHLK8+En9baGXY","node":{"__id__":3},"grey_prefab":{"__uuid__":"13FEeEL1NMaK5TFGpFQpJr"}}],"_prefab":{"__type__":"cc.PrefabInfo","root":{"__id__":1},"asset":{"__uuid__":"a1zws6+XlBb6Hcchos4tek"},"fileId":"e7PyAJO6JO9LLtUZGMwIdy"},"_trs":{"__type__":"TypedArray","ctor":"Float64Array","array":[0,0,0,0,0,0,1,1,1,1]}},{"__type__":"cc.Node","_name":"bulePos_node","_parent":{"__id__":1},"_children":[{"__type__":"cc.Node","_name":"New Node","_parent":{"__id__":4},"_prefab":{"__type__":"cc.PrefabInfo","root":{"__id__":1},"asset":{"__uuid__":"a1zws6+XlBb6Hcchos4tek"},"fileId":"89SfAOwPdKTKuGieYVXYq9"},"_trs":{"__type__":"TypedArray","ctor":"Float64Array","array":[-207.818,-338.031,0,0,0,0,1,1,1,1]}},{"__type__":"cc.Node","_name":"New Node","_parent":{"__id__":4},"_prefab":{"__type__":"cc.PrefabInfo","root":{"__id__":1},"asset":{"__uuid__":"a1zws6+XlBb6Hcchos4tek"},"fileId":"86zUyhkVVCirMwc8OpM8GX"},"_trs":{"__type__":"TypedArray","ctor":"Float64Array","array":[163,-350.887,0,0,0,0,1,1,1,1]}}],"_prefab":{"__type__":"cc.PrefabInfo","root":{"__id__":1},"asset":{"__uuid__":"a1zws6+XlBb6Hcchos4tek"},"fileId":"36GymNU65HnamCNX5I8maI"},"_trs":{"__type__":"TypedArray","ctor":"Float64Array","array":[0,0,0,0,0,0,1,1,1,1]}},{"__type__":"cc.Node","_name":"redPos_node","_parent":{"__id__":1},"_children":[{"__type__":"cc.Node","_name":"New Node","_parent":{"__id__":5},"_prefab":{"__type__":"cc.PrefabInfo","root":{"__id__":1},"asset":{"__uuid__":"a1zws6+XlBb6Hcchos4tek"},"fileId":"25qW+5cElIrKcT/aPVeZFo"},"_trs":{"__type__":"TypedArray","ctor":"Float64Array","array":[-26.538,521.899,0,0,0,0,1,1,1,1]}}],"_prefab":{"__type__":"cc.PrefabInfo","root":{"__id__":1},"asset":{"__uuid__":"a1zws6+XlBb6Hcchos4tek"},"fileId":"29Wsoq51hBPqtL3ZQc5vBe"},"_trs":{"__type__":"TypedArray","ctor":"Float64Array","array":[0,0,0,0,0,0,1,1,1,1]}},{"__type__":"cc.Node","_name":"MoveProp","_parent":{"__id__":1},"_children":[{"__id__":7},{"__id__":8}],"_prefab":{"__type__":"cc.PrefabInfo","root":{"__id__":1},"asset":{"__uuid__":"a1zws6+XlBb6Hcchos4tek"},"fileId":"20XymOuSxMUKYI8+v1Wkp9"},"_trs":{"__type__":"TypedArray","ctor":"Float64Array","array":[177,-253,0,0,0,0,1,1,1,1]}},{"__type__":"cc.Node","_name":"Bar","_parent":{"__id__":6},"_components":[{"__type__":"cc.Sprite","node":{"__id__":7},"_materials":[{"__uuid__":"ecpdLyjvZBwrvm+cedCcQy"}],"_spriteFrame":{"__uuid__":"36nyDwRspBQpKV3/57IicC"},"_type":1,"_sizeMode":0},{"__type__":"cc.RigidBody","node":{"__id__":7},"_type":0},{"__type__":"cc.PhysicsPolygonCollider","node":{"__id__":7},"points":[{"__type__":"cc.Vec2","x":-114.4,"y":-31.1},{"__type__":"cc.Vec2","x":116,"y":-31.3},{"__type__":"cc.Vec2","x":115.1,"y":31.8},{"__type__":"cc.Vec2","x":-114.2,"y":31.3}]},{"__type__":"8a64bLvzRlHBakXZIa7SBbN","node":{"__id__":7}}],"_prefab":{"__type__":"cc.PrefabInfo","root":{"__id__":1},"asset":{"__uuid__":"a1zws6+XlBb6Hcchos4tek"},"fileId":"76qwQPyCJOI7yjSvL9rxo3"},"_contentSize":{"__type__":"cc.Size","width":252,"height":65},"_trs":{"__type__":"TypedArray","ctor":"Float64Array","array":[-11,0,0,0,0,0,1,1,1,1]}},{"__type__":"cc.Node","_name":"BarBG","_parent":{"__id__":6},"_components":[{"__type__":"cc.Sprite","node":{"__id__":8},"_materials":[{"__uuid__":"ecpdLyjvZBwrvm+cedCcQy"}],"_spriteFrame":{"__uuid__":"d8hqEurO5O3r/JLAsbxS//"},"_type":1,"_sizeMode":0}],"_prefab":{"__type__":"cc.PrefabInfo","root":{"__id__":1},"asset":{"__uuid__":"a1zws6+XlBb6Hcchos4tek"},"fileId":"eeZz16OvFNGqmTXy4Fh8Uf"},"_contentSize":{"__type__":"cc.Size","width":690,"height":66},"_trs":{"__type__":"TypedArray","ctor":"Float64Array","array":[-190,0,0,0,0,0,1,1,1,1]}},{"__type__":"cc.Node","_name":"zhenNode","_parent":{"__id__":1},"_children":[{"__id__":10}],"_prefab":{"__type__":"cc.PrefabInfo","root":{"__id__":1},"asset":{"__uuid__":"a1zws6+XlBb6Hcchos4tek"},"fileId":"eaCcRzpzlOjrfpUM13HhuU"},"_trs":{"__type__":"TypedArray","ctor":"Float64Array","array":[33,120,0,0,0,0,1,1,1,1]},"_groupIndex":8,"groupIndex":8},{"__type__":"cc.Node","_name":"zhen","_parent":{"__id__":9},"_components":[{"__type__":"cc.Sprite","node":{"__id__":10},"_materials":[{"__uuid__":"ecpdLyjvZBwrvm+cedCcQy"}],"_spriteFrame":{"__uuid__":"81u1O4l2lM2IGXbUA/0aw7"},"_type":1,"_sizeMode":0},{"__type__":"cc.RigidBody","node":{"__id__":10},"_type":3,"_allowSleep":false,"_gravityScale":0,"_fixedRotation":true,"enabledContactListener":true,"bullet":true},{"__type__":"cc.PhysicsPolygonCollider","node":{"__id__":10},"tag":222,"_offset":{"__type__":"cc.Vec2","x":121.1,"y":-2.3},"points":[{"__type__":"cc.Vec2","x":-48.9,"y":-66.3},{"__type__":"cc.Vec2","x":62.5,"y":-66.3},{"__type__":"cc.Vec2","x":63,"y":67.4},{"__type__":"cc.Vec2","x":-48.4,"y":69},{"__type__":"cc.Vec2","x":-52.2,"y":41.4},{"__type__":"cc.Vec2","x":-297.8,"y":37.1},{"__type__":"cc.Vec2","x":-297,"y":-31.1},{"__type__":"cc.Vec2","x":-49.2,"y":-34.3}]},{"__type__":"72555Q9muRD1505Zi2fOOxm","node":{"__id__":10},"linevelocityX":500}],"_prefab":{"__type__":"cc.PrefabInfo","root":{"__id__":1},"asset":{"__uuid__":"a1zws6+XlBb6Hcchos4tek"},"fileId":"88kNkMK1NMdKGTTsh6QsX5"},"_contentSize":{"__type__":"cc.Size","width":355,"height":111},"_trs":{"__type__":"TypedArray","ctor":"Float64Array","array":[0,0,0,0,0,0,1,0.8,0.8,0.8]},"_groupIndex":8,"groupIndex":8}]]