[[{"__type__":"cc.Prefab","_name":"UIDerived24","data":{"__id__":1}},{"__type__":"cc.Node","_name":"UIDerived27","_children":[{"__type__":"cc.Node","_name":"player","_parent":{"__id__":1},"_prefab":{"__type__":"cc.PrefabInfo","root":{"__id__":1},"asset":{"__uuid__":"88JjPJegJEdqHqfMJ5WET0"},"fileId":"4ejwJAAUBMWam8eNguiQhs"},"_contentSize":{"__type__":"cc.Size","width":240,"height":140},"_trs":{"__type__":"TypedArray","ctor":"Float64Array","array":[301.507,-607.733,0,0,0,0,1,0.7,0.7,0.7]}},{"__type__":"cc.Node","_name":"greenPos_node","_parent":{"__id__":1},"_prefab":{"__type__":"cc.PrefabInfo","root":{"__id__":1},"asset":{"__uuid__":"88JjPJegJEdqHqfMJ5WET0"},"fileId":"46W13T+6ZDNY63TSZVp6di"},"_trs":{"__type__":"TypedArray","ctor":"Float64Array","array":[0,0,0,0,0,0,1,1,1,1]}},{"__type__":"cc.Node","_name":"redPos_node","_parent":{"__id__":1},"_prefab":{"__type__":"cc.PrefabInfo","root":{"__id__":1},"asset":{"__uuid__":"88JjPJegJEdqHqfMJ5WET0"},"fileId":"9bmF6EKypHeoUOuvOCiI7o"},"_trs":{"__type__":"TypedArray","ctor":"Float64Array","array":[0,0,0,0,0,0,1,1,1,1]}},{"__id__":2},{"__id__":3},{"__id__":4},{"__type__":"cc.Node","_name":"redwater_node","_parent":{"__id__":1},"_prefab":{"__type__":"cc.PrefabInfo","root":{"__id__":1},"asset":{"__uuid__":"88JjPJegJEdqHqfMJ5WET0"},"fileId":"8d2AqeSM1Ijp6BERzQSm4q"},"_trs":{"__type__":"TypedArray","ctor":"Float64Array","array":[0,0,0,0,0,0,1,1,1,1]}},{"__type__":"cc.Node","_name":"greenwater_node","_parent":{"__id__":1},"_prefab":{"__type__":"cc.PrefabInfo","root":{"__id__":1},"asset":{"__uuid__":"88JjPJegJEdqHqfMJ5WET0"},"fileId":"b4EtP2/RJOfItp/6qAsBdt"},"_trs":{"__type__":"TypedArray","ctor":"Float64Array","array":[0,0,0,0,0,0,1,1,1,1]}},{"__type__":"cc.Node","_name":"bule_node","_parent":{"__id__":1},"_prefab":{"__type__":"cc.PrefabInfo","root":{"__id__":1},"asset":{"__uuid__":"88JjPJegJEdqHqfMJ5WET0"},"fileId":"cd6Osl2UBIaaSKsKR8N4XC"},"_trs":{"__type__":"TypedArray","ctor":"Float64Array","array":[0,0,0,0,0,0,1,1,1,1]}},{"__id__":5},{"__id__":7},{"__id__":11}],"_components":[{"__type__":"cc.Sprite","node":{"__id__":1},"_materials":[{"__uuid__":"ecpdLyjvZBwrvm+cedCcQy"}],"_spriteFrame":{"__uuid__":"dcKQ2sptxADLhzxxr0zFEL"}},{"__type__":"1100eDGpRlLMYp5CrYQGpcQ","node":{"__id__":1}},{"__type__":"cc.RigidBody","node":{"__id__":1},"_type":0},{"__type__":"cc.PhysicsPolygonCollider","node":{"__id__":1},"points":[{"__type__":"cc.Vec2","x":-458,"y":-798},{"__type__":"cc.Vec2","x":497,"y":-790},{"__type__":"cc.Vec2","x":495.9,"y":801.2},{"__type__":"cc.Vec2","x":289,"y":692},{"__type__":"cc.Vec2","x":288,"y":564},{"__type__":"cc.Vec2","x":47.7,"y":521.5},{"__type__":"cc.Vec2","x":60.1,"y":333.4},{"__type__":"cc.Vec2","x":409.8,"y":326.2},{"__type__":"cc.Vec2","x":409,"y":120},{"__type__":"cc.Vec2","x":371.5,"y":54.7},{"__type__":"cc.Vec2","x":310,"y":7},{"__type__":"cc.Vec2","x":215.1,"y":-31.6},{"__type__":"cc.Vec2","x":119,"y":-63},{"__type__":"cc.Vec2","x":125,"y":-93},{"__type__":"cc.Vec2","x":406,"y":-100},{"__type__":"cc.Vec2","x":402,"y":-700},{"__type__":"cc.Vec2","x":212,"y":-698},{"__type__":"cc.Vec2","x":130.4,"y":-286.3},{"__type__":"cc.Vec2","x":100,"y":-290},{"__type__":"cc.Vec2","x":77,"y":-697},{"__type__":"cc.Vec2","x":-76,"y":-701},{"__type__":"cc.Vec2","x":-106,"y":-298},{"__type__":"cc.Vec2","x":-133,"y":-297},{"__type__":"cc.Vec2","x":-204,"y":-701},{"__type__":"cc.Vec2","x":-409,"y":-701},{"__type__":"cc.Vec2","x":-404.2,"y":-99.3},{"__type__":"cc.Vec2","x":-117,"y":-96},{"__type__":"cc.Vec2","x":-115.9,"y":-64.5},{"__type__":"cc.Vec2","x":-259.8,"y":-21.5},{"__type__":"cc.Vec2","x":-358,"y":33},{"__type__":"cc.Vec2","x":-412,"y":96},{"__type__":"cc.Vec2","x":-403.5,"y":324.5},{"__type__":"cc.Vec2","x":-50.3,"y":321.1},{"__type__":"cc.Vec2","x":-50.2,"y":505.6},{"__type__":"cc.Vec2","x":-60.2,"y":525.3},{"__type__":"cc.Vec2","x":-287.4,"y":559.9},{"__type__":"cc.Vec2","x":-284,"y":698},{"__type__":"cc.Vec2","x":287,"y":698},{"__type__":"cc.Vec2","x":493,"y":800},{"__type__":"cc.Vec2","x":-450.1,"y":798}]},{"__type__":"cc.PhysicsBoxCollider","node":{"__id__":1},"_offset":{"__type__":"cc.Vec2","x":1.5,"y":188},"_size":{"__type__":"cc.Size","width":609.5,"height":82}}],"_prefab":{"__type__":"cc.PrefabInfo","root":{"__id__":1},"asset":{"__uuid__":"88JjPJegJEdqHqfMJ5WET0"},"fileId":"b12uePahBMaoHVq4i/B+Bu"},"_contentSize":{"__type__":"cc.Size","width":905,"height":1487},"_trs":{"__type__":"TypedArray","ctor":"Float64Array","array":[0,0,0,0,0,0,1,1,1,1]}},{"__type__":"cc.Node","_name":"bulePos_node","_parent":{"__id__":1},"_children":[{"__type__":"cc.Node","_name":"New Node","_parent":{"__id__":2},"_prefab":{"__type__":"cc.PrefabInfo","root":{"__id__":1},"asset":{"__uuid__":"88JjPJegJEdqHqfMJ5WET0"},"fileId":"0fmWbcSvFDDLorW9Gjdliw"},"_trs":{"__type__":"TypedArray","ctor":"Float64Array","array":[2.138,608.349,0,0,0,0,1,1,1,1]}}],"_prefab":{"__type__":"cc.PrefabInfo","root":{"__id__":1},"asset":{"__uuid__":"88JjPJegJEdqHqfMJ5WET0"},"fileId":"48vKPFSudLsJN78VLPzLUm"},"_trs":{"__type__":"TypedArray","ctor":"Float64Array","array":[0,0,0,0,0,0,1,1,1,1]}},{"__type__":"cc.Node","_name":"gray_node","_parent":{"__id__":1},"_components":[{"__type__":"3400dF2d2tHLK8+En9baGXY","node":{"__id__":3},"grey_prefab":{"__uuid__":"13FEeEL1NMaK5TFGpFQpJr"}}],"_prefab":{"__type__":"cc.PrefabInfo","root":{"__id__":1},"asset":{"__uuid__":"88JjPJegJEdqHqfMJ5WET0"},"fileId":"4d6k1pPM5KAowuqNbY/tvb"},"_trs":{"__type__":"TypedArray","ctor":"Float64Array","array":[0,0,0,0,0,0,1,1,1,1]}},{"__type__":"cc.Node","_name":"black_node","_parent":{"__id__":1},"_components":[{"__type__":"6c0e8KZwr5L34azTYX21stu","node":{"__id__":4}}],"_prefab":{"__type__":"cc.PrefabInfo","root":{"__id__":1},"asset":{"__uuid__":"88JjPJegJEdqHqfMJ5WET0"},"fileId":"b9v5gKxBdP8Lc+9MPGCoiY"},"_trs":{"__type__":"TypedArray","ctor":"Float64Array","array":[0,0,0,0,0,0,1,1,1,1]}},{"__type__":"cc.Node","_name":"zhenNode","_parent":{"__id__":1},"_children":[{"__id__":6}],"_prefab":{"__type__":"cc.PrefabInfo","root":{"__id__":1},"asset":{"__uuid__":"88JjPJegJEdqHqfMJ5WET0"},"fileId":"08eq4emkJKaJCAgXaIeAfV"},"_trs":{"__type__":"TypedArray","ctor":"Float64Array","array":[42.073,468.559,0,0,0,0,1,1,1,1]},"_groupIndex":8,"groupIndex":8},{"__type__":"cc.Node","_name":"zhen","_parent":{"__id__":5},"_components":[{"__type__":"cc.Sprite","node":{"__id__":6},"_materials":[{"__uuid__":"ecpdLyjvZBwrvm+cedCcQy"}],"_spriteFrame":{"__uuid__":"81u1O4l2lM2IGXbUA/0aw7"},"_type":1,"_sizeMode":0},{"__type__":"cc.RigidBody","node":{"__id__":6},"_type":3,"_allowSleep":false,"_gravityScale":0,"_fixedRotation":true,"enabledContactListener":true,"bullet":true},{"__type__":"cc.PhysicsPolygonCollider","node":{"__id__":6},"tag":222,"_offset":{"__type__":"cc.Vec2","x":-133.5},"points":[{"__type__":"cc.Vec2","x":227.5,"y":55.5},{"__type__":"cc.Vec2","x":214.5,"y":51.5},{"__type__":"cc.Vec2","x":206.5,"y":45.5},{"__type__":"cc.Vec2","x":192,"y":33.4},{"__type__":"cc.Vec2","x":188.8,"y":24.1},{"__type__":"cc.Vec2","x":184.9,"y":27.7},{"__type__":"cc.Vec2","x":-16.1,"y":29.5},{"__type__":"cc.Vec2","x":-26.4,"y":3.4},{"__type__":"cc.Vec2","x":-23.8,"y":-18},{"__type__":"cc.Vec2","x":184.9,"y":-17.2},{"__type__":"cc.Vec2","x":193.4,"y":-34.3},{"__type__":"cc.Vec2","x":209.9,"y":-47.8},{"__type__":"cc.Vec2","x":238.1,"y":-54.9},{"__type__":"cc.Vec2","x":261.8,"y":-50.5},{"__type__":"cc.Vec2","x":285.2,"y":-28.5},{"__type__":"cc.Vec2","x":291.1,"y":-15.6},{"__type__":"cc.Vec2","x":292.7,"y":0.3},{"__type__":"cc.Vec2","x":288.9,"y":22},{"__type__":"cc.Vec2","x":265.3,"y":49.4}]},{"__type__":"72555Q9muRD1505Zi2fOOxm","node":{"__id__":6},"linevelocityX":500}],"_prefab":{"__type__":"cc.PrefabInfo","root":{"__id__":1},"asset":{"__uuid__":"88JjPJegJEdqHqfMJ5WET0"},"fileId":"731sheV/FCPpoiIcPKXk+f"},"_contentSize":{"__type__":"cc.Size","width":319.8,"height":111},"_trs":{"__type__":"TypedArray","ctor":"Float64Array","array":[0,0,0,0,0,0,1,0.8,0.8,0.8]},"_groupIndex":8,"groupIndex":8},{"__type__":"cc.Node","_name":"zhenNodeTwo","_parent":{"__id__":1},"_children":[{"__id__":8},{"__id__":9},{"__id__":10}],"_prefab":{"__type__":"cc.PrefabInfo","root":{"__id__":1},"asset":{"__uuid__":"88JjPJegJEdqHqfMJ5WET0"},"fileId":"3fisVQbnZJvrUnaIg+GrZa"},"_trs":{"__type__":"TypedArray","ctor":"Float64Array","array":[-142.054,310.041,0,0,0,0.7071067811865476,-0.7071067811865475,1,1,1]},"_eulerAngles":{"__type__":"cc.Vec3","z":270}},{"__type__":"cc.Node","_name":"zhen","_parent":{"__id__":7},"_components":[{"__type__":"cc.Sprite","node":{"__id__":8},"_materials":[{"__uuid__":"ecpdLyjvZBwrvm+cedCcQy"}],"_spriteFrame":{"__uuid__":"14vJwyNH1OspMXFimJtxkW"},"_type":1,"_sizeMode":0},{"__type__":"cc.RigidBody","node":{"__id__":8},"_type":3,"_gravityScale":0,"_fixedRotation":true,"enabledContactListener":true,"bullet":true},{"__type__":"cc.PhysicsPolygonCollider","node":{"__id__":8},"_offset":{"__type__":"cc.Vec2","x":183,"y":2},"points":[{"__type__":"cc.Vec2","x":-319,"y":-58},{"__type__":"cc.Vec2","x":-210,"y":-58},{"__type__":"cc.Vec2","x":-210,"y":-24.2},{"__type__":"cc.Vec2","x":-49.7,"y":-25.5},{"__type__":"cc.Vec2","x":-47,"y":23},{"__type__":"cc.Vec2","x":-207,"y":21.4},{"__type__":"cc.Vec2","x":-207,"y":52},{"__type__":"cc.Vec2","x":-319,"y":51}]},{"__type__":"1cb3eoIRdhJWZayW7A68Y7j","node":{"__id__":8}}],"_prefab":{"__type__":"cc.PrefabInfo","root":{"__id__":1},"asset":{"__uuid__":"88JjPJegJEdqHqfMJ5WET0"},"fileId":"b6Dl3sdRFIG5+8OMnfJ79h"},"_contentSize":{"__type__":"cc.Size","width":273,"height":111},"_trs":{"__type__":"TypedArray","ctor":"Float64Array","array":[0,0,0,0,0,0,1,1,1,1]}},{"__type__":"cc.Node","_name":"zhenup","_parent":{"__id__":7},"_components":[{"__type__":"cc.RigidBody","node":{"__id__":9},"_type":0,"_gravityScale":0,"bullet":true}],"_prefab":{"__type__":"cc.PrefabInfo","root":{"__id__":1},"asset":{"__uuid__":"88JjPJegJEdqHqfMJ5WET0"},"fileId":"b2PgcWpI1N7bDQVKtccyrv"},"_trs":{"__type__":"TypedArray","ctor":"Float64Array","array":[-83,79,0,0,0,0,1,1,1,1]}},{"__type__":"cc.Node","_name":"zhendown","_parent":{"__id__":7},"_components":[{"__type__":"cc.RigidBody","node":{"__id__":10},"_type":0,"_gravityScale":0,"bullet":true}],"_prefab":{"__type__":"cc.PrefabInfo","root":{"__id__":1},"asset":{"__uuid__":"88JjPJegJEdqHqfMJ5WET0"},"fileId":"05JX4QS8dCRZdvVXb409aC"},"_trs":{"__type__":"TypedArray","ctor":"Float64Array","array":[-38,-259,0,0,0,0,1,1,1,1]}},{"__type__":"cc.Node","_name":"zhenNodeTwo","_parent":{"__id__":1},"_children":[{"__id__":12},{"__id__":13},{"__id__":14}],"_prefab":{"__type__":"cc.PrefabInfo","root":{"__id__":1},"asset":{"__uuid__":"88JjPJegJEdqHqfMJ5WET0"},"fileId":"9cnFxfQe9H06MbdiaKNvkC"},"_trs":{"__type__":"TypedArray","ctor":"Float64Array","array":[261.016,310.041,0,0,0,0.7071067811865476,-0.7071067811865475,1,1,1]},"_eulerAngles":{"__type__":"cc.Vec3","z":270}},{"__type__":"cc.Node","_name":"zhen","_parent":{"__id__":11},"_components":[{"__type__":"cc.Sprite","node":{"__id__":12},"_materials":[{"__uuid__":"ecpdLyjvZBwrvm+cedCcQy"}],"_spriteFrame":{"__uuid__":"14vJwyNH1OspMXFimJtxkW"},"_type":1,"_sizeMode":0},{"__type__":"cc.RigidBody","node":{"__id__":12},"_type":3,"_gravityScale":0,"_fixedRotation":true,"enabledContactListener":true,"bullet":true},{"__type__":"cc.PhysicsPolygonCollider","node":{"__id__":12},"_offset":{"__type__":"cc.Vec2","x":183,"y":2},"points":[{"__type__":"cc.Vec2","x":-319,"y":-58},{"__type__":"cc.Vec2","x":-210,"y":-58},{"__type__":"cc.Vec2","x":-208.7,"y":-24.6},{"__type__":"cc.Vec2","x":-47.2,"y":-22.5},{"__type__":"cc.Vec2","x":-45.7,"y":24.7},{"__type__":"cc.Vec2","x":-209.1,"y":23.5},{"__type__":"cc.Vec2","x":-207,"y":52},{"__type__":"cc.Vec2","x":-319,"y":51}]},{"__type__":"1cb3eoIRdhJWZayW7A68Y7j","node":{"__id__":12}}],"_prefab":{"__type__":"cc.PrefabInfo","root":{"__id__":1},"asset":{"__uuid__":"88JjPJegJEdqHqfMJ5WET0"},"fileId":"c0Ifwg9w5AFIIlb6du2S8P"},"_contentSize":{"__type__":"cc.Size","width":273,"height":111},"_trs":{"__type__":"TypedArray","ctor":"Float64Array","array":[0,0,0,0,0,0,1,1,1,1]}},{"__type__":"cc.Node","_name":"zhenup","_parent":{"__id__":11},"_components":[{"__type__":"cc.RigidBody","node":{"__id__":13},"_type":0,"_gravityScale":0,"bullet":true}],"_prefab":{"__type__":"cc.PrefabInfo","root":{"__id__":1},"asset":{"__uuid__":"88JjPJegJEdqHqfMJ5WET0"},"fileId":"3auizaZP1HFJbGIjBXVoT5"},"_trs":{"__type__":"TypedArray","ctor":"Float64Array","array":[-30.767,145.961,0,0,0,0,1,1,1,1]}},{"__type__":"cc.Node","_name":"zhendown","_parent":{"__id__":11},"_components":[{"__type__":"cc.RigidBody","node":{"__id__":14},"_type":0,"_gravityScale":0,"bullet":true}],"_prefab":{"__type__":"cc.PrefabInfo","root":{"__id__":1},"asset":{"__uuid__":"88JjPJegJEdqHqfMJ5WET0"},"fileId":"91aLzSBuxIWq9l+r+cAVBF"},"_trs":{"__type__":"TypedArray","ctor":"Float64Array","array":[-43,-192,0,0,0,0,1,1,1,1]}}],{"__type__":"cc.SpriteFrame","content":{"name":"guanqia45","texture":"0a84Nq4XNHqp30A/4cQAxN","rect":[1,1,905,1487],"offset":[0,0],"originalSize":[907,1489],"capInsets":[0,0,0,0]}}]