[[{"__type__":"cc.Prefab","_name":"level_7","data":{"__id__":1}},{"__type__":"cc.Node","_name":"level_7","_children":[{"__id__":2},{"__id__":3},{"__id__":29},{"__id__":30},{"__id__":31},{"__id__":32},{"__id__":33},{"__id__":34}],"_components":[{"__type__":"e1c782Hh+hNVZxzQCGgHdS/","node":{"__id__":1},"close":{"__id__":34},"enemy":{"__id__":30},"player":{"__id__":31},"key":[{"__id__":8},{"__id__":13},{"__id__":18},{"__id__":23},{"__id__":28}]}],"_prefab":{"__type__":"cc.PrefabInfo","root":{"__id__":1},"asset":{"__uuid__":"17ntUI4dJBQKc1AnPWjXQC"},"fileId":"577Co3r7BEZYPR6BaawcJx"},"_trs":{"__type__":"TypedArray","ctor":"Float64Array","array":[0,0,0,0,0,0,1,1,1,1]}},{"__type__":"cc.Node","_name":"bg","_parent":{"__id__":1},"_components":[{"__type__":"cc.Sprite","node":{"__id__":2},"_materials":[{"__uuid__":"ecpdLyjvZBwrvm+cedCcQy"}],"_spriteFrame":{"__uuid__":"98EiKTJLtHNojiDlbmdsEb"}},{"__type__":"cc.RigidBody","node":{"__id__":2},"_type":0,"_gravityScale":0},{"__type__":"cc.PhysicsPolygonCollider","node":{"__id__":2},"points":[{"__type__":"cc.Vec2","x":-379,"y":-171},{"__type__":"cc.Vec2","x":-474,"y":-223},{"__type__":"cc.Vec2","x":-472,"y":-407},{"__type__":"cc.Vec2","x":-442,"y":-461},{"__type__":"cc.Vec2","x":-389,"y":-466},{"__type__":"cc.Vec2","x":-369,"y":-473},{"__type__":"cc.Vec2","x":-367,"y":-526},{"__type__":"cc.Vec2","x":-331,"y":-556},{"__type__":"cc.Vec2","x":437,"y":-558},{"__type__":"cc.Vec2","x":480,"y":-520},{"__type__":"cc.Vec2","x":479.7,"y":520.3},{"__type__":"cc.Vec2","x":460.1,"y":559},{"__type__":"cc.Vec2","x":430.5,"y":571.8},{"__type__":"cc.Vec2","x":405,"y":570.2},{"__type__":"cc.Vec2","x":124.2,"y":567.7},{"__type__":"cc.Vec2","x":98.8,"y":548.9},{"__type__":"cc.Vec2","x":87.5,"y":515.8},{"__type__":"cc.Vec2","x":86.8,"y":204.4},{"__type__":"cc.Vec2","x":21.2,"y":211.7},{"__type__":"cc.Vec2","x":14.2,"y":544.9},{"__type__":"cc.Vec2","x":0.9,"y":537.4},{"__type__":"cc.Vec2","x":3,"y":212.1},{"__type__":"cc.Vec2","x":27.1,"y":183.9},{"__type__":"cc.Vec2","x":80.2,"y":182.7},{"__type__":"cc.Vec2","x":103.7,"y":202.6},{"__type__":"cc.Vec2","x":105.5,"y":518},{"__type__":"cc.Vec2","x":117.9,"y":542.2},{"__type__":"cc.Vec2","x":137.1,"y":553.9},{"__type__":"cc.Vec2","x":429.6,"y":554.5},{"__type__":"cc.Vec2","x":457.1,"y":536.3},{"__type__":"cc.Vec2","x":464,"y":520},{"__type__":"cc.Vec2","x":463,"y":-515},{"__type__":"cc.Vec2","x":421,"y":-544},{"__type__":"cc.Vec2","x":-319,"y":-539},{"__type__":"cc.Vec2","x":-343,"y":-497},{"__type__":"cc.Vec2","x":-346,"y":-481},{"__type__":"cc.Vec2","x":-354,"y":-473},{"__type__":"cc.Vec2","x":-455,"y":-375},{"__type__":"cc.Vec2","x":-444,"y":-235},{"__type__":"cc.Vec2","x":-369,"y":-188},{"__type__":"cc.Vec2","x":-355,"y":-56},{"__type__":"cc.Vec2","x":-350,"y":528},{"__type__":"cc.Vec2","x":-351,"y":556},{"__type__":"cc.Vec2","x":-367,"y":536}]}],"_prefab":{"__type__":"cc.PrefabInfo","root":{"__id__":1},"asset":{"__uuid__":"17ntUI4dJBQKc1AnPWjXQC"},"fileId":"85PyHXmJFIEYBSnOo8hCJA"},"_contentSize":{"__type__":"cc.Size","width":970,"height":1144},"_trs":{"__type__":"TypedArray","ctor":"Float64Array","array":[0,0,0,0,0,0,1,1,1,1]},"_groupIndex":17,"groupIndex":17},{"__type__":"cc.Node","_name":"key","_parent":{"__id__":1},"_children":[{"__id__":4},{"__id__":9},{"__id__":14},{"__id__":19},{"__id__":24}],"_prefab":{"__type__":"cc.PrefabInfo","root":{"__id__":1},"asset":{"__uuid__":"17ntUI4dJBQKc1AnPWjXQC"},"fileId":"48/lJBklZNHbidTPLZASB7"},"_trs":{"__type__":"TypedArray","ctor":"Float64Array","array":[0,0,0,0,0,0,1,1,1,1]}},{"__type__":"cc.Node","_name":"key","_parent":{"__id__":3},"_children":[{"__id__":5},{"__id__":6},{"__id__":7}],"_prefab":{"__type__":"cc.PrefabInfo","root":{"__id__":1},"asset":{"__uuid__":"17ntUI4dJBQKc1AnPWjXQC"},"fileId":"d4S+3S3eFFM5571HabDAr5"},"_trs":{"__type__":"TypedArray","ctor":"Float64Array","array":[-221.333,247.516,0,0,0,-0.7071067811865475,0.7071067811865476,1,1,1]},"_eulerAngles":{"__type__":"cc.Vec3","z":-90}},{"__type__":"cc.Node","_name":"lock","_parent":{"__id__":4},"_components":[{"__type__":"cc.Sprite","node":{"__id__":5},"_materials":[{"__uuid__":"ecpdLyjvZBwrvm+cedCcQy"}],"_spriteFrame":{"__uuid__":"ebm9zOQlFI4IGgCc9Owdfe"}},{"__type__":"15b42uAdtxGLJO3hSFb7eHo","node":{"__id__":5}}],"_prefab":{"__type__":"cc.PrefabInfo","root":{"__id__":1},"asset":{"__uuid__":"17ntUI4dJBQKc1AnPWjXQC"},"fileId":"15wibgm7xNDoLNjrEp32Yx"},"_contentSize":{"__type__":"cc.Size","width":56,"height":55},"_trs":{"__type__":"TypedArray","ctor":"Float64Array","array":[4.511,-136.174,0,0,0,0,1,1,1,1]}},{"__type__":"cc.Node","_name":"lock","_parent":{"__id__":4},"_components":[{"__type__":"cc.Sprite","node":{"__id__":6},"_materials":[{"__uuid__":"ecpdLyjvZBwrvm+cedCcQy"}],"_spriteFrame":{"__uuid__":"ebm9zOQlFI4IGgCc9Owdfe"}},{"__type__":"15b42uAdtxGLJO3hSFb7eHo","node":{"__id__":6}}],"_prefab":{"__type__":"cc.PrefabInfo","root":{"__id__":1},"asset":{"__uuid__":"17ntUI4dJBQKc1AnPWjXQC"},"fileId":"d70DTGqfRE+7TFkG2oyek9"},"_contentSize":{"__type__":"cc.Size","width":56,"height":55},"_trs":{"__type__":"TypedArray","ctor":"Float64Array","array":[4.029,224.647,0,0,0,0,1,1,1,1]}},{"__type__":"cc.Node","_name":"key","_parent":{"__id__":4},"_children":[{"__id__":8}],"_prefab":{"__type__":"cc.PrefabInfo","root":{"__id__":1},"asset":{"__uuid__":"17ntUI4dJBQKc1AnPWjXQC"},"fileId":"7abCy2ae9Aa4ZrG6OyaZAw"},"_contentSize":{"__type__":"cc.Size","width":100,"height":200},"_trs":{"__type__":"TypedArray","ctor":"Float64Array","array":[0,0,0,0,0,0,1,1,1,1]},"_groupIndex":15,"groupIndex":15},{"__type__":"cc.Node","_name":"icon","_parent":{"__id__":7},"_components":[{"__type__":"fcf5apGFRJIEZkZJ9CwiT4c","node":{"__id__":8},"isGonex":280},{"__type__":"cc.Sprite","node":{"__id__":8},"_materials":[{"__uuid__":"ecpdLyjvZBwrvm+cedCcQy"}],"_spriteFrame":{"__uuid__":"6dXBYrBNtEiKJQUnopu+Lk"},"_type":1},{"__type__":"cc.RigidBody","node":{"__id__":8},"_type":0,"_allowSleep":false,"enabledContactListener":true},{"__type__":"cc.BoxCollider","node":{"__id__":8},"_offset":{"__type__":"cc.Vec2","x":-0.2,"y":27.1},"_size":{"__type__":"cc.Size","width":15,"height":362.1}},{"__type__":"cc.PhysicsBoxCollider","node":{"__id__":8},"_offset":{"__type__":"cc.Vec2","x":-0.1,"y":34.6},"_size":{"__type__":"cc.Size","width":11.9,"height":372}}],"_prefab":{"__type__":"cc.PrefabInfo","root":{"__id__":1},"asset":{"__uuid__":"17ntUI4dJBQKc1AnPWjXQC"},"fileId":"bb1LB57uNFvbHM/ORpIGvb"},"_contentSize":{"__type__":"cc.Size","width":76,"height":504},"_trs":{"__type__":"TypedArray","ctor":"Float64Array","array":[0,0,0,0,0,0,1,1,1,1]},"_groupIndex":15,"groupIndex":15},{"__type__":"cc.Node","_name":"key copy","_parent":{"__id__":3},"_children":[{"__id__":10},{"__id__":11},{"__id__":12}],"_prefab":{"__type__":"cc.PrefabInfo","root":{"__id__":1},"asset":{"__uuid__":"17ntUI4dJBQKc1AnPWjXQC"},"fileId":"6aj2x5G6dA7ZDOXumzO68U"},"_trs":{"__type__":"TypedArray","ctor":"Float64Array","array":[-221.333,-154.216,0,0,0,-0.7071067811865475,0.7071067811865476,1,1,1]},"_eulerAngles":{"__type__":"cc.Vec3","z":-90}},{"__type__":"cc.Node","_name":"lock","_parent":{"__id__":9},"_components":[{"__type__":"cc.Sprite","node":{"__id__":10},"_materials":[{"__uuid__":"ecpdLyjvZBwrvm+cedCcQy"}],"_spriteFrame":{"__uuid__":"ebm9zOQlFI4IGgCc9Owdfe"}},{"__type__":"15b42uAdtxGLJO3hSFb7eHo","node":{"__id__":10}}],"_prefab":{"__type__":"cc.PrefabInfo","root":{"__id__":1},"asset":{"__uuid__":"17ntUI4dJBQKc1AnPWjXQC"},"fileId":"3fwnQ9x5pMj7KWY3IvfD+1"},"_contentSize":{"__type__":"cc.Size","width":56,"height":55},"_trs":{"__type__":"TypedArray","ctor":"Float64Array","array":[4.511,-136.174,0,0,0,0,1,1,1,1]}},{"__type__":"cc.Node","_name":"lock","_parent":{"__id__":9},"_components":[{"__type__":"cc.Sprite","node":{"__id__":11},"_materials":[{"__uuid__":"ecpdLyjvZBwrvm+cedCcQy"}],"_spriteFrame":{"__uuid__":"ebm9zOQlFI4IGgCc9Owdfe"}},{"__type__":"15b42uAdtxGLJO3hSFb7eHo","node":{"__id__":11}}],"_prefab":{"__type__":"cc.PrefabInfo","root":{"__id__":1},"asset":{"__uuid__":"17ntUI4dJBQKc1AnPWjXQC"},"fileId":"71qi6BrHhECKskAMv2qnQJ"},"_contentSize":{"__type__":"cc.Size","width":56,"height":55},"_trs":{"__type__":"TypedArray","ctor":"Float64Array","array":[4.029,224.647,0,0,0,0,1,1,1,1]}},{"__type__":"cc.Node","_name":"key","_parent":{"__id__":9},"_children":[{"__id__":13}],"_prefab":{"__type__":"cc.PrefabInfo","root":{"__id__":1},"asset":{"__uuid__":"17ntUI4dJBQKc1AnPWjXQC"},"fileId":"f9JjDcZQ1O2rnSO6Icolrd"},"_contentSize":{"__type__":"cc.Size","width":100,"height":200},"_trs":{"__type__":"TypedArray","ctor":"Float64Array","array":[0,0,0,0,0,0,1,1,1,1]},"_groupIndex":15,"groupIndex":15},{"__type__":"cc.Node","_name":"icon","_parent":{"__id__":12},"_components":[{"__type__":"fcf5apGFRJIEZkZJ9CwiT4c","node":{"__id__":13},"isGonex":280},{"__type__":"cc.Sprite","node":{"__id__":13},"_materials":[{"__uuid__":"ecpdLyjvZBwrvm+cedCcQy"}],"_spriteFrame":{"__uuid__":"6dXBYrBNtEiKJQUnopu+Lk"},"_type":1},{"__type__":"cc.RigidBody","node":{"__id__":13},"_type":0,"_allowSleep":false,"enabledContactListener":true},{"__type__":"cc.BoxCollider","node":{"__id__":13},"_offset":{"__type__":"cc.Vec2","x":-0.2,"y":27.1},"_size":{"__type__":"cc.Size","width":15,"height":362.1}},{"__type__":"cc.PhysicsBoxCollider","node":{"__id__":13},"_offset":{"__type__":"cc.Vec2","x":-0.1,"y":34.6},"_size":{"__type__":"cc.Size","width":11.9,"height":372}}],"_prefab":{"__type__":"cc.PrefabInfo","root":{"__id__":1},"asset":{"__uuid__":"17ntUI4dJBQKc1AnPWjXQC"},"fileId":"aewirq4M9OEqWKMqNQOXkY"},"_contentSize":{"__type__":"cc.Size","width":76,"height":504},"_trs":{"__type__":"TypedArray","ctor":"Float64Array","array":[0,0,0,0,0,0,1,1,1,1]},"_groupIndex":15,"groupIndex":15},{"__type__":"cc.Node","_name":"key copy","_parent":{"__id__":3},"_children":[{"__id__":15},{"__id__":16},{"__id__":17}],"_prefab":{"__type__":"cc.PrefabInfo","root":{"__id__":1},"asset":{"__uuid__":"17ntUI4dJBQKc1AnPWjXQC"},"fileId":"7fgtmZ2bVEJbGkkhXNNFPG"},"_trs":{"__type__":"TypedArray","ctor":"Float64Array","array":[339.66,-171.898,0,0,0,0.7071067811865475,0.7071067811865476,1,1,1]},"_eulerAngles":{"__type__":"cc.Vec3","z":90}},{"__type__":"cc.Node","_name":"lock","_parent":{"__id__":14},"_components":[{"__type__":"cc.Sprite","node":{"__id__":15},"_materials":[{"__uuid__":"ecpdLyjvZBwrvm+cedCcQy"}],"_spriteFrame":{"__uuid__":"ebm9zOQlFI4IGgCc9Owdfe"}},{"__type__":"15b42uAdtxGLJO3hSFb7eHo","node":{"__id__":15}}],"_prefab":{"__type__":"cc.PrefabInfo","root":{"__id__":1},"asset":{"__uuid__":"17ntUI4dJBQKc1AnPWjXQC"},"fileId":"5e1r2PW1xILb9PAPiDDYio"},"_contentSize":{"__type__":"cc.Size","width":56,"height":55},"_trs":{"__type__":"TypedArray","ctor":"Float64Array","array":[4.511,-136.174,0,0,0,0,1,1,1,1]}},{"__type__":"cc.Node","_name":"lock","_parent":{"__id__":14},"_components":[{"__type__":"cc.Sprite","node":{"__id__":16},"_materials":[{"__uuid__":"ecpdLyjvZBwrvm+cedCcQy"}],"_spriteFrame":{"__uuid__":"ebm9zOQlFI4IGgCc9Owdfe"}},{"__type__":"15b42uAdtxGLJO3hSFb7eHo","node":{"__id__":16}}],"_prefab":{"__type__":"cc.PrefabInfo","root":{"__id__":1},"asset":{"__uuid__":"17ntUI4dJBQKc1AnPWjXQC"},"fileId":"b1VbklAnVFGrvi95mBT1AO"},"_contentSize":{"__type__":"cc.Size","width":56,"height":55},"_trs":{"__type__":"TypedArray","ctor":"Float64Array","array":[4.029,224.647,0,0,0,0,1,1,1,1]}},{"__type__":"cc.Node","_name":"key","_parent":{"__id__":14},"_children":[{"__id__":18}],"_prefab":{"__type__":"cc.PrefabInfo","root":{"__id__":1},"asset":{"__uuid__":"17ntUI4dJBQKc1AnPWjXQC"},"fileId":"5ffBF+6opPtoeD0INbK7Xa"},"_contentSize":{"__type__":"cc.Size","width":100,"height":200},"_trs":{"__type__":"TypedArray","ctor":"Float64Array","array":[0,0,0,0,0,0,1,1,1,1]},"_groupIndex":15,"groupIndex":15},{"__type__":"cc.Node","_name":"icon","_parent":{"__id__":17},"_components":[{"__type__":"fcf5apGFRJIEZkZJ9CwiT4c","node":{"__id__":18},"where":1,"isGone":true,"isGonex":-200},{"__type__":"cc.Sprite","node":{"__id__":18},"_materials":[{"__uuid__":"ecpdLyjvZBwrvm+cedCcQy"}],"_spriteFrame":{"__uuid__":"6dXBYrBNtEiKJQUnopu+Lk"},"_type":1},{"__type__":"cc.RigidBody","node":{"__id__":18},"_type":0,"_allowSleep":false,"enabledContactListener":true},{"__type__":"cc.BoxCollider","node":{"__id__":18},"_offset":{"__type__":"cc.Vec2","x":-0.2,"y":27.1},"_size":{"__type__":"cc.Size","width":15,"height":362.1}},{"__type__":"cc.PhysicsBoxCollider","node":{"__id__":18},"_offset":{"__type__":"cc.Vec2","x":-0.1,"y":34.6},"_size":{"__type__":"cc.Size","width":11.9,"height":372}}],"_prefab":{"__type__":"cc.PrefabInfo","root":{"__id__":1},"asset":{"__uuid__":"17ntUI4dJBQKc1AnPWjXQC"},"fileId":"6fXvXJorZN0JE6X8kVL2l4"},"_contentSize":{"__type__":"cc.Size","width":76,"height":504},"_trs":{"__type__":"TypedArray","ctor":"Float64Array","array":[0,0,0,0,0,0,1,1,1,1]},"_groupIndex":15,"groupIndex":15},{"__type__":"cc.Node","_name":"key copy","_parent":{"__id__":3},"_children":[{"__id__":20},{"__id__":21},{"__id__":22}],"_prefab":{"__type__":"cc.PrefabInfo","root":{"__id__":1},"asset":{"__uuid__":"17ntUI4dJBQKc1AnPWjXQC"},"fileId":"73msU2RI9KoLVbHQf18q69"},"_trs":{"__type__":"TypedArray","ctor":"Float64Array","array":[53.725,-384.717,0,0,0,0,1,1,1,1]}},{"__type__":"cc.Node","_name":"lock","_parent":{"__id__":19},"_components":[{"__type__":"cc.Sprite","node":{"__id__":20},"_materials":[{"__uuid__":"ecpdLyjvZBwrvm+cedCcQy"}],"_spriteFrame":{"__uuid__":"ebm9zOQlFI4IGgCc9Owdfe"}},{"__type__":"15b42uAdtxGLJO3hSFb7eHo","node":{"__id__":20}}],"_prefab":{"__type__":"cc.PrefabInfo","root":{"__id__":1},"asset":{"__uuid__":"17ntUI4dJBQKc1AnPWjXQC"},"fileId":"aevQv5Wi9CHotYvwdtZkRw"},"_contentSize":{"__type__":"cc.Size","width":56,"height":55},"_trs":{"__type__":"TypedArray","ctor":"Float64Array","array":[4.511,-136.174,0,0,0,0,1,1,1,1]}},{"__type__":"cc.Node","_name":"lock","_parent":{"__id__":19},"_components":[{"__type__":"cc.Sprite","node":{"__id__":21},"_materials":[{"__uuid__":"ecpdLyjvZBwrvm+cedCcQy"}],"_spriteFrame":{"__uuid__":"ebm9zOQlFI4IGgCc9Owdfe"}},{"__type__":"15b42uAdtxGLJO3hSFb7eHo","node":{"__id__":21}}],"_prefab":{"__type__":"cc.PrefabInfo","root":{"__id__":1},"asset":{"__uuid__":"17ntUI4dJBQKc1AnPWjXQC"},"fileId":"46XlczNfVF27oFNAdPcgqa"},"_contentSize":{"__type__":"cc.Size","width":56,"height":55},"_trs":{"__type__":"TypedArray","ctor":"Float64Array","array":[4.029,224.647,0,0,0,0,1,1,1,1]}},{"__type__":"cc.Node","_name":"key","_parent":{"__id__":19},"_children":[{"__id__":23}],"_prefab":{"__type__":"cc.PrefabInfo","root":{"__id__":1},"asset":{"__uuid__":"17ntUI4dJBQKc1AnPWjXQC"},"fileId":"2cRCHEghpPA5FQ7upI0EGc"},"_contentSize":{"__type__":"cc.Size","width":100,"height":200},"_trs":{"__type__":"TypedArray","ctor":"Float64Array","array":[0,0,0,0,0,0,1,1,1,1]},"_groupIndex":15,"groupIndex":15},{"__type__":"cc.Node","_name":"icon","_parent":{"__id__":22},"_components":[{"__type__":"fcf5apGFRJIEZkZJ9CwiT4c","node":{"__id__":23},"keyType":1,"isGonex":280},{"__type__":"cc.Sprite","node":{"__id__":23},"_materials":[{"__uuid__":"ecpdLyjvZBwrvm+cedCcQy"}],"_spriteFrame":{"__uuid__":"6dXBYrBNtEiKJQUnopu+Lk"},"_type":1},{"__type__":"cc.RigidBody","node":{"__id__":23},"_type":0,"_allowSleep":false,"enabledContactListener":true},{"__type__":"cc.BoxCollider","node":{"__id__":23},"_offset":{"__type__":"cc.Vec2","x":-0.2,"y":27.1},"_size":{"__type__":"cc.Size","width":15,"height":362.1}},{"__type__":"cc.PhysicsBoxCollider","node":{"__id__":23},"_offset":{"__type__":"cc.Vec2","x":-0.1,"y":34.6},"_size":{"__type__":"cc.Size","width":11.9,"height":372}}],"_prefab":{"__type__":"cc.PrefabInfo","root":{"__id__":1},"asset":{"__uuid__":"17ntUI4dJBQKc1AnPWjXQC"},"fileId":"2dxonaR7xEe6+o3X+SXgyO"},"_contentSize":{"__type__":"cc.Size","width":76,"height":504},"_trs":{"__type__":"TypedArray","ctor":"Float64Array","array":[0,0,0,0,0,0,1,1,1,1]},"_groupIndex":15,"groupIndex":15},{"__type__":"cc.Node","_name":"key copy","_parent":{"__id__":3},"_children":[{"__id__":25},{"__id__":26},{"__id__":27}],"_prefab":{"__type__":"cc.PrefabInfo","root":{"__id__":1},"asset":{"__uuid__":"17ntUI4dJBQKc1AnPWjXQC"},"fileId":"daPrB06XVKRJ5evGNm0y9D"},"_trs":{"__type__":"TypedArray","ctor":"Float64Array","array":[339.66,237.996,0,0,0,0.7071067811865475,0.7071067811865476,1,1,1]},"_eulerAngles":{"__type__":"cc.Vec3","z":90}},{"__type__":"cc.Node","_name":"lock","_parent":{"__id__":24},"_components":[{"__type__":"cc.Sprite","node":{"__id__":25},"_materials":[{"__uuid__":"ecpdLyjvZBwrvm+cedCcQy"}],"_spriteFrame":{"__uuid__":"ebm9zOQlFI4IGgCc9Owdfe"}},{"__type__":"15b42uAdtxGLJO3hSFb7eHo","node":{"__id__":25}}],"_prefab":{"__type__":"cc.PrefabInfo","root":{"__id__":1},"asset":{"__uuid__":"17ntUI4dJBQKc1AnPWjXQC"},"fileId":"3c9w+S+oNBa4ECqxZw2d5E"},"_contentSize":{"__type__":"cc.Size","width":56,"height":55},"_trs":{"__type__":"TypedArray","ctor":"Float64Array","array":[4.511,-136.174,0,0,0,0,1,1,1,1]}},{"__type__":"cc.Node","_name":"lock","_parent":{"__id__":24},"_components":[{"__type__":"cc.Sprite","node":{"__id__":26},"_materials":[{"__uuid__":"ecpdLyjvZBwrvm+cedCcQy"}],"_spriteFrame":{"__uuid__":"ebm9zOQlFI4IGgCc9Owdfe"}},{"__type__":"15b42uAdtxGLJO3hSFb7eHo","node":{"__id__":26}}],"_prefab":{"__type__":"cc.PrefabInfo","root":{"__id__":1},"asset":{"__uuid__":"17ntUI4dJBQKc1AnPWjXQC"},"fileId":"2904ZVrXdAWbckAKWcI4qI"},"_contentSize":{"__type__":"cc.Size","width":56,"height":55},"_trs":{"__type__":"TypedArray","ctor":"Float64Array","array":[4.029,224.647,0,0,0,0,1,1,1,1]}},{"__type__":"cc.Node","_name":"key","_parent":{"__id__":24},"_children":[{"__id__":28}],"_prefab":{"__type__":"cc.PrefabInfo","root":{"__id__":1},"asset":{"__uuid__":"17ntUI4dJBQKc1AnPWjXQC"},"fileId":"50OeUATpJBUpva7yRIkusx"},"_contentSize":{"__type__":"cc.Size","width":100,"height":200},"_trs":{"__type__":"TypedArray","ctor":"Float64Array","array":[0,0,0,0,0,0,1,1,1,1]},"_groupIndex":15,"groupIndex":15},{"__type__":"cc.Node","_name":"icon","_parent":{"__id__":27},"_components":[{"__type__":"fcf5apGFRJIEZkZJ9CwiT4c","node":{"__id__":28},"where":1,"isGone":true,"isGonex":-200},{"__type__":"cc.Sprite","node":{"__id__":28},"_materials":[{"__uuid__":"ecpdLyjvZBwrvm+cedCcQy"}],"_spriteFrame":{"__uuid__":"6dXBYrBNtEiKJQUnopu+Lk"},"_type":1},{"__type__":"cc.RigidBody","node":{"__id__":28},"_type":0,"_allowSleep":false,"enabledContactListener":true},{"__type__":"cc.BoxCollider","node":{"__id__":28},"_offset":{"__type__":"cc.Vec2","x":-0.2,"y":27.1},"_size":{"__type__":"cc.Size","width":15,"height":362.1}},{"__type__":"cc.PhysicsBoxCollider","node":{"__id__":28},"_offset":{"__type__":"cc.Vec2","x":-0.1,"y":34.6},"_size":{"__type__":"cc.Size","width":11.9,"height":372}}],"_prefab":{"__type__":"cc.PrefabInfo","root":{"__id__":1},"asset":{"__uuid__":"17ntUI4dJBQKc1AnPWjXQC"},"fileId":"ca+F98+jNNGrIPjI0u0KLj"},"_contentSize":{"__type__":"cc.Size","width":76,"height":504},"_trs":{"__type__":"TypedArray","ctor":"Float64Array","array":[0,0,0,0,0,0,1,1,1,1]},"_groupIndex":15,"groupIndex":15},{"__type__":"cc.Node","_name":"stone","_parent":{"__id__":1},"_components":[{"__type__":"cc.Sprite","node":{"__id__":29},"_materials":[{"__uuid__":"ecpdLyjvZBwrvm+cedCcQy"}],"_spriteFrame":{"__uuid__":"07vB93/6VNYZBOhtwfULcI"}},{"__type__":"ac053IZlwRB7bY+hdLioTNv","node":{"__id__":29}},{"__type__":"cc.RigidBody","node":{"__id__":29},"_allowSleep":false,"enabledContactListener":true},{"__type__":"cc.PhysicsBoxCollider","node":{"__id__":29},"_offset":{"__type__":"cc.Vec2","y":85.6},"_size":{"__type__":"cc.Size","width":165,"height":158.7}},{"__type__":"cc.BoxCollider","node":{"__id__":29},"_offset":{"__type__":"cc.Vec2","y":82.5},"_size":{"__type__":"cc.Size","width":165,"height":165}}],"_prefab":{"__type__":"cc.PrefabInfo","root":{"__id__":1},"asset":{"__uuid__":"17ntUI4dJBQKc1AnPWjXQC"},"fileId":"afAQAezy9FKJFFPTF8QElI"},"_contentSize":{"__type__":"cc.Size","width":165,"height":165},"_anchorPoint":{"__type__":"cc.Vec2","x":0.5},"_trs":{"__type__":"TypedArray","ctor":"Float64Array","array":[-208.902,257.211,0,0,0,0,1,1,1,1]},"_groupIndex":20,"groupIndex":20},{"__type__":"cc.Node","_name":"evilFish","_parent":{"__id__":1},"_components":[{"__type__":"sp.Skeleton","node":{"__id__":30},"_materials":[{"__uuid__":"7a/QZLET9IDreTiBfRn2PD"}],"defaultSkin":"default","defaultAnimation":"animation1","_preCacheMode":0,"premultipliedAlpha":false,"_animationName":"animation1","_N$skeletonData":{"__uuid__":"2dpI0oihRHGrJT4rUVPvz4"}},{"__type__":"cc.BoxCollider","node":{"__id__":30},"_size":{"__type__":"cc.Size","width":242.6,"height":165}},{"__type__":"66137pFLtNEVJCAqJ1GJ27J","node":{"__id__":30},"move":true,"moveDistance":500}],"_prefab":{"__type__":"cc.PrefabInfo","root":{"__id__":1},"asset":{"__uuid__":"17ntUI4dJBQKc1AnPWjXQC"},"fileId":"5dUeUsE9VJ36nL+vs3hPpu"},"_contentSize":{"__type__":"cc.Size","width":242.6,"height":165},"_trs":{"__type__":"TypedArray","ctor":"Float64Array","array":[-201.143,0,0,0,0,0,1,0.7,0.7,1]},"_groupIndex":22,"groupIndex":22},{"__type__":"cc.Node","_name":"pifu","_parent":{"__id__":1},"_components":[{"__type__":"sp.Skeleton","node":{"__id__":31},"_materials":[{"__uuid__":"7a/QZLET9IDreTiBfRn2PD"}],"defaultAnimation":"jy1","_preCacheMode":0,"premultipliedAlpha":false,"_animationName":"jy1","_N$skeletonData":{"__uuid__":"7eXUSETlJAmq9Nf/NmhP+m"}},{"__type__":"cc.BoxCollider","node":{"__id__":31},"_offset":{"__type__":"cc.Vec2","x":-3,"y":-2},"_size":{"__type__":"cc.Size","width":176,"height":120}},{"__type__":"01f289XMctJip07hmhMcMgM","node":{"__id__":31}}],"_prefab":{"__type__":"cc.PrefabInfo","root":{"__id__":1},"asset":{"__uuid__":"17ntUI4dJBQKc1AnPWjXQC"},"fileId":"c857kCekFEw5evqQyOCl25"},"_contentSize":{"__type__":"cc.Size","width":298.26,"height":205.43},"_trs":{"__type__":"TypedArray","ctor":"Float64Array","array":[333.918,-312.403,0,0,0,0,1,-0.8,0.8,1]},"_groupIndex":19,"groupIndex":19},{"__type__":"cc.Node","_name":"chicken","_parent":{"__id__":1},"_components":[{"__type__":"cc.Sprite","node":{"__id__":32},"_materials":[{"__uuid__":"ecpdLyjvZBwrvm+cedCcQy"}],"_spriteFrame":{"__uuid__":"41In5eFZZAcrgFboYtZCx8"}},{"__type__":"cc.RigidBody","node":{"__id__":32},"_allowSleep":false,"_gravityScale":2,"enabledContactListener":true},{"__type__":"cc.PhysicsPolygonCollider","node":{"__id__":32},"_friction":0,"points":[{"__type__":"cc.Vec2","x":-20.9,"y":-51.8},{"__type__":"cc.Vec2","x":-2.9,"y":-56.2},{"__type__":"cc.Vec2","x":16.9,"y":-53.2},{"__type__":"cc.Vec2","x":28.1,"y":-38.1},{"__type__":"cc.Vec2","x":30.2,"y":-14.9},{"__type__":"cc.Vec2","x":30.7,"y":1.3},{"__type__":"cc.Vec2","x":29.1,"y":20.9},{"__type__":"cc.Vec2","x":29.9,"y":30.4},{"__type__":"cc.Vec2","x":38.9,"y":37.1},{"__type__":"cc.Vec2","x":32.6,"y":50},{"__type__":"cc.Vec2","x":27.2,"y":50},{"__type__":"cc.Vec2","x":20.3,"y":56.5},{"__type__":"cc.Vec2","x":6.5,"y":53.4},{"__type__":"cc.Vec2","x":3.2,"y":41.3},{"__type__":"cc.Vec2","x":11.1,"y":33.6},{"__type__":"cc.Vec2","x":-1.9,"y":26.9},{"__type__":"cc.Vec2","x":-8.3,"y":11.5},{"__type__":"cc.Vec2","x":-18.6,"y":0.1},{"__type__":"cc.Vec2","x":-35.8,"y":-26.3}]},{"__type__":"cc.BoxCollider","node":{"__id__":32},"_offset":{"__type__":"cc.Vec2","x":1.4,"y":0.7},"_size":{"__type__":"cc.Size","width":65.6,"height":110.6}},{"__type__":"8129dBaWYFCnbCuQ9KTwNkc","node":{"__id__":32}}],"_prefab":{"__type__":"cc.PrefabInfo","root":{"__id__":1},"asset":{"__uuid__":"17ntUI4dJBQKc1AnPWjXQC"},"fileId":"6bvp6wzoFB271nJMmwx9o/"},"_contentSize":{"__type__":"cc.Size","width":137,"height":175},"_trs":{"__type__":"TypedArray","ctor":"Float64Array","array":[342.735,300.297,0,0,0,0,1,1,1,1]},"_groupIndex":18,"groupIndex":18},{"__type__":"cc.Node","_name":"dddh","_parent":{"__id__":1},"_active":false,"_components":[{"__type__":"sp.Skeleton","node":{"__id__":33},"_materials":[{"__uuid__":"7a/QZLET9IDreTiBfRn2PD"}],"defaultAnimation":"animation","_preCacheMode":0,"premultipliedAlpha":false,"_animationName":"animation","_N$skeletonData":{"__uuid__":"3eytmr5l5CrppJpd56DbHf"}}],"_prefab":{"__type__":"cc.PrefabInfo","root":{"__id__":1},"asset":{"__uuid__":"17ntUI4dJBQKc1AnPWjXQC"},"fileId":"e4idYOhGtD/bXYaAnixnNJ"},"_contentSize":{"__type__":"cc.Size","width":231,"height":200},"_trs":{"__type__":"TypedArray","ctor":"Float64Array","array":[0,0,0,0,0,0,1,1,1,1]}},{"__type__":"cc.Node","_name":"close","_parent":{"__id__":1},"_components":[{"__type__":"cc.BoxCollider","node":{"__id__":34}}],"_prefab":{"__type__":"cc.PrefabInfo","root":{"__id__":1},"asset":{"__uuid__":"17ntUI4dJBQKc1AnPWjXQC"},"fileId":"c5UjmQOd1KwLToJfcS2kLd"},"_trs":{"__type__":"TypedArray","ctor":"Float64Array","array":[-305.519,-321.187,0,0,0,0,1,1,1,1]},"_groupIndex":23,"groupIndex":23}],{"__type__":"cc.SpriteFrame","content":{"name":"8","texture":"c0ZzttkAxOE5oC+sWQ74gI","rect":[0,0,970,1144],"offset":[0,0],"originalSize":[970,1144],"capInsets":[0,0,0,0]}}]