[{"__type__":"cc.SpriteFrame","content":{"name":"guanqia46","texture":"b7eYWnNRFHcJYIHGYX0oNb","rect":[1,1,903,1713],"offset":[0,-0.5],"originalSize":[905,1714],"capInsets":[0,0,0,0]}},[{"__type__":"cc.Prefab","_name":"UIDerived45","data":{"__id__":1}},{"__type__":"cc.Node","_name":"UIDerived51","_children":[{"__type__":"cc.Node","_name":"bule_node","_parent":{"__id__":1},"_prefab":{"__type__":"cc.PrefabInfo","root":{"__id__":1},"asset":{"__uuid__":"cb46kSmShK/49r05eVYumB"},"fileId":"ac9BDoa5tA0r6Lb2LWjvB8"},"_trs":{"__type__":"TypedArray","ctor":"Float64Array","array":[0,0,0,0,0,0,1,1,1,1]}},{"__type__":"cc.Node","_name":"greenwater_node","_parent":{"__id__":1},"_prefab":{"__type__":"cc.PrefabInfo","root":{"__id__":1},"asset":{"__uuid__":"cb46kSmShK/49r05eVYumB"},"fileId":"4dbHjFnAtI8rVZRpMuHb7Q"},"_trs":{"__type__":"TypedArray","ctor":"Float64Array","array":[0,0,0,0,0,0,1,1,1,1]}},{"__type__":"cc.Node","_name":"redwater_node","_parent":{"__id__":1},"_prefab":{"__type__":"cc.PrefabInfo","root":{"__id__":1},"asset":{"__uuid__":"cb46kSmShK/49r05eVYumB"},"fileId":"76cJAPi81EBayJ9PHIInn2"},"_trs":{"__type__":"TypedArray","ctor":"Float64Array","array":[0,0,0,0,0,0,1,1,1,1]}},{"__id__":2},{"__id__":3},{"__id__":4},{"__id__":5},{"__type__":"cc.Node","_name":"greenPos_node","_parent":{"__id__":1},"_prefab":{"__type__":"cc.PrefabInfo","root":{"__id__":1},"asset":{"__uuid__":"cb46kSmShK/49r05eVYumB"},"fileId":"84oA1kmE5HyrZyVZPrsbP/"},"_trs":{"__type__":"TypedArray","ctor":"Float64Array","array":[0,0,0,0,0,0,1,1,1,1]}},{"__type__":"cc.Node","_name":"player","_parent":{"__id__":1},"_prefab":{"__type__":"cc.PrefabInfo","root":{"__id__":1},"asset":{"__uuid__":"cb46kSmShK/49r05eVYumB"},"fileId":"5fgpHE15lG+b2yiZfXmlgh"},"_contentSize":{"__type__":"cc.Size","width":240,"height":140},"_trs":{"__type__":"TypedArray","ctor":"Float64Array","array":[-259.036,-466.609,0,0,0,0,1,-0.7,0.7,1]}},{"__id__":6},{"__id__":8},{"__id__":12},{"__id__":16}],"_components":[{"__type__":"cc.Sprite","node":{"__id__":1},"_materials":[{"__uuid__":"ecpdLyjvZBwrvm+cedCcQy"}],"_spriteFrame":{"__uuid__":"a78wo+uM5Fk53gDvLVa+FE"}},{"__type__":"1100eDGpRlLMYp5CrYQGpcQ","node":{"__id__":1}},{"__type__":"cc.RigidBody","node":{"__id__":1},"_type":0},{"__type__":"cc.PhysicsPolygonCollider","node":{"__id__":1},"_offset":{"__type__":"cc.Vec2","x":-402.4,"y":809.6},"points":[{"__type__":"cc.Vec2","x":-47,"y":-1664},{"__type__":"cc.Vec2","x":857,"y":-1666},{"__type__":"cc.Vec2","x":856,"y":47},{"__type__":"cc.Vec2","x":812.3,"y":2.8},{"__type__":"cc.Vec2","x":812.6,"y":-178.5},{"__type__":"cc.Vec2","x":642.2,"y":-184.4},{"__type__":"cc.Vec2","x":632.7,"y":-197.8},{"__type__":"cc.Vec2","x":631.5,"y":-242.5},{"__type__":"cc.Vec2","x":641.2,"y":-259.2},{"__type__":"cc.Vec2","x":808,"y":-270},{"__type__":"cc.Vec2","x":806,"y":-1081},{"__type__":"cc.Vec2","x":810.6,"y":-1280.8},{"__type__":"cc.Vec2","x":812,"y":-1624},{"__type__":"cc.Vec2","x":530,"y":-1625},{"__type__":"cc.Vec2","x":530,"y":-1213},{"__type__":"cc.Vec2","x":709.3,"y":-1208.2},{"__type__":"cc.Vec2","x":712.4,"y":-1094.9},{"__type__":"cc.Vec2","x":692,"y":-1081},{"__type__":"cc.Vec2","x":281.7,"y":-1084.9},{"__type__":"cc.Vec2","x":273.1,"y":-1111.8},{"__type__":"cc.Vec2","x":275.7,"y":-1309.2},{"__type__":"cc.Vec2","x":251.5,"y":-1385.9},{"__type__":"cc.Vec2","x":187.4,"y":-1419.7},{"__type__":"cc.Vec2","x":104.4,"y":-1418.2},{"__type__":"cc.Vec2","x":26.2,"y":-1383.4},{"__type__":"cc.Vec2","x":-4,"y":-1313},{"__type__":"cc.Vec2","x":-6.3,"y":-262.7},{"__type__":"cc.Vec2","x":508,"y":-263},{"__type__":"cc.Vec2","x":531,"y":-250},{"__type__":"cc.Vec2","x":530,"y":-195},{"__type__":"cc.Vec2","x":508.6,"y":-183},{"__type__":"cc.Vec2","x":-6,"y":-181.6},{"__type__":"cc.Vec2","x":-7.7,"y":4.9},{"__type__":"cc.Vec2","x":335.1,"y":4.7},{"__type__":"cc.Vec2","x":811.9,"y":4.8},{"__type__":"cc.Vec2","x":854.1,"y":46.9},{"__type__":"cc.Vec2","x":-50,"y":50}]},{"__type__":"cc.PhysicsPolygonCollider","node":{"__id__":1},"_offset":{"__type__":"cc.Vec2","x":-257,"y":395},"points":[{"__type__":"cc.Vec2","x":129,"y":-562.3},{"__type__":"cc.Vec2","x":325.1,"y":-564.9},{"__type__":"cc.Vec2","x":204.2,"y":-404.1},{"__type__":"cc.Vec2","x":132.3,"y":-224.9},{"__type__":"cc.Vec2","x":86.9,"y":51.4},{"__type__":"cc.Vec2","x":-50,"y":50},{"__type__":"cc.Vec2","x":-28.5,"y":-239.7},{"__type__":"cc.Vec2","x":41.2,"y":-420.8}]},{"__type__":"cc.PhysicsPolygonCollider","node":{"__id__":1},"_offset":{"__type__":"cc.Vec2","x":-17.1,"y":396.7},"points":[{"__type__":"cc.Vec2","x":-48,"y":-65},{"__type__":"cc.Vec2","x":-17,"y":-200},{"__type__":"cc.Vec2","x":13,"y":-266},{"__type__":"cc.Vec2","x":304,"y":-271.6},{"__type__":"cc.Vec2","x":326.7,"y":-253.8},{"__type__":"cc.Vec2","x":325.2,"y":-150.5},{"__type__":"cc.Vec2","x":297.7,"y":-127.3},{"__type__":"cc.Vec2","x":145.5,"y":-129.1},{"__type__":"cc.Vec2","x":148.4,"y":46},{"__type__":"cc.Vec2","x":-48,"y":47}]},{"__type__":"cc.PhysicsPolygonCollider","node":{"__id__":1},"_offset":{"__type__":"cc.Vec2","x":118.1,"y":-20.3},"points":[{"__type__":"cc.Vec2","x":61.1,"y":-147.3},{"__type__":"cc.Vec2","x":177.7,"y":-150.5},{"__type__":"cc.Vec2","x":190.5,"y":-136.3},{"__type__":"cc.Vec2","x":191.1,"y":38.7},{"__type__":"cc.Vec2","x":173,"y":52.3},{"__type__":"cc.Vec2","x":-50,"y":50},{"__type__":"cc.Vec2","x":-62.4,"y":40.1},{"__type__":"cc.Vec2","x":-60.1,"y":23.2}]}],"_prefab":{"__type__":"cc.PrefabInfo","root":{"__id__":1},"asset":{"__uuid__":"cb46kSmShK/49r05eVYumB"},"fileId":"acZjchZotHIbt+WaEnZ9u4"},"_contentSize":{"__type__":"cc.Size","width":903,"height":1713},"_trs":{"__type__":"TypedArray","ctor":"Float64Array","array":[0,-18.19,0,0,0,0,1,1,1,1]}},{"__type__":"cc.Node","_name":"black_node","_parent":{"__id__":1},"_components":[{"__type__":"6c0e8KZwr5L34azTYX21stu","node":{"__id__":2}}],"_prefab":{"__type__":"cc.PrefabInfo","root":{"__id__":1},"asset":{"__uuid__":"cb46kSmShK/49r05eVYumB"},"fileId":"c7YUxhiv9PjKvAy0xCIQFw"},"_trs":{"__type__":"TypedArray","ctor":"Float64Array","array":[0,0,0,0,0,0,1,1,1,1]}},{"__type__":"cc.Node","_name":"gray_node","_parent":{"__id__":1},"_components":[{"__type__":"3400dF2d2tHLK8+En9baGXY","node":{"__id__":3},"grey_prefab":{"__uuid__":"13FEeEL1NMaK5TFGpFQpJr"}}],"_prefab":{"__type__":"cc.PrefabInfo","root":{"__id__":1},"asset":{"__uuid__":"cb46kSmShK/49r05eVYumB"},"fileId":"2fc5CUrTVGF5JeCEdMrNgM"},"_trs":{"__type__":"TypedArray","ctor":"Float64Array","array":[0,0,0,0,0,0,1,1,1,1]}},{"__type__":"cc.Node","_name":"bulePos_node","_parent":{"__id__":1},"_children":[{"__type__":"cc.Node","_name":"New Node","_parent":{"__id__":4},"_prefab":{"__type__":"cc.PrefabInfo","root":{"__id__":1},"asset":{"__uuid__":"cb46kSmShK/49r05eVYumB"},"fileId":"e3gN4YkDNHd6Ic/3bGkddL"},"_trs":{"__type__":"TypedArray","ctor":"Float64Array","array":[169.545,746.258,0,0,0,0,1,1,1,1]}},{"__type__":"cc.Node","_name":"New Node","_parent":{"__id__":4},"_prefab":{"__type__":"cc.PrefabInfo","root":{"__id__":1},"asset":{"__uuid__":"cb46kSmShK/49r05eVYumB"},"fileId":"78vcLEQf5JtaB+im+O2omf"},"_trs":{"__type__":"TypedArray","ctor":"Float64Array","array":[0,728.275,0,0,0,0,1,1,1,1]}}],"_prefab":{"__type__":"cc.PrefabInfo","root":{"__id__":1},"asset":{"__uuid__":"cb46kSmShK/49r05eVYumB"},"fileId":"adAKsRTC5FB4gx9clIN/JB"},"_trs":{"__type__":"TypedArray","ctor":"Float64Array","array":[0,0,0,0,0,0,1,1,1,1]}},{"__type__":"cc.Node","_name":"redPos_node","_parent":{"__id__":1},"_children":[{"__type__":"cc.Node","_name":"New Node","_parent":{"__id__":5},"_prefab":{"__type__":"cc.PrefabInfo","root":{"__id__":1},"asset":{"__uuid__":"cb46kSmShK/49r05eVYumB"},"fileId":"58HKloWtRDLZdK7z8HBI8m"},"_trs":{"__type__":"TypedArray","ctor":"Float64Array","array":[205.728,464.679,0,0,0,0,1,1,1,1]}}],"_prefab":{"__type__":"cc.PrefabInfo","root":{"__id__":1},"asset":{"__uuid__":"cb46kSmShK/49r05eVYumB"},"fileId":"4607DkjCRNYJRmPQcn+2rk"},"_trs":{"__type__":"TypedArray","ctor":"Float64Array","array":[0,0,0,0,0,0,1,1,1,1]}},{"__type__":"cc.Node","_name":"zhenNode","_parent":{"__id__":1},"_children":[{"__id__":7}],"_prefab":{"__type__":"cc.PrefabInfo","root":{"__id__":1},"asset":{"__uuid__":"cb46kSmShK/49r05eVYumB"},"fileId":"1clnwrKwtA+IzA+mFS67TN"},"_trs":{"__type__":"TypedArray","ctor":"Float64Array","array":[208.818,592.882,0,0,0,0,1,1,1,1]},"_groupIndex":8,"groupIndex":8},{"__type__":"cc.Node","_name":"zhen","_parent":{"__id__":6},"_components":[{"__type__":"cc.Sprite","node":{"__id__":7},"_materials":[{"__uuid__":"ecpdLyjvZBwrvm+cedCcQy"}],"_spriteFrame":{"__uuid__":"81u1O4l2lM2IGXbUA/0aw7"},"_type":1,"_sizeMode":0},{"__type__":"cc.RigidBody","node":{"__id__":7},"_type":3,"_allowSleep":false,"_gravityScale":0,"_fixedRotation":true,"enabledContactListener":true,"bullet":true},{"__type__":"cc.PhysicsPolygonCollider","node":{"__id__":7},"tag":222,"_offset":{"__type__":"cc.Vec2","x":104.3,"y":-5},"points":[{"__type__":"cc.Vec2","x":-48.9,"y":-66.3},{"__type__":"cc.Vec2","x":62.5,"y":-66.3},{"__type__":"cc.Vec2","x":63,"y":67.4},{"__type__":"cc.Vec2","x":-48.4,"y":69},{"__type__":"cc.Vec2","x":-52.2,"y":41.4},{"__type__":"cc.Vec2","x":-257.6,"y":42.4},{"__type__":"cc.Vec2","x":-254.8,"y":-33.8},{"__type__":"cc.Vec2","x":-49.2,"y":-34.3}]},{"__type__":"72555Q9muRD1505Zi2fOOxm","node":{"__id__":7},"linevelocityX":500}],"_prefab":{"__type__":"cc.PrefabInfo","root":{"__id__":1},"asset":{"__uuid__":"cb46kSmShK/49r05eVYumB"},"fileId":"62ZJnF1S9N9reJKsKdRsbb"},"_contentSize":{"__type__":"cc.Size","width":306,"height":111},"_trs":{"__type__":"TypedArray","ctor":"Float64Array","array":[0,0,0,0,0,0,1,0.8,0.8,0.8]},"_groupIndex":8,"groupIndex":8},{"__type__":"cc.Node","_name":"zhenNodeTwo","_parent":{"__id__":1},"_children":[{"__id__":9},{"__id__":10},{"__id__":11}],"_prefab":{"__type__":"cc.PrefabInfo","root":{"__id__":1},"asset":{"__uuid__":"cb46kSmShK/49r05eVYumB"},"fileId":"1cogzhsthLlKGFqQzN3246"},"_trs":{"__type__":"TypedArray","ctor":"Float64Array","array":[-61.756,550.243,0,0,0,0.7071067811865476,-0.7071067811865475,1,1,1]},"_eulerAngles":{"__type__":"cc.Vec3","z":270}},{"__type__":"cc.Node","_name":"zhen","_parent":{"__id__":8},"_components":[{"__type__":"cc.Sprite","node":{"__id__":9},"_materials":[{"__uuid__":"ecpdLyjvZBwrvm+cedCcQy"}],"_spriteFrame":{"__uuid__":"14vJwyNH1OspMXFimJtxkW"},"_type":1,"_sizeMode":0},{"__type__":"cc.RigidBody","node":{"__id__":9},"_type":3,"_gravityScale":0,"_fixedRotation":true,"enabledContactListener":true,"bullet":true},{"__type__":"cc.PhysicsPolygonCollider","node":{"__id__":9},"_offset":{"__type__":"cc.Vec2","x":199,"y":3.9},"points":[{"__type__":"cc.Vec2","x":-324.8,"y":-71},{"__type__":"cc.Vec2","x":-206.9,"y":-71},{"__type__":"cc.Vec2","x":-207.7,"y":-36.8},{"__type__":"cc.Vec2","x":-77,"y":-35.8},{"__type__":"cc.Vec2","x":-78.1,"y":32.2},{"__type__":"cc.Vec2","x":-209.4,"y":31.2},{"__type__":"cc.Vec2","x":-210.5,"y":65.8},{"__type__":"cc.Vec2","x":-322.8,"y":63.1}]},{"__type__":"1cb3eoIRdhJWZayW7A68Y7j","node":{"__id__":9}}],"_prefab":{"__type__":"cc.PrefabInfo","root":{"__id__":1},"asset":{"__uuid__":"cb46kSmShK/49r05eVYumB"},"fileId":"8d2lVS8SxC/K0HulZY95DH"},"_contentSize":{"__type__":"cc.Size","width":242,"height":111},"_trs":{"__type__":"TypedArray","ctor":"Float64Array","array":[0,0,0,0,0,0,1,1,1,1]}},{"__type__":"cc.Node","_name":"zhenup","_parent":{"__id__":8},"_components":[{"__type__":"cc.RigidBody","node":{"__id__":10},"_type":0,"_gravityScale":0,"bullet":true}],"_prefab":{"__type__":"cc.PrefabInfo","root":{"__id__":1},"asset":{"__uuid__":"cb46kSmShK/49r05eVYumB"},"fileId":"c9s2R5/PJPTL5gWt329utg"},"_trs":{"__type__":"TypedArray","ctor":"Float64Array","array":[0,93.091,0,0,0,0,1,1,1,1]}},{"__type__":"cc.Node","_name":"zhendown","_parent":{"__id__":8},"_components":[{"__type__":"cc.RigidBody","node":{"__id__":11},"_type":0,"_gravityScale":0,"bullet":true}],"_prefab":{"__type__":"cc.PrefabInfo","root":{"__id__":1},"asset":{"__uuid__":"cb46kSmShK/49r05eVYumB"},"fileId":"7elKCX7T1E5IGobJdpWpHw"},"_trs":{"__type__":"TypedArray","ctor":"Float64Array","array":[0,-343,0,0,0,0,1,1,1,1]}},{"__type__":"cc.Node","_name":"zhenNodeTwo","_parent":{"__id__":1},"_children":[{"__id__":13},{"__id__":14},{"__id__":15}],"_prefab":{"__type__":"cc.PrefabInfo","root":{"__id__":1},"asset":{"__uuid__":"cb46kSmShK/49r05eVYumB"},"fileId":"f9o+G6YUpOoalufVQ4H6bf"},"_trs":{"__type__":"TypedArray","ctor":"Float64Array","array":[412.187,264.777,0,0,0,1,6.123233995736766e-17,1,1,1]},"_eulerAngles":{"__type__":"cc.Vec3","z":180}},{"__type__":"cc.Node","_name":"zhen","_parent":{"__id__":12},"_components":[{"__type__":"cc.Sprite","node":{"__id__":13},"_materials":[{"__uuid__":"ecpdLyjvZBwrvm+cedCcQy"}],"_spriteFrame":{"__uuid__":"14vJwyNH1OspMXFimJtxkW"},"_type":1,"_sizeMode":0},{"__type__":"cc.RigidBody","node":{"__id__":13},"_type":3,"_gravityScale":0,"_fixedRotation":true,"enabledContactListener":true,"bullet":true},{"__type__":"cc.PhysicsPolygonCollider","node":{"__id__":13},"_offset":{"__type__":"cc.Vec2","x":199,"y":3.9},"points":[{"__type__":"cc.Vec2","x":-324.8,"y":-71},{"__type__":"cc.Vec2","x":-206.9,"y":-71},{"__type__":"cc.Vec2","x":-207.7,"y":-36.8},{"__type__":"cc.Vec2","x":-77,"y":-35.8},{"__type__":"cc.Vec2","x":-78.1,"y":32.2},{"__type__":"cc.Vec2","x":-209.4,"y":31.2},{"__type__":"cc.Vec2","x":-210.5,"y":65.8},{"__type__":"cc.Vec2","x":-322.8,"y":63.1}]},{"__type__":"1cb3eoIRdhJWZayW7A68Y7j","node":{"__id__":13},"applyDownsensor":true}],"_prefab":{"__type__":"cc.PrefabInfo","root":{"__id__":1},"asset":{"__uuid__":"cb46kSmShK/49r05eVYumB"},"fileId":"71JtTxeQZKT4umESJ4dyGn"},"_contentSize":{"__type__":"cc.Size","width":242,"height":111},"_trs":{"__type__":"TypedArray","ctor":"Float64Array","array":[0,0,0,0,0,0,1,1,1,1]}},{"__type__":"cc.Node","_name":"zhenup","_parent":{"__id__":12},"_components":[{"__type__":"cc.RigidBody","node":{"__id__":14},"_type":0,"_gravityScale":0,"bullet":true}],"_prefab":{"__type__":"cc.PrefabInfo","root":{"__id__":1},"asset":{"__uuid__":"cb46kSmShK/49r05eVYumB"},"fileId":"99Krx3cXlMa57gTupYY4Cy"},"_trs":{"__type__":"TypedArray","ctor":"Float64Array","array":[0,145.324,0,0,0,0,1,1,1,1]}},{"__type__":"cc.Node","_name":"zhendown","_parent":{"__id__":12},"_components":[{"__type__":"cc.RigidBody","node":{"__id__":15},"_type":0,"_gravityScale":0,"bullet":true}],"_prefab":{"__type__":"cc.PrefabInfo","root":{"__id__":1},"asset":{"__uuid__":"cb46kSmShK/49r05eVYumB"},"fileId":"adQHN+QHVNv4f0CypLkdNs"},"_trs":{"__type__":"TypedArray","ctor":"Float64Array","array":[0,-275.871,0,0,0,0,1,1,1,1]}},{"__type__":"cc.Node","_name":"zhenNodeTwo","_parent":{"__id__":1},"_children":[{"__id__":17},{"__id__":18},{"__id__":19}],"_prefab":{"__type__":"cc.PrefabInfo","root":{"__id__":1},"asset":{"__uuid__":"cb46kSmShK/49r05eVYumB"},"fileId":"34WFr8nQREtbE6YvGV4ms3"},"_trs":{"__type__":"TypedArray","ctor":"Float64Array","array":[143.473,-270.784,0,0,0,0.7071067811865475,0.7071067811865476,1,1,1]},"_eulerAngles":{"__type__":"cc.Vec3","z":90}},{"__type__":"cc.Node","_name":"zhen","_parent":{"__id__":16},"_components":[{"__type__":"cc.Sprite","node":{"__id__":17},"_materials":[{"__uuid__":"ecpdLyjvZBwrvm+cedCcQy"}],"_spriteFrame":{"__uuid__":"14vJwyNH1OspMXFimJtxkW"},"_type":1,"_sizeMode":0},{"__type__":"cc.RigidBody","node":{"__id__":17},"_type":3,"_gravityScale":0,"_fixedRotation":true,"enabledContactListener":true,"bullet":true},{"__type__":"cc.PhysicsPolygonCollider","node":{"__id__":17},"_offset":{"__type__":"cc.Vec2","x":199,"y":3.9},"points":[{"__type__":"cc.Vec2","x":-324.8,"y":-71},{"__type__":"cc.Vec2","x":-206.9,"y":-71},{"__type__":"cc.Vec2","x":-207.7,"y":-36.8},{"__type__":"cc.Vec2","x":-77,"y":-35.8},{"__type__":"cc.Vec2","x":-78.1,"y":32.2},{"__type__":"cc.Vec2","x":-209.4,"y":31.2},{"__type__":"cc.Vec2","x":-210.5,"y":65.8},{"__type__":"cc.Vec2","x":-322.8,"y":63.1}]},{"__type__":"1cb3eoIRdhJWZayW7A68Y7j","node":{"__id__":17}}],"_prefab":{"__type__":"cc.PrefabInfo","root":{"__id__":1},"asset":{"__uuid__":"cb46kSmShK/49r05eVYumB"},"fileId":"572h3Lzu9BF4mhoi5XGNC8"},"_contentSize":{"__type__":"cc.Size","width":242,"height":111},"_trs":{"__type__":"TypedArray","ctor":"Float64Array","array":[0,0,0,0,0,0,1,1,1,1]}},{"__type__":"cc.Node","_name":"zhenup","_parent":{"__id__":16},"_components":[{"__type__":"cc.RigidBody","node":{"__id__":18},"_type":0,"_gravityScale":0,"bullet":true}],"_prefab":{"__type__":"cc.PrefabInfo","root":{"__id__":1},"asset":{"__uuid__":"cb46kSmShK/49r05eVYumB"},"fileId":"d8uelvIzlPM7ojQMvBHsTu"},"_trs":{"__type__":"TypedArray","ctor":"Float64Array","array":[0,247.324,0,0,0,0,1,1,1,1]}},{"__type__":"cc.Node","_name":"zhendown","_parent":{"__id__":16},"_components":[{"__type__":"cc.RigidBody","node":{"__id__":19},"_type":0,"_gravityScale":0,"bullet":true}],"_prefab":{"__type__":"cc.PrefabInfo","root":{"__id__":1},"asset":{"__uuid__":"cb46kSmShK/49r05eVYumB"},"fileId":"e4x/0ykMhEv4cb5DHASPSC"},"_trs":{"__type__":"TypedArray","ctor":"Float64Array","array":[0,-143.871,0,0,0,0,1,1,1,1]}}]]