[[{"__type__":"cc.Prefab","_name":"UIDerived47","data":{"__id__":1}},{"__type__":"cc.Node","_name":"UIDerived54","_children":[{"__type__":"cc.Node","_name":"bule_node","_parent":{"__id__":1},"_prefab":{"__type__":"cc.PrefabInfo","root":{"__id__":1},"asset":{"__uuid__":"aedwG14GRBebrvmzQWXi3U"},"fileId":"8dJ+oN21hIpILgGyjXYeFQ"},"_trs":{"__type__":"TypedArray","ctor":"Float64Array","array":[0,0,0,0,0,0,1,1,1,1]}},{"__type__":"cc.Node","_name":"greenwater_node","_parent":{"__id__":1},"_prefab":{"__type__":"cc.PrefabInfo","root":{"__id__":1},"asset":{"__uuid__":"aedwG14GRBebrvmzQWXi3U"},"fileId":"82bZKoOuFCO477u2HT/gqN"},"_trs":{"__type__":"TypedArray","ctor":"Float64Array","array":[0,0,0,0,0,0,1,1,1,1]}},{"__type__":"cc.Node","_name":"redwater_node","_parent":{"__id__":1},"_prefab":{"__type__":"cc.PrefabInfo","root":{"__id__":1},"asset":{"__uuid__":"aedwG14GRBebrvmzQWXi3U"},"fileId":"05iHICL+xCOppGnKeWQAVe"},"_trs":{"__type__":"TypedArray","ctor":"Float64Array","array":[0,0,0,0,0,0,1,1,1,1]}},{"__id__":2},{"__id__":3},{"__id__":4},{"__id__":5},{"__type__":"cc.Node","_name":"greenPos_node","_parent":{"__id__":1},"_prefab":{"__type__":"cc.PrefabInfo","root":{"__id__":1},"asset":{"__uuid__":"aedwG14GRBebrvmzQWXi3U"},"fileId":"bbOofw2kNGOJ8++mKT9gM0"},"_trs":{"__type__":"TypedArray","ctor":"Float64Array","array":[0,0,0,0,0,0,1,1,1,1]}},{"__type__":"cc.Node","_name":"player","_parent":{"__id__":1},"_prefab":{"__type__":"cc.PrefabInfo","root":{"__id__":1},"asset":{"__uuid__":"aedwG14GRBebrvmzQWXi3U"},"fileId":"5c9rW0IBdA26sgQLkFyuSK"},"_contentSize":{"__type__":"cc.Size","width":240,"height":140},"_trs":{"__type__":"TypedArray","ctor":"Float64Array","array":[189.886,-622.681,0,0,0,0,1,-0.7,0.7,1]}},{"__type__":"cc.Node","_name":"enemy","_parent":{"__id__":1},"_prefab":{"__type__":"cc.PrefabInfo","root":{"__id__":1},"asset":{"__uuid__":"aedwG14GRBebrvmzQWXi3U"},"fileId":"9eHsKtK8NKvLAyCzesAx0F"},"_trs":{"__type__":"TypedArray","ctor":"Float64Array","array":[-206.274,-630.74,0,0,0,0,1,1,1,1]}},{"__id__":6},{"__id__":8},{"__id__":10},{"__id__":12},{"__id__":14}],"_components":[{"__type__":"cc.Sprite","node":{"__id__":1},"_materials":[{"__uuid__":"ecpdLyjvZBwrvm+cedCcQy"}],"_spriteFrame":{"__uuid__":"e9A8yNJWVAiJpkwayF4e/C"}},{"__type__":"cc.RigidBody","node":{"__id__":1},"_type":0},{"__type__":"cc.PhysicsPolygonCollider","node":{"__id__":1},"_offset":{"__type__":"cc.Vec2","x":-429,"y":711},"points":[{"__type__":"cc.Vec2","x":-60,"y":-1482},{"__type__":"cc.Vec2","x":920,"y":-1466},{"__type__":"cc.Vec2","x":925,"y":40},{"__type__":"cc.Vec2","x":482.3,"y":-0.5},{"__type__":"cc.Vec2","x":481.3,"y":-209.1},{"__type__":"cc.Vec2","x":503.4,"y":-228.8},{"__type__":"cc.Vec2","x":677.1,"y":-228.5},{"__type__":"cc.Vec2","x":696.7,"y":-210},{"__type__":"cc.Vec2","x":696.4,"y":-36.7},{"__type__":"cc.Vec2","x":864.1,"y":-36.1},{"__type__":"cc.Vec2","x":862,"y":-264.1},{"__type__":"cc.Vec2","x":751.8,"y":-331.7},{"__type__":"cc.Vec2","x":732,"y":-351},{"__type__":"cc.Vec2","x":737,"y":-1418},{"__type__":"cc.Vec2","x":508,"y":-1421},{"__type__":"cc.Vec2","x":508,"y":-788.3},{"__type__":"cc.Vec2","x":491.3,"y":-765.8},{"__type__":"cc.Vec2","x":379,"y":-793.2},{"__type__":"cc.Vec2","x":359.7,"y":-821.6},{"__type__":"cc.Vec2","x":347,"y":-1418},{"__type__":"cc.Vec2","x":127,"y":-1416},{"__type__":"cc.Vec2","x":123,"y":-1057},{"__type__":"cc.Vec2","x":-1,"y":-973},{"__type__":"cc.Vec2","x":-6.9,"y":-692.1},{"__type__":"cc.Vec2","x":3.5,"y":-675.4},{"__type__":"cc.Vec2","x":309.1,"y":-607.7},{"__type__":"cc.Vec2","x":313,"y":-553},{"__type__":"cc.Vec2","x":297,"y":-520},{"__type__":"cc.Vec2","x":-6,"y":-460},{"__type__":"cc.Vec2","x":-7,"y":-36},{"__type__":"cc.Vec2","x":160.9,"y":-38.5},{"__type__":"cc.Vec2","x":159.6,"y":-201.6},{"__type__":"cc.Vec2","x":175.9,"y":-224.4},{"__type__":"cc.Vec2","x":360.9,"y":-230.3},{"__type__":"cc.Vec2","x":379.5,"y":-203.6},{"__type__":"cc.Vec2","x":374.3,"y":1.5},{"__type__":"cc.Vec2","x":478.5,"y":-0.2},{"__type__":"cc.Vec2","x":923,"y":41},{"__type__":"cc.Vec2","x":-50,"y":50}]},{"__type__":"1100eDGpRlLMYp5CrYQGpcQ","node":{"__id__":1},"player_happy":true}],"_prefab":{"__type__":"cc.PrefabInfo","root":{"__id__":1},"asset":{"__uuid__":"aedwG14GRBebrvmzQWXi3U"},"fileId":"1bAWuynZpIgb7JV6il2CGF"},"_contentSize":{"__type__":"cc.Size","width":956,"height":1503},"_trs":{"__type__":"TypedArray","ctor":"Float64Array","array":[0,0,0,0,0,0,1,1,1,1]}},{"__type__":"cc.Node","_name":"black_node","_parent":{"__id__":1},"_components":[{"__type__":"6c0e8KZwr5L34azTYX21stu","node":{"__id__":2}}],"_prefab":{"__type__":"cc.PrefabInfo","root":{"__id__":1},"asset":{"__uuid__":"aedwG14GRBebrvmzQWXi3U"},"fileId":"46thHc/fhI1LXh1poL/Gjv"},"_trs":{"__type__":"TypedArray","ctor":"Float64Array","array":[0,0,0,0,0,0,1,1,1,1]}},{"__type__":"cc.Node","_name":"gray_node","_parent":{"__id__":1},"_components":[{"__type__":"3400dF2d2tHLK8+En9baGXY","node":{"__id__":3},"grey_prefab":{"__uuid__":"13FEeEL1NMaK5TFGpFQpJr"}}],"_prefab":{"__type__":"cc.PrefabInfo","root":{"__id__":1},"asset":{"__uuid__":"aedwG14GRBebrvmzQWXi3U"},"fileId":"4buQaAMOpKJIwzlaQzSQ+h"},"_trs":{"__type__":"TypedArray","ctor":"Float64Array","array":[0,0,0,0,0,0,1,1,1,1]}},{"__type__":"cc.Node","_name":"bulePos_node","_parent":{"__id__":1},"_children":[{"__type__":"cc.Node","_name":"New Node","_parent":{"__id__":4},"_prefab":{"__type__":"cc.PrefabInfo","root":{"__id__":1},"asset":{"__uuid__":"aedwG14GRBebrvmzQWXi3U"},"fileId":"48saMxSYtKgooHs9Bx821t"},"_trs":{"__type__":"TypedArray","ctor":"Float64Array","array":[-201.696,-571.33,0,0,0,0,1,1,1,1]}},{"__type__":"cc.Node","_name":"New Node","_parent":{"__id__":4},"_prefab":{"__type__":"cc.PrefabInfo","root":{"__id__":1},"asset":{"__uuid__":"aedwG14GRBebrvmzQWXi3U"},"fileId":"4dvO20xmhCnYVpUS/oPsIl"},"_trs":{"__type__":"TypedArray","ctor":"Float64Array","array":[181.494,-507.725,0,0,0,0,1,1,1,1]}}],"_prefab":{"__type__":"cc.PrefabInfo","root":{"__id__":1},"asset":{"__uuid__":"aedwG14GRBebrvmzQWXi3U"},"fileId":"f92uLwyDJBkYb8ReRj24qM"},"_trs":{"__type__":"TypedArray","ctor":"Float64Array","array":[0,0,0,0,0,0,1,1,1,1]}},{"__type__":"cc.Node","_name":"redPos_node","_parent":{"__id__":1},"_children":[{"__type__":"cc.Node","_name":"New Node","_parent":{"__id__":5},"_prefab":{"__type__":"cc.PrefabInfo","root":{"__id__":1},"asset":{"__uuid__":"aedwG14GRBebrvmzQWXi3U"},"fileId":"4crfk0pfBBNrlUUEZ0Q3hV"},"_trs":{"__type__":"TypedArray","ctor":"Float64Array","array":[326.23,595.026,0,0,0,0,1,1,1,1]}}],"_prefab":{"__type__":"cc.PrefabInfo","root":{"__id__":1},"asset":{"__uuid__":"aedwG14GRBebrvmzQWXi3U"},"fileId":"beXbBvdLpD95XgVqIYdQi2"},"_trs":{"__type__":"TypedArray","ctor":"Float64Array","array":[0,0,0,0,0,0,1,1,1,1]}},{"__type__":"cc.Node","_name":"zhenNode","_parent":{"__id__":1},"_children":[{"__id__":7}],"_prefab":{"__type__":"cc.PrefabInfo","root":{"__id__":1},"asset":{"__uuid__":"aedwG14GRBebrvmzQWXi3U"},"fileId":"7dTlcGQ6NN5Jm3jVQPcKqE"},"_trs":{"__type__":"TypedArray","ctor":"Float64Array","array":[-201.693,-399.238,0,0,0,0.9940173228448996,-0.10922253377512607,1,1,1]},"_eulerAngles":{"__type__":"cc.Vec3","z":192.541},"_groupIndex":8,"groupIndex":8},{"__type__":"cc.Node","_name":"zhen","_parent":{"__id__":6},"_components":[{"__type__":"cc.Sprite","node":{"__id__":7},"_materials":[{"__uuid__":"ecpdLyjvZBwrvm+cedCcQy"}],"_spriteFrame":{"__uuid__":"81u1O4l2lM2IGXbUA/0aw7"},"_type":1},{"__type__":"cc.RigidBody","node":{"__id__":7},"_type":3,"_allowSleep":false,"_gravityScale":0,"_fixedRotation":true,"enabledContactListener":true,"bullet":true},{"__type__":"cc.PhysicsPolygonCollider","node":{"__id__":7},"tag":222,"_offset":{"__type__":"cc.Vec2","x":241,"y":-1},"points":[{"__type__":"cc.Vec2","x":-48.9,"y":-66.3},{"__type__":"cc.Vec2","x":62.5,"y":-66.3},{"__type__":"cc.Vec2","x":63,"y":67.4},{"__type__":"cc.Vec2","x":-48.4,"y":69},{"__type__":"cc.Vec2","x":-52.2,"y":41.4},{"__type__":"cc.Vec2","x":-533.6,"y":43.1},{"__type__":"cc.Vec2","x":-532.1,"y":-35.8},{"__type__":"cc.Vec2","x":-49.2,"y":-34.3}]},{"__type__":"72555Q9muRD1505Zi2fOOxm","node":{"__id__":7},"linevelocityX":500}],"_prefab":{"__type__":"cc.PrefabInfo","root":{"__id__":1},"asset":{"__uuid__":"aedwG14GRBebrvmzQWXi3U"},"fileId":"bd7Ec+nE9KO56F0Y1Z++G9"},"_contentSize":{"__type__":"cc.Size","width":587,"height":111},"_trs":{"__type__":"TypedArray","ctor":"Float64Array","array":[0,0,0,0,0,0,1,0.8,0.8,0.8]},"_groupIndex":8,"groupIndex":8},{"__type__":"cc.Node","_name":"zhenNode","_parent":{"__id__":1},"_children":[{"__id__":9}],"_prefab":{"__type__":"cc.PrefabInfo","root":{"__id__":1},"asset":{"__uuid__":"aedwG14GRBebrvmzQWXi3U"},"fileId":"3fzYEcVZhLeoMEiDBT1i28"},"_trs":{"__type__":"TypedArray","ctor":"Float64Array","array":[122.425,-30.941,0,0,0,0.12613837076641976,0.9920126568851797,1,1,1]},"_eulerAngles":{"__type__":"cc.Vec3","z":14.493},"_groupIndex":8,"groupIndex":8},{"__type__":"cc.Node","_name":"zhen","_parent":{"__id__":8},"_components":[{"__type__":"cc.Sprite","node":{"__id__":9},"_materials":[{"__uuid__":"ecpdLyjvZBwrvm+cedCcQy"}],"_spriteFrame":{"__uuid__":"81u1O4l2lM2IGXbUA/0aw7"},"_type":1,"_sizeMode":0},{"__type__":"cc.RigidBody","node":{"__id__":9},"_type":3,"_allowSleep":false,"_gravityScale":0,"_fixedRotation":true,"enabledContactListener":true,"bullet":true},{"__type__":"cc.PhysicsPolygonCollider","node":{"__id__":9},"tag":222,"_offset":{"__type__":"cc.Vec2","x":286,"y":-6},"points":[{"__type__":"cc.Vec2","x":-48.9,"y":-66.3},{"__type__":"cc.Vec2","x":62.5,"y":-66.3},{"__type__":"cc.Vec2","x":63,"y":67.4},{"__type__":"cc.Vec2","x":-48.4,"y":69},{"__type__":"cc.Vec2","x":-52.2,"y":41.4},{"__type__":"cc.Vec2","x":-630.6,"y":42},{"__type__":"cc.Vec2","x":-630.5,"y":-33.8},{"__type__":"cc.Vec2","x":-49.2,"y":-34.3}]},{"__type__":"72555Q9muRD1505Zi2fOOxm","node":{"__id__":9},"linevelocityX":500}],"_prefab":{"__type__":"cc.PrefabInfo","root":{"__id__":1},"asset":{"__uuid__":"aedwG14GRBebrvmzQWXi3U"},"fileId":"244rv6AQdPfomJL56eWdEt"},"_contentSize":{"__type__":"cc.Size","width":684,"height":111},"_trs":{"__type__":"TypedArray","ctor":"Float64Array","array":[0,0,0,0,0,0,1,0.8,0.8,0.8]},"_groupIndex":8,"groupIndex":8},{"__type__":"cc.Node","_name":"zhenNode","_parent":{"__id__":1},"_children":[{"__id__":11}],"_prefab":{"__type__":"cc.PrefabInfo","root":{"__id__":1},"asset":{"__uuid__":"aedwG14GRBebrvmzQWXi3U"},"fileId":"8aGWxz+ztBy48pka37Udr7"},"_trs":{"__type__":"TypedArray","ctor":"Float64Array","array":[126.396,228.425,0,0,0,0.12613837076641976,0.9920126568851797,1,1,1]},"_eulerAngles":{"__type__":"cc.Vec3","z":14.493},"_groupIndex":8,"groupIndex":8},{"__type__":"cc.Node","_name":"zhen","_parent":{"__id__":10},"_components":[{"__type__":"cc.Sprite","node":{"__id__":11},"_materials":[{"__uuid__":"ecpdLyjvZBwrvm+cedCcQy"}],"_spriteFrame":{"__uuid__":"81u1O4l2lM2IGXbUA/0aw7"},"_type":1,"_sizeMode":0},{"__type__":"cc.RigidBody","node":{"__id__":11},"_type":3,"_allowSleep":false,"_gravityScale":0,"_fixedRotation":true,"enabledContactListener":true,"bullet":true},{"__type__":"cc.PhysicsPolygonCollider","node":{"__id__":11},"tag":222,"_offset":{"__type__":"cc.Vec2","x":286,"y":-6},"points":[{"__type__":"cc.Vec2","x":-48.9,"y":-66.3},{"__type__":"cc.Vec2","x":62.5,"y":-66.3},{"__type__":"cc.Vec2","x":63,"y":67.4},{"__type__":"cc.Vec2","x":-48.4,"y":69},{"__type__":"cc.Vec2","x":-52.2,"y":41.4},{"__type__":"cc.Vec2","x":-630.6,"y":42},{"__type__":"cc.Vec2","x":-630.5,"y":-33.8},{"__type__":"cc.Vec2","x":-49.2,"y":-34.3}]},{"__type__":"72555Q9muRD1505Zi2fOOxm","node":{"__id__":11},"linevelocityX":500}],"_prefab":{"__type__":"cc.PrefabInfo","root":{"__id__":1},"asset":{"__uuid__":"aedwG14GRBebrvmzQWXi3U"},"fileId":"bbUettgy5FQI3KYaqUdv4c"},"_contentSize":{"__type__":"cc.Size","width":684,"height":111},"_trs":{"__type__":"TypedArray","ctor":"Float64Array","array":[0,0,0,0,0,0,1,0.8,0.8,0.8]},"_groupIndex":8,"groupIndex":8},{"__type__":"cc.Node","_name":"zhenNode","_parent":{"__id__":1},"_children":[{"__id__":13}],"_prefab":{"__type__":"cc.PrefabInfo","root":{"__id__":1},"asset":{"__uuid__":"aedwG14GRBebrvmzQWXi3U"},"fileId":"c932NYfntFCbDbFJotsgMS"},"_trs":{"__type__":"TypedArray","ctor":"Float64Array","array":[-155.321,178.821,0,0,0,0.7071067811865475,0.7071067811865476,1,1,1]},"_eulerAngles":{"__type__":"cc.Vec3","z":90},"_groupIndex":8,"groupIndex":8},{"__type__":"cc.Node","_name":"zhen","_parent":{"__id__":12},"_components":[{"__type__":"cc.Sprite","node":{"__id__":13},"_materials":[{"__uuid__":"ecpdLyjvZBwrvm+cedCcQy"}],"_spriteFrame":{"__uuid__":"81u1O4l2lM2IGXbUA/0aw7"},"_type":1,"_sizeMode":0},{"__type__":"cc.RigidBody","node":{"__id__":13},"_type":3,"_allowSleep":false,"_gravityScale":0,"_fixedRotation":true,"enabledContactListener":true,"bullet":true},{"__type__":"cc.PhysicsPolygonCollider","node":{"__id__":13},"tag":222,"_offset":{"__type__":"cc.Vec2","x":445.1,"y":-3.6},"points":[{"__type__":"cc.Vec2","x":-48.9,"y":-66.3},{"__type__":"cc.Vec2","x":62.5,"y":-66.3},{"__type__":"cc.Vec2","x":63,"y":67.4},{"__type__":"cc.Vec2","x":-48.4,"y":69},{"__type__":"cc.Vec2","x":-52.2,"y":41.4},{"__type__":"cc.Vec2","x":-950,"y":42},{"__type__":"cc.Vec2","x":-951,"y":-30},{"__type__":"cc.Vec2","x":-49.2,"y":-34.3}]},{"__type__":"72555Q9muRD1505Zi2fOOxm","node":{"__id__":13},"linevelocityX":500}],"_prefab":{"__type__":"cc.PrefabInfo","root":{"__id__":1},"asset":{"__uuid__":"aedwG14GRBebrvmzQWXi3U"},"fileId":"a3BHQYZgRCEJYF0AAL5fAM"},"_contentSize":{"__type__":"cc.Size","width":1006,"height":111},"_trs":{"__type__":"TypedArray","ctor":"Float64Array","array":[0,0,0,0,0,0,1,0.8,0.8,0.8]},"_groupIndex":8,"groupIndex":8},{"__type__":"cc.Node","_name":"zhenNode","_parent":{"__id__":1},"_children":[{"__id__":15}],"_prefab":{"__type__":"cc.PrefabInfo","root":{"__id__":1},"asset":{"__uuid__":"aedwG14GRBebrvmzQWXi3U"},"fileId":"de64AE5dFGWJc3Ft+0+75D"},"_trs":{"__type__":"TypedArray","ctor":"Float64Array","array":[102.911,417.005,0,0,0,0.7071067811865475,0.7071067811865476,1,1,1]},"_eulerAngles":{"__type__":"cc.Vec3","z":90},"_groupIndex":8,"groupIndex":8},{"__type__":"cc.Node","_name":"zhen","_parent":{"__id__":14},"_components":[{"__type__":"cc.Sprite","node":{"__id__":15},"_materials":[{"__uuid__":"ecpdLyjvZBwrvm+cedCcQy"}],"_spriteFrame":{"__uuid__":"81u1O4l2lM2IGXbUA/0aw7"},"_type":1,"_sizeMode":0},{"__type__":"cc.RigidBody","node":{"__id__":15},"_type":3,"_allowSleep":false,"_gravityScale":0,"_fixedRotation":true,"enabledContactListener":true,"bullet":true},{"__type__":"cc.PhysicsPolygonCollider","node":{"__id__":15},"tag":222,"_offset":{"__type__":"cc.Vec2","x":165,"y":-3},"points":[{"__type__":"cc.Vec2","x":-48.9,"y":-66.3},{"__type__":"cc.Vec2","x":62.5,"y":-66.3},{"__type__":"cc.Vec2","x":63,"y":67.4},{"__type__":"cc.Vec2","x":-48.4,"y":69},{"__type__":"cc.Vec2","x":-52.2,"y":41.4},{"__type__":"cc.Vec2","x":-391,"y":33},{"__type__":"cc.Vec2","x":-372,"y":-40},{"__type__":"cc.Vec2","x":-49.2,"y":-34.3}]},{"__type__":"72555Q9muRD1505Zi2fOOxm","node":{"__id__":15},"linevelocityX":500}],"_prefab":{"__type__":"cc.PrefabInfo","root":{"__id__":1},"asset":{"__uuid__":"aedwG14GRBebrvmzQWXi3U"},"fileId":"97+ogoHDxOFp1QXqksFjD8"},"_contentSize":{"__type__":"cc.Size","width":440,"height":111},"_trs":{"__type__":"TypedArray","ctor":"Float64Array","array":[0,0,0,0,0,0,1,0.8,0.8,0.8]},"_groupIndex":8,"groupIndex":8}],{"__type__":"cc.SpriteFrame","content":{"name":"guanqia70","texture":"9cFpaic91C8LxqDkALdq9I","rect":[1,1,956,1503],"offset":[0,0],"originalSize":[958,1505],"capInsets":[0,0,0,0]}}]