[{"__type__":"cc.SpriteFrame","content":{"name":"2","texture":"b2DDgwrgtCN6VIm8HILY95","rect":[0,0,820,1052],"offset":[0,0],"originalSize":[820,1052],"capInsets":[0,0,0,0]}},[{"__type__":"cc.Prefab","_name":"level_2","data":{"__id__":1}},{"__type__":"cc.Node","_name":"level_2","_children":[{"__id__":2},{"__id__":3},{"__type__":"cc.Node","_name":"goal","_parent":{"__id__":1},"_prefab":{"__type__":"cc.PrefabInfo","root":{"__id__":1},"asset":{"__uuid__":"654xU2YcdOpI6JwuXFJU/0"},"fileId":"2a9OtPkElFjas9judWtu4+"},"_trs":{"__type__":"TypedArray","ctor":"Float64Array","array":[78.035,0,0,0,0,0,1,1,1,1]}},{"__id__":4},{"__type__":"cc.Node","_name":"dsGoal","_parent":{"__id__":1},"_prefab":{"__type__":"cc.PrefabInfo","root":{"__id__":1},"asset":{"__uuid__":"654xU2YcdOpI6JwuXFJU/0"},"fileId":"9bnk1nU8VGuJkFo6hOHi+G"},"_trs":{"__type__":"TypedArray","ctor":"Float64Array","array":[78.035,-23.961,0,0,0,0,1,1,1,1]}},{"__id__":6},{"__id__":26},{"__id__":28},{"__id__":29},{"__id__":30}],"_components":[{"__type__":"e4eb3DexOBCo4Wd1qdNcG4Y","node":{"__id__":1},"playerNode":{"__id__":3},"drumstickNode":{"__id__":4},"evilFishNode":{"__id__":26},"goalArr":[{"__id__":28},{"__id__":29},{"__id__":30}],"keyArr":[{"__id__":10},{"__id__":15},{"__id__":20},{"__id__":25}]}],"_prefab":{"__type__":"cc.PrefabInfo","root":{"__id__":1},"asset":{"__uuid__":"654xU2YcdOpI6JwuXFJU/0"},"fileId":"10HscPuxlJ17nqaap1R2I1"},"_trs":{"__type__":"TypedArray","ctor":"Float64Array","array":[0,0,0,0,0,0,1,1,1,1]}},{"__type__":"cc.Node","_name":"bg","_parent":{"__id__":1},"_components":[{"__type__":"cc.Sprite","node":{"__id__":2},"_materials":[{"__uuid__":"ecpdLyjvZBwrvm+cedCcQy"}],"_spriteFrame":{"__uuid__":"0arGNZ0jFJtq6l+pmghIFN"}}],"_prefab":{"__type__":"cc.PrefabInfo","root":{"__id__":1},"asset":{"__uuid__":"654xU2YcdOpI6JwuXFJU/0"},"fileId":"90V/xmOqBMT4OW/dBn/bzt"},"_contentSize":{"__type__":"cc.Size","width":820,"height":1052},"_trs":{"__type__":"TypedArray","ctor":"Float64Array","array":[0,0,0,0,0,0,1,1,1,1]}},{"__type__":"cc.Node","_name":"players","_parent":{"__id__":1},"_components":[{"__type__":"sp.Skeleton","node":{"__id__":3},"_materials":[{"__uuid__":"7a/QZLET9IDreTiBfRn2PD"}],"defaultAnimation":"jy1","_preCacheMode":0,"premultipliedAlpha":false,"_animationName":"jy1","_N$skeletonData":{"__uuid__":"7eXUSETlJAmq9Nf/NmhP+m"}},{"__type__":"01f289XMctJip07hmhMcMgM","node":{"__id__":3},"left":-500,"right":500},{"__type__":"cc.PolygonCollider","node":{"__id__":3},"points":[{"__type__":"cc.Vec2","x":-40.9,"y":-33.1},{"__type__":"cc.Vec2","x":45.8,"y":-35.2},{"__type__":"cc.Vec2","x":69.4,"y":-8.6},{"__type__":"cc.Vec2","x":33.6,"y":39.6},{"__type__":"cc.Vec2","x":-32.6,"y":32.4},{"__type__":"cc.Vec2","x":-57,"y":5.7}]}],"_prefab":{"__type__":"cc.PrefabInfo","root":{"__id__":1},"asset":{"__uuid__":"654xU2YcdOpI6JwuXFJU/0"},"fileId":"c7wcWYGKJEk44y+91zjYAv"},"_contentSize":{"__type__":"cc.Size","width":298.26,"height":205.43},"_trs":{"__type__":"TypedArray","ctor":"Float64Array","array":[215.882,307.789,0,0,0,0,1,-1,1,1]},"_groupIndex":19,"groupIndex":19},{"__type__":"cc.Node","_name":"drumstick","_parent":{"__id__":1},"_children":[{"__id__":5}],"_prefab":{"__type__":"cc.PrefabInfo","root":{"__id__":1},"asset":{"__uuid__":"654xU2YcdOpI6JwuXFJU/0"},"fileId":"f4OoYUnKFBbY6xiq6qUWS5"},"_contentSize":{"__type__":"cc.Size","width":146,"height":130},"_trs":{"__type__":"TypedArray","ctor":"Float64Array","array":[-143.929,73.345,0,0,0,0,1,0.5,0.5,1]}},{"__type__":"cc.Node","_name":"drumstick","_parent":{"__id__":4},"_components":[{"__type__":"cc.Sprite","node":{"__id__":5},"_materials":[{"__uuid__":"ecpdLyjvZBwrvm+cedCcQy"}],"_spriteFrame":{"__uuid__":"41In5eFZZAcrgFboYtZCx8"}},{"__type__":"8129dBaWYFCnbCuQ9KTwNkc","node":{"__id__":5}},{"__type__":"cc.BoxCollider","node":{"__id__":5},"_size":{"__type__":"cc.Size","width":137,"height":175}}],"_prefab":{"__type__":"cc.PrefabInfo","root":{"__id__":1},"asset":{"__uuid__":"654xU2YcdOpI6JwuXFJU/0"},"fileId":"c0U3EhvaRFiJQtyalEMfnq"},"_contentSize":{"__type__":"cc.Size","width":137,"height":175},"_trs":{"__type__":"TypedArray","ctor":"Float64Array","array":[0,0,0,0,0,0,1,2,2,1]},"_groupIndex":18,"groupIndex":18},{"__type__":"cc.Node","_name":"key","_parent":{"__id__":1},"_children":[{"__id__":7},{"__id__":11},{"__id__":16},{"__id__":21}],"_prefab":{"__type__":"cc.PrefabInfo","root":{"__id__":1},"asset":{"__uuid__":"654xU2YcdOpI6JwuXFJU/0"},"fileId":"47A5KnJrlBOJqGkdhWrk9E"},"_trs":{"__type__":"TypedArray","ctor":"Float64Array","array":[78.035,0,0,0,0,0,1,1,1,1]}},{"__type__":"cc.Node","_name":"key","_parent":{"__id__":6},"_children":[{"__id__":8},{"__id__":9}],"_prefab":{"__type__":"cc.PrefabInfo","root":{"__id__":1},"asset":{"__uuid__":"654xU2YcdOpI6JwuXFJU/0"},"fileId":"2dMHc76LhI7pVR6EtsQRLR"},"_trs":{"__type__":"TypedArray","ctor":"Float64Array","array":[-422.855,287.105,0,0,0,1,6.123233995736766e-17,1,1,1]},"_eulerAngles":{"__type__":"cc.Vec3","z":180}},{"__type__":"cc.Node","_name":"lock","_parent":{"__id__":7},"_components":[{"__type__":"cc.Sprite","node":{"__id__":8},"_materials":[{"__uuid__":"ecpdLyjvZBwrvm+cedCcQy"}],"_spriteFrame":{"__uuid__":"ebm9zOQlFI4IGgCc9Owdfe"}},{"__type__":"15b42uAdtxGLJO3hSFb7eHo","node":{"__id__":8}}],"_prefab":{"__type__":"cc.PrefabInfo","root":{"__id__":1},"asset":{"__uuid__":"654xU2YcdOpI6JwuXFJU/0"},"fileId":"e5/jLiHJ5DWpbZAQWgbhRv"},"_contentSize":{"__type__":"cc.Size","width":56,"height":55},"_trs":{"__type__":"TypedArray","ctor":"Float64Array","array":[0.782,-183.671,0,0,0,0,1,1,1,1]}},{"__type__":"cc.Node","_name":"key","_parent":{"__id__":7},"_children":[{"__id__":10}],"_prefab":{"__type__":"cc.PrefabInfo","root":{"__id__":1},"asset":{"__uuid__":"654xU2YcdOpI6JwuXFJU/0"},"fileId":"5aAQdrA/9Gp7mdkfB7y963"},"_contentSize":{"__type__":"cc.Size","width":100,"height":200},"_trs":{"__type__":"TypedArray","ctor":"Float64Array","array":[0,0,0,0,0,0,1,1,1,1]},"_groupIndex":15,"groupIndex":15},{"__type__":"cc.Node","_name":"icon","_parent":{"__id__":9},"_components":[{"__type__":"fcf5apGFRJIEZkZJ9CwiT4c","node":{"__id__":10},"keyType":1,"where":1},{"__type__":"cc.Sprite","node":{"__id__":10},"_materials":[{"__uuid__":"ecpdLyjvZBwrvm+cedCcQy"}],"_spriteFrame":{"__uuid__":"6dXBYrBNtEiKJQUnopu+Lk"},"_type":1,"_sizeMode":0}],"_prefab":{"__type__":"cc.PrefabInfo","root":{"__id__":1},"asset":{"__uuid__":"654xU2YcdOpI6JwuXFJU/0"},"fileId":"a5u5QExcJKoIEK2R7q58bg"},"_contentSize":{"__type__":"cc.Size","width":76,"height":650},"_trs":{"__type__":"TypedArray","ctor":"Float64Array","array":[0,0,0,0,0,0,1,1,1,1]},"_groupIndex":15,"groupIndex":15},{"__type__":"cc.Node","_name":"key","_parent":{"__id__":6},"_children":[{"__id__":12},{"__id__":13},{"__id__":14}],"_prefab":{"__type__":"cc.PrefabInfo","root":{"__id__":1},"asset":{"__uuid__":"654xU2YcdOpI6JwuXFJU/0"},"fileId":"cdgvwE4RtGoqBkOesYNoca"},"_trs":{"__type__":"TypedArray","ctor":"Float64Array","array":[-51.946,321.602,0,0,0,1,6.123233995736766e-17,1,1,1]},"_eulerAngles":{"__type__":"cc.Vec3","z":180}},{"__type__":"cc.Node","_name":"lock","_parent":{"__id__":11},"_components":[{"__type__":"cc.Sprite","node":{"__id__":12},"_materials":[{"__uuid__":"ecpdLyjvZBwrvm+cedCcQy"}],"_spriteFrame":{"__uuid__":"ebm9zOQlFI4IGgCc9Owdfe"}},{"__type__":"15b42uAdtxGLJO3hSFb7eHo","node":{"__id__":12}}],"_prefab":{"__type__":"cc.PrefabInfo","root":{"__id__":1},"asset":{"__uuid__":"654xU2YcdOpI6JwuXFJU/0"},"fileId":"10jxSMzhhKX5wdS1+3fLQL"},"_contentSize":{"__type__":"cc.Size","width":56,"height":55},"_trs":{"__type__":"TypedArray","ctor":"Float64Array","array":[0,-188.485,0,0,0,0,1,1,1,1]}},{"__type__":"cc.Node","_name":"lock","_parent":{"__id__":11},"_components":[{"__type__":"cc.Sprite","node":{"__id__":13},"_materials":[{"__uuid__":"ecpdLyjvZBwrvm+cedCcQy"}],"_spriteFrame":{"__uuid__":"ebm9zOQlFI4IGgCc9Owdfe"}},{"__type__":"15b42uAdtxGLJO3hSFb7eHo","node":{"__id__":13}}],"_prefab":{"__type__":"cc.PrefabInfo","root":{"__id__":1},"asset":{"__uuid__":"654xU2YcdOpI6JwuXFJU/0"},"fileId":"6ccurvh8BEl4Dxz0sMMeN3"},"_contentSize":{"__type__":"cc.Size","width":56,"height":55},"_trs":{"__type__":"TypedArray","ctor":"Float64Array","array":[1.776,261.891,0,0,0,0,1,1,1,1]}},{"__type__":"cc.Node","_name":"key","_parent":{"__id__":11},"_children":[{"__id__":15}],"_prefab":{"__type__":"cc.PrefabInfo","root":{"__id__":1},"asset":{"__uuid__":"654xU2YcdOpI6JwuXFJU/0"},"fileId":"16nb2CWplC055zLuPXHXfz"},"_contentSize":{"__type__":"cc.Size","width":100,"height":200},"_trs":{"__type__":"TypedArray","ctor":"Float64Array","array":[0,0,0,0,0,0,1,1,1,1]},"_groupIndex":15,"groupIndex":15},{"__type__":"cc.Node","_name":"icon","_parent":{"__id__":14},"_components":[{"__type__":"fcf5apGFRJIEZkZJ9CwiT4c","node":{"__id__":15},"keyType":1,"where":1},{"__type__":"cc.Sprite","node":{"__id__":15},"_materials":[{"__uuid__":"ecpdLyjvZBwrvm+cedCcQy"}],"_spriteFrame":{"__uuid__":"6dXBYrBNtEiKJQUnopu+Lk"},"_type":1,"_sizeMode":0}],"_prefab":{"__type__":"cc.PrefabInfo","root":{"__id__":1},"asset":{"__uuid__":"654xU2YcdOpI6JwuXFJU/0"},"fileId":"86sWIXgF1KKpu/zuayTur1"},"_contentSize":{"__type__":"cc.Size","width":76,"height":600},"_trs":{"__type__":"TypedArray","ctor":"Float64Array","array":[0,0,0,0,0,0,1,1,1,1]},"_groupIndex":15,"groupIndex":15},{"__type__":"cc.Node","_name":"key","_parent":{"__id__":6},"_children":[{"__id__":17},{"__id__":18},{"__id__":19}],"_prefab":{"__type__":"cc.PrefabInfo","root":{"__id__":1},"asset":{"__uuid__":"654xU2YcdOpI6JwuXFJU/0"},"fileId":"09urVdW79GUJek+jkeGcx8"},"_trs":{"__type__":"TypedArray","ctor":"Float64Array","array":[11.997,1.243,0,0,0,0.766044443118978,0.6427876096865394,1,1,1]},"_eulerAngles":{"__type__":"cc.Vec3","z":100}},{"__type__":"cc.Node","_name":"lock","_parent":{"__id__":16},"_components":[{"__type__":"cc.Sprite","node":{"__id__":17},"_materials":[{"__uuid__":"ecpdLyjvZBwrvm+cedCcQy"}],"_spriteFrame":{"__uuid__":"ebm9zOQlFI4IGgCc9Owdfe"}},{"__type__":"15b42uAdtxGLJO3hSFb7eHo","node":{"__id__":17}}],"_prefab":{"__type__":"cc.PrefabInfo","root":{"__id__":1},"asset":{"__uuid__":"654xU2YcdOpI6JwuXFJU/0"},"fileId":"a1Gf5ZNzpP57XFUHgG3JP7"},"_contentSize":{"__type__":"cc.Size","width":56,"height":55},"_trs":{"__type__":"TypedArray","ctor":"Float64Array","array":[-1.086,-313.195,0,0,0,0,1,1,1,1]}},{"__type__":"cc.Node","_name":"lock","_parent":{"__id__":16},"_components":[{"__type__":"cc.Sprite","node":{"__id__":18},"_materials":[{"__uuid__":"ecpdLyjvZBwrvm+cedCcQy"}],"_spriteFrame":{"__uuid__":"ebm9zOQlFI4IGgCc9Owdfe"}},{"__type__":"15b42uAdtxGLJO3hSFb7eHo","node":{"__id__":18}}],"_prefab":{"__type__":"cc.PrefabInfo","root":{"__id__":1},"asset":{"__uuid__":"654xU2YcdOpI6JwuXFJU/0"},"fileId":"06M8tv9lRKL5Wvvvu661wM"},"_contentSize":{"__type__":"cc.Size","width":56,"height":55},"_trs":{"__type__":"TypedArray","ctor":"Float64Array","array":[-1.086,434.067,0,0,0,0,1,1,1,1]}},{"__type__":"cc.Node","_name":"key","_parent":{"__id__":16},"_children":[{"__id__":20}],"_prefab":{"__type__":"cc.PrefabInfo","root":{"__id__":1},"asset":{"__uuid__":"654xU2YcdOpI6JwuXFJU/0"},"fileId":"eakxSzafxOlYGnl9ksJxg9"},"_contentSize":{"__type__":"cc.Size","width":100,"height":200},"_trs":{"__type__":"TypedArray","ctor":"Float64Array","array":[0,0,0,0,0,0,1,1,1,1]},"_groupIndex":15,"groupIndex":15},{"__type__":"cc.Node","_name":"icon","_parent":{"__id__":19},"_components":[{"__type__":"fcf5apGFRJIEZkZJ9CwiT4c","node":{"__id__":20},"where":1},{"__type__":"cc.Sprite","node":{"__id__":20},"_materials":[{"__uuid__":"ecpdLyjvZBwrvm+cedCcQy"}],"_spriteFrame":{"__uuid__":"6dXBYrBNtEiKJQUnopu+Lk"},"_type":1,"_sizeMode":0}],"_prefab":{"__type__":"cc.PrefabInfo","root":{"__id__":1},"asset":{"__uuid__":"654xU2YcdOpI6JwuXFJU/0"},"fileId":"23ibFkm7RIZYuJwuAPoSr6"},"_contentSize":{"__type__":"cc.Size","width":76,"height":900},"_trs":{"__type__":"TypedArray","ctor":"Float64Array","array":[0,0,0,0,0,0,1,1,1,1]},"_groupIndex":15,"groupIndex":15},{"__type__":"cc.Node","_name":"key","_parent":{"__id__":6},"_children":[{"__id__":22},{"__id__":23},{"__id__":24}],"_prefab":{"__type__":"cc.PrefabInfo","root":{"__id__":1},"asset":{"__uuid__":"654xU2YcdOpI6JwuXFJU/0"},"fileId":"520wbMedhDmrdzHnuFLw2B"},"_trs":{"__type__":"TypedArray","ctor":"Float64Array","array":[-51.936,-335.825,0,0,0,0,1,1,1,1]}},{"__type__":"cc.Node","_name":"lock","_parent":{"__id__":21},"_components":[{"__type__":"cc.Sprite","node":{"__id__":22},"_materials":[{"__uuid__":"ecpdLyjvZBwrvm+cedCcQy"}],"_spriteFrame":{"__uuid__":"ebm9zOQlFI4IGgCc9Owdfe"}},{"__type__":"15b42uAdtxGLJO3hSFb7eHo","node":{"__id__":22}}],"_prefab":{"__type__":"cc.PrefabInfo","root":{"__id__":1},"asset":{"__uuid__":"654xU2YcdOpI6JwuXFJU/0"},"fileId":"59xjheWLxFko+vjMTpcW7z"},"_contentSize":{"__type__":"cc.Size","width":56,"height":55},"_trs":{"__type__":"TypedArray","ctor":"Float64Array","array":[-1.086,-165.914,0,0,0,0,1,1,1,1]}},{"__type__":"cc.Node","_name":"lock","_parent":{"__id__":21},"_components":[{"__type__":"cc.Sprite","node":{"__id__":23},"_materials":[{"__uuid__":"ecpdLyjvZBwrvm+cedCcQy"}],"_spriteFrame":{"__uuid__":"ebm9zOQlFI4IGgCc9Owdfe"}},{"__type__":"15b42uAdtxGLJO3hSFb7eHo","node":{"__id__":23}}],"_prefab":{"__type__":"cc.PrefabInfo","root":{"__id__":1},"asset":{"__uuid__":"654xU2YcdOpI6JwuXFJU/0"},"fileId":"69hxV4GF1HupRVjR/aiNvq"},"_contentSize":{"__type__":"cc.Size","width":56,"height":55},"_trs":{"__type__":"TypedArray","ctor":"Float64Array","array":[-1.086,250.362,0,0,0,0,1,1,1,1]}},{"__type__":"cc.Node","_name":"key","_parent":{"__id__":21},"_children":[{"__id__":25}],"_prefab":{"__type__":"cc.PrefabInfo","root":{"__id__":1},"asset":{"__uuid__":"654xU2YcdOpI6JwuXFJU/0"},"fileId":"d9J40ZtFRBf7bsHdRzI7tz"},"_contentSize":{"__type__":"cc.Size","width":100,"height":200},"_trs":{"__type__":"TypedArray","ctor":"Float64Array","array":[0,0,0,0,0,0,1,1,1,1]},"_groupIndex":15,"groupIndex":15},{"__type__":"cc.Node","_name":"icon","_parent":{"__id__":24},"_components":[{"__type__":"fcf5apGFRJIEZkZJ9CwiT4c","node":{"__id__":25},"keyType":1},{"__type__":"cc.Sprite","node":{"__id__":25},"_materials":[{"__uuid__":"ecpdLyjvZBwrvm+cedCcQy"}],"_spriteFrame":{"__uuid__":"6dXBYrBNtEiKJQUnopu+Lk"},"_type":1,"_sizeMode":0}],"_prefab":{"__type__":"cc.PrefabInfo","root":{"__id__":1},"asset":{"__uuid__":"654xU2YcdOpI6JwuXFJU/0"},"fileId":"46m0ygkdBM2rz7a12JsePw"},"_contentSize":{"__type__":"cc.Size","width":76,"height":600},"_trs":{"__type__":"TypedArray","ctor":"Float64Array","array":[0,0,0,0,0,0,1,1,1,1]},"_groupIndex":15,"groupIndex":15},{"__type__":"cc.Node","_name":"evilFish","_parent":{"__id__":1},"_children":[{"__id__":27}],"_prefab":{"__type__":"cc.PrefabInfo","root":{"__id__":1},"asset":{"__uuid__":"654xU2YcdOpI6JwuXFJU/0"},"fileId":"d7/HIZDcNHSI9O9hFdFaN4"},"_trs":{"__type__":"TypedArray","ctor":"Float64Array","array":[-165.367,-328.107,0,0,0,0,1,-1,1,1]}},{"__type__":"cc.Node","_name":"evilFish","_parent":{"__id__":26},"_components":[{"__type__":"sp.Skeleton","node":{"__id__":27},"_materials":[{"__uuid__":"7a/QZLET9IDreTiBfRn2PD"}],"defaultAnimation":"animation1","_preCacheMode":0,"premultipliedAlpha":false,"_animationName":"animation1","_N$skeletonData":{"__uuid__":"2dpI0oihRHGrJT4rUVPvz4"}}],"_prefab":{"__type__":"cc.PrefabInfo","root":{"__id__":1},"asset":{"__uuid__":"654xU2YcdOpI6JwuXFJU/0"},"fileId":"5acpmPITJMpI0xFUZwBID/"},"_contentSize":{"__type__":"cc.Size","width":242.6,"height":165},"_trs":{"__type__":"TypedArray","ctor":"Float64Array","array":[0,0,0,0,0,0,1,1,1,1]}},{"__type__":"cc.Node","_name":"goalOne","_parent":{"__id__":1},"_prefab":{"__type__":"cc.PrefabInfo","root":{"__id__":1},"asset":{"__uuid__":"654xU2YcdOpI6JwuXFJU/0"},"fileId":"97l/Y3qCtBsahs7EUYVPYF"},"_trs":{"__type__":"TypedArray","ctor":"Float64Array","array":[-154.686,-291.474,0,0,0,0,1,1,1,1]}},{"__type__":"cc.Node","_name":"goalEvil","_parent":{"__id__":1},"_prefab":{"__type__":"cc.PrefabInfo","root":{"__id__":1},"asset":{"__uuid__":"654xU2YcdOpI6JwuXFJU/0"},"fileId":"e5UoJ9nNdC6LyMy8deAbUV"},"_trs":{"__type__":"TypedArray","ctor":"Float64Array","array":[223.852,-291.474,0,0,0,0,1,1,1,1]}},{"__type__":"cc.Node","_name":"goalEnd","_parent":{"__id__":1},"_prefab":{"__type__":"cc.PrefabInfo","root":{"__id__":1},"asset":{"__uuid__":"654xU2YcdOpI6JwuXFJU/0"},"fileId":"1eCR0S6aJP+YY6LsiQm76U"},"_trs":{"__type__":"TypedArray","ctor":"Float64Array","array":[-103.429,-358.553,0,0,0,0,1,1,1,1]}}]]