[[{"__type__":"cc.Prefab","_name":"UIDerived48","data":{"__id__":1}},{"__type__":"cc.Node","_name":"UIDerived82","_children":[{"__type__":"cc.Node","_name":"bule_node","_parent":{"__id__":1},"_prefab":{"__type__":"cc.PrefabInfo","root":{"__id__":1},"asset":{"__uuid__":"1aO1Cxi9FAzI8shNOX4rOJ"},"fileId":"8cgBrMtN5M/JEeZcoV30jT"},"_trs":{"__type__":"TypedArray","ctor":"Float64Array","array":[0,0,0,0,0,0,1,1,1,1]}},{"__type__":"cc.Node","_name":"greenwater_node","_parent":{"__id__":1},"_prefab":{"__type__":"cc.PrefabInfo","root":{"__id__":1},"asset":{"__uuid__":"1aO1Cxi9FAzI8shNOX4rOJ"},"fileId":"03Q0Hqid5B57O1TARJcRsd"},"_trs":{"__type__":"TypedArray","ctor":"Float64Array","array":[0,0,0,0,0,0,1,1,1,1]}},{"__type__":"cc.Node","_name":"redwater_node","_parent":{"__id__":1},"_prefab":{"__type__":"cc.PrefabInfo","root":{"__id__":1},"asset":{"__uuid__":"1aO1Cxi9FAzI8shNOX4rOJ"},"fileId":"e1dlfgxnlNOYTYoC1+XF9b"},"_trs":{"__type__":"TypedArray","ctor":"Float64Array","array":[0,0,0,0,0,0,1,1,1,1]}},{"__id__":2},{"__id__":3},{"__id__":4},{"__id__":5},{"__type__":"cc.Node","_name":"greenPos_node","_parent":{"__id__":1},"_prefab":{"__type__":"cc.PrefabInfo","root":{"__id__":1},"asset":{"__uuid__":"1aO1Cxi9FAzI8shNOX4rOJ"},"fileId":"326oNUHBhHXLw0BfyVk7vF"},"_trs":{"__type__":"TypedArray","ctor":"Float64Array","array":[0,0,0,0,0,0,1,1,1,1]}},{"__id__":6},{"__id__":8},{"__id__":10},{"__id__":15},{"__type__":"cc.Node","_name":"player","_parent":{"__id__":1},"_prefab":{"__type__":"cc.PrefabInfo","root":{"__id__":1},"asset":{"__uuid__":"1aO1Cxi9FAzI8shNOX4rOJ"},"fileId":"7duCcWxHFBRa6kjDCvuJa2"},"_trs":{"__type__":"TypedArray","ctor":"Float64Array","array":[-256.89,-613.917,0,0,0,0,1,-0.7,0.7,1]}}],"_components":[{"__type__":"cc.Sprite","node":{"__id__":1},"_materials":[{"__uuid__":"ecpdLyjvZBwrvm+cedCcQy"}],"_spriteFrame":{"__uuid__":"22MmEIIRVOCpo0HYCLun/i"}},{"__type__":"1100eDGpRlLMYp5CrYQGpcQ","node":{"__id__":1}},{"__type__":"cc.RigidBody","node":{"__id__":1},"_type":0},{"__type__":"cc.PhysicsPolygonCollider","node":{"__id__":1},"_offset":{"__type__":"cc.Vec2","x":-460,"y":707},"points":[{"__type__":"cc.Vec2","x":-50,"y":-1459},{"__type__":"cc.Vec2","x":972,"y":-1464},{"__type__":"cc.Vec2","x":1209,"y":-1807},{"__type__":"cc.Vec2","x":2011,"y":-1917},{"__type__":"cc.Vec2","x":2014,"y":-1006},{"__type__":"cc.Vec2","x":1014,"y":-1105},{"__type__":"cc.Vec2","x":1913,"y":-1104},{"__type__":"cc.Vec2","x":1925,"y":-1803},{"__type__":"cc.Vec2","x":1206,"y":-1688},{"__type__":"cc.Vec2","x":973,"y":-1283},{"__type__":"cc.Vec2","x":284,"y":-1093},{"__type__":"cc.Vec2","x":259,"y":-1142},{"__type__":"cc.Vec2","x":322,"y":-1195},{"__type__":"cc.Vec2","x":347,"y":-1241},{"__type__":"cc.Vec2","x":355,"y":-1308},{"__type__":"cc.Vec2","x":336,"y":-1379},{"__type__":"cc.Vec2","x":277,"y":-1414},{"__type__":"cc.Vec2","x":184,"y":-1415},{"__type__":"cc.Vec2","x":124,"y":-1390},{"__type__":"cc.Vec2","x":86,"y":-1344},{"__type__":"cc.Vec2","x":73,"y":-1279},{"__type__":"cc.Vec2","x":90,"y":-1158},{"__type__":"cc.Vec2","x":125,"y":-1047},{"__type__":"cc.Vec2","x":130,"y":-968},{"__type__":"cc.Vec2","x":119,"y":-902},{"__type__":"cc.Vec2","x":90,"y":-856},{"__type__":"cc.Vec2","x":29,"y":-802},{"__type__":"cc.Vec2","x":2,"y":-783},{"__type__":"cc.Vec2","x":-9,"y":-330},{"__type__":"cc.Vec2","x":164,"y":-321},{"__type__":"cc.Vec2","x":553,"y":-706},{"__type__":"cc.Vec2","x":576.9,"y":-705.5},{"__type__":"cc.Vec2","x":634.9,"y":-649.1},{"__type__":"cc.Vec2","x":627.5,"y":-622.8},{"__type__":"cc.Vec2","x":182,"y":-174},{"__type__":"cc.Vec2","x":-2,"y":-170},{"__type__":"cc.Vec2","x":-8,"y":9},{"__type__":"cc.Vec2","x":358,"y":6},{"__type__":"cc.Vec2","x":361,"y":-175},{"__type__":"cc.Vec2","x":812,"y":-632},{"__type__":"cc.Vec2","x":564,"y":-888},{"__type__":"cc.Vec2","x":157,"y":-489},{"__type__":"cc.Vec2","x":119,"y":-486},{"__type__":"cc.Vec2","x":72,"y":-502},{"__type__":"cc.Vec2","x":52,"y":-540},{"__type__":"cc.Vec2","x":57,"y":-598},{"__type__":"cc.Vec2","x":102,"y":-670},{"__type__":"cc.Vec2","x":248,"y":-823},{"__type__":"cc.Vec2","x":269,"y":-865},{"__type__":"cc.Vec2","x":273,"y":-909},{"__type__":"cc.Vec2","x":255,"y":-946},{"__type__":"cc.Vec2","x":255,"y":-979},{"__type__":"cc.Vec2","x":263,"y":-1002},{"__type__":"cc.Vec2","x":971,"y":-1162},{"__type__":"cc.Vec2","x":969,"y":47},{"__type__":"cc.Vec2","x":-50,"y":50}]}],"_prefab":{"__type__":"cc.PrefabInfo","root":{"__id__":1},"asset":{"__uuid__":"1aO1Cxi9FAzI8shNOX4rOJ"},"fileId":"7380JJdGRLy5xqROWx8AQH"},"_contentSize":{"__type__":"cc.Size","width":1022,"height":1509},"_trs":{"__type__":"TypedArray","ctor":"Float64Array","array":[50,0,0,0,0,0,1,1,1,1]}},{"__type__":"cc.Node","_name":"black_node","_parent":{"__id__":1},"_components":[{"__type__":"6c0e8KZwr5L34azTYX21stu","node":{"__id__":2}}],"_prefab":{"__type__":"cc.PrefabInfo","root":{"__id__":1},"asset":{"__uuid__":"1aO1Cxi9FAzI8shNOX4rOJ"},"fileId":"11wB0RRB9H97qOWQmvLmkV"},"_trs":{"__type__":"TypedArray","ctor":"Float64Array","array":[0,0,0,0,0,0,1,1,1,1]}},{"__type__":"cc.Node","_name":"gray_node","_parent":{"__id__":1},"_components":[{"__type__":"3400dF2d2tHLK8+En9baGXY","node":{"__id__":3},"grey_prefab":{"__uuid__":"13FEeEL1NMaK5TFGpFQpJr"}}],"_prefab":{"__type__":"cc.PrefabInfo","root":{"__id__":1},"asset":{"__uuid__":"1aO1Cxi9FAzI8shNOX4rOJ"},"fileId":"74rZUEH9dOZZVKuPUfuI/E"},"_trs":{"__type__":"TypedArray","ctor":"Float64Array","array":[0,0,0,0,0,0,1,1,1,1]}},{"__type__":"cc.Node","_name":"bulePos_node","_parent":{"__id__":1},"_children":[{"__type__":"cc.Node","_name":"New Node","_parent":{"__id__":4},"_prefab":{"__type__":"cc.PrefabInfo","root":{"__id__":1},"asset":{"__uuid__":"1aO1Cxi9FAzI8shNOX4rOJ"},"fileId":"26+HZp47dKUrQaxaJBQS5x"},"_trs":{"__type__":"TypedArray","ctor":"Float64Array","array":[-322.357,635.149,0,0,0,0,1,1,1,1]}}],"_prefab":{"__type__":"cc.PrefabInfo","root":{"__id__":1},"asset":{"__uuid__":"1aO1Cxi9FAzI8shNOX4rOJ"},"fileId":"bb1UAT9zZKb731BSjeQMSG"},"_trs":{"__type__":"TypedArray","ctor":"Float64Array","array":[0,0,0,0,0,0,1,1,1,1]}},{"__type__":"cc.Node","_name":"redPos_node","_parent":{"__id__":1},"_children":[{"__type__":"cc.Node","_name":"New Node","_parent":{"__id__":5},"_prefab":{"__type__":"cc.PrefabInfo","root":{"__id__":1},"asset":{"__uuid__":"1aO1Cxi9FAzI8shNOX4rOJ"},"fileId":"89C4lV9YJFB6eaeWB17rsy"},"_trs":{"__type__":"TypedArray","ctor":"Float64Array","array":[28.06,307.454,0,0,0,0,1,1,1,1]}}],"_prefab":{"__type__":"cc.PrefabInfo","root":{"__id__":1},"asset":{"__uuid__":"1aO1Cxi9FAzI8shNOX4rOJ"},"fileId":"50mShRdtFAUrFo95kNywpu"},"_trs":{"__type__":"TypedArray","ctor":"Float64Array","array":[0,0,0,0,0,0,1,1,1,1]}},{"__type__":"cc.Node","_name":"zhenNode","_parent":{"__id__":1},"_children":[{"__id__":7}],"_prefab":{"__type__":"cc.PrefabInfo","root":{"__id__":1},"asset":{"__uuid__":"1aO1Cxi9FAzI8shNOX4rOJ"},"fileId":"d1ODp/mJNDR7eB4m5mMWW+"},"_trs":{"__type__":"TypedArray","ctor":"Float64Array","array":[-171.729,298.579,0,0,0,-0.9304175679820246,0.3665012267242973,1,1,1]},"_eulerAngles":{"__type__":"cc.Vec3","z":-137},"_groupIndex":8,"groupIndex":8},{"__type__":"cc.Node","_name":"zhen","_parent":{"__id__":6},"_components":[{"__type__":"cc.Sprite","node":{"__id__":7},"_materials":[{"__uuid__":"ecpdLyjvZBwrvm+cedCcQy"}],"_spriteFrame":{"__uuid__":"81u1O4l2lM2IGXbUA/0aw7"},"_type":1,"_sizeMode":0},{"__type__":"cc.RigidBody","node":{"__id__":7},"_type":3,"_allowSleep":false,"_gravityScale":0,"_fixedRotation":true,"enabledContactListener":true,"bullet":true},{"__type__":"cc.PhysicsPolygonCollider","node":{"__id__":7},"tag":222,"_offset":{"__type__":"cc.Vec2","x":241,"y":-1},"points":[{"__type__":"cc.Vec2","x":-4.7,"y":-59},{"__type__":"cc.Vec2","x":112.7,"y":-59.4},{"__type__":"cc.Vec2","x":115.5,"y":65.9},{"__type__":"cc.Vec2","x":-0.9,"y":62.9},{"__type__":"cc.Vec2","x":-1.6,"y":25.8},{"__type__":"cc.Vec2","x":-591,"y":33.9},{"__type__":"cc.Vec2","x":-592,"y":-30.1},{"__type__":"cc.Vec2","x":-3.7,"y":-23.8}]},{"__type__":"72555Q9muRD1505Zi2fOOxm","node":{"__id__":7},"linevelocityX":500}],"_prefab":{"__type__":"cc.PrefabInfo","root":{"__id__":1},"asset":{"__uuid__":"1aO1Cxi9FAzI8shNOX4rOJ"},"fileId":"83TSUa09RPgoBAIFLGJiUQ"},"_contentSize":{"__type__":"cc.Size","width":700,"height":111},"_trs":{"__type__":"TypedArray","ctor":"Float64Array","array":[0,0,0,0,0,0,1,0.8,0.8,0.8]},"_groupIndex":8,"groupIndex":8},{"__type__":"cc.Node","_name":"zhenNode","_parent":{"__id__":1},"_children":[{"__id__":9}],"_prefab":{"__type__":"cc.PrefabInfo","root":{"__id__":1},"asset":{"__uuid__":"1aO1Cxi9FAzI8shNOX4rOJ"},"fileId":"f3Mscw3bBPCZJ/PaqNM+Es"},"_trs":{"__type__":"TypedArray","ctor":"Float64Array","array":[-248.595,-380.064,0,0,0,-0.9914448613738104,-0.1305261922200516,1,1,1]},"_eulerAngles":{"__type__":"cc.Vec3","z":-195},"_groupIndex":8,"groupIndex":8},{"__type__":"cc.Node","_name":"zhen","_parent":{"__id__":8},"_components":[{"__type__":"cc.Sprite","node":{"__id__":9},"_materials":[{"__uuid__":"ecpdLyjvZBwrvm+cedCcQy"}],"_spriteFrame":{"__uuid__":"81u1O4l2lM2IGXbUA/0aw7"},"_type":1},{"__type__":"cc.RigidBody","node":{"__id__":9},"_type":3,"_allowSleep":false,"_gravityScale":0,"_fixedRotation":true,"enabledContactListener":true,"bullet":true},{"__type__":"cc.PhysicsPolygonCollider","node":{"__id__":9},"tag":222,"_offset":{"__type__":"cc.Vec2","x":241,"y":-1},"points":[{"__type__":"cc.Vec2","x":-48.9,"y":-66.3},{"__type__":"cc.Vec2","x":62.5,"y":-66.3},{"__type__":"cc.Vec2","x":63,"y":67.4},{"__type__":"cc.Vec2","x":-48.4,"y":69},{"__type__":"cc.Vec2","x":-52.2,"y":41.4},{"__type__":"cc.Vec2","x":-533.6,"y":43.1},{"__type__":"cc.Vec2","x":-532.1,"y":-35.8},{"__type__":"cc.Vec2","x":-49.2,"y":-34.3}]},{"__type__":"72555Q9muRD1505Zi2fOOxm","node":{"__id__":9},"linevelocityX":500}],"_prefab":{"__type__":"cc.PrefabInfo","root":{"__id__":1},"asset":{"__uuid__":"1aO1Cxi9FAzI8shNOX4rOJ"},"fileId":"aeQWPMb7RCEbC+FkogUFrR"},"_contentSize":{"__type__":"cc.Size","width":587,"height":111},"_trs":{"__type__":"TypedArray","ctor":"Float64Array","array":[0,0,0,0,0,0,1,0.8,0.8,0.8]},"_groupIndex":8,"groupIndex":8},{"__type__":"cc.Node","_name":"zhenNodeTwo","_parent":{"__id__":1},"_children":[{"__id__":11},{"__id__":12},{"__id__":13},{"__id__":14}],"_prefab":{"__type__":"cc.PrefabInfo","root":{"__id__":1},"asset":{"__uuid__":"1aO1Cxi9FAzI8shNOX4rOJ"},"fileId":"0abN/dFcZJ6bcigTO1jlMG"},"_trs":{"__type__":"TypedArray","ctor":"Float64Array","array":[157.659,253.471,0,0,0,0.9238795325112867,-0.3826834323650897,1,1,1]},"_eulerAngles":{"__type__":"cc.Vec3","z":225}},{"__type__":"cc.Node","_name":"huagui","_parent":{"__id__":10},"_components":[{"__type__":"cc.Sprite","node":{"__id__":11},"_materials":[{"__uuid__":"ecpdLyjvZBwrvm+cedCcQy"}],"_spriteFrame":{"__uuid__":"72AklVCzBN/asPCzYF9Gl5"},"_type":2,"_sizeMode":0}],"_prefab":{"__type__":"cc.PrefabInfo","root":{"__id__":1},"asset":{"__uuid__":"1aO1Cxi9FAzI8shNOX4rOJ"},"fileId":"56YW38AzhI5IZ0RUZKPkEt"},"_contentSize":{"__type__":"cc.Size","width":52,"height":283},"_trs":{"__type__":"TypedArray","ctor":"Float64Array","array":[-24.512,126.988,0,0,0,0,1,0.5,1,0.5]}},{"__type__":"cc.Node","_name":"zhen","_parent":{"__id__":10},"_components":[{"__type__":"cc.Sprite","node":{"__id__":12},"_materials":[{"__uuid__":"ecpdLyjvZBwrvm+cedCcQy"}],"_spriteFrame":{"__uuid__":"14vJwyNH1OspMXFimJtxkW"},"_type":1,"_sizeMode":0},{"__type__":"cc.RigidBody","node":{"__id__":12},"_type":3,"_gravityScale":0,"_fixedRotation":true,"enabledContactListener":true,"bullet":true},{"__type__":"cc.PhysicsPolygonCollider","node":{"__id__":12},"_offset":{"__type__":"cc.Vec2","x":176,"y":5},"points":[{"__type__":"cc.Vec2","x":-346.7,"y":-79.8},{"__type__":"cc.Vec2","x":-208.7,"y":-78.5},{"__type__":"cc.Vec2","x":-210.9,"y":-22.3},{"__type__":"cc.Vec2","x":-33.9,"y":-22.3},{"__type__":"cc.Vec2","x":-33.9,"y":14.4},{"__type__":"cc.Vec2","x":-208.5,"y":15},{"__type__":"cc.Vec2","x":-207,"y":81.7},{"__type__":"cc.Vec2","x":-345.4,"y":83.3}]},{"__type__":"1cb3eoIRdhJWZayW7A68Y7j","node":{"__id__":12},"applyUpsensor":true}],"_prefab":{"__type__":"cc.PrefabInfo","root":{"__id__":1},"asset":{"__uuid__":"1aO1Cxi9FAzI8shNOX4rOJ"},"fileId":"c4Ut8UrSpDJotI9gSeAVUl"},"_contentSize":{"__type__":"cc.Size","width":284.1,"height":111},"_trs":{"__type__":"TypedArray","ctor":"Float64Array","array":[0,0,0,0,0,0,1,1,1,1]}},{"__type__":"cc.Node","_name":"zhenup","_parent":{"__id__":10},"_components":[{"__type__":"cc.RigidBody","node":{"__id__":13},"_type":0,"_gravityScale":0,"bullet":true}],"_prefab":{"__type__":"cc.PrefabInfo","root":{"__id__":1},"asset":{"__uuid__":"1aO1Cxi9FAzI8shNOX4rOJ"},"fileId":"ba5fjMVwVJZqtwv0vhWCVC"},"_trs":{"__type__":"TypedArray","ctor":"Float64Array","array":[0,278.118,0,0,0,0,1,1,1,1]}},{"__type__":"cc.Node","_name":"zhendown","_parent":{"__id__":10},"_components":[{"__type__":"cc.RigidBody","node":{"__id__":14},"_type":0,"_gravityScale":0,"bullet":true}],"_prefab":{"__type__":"cc.PrefabInfo","root":{"__id__":1},"asset":{"__uuid__":"1aO1Cxi9FAzI8shNOX4rOJ"},"fileId":"f88Zcb5ptJz6EWoQkWeasV"},"_trs":{"__type__":"TypedArray","ctor":"Float64Array","array":[0,0,0,0,0,0,1,1,1,1]}},{"__type__":"cc.Node","_name":"zhenNodeTwo","_parent":{"__id__":1},"_children":[{"__id__":16},{"__id__":17},{"__id__":18},{"__id__":19}],"_prefab":{"__type__":"cc.PrefabInfo","root":{"__id__":1},"asset":{"__uuid__":"1aO1Cxi9FAzI8shNOX4rOJ"},"fileId":"92x3Tj53NL6ZAsWkg1XDXP"},"_trs":{"__type__":"TypedArray","ctor":"Float64Array","array":[125.169,-160.901,0,0,0,0.38016655762678525,0.924918044186727,1,1,1]},"_eulerAngles":{"__type__":"cc.Vec3","z":44.68799999999999}},{"__type__":"cc.Node","_name":"huagui","_parent":{"__id__":15},"_components":[{"__type__":"cc.Sprite","node":{"__id__":16},"_materials":[{"__uuid__":"ecpdLyjvZBwrvm+cedCcQy"}],"_spriteFrame":{"__uuid__":"72AklVCzBN/asPCzYF9Gl5"},"_type":2,"_sizeMode":0}],"_prefab":{"__type__":"cc.PrefabInfo","root":{"__id__":1},"asset":{"__uuid__":"1aO1Cxi9FAzI8shNOX4rOJ"},"fileId":"58/roQoVNDMbbqwG1xzSPq"},"_contentSize":{"__type__":"cc.Size","width":52,"height":489},"_trs":{"__type__":"TypedArray","ctor":"Float64Array","array":[-46.587,234.328,0,0,0,0,1,0.5,1,0.5]}},{"__type__":"cc.Node","_name":"zhen","_parent":{"__id__":15},"_components":[{"__type__":"cc.Sprite","node":{"__id__":17},"_materials":[{"__uuid__":"ecpdLyjvZBwrvm+cedCcQy"}],"_spriteFrame":{"__uuid__":"14vJwyNH1OspMXFimJtxkW"},"_type":1,"_sizeMode":0},{"__type__":"cc.RigidBody","node":{"__id__":17},"_type":3,"_gravityScale":0,"_fixedRotation":true,"enabledContactListener":true,"bullet":true},{"__type__":"cc.PhysicsPolygonCollider","node":{"__id__":17},"_offset":{"__type__":"cc.Vec2","x":176,"y":5},"points":[{"__type__":"cc.Vec2","x":-346.7,"y":-79.8},{"__type__":"cc.Vec2","x":-208.7,"y":-78.5},{"__type__":"cc.Vec2","x":-210.9,"y":-22.3},{"__type__":"cc.Vec2","x":-33.9,"y":-22.3},{"__type__":"cc.Vec2","x":-33.9,"y":14.4},{"__type__":"cc.Vec2","x":-208.5,"y":15},{"__type__":"cc.Vec2","x":-207,"y":81.7},{"__type__":"cc.Vec2","x":-345.4,"y":83.3}]},{"__type__":"1cb3eoIRdhJWZayW7A68Y7j","node":{"__id__":17},"applyDownsensor":true}],"_prefab":{"__type__":"cc.PrefabInfo","root":{"__id__":1},"asset":{"__uuid__":"1aO1Cxi9FAzI8shNOX4rOJ"},"fileId":"b9zepMGyNNHaBM/cbAwZQ8"},"_contentSize":{"__type__":"cc.Size","width":284.1,"height":111},"_trs":{"__type__":"TypedArray","ctor":"Float64Array","array":[0,0,0,0,0,0,1,1,1,1]}},{"__type__":"cc.Node","_name":"zhenup","_parent":{"__id__":15},"_components":[{"__type__":"cc.RigidBody","node":{"__id__":18},"_type":0,"_gravityScale":0,"bullet":true}],"_prefab":{"__type__":"cc.PrefabInfo","root":{"__id__":1},"asset":{"__uuid__":"1aO1Cxi9FAzI8shNOX4rOJ"},"fileId":"37TZC5t4NM2roG+vdHwIvM"},"_trs":{"__type__":"TypedArray","ctor":"Float64Array","array":[0,480,0,0,0,0,1,1,1,1]}},{"__type__":"cc.Node","_name":"zhendown","_parent":{"__id__":15},"_components":[{"__type__":"cc.RigidBody","node":{"__id__":19},"_type":0,"_gravityScale":0,"bullet":true}],"_prefab":{"__type__":"cc.PrefabInfo","root":{"__id__":1},"asset":{"__uuid__":"1aO1Cxi9FAzI8shNOX4rOJ"},"fileId":"d9xYkQAtZDg6egbTZr/4oy"},"_trs":{"__type__":"TypedArray","ctor":"Float64Array","array":[0,0,0,0,0,0,1,1,1,1]}}],{"__type__":"cc.SpriteFrame","content":{"name":"guanqia102","texture":"fdDwrtGOdFMpUk5CVuiXE+","rect":[1,1,1022,1509],"offset":[0.5,0],"originalSize":[1023,1511],"capInsets":[0,0,0,0]}}]