[{"__type__":"cc.SpriteFrame","content":{"name":"guanqia38","texture":"a8inFOK2NCO6/isNW8JCS5","rect":[1,1,986,1375],"offset":[0,0],"originalSize":[988,1377],"capInsets":[0,0,0,0]}},[{"__type__":"cc.Prefab","_name":"UIDerived27","data":{"__id__":1}},{"__type__":"cc.Node","_name":"UIDerived30","_children":[{"__type__":"cc.Node","_name":"bule_node","_parent":{"__id__":1},"_prefab":{"__type__":"cc.PrefabInfo","root":{"__id__":1},"asset":{"__uuid__":"ffbBl3HCtH5KwOm9TsC+nu"},"fileId":"cfItnAT05L0rN0ncofMFeV"},"_trs":{"__type__":"TypedArray","ctor":"Float64Array","array":[0,0,0,0,0,0,1,1,1,1]}},{"__type__":"cc.Node","_name":"greenwater_node","_parent":{"__id__":1},"_prefab":{"__type__":"cc.PrefabInfo","root":{"__id__":1},"asset":{"__uuid__":"ffbBl3HCtH5KwOm9TsC+nu"},"fileId":"bcBt1xoKpNu5pI7ffN6vLl"},"_trs":{"__type__":"TypedArray","ctor":"Float64Array","array":[0,0,0,0,0,0,1,1,1,1]}},{"__type__":"cc.Node","_name":"redwater_node","_parent":{"__id__":1},"_prefab":{"__type__":"cc.PrefabInfo","root":{"__id__":1},"asset":{"__uuid__":"ffbBl3HCtH5KwOm9TsC+nu"},"fileId":"593NuPAI9E85qjcmeTBiK9"},"_trs":{"__type__":"TypedArray","ctor":"Float64Array","array":[0,0,0,0,0,0,1,1,1,1]}},{"__id__":2},{"__id__":3},{"__id__":4},{"__type__":"cc.Node","_name":"redPos_node","_parent":{"__id__":1},"_prefab":{"__type__":"cc.PrefabInfo","root":{"__id__":1},"asset":{"__uuid__":"ffbBl3HCtH5KwOm9TsC+nu"},"fileId":"360eHbL8ZAOKcRYj+vCBfH"},"_trs":{"__type__":"TypedArray","ctor":"Float64Array","array":[0,0,0,0,0,0,1,1,1,1]}},{"__type__":"cc.Node","_name":"greenPos_node","_parent":{"__id__":1},"_prefab":{"__type__":"cc.PrefabInfo","root":{"__id__":1},"asset":{"__uuid__":"ffbBl3HCtH5KwOm9TsC+nu"},"fileId":"3eM07TmulHd7zxlt4J3XUs"},"_trs":{"__type__":"TypedArray","ctor":"Float64Array","array":[0,0,0,0,0,0,1,1,1,1]}},{"__type__":"cc.Node","_name":"player","_parent":{"__id__":1},"_prefab":{"__type__":"cc.PrefabInfo","root":{"__id__":1},"asset":{"__uuid__":"ffbBl3HCtH5KwOm9TsC+nu"},"fileId":"7eF0cSvXJOJZKHFAh9SeCa"},"_contentSize":{"__type__":"cc.Size","width":240,"height":140},"_trs":{"__type__":"TypedArray","ctor":"Float64Array","array":[295.871,214.238,0,0,0,0,1,0.7,0.7,0.7]}},{"__id__":5},{"__id__":9},{"__id__":13},{"__id__":16}],"_components":[{"__type__":"cc.Sprite","node":{"__id__":1},"_materials":[{"__uuid__":"ecpdLyjvZBwrvm+cedCcQy"}],"_spriteFrame":{"__uuid__":"dcFkzAUgFNUqTHMaXgGdIh"}},{"__type__":"cc.RigidBody","node":{"__id__":1},"_type":0},{"__type__":"cc.PhysicsPolygonCollider","node":{"__id__":1},"points":[{"__type__":"cc.Vec2","x":-486,"y":-687},{"__type__":"cc.Vec2","x":491,"y":-703},{"__type__":"cc.Vec2","x":517,"y":698},{"__type__":"cc.Vec2","x":448,"y":644},{"__type__":"cc.Vec2","x":440,"y":178},{"__type__":"cc.Vec2","x":419,"y":145},{"__type__":"cc.Vec2","x":359.7,"y":110.9},{"__type__":"cc.Vec2","x":281.6,"y":107.9},{"__type__":"cc.Vec2","x":213,"y":126.7},{"__type__":"cc.Vec2","x":166,"y":156.9},{"__type__":"cc.Vec2","x":136.7,"y":207.1},{"__type__":"cc.Vec2","x":106,"y":297},{"__type__":"cc.Vec2","x":-326,"y":-150},{"__type__":"cc.Vec2","x":41,"y":-513},{"__type__":"cc.Vec2","x":317.6,"y":-249},{"__type__":"cc.Vec2","x":258.8,"y":-195.1},{"__type__":"cc.Vec2","x":117.3,"y":-59.4},{"__type__":"cc.Vec2","x":30.7,"y":-145.3},{"__type__":"cc.Vec2","x":166.8,"y":-286.1},{"__type__":"cc.Vec2","x":105.7,"y":-346.8},{"__type__":"cc.Vec2","x":-96,"y":-146},{"__type__":"cc.Vec2","x":112,"y":72},{"__type__":"cc.Vec2","x":438,"y":-244},{"__type__":"cc.Vec2","x":41,"y":-642},{"__type__":"cc.Vec2","x":-448,"y":-141},{"__type__":"cc.Vec2","x":105,"y":417},{"__type__":"cc.Vec2","x":108,"y":645},{"__type__":"cc.Vec2","x":448,"y":647},{"__type__":"cc.Vec2","x":516.6,"y":697.1},{"__type__":"cc.Vec2","x":-488,"y":683}]},{"__type__":"1100eDGpRlLMYp5CrYQGpcQ","node":{"__id__":1}}],"_prefab":{"__type__":"cc.PrefabInfo","root":{"__id__":1},"asset":{"__uuid__":"ffbBl3HCtH5KwOm9TsC+nu"},"fileId":"08PpfVP8ROtb5JXI7WKjJO"},"_contentSize":{"__type__":"cc.Size","width":986,"height":1375},"_trs":{"__type__":"TypedArray","ctor":"Float64Array","array":[0,0,0,0,0,0,1,1,1,1]}},{"__type__":"cc.Node","_name":"black_node","_parent":{"__id__":1},"_components":[{"__type__":"6c0e8KZwr5L34azTYX21stu","node":{"__id__":2}}],"_prefab":{"__type__":"cc.PrefabInfo","root":{"__id__":1},"asset":{"__uuid__":"ffbBl3HCtH5KwOm9TsC+nu"},"fileId":"deqTMMFthNMJPUvEcoz1xI"},"_trs":{"__type__":"TypedArray","ctor":"Float64Array","array":[0,0,0,0,0,0,1,1,1,1]}},{"__type__":"cc.Node","_name":"gray_node","_parent":{"__id__":1},"_components":[{"__type__":"3400dF2d2tHLK8+En9baGXY","node":{"__id__":3},"grey_prefab":{"__uuid__":"13FEeEL1NMaK5TFGpFQpJr"}}],"_prefab":{"__type__":"cc.PrefabInfo","root":{"__id__":1},"asset":{"__uuid__":"ffbBl3HCtH5KwOm9TsC+nu"},"fileId":"25svGBjSFIwZ0DKKxjI+fI"},"_trs":{"__type__":"TypedArray","ctor":"Float64Array","array":[0,0,0,0,0,0,1,1,1,1]}},{"__type__":"cc.Node","_name":"bulePos_node","_parent":{"__id__":1},"_children":[{"__type__":"cc.Node","_name":"New Node","_parent":{"__id__":4},"_prefab":{"__type__":"cc.PrefabInfo","root":{"__id__":1},"asset":{"__uuid__":"ffbBl3HCtH5KwOm9TsC+nu"},"fileId":"3367X4udtH8Yfg+6H6FjJn"},"_trs":{"__type__":"TypedArray","ctor":"Float64Array","array":[-15.572,-111.569,0,0,0,0,1,1,1,1]}}],"_prefab":{"__type__":"cc.PrefabInfo","root":{"__id__":1},"asset":{"__uuid__":"ffbBl3HCtH5KwOm9TsC+nu"},"fileId":"03hnMqVeROGqClH5BfPH0o"},"_trs":{"__type__":"TypedArray","ctor":"Float64Array","array":[0,0,0,0,0,0,1,1,1,1]}},{"__type__":"cc.Node","_name":"zhenNodeTwo","_parent":{"__id__":1},"_children":[{"__id__":6},{"__id__":7},{"__id__":8}],"_prefab":{"__type__":"cc.PrefabInfo","root":{"__id__":1},"asset":{"__uuid__":"ffbBl3HCtH5KwOm9TsC+nu"},"fileId":"87KdUA2f1Mm6yRVyg6v8XI"},"_trs":{"__type__":"TypedArray","ctor":"Float64Array","array":[127.161,-281.961,0,0,0,0.9250208552918333,-0.37991632930839536,1,1,1]},"_eulerAngles":{"__type__":"cc.Vec3","z":224.65699999999998}},{"__type__":"cc.Node","_name":"zhen","_parent":{"__id__":5},"_components":[{"__type__":"cc.Sprite","node":{"__id__":6},"_materials":[{"__uuid__":"ecpdLyjvZBwrvm+cedCcQy"}],"_spriteFrame":{"__uuid__":"14vJwyNH1OspMXFimJtxkW"},"_type":1,"_sizeMode":0},{"__type__":"cc.RigidBody","node":{"__id__":6},"_type":3,"_gravityScale":0,"_fixedRotation":true,"enabledContactListener":true,"bullet":true},{"__type__":"cc.PhysicsPolygonCollider","node":{"__id__":6},"_offset":{"__type__":"cc.Vec2","x":184,"y":3},"points":[{"__type__":"cc.Vec2","x":-319,"y":-58},{"__type__":"cc.Vec2","x":-210,"y":-58},{"__type__":"cc.Vec2","x":-209.2,"y":-33.8},{"__type__":"cc.Vec2","x":-51.8,"y":-35.2},{"__type__":"cc.Vec2","x":-51.6,"y":21.4},{"__type__":"cc.Vec2","x":-208.1,"y":22.7},{"__type__":"cc.Vec2","x":-207,"y":52},{"__type__":"cc.Vec2","x":-319,"y":51}]},{"__type__":"1cb3eoIRdhJWZayW7A68Y7j","node":{"__id__":6},"applyUpsensor":true}],"_prefab":{"__type__":"cc.PrefabInfo","root":{"__id__":1},"asset":{"__uuid__":"ffbBl3HCtH5KwOm9TsC+nu"},"fileId":"fdsqjLocRLbaiaPVEEcUuH"},"_contentSize":{"__type__":"cc.Size","width":265,"height":111},"_trs":{"__type__":"TypedArray","ctor":"Float64Array","array":[0,0,0,0,0,0,1,1,1,1]}},{"__type__":"cc.Node","_name":"zhenup","_parent":{"__id__":5},"_components":[{"__type__":"cc.RigidBody","node":{"__id__":7},"_type":0,"_gravityScale":0,"bullet":true}],"_prefab":{"__type__":"cc.PrefabInfo","root":{"__id__":1},"asset":{"__uuid__":"ffbBl3HCtH5KwOm9TsC+nu"},"fileId":"c2k2hg7ipNLoi8EOWg9iU6"},"_trs":{"__type__":"TypedArray","ctor":"Float64Array","array":[-49.332,33.663,0,0,0,0,1,1,1,1]}},{"__type__":"cc.Node","_name":"zhendown","_parent":{"__id__":5},"_components":[{"__type__":"cc.RigidBody","node":{"__id__":8},"_type":0,"_gravityScale":0,"bullet":true}],"_prefab":{"__type__":"cc.PrefabInfo","root":{"__id__":1},"asset":{"__uuid__":"ffbBl3HCtH5KwOm9TsC+nu"},"fileId":"1aPmKoONZFWb9WvObGi3BH"},"_trs":{"__type__":"TypedArray","ctor":"Float64Array","array":[-65.925,-89.9,0,0,0,0,1,1,1,1]}},{"__type__":"cc.Node","_name":"zhenNodeTwo","_parent":{"__id__":1},"_children":[{"__id__":10},{"__id__":11},{"__id__":12}],"_prefab":{"__type__":"cc.PrefabInfo","root":{"__id__":1},"asset":{"__uuid__":"ffbBl3HCtH5KwOm9TsC+nu"},"fileId":"c7HO0twVlM84QmyXwkbRRu"},"_trs":{"__type__":"TypedArray","ctor":"Float64Array","array":[-96,-124.611,0,0,0,0.3814898827823006,-0.9243730141748765,1,1,1]},"_eulerAngles":{"__type__":"cc.Vec3","z":315.14799999999997}},{"__type__":"cc.Node","_name":"zhen","_parent":{"__id__":9},"_components":[{"__type__":"cc.Sprite","node":{"__id__":10},"_materials":[{"__uuid__":"ecpdLyjvZBwrvm+cedCcQy"}],"_spriteFrame":{"__uuid__":"14vJwyNH1OspMXFimJtxkW"},"_type":1,"_sizeMode":0},{"__type__":"cc.RigidBody","node":{"__id__":10},"_type":3,"_gravityScale":0,"_fixedRotation":true,"enabledContactListener":true,"bullet":true},{"__type__":"cc.PhysicsPolygonCollider","node":{"__id__":10},"_offset":{"__type__":"cc.Vec2","x":184,"y":3},"points":[{"__type__":"cc.Vec2","x":-319,"y":-58},{"__type__":"cc.Vec2","x":-210,"y":-58},{"__type__":"cc.Vec2","x":-209.2,"y":-32.9},{"__type__":"cc.Vec2","x":-52,"y":-28.9},{"__type__":"cc.Vec2","x":-51.7,"y":21.7},{"__type__":"cc.Vec2","x":-210,"y":18.4},{"__type__":"cc.Vec2","x":-207,"y":52},{"__type__":"cc.Vec2","x":-319,"y":51}]},{"__type__":"1cb3eoIRdhJWZayW7A68Y7j","node":{"__id__":10},"applyUpsensor":true,"applyDownsensor":true}],"_prefab":{"__type__":"cc.PrefabInfo","root":{"__id__":1},"asset":{"__uuid__":"ffbBl3HCtH5KwOm9TsC+nu"},"fileId":"9d7+ayJxVCp55RYjuRAnK5"},"_contentSize":{"__type__":"cc.Size","width":265,"height":111},"_trs":{"__type__":"TypedArray","ctor":"Float64Array","array":[0,0,0,0,0,0,1,1,1,1]}},{"__type__":"cc.Node","_name":"zhenup","_parent":{"__id__":9},"_components":[{"__type__":"cc.RigidBody","node":{"__id__":11},"_type":0,"_gravityScale":0,"bullet":true}],"_prefab":{"__type__":"cc.PrefabInfo","root":{"__id__":1},"asset":{"__uuid__":"ffbBl3HCtH5KwOm9TsC+nu"},"fileId":"b2PxL0Q9hF2aN57awNl5yF"},"_trs":{"__type__":"TypedArray","ctor":"Float64Array","array":[-11.897,289.839,0,0,0,0,1,1,1,1]}},{"__type__":"cc.Node","_name":"zhendown","_parent":{"__id__":9},"_components":[{"__type__":"cc.RigidBody","node":{"__id__":12},"_type":0,"_gravityScale":0,"bullet":true}],"_prefab":{"__type__":"cc.PrefabInfo","root":{"__id__":1},"asset":{"__uuid__":"ffbBl3HCtH5KwOm9TsC+nu"},"fileId":"19IFR9NLBCfrwNUSrPCWOY"},"_trs":{"__type__":"TypedArray","ctor":"Float64Array","array":[-10.113,-12,0,0,0,0,1,1,1,1]}},{"__type__":"cc.Node","_name":"zhenNodeTwo","_parent":{"__id__":1},"_children":[{"__id__":14},{"__id__":19},{"__id__":20}],"_prefab":{"__type__":"cc.PrefabInfo","root":{"__id__":1},"asset":{"__uuid__":"ffbBl3HCtH5KwOm9TsC+nu"},"fileId":"c0GS8VupxFfoVI3VIgUxww"},"_trs":{"__type__":"TypedArray","ctor":"Float64Array","array":[32.223,-640.152,0,0,0,0.374606593415912,0.9271838545667874,1,1,1]},"_eulerAngles":{"__type__":"cc.Vec3","z":44}},{"__type__":"cc.Node","_name":"zhen","_parent":{"__id__":13},"_components":[{"__type__":"cc.Sprite","node":{"__id__":14},"_materials":[{"__uuid__":"ecpdLyjvZBwrvm+cedCcQy"}],"_spriteFrame":{"__uuid__":"14vJwyNH1OspMXFimJtxkW"},"_type":1,"_sizeMode":0},{"__type__":"cc.RigidBody","node":{"__id__":14},"_type":3,"_gravityScale":0,"_fixedRotation":true,"enabledContactListener":true,"bullet":true},{"__type__":"cc.PhysicsPolygonCollider","node":{"__id__":14},"_offset":{"__type__":"cc.Vec2","x":184,"y":3},"points":[{"__type__":"cc.Vec2","x":-319,"y":-58},{"__type__":"cc.Vec2","x":-210,"y":-58},{"__type__":"cc.Vec2","x":-211,"y":-26.7},{"__type__":"cc.Vec2","x":-55.6,"y":-23},{"__type__":"cc.Vec2","x":-55.7,"y":29.8},{"__type__":"cc.Vec2","x":-207.7,"y":29.2},{"__type__":"cc.Vec2","x":-207,"y":52},{"__type__":"cc.Vec2","x":-319,"y":51}]},{"__type__":"1cb3eoIRdhJWZayW7A68Y7j","node":{"__id__":14},"applyUpsensor":true,"applyDownsensor":true,"allzhen":[{"__id__":15}]}],"_prefab":{"__type__":"cc.PrefabInfo","root":{"__id__":1},"asset":{"__uuid__":"ffbBl3HCtH5KwOm9TsC+nu"},"fileId":"37b4OZXDVNobbC47V0ROBV"},"_contentSize":{"__type__":"cc.Size","width":265,"height":111},"_trs":{"__type__":"TypedArray","ctor":"Float64Array","array":[0,0,0,0,0,0,1,1,1,1]}},{"__type__":"cc.Node","_name":"zhen","_parent":{"__id__":16},"_components":[{"__type__":"cc.Sprite","node":{"__id__":15},"_materials":[{"__uuid__":"ecpdLyjvZBwrvm+cedCcQy"}],"_spriteFrame":{"__uuid__":"14vJwyNH1OspMXFimJtxkW"},"_type":1,"_sizeMode":0},{"__type__":"cc.RigidBody","node":{"__id__":15},"_type":3,"_gravityScale":0,"_fixedRotation":true,"enabledContactListener":true,"bullet":true},{"__type__":"cc.PhysicsPolygonCollider","node":{"__id__":15},"_offset":{"__type__":"cc.Vec2","x":184,"y":3},"points":[{"__type__":"cc.Vec2","x":-319,"y":-58},{"__type__":"cc.Vec2","x":-210,"y":-58},{"__type__":"cc.Vec2","x":-210.5,"y":-22.9},{"__type__":"cc.Vec2","x":-54.8,"y":-24.4},{"__type__":"cc.Vec2","x":-51.8,"y":29.2},{"__type__":"cc.Vec2","x":-211.9,"y":29.1},{"__type__":"cc.Vec2","x":-207,"y":52},{"__type__":"cc.Vec2","x":-319,"y":51}]},{"__type__":"1cb3eoIRdhJWZayW7A68Y7j","node":{"__id__":15},"applyDownsensor":true,"allzhen":[{"__id__":14}]}],"_prefab":{"__type__":"cc.PrefabInfo","root":{"__id__":1},"asset":{"__uuid__":"ffbBl3HCtH5KwOm9TsC+nu"},"fileId":"392QmmVIhOQIYm5xbTAAvf"},"_contentSize":{"__type__":"cc.Size","width":265,"height":111},"_trs":{"__type__":"TypedArray","ctor":"Float64Array","array":[0,0,0,0,0,0,1,1,1,1]}},{"__type__":"cc.Node","_name":"zhenNodeTwo","_parent":{"__id__":1},"_children":[{"__id__":15},{"__id__":17},{"__id__":18}],"_prefab":{"__type__":"cc.PrefabInfo","root":{"__id__":1},"asset":{"__uuid__":"ffbBl3HCtH5KwOm9TsC+nu"},"fileId":"42R4vE41BMn4T3d/ypbXEH"},"_trs":{"__type__":"TypedArray","ctor":"Float64Array","array":[-467.557,-102.147,0,0,0,-0.3844886709255707,0.9231297102411384,1,1,1]},"_eulerAngles":{"__type__":"cc.Vec3","z":-45.224000000000004}},{"__type__":"cc.Node","_name":"zhenup","_parent":{"__id__":16},"_components":[{"__type__":"cc.RigidBody","node":{"__id__":17},"_type":0,"_gravityScale":0,"bullet":true}],"_prefab":{"__type__":"cc.PrefabInfo","root":{"__id__":1},"asset":{"__uuid__":"ffbBl3HCtH5KwOm9TsC+nu"},"fileId":"a2mgFoKuVNS5J3wrM8b8tU"},"_trs":{"__type__":"TypedArray","ctor":"Float64Array","array":[-2.37,742.661,0,0,0,0,1,1,1,1]}},{"__type__":"cc.Node","_name":"zhendown","_parent":{"__id__":16},"_components":[{"__type__":"cc.RigidBody","node":{"__id__":18},"_type":0,"_gravityScale":0,"bullet":true}],"_prefab":{"__type__":"cc.PrefabInfo","root":{"__id__":1},"asset":{"__uuid__":"ffbBl3HCtH5KwOm9TsC+nu"},"fileId":"aesOgk13dPT5ejKAJcHsVz"},"_trs":{"__type__":"TypedArray","ctor":"Float64Array","array":[33.281,-17.62,0,0,0,0,1,1,1,1]}},{"__type__":"cc.Node","_name":"zhenup","_parent":{"__id__":13},"_components":[{"__type__":"cc.RigidBody","node":{"__id__":19},"_type":0,"_gravityScale":0,"bullet":true}],"_prefab":{"__type__":"cc.PrefabInfo","root":{"__id__":1},"asset":{"__uuid__":"ffbBl3HCtH5KwOm9TsC+nu"},"fileId":"f2BauKfv1Ns7A2X89wnfc2"},"_trs":{"__type__":"TypedArray","ctor":"Float64Array","array":[-2.37,693.765,0,0,0,0,1,1,1,1]}},{"__type__":"cc.Node","_name":"zhendown","_parent":{"__id__":13},"_components":[{"__type__":"cc.RigidBody","node":{"__id__":20},"_type":0,"_gravityScale":0,"bullet":true}],"_prefab":{"__type__":"cc.PrefabInfo","root":{"__id__":1},"asset":{"__uuid__":"ffbBl3HCtH5KwOm9TsC+nu"},"fileId":"1fPSN7k55MEq22uKspuGvG"},"_trs":{"__type__":"TypedArray","ctor":"Float64Array","array":[10.705,-8.133,0,0,0,0,1,1,1,1]}}]]