{"paths":{"1":["effects/builtin-2d-spine",0],"2":["effects/builtin-2d-gray-sprite",0],"3":["effects/builtin-2d-sprite",0],"4":["materials/builtin-unlit",1],"5":["effects/builtin-3d-trail",0],"6":["effects/builtin-2d-graphics",0],"7":["materials/builtin-2d-gray-sprite",1],"8":["materials/builtin-3d-trail",1],"9":["effects/builtin-unlit",0],"10":["materials/builtin-2d-base",1],"11":["materials/builtin-2d-spine",1],"12":["materials/builtin-2d-graphics",1],"13":["effects/builtin-clear-stencil",0],"14":["materials/builtin-clear-stencil",1],"15":["materials/builtin-2d-label",1],"16":["materials/builtin-2d-sprite",1],"17":["effects/builtin-2d-label",0]},"types":["cc.EffectAsset","cc.Material"],"uuids":["02delMVqdBD70a/HSD99FK","0ek66qC1NOQLjgYmi04HvX","14TDKXr2NJ6LjvHPops74o","28dPjdQWxEQIG3VVl1Qm6T","2aKWBXJHxKHLvrBUi2yYZQ","2afAA24LNP4YmYiaVLiivs","30aC+Hnw1PF4pEcoY3kUYb","3ae7efMv1CLq2ilvUY/tQi","46bU+b5fROqIXVPG6aZWWK","6dkeWRTOBGXICfYQ7JUBnG","6fgBCSDDdPMInvyNlggls2","7a/QZLET9IDreTiBfRn2PD","a1U5RdJRFMFL57BdJC9H1X","c0BAyVxX9JzZy8EjFrc9DU","cffgu4qBxEqa150o1DmRAy","e0LYfU5ZlNFoAB4UiRrGUG","ecpdLyjvZBwrvm+cedCcQy","f1h0LXVtJOta5JLZ1xCzfI"],"scenes":{},"redirect":[],"deps":[],"packs":{"079499991":[4,9],"07ce7530a":[2,7],"08018726a":[15,17],"0a5cba09d":[5,8],"0d5255670":[6,12],"0d669730c":[13,14],"0e4bc3b03":[1,11]},"name":"internal","importBase":"import","nativeBase":"native","debug":false,"isZip":false,"encrypted":true,"versions":{"import":[0,"473a4","079499991","b784d","07ce7530a","d804b","08018726a","fa77a","0a5cba09d","ca76f","0d5255670","17633","0d669730c","6f73c","0e4bc3b03","24841",3,"cb6ca",10,"17b20",16,"7f586"],"native":[0,"cea68"]}}