[{"__type__":"cc.Prefab","_name":"Black_Water","data":{"__id__":1}},{"__type__":"cc.Node","_name":"Black_Water","_components":[{"__type__":"cc.Sprite","node":{"__id__":1},"_materials":[{"__uuid__":"ecpdLyjvZBwrvm+cedCcQy"}],"_dstBlendFactor":1,"_spriteFrame":{"__uuid__":"62Gumbxx1Eu7+AkiZDOZYo"},"_sizeMode":0},{"__type__":"cc.RigidBody","node":{"__id__":1},"_gravityScale":3,"enabledContactListener":true},{"__type__":"cc.PhysicsCircleCollider","node":{"__id__":1},"tag":777,"_friction":0.1,"_radius":15},{"__type__":"5b02aVwYupBwKlsTf7E7365","node":{"__id__":1}}],"_prefab":{"__type__":"cc.PrefabInfo","root":{"__id__":1},"asset":{"__uuid__":"73tffDDlhNUZGTbkh638uQ"},"fileId":"93SOUR5mRNyLrRSQQ+hY7d"},"_color":{"__type__":"cc.Color","r":94,"g":67,"b":46},"_contentSize":{"__type__":"cc.Size","width":400,"height":400},"_trs":{"__type__":"TypedArray","ctor":"Float64Array","array":[31,27,0,0,0,0,1,1,1,1]},"_groupIndex":10,"groupIndex":10}]