[{"__type__":"cc.Prefab","_name":"Greenwater_Water","data":{"__id__":1}},{"__type__":"cc.Node","_name":"Greenwater_Water","_components":[{"__type__":"cc.Sprite","node":{"__id__":1},"_materials":[{"__uuid__":"ecpdLyjvZBwrvm+cedCcQy"}],"_dstBlendFactor":1,"_spriteFrame":{"__uuid__":"62Gumbxx1Eu7+AkiZDOZYo"},"_sizeMode":0},{"__type__":"cc.RigidBody","node":{"__id__":1},"_gravityScale":2},{"__type__":"cc.PhysicsCircleCollider","node":{"__id__":1},"tag":741,"_radius":20},{"__type__":"d8e09ehUrBBwZtfl99CwDmH","node":{"__id__":1}}],"_prefab":{"__type__":"cc.PrefabInfo","root":{"__id__":1},"asset":{"__uuid__":"13FEeEL1NMaK5TFGpFQpJr"},"fileId":"823dV9/0dB/pFcZagKwOUR"},"_color":{"__type__":"cc.Color","r":77,"g":196,"b":127},"_contentSize":{"__type__":"cc.Size","width":400,"height":400},"_trs":{"__type__":"TypedArray","ctor":"Float64Array","array":[31,332.47,0,0,0,0,1,1.5,1.5,1]},"_groupIndex":11,"groupIndex":11}]