{"__type__":"sp.SkeletonData","_name":"02win","_skeletonJson":{"skeleton":{"hash":"yuJwwjKooNsWU+z9jVs6tYhA0TM","spine":"3.7.94","width":953,"height":756},"bones":[{"name":"root"},{"name":"xx","parent":"root","x":1.25,"y":238.24},{"name":"yuan","parent":"root","x":0.4,"y":236.54},{"name":"cheng","parent":"root","x":-52.17,"y":141.14},{"name":"gong","parent":"root","x":62.31,"y":142.42},{"name":"bu1","parent":"root","x":-0.44,"y":34.72},{"name":"bu2","parent":"root","x":-4.68,"y":76.7},{"name":"bu3","parent":"root","x":-0.44,"y":66.94},{"name":"bu1b","parent":"root","x":176.79,"y":6.31},{"name":"bu1a","parent":"root","x":-182.76,"y":5.89},{"name":"c1","parent":"root","x":-297.24,"y":192.92},{"name":"c2","parent":"root","x":-457.81,"y":74.42},{"name":"c3","parent":"root","x":-373.17,"y":-31.26},{"name":"c4","parent":"root","x":-136.16,"y":-167.21},{"name":"c5","parent":"root","x":-464.99,"y":-305.2},{"name":"c6","parent":"root","x":273.21,"y":109.81},{"name":"c7","parent":"root","x":464.05,"y":7.73},{"name":"c8","parent":"root","x":293.73,"y":-104.11},{"name":"c9","parent":"root","x":449.17,"y":-131.3},{"name":"c10","parent":"root","x":322.46,"y":-285.71},{"name":"jinbi","parent":"root","x":-118.44,"y":30.64}],"slots":[{"name":"cg2","bone":"root","attachment":"cg2"},{"name":"cg","bone":"root","attachment":"cg"},{"name":"c10","bone":"c10","attachment":"c10"},{"name":"c9","bone":"c9","attachment":"c9"},{"name":"c8","bone":"c8","attachment":"c8"},{"name":"c7","bone":"c7","attachment":"c7"},{"name":"c6","bone":"c6","attachment":"c6"},{"name":"c5","bone":"c5","attachment":"c5"},{"name":"c4","bone":"c4","attachment":"c4"},{"name":"c3","bone":"c3","attachment":"c3"},{"name":"c2","bone":"c2","attachment":"c2"},{"name":"c1","bone":"c1","attachment":"c1"},{"name":"bu1b","bone":"bu1b","attachment":"bu1b"},{"name":"bu1a","bone":"bu1a","attachment":"bu1a"},{"name":"bu3","bone":"bu3","attachment":"bu3"},{"name":"bu2","bone":"bu2","attachment":"bu2"},{"name":"bu1","bone":"bu1","attachment":"bu1"},{"name":"gong","bone":"gong","attachment":"gong"},{"name":"cheng","bone":"cheng","attachment":"cheng"},{"name":"jinbi","bone":"jinbi","attachment":"jinbi"},{"name":"yuan","bone":"yuan","attachment":"yuan"},{"name":"xx","bone":"xx","attachment":"xx"}],"skins":{"default":{"bu1":{"bu1":{"x":1.65,"y":-10.74,"width":411,"height":127}},"bu1a":{"bu1a":{"x":-15.53,"y":-7.91,"width":96,"height":127}},"bu1b":{"bu1b":{"x":22.92,"y":-8.33,"width":96,"height":127}},"bu2":{"bu2":{"x":5.39,"y":-4.22,"width":356,"height":268}},"bu3":{"bu3":{"x":1.15,"y":2.04,"width":420,"height":317}},"c1":{"c1":{"x":5.45,"y":4.06,"width":33,"height":69}},"c10":{"c10":{"x":-3.25,"y":-3.31,"width":37,"height":69}},"c2":{"c2":{"x":1.02,"y":2.06,"width":37,"height":32}},"c3":{"c3":{"x":-3.12,"y":6.74,"width":36,"height":36}},"c4":{"c4":{"x":6.37,"y":2.69,"width":49,"height":34}},"c5":{"c5":{"x":8.7,"y":-3.32,"width":36,"height":32}},"c6":{"c6":{"x":-7,"y":0.17,"width":63,"height":47}},"c7":{"c7":{"x":-3.84,"y":3.25,"width":35,"height":29}},"c8":{"c8":{"x":-5.52,"y":6.09,"width":35,"height":33}},"c9":{"c9":{"x":1.04,"y":-3.22,"width":33,"height":36}},"cg":{"cg":{"x":-1.29,"y":231.48,"width":600,"height":346}},"cg2":{"cg2":{"x":0.71,"y":156.98,"width":744,"height":549}},"cheng":{"cheng":{"x":-4.62,"y":1.34,"width":121,"height":118}},"gong":{"gong":{"x":-1.6,"y":0.56,"width":122,"height":121}},"jinbi":{"jinbi":{"x":2.15,"y":-5.66,"width":74,"height":83}},"xx":{"xx":{"x":-0.04,"y":-0.26,"width":35,"height":33}},"yuan":{"yuan":{"x":0.81,"y":-0.56,"width":131,"height":131}}}},"animations":{"title1":{"slots":{"bu1a":{"attachment":[{"time":0,"name":null},{"time":0.4667,"name":"bu1a"}]},"bu1b":{"attachment":[{"time":0,"name":null},{"time":0.4667,"name":"bu1b"}]},"bu2":{"attachment":[{"time":0,"name":null},{"time":0.2,"name":"bu2"}]},"bu3":{"attachment":[{"time":0,"name":null},{"time":0.3,"name":"bu3"}]},"c1":{"color":[{"time":0.4,"color":"ffffffff"},{"time":0.6,"color":"ffffff00"}]},"c2":{"color":[{"time":0.9333,"color":"ffffffff"},{"time":1.1333,"color":"ffffff00"}]},"c3":{"color":[{"time":0.5333,"color":"ffffffff"},{"time":0.7333,"color":"ffffff00"}]},"c4":{"color":[{"time":0.5667,"color":"ffffffff"},{"time":0.7667,"color":"ffffff00"}]},"c5":{"color":[{"time":1.0667,"color":"ffffffff"},{"time":1.2667,"color":"ffffff00"}]},"c6":{"color":[{"time":0.6667,"color":"ffffffff"},{"time":0.8667,"color":"ffffff00"}]},"c7":{"color":[{"time":0.9333,"color":"ffffffff"},{"time":1.1333,"color":"ffffff00"}]},"c8":{"color":[{"time":0.8333,"color":"ffffffff"},{"time":1.0333,"color":"ffffff00"}]},"c9":{"color":[{"time":0.5333,"color":"ffffffff"},{"time":0.7333,"color":"ffffff00"}]},"c10":{"color":[{"time":0.6333,"color":"ffffffff"},{"time":0.8333,"color":"ffffff00"}]},"cg":{"color":[{"time":0,"color":"ffffff00"},{"time":0.3667,"color":"ffffff00"},{"time":0.5333,"color":"ffffffff"}]},"cg2":{"color":[{"time":0.2333,"color":"ffffff00"},{"time":0.4667,"color":"ffffffff"}],"attachment":[{"time":0,"name":null},{"time":0.3333,"name":"cg2"}]},"cheng":{"attachment":[{"time":0,"name":null},{"time":0.5333,"name":"cheng"}]},"gong":{"attachment":[{"time":0,"name":null},{"time":0.6667,"name":"gong"}]},"jinbi":{"attachment":[{"time":0,"name":null},{"time":0.5,"name":"jinbi"}]},"xx":{"color":[{"time":0.1667,"color":"ffffff00"},{"time":0.3667,"color":"ffffffff"}],"attachment":[{"time":0,"name":null},{"time":0.1667,"name":"xx"}]},"yuan":{"color":[{"time":0.2333,"color":"ffffff00"},{"time":0.5333,"color":"ffffffff"}],"attachment":[{"time":0,"name":null},{"time":0.3333,"name":"yuan"}]}},"bones":{"c10":{"translate":[{"time":0,"x":-322.46,"y":285.71},{"time":0.8333,"x":0,"y":0}]},"c8":{"translate":[{"time":0,"x":-293.73,"y":104.11,"curve":"stepped"},{"time":0.4333,"x":-293.73,"y":104.11},{"time":1.0333,"x":0,"y":0}]},"c9":{"translate":[{"time":0,"x":-449.17,"y":131.3,"curve":"stepped"},{"time":0.1333,"x":-449.17,"y":131.3},{"time":0.7333,"x":0,"y":0}]},"c7":{"translate":[{"time":0,"x":-464.05,"y":-7.73,"curve":"stepped"},{"time":0.5333,"x":-464.05,"y":-7.73},{"time":1.1333,"x":0,"y":0}]},"c6":{"translate":[{"time":0,"x":-273.21,"y":-109.81},{"time":0.8667,"x":0,"y":0}]},"c4":{"translate":[{"time":0,"x":136.16,"y":167.21,"curve":"stepped"},{"time":0.1667,"x":136.16,"y":167.21},{"time":0.7667,"x":0,"y":0}]},"c1":{"translate":[{"time":0,"x":297.24,"y":-192.92},{"time":0.6,"x":0,"y":0}]},"c3":{"translate":[{"time":0,"x":373.17,"y":31.26,"curve":"stepped"},{"time":0.1333,"x":373.17,"y":31.26},{"time":0.7333,"x":0,"y":0}]},"c2":{"translate":[{"time":0,"x":457.81,"y":-74.42,"curve":"stepped"},{"time":0.5333,"x":457.81,"y":-74.42},{"time":1.1333,"x":0,"y":0}]},"c5":{"translate":[{"time":0,"x":464.99,"y":305.2,"curve":"stepped"},{"time":0.4333,"x":464.99,"y":305.2},{"time":1.2667,"x":0,"y":0}]},"bu1":{"scale":[{"time":0,"x":0,"y":1},{"time":0.2,"x":0.961,"y":1},{"time":0.2333,"x":1.121,"y":1},{"time":0.3333,"x":1,"y":1}]},"bu2":{"scale":[{"time":0.2,"x":1,"y":0},{"time":0.3333,"x":1,"y":1.2},{"time":0.4667,"x":1,"y":1}]},"bu3":{"scale":[{"time":0.3,"x":1,"y":0.121},{"time":0.5,"x":1,"y":1.158},{"time":0.6667,"x":1,"y":1}]},"bu1b":{"scale":[{"time":0.4667,"x":0,"y":1},{"time":0.6,"x":1.343,"y":1},{"time":0.7333,"x":0.98,"y":1}]},"bu1a":{"scale":[{"time":0.4667,"x":0,"y":1},{"time":0.6,"x":1.343,"y":1},{"time":0.7333,"x":0.98,"y":1}]},"jinbi":{"scale":[{"time":0.5,"x":0,"y":0},{"time":0.6,"x":1.45,"y":1.45},{"time":0.7667,"x":1,"y":1}]},"cheng":{"rotate":[{"time":0.5333,"angle":0},{"time":0.7667,"angle":9.67},{"time":1.1333,"angle":-0.79}],"translate":[{"time":0.5333,"x":-15.15,"y":-107.06},{"time":0.7667,"x":0,"y":40.4},{"time":1,"x":0,"y":0}],"scale":[{"time":0.5333,"x":1.192,"y":0.849},{"time":0.7667,"x":0.899,"y":1.111},{"time":1,"x":1.017,"y":0.92},{"time":1.1333,"x":1,"y":1}]},"gong":{"rotate":[{"time":0.6667,"angle":0},{"time":0.9,"angle":9.67},{"time":1.2667,"angle":-0.79}],"translate":[{"time":0.6667,"x":-15.15,"y":-107.06},{"time":0.9,"x":0,"y":40.4},{"time":1.1333,"x":0,"y":0}],"scale":[{"time":0.6667,"x":1.192,"y":0.849},{"time":0.9,"x":0.899,"y":1.111},{"time":1.1333,"x":1.017,"y":0.92},{"time":1.2667,"x":1,"y":1}]},"yuan":{"rotate":[{"time":0,"angle":0},{"time":0.6333,"angle":-90},{"time":1.2667,"angle":180}]}},"drawOrder":[{"time":0.5333,"offsets":[{"slot":"bu1","offset":2},{"slot":"gong","offset":0}]},{"time":0.8667,"offsets":[{"slot":"bu1","offset":2}]}]},"title2":{"slots":{"bu2":{"attachment":[{"time":0,"name":"bu2"}]},"c1":{"attachment":[{"time":0,"name":null}]},"c2":{"color":[{"time":0.9333,"color":"ffffffff"},{"time":1.1333,"color":"ffffff00"}],"attachment":[{"time":0,"name":null}]},"c3":{"color":[{"time":0.5333,"color":"ffffffff"},{"time":0.7333,"color":"ffffff00"}],"attachment":[{"time":0,"name":null}]},"c4":{"color":[{"time":0.5667,"color":"ffffffff"},{"time":0.7667,"color":"ffffff00"}],"attachment":[{"time":0,"name":null}]},"c5":{"color":[{"time":1.0667,"color":"ffffffff"},{"time":1.2667,"color":"ffffff00"}],"attachment":[{"time":0,"name":null}]},"c6":{"color":[{"time":0.6667,"color":"ffffffff"},{"time":0.8667,"color":"ffffff00"}],"attachment":[{"time":0,"name":null}]},"c7":{"color":[{"time":0.9333,"color":"ffffffff"},{"time":1.1333,"color":"ffffff00"}],"attachment":[{"time":0,"name":null}]},"c8":{"color":[{"time":0.8333,"color":"ffffffff"},{"time":1.0333,"color":"ffffff00"}],"attachment":[{"time":0,"name":null}]},"c9":{"color":[{"time":0.5333,"color":"ffffffff"},{"time":0.7333,"color":"ffffff00"}],"attachment":[{"time":0,"name":null}]},"c10":{"color":[{"time":0,"color":"ffffff00"}],"attachment":[{"time":0,"name":null}]},"cg":{"color":[{"time":0,"color":"ffffffff"},{"time":0.5667,"color":"ffffff00"},{"time":0.8667,"color":"ffffffff","curve":"stepped"},{"time":1.2667,"color":"ffffffff"}]},"cg2":{"color":[{"time":0,"color":"ffffffff"},{"time":0.3667,"color":"ffffff00"},{"time":1.2667,"color":"ffffffff"}],"attachment":[{"time":0,"name":"cg2"}]},"xx":{"color":[{"time":0,"color":"ffffffff"}],"attachment":[{"time":0,"name":"xx"}]},"yuan":{"attachment":[{"time":0,"name":"yuan"}]}},"bones":{"c10":{"translate":[{"time":0,"x":0,"y":0}]},"c8":{"translate":[{"time":0,"x":-293.73,"y":104.11,"curve":"stepped"},{"time":0.4333,"x":-293.73,"y":104.11},{"time":1.0333,"x":0,"y":0}]},"c9":{"translate":[{"time":0,"x":-449.17,"y":131.3,"curve":"stepped"},{"time":0.1333,"x":-449.17,"y":131.3},{"time":0.7333,"x":0,"y":0}]},"c7":{"translate":[{"time":0,"x":-464.05,"y":-7.73,"curve":"stepped"},{"time":0.5333,"x":-464.05,"y":-7.73},{"time":1.1333,"x":0,"y":0}]},"c6":{"translate":[{"time":0,"x":-273.21,"y":-109.81},{"time":0.8667,"x":0,"y":0}]},"c4":{"translate":[{"time":0,"x":136.16,"y":167.21,"curve":"stepped"},{"time":0.1667,"x":136.16,"y":167.21},{"time":0.7667,"x":0,"y":0}]},"c1":{"translate":[{"time":0,"x":297.24,"y":-192.92}]},"c3":{"translate":[{"time":0,"x":373.17,"y":31.26,"curve":"stepped"},{"time":0.1333,"x":373.17,"y":31.26},{"time":0.7333,"x":0,"y":0}]},"c2":{"translate":[{"time":0,"x":457.81,"y":-74.42,"curve":"stepped"},{"time":0.5333,"x":457.81,"y":-74.42},{"time":1.1333,"x":0,"y":0}]},"c5":{"translate":[{"time":0,"x":464.99,"y":305.2,"curve":"stepped"},{"time":0.4333,"x":464.99,"y":305.2},{"time":1.2667,"x":0,"y":0}]},"bu1":{"scale":[{"time":0,"x":1,"y":1}]},"bu2":{"scale":[{"time":0,"x":1,"y":1}]},"bu3":{"scale":[{"time":0,"x":1,"y":1}]},"bu1b":{"scale":[{"time":0,"x":0.98,"y":1}]},"bu1a":{"scale":[{"time":0,"x":0.98,"y":1}]},"jinbi":{"scale":[{"time":0,"x":1,"y":1}]},"cheng":{"rotate":[{"time":0,"angle":-0.79}],"translate":[{"time":0,"x":0,"y":0}],"scale":[{"time":0,"x":1,"y":1}]},"gong":{"rotate":[{"time":0,"angle":-0.79}],"scale":[{"time":0,"x":1,"y":1}]},"yuan":{"rotate":[{"time":0,"angle":0},{"time":0.6333,"angle":-90},{"time":1.2667,"angle":180}]}},"drawOrder":[{"time":0,"offsets":[{"slot":"bu1","offset":2},{"slot":"gong","offset":0}]}]}}},"_atlasText":"\r\n02win.png\r\nsize: 2048,1024\r\nformat: RGBA8888\r\nfilter: Linear,Linear\r\nrepeat: none\r\nbu1\r\n  rotate: false\r\n  xy: 746, 574\r\n  size: 411, 127\r\n  orig: 411, 127\r\n  offset: 0, 0\r\n  index: -1\r\nbu1a\r\n  rotate: false\r\n  xy: 602, 209\r\n  size: 96, 127\r\n  orig: 96, 127\r\n  offset: 0, 0\r\n  index: -1\r\nbu1b\r\n  rotate: false\r\n  xy: 1526, 773\r\n  size: 96, 127\r\n  orig: 96, 127\r\n  offset: 0, 0\r\n  index: -1\r\nbu2\r\n  rotate: false\r\n  xy: 1168, 752\r\n  size: 356, 268\r\n  orig: 356, 268\r\n  offset: 0, 0\r\n  index: -1\r\nbu3\r\n  rotate: false\r\n  xy: 746, 703\r\n  size: 420, 317\r\n  orig: 420, 317\r\n  offset: 0, 0\r\n  index: -1\r\nc1\r\n  rotate: false\r\n  xy: 124, 52\r\n  size: 33, 69\r\n  orig: 33, 69\r\n  offset: 0, 0\r\n  index: -1\r\nc10\r\n  rotate: false\r\n  xy: 1159, 632\r\n  size: 37, 69\r\n  orig: 37, 69\r\n  offset: 0, 0\r\n  index: -1\r\nc2\r\n  rotate: false\r\n  xy: 822, 540\r\n  size: 37, 32\r\n  orig: 37, 32\r\n  offset: 0, 0\r\n  index: -1\r\nc3\r\n  rotate: false\r\n  xy: 602, 171\r\n  size: 36, 36\r\n  orig: 36, 36\r\n  offset: 0, 0\r\n  index: -1\r\nc4\r\n  rotate: false\r\n  xy: 1649, 986\r\n  size: 49, 34\r\n  orig: 49, 34\r\n  offset: 0, 0\r\n  index: -1\r\nc5\r\n  rotate: false\r\n  xy: 1233, 718\r\n  size: 36, 32\r\n  orig: 36, 32\r\n  offset: 0, 0\r\n  index: -1\r\nc6\r\n  rotate: false\r\n  xy: 1168, 703\r\n  size: 63, 47\r\n  orig: 63, 47\r\n  offset: 0, 0\r\n  index: -1\r\nc7\r\n  rotate: false\r\n  xy: 1649, 955\r\n  size: 35, 29\r\n  orig: 35, 29\r\n  offset: 0, 0\r\n  index: -1\r\nc8\r\n  rotate: false\r\n  xy: 1159, 597\r\n  size: 35, 33\r\n  orig: 35, 33\r\n  offset: 0, 0\r\n  index: -1\r\nc9\r\n  rotate: false\r\n  xy: 700, 300\r\n  size: 33, 36\r\n  orig: 33, 36\r\n  offset: 0, 0\r\n  index: -1\r\ncg\r\n  rotate: false\r\n  xy: 0, 123\r\n  size: 600, 346\r\n  orig: 600, 346\r\n  offset: 0, 0\r\n  index: -1\r\ncg2\r\n  rotate: false\r\n  xy: 0, 471\r\n  size: 744, 549\r\n  orig: 744, 549\r\n  offset: 0, 0\r\n  index: -1\r\ncheng\r\n  rotate: false\r\n  xy: 1526, 902\r\n  size: 121, 118\r\n  orig: 121, 118\r\n  offset: 0, 0\r\n  index: -1\r\ngong\r\n  rotate: false\r\n  xy: 0, 0\r\n  size: 122, 121\r\n  orig: 122, 121\r\n  offset: 0, 0\r\n  index: -1\r\njinbi\r\n  rotate: false\r\n  xy: 746, 489\r\n  size: 74, 83\r\n  orig: 74, 83\r\n  offset: 0, 0\r\n  index: -1\r\nxx\r\n  rotate: false\r\n  xy: 159, 88\r\n  size: 35, 33\r\n  orig: 35, 33\r\n  offset: 0, 0\r\n  index: -1\r\nyuan\r\n  rotate: false\r\n  xy: 602, 338\r\n  size: 131, 131\r\n  orig: 131, 131\r\n  offset: 0, 0\r\n  index: -1\r\n","textures":[{"__uuid__":"35qMRgpiRFlJzklApLUjsa"}],"textureNames":["02win.png"]}