[{"__type__":"cc.SpriteFrame","content":{"name":"guanqia18","texture":"95L/cj9MpABrcTQXoBJEvn","rect":[1,1,880,1515],"offset":[0,-0.5],"originalSize":[882,1516],"capInsets":[0,0,0,0]}},[{"__type__":"cc.Prefab","_name":"UIDerived17","data":{"__id__":1}},{"__type__":"cc.Node","_name":"UIDerived18","_children":[{"__type__":"cc.Node","_name":"player","_parent":{"__id__":1},"_prefab":{"__type__":"cc.PrefabInfo","root":{"__id__":1},"asset":{"__uuid__":"99/ttzGltNg6dvTTLn8caM"},"fileId":"fdtrgitANGhKsT1NBDl57h"},"_contentSize":{"__type__":"cc.Size","width":240,"height":140},"_trs":{"__type__":"TypedArray","ctor":"Float64Array","array":[-219.053,-623.623,0,0,0,0,1,0.7,0.7,0.7]}},{"__type__":"cc.Node","_name":"greenPos_node","_parent":{"__id__":1},"_prefab":{"__type__":"cc.PrefabInfo","root":{"__id__":1},"asset":{"__uuid__":"99/ttzGltNg6dvTTLn8caM"},"fileId":"41D1Lua+FAo6rsSNbFKqxM"},"_trs":{"__type__":"TypedArray","ctor":"Float64Array","array":[0,0,0,0,0,0,1,1,1,1]}},{"__type__":"cc.Node","_name":"redPos_node","_parent":{"__id__":1},"_prefab":{"__type__":"cc.PrefabInfo","root":{"__id__":1},"asset":{"__uuid__":"99/ttzGltNg6dvTTLn8caM"},"fileId":"4c9Rf4uSpFp7d3eKMXEgAx"},"_trs":{"__type__":"TypedArray","ctor":"Float64Array","array":[0,0,0,0,0,0,1,1,1,1]}},{"__id__":2},{"__id__":3},{"__type__":"cc.Node","_name":"redwater_node","_parent":{"__id__":1},"_prefab":{"__type__":"cc.PrefabInfo","root":{"__id__":1},"asset":{"__uuid__":"99/ttzGltNg6dvTTLn8caM"},"fileId":"48T3bpl8FCXpkDNTYdZgaD"},"_trs":{"__type__":"TypedArray","ctor":"Float64Array","array":[0,0,0,0,0,0,1,1,1,1]}},{"__type__":"cc.Node","_name":"bule_node","_parent":{"__id__":1},"_prefab":{"__type__":"cc.PrefabInfo","root":{"__id__":1},"asset":{"__uuid__":"99/ttzGltNg6dvTTLn8caM"},"fileId":"1bIH8+QFlI54hBoo5TOTWM"},"_trs":{"__type__":"TypedArray","ctor":"Float64Array","array":[0,0,0,0,0,0,1,1,1,1]}},{"__id__":4},{"__id__":6},{"__id__":8},{"__id__":10}],"_components":[{"__type__":"cc.Sprite","node":{"__id__":1},"_materials":[{"__uuid__":"ecpdLyjvZBwrvm+cedCcQy"}],"_spriteFrame":{"__uuid__":"35sesQ6tRL4r12yaqPeyO7"}},{"__type__":"cc.PhysicsPolygonCollider","node":{"__id__":1},"points":[{"__type__":"cc.Vec2","x":94.5,"y":-327.4},{"__type__":"cc.Vec2","x":191.2,"y":-312.6},{"__type__":"cc.Vec2","x":265.7,"y":-318.7},{"__type__":"cc.Vec2","x":303.6,"y":-329.6},{"__type__":"cc.Vec2","x":338.4,"y":-351},{"__type__":"cc.Vec2","x":361.2,"y":-377.4},{"__type__":"cc.Vec2","x":376.5,"y":-409.5},{"__type__":"cc.Vec2","x":391,"y":-461.7},{"__type__":"cc.Vec2","x":395.3,"y":-531.6},{"__type__":"cc.Vec2","x":388.6,"y":-602.3},{"__type__":"cc.Vec2","x":368,"y":-656},{"__type__":"cc.Vec2","x":329,"y":-687},{"__type__":"cc.Vec2","x":256.8,"y":-710.7},{"__type__":"cc.Vec2","x":220.5,"y":-715.2},{"__type__":"cc.Vec2","x":174.5,"y":-711.5},{"__type__":"cc.Vec2","x":126,"y":-698.8},{"__type__":"cc.Vec2","x":75,"y":-663.2},{"__type__":"cc.Vec2","x":35.3,"y":-616.1},{"__type__":"cc.Vec2","x":-7.6,"y":-559.6},{"__type__":"cc.Vec2","x":-32.3,"y":-512.7},{"__type__":"cc.Vec2","x":-50,"y":-476},{"__type__":"cc.Vec2","x":-58.7,"y":-472.3},{"__type__":"cc.Vec2","x":-68.3,"y":-478},{"__type__":"cc.Vec2","x":-74.6,"y":-494.8},{"__type__":"cc.Vec2","x":-81.5,"y":-568.2},{"__type__":"cc.Vec2","x":-88.5,"y":-651.7},{"__type__":"cc.Vec2","x":-101,"y":-673},{"__type__":"cc.Vec2","x":-126,"y":-698.2},{"__type__":"cc.Vec2","x":-175.9,"y":-715.1},{"__type__":"cc.Vec2","x":-247.3,"y":-713.6},{"__type__":"cc.Vec2","x":-322.2,"y":-690.2},{"__type__":"cc.Vec2","x":-363.3,"y":-661},{"__type__":"cc.Vec2","x":-385,"y":-626.9},{"__type__":"cc.Vec2","x":-398.2,"y":-563.9},{"__type__":"cc.Vec2","x":-392.9,"y":-509.4},{"__type__":"cc.Vec2","x":-368.4,"y":-456.7},{"__type__":"cc.Vec2","x":-314,"y":-409.6},{"__type__":"cc.Vec2","x":-171,"y":-362},{"__type__":"cc.Vec2","x":-79,"y":-347},{"__type__":"cc.Vec2","x":-53.8,"y":-345.2},{"__type__":"cc.Vec2","x":-352,"y":719},{"__type__":"cc.Vec2","x":-129,"y":719},{"__type__":"cc.Vec2","x":448,"y":756},{"__type__":"cc.Vec2","x":-443,"y":762},{"__type__":"cc.Vec2","x":-440.7,"y":-458.7},{"__type__":"cc.Vec2","x":-440.5,"y":-757.3},{"__type__":"cc.Vec2","x":-158,"y":-758.7},{"__type__":"cc.Vec2","x":441.2,"y":-761.8},{"__type__":"cc.Vec2","x":436,"y":-238},{"__type__":"cc.Vec2","x":444,"y":747},{"__type__":"cc.Vec2","x":-135.7,"y":719.5},{"__type__":"cc.Vec2","x":-46.3,"y":268.4}]},{"__type__":"cc.PhysicsPolygonCollider","node":{"__id__":1},"points":[{"__type__":"cc.Vec2","x":156.8,"y":-581.4},{"__type__":"cc.Vec2","x":198.5,"y":-584.6},{"__type__":"cc.Vec2","x":243.2,"y":-576},{"__type__":"cc.Vec2","x":285.6,"y":-545.4},{"__type__":"cc.Vec2","x":301.5,"y":-508.1},{"__type__":"cc.Vec2","x":288,"y":-467},{"__type__":"cc.Vec2","x":261.8,"y":-444.3},{"__type__":"cc.Vec2","x":218.2,"y":-425.8},{"__type__":"cc.Vec2","x":169.5,"y":-423.2},{"__type__":"cc.Vec2","x":117,"y":-431},{"__type__":"cc.Vec2","x":84.9,"y":-460.6},{"__type__":"cc.Vec2","x":89.6,"y":-514.3},{"__type__":"cc.Vec2","x":120.8,"y":-558.3}]},{"__type__":"cc.RigidBody","node":{"__id__":1},"_type":0},{"__type__":"1100eDGpRlLMYp5CrYQGpcQ","node":{"__id__":1}}],"_prefab":{"__type__":"cc.PrefabInfo","root":{"__id__":1},"asset":{"__uuid__":"99/ttzGltNg6dvTTLn8caM"},"fileId":"04xRUylCpFw5m6UvZ7mOn0"},"_contentSize":{"__type__":"cc.Size","width":880,"height":1515},"_trs":{"__type__":"TypedArray","ctor":"Float64Array","array":[89.317,-20.415,0,0,0,0,1,1,1,1]}},{"__type__":"cc.Node","_name":"bulePos_node","_parent":{"__id__":1},"_children":[{"__type__":"cc.Node","_name":"New Node","_parent":{"__id__":2},"_prefab":{"__type__":"cc.PrefabInfo","root":{"__id__":1},"asset":{"__uuid__":"99/ttzGltNg6dvTTLn8caM"},"fileId":"7cVHq/YmFJSK1YkGaAkssQ"},"_trs":{"__type__":"TypedArray","ctor":"Float64Array","array":[-34.066,625.735,0,0,0,0,1,1,1,1]}}],"_prefab":{"__type__":"cc.PrefabInfo","root":{"__id__":1},"asset":{"__uuid__":"99/ttzGltNg6dvTTLn8caM"},"fileId":"9fHC+1JMtNHa59fCG/cyzD"},"_trs":{"__type__":"TypedArray","ctor":"Float64Array","array":[0,0,0,0,0,0,1,1,1,1]}},{"__type__":"cc.Node","_name":"black_node","_parent":{"__id__":1},"_components":[{"__type__":"6c0e8KZwr5L34azTYX21stu","node":{"__id__":3}}],"_prefab":{"__type__":"cc.PrefabInfo","root":{"__id__":1},"asset":{"__uuid__":"99/ttzGltNg6dvTTLn8caM"},"fileId":"deYPtorZ9CA7R2qXzQQXmW"},"_trs":{"__type__":"TypedArray","ctor":"Float64Array","array":[0,0,0,0,0,0,1,1,1,1]}},{"__type__":"cc.Node","_name":"zhenNode","_parent":{"__id__":1},"_children":[{"__id__":5}],"_prefab":{"__type__":"cc.PrefabInfo","root":{"__id__":1},"asset":{"__uuid__":"99/ttzGltNg6dvTTLn8caM"},"fileId":"76arQUWH1HL6I9MpHcIWam"},"_trs":{"__type__":"TypedArray","ctor":"Float64Array","array":[-150.765,525.841,0,0,0,0.15643446504023087,0.9876883405951378,1,1,1]},"_eulerAngles":{"__type__":"cc.Vec3","z":18},"_groupIndex":8,"groupIndex":8},{"__type__":"cc.Node","_name":"zhen","_parent":{"__id__":4},"_components":[{"__type__":"cc.Sprite","node":{"__id__":5},"_materials":[{"__uuid__":"ecpdLyjvZBwrvm+cedCcQy"}],"_spriteFrame":{"__uuid__":"81u1O4l2lM2IGXbUA/0aw7"},"_type":1},{"__type__":"cc.RigidBody","node":{"__id__":5},"_type":3,"_allowSleep":false,"_gravityScale":0,"_fixedRotation":true,"enabledContactListener":true},{"__type__":"cc.PhysicsPolygonCollider","node":{"__id__":5},"tag":222,"points":[{"__type__":"cc.Vec2","x":227.5,"y":55.5},{"__type__":"cc.Vec2","x":214.5,"y":51.5},{"__type__":"cc.Vec2","x":206.5,"y":45.5},{"__type__":"cc.Vec2","x":192,"y":33.4},{"__type__":"cc.Vec2","x":188.8,"y":24.1},{"__type__":"cc.Vec2","x":187.7,"y":38.7},{"__type__":"cc.Vec2","x":-286.6,"y":37.9},{"__type__":"cc.Vec2","x":-292.8,"y":-0.5},{"__type__":"cc.Vec2","x":-281.9,"y":-14.7},{"__type__":"cc.Vec2","x":184.9,"y":-17.2},{"__type__":"cc.Vec2","x":193.4,"y":-34.3},{"__type__":"cc.Vec2","x":209.9,"y":-47.8},{"__type__":"cc.Vec2","x":238.1,"y":-54.9},{"__type__":"cc.Vec2","x":261.8,"y":-50.5},{"__type__":"cc.Vec2","x":285.2,"y":-28.5},{"__type__":"cc.Vec2","x":291.1,"y":-15.6},{"__type__":"cc.Vec2","x":292.7,"y":0.3},{"__type__":"cc.Vec2","x":288.9,"y":22},{"__type__":"cc.Vec2","x":265.3,"y":49.4}]},{"__type__":"72555Q9muRD1505Zi2fOOxm","node":{"__id__":5},"linevelocityX":1000}],"_prefab":{"__type__":"cc.PrefabInfo","root":{"__id__":1},"asset":{"__uuid__":"99/ttzGltNg6dvTTLn8caM"},"fileId":"5arMNxuy9CdKOG2WZe5j/c"},"_contentSize":{"__type__":"cc.Size","width":587,"height":111},"_trs":{"__type__":"TypedArray","ctor":"Float64Array","array":[0,0,0,0,0,0,1,0.8,0.8,0.8]},"_groupIndex":8,"groupIndex":8},{"__type__":"cc.Node","_name":"zhenNode","_parent":{"__id__":1},"_children":[{"__id__":7}],"_prefab":{"__type__":"cc.PrefabInfo","root":{"__id__":1},"asset":{"__uuid__":"99/ttzGltNg6dvTTLn8caM"},"fileId":"2fcc6HSKlNOasWsD2RAbJH"},"_trs":{"__type__":"TypedArray","ctor":"Float64Array","array":[-131.199,403.788,0,0,0,0.15643446504023087,0.9876883405951378,1,1,1]},"_eulerAngles":{"__type__":"cc.Vec3","z":18},"_groupIndex":8,"groupIndex":8},{"__type__":"cc.Node","_name":"zhen","_parent":{"__id__":6},"_components":[{"__type__":"cc.Sprite","node":{"__id__":7},"_materials":[{"__uuid__":"ecpdLyjvZBwrvm+cedCcQy"}],"_spriteFrame":{"__uuid__":"81u1O4l2lM2IGXbUA/0aw7"},"_type":1,"_sizeMode":0},{"__type__":"cc.RigidBody","node":{"__id__":7},"_type":3,"_allowSleep":false,"_gravityScale":0,"_fixedRotation":true,"enabledContactListener":true},{"__type__":"cc.PhysicsPolygonCollider","node":{"__id__":7},"tag":222,"_offset":{"__type__":"cc.Vec2","x":-38.9,"y":-1.9},"points":[{"__type__":"cc.Vec2","x":227.5,"y":55.5},{"__type__":"cc.Vec2","x":214.5,"y":51.5},{"__type__":"cc.Vec2","x":206.5,"y":45.5},{"__type__":"cc.Vec2","x":192,"y":33.4},{"__type__":"cc.Vec2","x":188.8,"y":24.1},{"__type__":"cc.Vec2","x":186.3,"y":38.5},{"__type__":"cc.Vec2","x":-204.4,"y":39.1},{"__type__":"cc.Vec2","x":-215.5,"y":-2.5},{"__type__":"cc.Vec2","x":-204.9,"y":-15.7},{"__type__":"cc.Vec2","x":184.9,"y":-17.2},{"__type__":"cc.Vec2","x":193.4,"y":-34.3},{"__type__":"cc.Vec2","x":209.9,"y":-47.8},{"__type__":"cc.Vec2","x":238.1,"y":-54.9},{"__type__":"cc.Vec2","x":261.8,"y":-50.5},{"__type__":"cc.Vec2","x":285.2,"y":-28.5},{"__type__":"cc.Vec2","x":291.1,"y":-15.6},{"__type__":"cc.Vec2","x":292.7,"y":0.3},{"__type__":"cc.Vec2","x":288.9,"y":22},{"__type__":"cc.Vec2","x":265.3,"y":49.4}]},{"__type__":"72555Q9muRD1505Zi2fOOxm","node":{"__id__":7},"linevelocityX":1000}],"_prefab":{"__type__":"cc.PrefabInfo","root":{"__id__":1},"asset":{"__uuid__":"99/ttzGltNg6dvTTLn8caM"},"fileId":"29Xp7XjtJPyp7TMsSysNfP"},"_contentSize":{"__type__":"cc.Size","width":511,"height":111},"_trs":{"__type__":"TypedArray","ctor":"Float64Array","array":[0,0,0,0,0,0,1,0.8,0.8,0.8]},"_groupIndex":8,"groupIndex":8},{"__type__":"cc.Node","_name":"zhenNode","_parent":{"__id__":1},"_children":[{"__id__":9}],"_prefab":{"__type__":"cc.PrefabInfo","root":{"__id__":1},"asset":{"__uuid__":"99/ttzGltNg6dvTTLn8caM"},"fileId":"e5Z1xgUUZH+6vQVxEH7ShP"},"_trs":{"__type__":"TypedArray","ctor":"Float64Array","array":[-68.557,210.997,0,0,0,0.15643446504023087,0.9876883405951378,1,1,1]},"_eulerAngles":{"__type__":"cc.Vec3","z":18},"_groupIndex":8,"groupIndex":8},{"__type__":"cc.Node","_name":"zhen","_parent":{"__id__":8},"_components":[{"__type__":"cc.Sprite","node":{"__id__":9},"_materials":[{"__uuid__":"ecpdLyjvZBwrvm+cedCcQy"}],"_spriteFrame":{"__uuid__":"81u1O4l2lM2IGXbUA/0aw7"},"_type":1,"_sizeMode":0},{"__type__":"cc.RigidBody","node":{"__id__":9},"_type":3,"_allowSleep":false,"_gravityScale":0,"_fixedRotation":true,"enabledContactListener":true},{"__type__":"cc.PhysicsPolygonCollider","node":{"__id__":9},"tag":222,"_offset":{"__type__":"cc.Vec2","x":-72.5,"y":0.4},"points":[{"__type__":"cc.Vec2","x":227.5,"y":55.5},{"__type__":"cc.Vec2","x":214.5,"y":51.5},{"__type__":"cc.Vec2","x":206.5,"y":45.5},{"__type__":"cc.Vec2","x":192,"y":33.4},{"__type__":"cc.Vec2","x":188.8,"y":24.1},{"__type__":"cc.Vec2","x":184.5,"y":30.5},{"__type__":"cc.Vec2","x":-139.1,"y":30},{"__type__":"cc.Vec2","x":-148,"y":-6.1},{"__type__":"cc.Vec2","x":-131.8,"y":-17.7},{"__type__":"cc.Vec2","x":184.9,"y":-17.2},{"__type__":"cc.Vec2","x":193.4,"y":-34.3},{"__type__":"cc.Vec2","x":209.9,"y":-47.8},{"__type__":"cc.Vec2","x":238.1,"y":-54.9},{"__type__":"cc.Vec2","x":261.8,"y":-50.5},{"__type__":"cc.Vec2","x":285.2,"y":-28.5},{"__type__":"cc.Vec2","x":291.1,"y":-15.6},{"__type__":"cc.Vec2","x":292.7,"y":0.3},{"__type__":"cc.Vec2","x":288.9,"y":22},{"__type__":"cc.Vec2","x":265.3,"y":49.4}]},{"__type__":"72555Q9muRD1505Zi2fOOxm","node":{"__id__":9},"linevelocityX":500}],"_prefab":{"__type__":"cc.PrefabInfo","root":{"__id__":1},"asset":{"__uuid__":"99/ttzGltNg6dvTTLn8caM"},"fileId":"2cujC+FuhHxZSggXC+Cn9i"},"_contentSize":{"__type__":"cc.Size","width":437,"height":111},"_trs":{"__type__":"TypedArray","ctor":"Float64Array","array":[-28,9,0,0,0,0,1,0.8,0.8,0.8]},"_groupIndex":8,"groupIndex":8},{"__type__":"cc.Node","_name":"zhenNode","_parent":{"__id__":1},"_children":[{"__id__":11}],"_prefab":{"__type__":"cc.PrefabInfo","root":{"__id__":1},"asset":{"__uuid__":"99/ttzGltNg6dvTTLn8caM"},"fileId":"0eZfD1pFVNLJxD3+saJMYE"},"_trs":{"__type__":"TypedArray","ctor":"Float64Array","array":[3.865,54.454,0,0,0,0.15643446504023087,0.9876883405951378,1,1,1]},"_eulerAngles":{"__type__":"cc.Vec3","z":18},"_groupIndex":8,"groupIndex":8},{"__type__":"cc.Node","_name":"zhen","_parent":{"__id__":10},"_components":[{"__type__":"cc.Sprite","node":{"__id__":11},"_materials":[{"__uuid__":"ecpdLyjvZBwrvm+cedCcQy"}],"_spriteFrame":{"__uuid__":"81u1O4l2lM2IGXbUA/0aw7"},"_type":1,"_sizeMode":0},{"__type__":"cc.RigidBody","node":{"__id__":11},"_type":3,"_allowSleep":false,"_gravityScale":0,"_fixedRotation":true,"enabledContactListener":true},{"__type__":"cc.PhysicsPolygonCollider","node":{"__id__":11},"tag":222,"_offset":{"__type__":"cc.Vec2","x":-99.8,"y":-1.3},"points":[{"__type__":"cc.Vec2","x":227.5,"y":55.5},{"__type__":"cc.Vec2","x":214.5,"y":51.5},{"__type__":"cc.Vec2","x":206.5,"y":45.5},{"__type__":"cc.Vec2","x":192,"y":33.4},{"__type__":"cc.Vec2","x":188.8,"y":24.1},{"__type__":"cc.Vec2","x":186.7,"y":28.8},{"__type__":"cc.Vec2","x":-87.2,"y":31.6},{"__type__":"cc.Vec2","x":-98,"y":-1.9},{"__type__":"cc.Vec2","x":-84,"y":-13.5},{"__type__":"cc.Vec2","x":184.9,"y":-17.2},{"__type__":"cc.Vec2","x":193.4,"y":-34.3},{"__type__":"cc.Vec2","x":209.9,"y":-47.8},{"__type__":"cc.Vec2","x":238.1,"y":-54.9},{"__type__":"cc.Vec2","x":261.8,"y":-50.5},{"__type__":"cc.Vec2","x":285.2,"y":-28.5},{"__type__":"cc.Vec2","x":291.1,"y":-15.6},{"__type__":"cc.Vec2","x":292.7,"y":0.3},{"__type__":"cc.Vec2","x":288.9,"y":22},{"__type__":"cc.Vec2","x":265.3,"y":49.4}]},{"__type__":"72555Q9muRD1505Zi2fOOxm","node":{"__id__":11},"linevelocityX":500}],"_prefab":{"__type__":"cc.PrefabInfo","root":{"__id__":1},"asset":{"__uuid__":"99/ttzGltNg6dvTTLn8caM"},"fileId":"10GhUbZ55PiKdssav/yHyl"},"_contentSize":{"__type__":"cc.Size","width":388,"height":111},"_trs":{"__type__":"TypedArray","ctor":"Float64Array","array":[-47,15,0,0,0,0,1,0.8,0.8,0.8]},"_groupIndex":8,"groupIndex":8}]]