[{"__type__":"cc.SpriteFrame","content":{"name":"jiazaizhong-en","texture":"55P0/slqZGmYLU18uCUyhX","rect":[0,0,288,47],"offset":[0,0],"originalSize":[288,47],"capInsets":[0,0,0,0]}},[{"__type__":"cc.Prefab","_name":"UILoadingPage","data":{"__id__":1}},{"__type__":"cc.Node","_name":"LoadingPage","_children":[{"__id__":2},{"__id__":5},{"__id__":6},{"__id__":11}],"_components":[{"__type__":"cc.Widget","node":{"__id__":1},"_alignFlags":45}],"_prefab":{"__type__":"cc.PrefabInfo","root":{"__id__":1},"asset":{"__uuid__":"e12sfL5mpAH67iGWJAkw7D"},"fileId":"34dAjo5qtHoYRF5i0nNbF5"},"_contentSize":{"__type__":"cc.Size","width":1080,"height":1920},"_trs":{"__type__":"TypedArray","ctor":"Float64Array","array":[540,960,0,0,0,0,1,1,1,1]}},{"__type__":"cc.Node","_name":"Bg","_parent":{"__id__":1},"_children":[{"__id__":3},{"__id__":4}],"_components":[{"__type__":"cc.Sprite","node":{"__id__":2},"_materials":[{"__uuid__":"ecpdLyjvZBwrvm+cedCcQy"}],"_spriteFrame":{"__uuid__":"f4bxH9wbJH/5YtPBX85VBB"},"_sizeMode":0},{"__type__":"cc.Widget","node":{"__id__":2},"_alignFlags":40,"_originalWidth":1080,"_originalHeight":1920}],"_prefab":{"__type__":"cc.PrefabInfo","root":{"__id__":1},"asset":{"__uuid__":"e12sfL5mpAH67iGWJAkw7D"},"fileId":"88xzYXz6NAFpt7RvbIGDBO"},"_contentSize":{"__type__":"cc.Size","width":1080,"height":1920},"_trs":{"__type__":"TypedArray","ctor":"Float64Array","array":[0,0,0,0,0,0,1,1,1,1]}},{"__type__":"cc.Node","_name":"shang","_parent":{"__id__":2},"_components":[{"__type__":"cc.Sprite","node":{"__id__":3},"_materials":[{"__uuid__":"ecpdLyjvZBwrvm+cedCcQy"}],"_spriteFrame":{"__uuid__":"adiogqs61I8Y7pbKqnBL0C"}}],"_prefab":{"__type__":"cc.PrefabInfo","root":{"__id__":1},"asset":{"__uuid__":"e12sfL5mpAH67iGWJAkw7D"},"fileId":"6bL0LvRVJI9IY3ExON9Ify"},"_contentSize":{"__type__":"cc.Size","width":1080,"height":300},"_trs":{"__type__":"TypedArray","ctor":"Float64Array","array":[0,1110,0,0,0,0,1,1,1,1]}},{"__type__":"cc.Node","_name":"xia","_parent":{"__id__":2},"_components":[{"__type__":"cc.Sprite","node":{"__id__":4},"_materials":[{"__uuid__":"ecpdLyjvZBwrvm+cedCcQy"}],"_spriteFrame":{"__uuid__":"12N4dk7NhL5ZsCo5cdrGlG"}}],"_prefab":{"__type__":"cc.PrefabInfo","root":{"__id__":1},"asset":{"__uuid__":"e12sfL5mpAH67iGWJAkw7D"},"fileId":"5anG9YUGxCaphuTBSVkfln"},"_contentSize":{"__type__":"cc.Size","width":1080,"height":300},"_trs":{"__type__":"TypedArray","ctor":"Float64Array","array":[0,-1110,0,0,0,0,1,1,1,1]}},{"__type__":"cc.Node","_name":"loadingicon","_parent":{"__id__":1},"_components":[{"__type__":"cc.Sprite","node":{"__id__":5},"_materials":[{"__uuid__":"ecpdLyjvZBwrvm+cedCcQy"}],"_spriteFrame":{"__uuid__":"f4q0kjvCNFToFuMkvWEjx5"},"_sizeMode":0}],"_prefab":{"__type__":"cc.PrefabInfo","root":{"__id__":1},"asset":{"__uuid__":"e12sfL5mpAH67iGWJAkw7D"},"fileId":"a1ed+GVvhMSpSJHF3qdvoR"},"_contentSize":{"__type__":"cc.Size","width":678,"height":1107},"_trs":{"__type__":"TypedArray","ctor":"Float64Array","array":[0,0,0,0,0,0,1,1,1,1]}},{"__type__":"cc.Node","_name":"LoadingBar","_parent":{"__id__":1},"_children":[{"__id__":7},{"__id__":9},{"__id__":10}],"_components":[{"__type__":"cc.Sprite","node":{"__id__":6},"_materials":[{"__uuid__":"ecpdLyjvZBwrvm+cedCcQy"}],"_spriteFrame":{"__uuid__":"43M30gcMdLlL0LonZYqU8d"},"_type":1,"_sizeMode":0},{"__type__":"cc.ProgressBar","node":{"__id__":6},"_N$totalLength":300,"_N$barSprite":{"__id__":8}}],"_prefab":{"__type__":"cc.PrefabInfo","root":{"__id__":1},"asset":{"__uuid__":"e12sfL5mpAH67iGWJAkw7D"},"fileId":"25p2snCVJDELmOwGS0erO0"},"_contentSize":{"__type__":"cc.Size","width":608,"height":115},"_trs":{"__type__":"TypedArray","ctor":"Float64Array","array":[0,-599.8490000000002,0,0,0,0,1,1,1,1]}},{"__type__":"cc.Node","_name":"bar","_parent":{"__id__":6},"_components":[{"__id__":8}],"_prefab":{"__type__":"cc.PrefabInfo","root":{"__id__":1},"asset":{"__uuid__":"e12sfL5mpAH67iGWJAkw7D"},"fileId":"9eaL52rdFJv4WRmGjyp5Im"},"_contentSize":{"__type__":"cc.Size","width":558,"height":62},"_anchorPoint":{"__type__":"cc.Vec2","x":0.015,"y":0.5},"_trs":{"__type__":"TypedArray","ctor":"Float64Array","array":[-273,0,0,0,0,0,1,1,1,1]}},{"__type__":"cc.Sprite","node":{"__id__":7},"_materials":[{"__uuid__":"ecpdLyjvZBwrvm+cedCcQy"}],"_spriteFrame":{"__uuid__":"dccAzOUpJF5rjdbg2Fi4nN"},"_type":2,"_fillRange":1},{"__type__":"cc.Node","_name":"jiazaiing","_parent":{"__id__":6},"_components":[{"__type__":"cc.Sprite","node":{"__id__":9},"_materials":[{"__uuid__":"ecpdLyjvZBwrvm+cedCcQy"}],"_spriteFrame":{"__uuid__":"48WprTDBBB2Ih25TwaQ2V4"}}],"_prefab":{"__type__":"cc.PrefabInfo","root":{"__id__":1},"asset":{"__uuid__":"e12sfL5mpAH67iGWJAkw7D"},"fileId":"f4ymF+64dOpL4g5kjDFDRy"},"_contentSize":{"__type__":"cc.Size","width":288,"height":47},"_trs":{"__type__":"TypedArray","ctor":"Float64Array","array":[0,69,0,0,0,0,1,1,1,1]}},{"__type__":"cc.Node","_name":"logo","_parent":{"__id__":6},"_components":[{"__type__":"cc.Sprite","node":{"__id__":10},"_materials":[{"__uuid__":"ecpdLyjvZBwrvm+cedCcQy"}],"_spriteFrame":{"__uuid__":"234OVWRlRHML9Ie0NAhDiM"},"_sizeMode":2}],"_prefab":{"__type__":"cc.PrefabInfo","root":{"__id__":1},"asset":{"__uuid__":"e12sfL5mpAH67iGWJAkw7D"},"fileId":"7al6GD0vJBH5zGY0/ckAfV"},"_contentSize":{"__type__":"cc.Size","width":757,"height":408},"_trs":{"__type__":"TypedArray","ctor":"Float64Array","array":[0,1050,0,0,0,0,1,1,1,1]}},{"__type__":"cc.Node","_name":"healthTip","_parent":{"__id__":1},"_children":[{"__id__":12},{"__id__":13}],"_prefab":{"__type__":"cc.PrefabInfo","root":{"__id__":1},"asset":{"__uuid__":"e12sfL5mpAH67iGWJAkw7D"},"fileId":"ead+bMwzNKKYGNvrxEomiN"},"_color":{"__type__":"cc.Color","r":100,"g":100,"b":100},"_trs":{"__type__":"TypedArray","ctor":"Float64Array","array":[0,720,0,0,0,0,1,1,1,1]}},{"__type__":"cc.Node","_name":"bg","_parent":{"__id__":11},"_components":[{"__type__":"cc.Sprite","node":{"__id__":12},"_materials":[{"__uuid__":"ecpdLyjvZBwrvm+cedCcQy"}],"_spriteFrame":{"__uuid__":"a2MjXRFdtLlYQ5ouAFv/+R"},"_sizeMode":0}],"_prefab":{"__type__":"cc.PrefabInfo","root":{"__id__":1},"asset":{"__uuid__":"e12sfL5mpAH67iGWJAkw7D"},"fileId":"ccLQ9m7e1GWargzGR1SoHt"},"_opacity":0,"_color":{"__type__":"cc.Color","r":100,"g":100,"b":100},"_contentSize":{"__type__":"cc.Size","width":500,"height":250},"_trs":{"__type__":"TypedArray","ctor":"Float64Array","array":[0,0,0,0,0,0,1,1,1,1]}},{"__type__":"cc.Node","_name":"label","_parent":{"__id__":11},"_active":false,"_components":[{"__type__":"cc.Label","node":{"__id__":13},"_materials":[{"__uuid__":"ecpdLyjvZBwrvm+cedCcQy"}],"_useOriginalSize":false,"_string":"健康游戏忠告\n抵制不良游戏，拒绝盗版游戏\n注意自我保护，谨防上当受骗\n适度游戏益脑，沉迷游戏伤身\n合理安排时间，享受健康生活\n软著登记号：2020SR1145872\n著作人：深圳市优玩互娱科技有限公司","_N$string":"健康游戏忠告\n抵制不良游戏，拒绝盗版游戏\n注意自我保护，谨防上当受骗\n适度游戏益脑，沉迷游戏伤身\n合理安排时间，享受健康生活\n软著登记号：2020SR1145872\n著作人：深圳市优玩互娱科技有限公司","_fontSize":25,"_lineHeight":35,"_N$horizontalAlign":1,"_N$verticalAlign":1}],"_prefab":{"__type__":"cc.PrefabInfo","root":{"__id__":1},"asset":{"__uuid__":"e12sfL5mpAH67iGWJAkw7D"},"fileId":"305Zv+FEVMZIgDxZElZIko"},"_contentSize":{"__type__":"cc.Size","width":425,"height":254.1},"_trs":{"__type__":"TypedArray","ctor":"Float64Array","array":[0,0,0,0,0,0,1,1,1,1]}}],{"__type__":"cc.SpriteFrame","content":{"name":"BG","texture":"6cy7XRGddG8anUhg7pRHmA","rect":[0,0,405,720],"offset":[0,0],"originalSize":[405,720],"capInsets":[0,0,0,0]}},{"__type__":"cc.SpriteFrame","content":{"name":"loadingicon","texture":"1cFkKXmJZFCb8dEegmTK4g","rect":[0,0,678,1107],"offset":[0,0],"originalSize":[678,1107],"capInsets":[0,0,0,0]}}]