[{"__type__":"cc.SpriteFrame","content":{"name":"guanqia16","texture":"94P8K6TJhAM58TAfvQeR5D","rect":[2,1,899,1361],"offset":[0,0],"originalSize":[903,1363],"capInsets":[0,0,0,0]}},[{"__type__":"cc.Prefab","_name":"UIDerived25","data":{"__id__":1}},{"__type__":"cc.Node","_name":"UIDerived28","_children":[{"__type__":"cc.Node","_name":"player","_parent":{"__id__":1},"_prefab":{"__type__":"cc.PrefabInfo","root":{"__id__":1},"asset":{"__uuid__":"bbde5Sv5hH6YULeIOogqIV"},"fileId":"acfuL9Sm9INLkRJDNrtoLE"},"_contentSize":{"__type__":"cc.Size","width":234.2,"height":136},"_trs":{"__type__":"TypedArray","ctor":"Float64Array","array":[-20,-231,0,0,0,0,1,0.7,0.7,0.7]}},{"__type__":"cc.Node","_name":"greenPos_node","_parent":{"__id__":1},"_prefab":{"__type__":"cc.PrefabInfo","root":{"__id__":1},"asset":{"__uuid__":"bbde5Sv5hH6YULeIOogqIV"},"fileId":"31NIRfm2JDnpciZnudObDG"},"_trs":{"__type__":"TypedArray","ctor":"Float64Array","array":[0,0,0,0,0,0,1,1,1,1]}},{"__type__":"cc.Node","_name":"redPos_node","_parent":{"__id__":1},"_prefab":{"__type__":"cc.PrefabInfo","root":{"__id__":1},"asset":{"__uuid__":"bbde5Sv5hH6YULeIOogqIV"},"fileId":"a3r+XpdnxJZIDEUoyKx98Z"},"_trs":{"__type__":"TypedArray","ctor":"Float64Array","array":[0,0,0,0,0,0,1,1,1,1]}},{"__id__":2},{"__type__":"cc.Node","_name":"gray_node","_parent":{"__id__":1},"_prefab":{"__type__":"cc.PrefabInfo","root":{"__id__":1},"asset":{"__uuid__":"bbde5Sv5hH6YULeIOogqIV"},"fileId":"1399o9TB5Cb5RPg2eo4Jp1"},"_trs":{"__type__":"TypedArray","ctor":"Float64Array","array":[0,0,0,0,0,0,1,1,1,1]}},{"__id__":3},{"__type__":"cc.Node","_name":"redwater_node","_parent":{"__id__":1},"_prefab":{"__type__":"cc.PrefabInfo","root":{"__id__":1},"asset":{"__uuid__":"bbde5Sv5hH6YULeIOogqIV"},"fileId":"58Ugcntx5Kc7uTASKMLChE"},"_trs":{"__type__":"TypedArray","ctor":"Float64Array","array":[0,0,0,0,0,0,1,1,1,1]}},{"__type__":"cc.Node","_name":"greenwater_node","_parent":{"__id__":1},"_prefab":{"__type__":"cc.PrefabInfo","root":{"__id__":1},"asset":{"__uuid__":"bbde5Sv5hH6YULeIOogqIV"},"fileId":"dduRIeLDBJiIYnP29dn+Iw"},"_trs":{"__type__":"TypedArray","ctor":"Float64Array","array":[0,0,0,0,0,0,1,1,1,1]}},{"__type__":"cc.Node","_name":"bule_node","_parent":{"__id__":1},"_prefab":{"__type__":"cc.PrefabInfo","root":{"__id__":1},"asset":{"__uuid__":"bbde5Sv5hH6YULeIOogqIV"},"fileId":"c2TA0V4/5G+LIYwRn7rzT7"},"_trs":{"__type__":"TypedArray","ctor":"Float64Array","array":[0,0,0,0,0,0,1,1,1,1]}},{"__id__":4},{"__id__":8},{"__id__":11}],"_components":[{"__type__":"cc.Sprite","node":{"__id__":1},"_materials":[{"__uuid__":"ecpdLyjvZBwrvm+cedCcQy"}],"_spriteFrame":{"__uuid__":"0byzGW26xLNIztmmxgqfh1"}},{"__type__":"cc.PhysicsPolygonCollider","node":{"__id__":1},"points":[{"__type__":"cc.Vec2","x":-317.7,"y":637.7},{"__type__":"cc.Vec2","x":189,"y":638},{"__type__":"cc.Vec2","x":180,"y":434},{"__type__":"cc.Vec2","x":-14.1,"y":242.2},{"__type__":"cc.Vec2","x":410,"y":-197},{"__type__":"cc.Vec2","x":-36.1,"y":-640.9},{"__type__":"cc.Vec2","x":-412,"y":-264},{"__type__":"cc.Vec2","x":-86,"y":50},{"__type__":"cc.Vec2","x":154.9,"y":-193.7},{"__type__":"cc.Vec2","x":43.4,"y":-314.4},{"__type__":"cc.Vec2","x":-36.2,"y":-322.6},{"__type__":"cc.Vec2","x":-115.1,"y":-314.6},{"__type__":"cc.Vec2","x":-178.2,"y":-243.4},{"__type__":"cc.Vec2","x":-43.9,"y":-106.5},{"__type__":"cc.Vec2","x":-90.7,"y":-58.6},{"__type__":"cc.Vec2","x":-300,"y":-272},{"__type__":"cc.Vec2","x":-42.2,"y":-534.7},{"__type__":"cc.Vec2","x":305.1,"y":-193.6},{"__type__":"cc.Vec2","x":-100,"y":212},{"__type__":"cc.Vec2","x":-310,"y":421},{"__type__":"cc.Vec2","x":-315,"y":643},{"__type__":"cc.Vec2","x":-576,"y":976},{"__type__":"cc.Vec2","x":-789,"y":-425},{"__type__":"cc.Vec2","x":-15,"y":-1001},{"__type__":"cc.Vec2","x":683,"y":-219},{"__type__":"cc.Vec2","x":460,"y":534},{"__type__":"cc.Vec2","x":425,"y":839},{"__type__":"cc.Vec2","x":-565,"y":989}]},{"__type__":"cc.RigidBody","node":{"__id__":1},"_type":0},{"__type__":"1100eDGpRlLMYp5CrYQGpcQ","node":{"__id__":1}}],"_prefab":{"__type__":"cc.PrefabInfo","root":{"__id__":1},"asset":{"__uuid__":"bbde5Sv5hH6YULeIOogqIV"},"fileId":"0crncVjoRI5K+jQCAYHWIj"},"_contentSize":{"__type__":"cc.Size","width":899,"height":1361},"_trs":{"__type__":"TypedArray","ctor":"Float64Array","array":[0,0,0,0,0,0,1,1,1,1]}},{"__type__":"cc.Node","_name":"bulePos_node","_parent":{"__id__":1},"_children":[{"__type__":"cc.Node","_name":"New Node","_parent":{"__id__":2},"_prefab":{"__type__":"cc.PrefabInfo","root":{"__id__":1},"asset":{"__uuid__":"bbde5Sv5hH6YULeIOogqIV"},"fileId":"c3SQtZ7AhMDL9tCZ7MTltu"},"_trs":{"__type__":"TypedArray","ctor":"Float64Array","array":[-114.09,356.114,0,0,0,0,1,1,1,1]}}],"_prefab":{"__type__":"cc.PrefabInfo","root":{"__id__":1},"asset":{"__uuid__":"bbde5Sv5hH6YULeIOogqIV"},"fileId":"e5ARly+DtOIozjYWyb1S0M"},"_trs":{"__type__":"TypedArray","ctor":"Float64Array","array":[0,0,0,0,0,0,1,1,1,1]}},{"__type__":"cc.Node","_name":"black_node","_parent":{"__id__":1},"_components":[{"__type__":"6c0e8KZwr5L34azTYX21stu","node":{"__id__":3}}],"_prefab":{"__type__":"cc.PrefabInfo","root":{"__id__":1},"asset":{"__uuid__":"bbde5Sv5hH6YULeIOogqIV"},"fileId":"56sfkgZAFLSZyFGbdO1dcw"},"_trs":{"__type__":"TypedArray","ctor":"Float64Array","array":[0,0,0,0,0,0,1,1,1,1]}},{"__type__":"cc.Node","_name":"zhenNodeTwo","_parent":{"__id__":1},"_children":[{"__id__":5},{"__id__":6},{"__id__":7}],"_prefab":{"__type__":"cc.PrefabInfo","root":{"__id__":1},"asset":{"__uuid__":"bbde5Sv5hH6YULeIOogqIV"},"fileId":"4fJBC7S7FIULrRRNaSSljF"},"_trs":{"__type__":"TypedArray","ctor":"Float64Array","array":[57.223,181.651,0,0,0,0.9396926207859084,-0.3420201433256687,1,1,1]},"_eulerAngles":{"__type__":"cc.Vec3","z":220}},{"__type__":"cc.Node","_name":"zhen","_parent":{"__id__":4},"_components":[{"__type__":"cc.Sprite","node":{"__id__":5},"_materials":[{"__uuid__":"ecpdLyjvZBwrvm+cedCcQy"}],"_spriteFrame":{"__uuid__":"14vJwyNH1OspMXFimJtxkW"},"_type":1,"_sizeMode":0},{"__type__":"cc.RigidBody","node":{"__id__":5},"_type":3,"_gravityScale":0,"_fixedRotation":true,"enabledContactListener":true,"bullet":true},{"__type__":"cc.PhysicsPolygonCollider","node":{"__id__":5},"tag":7,"_offset":{"__type__":"cc.Vec2","x":192,"y":5},"points":[{"__type__":"cc.Vec2","x":-319,"y":-58},{"__type__":"cc.Vec2","x":-210,"y":-58},{"__type__":"cc.Vec2","x":-210.3,"y":-27.5},{"__type__":"cc.Vec2","x":-75.5,"y":-31.4},{"__type__":"cc.Vec2","x":-76.4,"y":20},{"__type__":"cc.Vec2","x":-205.3,"y":21.9},{"__type__":"cc.Vec2","x":-207,"y":52},{"__type__":"cc.Vec2","x":-319,"y":51}]},{"__type__":"1cb3eoIRdhJWZayW7A68Y7j","node":{"__id__":5},"applyUpsensor":true}],"_prefab":{"__type__":"cc.PrefabInfo","root":{"__id__":1},"asset":{"__uuid__":"bbde5Sv5hH6YULeIOogqIV"},"fileId":"98m3RxkABHT7hQ54vYnNVy"},"_contentSize":{"__type__":"cc.Size","width":250,"height":111},"_anchorPoint":{"__type__":"cc.Vec2","x":0.5145723114306532,"y":0.49265179568253153},"_trs":{"__type__":"TypedArray","ctor":"Float64Array","array":[0,0,0,0,0,0,1,1,1,1]},"_groupIndex":8,"groupIndex":8},{"__type__":"cc.Node","_name":"zhendown","_parent":{"__id__":4},"_components":[{"__type__":"cc.RigidBody","node":{"__id__":6},"_type":0,"_gravityScale":0,"bullet":true}],"_prefab":{"__type__":"cc.PrefabInfo","root":{"__id__":1},"asset":{"__uuid__":"bbde5Sv5hH6YULeIOogqIV"},"fileId":"89+uHEMihHk50sUdfCQ0wC"},"_trs":{"__type__":"TypedArray","ctor":"Float64Array","array":[-29.286,-64.531,0,0,0,0,1,1,1,1]}},{"__type__":"cc.Node","_name":"zhenup","_parent":{"__id__":4},"_components":[{"__type__":"cc.RigidBody","node":{"__id__":7},"_type":0,"_gravityScale":0,"bullet":true}],"_prefab":{"__type__":"cc.PrefabInfo","root":{"__id__":1},"asset":{"__uuid__":"bbde5Sv5hH6YULeIOogqIV"},"fileId":"933yD1eBJKEK3yZTiCoYEg"},"_trs":{"__type__":"TypedArray","ctor":"Float64Array","array":[-50.665,509.895,0,0,0,0,1,1,1,1]}},{"__type__":"cc.Node","_name":"zhenNodeTwo","_parent":{"__id__":1},"_children":[{"__id__":9},{"__id__":14},{"__id__":15}],"_prefab":{"__type__":"cc.PrefabInfo","root":{"__id__":1},"asset":{"__uuid__":"bbde5Sv5hH6YULeIOogqIV"},"fileId":"71Co7Y8xlNd5QR8N8tM75g"},"_trs":{"__type__":"TypedArray","ctor":"Float64Array","array":[-126.135,-573.431,0,0,0,0.3826834323650898,0.9238795325112867,1,1,1]},"_eulerAngles":{"__type__":"cc.Vec3","z":45}},{"__type__":"cc.Node","_name":"zhen","_parent":{"__id__":8},"_components":[{"__type__":"cc.Sprite","node":{"__id__":9},"_materials":[{"__uuid__":"ecpdLyjvZBwrvm+cedCcQy"}],"_spriteFrame":{"__uuid__":"14vJwyNH1OspMXFimJtxkW"},"_type":1,"_sizeMode":0},{"__type__":"cc.RigidBody","node":{"__id__":9},"_type":3,"_gravityScale":0,"_fixedRotation":true,"enabledContactListener":true,"bullet":true},{"__type__":"cc.PhysicsPolygonCollider","node":{"__id__":9},"tag":7,"_offset":{"__type__":"cc.Vec2","x":192,"y":5},"points":[{"__type__":"cc.Vec2","x":-319,"y":-58},{"__type__":"cc.Vec2","x":-210,"y":-58},{"__type__":"cc.Vec2","x":-209.6,"y":-26.8},{"__type__":"cc.Vec2","x":-71.1,"y":-26.6},{"__type__":"cc.Vec2","x":-72.3,"y":24},{"__type__":"cc.Vec2","x":-202,"y":21.8},{"__type__":"cc.Vec2","x":-207,"y":52},{"__type__":"cc.Vec2","x":-319,"y":51}]},{"__type__":"1cb3eoIRdhJWZayW7A68Y7j","node":{"__id__":9},"applyUpsensor":true,"applyDownsensor":true,"allzhen":[{"__id__":10}]}],"_prefab":{"__type__":"cc.PrefabInfo","root":{"__id__":1},"asset":{"__uuid__":"bbde5Sv5hH6YULeIOogqIV"},"fileId":"b6q8+SE/FAO78w7sBCVy0B"},"_contentSize":{"__type__":"cc.Size","width":250,"height":111},"_anchorPoint":{"__type__":"cc.Vec2","x":0.5145723114306532,"y":0.49265179568253153},"_trs":{"__type__":"TypedArray","ctor":"Float64Array","array":[0,0,0,0,0,0,1,1,1,1]},"_groupIndex":8,"groupIndex":8},{"__type__":"cc.Node","_name":"zhen","_parent":{"__id__":11},"_components":[{"__type__":"cc.Sprite","node":{"__id__":10},"_materials":[{"__uuid__":"ecpdLyjvZBwrvm+cedCcQy"}],"_spriteFrame":{"__uuid__":"14vJwyNH1OspMXFimJtxkW"},"_type":1,"_sizeMode":0},{"__type__":"cc.RigidBody","node":{"__id__":10},"_type":3,"_gravityScale":0,"_fixedRotation":true,"enabledContactListener":true,"bullet":true},{"__type__":"cc.PhysicsPolygonCollider","node":{"__id__":10},"tag":7,"_offset":{"__type__":"cc.Vec2","x":192,"y":5},"points":[{"__type__":"cc.Vec2","x":-319,"y":-58},{"__type__":"cc.Vec2","x":-210,"y":-58},{"__type__":"cc.Vec2","x":-211.7,"y":-26.6},{"__type__":"cc.Vec2","x":-74.6,"y":-24.8},{"__type__":"cc.Vec2","x":-75.5,"y":22.3},{"__type__":"cc.Vec2","x":-204.8,"y":22.4},{"__type__":"cc.Vec2","x":-207,"y":52},{"__type__":"cc.Vec2","x":-319,"y":51}]},{"__type__":"1cb3eoIRdhJWZayW7A68Y7j","node":{"__id__":10},"applyUpsensor":true,"applyDownsensor":true,"allzhen":[{"__id__":9}]}],"_prefab":{"__type__":"cc.PrefabInfo","root":{"__id__":1},"asset":{"__uuid__":"bbde5Sv5hH6YULeIOogqIV"},"fileId":"d0eZN4QIJL8ZzKII/2leDr"},"_contentSize":{"__type__":"cc.Size","width":250,"height":111},"_anchorPoint":{"__type__":"cc.Vec2","x":0.5145723114306532,"y":0.49265179568253153},"_trs":{"__type__":"TypedArray","ctor":"Float64Array","array":[0,0,0,0,0,0,1,1,1,1]},"_groupIndex":8,"groupIndex":8},{"__type__":"cc.Node","_name":"zhenNodeTwo","_parent":{"__id__":1},"_children":[{"__id__":10},{"__id__":12},{"__id__":13}],"_prefab":{"__type__":"cc.PrefabInfo","root":{"__id__":1},"asset":{"__uuid__":"bbde5Sv5hH6YULeIOogqIV"},"fileId":"c3nYfuR+FPbrscXLoamIFN"},"_trs":{"__type__":"TypedArray","ctor":"Float64Array","array":[-207.089,-35.871,0,0,0,0.3826834323650899,-0.9238795325112867,1,1,1]},"_eulerAngles":{"__type__":"cc.Vec3","z":315}},{"__type__":"cc.Node","_name":"zhendown","_parent":{"__id__":11},"_components":[{"__type__":"cc.RigidBody","node":{"__id__":12},"_type":0,"_gravityScale":0,"bullet":true}],"_prefab":{"__type__":"cc.PrefabInfo","root":{"__id__":1},"asset":{"__uuid__":"bbde5Sv5hH6YULeIOogqIV"},"fileId":"1c4946/MhM+LAZXVXImm+S"},"_trs":{"__type__":"TypedArray","ctor":"Float64Array","array":[0,-306.08,0,0,0,0,1,1,1,1]}},{"__type__":"cc.Node","_name":"zhenup","_parent":{"__id__":11},"_components":[{"__type__":"cc.RigidBody","node":{"__id__":13},"_type":0,"_gravityScale":0,"bullet":true}],"_prefab":{"__type__":"cc.PrefabInfo","root":{"__id__":1},"asset":{"__uuid__":"bbde5Sv5hH6YULeIOogqIV"},"fileId":"b0pGACY/JEvqSh354n+9IJ"},"_trs":{"__type__":"TypedArray","ctor":"Float64Array","array":[0,139.375,0,0,0,0,1,1,1,1]}},{"__type__":"cc.Node","_name":"zhendown","_parent":{"__id__":8},"_components":[{"__type__":"cc.RigidBody","node":{"__id__":14},"_type":0,"_gravityScale":0,"bullet":true}],"_prefab":{"__type__":"cc.PrefabInfo","root":{"__id__":1},"asset":{"__uuid__":"bbde5Sv5hH6YULeIOogqIV"},"fileId":"eaMTj+sphGE60y9kIifAvy"},"_trs":{"__type__":"TypedArray","ctor":"Float64Array","array":[0,-104.836,0,0,0,0,1,1,1,1]}},{"__type__":"cc.Node","_name":"zhenup","_parent":{"__id__":8},"_components":[{"__type__":"cc.RigidBody","node":{"__id__":15},"_type":0,"_gravityScale":0,"bullet":true}],"_prefab":{"__type__":"cc.PrefabInfo","root":{"__id__":1},"asset":{"__uuid__":"bbde5Sv5hH6YULeIOogqIV"},"fileId":"a0z6Ivk25Ig7eIcivlJGeq"},"_trs":{"__type__":"TypedArray","ctor":"Float64Array","array":[0,410.122,0,0,0,0,1,1,1,1]}}]]