[[{"__type__":"cc.Prefab","_name":"UIDerived12","data":{"__id__":1}},{"__type__":"cc.Node","_name":"UIDerived12","_children":[{"__type__":"cc.Node","_name":"player","_parent":{"__id__":1},"_prefab":{"__type__":"cc.PrefabInfo","root":{"__id__":1},"asset":{"__uuid__":"25lUsENl5IM7ufdJDjAghL"},"fileId":"323qarhhlNgrp0vmMTB2JQ"},"_contentSize":{"__type__":"cc.Size","width":240,"height":140},"_trs":{"__type__":"TypedArray","ctor":"Float64Array","array":[250.416,-545.349,0,0,0,0,1,0.7,0.7,0.7]}},{"__id__":2},{"__id__":3},{"__id__":4},{"__type__":"cc.Node","_name":"redwater_node","_parent":{"__id__":1},"_prefab":{"__type__":"cc.PrefabInfo","root":{"__id__":1},"asset":{"__uuid__":"25lUsENl5IM7ufdJDjAghL"},"fileId":"36lUbWNbpHioLiUbmLvkvA"},"_trs":{"__type__":"TypedArray","ctor":"Float64Array","array":[0,0,0,0,0,0,1,1,1,1]}},{"__type__":"cc.Node","_name":"bule_node","_parent":{"__id__":1},"_prefab":{"__type__":"cc.PrefabInfo","root":{"__id__":1},"asset":{"__uuid__":"25lUsENl5IM7ufdJDjAghL"},"fileId":"7aflHP76xJs5kOuHzOMXNq"},"_trs":{"__type__":"TypedArray","ctor":"Float64Array","array":[0,0,0,0,0,0,1,1,1,1]}},{"__type__":"cc.Node","_name":"New Node","_parent":{"__id__":1},"_prefab":{"__type__":"cc.PrefabInfo","root":{"__id__":1},"asset":{"__uuid__":"25lUsENl5IM7ufdJDjAghL"},"fileId":"cfVSkAb6lHQpA6nxzA4ttJ"},"_trs":{"__type__":"TypedArray","ctor":"Float64Array","array":[275.86,-106.1,0,0,0,0,1,1,1,1]}},{"__id__":5},{"__id__":7}],"_components":[{"__type__":"cc.Sprite","node":{"__id__":1},"_materials":[{"__uuid__":"ecpdLyjvZBwrvm+cedCcQy"}],"_spriteFrame":{"__uuid__":"897sBol99KCajSJ6QsbPTD"}},{"__type__":"cc.PhysicsPolygonCollider","node":{"__id__":1},"points":[{"__type__":"cc.Vec2","x":-455,"y":-862},{"__type__":"cc.Vec2","x":541.7,"y":-863.4},{"__type__":"cc.Vec2","x":539,"y":833},{"__type__":"cc.Vec2","x":-386,"y":758.2},{"__type__":"cc.Vec2","x":-118.1,"y":656.7},{"__type__":"cc.Vec2","x":49.5,"y":655.5},{"__type__":"cc.Vec2","x":49.6,"y":276.4},{"__type__":"cc.Vec2","x":51,"y":-160},{"__type__":"cc.Vec2","x":79.9,"y":-202.3},{"__type__":"cc.Vec2","x":134,"y":-212.8},{"__type__":"cc.Vec2","x":200.1,"y":-202},{"__type__":"cc.Vec2","x":224.2,"y":-160.9},{"__type__":"cc.Vec2","x":230.2,"y":186.5},{"__type__":"cc.Vec2","x":242.6,"y":208.5},{"__type__":"cc.Vec2","x":268.1,"y":215.9},{"__type__":"cc.Vec2","x":336,"y":213.8},{"__type__":"cc.Vec2","x":354,"y":198},{"__type__":"cc.Vec2","x":350,"y":-584},{"__type__":"cc.Vec2","x":332.3,"y":-642},{"__type__":"cc.Vec2","x":259,"y":-658.3},{"__type__":"cc.Vec2","x":179.3,"y":-638.9},{"__type__":"cc.Vec2","x":145.1,"y":-582.5},{"__type__":"cc.Vec2","x":147.9,"y":-397.7},{"__type__":"cc.Vec2","x":143.3,"y":-352.9},{"__type__":"cc.Vec2","x":119.3,"y":-326.5},{"__type__":"cc.Vec2","x":80.6,"y":-311},{"__type__":"cc.Vec2","x":-252.1,"y":-308.9},{"__type__":"cc.Vec2","x":-331.5,"y":-280.4},{"__type__":"cc.Vec2","x":-367.6,"y":-207.1},{"__type__":"cc.Vec2","x":-372.9,"y":-62.1},{"__type__":"cc.Vec2","x":-359.8,"y":-17.8},{"__type__":"cc.Vec2","x":-319.3,"y":27.9},{"__type__":"cc.Vec2","x":-247.2,"y":47.6},{"__type__":"cc.Vec2","x":-146.7,"y":45},{"__type__":"cc.Vec2","x":-124.5,"y":48.9},{"__type__":"cc.Vec2","x":-112.7,"y":68.1},{"__type__":"cc.Vec2","x":-116,"y":655},{"__type__":"cc.Vec2","x":-125.9,"y":658.3},{"__type__":"cc.Vec2","x":-492,"y":798}]},{"__type__":"cc.PhysicsPolygonCollider","node":{"__id__":1},"points":[{"__type__":"cc.Vec2","x":-271.5,"y":-78.3},{"__type__":"cc.Vec2","x":-285.9,"y":-111.2},{"__type__":"cc.Vec2","x":-287.3,"y":-142.4},{"__type__":"cc.Vec2","x":-282.1,"y":-169.2},{"__type__":"cc.Vec2","x":-261.3,"y":-203.6},{"__type__":"cc.Vec2","x":-229.4,"y":-225.1},{"__type__":"cc.Vec2","x":-188.2,"y":-231.5},{"__type__":"cc.Vec2","x":-150,"y":-225},{"__type__":"cc.Vec2","x":-119,"y":-203.6},{"__type__":"cc.Vec2","x":-100.4,"y":-177.1},{"__type__":"cc.Vec2","x":-92.9,"y":-153.8},{"__type__":"cc.Vec2","x":-92.1,"y":-110.1},{"__type__":"cc.Vec2","x":-110.3,"y":-74.8},{"__type__":"cc.Vec2","x":-152.7,"y":-45},{"__type__":"cc.Vec2","x":-209.1,"y":-41.2},{"__type__":"cc.Vec2","x":-241.3,"y":-51}]},{"__type__":"cc.RigidBody","node":{"__id__":1},"_type":0},{"__type__":"1100eDGpRlLMYp5CrYQGpcQ","node":{"__id__":1}}],"_prefab":{"__type__":"cc.PrefabInfo","root":{"__id__":1},"asset":{"__uuid__":"25lUsENl5IM7ufdJDjAghL"},"fileId":"38TlgVIQ5JyplRIAM5s1GX"},"_contentSize":{"__type__":"cc.Size","width":829,"height":1398},"_trs":{"__type__":"TypedArray","ctor":"Float64Array","array":[0,0,0,0,0,0,1,1,1,1]}},{"__type__":"cc.Node","_name":"redPos_node","_parent":{"__id__":1},"_children":[{"__type__":"cc.Node","_name":"New Node","_parent":{"__id__":2},"_prefab":{"__type__":"cc.PrefabInfo","root":{"__id__":1},"asset":{"__uuid__":"25lUsENl5IM7ufdJDjAghL"},"fileId":"d1sTiKkjFFNpA0pCpw67D3"},"_trs":{"__type__":"TypedArray","ctor":"Float64Array","array":[289,84,0,0,0,0,1,1,1,1]}}],"_prefab":{"__type__":"cc.PrefabInfo","root":{"__id__":1},"asset":{"__uuid__":"25lUsENl5IM7ufdJDjAghL"},"fileId":"65WyTy0hJGWZszRCjZj0Ex"},"_trs":{"__type__":"TypedArray","ctor":"Float64Array","array":[0,0,0,0,0,0,1,1,1,1]}},{"__type__":"cc.Node","_name":"bulePos_node","_parent":{"__id__":1},"_children":[{"__type__":"cc.Node","_name":"New Node","_parent":{"__id__":3},"_prefab":{"__type__":"cc.PrefabInfo","root":{"__id__":1},"asset":{"__uuid__":"25lUsENl5IM7ufdJDjAghL"},"fileId":"f6glCDNitF5pjC/GZKnwSF"},"_trs":{"__type__":"TypedArray","ctor":"Float64Array","array":[-66.453,298.011,0,0,0,0,1,1,1,1]}}],"_prefab":{"__type__":"cc.PrefabInfo","root":{"__id__":1},"asset":{"__uuid__":"25lUsENl5IM7ufdJDjAghL"},"fileId":"d7A9CAf6pIR5jAoPgcVXnF"},"_trs":{"__type__":"TypedArray","ctor":"Float64Array","array":[0,0,0,0,0,0,1,1,1,1]}},{"__type__":"cc.Node","_name":"black_node","_parent":{"__id__":1},"_components":[{"__type__":"6c0e8KZwr5L34azTYX21stu","node":{"__id__":4}}],"_prefab":{"__type__":"cc.PrefabInfo","root":{"__id__":1},"asset":{"__uuid__":"25lUsENl5IM7ufdJDjAghL"},"fileId":"eevx8xs8NCerdt5gEaqA2q"},"_trs":{"__type__":"TypedArray","ctor":"Float64Array","array":[0,0,0,0,0,0,1,1,1,1]}},{"__type__":"cc.Node","_name":"zhenNode","_parent":{"__id__":1},"_children":[{"__id__":6}],"_prefab":{"__type__":"cc.PrefabInfo","root":{"__id__":1},"asset":{"__uuid__":"25lUsENl5IM7ufdJDjAghL"},"fileId":"470uZGkW1IR7szJxvpw64y"},"_trs":{"__type__":"TypedArray","ctor":"Float64Array","array":[-194,100,0,0,0,0.7071067811865475,0.7071067811865476,1,1,1]},"_eulerAngles":{"__type__":"cc.Vec3","z":90},"_groupIndex":8,"groupIndex":8},{"__type__":"cc.Node","_name":"zhen","_parent":{"__id__":5},"_components":[{"__type__":"cc.Sprite","node":{"__id__":6},"_materials":[{"__uuid__":"ecpdLyjvZBwrvm+cedCcQy"}],"_spriteFrame":{"__uuid__":"81u1O4l2lM2IGXbUA/0aw7"},"_type":1,"_sizeMode":0},{"__type__":"cc.RigidBody","node":{"__id__":6},"_type":3,"_allowSleep":false,"_gravityScale":0,"_fixedRotation":true,"enabledContactListener":true},{"__type__":"cc.PhysicsPolygonCollider","node":{"__id__":6},"tag":222,"_offset":{"__type__":"cc.Vec2","x":-121.2},"points":[{"__type__":"cc.Vec2","x":227.5,"y":55.5},{"__type__":"cc.Vec2","x":214.5,"y":51.5},{"__type__":"cc.Vec2","x":206.5,"y":45.5},{"__type__":"cc.Vec2","x":192,"y":33.4},{"__type__":"cc.Vec2","x":188.8,"y":24.1},{"__type__":"cc.Vec2","x":186,"y":17.9},{"__type__":"cc.Vec2","x":-51.3,"y":17.9},{"__type__":"cc.Vec2","x":-52.14,"y":-0.36},{"__type__":"cc.Vec2","x":-52,"y":-24.8},{"__type__":"cc.Vec2","x":185.9,"y":-26.3},{"__type__":"cc.Vec2","x":193.4,"y":-34.3},{"__type__":"cc.Vec2","x":209.9,"y":-47.8},{"__type__":"cc.Vec2","x":238.1,"y":-54.9},{"__type__":"cc.Vec2","x":261.8,"y":-50.5},{"__type__":"cc.Vec2","x":285.2,"y":-28.5},{"__type__":"cc.Vec2","x":291.1,"y":-15.6},{"__type__":"cc.Vec2","x":292.7,"y":0.3},{"__type__":"cc.Vec2","x":288.9,"y":22},{"__type__":"cc.Vec2","x":265.3,"y":49.4}]},{"__type__":"72555Q9muRD1505Zi2fOOxm","node":{"__id__":6},"linevelocityX":500}],"_prefab":{"__type__":"cc.PrefabInfo","root":{"__id__":1},"asset":{"__uuid__":"25lUsENl5IM7ufdJDjAghL"},"fileId":"2fx3YcvZpLkovnkKtsg1ZG"},"_contentSize":{"__type__":"cc.Size","width":343,"height":111},"_trs":{"__type__":"TypedArray","ctor":"Float64Array","array":[0,0,0,0,0,0,1,0.8,0.8,0.8]},"_groupIndex":8,"groupIndex":8},{"__type__":"cc.Node","_name":"zhenNode","_parent":{"__id__":1},"_children":[{"__id__":8}],"_prefab":{"__type__":"cc.PrefabInfo","root":{"__id__":1},"asset":{"__uuid__":"25lUsENl5IM7ufdJDjAghL"},"fileId":"15fQS6ZGpHsLXjlVmuOifo"},"_trs":{"__type__":"TypedArray","ctor":"Float64Array","array":[133,-55,0,0,0,0,1,1,1,1]},"_groupIndex":8,"groupIndex":8},{"__type__":"cc.Node","_name":"zhen","_parent":{"__id__":7},"_components":[{"__type__":"cc.Sprite","node":{"__id__":8},"_materials":[{"__uuid__":"ecpdLyjvZBwrvm+cedCcQy"}],"_spriteFrame":{"__uuid__":"81u1O4l2lM2IGXbUA/0aw7"},"_type":1,"_sizeMode":0},{"__type__":"cc.RigidBody","node":{"__id__":8},"_type":3,"_allowSleep":false,"_gravityScale":0,"_fixedRotation":true,"enabledContactListener":true},{"__type__":"cc.PhysicsPolygonCollider","node":{"__id__":8},"tag":222,"_offset":{"__type__":"cc.Vec2","x":166,"y":1},"points":[{"__type__":"cc.Vec2","x":227.5,"y":55.5},{"__type__":"cc.Vec2","x":214.5,"y":51.5},{"__type__":"cc.Vec2","x":206.5,"y":45.5},{"__type__":"cc.Vec2","x":192,"y":33.4},{"__type__":"cc.Vec2","x":188.8,"y":24.1},{"__type__":"cc.Vec2","x":187.1,"y":25.5},{"__type__":"cc.Vec2","x":-623.8,"y":24},{"__type__":"cc.Vec2","x":-629,"y":2},{"__type__":"cc.Vec2","x":-617,"y":-37.4},{"__type__":"cc.Vec2","x":184.9,"y":-37.5},{"__type__":"cc.Vec2","x":193.4,"y":-34.3},{"__type__":"cc.Vec2","x":209.9,"y":-47.8},{"__type__":"cc.Vec2","x":238.1,"y":-54.9},{"__type__":"cc.Vec2","x":261.8,"y":-50.5},{"__type__":"cc.Vec2","x":285.2,"y":-28.5},{"__type__":"cc.Vec2","x":291.1,"y":-15.6},{"__type__":"cc.Vec2","x":292.7,"y":0.3},{"__type__":"cc.Vec2","x":288.9,"y":22},{"__type__":"cc.Vec2","x":265.3,"y":49.4}]},{"__type__":"72555Q9muRD1505Zi2fOOxm","node":{"__id__":8},"linevelocityX":500}],"_prefab":{"__type__":"cc.PrefabInfo","root":{"__id__":1},"asset":{"__uuid__":"25lUsENl5IM7ufdJDjAghL"},"fileId":"58m0jA+yNLj56mHdf2OeAm"},"_contentSize":{"__type__":"cc.Size","width":921,"height":111},"_trs":{"__type__":"TypedArray","ctor":"Float64Array","array":[0,0,0,0,0,0,1,0.8,0.8,0.8]},"_groupIndex":8,"groupIndex":8}],{"__type__":"cc.SpriteFrame","content":{"name":"guanqia20","texture":"6ckWHa0B1GF6lVrysuimUA","rect":[0,1,829,1398],"offset":[-0.5,-0.5],"originalSize":[830,1399],"capInsets":[0,0,0,0]}}]