[{"__type__":"cc.SpriteFrame","content":{"name":"guanqia68","texture":"41XfKBVFBG+4ZUFEGXj+q2","rect":[2,2,636,1502],"offset":[0,-0.5],"originalSize":[640,1505],"capInsets":[0,0,0,0]}},[{"__type__":"cc.Prefab","_name":"UIDerived49","data":{"__id__":1}},{"__type__":"cc.Node","_name":"UIDerived57","_children":[{"__type__":"cc.Node","_name":"bule_node","_parent":{"__id__":1},"_prefab":{"__type__":"cc.PrefabInfo","root":{"__id__":1},"asset":{"__uuid__":"b59RIELDJKi4rEh13te/lm"},"fileId":"37O3OR/zFPnoFQpJaD7g9P"},"_trs":{"__type__":"TypedArray","ctor":"Float64Array","array":[0,0,0,0,0,0,1,1,1,1]}},{"__type__":"cc.Node","_name":"greenwater_node","_parent":{"__id__":1},"_prefab":{"__type__":"cc.PrefabInfo","root":{"__id__":1},"asset":{"__uuid__":"b59RIELDJKi4rEh13te/lm"},"fileId":"33OoC7NnhPm4HJP+0HXbAW"},"_trs":{"__type__":"TypedArray","ctor":"Float64Array","array":[0,0,0,0,0,0,1,1,1,1]}},{"__type__":"cc.Node","_name":"redwater_node","_parent":{"__id__":1},"_prefab":{"__type__":"cc.PrefabInfo","root":{"__id__":1},"asset":{"__uuid__":"b59RIELDJKi4rEh13te/lm"},"fileId":"d4s6I7+DxFKpVOoTzzofmb"},"_trs":{"__type__":"TypedArray","ctor":"Float64Array","array":[0,0,0,0,0,0,1,1,1,1]}},{"__id__":2},{"__id__":3},{"__id__":4},{"__id__":5},{"__type__":"cc.Node","_name":"greenPos_node","_parent":{"__id__":1},"_prefab":{"__type__":"cc.PrefabInfo","root":{"__id__":1},"asset":{"__uuid__":"b59RIELDJKi4rEh13te/lm"},"fileId":"7a7ZIvK1VMu7G57RNUm4RY"},"_trs":{"__type__":"TypedArray","ctor":"Float64Array","array":[0,0,0,0,0,0,1,1,1,1]}},{"__type__":"cc.Node","_name":"player","_parent":{"__id__":1},"_prefab":{"__type__":"cc.PrefabInfo","root":{"__id__":1},"asset":{"__uuid__":"b59RIELDJKi4rEh13te/lm"},"fileId":"70B9bsjCpBSb6IGPZUErxi"},"_contentSize":{"__type__":"cc.Size","width":240,"height":140},"_trs":{"__type__":"TypedArray","ctor":"Float64Array","array":[-93.718,-603.886,0,0,0,0,1,-0.7,0.7,1]}},{"__id__":6},{"__id__":10},{"__type__":"cc.Node","_name":"enemy","_parent":{"__id__":1},"_prefab":{"__type__":"cc.PrefabInfo","root":{"__id__":1},"asset":{"__uuid__":"b59RIELDJKi4rEh13te/lm"},"fileId":"1fVUbIFzBFgra5GwOelzHQ"},"_trs":{"__type__":"TypedArray","ctor":"Float64Array","array":[-95,-194,0,0,0,0,1,1,1,1]}}],"_components":[{"__type__":"cc.Sprite","node":{"__id__":1},"_materials":[{"__uuid__":"ecpdLyjvZBwrvm+cedCcQy"}],"_spriteFrame":{"__uuid__":"48ls4CAElFOan6szNcEckO"}},{"__type__":"cc.RigidBody","node":{"__id__":1},"_type":0},{"__type__":"cc.PhysicsPolygonCollider","node":{"__id__":1},"_offset":{"__type__":"cc.Vec2","x":-271,"y":708},"points":[{"__type__":"cc.Vec2","x":-50,"y":-1465},{"__type__":"cc.Vec2","x":593,"y":-1462},{"__type__":"cc.Vec2","x":607,"y":47},{"__type__":"cc.Vec2","x":547,"y":4},{"__type__":"cc.Vec2","x":545,"y":-773},{"__type__":"cc.Vec2","x":541,"y":-1194},{"__type__":"cc.Vec2","x":414.3,"y":-1196.3},{"__type__":"cc.Vec2","x":385.6,"y":-1235.9},{"__type__":"cc.Vec2","x":313.7,"y":-1386.1},{"__type__":"cc.Vec2","x":204.2,"y":-1420.3},{"__type__":"cc.Vec2","x":85.2,"y":-1393.3},{"__type__":"cc.Vec2","x":25.6,"y":-1332},{"__type__":"cc.Vec2","x":13.6,"y":-1267.1},{"__type__":"cc.Vec2","x":11,"y":-1167.8},{"__type__":"cc.Vec2","x":67.7,"y":-1090.7},{"__type__":"cc.Vec2","x":189.7,"y":-1062.3},{"__type__":"cc.Vec2","x":417.5,"y":-1097.7},{"__type__":"cc.Vec2","x":437,"y":-1072},{"__type__":"cc.Vec2","x":436.8,"y":-785.3},{"__type__":"cc.Vec2","x":420.5,"y":-783.5},{"__type__":"cc.Vec2","x":381.8,"y":-863},{"__type__":"cc.Vec2","x":313.7,"y":-950.2},{"__type__":"cc.Vec2","x":257.9,"y":-985.6},{"__type__":"cc.Vec2","x":167.5,"y":-991.5},{"__type__":"cc.Vec2","x":81.7,"y":-964.4},{"__type__":"cc.Vec2","x":21.1,"y":-905.9},{"__type__":"cc.Vec2","x":-7.1,"y":-813.8},{"__type__":"cc.Vec2","x":4.4,"y":-731.8},{"__type__":"cc.Vec2","x":44.9,"y":-668.6},{"__type__":"cc.Vec2","x":116.3,"y":-631.3},{"__type__":"cc.Vec2","x":251.2,"y":-625.8},{"__type__":"cc.Vec2","x":420.4,"y":-677},{"__type__":"cc.Vec2","x":436.1,"y":-654.9},{"__type__":"cc.Vec2","x":434.8,"y":-293.8},{"__type__":"cc.Vec2","x":402.3,"y":-242.4},{"__type__":"cc.Vec2","x":302.1,"y":-217.5},{"__type__":"cc.Vec2","x":269.1,"y":-184.5},{"__type__":"cc.Vec2","x":198.9,"y":-3.4},{"__type__":"cc.Vec2","x":544,"y":5},{"__type__":"cc.Vec2","x":610,"y":49},{"__type__":"cc.Vec2","x":-50,"y":50}]},{"__type__":"1100eDGpRlLMYp5CrYQGpcQ","node":{"__id__":1},"player_happy":true}],"_prefab":{"__type__":"cc.PrefabInfo","root":{"__id__":1},"asset":{"__uuid__":"b59RIELDJKi4rEh13te/lm"},"fileId":"1bAWuynZpIgb7JV6il2CGF"},"_contentSize":{"__type__":"cc.Size","width":638,"height":1503},"_trs":{"__type__":"TypedArray","ctor":"Float64Array","array":[0,0,0,0,0,0,1,1,1,1]}},{"__type__":"cc.Node","_name":"black_node","_parent":{"__id__":1},"_components":[{"__type__":"6c0e8KZwr5L34azTYX21stu","node":{"__id__":2}}],"_prefab":{"__type__":"cc.PrefabInfo","root":{"__id__":1},"asset":{"__uuid__":"b59RIELDJKi4rEh13te/lm"},"fileId":"00XGvt8EZA1rFTkrsJVRm8"},"_trs":{"__type__":"TypedArray","ctor":"Float64Array","array":[0,0,0,0,0,0,1,1,1,1]}},{"__type__":"cc.Node","_name":"gray_node","_parent":{"__id__":1},"_components":[{"__type__":"3400dF2d2tHLK8+En9baGXY","node":{"__id__":3},"grey_prefab":{"__uuid__":"13FEeEL1NMaK5TFGpFQpJr"}}],"_prefab":{"__type__":"cc.PrefabInfo","root":{"__id__":1},"asset":{"__uuid__":"b59RIELDJKi4rEh13te/lm"},"fileId":"f7ba2rq+dHIqewQvrMJLnb"},"_trs":{"__type__":"TypedArray","ctor":"Float64Array","array":[0,0,0,0,0,0,1,1,1,1]}},{"__type__":"cc.Node","_name":"bulePos_node","_parent":{"__id__":1},"_children":[{"__type__":"cc.Node","_name":"New Node","_parent":{"__id__":4},"_prefab":{"__type__":"cc.PrefabInfo","root":{"__id__":1},"asset":{"__uuid__":"b59RIELDJKi4rEh13te/lm"},"fileId":"a41WZfEhJGUpFUz6jRKJal"},"_trs":{"__type__":"TypedArray","ctor":"Float64Array","array":[-82.231,-18.751,0,0,0,0,1,1,1,1]}},{"__type__":"cc.Node","_name":"New Node","_parent":{"__id__":4},"_prefab":{"__type__":"cc.PrefabInfo","root":{"__id__":1},"asset":{"__uuid__":"b59RIELDJKi4rEh13te/lm"},"fileId":"e8ww6h9WhCebhn1sl2+J+L"},"_trs":{"__type__":"TypedArray","ctor":"Float64Array","array":[-128,-444,0,0,0,0,1,1,1,1]}}],"_prefab":{"__type__":"cc.PrefabInfo","root":{"__id__":1},"asset":{"__uuid__":"b59RIELDJKi4rEh13te/lm"},"fileId":"83EXkm0MlHiaOi0mAf/hhj"},"_trs":{"__type__":"TypedArray","ctor":"Float64Array","array":[0,0,0,0,0,0,1,1,1,1]}},{"__type__":"cc.Node","_name":"redPos_node","_parent":{"__id__":1},"_children":[{"__type__":"cc.Node","_name":"New Node","_parent":{"__id__":5},"_prefab":{"__type__":"cc.PrefabInfo","root":{"__id__":1},"asset":{"__uuid__":"b59RIELDJKi4rEh13te/lm"},"fileId":"4c25tEeIlPe7CGKUziWKqd"},"_trs":{"__type__":"TypedArray","ctor":"Float64Array","array":[143.523,612.031,0,0,0,0,1,1,1,1]}}],"_prefab":{"__type__":"cc.PrefabInfo","root":{"__id__":1},"asset":{"__uuid__":"b59RIELDJKi4rEh13te/lm"},"fileId":"ebOxwCwDVE45nqVNaZsWqh"},"_trs":{"__type__":"TypedArray","ctor":"Float64Array","array":[0,0,0,0,0,0,1,1,1,1]}},{"__type__":"cc.Node","_name":"zhenNodeTwo","_parent":{"__id__":1},"_children":[{"__id__":7},{"__id__":8},{"__id__":9}],"_prefab":{"__type__":"cc.PrefabInfo","root":{"__id__":1},"asset":{"__uuid__":"b59RIELDJKi4rEh13te/lm"},"fileId":"dayXx7KyNEsqZEG7K7BXDn"},"_trs":{"__type__":"TypedArray","ctor":"Float64Array","array":[280.946,257.041,0,0,0,1,6.123233995736766e-17,1,1,1]},"_eulerAngles":{"__type__":"cc.Vec3","z":180}},{"__type__":"cc.Node","_name":"zhen","_parent":{"__id__":6},"_components":[{"__type__":"cc.Sprite","node":{"__id__":7},"_materials":[{"__uuid__":"ecpdLyjvZBwrvm+cedCcQy"}],"_spriteFrame":{"__uuid__":"14vJwyNH1OspMXFimJtxkW"},"_type":1,"_sizeMode":0},{"__type__":"cc.RigidBody","node":{"__id__":7},"_type":3,"_gravityScale":0,"_fixedRotation":true,"enabledContactListener":true,"bullet":true},{"__type__":"cc.PhysicsPolygonCollider","node":{"__id__":7},"_offset":{"__type__":"cc.Vec2","x":176,"y":5},"points":[{"__type__":"cc.Vec2","x":-346.7,"y":-79.8},{"__type__":"cc.Vec2","x":-208.7,"y":-78.5},{"__type__":"cc.Vec2","x":-207.7,"y":-38.1},{"__type__":"cc.Vec2","x":-33.9,"y":-37.1},{"__type__":"cc.Vec2","x":-34.2,"y":33.5},{"__type__":"cc.Vec2","x":-209.4,"y":33.8},{"__type__":"cc.Vec2","x":-207,"y":81.7},{"__type__":"cc.Vec2","x":-345.4,"y":83.3}]},{"__type__":"1cb3eoIRdhJWZayW7A68Y7j","node":{"__id__":7}}],"_prefab":{"__type__":"cc.PrefabInfo","root":{"__id__":1},"asset":{"__uuid__":"b59RIELDJKi4rEh13te/lm"},"fileId":"daooVOYqhL6aVHhVDo2RkN"},"_contentSize":{"__type__":"cc.Size","width":243,"height":111},"_trs":{"__type__":"TypedArray","ctor":"Float64Array","array":[0,0,0,0,0,0,1,1,1,1]}},{"__type__":"cc.Node","_name":"zhenup","_parent":{"__id__":6},"_components":[{"__type__":"cc.RigidBody","node":{"__id__":8},"_type":0,"_gravityScale":0,"bullet":true}],"_prefab":{"__type__":"cc.PrefabInfo","root":{"__id__":1},"asset":{"__uuid__":"b59RIELDJKi4rEh13te/lm"},"fileId":"21ifALSQlBho4jLoCfGqAD"},"_trs":{"__type__":"TypedArray","ctor":"Float64Array","array":[0,736.853,0,0,0,0,1,1,1,1]}},{"__type__":"cc.Node","_name":"zhendown","_parent":{"__id__":6},"_components":[{"__type__":"cc.RigidBody","node":{"__id__":9},"_type":0,"_gravityScale":0,"bullet":true}],"_prefab":{"__type__":"cc.PrefabInfo","root":{"__id__":1},"asset":{"__uuid__":"b59RIELDJKi4rEh13te/lm"},"fileId":"1bxRIXsLtFS7td4QMCCy0U"},"_trs":{"__type__":"TypedArray","ctor":"Float64Array","array":[0,-75.743,0,0,0,0,1,1,1,1]}},{"__type__":"cc.Node","_name":"zhenNode","_parent":{"__id__":1},"_children":[{"__id__":11}],"_prefab":{"__type__":"cc.PrefabInfo","root":{"__id__":1},"asset":{"__uuid__":"b59RIELDJKi4rEh13te/lm"},"fileId":"1caZZbMtFLq6UJnRKDusFB"},"_trs":{"__type__":"TypedArray","ctor":"Float64Array","array":[155.077,420.764,0,0,0,1,6.123233995736766e-17,1,1,1]},"_eulerAngles":{"__type__":"cc.Vec3","z":180},"_groupIndex":8,"groupIndex":8},{"__type__":"cc.Node","_name":"zhen","_parent":{"__id__":10},"_components":[{"__type__":"cc.Sprite","node":{"__id__":11},"_materials":[{"__uuid__":"ecpdLyjvZBwrvm+cedCcQy"}],"_spriteFrame":{"__uuid__":"81u1O4l2lM2IGXbUA/0aw7"},"_type":1,"_sizeMode":0},{"__type__":"cc.RigidBody","node":{"__id__":11},"_type":3,"_allowSleep":false,"_gravityScale":0,"_fixedRotation":true,"enabledContactListener":true,"bullet":true},{"__type__":"cc.PhysicsPolygonCollider","node":{"__id__":11},"tag":222,"_offset":{"__type__":"cc.Vec2","x":134.4,"y":-2.1},"points":[{"__type__":"cc.Vec2","x":-48.9,"y":-66.3},{"__type__":"cc.Vec2","x":62.5,"y":-66.3},{"__type__":"cc.Vec2","x":63,"y":67.4},{"__type__":"cc.Vec2","x":-48.4,"y":69},{"__type__":"cc.Vec2","x":-52.2,"y":41.4},{"__type__":"cc.Vec2","x":-327.9,"y":37.1},{"__type__":"cc.Vec2","x":-327,"y":-35.8},{"__type__":"cc.Vec2","x":-49.2,"y":-34.3}]},{"__type__":"72555Q9muRD1505Zi2fOOxm","node":{"__id__":11},"linevelocityX":500}],"_prefab":{"__type__":"cc.PrefabInfo","root":{"__id__":1},"asset":{"__uuid__":"b59RIELDJKi4rEh13te/lm"},"fileId":"2bXLVDOYxLTJAAHLxCRqJf"},"_contentSize":{"__type__":"cc.Size","width":387,"height":111},"_trs":{"__type__":"TypedArray","ctor":"Float64Array","array":[0,0,0,0,0,0,1,0.8,0.8,0.8]},"_groupIndex":8,"groupIndex":8}]]