[{"__type__":"cc.SpriteFrame","content":{"name":"guanqia32","texture":"48vftQrYhCKYNGHdBnEFm0","rect":[1,1,967,1552],"offset":[0,0],"originalSize":[969,1554],"capInsets":[0,0,0,0]}},[{"__type__":"cc.Prefab","_name":"UIDerived33","data":{"__id__":1}},{"__type__":"cc.Node","_name":"UIDerived37","_children":[{"__type__":"cc.Node","_name":"player","_parent":{"__id__":1},"_prefab":{"__type__":"cc.PrefabInfo","root":{"__id__":1},"asset":{"__uuid__":"6eTNiaN85JWLqLzPnjLxZ+"},"fileId":"4dKiN2XhBP87jNnPhQP3xE"},"_contentSize":{"__type__":"cc.Size","width":240,"height":140},"_trs":{"__type__":"TypedArray","ctor":"Float64Array","array":[274.947,-634.156,0,0,0,0,1,0.7,0.7,0.7]}},{"__type__":"cc.Node","_name":"enemy","_parent":{"__id__":1},"_prefab":{"__type__":"cc.PrefabInfo","root":{"__id__":1},"asset":{"__uuid__":"6eTNiaN85JWLqLzPnjLxZ+"},"fileId":"82r2NX11hGtaQhFH41eCgk"},"_trs":{"__type__":"TypedArray","ctor":"Float64Array","array":[-319.108,-581.029,0,0,0,0,1,-0.7,0.7,1]}},{"__type__":"cc.Node","_name":"greenPos_node","_parent":{"__id__":1},"_prefab":{"__type__":"cc.PrefabInfo","root":{"__id__":1},"asset":{"__uuid__":"6eTNiaN85JWLqLzPnjLxZ+"},"fileId":"c4GhE9ZrlOz64inYUPVdQK"},"_trs":{"__type__":"TypedArray","ctor":"Float64Array","array":[0,0,0,0,0,0,1,1,1,1]}},{"__id__":2},{"__id__":3},{"__id__":4},{"__id__":5},{"__type__":"cc.Node","_name":"redwater_node","_parent":{"__id__":1},"_prefab":{"__type__":"cc.PrefabInfo","root":{"__id__":1},"asset":{"__uuid__":"6eTNiaN85JWLqLzPnjLxZ+"},"fileId":"20toLW2X1HQ6/YnUwV6AHs"},"_trs":{"__type__":"TypedArray","ctor":"Float64Array","array":[0,0,0,0,0,0,1,1,1,1]}},{"__type__":"cc.Node","_name":"greenwater_node","_parent":{"__id__":1},"_prefab":{"__type__":"cc.PrefabInfo","root":{"__id__":1},"asset":{"__uuid__":"6eTNiaN85JWLqLzPnjLxZ+"},"fileId":"d5aiCkEXdINKa8IhKgod9L"},"_trs":{"__type__":"TypedArray","ctor":"Float64Array","array":[0,0,0,0,0,0,1,1,1,1]}},{"__type__":"cc.Node","_name":"bule_node","_parent":{"__id__":1},"_prefab":{"__type__":"cc.PrefabInfo","root":{"__id__":1},"asset":{"__uuid__":"6eTNiaN85JWLqLzPnjLxZ+"},"fileId":"68HnZSulhGOZS0cD8geHwl"},"_trs":{"__type__":"TypedArray","ctor":"Float64Array","array":[0,0,0,0,0,0,1,1,1,1]}},{"__id__":6},{"__id__":8}],"_components":[{"__type__":"cc.Sprite","node":{"__id__":1},"_materials":[{"__uuid__":"ecpdLyjvZBwrvm+cedCcQy"}],"_spriteFrame":{"__uuid__":"3fnND1+jBJe5Um2evMjj6n"}},{"__type__":"1100eDGpRlLMYp5CrYQGpcQ","node":{"__id__":1},"player_happy":true},{"__type__":"cc.RigidBody","node":{"__id__":1},"_type":0},{"__type__":"cc.PhysicsPolygonCollider","node":{"__id__":1},"_offset":{"__type__":"cc.Vec2","x":-435,"y":709},"points":[{"__type__":"cc.Vec2","x":-47.7,"y":-124.6},{"__type__":"cc.Vec2","x":347.4,"y":-225.2},{"__type__":"cc.Vec2","x":346.5,"y":-396.9},{"__type__":"cc.Vec2","x":245,"y":-439},{"__type__":"cc.Vec2","x":203,"y":-489},{"__type__":"cc.Vec2","x":167.1,"y":-587.8},{"__type__":"cc.Vec2","x":149.5,"y":-685.7},{"__type__":"cc.Vec2","x":-29.8,"y":-713},{"__type__":"cc.Vec2","x":-30,"y":-1327},{"__type__":"cc.Vec2","x":6.4,"y":-1408.8},{"__type__":"cc.Vec2","x":64.9,"y":-1451.9},{"__type__":"cc.Vec2","x":197.5,"y":-1458.4},{"__type__":"cc.Vec2","x":931,"y":-1474},{"__type__":"cc.Vec2","x":921,"y":92},{"__type__":"cc.Vec2","x":-53.8,"y":54.5},{"__type__":"cc.Vec2","x":16,"y":25},{"__type__":"cc.Vec2","x":852.6,"y":26.1},{"__type__":"cc.Vec2","x":851,"y":-88},{"__type__":"cc.Vec2","x":510.3,"y":-197.5},{"__type__":"cc.Vec2","x":493.5,"y":-222},{"__type__":"cc.Vec2","x":498.9,"y":-412.2},{"__type__":"cc.Vec2","x":532.4,"y":-425.5},{"__type__":"cc.Vec2","x":596.9,"y":-446.9},{"__type__":"cc.Vec2","x":648.6,"y":-492.1},{"__type__":"cc.Vec2","x":675.2,"y":-552.8},{"__type__":"cc.Vec2","x":689,"y":-679},{"__type__":"cc.Vec2","x":720,"y":-719},{"__type__":"cc.Vec2","x":772,"y":-732},{"__type__":"cc.Vec2","x":883,"y":-738},{"__type__":"cc.Vec2","x":870.1,"y":-1314.8},{"__type__":"cc.Vec2","x":833.2,"y":-1398.5},{"__type__":"cc.Vec2","x":790.6,"y":-1428.9},{"__type__":"cc.Vec2","x":728.2,"y":-1445.7},{"__type__":"cc.Vec2","x":643.9,"y":-1434},{"__type__":"cc.Vec2","x":593.9,"y":-1392},{"__type__":"cc.Vec2","x":567.7,"y":-1301.1},{"__type__":"cc.Vec2","x":568.6,"y":-867.7},{"__type__":"cc.Vec2","x":500.8,"y":-907.6},{"__type__":"cc.Vec2","x":438.3,"y":-922.7},{"__type__":"cc.Vec2","x":382.7,"y":-911.6},{"__type__":"cc.Vec2","x":302.2,"y":-859.8},{"__type__":"cc.Vec2","x":302.8,"y":-1309.6},{"__type__":"cc.Vec2","x":270,"y":-1404.3},{"__type__":"cc.Vec2","x":200.1,"y":-1434},{"__type__":"cc.Vec2","x":78.7,"y":-1426.9},{"__type__":"cc.Vec2","x":18,"y":-1383.8},{"__type__":"cc.Vec2","x":-8,"y":-1303},{"__type__":"cc.Vec2","x":-7,"y":-739.1},{"__type__":"cc.Vec2","x":155.7,"y":-722.2},{"__type__":"cc.Vec2","x":180.6,"y":-680.1},{"__type__":"cc.Vec2","x":194.6,"y":-593.9},{"__type__":"cc.Vec2","x":230,"y":-498},{"__type__":"cc.Vec2","x":282,"y":-449},{"__type__":"cc.Vec2","x":374.2,"y":-415.9},{"__type__":"cc.Vec2","x":376.3,"y":-221.1},{"__type__":"cc.Vec2","x":357.4,"y":-198.6},{"__type__":"cc.Vec2","x":25.1,"y":-93.5},{"__type__":"cc.Vec2","x":15.8,"y":25.1},{"__type__":"cc.Vec2","x":-50,"y":50}]}],"_prefab":{"__type__":"cc.PrefabInfo","root":{"__id__":1},"asset":{"__uuid__":"6eTNiaN85JWLqLzPnjLxZ+"},"fileId":"47/OIO339Mga8UZQIaIQ2/"},"_contentSize":{"__type__":"cc.Size","width":967,"height":1552},"_trs":{"__type__":"TypedArray","ctor":"Float64Array","array":[0,-35.164,0,0,0,0,1,1,1,1]}},{"__type__":"cc.Node","_name":"redPos_node","_parent":{"__id__":1},"_children":[{"__type__":"cc.Node","_name":"New Node","_parent":{"__id__":2},"_prefab":{"__type__":"cc.PrefabInfo","root":{"__id__":1},"asset":{"__uuid__":"6eTNiaN85JWLqLzPnjLxZ+"},"fileId":"4donT2qnlI5rHYe86O+sQE"},"_trs":{"__type__":"TypedArray","ctor":"Float64Array","array":[-25,626,0,0,0,0,1,1,1,1]}}],"_prefab":{"__type__":"cc.PrefabInfo","root":{"__id__":1},"asset":{"__uuid__":"6eTNiaN85JWLqLzPnjLxZ+"},"fileId":"bdDRuYWNRBZ6m0dGJP2wrV"},"_trs":{"__type__":"TypedArray","ctor":"Float64Array","array":[0,0,0,0,0,0,1,1,1,1]}},{"__type__":"cc.Node","_name":"bulePos_node","_parent":{"__id__":1},"_children":[{"__type__":"cc.Node","_name":"New Node","_parent":{"__id__":3},"_prefab":{"__type__":"cc.PrefabInfo","root":{"__id__":1},"asset":{"__uuid__":"6eTNiaN85JWLqLzPnjLxZ+"},"fileId":"210F5m3YpHjZYmr6pj78xR"},"_trs":{"__type__":"TypedArray","ctor":"Float64Array","array":[-315.756,-523.644,0,0,0,0,1,1,1,1]}},{"__type__":"cc.Node","_name":"New Node","_parent":{"__id__":3},"_prefab":{"__type__":"cc.PrefabInfo","root":{"__id__":1},"asset":{"__uuid__":"6eTNiaN85JWLqLzPnjLxZ+"},"fileId":"41oPRJS/pJCrAeqwRIyEh9"},"_trs":{"__type__":"TypedArray","ctor":"Float64Array","array":[264.244,-552.644,0,0,0,0,1,1,1,1]}}],"_prefab":{"__type__":"cc.PrefabInfo","root":{"__id__":1},"asset":{"__uuid__":"6eTNiaN85JWLqLzPnjLxZ+"},"fileId":"0eOc3RP2RKlZfR7105Z32Z"},"_trs":{"__type__":"TypedArray","ctor":"Float64Array","array":[0,0,0,0,0,0,1,1,1,1]}},{"__type__":"cc.Node","_name":"gray_node","_parent":{"__id__":1},"_components":[{"__type__":"3400dF2d2tHLK8+En9baGXY","node":{"__id__":4},"grey_prefab":{"__uuid__":"13FEeEL1NMaK5TFGpFQpJr"}}],"_prefab":{"__type__":"cc.PrefabInfo","root":{"__id__":1},"asset":{"__uuid__":"6eTNiaN85JWLqLzPnjLxZ+"},"fileId":"bcnUurSL1GlrclhhhB/iTW"},"_trs":{"__type__":"TypedArray","ctor":"Float64Array","array":[0,0,0,0,0,0,1,1,1,1]}},{"__type__":"cc.Node","_name":"black_node","_parent":{"__id__":1},"_components":[{"__type__":"6c0e8KZwr5L34azTYX21stu","node":{"__id__":5}}],"_prefab":{"__type__":"cc.PrefabInfo","root":{"__id__":1},"asset":{"__uuid__":"6eTNiaN85JWLqLzPnjLxZ+"},"fileId":"37P2Na0R1JUamf/IFVZyV7"},"_trs":{"__type__":"TypedArray","ctor":"Float64Array","array":[0,0,0,0,0,0,1,1,1,1]}},{"__type__":"cc.Node","_name":"zhenNode","_parent":{"__id__":1},"_children":[{"__id__":7}],"_prefab":{"__type__":"cc.PrefabInfo","root":{"__id__":1},"asset":{"__uuid__":"6eTNiaN85JWLqLzPnjLxZ+"},"fileId":"4flGmzMopBr7gNp1ISxlI5"},"_trs":{"__type__":"TypedArray","ctor":"Float64Array","array":[20,440,0,0,0,0,1,1,1,1]},"_groupIndex":8,"groupIndex":8},{"__type__":"cc.Node","_name":"zhen","_parent":{"__id__":6},"_components":[{"__type__":"cc.Sprite","node":{"__id__":7},"_materials":[{"__uuid__":"ecpdLyjvZBwrvm+cedCcQy"}],"_spriteFrame":{"__uuid__":"81u1O4l2lM2IGXbUA/0aw7"},"_type":1},{"__type__":"cc.RigidBody","node":{"__id__":7},"_type":3,"_allowSleep":false,"_gravityScale":0,"_fixedRotation":true,"enabledContactListener":true,"bullet":true},{"__type__":"cc.PhysicsPolygonCollider","node":{"__id__":7},"tag":222,"points":[{"__type__":"cc.Vec2","x":227.5,"y":55.5},{"__type__":"cc.Vec2","x":214.5,"y":51.5},{"__type__":"cc.Vec2","x":206.5,"y":45.5},{"__type__":"cc.Vec2","x":192,"y":33.4},{"__type__":"cc.Vec2","x":188.8,"y":24.1},{"__type__":"cc.Vec2","x":188.1,"y":35.3},{"__type__":"cc.Vec2","x":-280.6,"y":36.4},{"__type__":"cc.Vec2","x":-292.8,"y":-0.5},{"__type__":"cc.Vec2","x":-281.9,"y":-14.7},{"__type__":"cc.Vec2","x":184.9,"y":-17.2},{"__type__":"cc.Vec2","x":193.4,"y":-34.3},{"__type__":"cc.Vec2","x":209.9,"y":-47.8},{"__type__":"cc.Vec2","x":238.1,"y":-54.9},{"__type__":"cc.Vec2","x":261.8,"y":-50.5},{"__type__":"cc.Vec2","x":285.2,"y":-28.5},{"__type__":"cc.Vec2","x":291.1,"y":-15.6},{"__type__":"cc.Vec2","x":292.7,"y":0.3},{"__type__":"cc.Vec2","x":288.9,"y":22},{"__type__":"cc.Vec2","x":265.3,"y":49.4}]},{"__type__":"72555Q9muRD1505Zi2fOOxm","node":{"__id__":7},"linevelocityX":500}],"_prefab":{"__type__":"cc.PrefabInfo","root":{"__id__":1},"asset":{"__uuid__":"6eTNiaN85JWLqLzPnjLxZ+"},"fileId":"406bJDzepMrrx4RIIrC1qx"},"_contentSize":{"__type__":"cc.Size","width":587,"height":111},"_trs":{"__type__":"TypedArray","ctor":"Float64Array","array":[0,0,0,0,0,0,1,0.8,0.8,0.8]},"_groupIndex":8,"groupIndex":8},{"__type__":"cc.Node","_name":"rotationStage","_parent":{"__id__":1},"_components":[{"__type__":"cc.Sprite","node":{"__id__":8},"_materials":[{"__uuid__":"ecpdLyjvZBwrvm+cedCcQy"}],"_spriteFrame":{"__uuid__":"7cQ9AZ2ihAL7w7j2iXN4dt"}},{"__type__":"ae444naYU1I/IZzwhFmo0bP","node":{"__id__":8}},{"__type__":"cc.RigidBody","node":{"__id__":8},"_type":0},{"__type__":"cc.PhysicsBoxCollider","node":{"__id__":8},"_offset":{"__type__":"cc.Vec2","y":2.6},"_size":{"__type__":"cc.Size","width":555,"height":86.5}},{"__type__":"cc.PhysicsBoxCollider","node":{"__id__":8},"_offset":{"__type__":"cc.Vec2","x":1.8},"_size":{"__type__":"cc.Size","width":95.4,"height":555}}],"_prefab":{"__type__":"cc.PrefabInfo","root":{"__id__":1},"asset":{"__uuid__":"6eTNiaN85JWLqLzPnjLxZ+"},"fileId":"27yuIhpA9GPask/DYWlShc"},"_contentSize":{"__type__":"cc.Size","width":555,"height":555},"_trs":{"__type__":"TypedArray","ctor":"Float64Array","array":[0,44,0,0,0,0,1,0.9,0.9,1]}}]]