[[{"__type__":"cc.Prefab","_name":"UIDerived87","data":{"__id__":1}},{"__type__":"cc.Node","_name":"UIDerived87","_children":[{"__type__":"cc.Node","_name":"bule_node","_parent":{"__id__":1},"_prefab":{"__type__":"cc.PrefabInfo","root":{"__id__":1},"asset":{"__uuid__":"dbEI0LNHlBpoA4E5aeAEin"},"fileId":"69+zHdD3tLu4NCvCy+ZgAV"},"_trs":{"__type__":"TypedArray","ctor":"Float64Array","array":[0,0,0,0,0,0,1,1,1,1]}},{"__type__":"cc.Node","_name":"greenwater_node","_parent":{"__id__":1},"_prefab":{"__type__":"cc.PrefabInfo","root":{"__id__":1},"asset":{"__uuid__":"dbEI0LNHlBpoA4E5aeAEin"},"fileId":"cc96at/FBAh5/o0FSCqNBp"},"_trs":{"__type__":"TypedArray","ctor":"Float64Array","array":[0,0,0,0,0,0,1,1,1,1]}},{"__type__":"cc.Node","_name":"redwater_node","_parent":{"__id__":1},"_prefab":{"__type__":"cc.PrefabInfo","root":{"__id__":1},"asset":{"__uuid__":"dbEI0LNHlBpoA4E5aeAEin"},"fileId":"09DiL5poxIWK2M6Vb/9Ndb"},"_trs":{"__type__":"TypedArray","ctor":"Float64Array","array":[0,0,0,0,0,0,1,1,1,1]}},{"__id__":2},{"__id__":3},{"__id__":4},{"__id__":5},{"__type__":"cc.Node","_name":"greenPos_node","_parent":{"__id__":1},"_prefab":{"__type__":"cc.PrefabInfo","root":{"__id__":1},"asset":{"__uuid__":"dbEI0LNHlBpoA4E5aeAEin"},"fileId":"5cBrLxDA1Mf55DJ6UhPZyP"},"_trs":{"__type__":"TypedArray","ctor":"Float64Array","array":[0,0,0,0,0,0,1,1,1,1]}},{"__id__":6},{"__id__":8},{"__id__":10},{"__type__":"cc.Node","_name":"player","_parent":{"__id__":1},"_prefab":{"__type__":"cc.PrefabInfo","root":{"__id__":1},"asset":{"__uuid__":"dbEI0LNHlBpoA4E5aeAEin"},"fileId":"daqz40kdRO777zlcmPkBx9"},"_trs":{"__type__":"TypedArray","ctor":"Float64Array","array":[251.606,-618.125,0,0,0,0,1,-0.7,0.7,1]}},{"__type__":"cc.Node","_name":"enemy","_parent":{"__id__":1},"_prefab":{"__type__":"cc.PrefabInfo","root":{"__id__":1},"asset":{"__uuid__":"dbEI0LNHlBpoA4E5aeAEin"},"fileId":"5a5fRtsDtJ9KLLJYCoYVnY"},"_trs":{"__type__":"TypedArray","ctor":"Float64Array","array":[-271.842,-617.264,0,0,0,0,1,-0.7,1,1]}}],"_components":[{"__type__":"cc.Sprite","node":{"__id__":1},"_materials":[{"__uuid__":"ecpdLyjvZBwrvm+cedCcQy"}],"_spriteFrame":{"__uuid__":"e0Bb1IbRtP8IwJuGulcUd/"}},{"__type__":"1100eDGpRlLMYp5CrYQGpcQ","node":{"__id__":1}},{"__type__":"cc.RigidBody","node":{"__id__":1},"_type":0},{"__type__":"cc.PhysicsPolygonCollider","node":{"__id__":1},"_offset":{"__type__":"cc.Vec2","x":-490.6,"y":-705.3},"points":[{"__type__":"cc.Vec2","x":77,"y":-50},{"__type__":"cc.Vec2","x":900,"y":-52},{"__type__":"cc.Vec2","x":903.7,"y":1456},{"__type__":"cc.Vec2","x":795.8,"y":1413.8},{"__type__":"cc.Vec2","x":805.2,"y":251.6},{"__type__":"cc.Vec2","x":862.1,"y":250.9},{"__type__":"cc.Vec2","x":857.5,"y":0.2},{"__type__":"cc.Vec2","x":638,"y":1},{"__type__":"cc.Vec2","x":631.7,"y":759.7},{"__type__":"cc.Vec2","x":605.5,"y":775.6},{"__type__":"cc.Vec2","x":361.3,"y":772.4},{"__type__":"cc.Vec2","x":350.9,"y":755.7},{"__type__":"cc.Vec2","x":348.8,"y":6.6},{"__type__":"cc.Vec2","x":117.9,"y":6.6},{"__type__":"cc.Vec2","x":116.8,"y":232.5},{"__type__":"cc.Vec2","x":124.8,"y":240.9},{"__type__":"cc.Vec2","x":167.9,"y":241.8},{"__type__":"cc.Vec2","x":178.4,"y":261.7},{"__type__":"cc.Vec2","x":181,"y":1414},{"__type__":"cc.Vec2","x":346,"y":1415},{"__type__":"cc.Vec2","x":348,"y":1003},{"__type__":"cc.Vec2","x":631,"y":1003},{"__type__":"cc.Vec2","x":632,"y":1415},{"__type__":"cc.Vec2","x":793,"y":1414},{"__type__":"cc.Vec2","x":903.9,"y":1459.2},{"__type__":"cc.Vec2","x":75,"y":1463}]}],"_prefab":{"__type__":"cc.PrefabInfo","root":{"__id__":1},"asset":{"__uuid__":"dbEI0LNHlBpoA4E5aeAEin"},"fileId":"921LoQKmpJR6EViETaslD2"},"_contentSize":{"__type__":"cc.Size","width":826,"height":1510},"_trs":{"__type__":"TypedArray","ctor":"Float64Array","array":[0,0,0,0,0,0,1,1,1,1]}},{"__type__":"cc.Node","_name":"black_node","_parent":{"__id__":1},"_components":[{"__type__":"6c0e8KZwr5L34azTYX21stu","node":{"__id__":2}}],"_prefab":{"__type__":"cc.PrefabInfo","root":{"__id__":1},"asset":{"__uuid__":"dbEI0LNHlBpoA4E5aeAEin"},"fileId":"93545tpVlO7bhfDHdJ1eWR"},"_trs":{"__type__":"TypedArray","ctor":"Float64Array","array":[0,0,0,0,0,0,1,1,1,1]}},{"__type__":"cc.Node","_name":"gray_node","_parent":{"__id__":1},"_components":[{"__type__":"3400dF2d2tHLK8+En9baGXY","node":{"__id__":3},"grey_prefab":{"__uuid__":"13FEeEL1NMaK5TFGpFQpJr"}}],"_prefab":{"__type__":"cc.PrefabInfo","root":{"__id__":1},"asset":{"__uuid__":"dbEI0LNHlBpoA4E5aeAEin"},"fileId":"05GhBQ/dZJQ7tXohAv4Ueg"},"_trs":{"__type__":"TypedArray","ctor":"Float64Array","array":[0,0,0,0,0,0,1,1,1,1]}},{"__type__":"cc.Node","_name":"bulePos_node","_parent":{"__id__":1},"_children":[{"__type__":"cc.Node","_name":"New Node","_parent":{"__id__":4},"_prefab":{"__type__":"cc.PrefabInfo","root":{"__id__":1},"asset":{"__uuid__":"dbEI0LNHlBpoA4E5aeAEin"},"fileId":"0cLuIECShL5a+3XexolLhb"},"_trs":{"__type__":"TypedArray","ctor":"Float64Array","array":[-230.007,617.186,0,0,0,0,1,1,1,1]}}],"_prefab":{"__type__":"cc.PrefabInfo","root":{"__id__":1},"asset":{"__uuid__":"dbEI0LNHlBpoA4E5aeAEin"},"fileId":"20I+ZPHc9J9r6exLwEedf0"},"_trs":{"__type__":"TypedArray","ctor":"Float64Array","array":[0,0,0,0,0,0,1,1,1,1]}},{"__type__":"cc.Node","_name":"redPos_node","_parent":{"__id__":1},"_children":[{"__type__":"cc.Node","_name":"New Node","_parent":{"__id__":5},"_prefab":{"__type__":"cc.PrefabInfo","root":{"__id__":1},"asset":{"__uuid__":"dbEI0LNHlBpoA4E5aeAEin"},"fileId":"2f7npYeqxPILMwUUG73xvv"},"_trs":{"__type__":"TypedArray","ctor":"Float64Array","array":[-2.853,177.87,0,0,0,0,1,1,1,1]}}],"_prefab":{"__type__":"cc.PrefabInfo","root":{"__id__":1},"asset":{"__uuid__":"dbEI0LNHlBpoA4E5aeAEin"},"fileId":"0bbU41QP9Jwb6ajtxgvDSP"},"_trs":{"__type__":"TypedArray","ctor":"Float64Array","array":[0,0,0,0,0,0,1,1,1,1]}},{"__type__":"cc.Node","_name":"zhenNode","_parent":{"__id__":1},"_children":[{"__id__":7}],"_prefab":{"__type__":"cc.PrefabInfo","root":{"__id__":1},"asset":{"__uuid__":"dbEI0LNHlBpoA4E5aeAEin"},"fileId":"cbdrMCCglCZpjAKXbOUfF9"},"_trs":{"__type__":"TypedArray","ctor":"Float64Array","array":[-91.314,213.794,0,0,0,0.7071067811865475,0.7071067811865476,1,1,1]},"_eulerAngles":{"__type__":"cc.Vec3","z":90},"_groupIndex":8,"groupIndex":8},{"__type__":"cc.Node","_name":"zhen","_parent":{"__id__":6},"_components":[{"__type__":"cc.Sprite","node":{"__id__":7},"_materials":[{"__uuid__":"ecpdLyjvZBwrvm+cedCcQy"}],"_spriteFrame":{"__uuid__":"81u1O4l2lM2IGXbUA/0aw7"},"_type":1,"_sizeMode":0},{"__type__":"cc.RigidBody","node":{"__id__":7},"_type":3,"_allowSleep":false,"_gravityScale":0,"_fixedRotation":true,"enabledContactListener":true,"bullet":true},{"__type__":"cc.PhysicsPolygonCollider","node":{"__id__":7},"tag":222,"_offset":{"__type__":"cc.Vec2","x":241,"y":-1},"points":[{"__type__":"cc.Vec2","x":-16.9,"y":-56.7},{"__type__":"cc.Vec2","x":59.2,"y":-54.6},{"__type__":"cc.Vec2","x":59.1,"y":56.3},{"__type__":"cc.Vec2","x":-18.7,"y":57},{"__type__":"cc.Vec2","x":-48.5,"y":26.8},{"__type__":"cc.Vec2","x":-541.4,"y":26.3},{"__type__":"cc.Vec2","x":-540.6,"y":-23.1},{"__type__":"cc.Vec2","x":-49.4,"y":-24.9}]},{"__type__":"72555Q9muRD1505Zi2fOOxm","node":{"__id__":7},"linevelocityX":500}],"_prefab":{"__type__":"cc.PrefabInfo","root":{"__id__":1},"asset":{"__uuid__":"dbEI0LNHlBpoA4E5aeAEin"},"fileId":"ebf82wdfFCUrON+2I1T6e5"},"_contentSize":{"__type__":"cc.Size","width":600,"height":111},"_trs":{"__type__":"TypedArray","ctor":"Float64Array","array":[0,0,0,0,0,0,1,0.8,0.8,0.8]},"_groupIndex":8,"groupIndex":8},{"__type__":"cc.Node","_name":"zhenNode","_parent":{"__id__":1},"_children":[{"__id__":9}],"_prefab":{"__type__":"cc.PrefabInfo","root":{"__id__":1},"asset":{"__uuid__":"dbEI0LNHlBpoA4E5aeAEin"},"fileId":"a62xb2dG1N673vDyGZEW6a"},"_trs":{"__type__":"TypedArray","ctor":"Float64Array","array":[91.19,166.545,0,0,0,-0.7071067811865475,0.7071067811865476,1,1,1]},"_eulerAngles":{"__type__":"cc.Vec3","z":-90},"_groupIndex":8,"groupIndex":8},{"__type__":"cc.Node","_name":"zhen","_parent":{"__id__":8},"_components":[{"__type__":"cc.Sprite","node":{"__id__":9},"_materials":[{"__uuid__":"ecpdLyjvZBwrvm+cedCcQy"}],"_spriteFrame":{"__uuid__":"81u1O4l2lM2IGXbUA/0aw7"},"_type":1,"_sizeMode":0},{"__type__":"cc.RigidBody","node":{"__id__":9},"_type":3,"_allowSleep":false,"_gravityScale":0,"_fixedRotation":true,"enabledContactListener":true,"bullet":true},{"__type__":"cc.PhysicsPolygonCollider","node":{"__id__":9},"tag":222,"_offset":{"__type__":"cc.Vec2","x":241,"y":-1},"points":[{"__type__":"cc.Vec2","x":-16.9,"y":-56.7},{"__type__":"cc.Vec2","x":59.2,"y":-54.6},{"__type__":"cc.Vec2","x":59.1,"y":56.3},{"__type__":"cc.Vec2","x":-18.7,"y":57},{"__type__":"cc.Vec2","x":-48.5,"y":26.8},{"__type__":"cc.Vec2","x":-541.4,"y":26.3},{"__type__":"cc.Vec2","x":-540.6,"y":-23.1},{"__type__":"cc.Vec2","x":-49.4,"y":-24.9}]},{"__type__":"72555Q9muRD1505Zi2fOOxm","node":{"__id__":9},"linevelocityX":500}],"_prefab":{"__type__":"cc.PrefabInfo","root":{"__id__":1},"asset":{"__uuid__":"dbEI0LNHlBpoA4E5aeAEin"},"fileId":"bf+L+BlN9CA5l9gEl+tp1C"},"_contentSize":{"__type__":"cc.Size","width":600,"height":111},"_trs":{"__type__":"TypedArray","ctor":"Float64Array","array":[0,0,0,0,0,0,1,0.8,0.8,0.8]},"_groupIndex":8,"groupIndex":8},{"__type__":"cc.Node","_name":"zhenNode","_parent":{"__id__":1},"_children":[{"__id__":11}],"_prefab":{"__type__":"cc.PrefabInfo","root":{"__id__":1},"asset":{"__uuid__":"dbEI0LNHlBpoA4E5aeAEin"},"fileId":"3bMi6n0hZCPaiIQ2RBRjcp"},"_trs":{"__type__":"TypedArray","ctor":"Float64Array","array":[-236.95,492.664,0,0,0,-1,6.123233995736766e-17,1,1,1]},"_eulerAngles":{"__type__":"cc.Vec3","z":-180},"_groupIndex":8,"groupIndex":8},{"__type__":"cc.Node","_name":"zhen","_parent":{"__id__":10},"_components":[{"__type__":"cc.Sprite","node":{"__id__":11},"_materials":[{"__uuid__":"ecpdLyjvZBwrvm+cedCcQy"}],"_spriteFrame":{"__uuid__":"81u1O4l2lM2IGXbUA/0aw7"},"_type":1,"_sizeMode":0},{"__type__":"cc.RigidBody","node":{"__id__":11},"_type":3,"_allowSleep":false,"_gravityScale":0,"_fixedRotation":true,"enabledContactListener":true,"bullet":true},{"__type__":"cc.PhysicsPolygonCollider","node":{"__id__":11},"tag":222,"_offset":{"__type__":"cc.Vec2","x":241,"y":-1},"points":[{"__type__":"cc.Vec2","x":-16.9,"y":-56.7},{"__type__":"cc.Vec2","x":59.2,"y":-54.6},{"__type__":"cc.Vec2","x":59.1,"y":56.3},{"__type__":"cc.Vec2","x":-18.7,"y":57},{"__type__":"cc.Vec2","x":-48.5,"y":26.8},{"__type__":"cc.Vec2","x":-541.4,"y":26.3},{"__type__":"cc.Vec2","x":-540.6,"y":-23.1},{"__type__":"cc.Vec2","x":-49.4,"y":-24.9}]},{"__type__":"72555Q9muRD1505Zi2fOOxm","node":{"__id__":11},"linevelocityX":500}],"_prefab":{"__type__":"cc.PrefabInfo","root":{"__id__":1},"asset":{"__uuid__":"dbEI0LNHlBpoA4E5aeAEin"},"fileId":"5aGQwIwExHZKyWDW3XgzPP"},"_contentSize":{"__type__":"cc.Size","width":600,"height":111},"_trs":{"__type__":"TypedArray","ctor":"Float64Array","array":[0,0,0,0,0,0,1,0.8,0.8,0.8]},"_groupIndex":8,"groupIndex":8}],{"__type__":"cc.SpriteFrame","content":{"name":"guanqia107","texture":"25gAPW1tdBM7MEwJ618EVI","rect":[1,1,826,1510],"offset":[0,-0.5],"originalSize":[828,1511],"capInsets":[0,0,0,0]}}]