[{"__type__":"cc.SpriteFrame","content":{"name":"guanqia39","texture":"dcsdit6u5J76Ob/JNqwu+x","rect":[1,1,885,1513],"offset":[0,0],"originalSize":[887,1515],"capInsets":[0,0,0,0]}},[{"__type__":"cc.Prefab","_name":"UIDerived39","data":{"__id__":1}},{"__type__":"cc.Node","_name":"UIDerived44","_children":[{"__type__":"cc.Node","_name":"bule_node","_parent":{"__id__":1},"_prefab":{"__type__":"cc.PrefabInfo","root":{"__id__":1},"asset":{"__uuid__":"a4eUSGRjNJXoUZ30/Ayxm6"},"fileId":"ac0eih+ZRIqabXy3ByXxh7"},"_trs":{"__type__":"TypedArray","ctor":"Float64Array","array":[0,0,0,0,0,0,1,1,1,1]}},{"__type__":"cc.Node","_name":"greenwater_node","_parent":{"__id__":1},"_prefab":{"__type__":"cc.PrefabInfo","root":{"__id__":1},"asset":{"__uuid__":"a4eUSGRjNJXoUZ30/Ayxm6"},"fileId":"bdkADInoVEqay8yBTmKn5c"},"_trs":{"__type__":"TypedArray","ctor":"Float64Array","array":[0,0,0,0,0,0,1,1,1,1]}},{"__type__":"cc.Node","_name":"redwater_node","_parent":{"__id__":1},"_prefab":{"__type__":"cc.PrefabInfo","root":{"__id__":1},"asset":{"__uuid__":"a4eUSGRjNJXoUZ30/Ayxm6"},"fileId":"49P7jMLRNNw7TjMhHpi2uq"},"_trs":{"__type__":"TypedArray","ctor":"Float64Array","array":[0,0,0,0,0,0,1,1,1,1]}},{"__id__":2},{"__id__":3},{"__id__":4},{"__id__":5},{"__type__":"cc.Node","_name":"greenPos_node","_parent":{"__id__":1},"_prefab":{"__type__":"cc.PrefabInfo","root":{"__id__":1},"asset":{"__uuid__":"a4eUSGRjNJXoUZ30/Ayxm6"},"fileId":"72XdV1AetOJpH1RE+ypafM"},"_trs":{"__type__":"TypedArray","ctor":"Float64Array","array":[0,0,0,0,0,0,1,1,1,1]}},{"__type__":"cc.Node","_name":"player","_parent":{"__id__":1},"_prefab":{"__type__":"cc.PrefabInfo","root":{"__id__":1},"asset":{"__uuid__":"a4eUSGRjNJXoUZ30/Ayxm6"},"fileId":"03lsD+RlNLWIQLbwBuZDD/"},"_contentSize":{"__type__":"cc.Size","width":240,"height":140},"_trs":{"__type__":"TypedArray","ctor":"Float64Array","array":[253.276,-515.112,0,0,0,0,1,-0.7,0.7,1]}},{"__type__":"cc.Node","_name":"enemy","_parent":{"__id__":1},"_prefab":{"__type__":"cc.PrefabInfo","root":{"__id__":1},"asset":{"__uuid__":"a4eUSGRjNJXoUZ30/Ayxm6"},"fileId":"77YV38iWZP/bTTxkdnkdoI"},"_trs":{"__type__":"TypedArray","ctor":"Float64Array","array":[-272.784,-491.994,0,0,0,0,1,1,1,1]}},{"__id__":6},{"__id__":10}],"_components":[{"__type__":"cc.Sprite","node":{"__id__":1},"_materials":[{"__uuid__":"ecpdLyjvZBwrvm+cedCcQy"}],"_spriteFrame":{"__uuid__":"0dYchwwYdCjpOu5KpBrORc"}},{"__type__":"1100eDGpRlLMYp5CrYQGpcQ","node":{"__id__":1},"player_happy":true},{"__type__":"cc.RigidBody","node":{"__id__":1},"_type":0},{"__type__":"cc.PhysicsPolygonCollider","node":{"__id__":1},"_offset":{"__type__":"cc.Vec2","x":-390,"y":707},"points":[{"__type__":"cc.Vec2","x":-55,"y":-1474},{"__type__":"cc.Vec2","x":831,"y":-1474},{"__type__":"cc.Vec2","x":828,"y":48},{"__type__":"cc.Vec2","x":196,"y":55},{"__type__":"cc.Vec2","x":199.7,"y":9.1},{"__type__":"cc.Vec2","x":646.6,"y":7.7},{"__type__":"cc.Vec2","x":648.3,"y":-445.1},{"__type__":"cc.Vec2","x":327.4,"y":-448.8},{"__type__":"cc.Vec2","x":324.8,"y":-571.5},{"__type__":"cc.Vec2","x":448.7,"y":-574.4},{"__type__":"cc.Vec2","x":452,"y":-832},{"__type__":"cc.Vec2","x":704.5,"y":-831.2},{"__type__":"cc.Vec2","x":706,"y":-1086.3},{"__type__":"cc.Vec2","x":777.5,"y":-1216},{"__type__":"cc.Vec2","x":795.5,"y":-1288.3},{"__type__":"cc.Vec2","x":783.3,"y":-1354.7},{"__type__":"cc.Vec2","x":741.6,"y":-1396.4},{"__type__":"cc.Vec2","x":678.8,"y":-1417},{"__type__":"cc.Vec2","x":611.8,"y":-1418.6},{"__type__":"cc.Vec2","x":531.2,"y":-1396.1},{"__type__":"cc.Vec2","x":500.7,"y":-1355.6},{"__type__":"cc.Vec2","x":496.8,"y":-1293.8},{"__type__":"cc.Vec2","x":527.4,"y":-1197.9},{"__type__":"cc.Vec2","x":581.9,"y":-1088.4},{"__type__":"cc.Vec2","x":584.1,"y":-951.4},{"__type__":"cc.Vec2","x":204.7,"y":-953.5},{"__type__":"cc.Vec2","x":195.8,"y":-1082.5},{"__type__":"cc.Vec2","x":224.4,"y":-1128.5},{"__type__":"cc.Vec2","x":277.2,"y":-1254.9},{"__type__":"cc.Vec2","x":286,"y":-1325},{"__type__":"cc.Vec2","x":259,"y":-1387},{"__type__":"cc.Vec2","x":192.2,"y":-1419.1},{"__type__":"cc.Vec2","x":99.8,"y":-1421.5},{"__type__":"cc.Vec2","x":30.8,"y":-1398},{"__type__":"cc.Vec2","x":-5,"y":-1353.8},{"__type__":"cc.Vec2","x":-12.1,"y":-1296.7},{"__type__":"cc.Vec2","x":8,"y":-1213.6},{"__type__":"cc.Vec2","x":69.5,"y":-1093.6},{"__type__":"cc.Vec2","x":69.5,"y":-832},{"__type__":"cc.Vec2","x":327.8,"y":-828.1},{"__type__":"cc.Vec2","x":329,"y":-700},{"__type__":"cc.Vec2","x":200,"y":-698},{"__type__":"cc.Vec2","x":196.9,"y":52.3},{"__type__":"cc.Vec2","x":-50,"y":50}]}],"_prefab":{"__type__":"cc.PrefabInfo","root":{"__id__":1},"asset":{"__uuid__":"a4eUSGRjNJXoUZ30/Ayxm6"},"fileId":"9fEQM9aCRIsp/iUGIz27Pq"},"_contentSize":{"__type__":"cc.Size","width":885,"height":1513},"_trs":{"__type__":"TypedArray","ctor":"Float64Array","array":[0,2.694,0,0,0,0,1,1,1,1]}},{"__type__":"cc.Node","_name":"black_node","_parent":{"__id__":1},"_components":[{"__type__":"6c0e8KZwr5L34azTYX21stu","node":{"__id__":2}}],"_prefab":{"__type__":"cc.PrefabInfo","root":{"__id__":1},"asset":{"__uuid__":"a4eUSGRjNJXoUZ30/Ayxm6"},"fileId":"f2SO6dG11GragJP7biGsjv"},"_trs":{"__type__":"TypedArray","ctor":"Float64Array","array":[0,0,0,0,0,0,1,1,1,1]}},{"__type__":"cc.Node","_name":"gray_node","_parent":{"__id__":1},"_components":[{"__type__":"3400dF2d2tHLK8+En9baGXY","node":{"__id__":3},"grey_prefab":{"__uuid__":"13FEeEL1NMaK5TFGpFQpJr"}}],"_prefab":{"__type__":"cc.PrefabInfo","root":{"__id__":1},"asset":{"__uuid__":"a4eUSGRjNJXoUZ30/Ayxm6"},"fileId":"fbxByA/+xCE4a4WYQCBUGr"},"_trs":{"__type__":"TypedArray","ctor":"Float64Array","array":[0,0,0,0,0,0,1,1,1,1]}},{"__type__":"cc.Node","_name":"bulePos_node","_parent":{"__id__":1},"_children":[{"__type__":"cc.Node","_name":"New Node","_parent":{"__id__":4},"_prefab":{"__type__":"cc.PrefabInfo","root":{"__id__":1},"asset":{"__uuid__":"a4eUSGRjNJXoUZ30/Ayxm6"},"fileId":"931vDbfV5CUo5zmqs2tJHO"},"_trs":{"__type__":"TypedArray","ctor":"Float64Array","array":[-269.212,-573.497,0,0,0,0,1,1,1,1]}},{"__type__":"cc.Node","_name":"New Node","_parent":{"__id__":4},"_prefab":{"__type__":"cc.PrefabInfo","root":{"__id__":1},"asset":{"__uuid__":"a4eUSGRjNJXoUZ30/Ayxm6"},"fileId":"2fX2EiUwRCjpyNX3xw/Yoo"},"_trs":{"__type__":"TypedArray","ctor":"Float64Array","array":[235,-550,0,0,0,0,1,1,1,1]}}],"_prefab":{"__type__":"cc.PrefabInfo","root":{"__id__":1},"asset":{"__uuid__":"a4eUSGRjNJXoUZ30/Ayxm6"},"fileId":"fbBqFTrs5FUrODd6/eNS90"},"_trs":{"__type__":"TypedArray","ctor":"Float64Array","array":[0,0,0,0,0,0,1,1,1,1]}},{"__type__":"cc.Node","_name":"redPos_node","_parent":{"__id__":1},"_children":[{"__type__":"cc.Node","_name":"New Node","_parent":{"__id__":5},"_prefab":{"__type__":"cc.PrefabInfo","root":{"__id__":1},"asset":{"__uuid__":"a4eUSGRjNJXoUZ30/Ayxm6"},"fileId":"0djhGS+/ZCLLl57K5AMMIb"},"_trs":{"__type__":"TypedArray","ctor":"Float64Array","array":[-32.272,485.679,0,0,0,0,1,1,1,1]}}],"_prefab":{"__type__":"cc.PrefabInfo","root":{"__id__":1},"asset":{"__uuid__":"a4eUSGRjNJXoUZ30/Ayxm6"},"fileId":"65LTpGTptGF5MZjvBHSIRN"},"_trs":{"__type__":"TypedArray","ctor":"Float64Array","array":[0,0,0,0,0,0,1,1,1,1]}},{"__type__":"cc.Node","_name":"zhenNodeTwo","_parent":{"__id__":1},"_children":[{"__id__":7},{"__id__":8},{"__id__":9}],"_prefab":{"__type__":"cc.PrefabInfo","root":{"__id__":1},"asset":{"__uuid__":"a4eUSGRjNJXoUZ30/Ayxm6"},"fileId":"ae0TYReupOUbiCjd+jplke"},"_trs":{"__type__":"TypedArray","ctor":"Float64Array","array":[-191.054,237.041,0,0,0,0,1,1,1,1]}},{"__type__":"cc.Node","_name":"zhen","_parent":{"__id__":6},"_components":[{"__type__":"cc.Sprite","node":{"__id__":7},"_materials":[{"__uuid__":"ecpdLyjvZBwrvm+cedCcQy"}],"_spriteFrame":{"__uuid__":"14vJwyNH1OspMXFimJtxkW"},"_type":1,"_sizeMode":0},{"__type__":"cc.RigidBody","node":{"__id__":7},"_type":3,"_gravityScale":0,"_fixedRotation":true,"enabledContactListener":true,"bullet":true},{"__type__":"cc.PhysicsPolygonCollider","node":{"__id__":7},"_offset":{"__type__":"cc.Vec2","x":176,"y":5},"points":[{"__type__":"cc.Vec2","x":-346.7,"y":-79.8},{"__type__":"cc.Vec2","x":-208.7,"y":-78.5},{"__type__":"cc.Vec2","x":-207.7,"y":-38.1},{"__type__":"cc.Vec2","x":-33.9,"y":-37.1},{"__type__":"cc.Vec2","x":-34.2,"y":33.5},{"__type__":"cc.Vec2","x":-209.4,"y":33.8},{"__type__":"cc.Vec2","x":-207,"y":81.7},{"__type__":"cc.Vec2","x":-345.4,"y":83.3}]},{"__type__":"1cb3eoIRdhJWZayW7A68Y7j","node":{"__id__":7}}],"_prefab":{"__type__":"cc.PrefabInfo","root":{"__id__":1},"asset":{"__uuid__":"a4eUSGRjNJXoUZ30/Ayxm6"},"fileId":"13eSqrrHVNw4mG5NYrTuDz"},"_contentSize":{"__type__":"cc.Size","width":284.1,"height":111},"_trs":{"__type__":"TypedArray","ctor":"Float64Array","array":[0,0,0,0,0,0,1,1,1,1]}},{"__type__":"cc.Node","_name":"zhenup","_parent":{"__id__":6},"_components":[{"__type__":"cc.RigidBody","node":{"__id__":8},"_type":0,"_gravityScale":0,"bullet":true}],"_prefab":{"__type__":"cc.PrefabInfo","root":{"__id__":1},"asset":{"__uuid__":"a4eUSGRjNJXoUZ30/Ayxm6"},"fileId":"ea7cUMZ0RPeJpYS+QK/uMY"},"_trs":{"__type__":"TypedArray","ctor":"Float64Array","array":[0,467.011,0,0,0,0,1,1,1,1]}},{"__type__":"cc.Node","_name":"zhendown","_parent":{"__id__":6},"_components":[{"__type__":"cc.RigidBody","node":{"__id__":9},"_type":0,"_gravityScale":0,"bullet":true}],"_prefab":{"__type__":"cc.PrefabInfo","root":{"__id__":1},"asset":{"__uuid__":"a4eUSGRjNJXoUZ30/Ayxm6"},"fileId":"a09UQXiw9IH7r6lT6+RuPp"},"_trs":{"__type__":"TypedArray","ctor":"Float64Array","array":[0,-225.759,0,0,0,0,1,1,1,1]}},{"__type__":"cc.Node","_name":"zhenNodeTwo","_parent":{"__id__":1},"_children":[{"__id__":11},{"__id__":12},{"__id__":13}],"_prefab":{"__type__":"cc.PrefabInfo","root":{"__id__":1},"asset":{"__uuid__":"a4eUSGRjNJXoUZ30/Ayxm6"},"fileId":"26F3Su1cRO7bK2t5EmHtEe"},"_trs":{"__type__":"TypedArray","ctor":"Float64Array","array":[-33.477,-230.179,0,0,0,0.7071067811865475,0.7071067811865476,1,1,1]},"_eulerAngles":{"__type__":"cc.Vec3","z":90}},{"__type__":"cc.Node","_name":"zhen","_parent":{"__id__":10},"_components":[{"__type__":"cc.Sprite","node":{"__id__":11},"_materials":[{"__uuid__":"ecpdLyjvZBwrvm+cedCcQy"}],"_spriteFrame":{"__uuid__":"14vJwyNH1OspMXFimJtxkW"},"_type":1,"_sizeMode":0},{"__type__":"cc.RigidBody","node":{"__id__":11},"_type":3,"_gravityScale":0,"_fixedRotation":true,"enabledContactListener":true,"bullet":true},{"__type__":"cc.PhysicsPolygonCollider","node":{"__id__":11},"_offset":{"__type__":"cc.Vec2","x":176,"y":5},"points":[{"__type__":"cc.Vec2","x":-346.7,"y":-79.8},{"__type__":"cc.Vec2","x":-208.7,"y":-78.5},{"__type__":"cc.Vec2","x":-207.7,"y":-38.1},{"__type__":"cc.Vec2","x":-33.9,"y":-37.1},{"__type__":"cc.Vec2","x":-34.2,"y":33.5},{"__type__":"cc.Vec2","x":-209.4,"y":33.8},{"__type__":"cc.Vec2","x":-207,"y":81.7},{"__type__":"cc.Vec2","x":-345.4,"y":83.3}]},{"__type__":"1cb3eoIRdhJWZayW7A68Y7j","node":{"__id__":11}}],"_prefab":{"__type__":"cc.PrefabInfo","root":{"__id__":1},"asset":{"__uuid__":"a4eUSGRjNJXoUZ30/Ayxm6"},"fileId":"00+bGzSEZJVJZAotphFQf0"},"_contentSize":{"__type__":"cc.Size","width":284.1,"height":111},"_trs":{"__type__":"TypedArray","ctor":"Float64Array","array":[0,0,0,0,0,0,1,1,1,1]}},{"__type__":"cc.Node","_name":"zhenup","_parent":{"__id__":10},"_components":[{"__type__":"cc.RigidBody","node":{"__id__":12},"_type":0,"_gravityScale":0,"bullet":true}],"_prefab":{"__type__":"cc.PrefabInfo","root":{"__id__":1},"asset":{"__uuid__":"a4eUSGRjNJXoUZ30/Ayxm6"},"fileId":"8dWhGUjPhPw59Xw8PPk3up"},"_trs":{"__type__":"TypedArray","ctor":"Float64Array","array":[0,134.011,0,0,0,0,1,1,1,1]}},{"__type__":"cc.Node","_name":"zhendown","_parent":{"__id__":10},"_components":[{"__type__":"cc.RigidBody","node":{"__id__":13},"_type":0,"_gravityScale":0,"bullet":true}],"_prefab":{"__type__":"cc.PrefabInfo","root":{"__id__":1},"asset":{"__uuid__":"a4eUSGRjNJXoUZ30/Ayxm6"},"fileId":"04YsAD/91IoJKXzX0fQwA1"},"_trs":{"__type__":"TypedArray","ctor":"Float64Array","array":[0,-218.759,0,0,0,0,1,1,1,1]}}]]