[{"__type__":"cc.SpriteFrame","content":{"name":"guanqia69","texture":"7fLFGh74pHjYnUoVvOW+dE","rect":[0,1,961,1355],"offset":[-0.5,2],"originalSize":[962,1361],"capInsets":[0,0,0,0]}},[{"__type__":"cc.Prefab","_name":"UIDerived50","data":{"__id__":1}},{"__type__":"cc.Node","_name":"UIDerived58","_children":[{"__type__":"cc.Node","_name":"bule_node","_parent":{"__id__":1},"_prefab":{"__type__":"cc.PrefabInfo","root":{"__id__":1},"asset":{"__uuid__":"c1WRFBOj9DRKE8qSjslPPM"},"fileId":"96MxSBXUpJO5OT8BMCjeuO"},"_trs":{"__type__":"TypedArray","ctor":"Float64Array","array":[0,0,0,0,0,0,1,1,1,1]}},{"__type__":"cc.Node","_name":"greenwater_node","_parent":{"__id__":1},"_prefab":{"__type__":"cc.PrefabInfo","root":{"__id__":1},"asset":{"__uuid__":"c1WRFBOj9DRKE8qSjslPPM"},"fileId":"ed7DzIm75Ks6Giof8DQv2Y"},"_trs":{"__type__":"TypedArray","ctor":"Float64Array","array":[0,0,0,0,0,0,1,1,1,1]}},{"__type__":"cc.Node","_name":"redwater_node","_parent":{"__id__":1},"_prefab":{"__type__":"cc.PrefabInfo","root":{"__id__":1},"asset":{"__uuid__":"c1WRFBOj9DRKE8qSjslPPM"},"fileId":"bcxe6FTFhNZ5P2ZVGr5vRi"},"_trs":{"__type__":"TypedArray","ctor":"Float64Array","array":[0,0,0,0,0,0,1,1,1,1]}},{"__id__":2},{"__id__":3},{"__id__":4},{"__id__":5},{"__type__":"cc.Node","_name":"greenPos_node","_parent":{"__id__":1},"_prefab":{"__type__":"cc.PrefabInfo","root":{"__id__":1},"asset":{"__uuid__":"c1WRFBOj9DRKE8qSjslPPM"},"fileId":"83H4ttKHZPTYd2/4G8Zda8"},"_trs":{"__type__":"TypedArray","ctor":"Float64Array","array":[0,0,0,0,0,0,1,1,1,1]}},{"__type__":"cc.Node","_name":"player","_parent":{"__id__":1},"_prefab":{"__type__":"cc.PrefabInfo","root":{"__id__":1},"asset":{"__uuid__":"c1WRFBOj9DRKE8qSjslPPM"},"fileId":"2fSJoJSiZHpqUhfV58OQtW"},"_contentSize":{"__type__":"cc.Size","width":240,"height":140},"_trs":{"__type__":"TypedArray","ctor":"Float64Array","array":[-173.458,381.556,0,0,0,0,1,-0.7,0.7,1]}},{"__id__":6},{"__id__":14},{"__id__":9}],"_components":[{"__type__":"cc.Sprite","node":{"__id__":1},"_materials":[{"__uuid__":"ecpdLyjvZBwrvm+cedCcQy"}],"_spriteFrame":{"__uuid__":"8btk/KPR1J7atQ/AFdso5o"}},{"__type__":"cc.RigidBody","node":{"__id__":1},"_type":0},{"__type__":"cc.PhysicsPolygonCollider","node":{"__id__":1},"_offset":{"__type__":"cc.Vec2","x":-436,"y":639},"points":[{"__type__":"cc.Vec2","x":247.4,"y":-1129.5},{"__type__":"cc.Vec2","x":264.4,"y":-1114},{"__type__":"cc.Vec2","x":265.4,"y":-819},{"__type__":"cc.Vec2","x":243.5,"y":-799.8},{"__type__":"cc.Vec2","x":92.7,"y":-802.3},{"__type__":"cc.Vec2","x":79.3,"y":-789.6},{"__type__":"cc.Vec2","x":78.2,"y":-522.4},{"__type__":"cc.Vec2","x":89.3,"y":-506.8},{"__type__":"cc.Vec2","x":419.2,"y":-505.6},{"__type__":"cc.Vec2","x":434.9,"y":-519.1},{"__type__":"cc.Vec2","x":435.3,"y":-1114.3},{"__type__":"cc.Vec2","x":454.8,"y":-1129},{"__type__":"cc.Vec2","x":618,"y":-1130.4},{"__type__":"cc.Vec2","x":640.6,"y":-1113.6},{"__type__":"cc.Vec2","x":641.3,"y":-191.8},{"__type__":"cc.Vec2","x":620.2,"y":-172.4},{"__type__":"cc.Vec2","x":449.9,"y":-173.2},{"__type__":"cc.Vec2","x":435.1,"y":-199},{"__type__":"cc.Vec2","x":435.1,"y":-359.3},{"__type__":"cc.Vec2","x":83.6,"y":-359.6},{"__type__":"cc.Vec2","x":80.8,"y":-14.1},{"__type__":"cc.Vec2","x":104.2,"y":-3.9},{"__type__":"cc.Vec2","x":870.3,"y":-10},{"__type__":"cc.Vec2","x":874.9,"y":-1220},{"__type__":"cc.Vec2","x":856.7,"y":-1237.8},{"__type__":"cc.Vec2","x":275.2,"y":-1236.3},{"__type__":"cc.Vec2","x":-45.8,"y":-1275.3},{"__type__":"cc.Vec2","x":-47.6,"y":-1317},{"__type__":"cc.Vec2","x":641,"y":-1320},{"__type__":"cc.Vec2","x":916.8,"y":-1317.6},{"__type__":"cc.Vec2","x":919,"y":43},{"__type__":"cc.Vec2","x":-50,"y":50},{"__type__":"cc.Vec2","x":-45,"y":-1131}]},{"__type__":"1100eDGpRlLMYp5CrYQGpcQ","node":{"__id__":1}}],"_prefab":{"__type__":"cc.PrefabInfo","root":{"__id__":1},"asset":{"__uuid__":"c1WRFBOj9DRKE8qSjslPPM"},"fileId":"1bAWuynZpIgb7JV6il2CGF"},"_contentSize":{"__type__":"cc.Size","width":961,"height":1355},"_trs":{"__type__":"TypedArray","ctor":"Float64Array","array":[-85.896,0,0,0,0,0,1,1,1,1]}},{"__type__":"cc.Node","_name":"black_node","_parent":{"__id__":1},"_components":[{"__type__":"6c0e8KZwr5L34azTYX21stu","node":{"__id__":2}}],"_prefab":{"__type__":"cc.PrefabInfo","root":{"__id__":1},"asset":{"__uuid__":"c1WRFBOj9DRKE8qSjslPPM"},"fileId":"21DOEIiAZIaoSMEu9TU4lP"},"_trs":{"__type__":"TypedArray","ctor":"Float64Array","array":[0,0,0,0,0,0,1,1,1,1]}},{"__type__":"cc.Node","_name":"gray_node","_parent":{"__id__":1},"_components":[{"__type__":"3400dF2d2tHLK8+En9baGXY","node":{"__id__":3},"grey_prefab":{"__uuid__":"13FEeEL1NMaK5TFGpFQpJr"}}],"_prefab":{"__type__":"cc.PrefabInfo","root":{"__id__":1},"asset":{"__uuid__":"c1WRFBOj9DRKE8qSjslPPM"},"fileId":"62xsQUjSFHyoBPW3wHeJGx"},"_trs":{"__type__":"TypedArray","ctor":"Float64Array","array":[0,0,0,0,0,0,1,1,1,1]}},{"__type__":"cc.Node","_name":"bulePos_node","_parent":{"__id__":1},"_children":[{"__type__":"cc.Node","_name":"New Node","_parent":{"__id__":4},"_prefab":{"__type__":"cc.PrefabInfo","root":{"__id__":1},"asset":{"__uuid__":"c1WRFBOj9DRKE8qSjslPPM"},"fileId":"05srNLc5NNprF82hMu4srv"},"_trs":{"__type__":"TypedArray","ctor":"Float64Array","array":[-238.981,63.936,0,0,0,0,1,1,1,1]}}],"_prefab":{"__type__":"cc.PrefabInfo","root":{"__id__":1},"asset":{"__uuid__":"c1WRFBOj9DRKE8qSjslPPM"},"fileId":"e8rwK5vk1No49llq455Ffq"},"_trs":{"__type__":"TypedArray","ctor":"Float64Array","array":[0,0,0,0,0,0,1,1,1,1]}},{"__type__":"cc.Node","_name":"redPos_node","_parent":{"__id__":1},"_children":[{"__type__":"cc.Node","_name":"New Node","_parent":{"__id__":5},"_prefab":{"__type__":"cc.PrefabInfo","root":{"__id__":1},"asset":{"__uuid__":"c1WRFBOj9DRKE8qSjslPPM"},"fileId":"e2g7FFz9RDuLpUOMJK3U5S"},"_trs":{"__type__":"TypedArray","ctor":"Float64Array","array":[280.925,-480.953,0,0,0,0,1,1,1,1]}}],"_prefab":{"__type__":"cc.PrefabInfo","root":{"__id__":1},"asset":{"__uuid__":"c1WRFBOj9DRKE8qSjslPPM"},"fileId":"b9lqYr6VdKZpLiQS5AegJm"},"_trs":{"__type__":"TypedArray","ctor":"Float64Array","array":[0,0,0,0,0,0,1,1,1,1]}},{"__type__":"cc.Node","_name":"zhenNodeTwo","_parent":{"__id__":1},"_children":[{"__id__":7},{"__id__":12},{"__id__":13}],"_prefab":{"__type__":"cc.PrefabInfo","root":{"__id__":1},"asset":{"__uuid__":"c1WRFBOj9DRKE8qSjslPPM"},"fileId":"3c3LPc+8xCI7vqWls6na/I"},"_trs":{"__type__":"TypedArray","ctor":"Float64Array","array":[372.507,257.041,0,0,0,1,6.123233995736766e-17,1,1,1]},"_eulerAngles":{"__type__":"cc.Vec3","z":180}},{"__type__":"cc.Node","_name":"zhen","_parent":{"__id__":6},"_components":[{"__type__":"cc.Sprite","node":{"__id__":7},"_materials":[{"__uuid__":"ecpdLyjvZBwrvm+cedCcQy"}],"_spriteFrame":{"__uuid__":"14vJwyNH1OspMXFimJtxkW"},"_type":1,"_sizeMode":0},{"__type__":"cc.RigidBody","node":{"__id__":7},"_type":3,"_gravityScale":0,"_fixedRotation":true,"enabledContactListener":true,"bullet":true},{"__type__":"cc.PhysicsPolygonCollider","node":{"__id__":7},"_offset":{"__type__":"cc.Vec2","x":144.2,"y":2.8},"points":[{"__type__":"cc.Vec2","x":-346.7,"y":-79.8},{"__type__":"cc.Vec2","x":-210.4,"y":-76.8},{"__type__":"cc.Vec2","x":-207.7,"y":-38.1},{"__type__":"cc.Vec2","x":38.8,"y":-38.8},{"__type__":"cc.Vec2","x":37.6,"y":33.1},{"__type__":"cc.Vec2","x":-209.4,"y":33.8},{"__type__":"cc.Vec2","x":-210.5,"y":82.1},{"__type__":"cc.Vec2","x":-345.4,"y":83.3}]},{"__type__":"1cb3eoIRdhJWZayW7A68Y7j","node":{"__id__":7},"applyUpsensor":true,"allzhen":[{"__id__":8}]}],"_prefab":{"__type__":"cc.PrefabInfo","root":{"__id__":1},"asset":{"__uuid__":"c1WRFBOj9DRKE8qSjslPPM"},"fileId":"dd7QLil71IypgdVoCQX9Mv"},"_contentSize":{"__type__":"cc.Size","width":354,"height":111},"_trs":{"__type__":"TypedArray","ctor":"Float64Array","array":[0,0,0,0,0,0,1,1,1,1]}},{"__type__":"cc.Node","_name":"zhen","_parent":{"__id__":9},"_components":[{"__type__":"cc.Sprite","node":{"__id__":8},"_materials":[{"__uuid__":"ecpdLyjvZBwrvm+cedCcQy"}],"_spriteFrame":{"__uuid__":"14vJwyNH1OspMXFimJtxkW"},"_type":1,"_sizeMode":0},{"__type__":"cc.RigidBody","node":{"__id__":8},"_type":3,"_gravityScale":0,"_fixedRotation":true,"enabledContactListener":true,"bullet":true},{"__type__":"cc.PhysicsPolygonCollider","node":{"__id__":8},"_offset":{"__type__":"cc.Vec2","x":176,"y":5},"points":[{"__type__":"cc.Vec2","x":-346.7,"y":-79.8},{"__type__":"cc.Vec2","x":-208.7,"y":-78.5},{"__type__":"cc.Vec2","x":-207.7,"y":-38.1},{"__type__":"cc.Vec2","x":-33.9,"y":-37.1},{"__type__":"cc.Vec2","x":-34.2,"y":33.5},{"__type__":"cc.Vec2","x":-209.4,"y":33.8},{"__type__":"cc.Vec2","x":-207,"y":81.7},{"__type__":"cc.Vec2","x":-345.4,"y":83.3}]},{"__type__":"1cb3eoIRdhJWZayW7A68Y7j","node":{"__id__":8},"applyDownsensor":true,"allzhen":[{"__id__":7}]}],"_prefab":{"__type__":"cc.PrefabInfo","root":{"__id__":1},"asset":{"__uuid__":"c1WRFBOj9DRKE8qSjslPPM"},"fileId":"86NA695ZZHnpxQtbFPzWl0"},"_contentSize":{"__type__":"cc.Size","width":284.1,"height":111},"_trs":{"__type__":"TypedArray","ctor":"Float64Array","array":[0,0,0,0,0,0,1,1,1,1]}},{"__type__":"cc.Node","_name":"zhenNodeTwo","_parent":{"__id__":1},"_children":[{"__id__":8},{"__id__":10},{"__id__":11}],"_prefab":{"__type__":"cc.PrefabInfo","root":{"__id__":1},"asset":{"__uuid__":"c1WRFBOj9DRKE8qSjslPPM"},"fileId":"b4m/ab/SxJ1bRc0i1oNs97"},"_trs":{"__type__":"TypedArray","ctor":"Float64Array","array":[-252.54,-608.066,0,0,0,0.7071067811865475,0.7071067811865476,1,1,1]},"_eulerAngles":{"__type__":"cc.Vec3","z":90}},{"__type__":"cc.Node","_name":"zhenup","_parent":{"__id__":9},"_components":[{"__type__":"cc.RigidBody","node":{"__id__":10},"_type":0,"_gravityScale":0,"bullet":true}],"_prefab":{"__type__":"cc.PrefabInfo","root":{"__id__":1},"asset":{"__uuid__":"c1WRFBOj9DRKE8qSjslPPM"},"fileId":"e0QW+/k75DEYPYkgDL2w3T"},"_trs":{"__type__":"TypedArray","ctor":"Float64Array","array":[-54,143,0,0,0,0,1,1,1,1]}},{"__type__":"cc.Node","_name":"zhendown","_parent":{"__id__":9},"_components":[{"__type__":"cc.RigidBody","node":{"__id__":11},"_type":0,"_gravityScale":0,"bullet":true}],"_prefab":{"__type__":"cc.PrefabInfo","root":{"__id__":1},"asset":{"__uuid__":"c1WRFBOj9DRKE8qSjslPPM"},"fileId":"a8MvbVLlBHW4ZvmIg6nZpT"},"_trs":{"__type__":"TypedArray","ctor":"Float64Array","array":[-9,-686,0,0,0,0,1,1,1,1]}},{"__type__":"cc.Node","_name":"zhenup","_parent":{"__id__":6},"_components":[{"__type__":"cc.RigidBody","node":{"__id__":12},"_type":0,"_gravityScale":0,"bullet":true}],"_prefab":{"__type__":"cc.PrefabInfo","root":{"__id__":1},"asset":{"__uuid__":"c1WRFBOj9DRKE8qSjslPPM"},"fileId":"78yUvwYl5JZKpA7pZ02L5J"},"_trs":{"__type__":"TypedArray","ctor":"Float64Array","array":[0,852.355,0,0,0,0,1,1,1,1]}},{"__type__":"cc.Node","_name":"zhendown","_parent":{"__id__":6},"_components":[{"__type__":"cc.RigidBody","node":{"__id__":13},"_type":0,"_gravityScale":0,"bullet":true}],"_prefab":{"__type__":"cc.PrefabInfo","root":{"__id__":1},"asset":{"__uuid__":"c1WRFBOj9DRKE8qSjslPPM"},"fileId":"81snMpgfdOAp50OGkbiBip"},"_trs":{"__type__":"TypedArray","ctor":"Float64Array","array":[117,-206,0,0,0,0,1,1,1,1]}},{"__type__":"cc.Node","_name":"zhenNodeTwo","_parent":{"__id__":1},"_children":[{"__id__":15},{"__id__":16},{"__id__":17}],"_prefab":{"__type__":"cc.PrefabInfo","root":{"__id__":1},"asset":{"__uuid__":"c1WRFBOj9DRKE8qSjslPPM"},"fileId":"feiFWPzTFKBJ5vmJMlv4kZ"},"_trs":{"__type__":"TypedArray","ctor":"Float64Array","array":[-33.38,-209.245,0,0,0,1,6.123233995736766e-17,1,1,1]},"_eulerAngles":{"__type__":"cc.Vec3","z":180}},{"__type__":"cc.Node","_name":"zhen","_parent":{"__id__":14},"_components":[{"__type__":"cc.Sprite","node":{"__id__":15},"_materials":[{"__uuid__":"ecpdLyjvZBwrvm+cedCcQy"}],"_spriteFrame":{"__uuid__":"14vJwyNH1OspMXFimJtxkW"},"_type":1,"_sizeMode":0},{"__type__":"cc.RigidBody","node":{"__id__":15},"_type":3,"_gravityScale":0,"_fixedRotation":true,"enabledContactListener":true,"bullet":true},{"__type__":"cc.PhysicsPolygonCollider","node":{"__id__":15},"_offset":{"__type__":"cc.Vec2","x":144.2,"y":2.8},"points":[{"__type__":"cc.Vec2","x":-346.7,"y":-79.8},{"__type__":"cc.Vec2","x":-210.4,"y":-76.8},{"__type__":"cc.Vec2","x":-207.7,"y":-38.1},{"__type__":"cc.Vec2","x":38.8,"y":-38.8},{"__type__":"cc.Vec2","x":37.6,"y":33.1},{"__type__":"cc.Vec2","x":-209.4,"y":33.8},{"__type__":"cc.Vec2","x":-210.5,"y":82.1},{"__type__":"cc.Vec2","x":-345.4,"y":83.3}]},{"__type__":"1cb3eoIRdhJWZayW7A68Y7j","node":{"__id__":15},"applyDownsensor":true}],"_prefab":{"__type__":"cc.PrefabInfo","root":{"__id__":1},"asset":{"__uuid__":"c1WRFBOj9DRKE8qSjslPPM"},"fileId":"8djt3G0IRMV7Rhqsg+kuJd"},"_contentSize":{"__type__":"cc.Size","width":354,"height":111},"_trs":{"__type__":"TypedArray","ctor":"Float64Array","array":[0,0,0,0,0,0,1,1,1,1]}},{"__type__":"cc.Node","_name":"zhenup","_parent":{"__id__":14},"_components":[{"__type__":"cc.RigidBody","node":{"__id__":16},"_type":0,"_gravityScale":0,"bullet":true}],"_prefab":{"__type__":"cc.PrefabInfo","root":{"__id__":1},"asset":{"__uuid__":"c1WRFBOj9DRKE8qSjslPPM"},"fileId":"f6G09F8XtAoqd+afD73j7Z"},"_trs":{"__type__":"TypedArray","ctor":"Float64Array","array":[0,260.236,0,0,0,0,1,1,1,1]}},{"__type__":"cc.Node","_name":"zhendown","_parent":{"__id__":14},"_components":[{"__type__":"cc.RigidBody","node":{"__id__":17},"_type":0,"_gravityScale":0,"bullet":true}],"_prefab":{"__type__":"cc.PrefabInfo","root":{"__id__":1},"asset":{"__uuid__":"c1WRFBOj9DRKE8qSjslPPM"},"fileId":"33v5vCNI1JGqEpDyOw8B1n"},"_trs":{"__type__":"TypedArray","ctor":"Float64Array","array":[-33,-337.628,0,0,0,0,1,1,1,1]}}]]