[{"__type__":"cc.SpriteFrame","content":{"name":"guanqia108","texture":"947m8u5hlM3LsvG476ZZhV","rect":[0,1,951,1376],"offset":[0,-0.5],"originalSize":[951,1377],"capInsets":[0,0,0,0]}},[{"__type__":"cc.Prefab","_name":"UIDerived88","data":{"__id__":1}},{"__type__":"cc.Node","_name":"UIDerived88","_children":[{"__type__":"cc.Node","_name":"bule_node","_parent":{"__id__":1},"_prefab":{"__type__":"cc.PrefabInfo","root":{"__id__":1},"asset":{"__uuid__":"ebSo+a47FCN6Hp01gmnkqe"},"fileId":"69+zHdD3tLu4NCvCy+ZgAV"},"_trs":{"__type__":"TypedArray","ctor":"Float64Array","array":[0,0,0,0,0,0,1,1,1,1]}},{"__type__":"cc.Node","_name":"greenwater_node","_parent":{"__id__":1},"_prefab":{"__type__":"cc.PrefabInfo","root":{"__id__":1},"asset":{"__uuid__":"ebSo+a47FCN6Hp01gmnkqe"},"fileId":"cc96at/FBAh5/o0FSCqNBp"},"_trs":{"__type__":"TypedArray","ctor":"Float64Array","array":[0,0,0,0,0,0,1,1,1,1]}},{"__type__":"cc.Node","_name":"redwater_node","_parent":{"__id__":1},"_prefab":{"__type__":"cc.PrefabInfo","root":{"__id__":1},"asset":{"__uuid__":"ebSo+a47FCN6Hp01gmnkqe"},"fileId":"09DiL5poxIWK2M6Vb/9Ndb"},"_trs":{"__type__":"TypedArray","ctor":"Float64Array","array":[0,0,0,0,0,0,1,1,1,1]}},{"__id__":2},{"__id__":3},{"__id__":4},{"__id__":5},{"__type__":"cc.Node","_name":"greenPos_node","_parent":{"__id__":1},"_prefab":{"__type__":"cc.PrefabInfo","root":{"__id__":1},"asset":{"__uuid__":"ebSo+a47FCN6Hp01gmnkqe"},"fileId":"5cBrLxDA1Mf55DJ6UhPZyP"},"_trs":{"__type__":"TypedArray","ctor":"Float64Array","array":[0,0,0,0,0,0,1,1,1,1]}},{"__id__":6},{"__id__":14},{"__id__":9},{"__type__":"cc.Node","_name":"player","_parent":{"__id__":1},"_prefab":{"__type__":"cc.PrefabInfo","root":{"__id__":1},"asset":{"__uuid__":"ebSo+a47FCN6Hp01gmnkqe"},"fileId":"daqz40kdRO777zlcmPkBx9"},"_trs":{"__type__":"TypedArray","ctor":"Float64Array","array":[-209.412,365.472,0,0,0,0,1,-0.7,0.7,1]}}],"_components":[{"__type__":"cc.Sprite","node":{"__id__":1},"_materials":[{"__uuid__":"ecpdLyjvZBwrvm+cedCcQy"}],"_spriteFrame":{"__uuid__":"34krzpvClF/4xr1h4APQIs"}},{"__type__":"1100eDGpRlLMYp5CrYQGpcQ","node":{"__id__":1}},{"__type__":"cc.RigidBody","node":{"__id__":1},"_type":0},{"__type__":"cc.PhysicsPolygonCollider","node":{"__id__":1},"_offset":{"__type__":"cc.Vec2","x":-420,"y":-443},"points":[{"__type__":"cc.Vec2","x":-57,"y":-62},{"__type__":"cc.Vec2","x":237,"y":-61},{"__type__":"cc.Vec2","x":247,"y":-42},{"__type__":"cc.Vec2","x":245,"y":292},{"__type__":"cc.Vec2","x":61,"y":292},{"__type__":"cc.Vec2","x":57,"y":570},{"__type__":"cc.Vec2","x":401,"y":571},{"__type__":"cc.Vec2","x":402,"y":-72},{"__type__":"cc.Vec2","x":623.8,"y":-72.9},{"__type__":"cc.Vec2","x":638.7,"y":-54.6},{"__type__":"cc.Vec2","x":640,"y":934},{"__type__":"cc.Vec2","x":401,"y":932},{"__type__":"cc.Vec2","x":401,"y":743},{"__type__":"cc.Vec2","x":60,"y":741},{"__type__":"cc.Vec2","x":60,"y":1083},{"__type__":"cc.Vec2","x":847,"y":1082},{"__type__":"cc.Vec2","x":850,"y":-156},{"__type__":"cc.Vec2","x":231,"y":-161},{"__type__":"cc.Vec2","x":-56,"y":-200},{"__type__":"cc.Vec2","x":-1126,"y":-567},{"__type__":"cc.Vec2","x":-1125,"y":-67},{"__type__":"cc.Vec2","x":-66,"y":-55},{"__type__":"cc.Vec2","x":-1226,"y":43},{"__type__":"cc.Vec2","x":-1227,"y":-745},{"__type__":"cc.Vec2","x":-51,"y":-248},{"__type__":"cc.Vec2","x":893,"y":-245},{"__type__":"cc.Vec2","x":896,"y":1130},{"__type__":"cc.Vec2","x":-55,"y":1132}]}],"_prefab":{"__type__":"cc.PrefabInfo","root":{"__id__":1},"asset":{"__uuid__":"ebSo+a47FCN6Hp01gmnkqe"},"fileId":"921LoQKmpJR6EViETaslD2"},"_contentSize":{"__type__":"cc.Size","width":951,"height":1376},"_trs":{"__type__":"TypedArray","ctor":"Float64Array","array":[-100,0,0,0,0,0,1,1,1,1]}},{"__type__":"cc.Node","_name":"black_node","_parent":{"__id__":1},"_components":[{"__type__":"6c0e8KZwr5L34azTYX21stu","node":{"__id__":2}}],"_prefab":{"__type__":"cc.PrefabInfo","root":{"__id__":1},"asset":{"__uuid__":"ebSo+a47FCN6Hp01gmnkqe"},"fileId":"93545tpVlO7bhfDHdJ1eWR"},"_trs":{"__type__":"TypedArray","ctor":"Float64Array","array":[0,0,0,0,0,0,1,1,1,1]}},{"__type__":"cc.Node","_name":"gray_node","_parent":{"__id__":1},"_components":[{"__type__":"3400dF2d2tHLK8+En9baGXY","node":{"__id__":3},"grey_prefab":{"__uuid__":"13FEeEL1NMaK5TFGpFQpJr"}}],"_prefab":{"__type__":"cc.PrefabInfo","root":{"__id__":1},"asset":{"__uuid__":"ebSo+a47FCN6Hp01gmnkqe"},"fileId":"05GhBQ/dZJQ7tXohAv4Ueg"},"_trs":{"__type__":"TypedArray","ctor":"Float64Array","array":[0,0,0,0,0,0,1,1,1,1]}},{"__type__":"cc.Node","_name":"bulePos_node","_parent":{"__id__":1},"_children":[{"__type__":"cc.Node","_name":"New Node","_parent":{"__id__":4},"_prefab":{"__type__":"cc.PrefabInfo","root":{"__id__":1},"asset":{"__uuid__":"ebSo+a47FCN6Hp01gmnkqe"},"fileId":"80IZnb7LlHnqskrHTi9/HT"},"_trs":{"__type__":"TypedArray","ctor":"Float64Array","array":[-216.583,-36.869,0,0,0,0,1,1,1,1]}}],"_prefab":{"__type__":"cc.PrefabInfo","root":{"__id__":1},"asset":{"__uuid__":"ebSo+a47FCN6Hp01gmnkqe"},"fileId":"20I+ZPHc9J9r6exLwEedf0"},"_trs":{"__type__":"TypedArray","ctor":"Float64Array","array":[0,0,0,0,0,0,1,1,1,1]}},{"__type__":"cc.Node","_name":"redPos_node","_parent":{"__id__":1},"_children":[{"__type__":"cc.Node","_name":"New Node","_parent":{"__id__":5},"_prefab":{"__type__":"cc.PrefabInfo","root":{"__id__":1},"asset":{"__uuid__":"ebSo+a47FCN6Hp01gmnkqe"},"fileId":"81DSzfaMlBQZaUBBvrlVk4"},"_trs":{"__type__":"TypedArray","ctor":"Float64Array","array":[87.014,-562.325,0,0,0,0,1,1,1,1]}}],"_prefab":{"__type__":"cc.PrefabInfo","root":{"__id__":1},"asset":{"__uuid__":"ebSo+a47FCN6Hp01gmnkqe"},"fileId":"0bbU41QP9Jwb6ajtxgvDSP"},"_trs":{"__type__":"TypedArray","ctor":"Float64Array","array":[0,0,0,0,0,0,1,1,1,1]}},{"__type__":"cc.Node","_name":"zhenNodeTwo","_parent":{"__id__":1},"_children":[{"__id__":7},{"__id__":12},{"__id__":13}],"_prefab":{"__type__":"cc.PrefabInfo","root":{"__id__":1},"asset":{"__uuid__":"ebSo+a47FCN6Hp01gmnkqe"},"fileId":"552aegQ8BDKIibZ5AtdPsg"},"_trs":{"__type__":"TypedArray","ctor":"Float64Array","array":[-217.527,-622.942,0,0,0,0.7071067811865475,0.7071067811865476,1,1,1]},"_eulerAngles":{"__type__":"cc.Vec3","z":90}},{"__type__":"cc.Node","_name":"zhen","_parent":{"__id__":6},"_components":[{"__type__":"cc.Sprite","node":{"__id__":7},"_materials":[{"__uuid__":"ecpdLyjvZBwrvm+cedCcQy"}],"_spriteFrame":{"__uuid__":"14vJwyNH1OspMXFimJtxkW"},"_type":1,"_sizeMode":0},{"__type__":"cc.RigidBody","node":{"__id__":7},"_type":3,"_gravityScale":0,"_fixedRotation":true,"enabledContactListener":true,"bullet":true},{"__type__":"cc.PhysicsPolygonCollider","node":{"__id__":7},"_offset":{"__type__":"cc.Vec2","x":176,"y":5},"points":[{"__type__":"cc.Vec2","x":-218.9,"y":-23.4},{"__type__":"cc.Vec2","x":-33.9,"y":-22.3},{"__type__":"cc.Vec2","x":-33.9,"y":14.4},{"__type__":"cc.Vec2","x":-219.1,"y":16.7}]},{"__type__":"1cb3eoIRdhJWZayW7A68Y7j","node":{"__id__":7},"applyDownsensor":true,"allzhen":[{"__id__":8}]}],"_prefab":{"__type__":"cc.PrefabInfo","root":{"__id__":1},"asset":{"__uuid__":"ebSo+a47FCN6Hp01gmnkqe"},"fileId":"b9nIaYmFBOP4STjk6qeid8"},"_contentSize":{"__type__":"cc.Size","width":284.1,"height":111},"_trs":{"__type__":"TypedArray","ctor":"Float64Array","array":[0,0,0,0,0,0,1,1,1,1]}},{"__type__":"cc.Node","_name":"zhen","_parent":{"__id__":9},"_components":[{"__type__":"cc.Sprite","node":{"__id__":8},"_materials":[{"__uuid__":"ecpdLyjvZBwrvm+cedCcQy"}],"_spriteFrame":{"__uuid__":"14vJwyNH1OspMXFimJtxkW"},"_type":1,"_sizeMode":0},{"__type__":"cc.RigidBody","node":{"__id__":8},"_type":3,"_gravityScale":0,"_fixedRotation":true,"enabledContactListener":true,"bullet":true},{"__type__":"cc.PhysicsPolygonCollider","node":{"__id__":8},"_offset":{"__type__":"cc.Vec2","x":176,"y":5},"points":[{"__type__":"cc.Vec2","x":-261.5,"y":-20.7},{"__type__":"cc.Vec2","x":24.1,"y":-21.7},{"__type__":"cc.Vec2","x":23.8,"y":13.1},{"__type__":"cc.Vec2","x":-262.3,"y":14.3}]},{"__type__":"1cb3eoIRdhJWZayW7A68Y7j","node":{"__id__":8},"applyUpsensor":true,"applyDownsensor":true,"allzhen":[{"__id__":7}]}],"_prefab":{"__type__":"cc.PrefabInfo","root":{"__id__":1},"asset":{"__uuid__":"ebSo+a47FCN6Hp01gmnkqe"},"fileId":"33nNWuO1hKvJRodyUJaivh"},"_contentSize":{"__type__":"cc.Size","width":400,"height":111},"_trs":{"__type__":"TypedArray","ctor":"Float64Array","array":[0,0,0,0,0,0,1,1,1,1]}},{"__type__":"cc.Node","_name":"zhenNodeTwo","_parent":{"__id__":1},"_children":[{"__id__":8},{"__id__":10},{"__id__":11}],"_prefab":{"__type__":"cc.PrefabInfo","root":{"__id__":1},"asset":{"__uuid__":"ebSo+a47FCN6Hp01gmnkqe"},"fileId":"a8wK8GCfVDib4pYeIFSACT"},"_trs":{"__type__":"TypedArray","ctor":"Float64Array","array":[386.283,-190.636,0,0,0,1,6.123233995736766e-17,1,1,1]},"_eulerAngles":{"__type__":"cc.Vec3","z":180}},{"__type__":"cc.Node","_name":"zhenup","_parent":{"__id__":9},"_components":[{"__type__":"cc.RigidBody","node":{"__id__":10},"_type":0,"_gravityScale":0,"bullet":true}],"_prefab":{"__type__":"cc.PrefabInfo","root":{"__id__":1},"asset":{"__uuid__":"ebSo+a47FCN6Hp01gmnkqe"},"fileId":"f8Pmx0pI1IVq8SRJdb3KY3"},"_trs":{"__type__":"TypedArray","ctor":"Float64Array","array":[0,428.983,0,0,0,0,1,1,1,1]}},{"__type__":"cc.Node","_name":"zhendown","_parent":{"__id__":9},"_components":[{"__type__":"cc.RigidBody","node":{"__id__":11},"_type":0,"_gravityScale":0,"bullet":true}],"_prefab":{"__type__":"cc.PrefabInfo","root":{"__id__":1},"asset":{"__uuid__":"ebSo+a47FCN6Hp01gmnkqe"},"fileId":"90G92zK39M2Ku3SrBLZSpR"},"_trs":{"__type__":"TypedArray","ctor":"Float64Array","array":[0,-841.33,0,0,0,0,1,1,1,1]}},{"__type__":"cc.Node","_name":"zhenup","_parent":{"__id__":6},"_components":[{"__type__":"cc.RigidBody","node":{"__id__":12},"_type":0,"_gravityScale":0,"bullet":true}],"_prefab":{"__type__":"cc.PrefabInfo","root":{"__id__":1},"asset":{"__uuid__":"ebSo+a47FCN6Hp01gmnkqe"},"fileId":"03Xw4RLZdAbr8NJMsVA6BK"},"_trs":{"__type__":"TypedArray","ctor":"Float64Array","array":[0,0,0,0,0,0,1,1,1,1]}},{"__type__":"cc.Node","_name":"zhendown","_parent":{"__id__":6},"_components":[{"__type__":"cc.RigidBody","node":{"__id__":13},"_type":0,"_gravityScale":0,"bullet":true}],"_prefab":{"__type__":"cc.PrefabInfo","root":{"__id__":1},"asset":{"__uuid__":"ebSo+a47FCN6Hp01gmnkqe"},"fileId":"17DfUgJiBH5rmDEatLhf1p"},"_trs":{"__type__":"TypedArray","ctor":"Float64Array","array":[0,-665.347,0,0,0,0,1,1,1,1]}},{"__type__":"cc.Node","_name":"zhenNodeTwo","_parent":{"__id__":1},"_children":[{"__id__":15},{"__id__":16},{"__id__":17}],"_prefab":{"__type__":"cc.PrefabInfo","root":{"__id__":1},"asset":{"__uuid__":"ebSo+a47FCN6Hp01gmnkqe"},"fileId":"fbV+wcqHZAp65yM7EEizfz"},"_trs":{"__type__":"TypedArray","ctor":"Float64Array","array":[-55.61,-190.636,0,0,0,1,6.123233995736766e-17,1,1,1]},"_eulerAngles":{"__type__":"cc.Vec3","z":180}},{"__type__":"cc.Node","_name":"zhen","_parent":{"__id__":14},"_components":[{"__type__":"cc.Sprite","node":{"__id__":15},"_materials":[{"__uuid__":"ecpdLyjvZBwrvm+cedCcQy"}],"_spriteFrame":{"__uuid__":"14vJwyNH1OspMXFimJtxkW"},"_type":1,"_sizeMode":0},{"__type__":"cc.RigidBody","node":{"__id__":15},"_type":3,"_gravityScale":0,"_fixedRotation":true,"enabledContactListener":true,"bullet":true},{"__type__":"cc.PhysicsPolygonCollider","node":{"__id__":15},"_offset":{"__type__":"cc.Vec2","x":176,"y":5},"points":[{"__type__":"cc.Vec2","x":-249.4,"y":-21.6},{"__type__":"cc.Vec2","x":-26.2,"y":-22.6},{"__type__":"cc.Vec2","x":-26.5,"y":13.5},{"__type__":"cc.Vec2","x":-249.7,"y":13.4}]},{"__type__":"1cb3eoIRdhJWZayW7A68Y7j","node":{"__id__":15},"applyDownsensor":true}],"_prefab":{"__type__":"cc.PrefabInfo","root":{"__id__":1},"asset":{"__uuid__":"ebSo+a47FCN6Hp01gmnkqe"},"fileId":"a3C7f+mRNB86fhzzTZjo9f"},"_contentSize":{"__type__":"cc.Size","width":300,"height":111},"_trs":{"__type__":"TypedArray","ctor":"Float64Array","array":[0,0,0,0,0,0,1,1,1,1]}},{"__type__":"cc.Node","_name":"zhenup","_parent":{"__id__":14},"_components":[{"__type__":"cc.RigidBody","node":{"__id__":16},"_type":0,"_gravityScale":0,"bullet":true}],"_prefab":{"__type__":"cc.PrefabInfo","root":{"__id__":1},"asset":{"__uuid__":"ebSo+a47FCN6Hp01gmnkqe"},"fileId":"0ebPQjRL9BZaxCxUR0K8kF"},"_trs":{"__type__":"TypedArray","ctor":"Float64Array","array":[0,293.294,0,0,0,0,1,1,1,1]}},{"__type__":"cc.Node","_name":"zhendown","_parent":{"__id__":14},"_components":[{"__type__":"cc.RigidBody","node":{"__id__":17},"_type":0,"_gravityScale":0,"bullet":true}],"_prefab":{"__type__":"cc.PrefabInfo","root":{"__id__":1},"asset":{"__uuid__":"ebSo+a47FCN6Hp01gmnkqe"},"fileId":"c5gFsDnAhEJrJr6Sgt8Gou"},"_trs":{"__type__":"TypedArray","ctor":"Float64Array","array":[0,-333.389,0,0,0,0,1,1,1,1]}}]]