[{"__type__":"cc.SpriteFrame","content":{"name":"2","texture":"5a+QR0RcpBX45CfDBcEL2a","rect":[0,0,410,415],"offset":[0,0],"originalSize":[410,415],"capInsets":[0,0,0,0]}},{"__type__":"cc.SpriteFrame","content":{"name":"fan","texture":"f3ag1WVcxCG4xiRR0uc9ml","rect":[0,0,310,310],"offset":[0,0],"originalSize":[310,310],"capInsets":[0,0,0,0]}},{"__type__":"cc.SpriteFrame","content":{"name":"9","texture":"berx6t19FBwKMIM6ieDbiA","rect":[0,0,1080,1920],"offset":[0,0],"originalSize":[1080,1920],"capInsets":[0,0,0,0]}},{"__type__":"cc.SpriteFrame","content":{"name":"zhezhao","texture":"0b3z5/RK9M8bM6vihpHs0S","rect":[0,0,151,218],"offset":[0,0],"originalSize":[151,218],"capInsets":[0,0,0,0]}},{"__type__":"cc.SpriteFrame","content":{"name":"4","texture":"9ehpRCImJEgqPIZ9x7SvQb","rect":[0,0,407,407],"offset":[0,0],"originalSize":[407,407],"capInsets":[0,0,0,0]}},{"__type__":"cc.SpriteFrame","content":{"name":"2","texture":"0akHyY6i1IKK2hEB15r+QK","rect":[0,0,470,527],"offset":[0,0],"originalSize":[470,527],"capInsets":[0,0,0,0]}},[{"__type__":"cc.Prefab","_name":"level_8","data":{"__id__":1}},{"__type__":"cc.Node","_name":"level_8","_children":[{"__id__":2},{"__id__":3},{"__id__":4},{"__id__":5},{"__id__":10},{"__id__":11},{"__id__":32},{"__id__":41},{"__id__":42}],"_components":[{"__type__":"7e035U3CrVKebfYfoxumwXl","node":{"__id__":1},"keynode":[{"__id__":16},{"__id__":21},{"__id__":26},{"__id__":31}],"duqvNode":[{"__id__":33},{"__id__":35},{"__id__":37},{"__id__":39}],"playerNode":{"__id__":10},"dushuiNdoe":{"__id__":8},"closeNode":{"__id__":41}}],"_prefab":{"__type__":"cc.PrefabInfo","root":{"__id__":1},"asset":{"__uuid__":"f1as8cm7tDza74qUhfnAGv"},"fileId":"47qicDW2hO2beBvOOmyQxE"},"_trs":{"__type__":"TypedArray","ctor":"Float64Array","array":[0,0,0,0,0,0,1,1,1,1]}},{"__type__":"cc.Node","_name":"bg","_parent":{"__id__":1},"_components":[{"__type__":"cc.Sprite","node":{"__id__":2},"_materials":[{"__uuid__":"ecpdLyjvZBwrvm+cedCcQy"}],"_spriteFrame":{"__uuid__":"6b/MNMtC9KRp8ST8DbCPOD"}}],"_prefab":{"__type__":"cc.PrefabInfo","root":{"__id__":1},"asset":{"__uuid__":"f1as8cm7tDza74qUhfnAGv"},"fileId":"10qIAg5R9NApsGr/zJDkDp"},"_contentSize":{"__type__":"cc.Size","width":1080,"height":1920},"_trs":{"__type__":"TypedArray","ctor":"Float64Array","array":[0,0,0,0,0,0,1,1,1,1]}},{"__type__":"cc.Node","_name":"gangti","_parent":{"__id__":1},"_components":[{"__type__":"cc.RigidBody","node":{"__id__":3},"_type":0},{"__type__":"cc.PhysicsPolygonCollider","node":{"__id__":3},"points":[{"__type__":"cc.Vec2","x":142.6,"y":340.4},{"__type__":"cc.Vec2","x":152.1,"y":247},{"__type__":"cc.Vec2","x":162,"y":260},{"__type__":"cc.Vec2","x":152,"y":297.9},{"__type__":"cc.Vec2","x":149.8,"y":338.4},{"__type__":"cc.Vec2","x":159.4,"y":376.3},{"__type__":"cc.Vec2","x":178.8,"y":417.1},{"__type__":"cc.Vec2","x":204.6,"y":447.1},{"__type__":"cc.Vec2","x":220.4,"y":459.7},{"__type__":"cc.Vec2","x":247.9,"y":476.2},{"__type__":"cc.Vec2","x":279.3,"y":486.9},{"__type__":"cc.Vec2","x":309,"y":492.1},{"__type__":"cc.Vec2","x":352,"y":488.6},{"__type__":"cc.Vec2","x":382.3,"y":479.1},{"__type__":"cc.Vec2","x":415,"y":461.7},{"__type__":"cc.Vec2","x":441,"y":438.7},{"__type__":"cc.Vec2","x":465.4,"y":404.8},{"__type__":"cc.Vec2","x":480.5,"y":365.7},{"__type__":"cc.Vec2","x":486.5,"y":333.4},{"__type__":"cc.Vec2","x":485.3,"y":292.6},{"__type__":"cc.Vec2","x":469.5,"y":247.1},{"__type__":"cc.Vec2","x":442,"y":207.6},{"__type__":"cc.Vec2","x":407.7,"y":179.8},{"__type__":"cc.Vec2","x":368.9,"y":162.1},{"__type__":"cc.Vec2","x":330.1,"y":154.6},{"__type__":"cc.Vec2","x":293,"y":157.4},{"__type__":"cc.Vec2","x":285.1,"y":144.9},{"__type__":"cc.Vec2","x":331.3,"y":140.9},{"__type__":"cc.Vec2","x":375.7,"y":151},{"__type__":"cc.Vec2","x":451.6,"y":188.9},{"__type__":"cc.Vec2","x":498.1,"y":258.6},{"__type__":"cc.Vec2","x":503.5,"y":365.9},{"__type__":"cc.Vec2","x":440.1,"y":472.6},{"__type__":"cc.Vec2","x":290.8,"y":515.6},{"__type__":"cc.Vec2","x":186.4,"y":459.1},{"__type__":"cc.Vec2","x":147,"y":390.1}]}],"_prefab":{"__type__":"cc.PrefabInfo","root":{"__id__":1},"asset":{"__uuid__":"f1as8cm7tDza74qUhfnAGv"},"fileId":"3a6wPT1A1FcJCumGj7x4Sy"},"_trs":{"__type__":"TypedArray","ctor":"Float64Array","array":[0,0,0,0,0,0,1,1,1,1]},"_groupIndex":15,"groupIndex":15},{"__type__":"cc.Node","_name":"gangti copy","_parent":{"__id__":1},"_components":[{"__type__":"cc.RigidBody","node":{"__id__":4},"_type":0},{"__type__":"cc.PhysicsPolygonCollider","node":{"__id__":4},"points":[{"__type__":"cc.Vec2","x":-394,"y":-659},{"__type__":"cc.Vec2","x":305,"y":-584},{"__type__":"cc.Vec2","x":479,"y":-546},{"__type__":"cc.Vec2","x":394,"y":-394},{"__type__":"cc.Vec2","x":324,"y":-484},{"__type__":"cc.Vec2","x":-343,"y":-482},{"__type__":"cc.Vec2","x":-392,"y":-412},{"__type__":"cc.Vec2","x":-446,"y":-525}]}],"_prefab":{"__type__":"cc.PrefabInfo","root":{"__id__":1},"asset":{"__uuid__":"f1as8cm7tDza74qUhfnAGv"},"fileId":"f74wzAKKpP9IyfgflkQV3A"},"_trs":{"__type__":"TypedArray","ctor":"Float64Array","array":[0,0,0,0,0,0,1,1,1,1]},"_groupIndex":15,"groupIndex":15},{"__type__":"cc.Node","_name":"yepian","_parent":{"__id__":1},"_children":[{"__id__":6},{"__id__":8}],"_components":[{"__type__":"cc.Sprite","node":{"__id__":5},"_materials":[{"__uuid__":"ecpdLyjvZBwrvm+cedCcQy"}]},{"__type__":"80433RNUZVNgIrNaUSU+PnU","node":{"__id__":5},"bodyNode":{"__id__":6},"maskNdoe":{"__id__":8},"anmitionNode":{"__id__":9}}],"_prefab":{"__type__":"cc.PrefabInfo","root":{"__id__":1},"asset":{"__uuid__":"f1as8cm7tDza74qUhfnAGv"},"fileId":"c8ofVs4IhG+Zd4ETPfGJx2"},"_contentSize":{"__type__":"cc.Size","width":310,"height":310},"_trs":{"__type__":"TypedArray","ctor":"Float64Array","array":[319.048,324.455,0,0,0,0,1,1,1,1]},"_groupIndex":17,"groupIndex":17},{"__type__":"cc.Node","_name":"yepian copy","_parent":{"__id__":5},"_children":[{"__id__":7}],"_components":[{"__type__":"cc.Sprite","node":{"__id__":6},"_materials":[{"__uuid__":"ecpdLyjvZBwrvm+cedCcQy"}],"_spriteFrame":{"__uuid__":"67+8EknjtAg7AfAAIzBWwD"}},{"__type__":"cc.RigidBody","node":{"__id__":6},"_type":0},{"__type__":"cc.PhysicsPolygonCollider","node":{"__id__":6},"points":[{"__type__":"cc.Vec2","x":-65.8,"y":-49.5},{"__type__":"cc.Vec2","x":-12.4,"y":-18.4},{"__type__":"cc.Vec2","x":-4.4,"y":-22.4},{"__type__":"cc.Vec2","x":-2.9,"y":-50},{"__type__":"cc.Vec2","x":10.7,"y":-86.3},{"__type__":"cc.Vec2","x":43.7,"y":-134.4},{"__type__":"cc.Vec2","x":60.9,"y":-154.4},{"__type__":"cc.Vec2","x":70.6,"y":-143.1},{"__type__":"cc.Vec2","x":69.6,"y":-117.2},{"__type__":"cc.Vec2","x":58,"y":-83.6},{"__type__":"cc.Vec2","x":48.5,"y":-65.6},{"__type__":"cc.Vec2","x":18.5,"y":-12.3},{"__type__":"cc.Vec2","x":21.5,"y":-5.3},{"__type__":"cc.Vec2","x":38.4,"y":-4.9},{"__type__":"cc.Vec2","x":62.7,"y":0.7},{"__type__":"cc.Vec2","x":106.5,"y":24.1},{"__type__":"cc.Vec2","x":129.9,"y":41.1},{"__type__":"cc.Vec2","x":154.1,"y":61.2},{"__type__":"cc.Vec2","x":147.9,"y":68.5},{"__type__":"cc.Vec2","x":129.5,"y":71.4},{"__type__":"cc.Vec2","x":76.3,"y":54.6},{"__type__":"cc.Vec2","x":12.8,"y":18.2},{"__type__":"cc.Vec2","x":4.5,"y":22.7},{"__type__":"cc.Vec2","x":3.9,"y":48.1},{"__type__":"cc.Vec2","x":-8.5,"y":79},{"__type__":"cc.Vec2","x":-23.8,"y":105.9},{"__type__":"cc.Vec2","x":-48.6,"y":138},{"__type__":"cc.Vec2","x":-61.9,"y":155.2},{"__type__":"cc.Vec2","x":-67.8,"y":153.8},{"__type__":"cc.Vec2","x":-71.8,"y":131.8},{"__type__":"cc.Vec2","x":-51.3,"y":70.4},{"__type__":"cc.Vec2","x":-18.3,"y":12.4},{"__type__":"cc.Vec2","x":-22.6,"y":4},{"__type__":"cc.Vec2","x":-41.2,"y":3.9},{"__type__":"cc.Vec2","x":-73.9,"y":-6.4},{"__type__":"cc.Vec2","x":-108.1,"y":-26.3},{"__type__":"cc.Vec2","x":-144.7,"y":-53.9},{"__type__":"cc.Vec2","x":-153,"y":-63},{"__type__":"cc.Vec2","x":-139.1,"y":-71.1},{"__type__":"cc.Vec2","x":-111.8,"y":-69.9}]}],"_prefab":{"__type__":"cc.PrefabInfo","root":{"__id__":1},"asset":{"__uuid__":"f1as8cm7tDza74qUhfnAGv"},"fileId":"c59tXGT0lCcIuxF5I45dTc"},"_contentSize":{"__type__":"cc.Size","width":310,"height":310},"_trs":{"__type__":"TypedArray","ctor":"Float64Array","array":[0,0,0,0,0,0,1,1,1,1]},"_groupIndex":15,"groupIndex":15},{"__type__":"cc.Node","_name":"jt","_parent":{"__id__":6},"_components":[{"__type__":"sp.Skeleton","node":{"__id__":7},"_materials":[{"__uuid__":"7a/QZLET9IDreTiBfRn2PD"}],"defaultAnimation":"animation","_preCacheMode":0,"premultipliedAlpha":false,"_animationName":"animation","_N$skeletonData":{"__uuid__":"19+H+W/p9BsLNUbqevx73X"}},{"__type__":"cc.RigidBody","node":{"__id__":7},"_allowSleep":false,"_gravityScale":2},{"__type__":"cc.PhysicsBoxCollider","node":{"__id__":7},"_offset":{"__type__":"cc.Vec2","x":-11,"y":7.9},"_size":{"__type__":"cc.Size","width":96,"height":61.2}},{"__type__":"cc.BoxCollider","node":{"__id__":7},"_offset":{"__type__":"cc.Vec2","x":-10.2,"y":6.9},"_size":{"__type__":"cc.Size","width":97.6,"height":63.2}},{"__type__":"8129dBaWYFCnbCuQ9KTwNkc","node":{"__id__":7}}],"_prefab":{"__type__":"cc.PrefabInfo","root":{"__id__":1},"asset":{"__uuid__":"f1as8cm7tDza74qUhfnAGv"},"fileId":"d9L3yup0lO2aIlsfPXpwHf"},"_contentSize":{"__type__":"cc.Size","width":118,"height":77},"_trs":{"__type__":"TypedArray","ctor":"Float64Array","array":[55.547,87.322,0,0,0,0,1,1,1,1]},"_groupIndex":18,"groupIndex":18},{"__type__":"cc.Node","_name":"zhezhao","_parent":{"__id__":5},"_children":[{"__id__":9}],"_components":[{"__type__":"cc.Mask","node":{"__id__":8},"_materials":[{"__uuid__":"ecpdLyjvZBwrvm+cedCcQy"}],"_spriteFrame":{"__uuid__":"9ajcbv1hJBPL00WhSDE/AA"},"_type":2}],"_prefab":{"__type__":"cc.PrefabInfo","root":{"__id__":1},"asset":{"__uuid__":"f1as8cm7tDza74qUhfnAGv"},"fileId":"d4yyqf6FtFL6MWkFl6bkhL"},"_contentSize":{"__type__":"cc.Size","width":151,"height":218},"_anchorPoint":{"__type__":"cc.Vec2","x":1.1054238410596027,"y":0.2903256880733945},"_trs":{"__type__":"TypedArray","ctor":"Float64Array","array":[-0.4,-1.5,0,0,0,0,1,1,1,1]}},{"__type__":"cc.Node","_name":"dsdh","_parent":{"__id__":8},"_components":[{"__type__":"sp.Skeleton","node":{"__id__":9},"_materials":[{"__uuid__":"7a/QZLET9IDreTiBfRn2PD"}],"defaultAnimation":"m","_preCacheMode":0,"premultipliedAlpha":false,"_animationName":"m","_N$skeletonData":{"__uuid__":"36kv17fgBCoaksls3Yv/7r"}},{"__type__":"cc.RigidBody","node":{"__id__":9},"_type":0},{"__type__":"cc.PhysicsBoxCollider","node":{"__id__":9},"_size":{"__type__":"cc.Size","width":3240,"height":2803.73}}],"_prefab":{"__type__":"cc.PrefabInfo","root":{"__id__":1},"asset":{"__uuid__":"f1as8cm7tDza74qUhfnAGv"},"fileId":"1b5UXR845PRYH2sURUTXYQ"},"_contentSize":{"__type__":"cc.Size","width":3240,"height":2803.73},"_trs":{"__type__":"TypedArray","ctor":"Float64Array","array":[91.816,130.256,0,0,0,0,1,1,1,1]}},{"__type__":"cc.Node","_name":"pifu","_parent":{"__id__":1},"_components":[{"__type__":"sp.Skeleton","node":{"__id__":10},"_materials":[{"__uuid__":"7a/QZLET9IDreTiBfRn2PD"}],"defaultAnimation":"jy1","_preCacheMode":0,"premultipliedAlpha":false,"_animationName":"jy1","_N$skeletonData":{"__uuid__":"7eXUSETlJAmq9Nf/NmhP+m"}},{"__type__":"cc.BoxCollider","node":{"__id__":10},"_offset":{"__type__":"cc.Vec2","x":6.4,"y":-0.8},"_size":{"__type__":"cc.Size","width":124,"height":82.2}},{"__type__":"01f289XMctJip07hmhMcMgM","node":{"__id__":10}}],"_prefab":{"__type__":"cc.PrefabInfo","root":{"__id__":1},"asset":{"__uuid__":"f1as8cm7tDza74qUhfnAGv"},"fileId":"4fmU9Tyw5J4YOrUqWMKwqQ"},"_contentSize":{"__type__":"cc.Size","width":298.26,"height":205.43},"_trs":{"__type__":"TypedArray","ctor":"Float64Array","array":[-227,-325,0,0,0,0,1,1,1,1]},"_groupIndex":19,"groupIndex":19},{"__type__":"cc.Node","_name":"key","_parent":{"__id__":1},"_children":[{"__id__":12},{"__id__":17},{"__id__":22},{"__id__":27}],"_prefab":{"__type__":"cc.PrefabInfo","root":{"__id__":1},"asset":{"__uuid__":"f1as8cm7tDza74qUhfnAGv"},"fileId":"cb3ucYCtBDppJdtfMiuvot"},"_trs":{"__type__":"TypedArray","ctor":"Float64Array","array":[0,0,0,0,0,0,1,1,1,1]}},{"__type__":"cc.Node","_name":"key","_parent":{"__id__":11},"_children":[{"__id__":13},{"__id__":14},{"__id__":15}],"_prefab":{"__type__":"cc.PrefabInfo","root":{"__id__":1},"asset":{"__uuid__":"f1as8cm7tDza74qUhfnAGv"},"fileId":"c6t/kgqhNPUYePXyyhw1zL"},"_trs":{"__type__":"TypedArray","ctor":"Float64Array","array":[-284.109,-60.393,0,0,0,-0.7071067811865475,0.7071067811865476,1,1,1]},"_eulerAngles":{"__type__":"cc.Vec3","z":-90}},{"__type__":"cc.Node","_name":"lock","_parent":{"__id__":12},"_components":[{"__type__":"cc.Sprite","node":{"__id__":13},"_materials":[{"__uuid__":"ecpdLyjvZBwrvm+cedCcQy"}],"_spriteFrame":{"__uuid__":"ebm9zOQlFI4IGgCc9Owdfe"}},{"__type__":"15b42uAdtxGLJO3hSFb7eHo","node":{"__id__":13}}],"_prefab":{"__type__":"cc.PrefabInfo","root":{"__id__":1},"asset":{"__uuid__":"f1as8cm7tDza74qUhfnAGv"},"fileId":"7b5eq3my9L248czZpyr65r"},"_contentSize":{"__type__":"cc.Size","width":56,"height":55},"_trs":{"__type__":"TypedArray","ctor":"Float64Array","array":[-1.086,-119.382,0,0,0,0,1,1,1,1]}},{"__type__":"cc.Node","_name":"lock","_parent":{"__id__":12},"_components":[{"__type__":"cc.Sprite","node":{"__id__":14},"_materials":[{"__uuid__":"ecpdLyjvZBwrvm+cedCcQy"}],"_spriteFrame":{"__uuid__":"ebm9zOQlFI4IGgCc9Owdfe"}},{"__type__":"15b42uAdtxGLJO3hSFb7eHo","node":{"__id__":14}}],"_prefab":{"__type__":"cc.PrefabInfo","root":{"__id__":1},"asset":{"__uuid__":"f1as8cm7tDza74qUhfnAGv"},"fileId":"c5kNpJU3tCvqhBffPGSU1F"},"_contentSize":{"__type__":"cc.Size","width":56,"height":55},"_trs":{"__type__":"TypedArray","ctor":"Float64Array","array":[-1.086,215.554,0,0,0,0,1,1,1,1]}},{"__type__":"cc.Node","_name":"key","_parent":{"__id__":12},"_children":[{"__id__":16}],"_prefab":{"__type__":"cc.PrefabInfo","root":{"__id__":1},"asset":{"__uuid__":"f1as8cm7tDza74qUhfnAGv"},"fileId":"12h/k4cTFNlIWmSTTObVa9"},"_contentSize":{"__type__":"cc.Size","width":100,"height":200},"_trs":{"__type__":"TypedArray","ctor":"Float64Array","array":[0,0,0,0,0,0,1,1,1,1]},"_groupIndex":15,"groupIndex":15},{"__type__":"cc.Node","_name":"icon","_parent":{"__id__":15},"_components":[{"__type__":"fcf5apGFRJIEZkZJ9CwiT4c","node":{"__id__":16}},{"__type__":"cc.Sprite","node":{"__id__":16},"_materials":[{"__uuid__":"ecpdLyjvZBwrvm+cedCcQy"}],"_spriteFrame":{"__uuid__":"6dXBYrBNtEiKJQUnopu+Lk"},"_type":1},{"__type__":"cc.RigidBody","node":{"__id__":16},"_type":0,"_allowSleep":false,"enabledContactListener":true},{"__type__":"cc.BoxCollider","node":{"__id__":16},"_offset":{"__type__":"cc.Vec2","y":1},"_size":{"__type__":"cc.Size","width":15,"height":299}},{"__type__":"cc.PhysicsBoxCollider","node":{"__id__":16},"_offset":{"__type__":"cc.Vec2","x":0.9,"y":48},"_size":{"__type__":"cc.Size","width":17,"height":398.8}}],"_prefab":{"__type__":"cc.PrefabInfo","root":{"__id__":1},"asset":{"__uuid__":"f1as8cm7tDza74qUhfnAGv"},"fileId":"b7aZ9Js7ZDhqsxzHDsFlb6"},"_contentSize":{"__type__":"cc.Size","width":76,"height":504},"_trs":{"__type__":"TypedArray","ctor":"Float64Array","array":[0,0,0,0,0,0,1,1,1,1]},"_groupIndex":15,"groupIndex":15},{"__type__":"cc.Node","_name":"key copy","_parent":{"__id__":11},"_children":[{"__id__":18},{"__id__":19},{"__id__":20}],"_prefab":{"__type__":"cc.PrefabInfo","root":{"__id__":1},"asset":{"__uuid__":"f1as8cm7tDza74qUhfnAGv"},"fileId":"5dq2Paqg1Dxouw+fzK7QVQ"},"_trs":{"__type__":"TypedArray","ctor":"Float64Array","array":[272.488,-60.393,0,0,0,0.7071067811865475,0.7071067811865476,1,1,1]},"_eulerAngles":{"__type__":"cc.Vec3","z":90}},{"__type__":"cc.Node","_name":"lock","_parent":{"__id__":17},"_components":[{"__type__":"cc.Sprite","node":{"__id__":18},"_materials":[{"__uuid__":"ecpdLyjvZBwrvm+cedCcQy"}],"_spriteFrame":{"__uuid__":"ebm9zOQlFI4IGgCc9Owdfe"}},{"__type__":"15b42uAdtxGLJO3hSFb7eHo","node":{"__id__":18}}],"_prefab":{"__type__":"cc.PrefabInfo","root":{"__id__":1},"asset":{"__uuid__":"f1as8cm7tDza74qUhfnAGv"},"fileId":"baqCx7xNxGg5du1g4Lilp+"},"_contentSize":{"__type__":"cc.Size","width":56,"height":55},"_trs":{"__type__":"TypedArray","ctor":"Float64Array","array":[-1.086,-119.382,0,0,0,0,1,1,1,1]}},{"__type__":"cc.Node","_name":"lock","_parent":{"__id__":17},"_components":[{"__type__":"cc.Sprite","node":{"__id__":19},"_materials":[{"__uuid__":"ecpdLyjvZBwrvm+cedCcQy"}],"_spriteFrame":{"__uuid__":"ebm9zOQlFI4IGgCc9Owdfe"}},{"__type__":"15b42uAdtxGLJO3hSFb7eHo","node":{"__id__":19}}],"_prefab":{"__type__":"cc.PrefabInfo","root":{"__id__":1},"asset":{"__uuid__":"f1as8cm7tDza74qUhfnAGv"},"fileId":"ecNCWw/VRPQaSAUcV5zZWh"},"_contentSize":{"__type__":"cc.Size","width":56,"height":55},"_trs":{"__type__":"TypedArray","ctor":"Float64Array","array":[-1.086,215.554,0,0,0,0,1,1,1,1]}},{"__type__":"cc.Node","_name":"key","_parent":{"__id__":17},"_children":[{"__id__":21}],"_prefab":{"__type__":"cc.PrefabInfo","root":{"__id__":1},"asset":{"__uuid__":"f1as8cm7tDza74qUhfnAGv"},"fileId":"23CwVJ01BJv6sOQKXwglpO"},"_contentSize":{"__type__":"cc.Size","width":100,"height":200},"_trs":{"__type__":"TypedArray","ctor":"Float64Array","array":[0,0,0,0,0,0,1,1,1,1]},"_groupIndex":15,"groupIndex":15},{"__type__":"cc.Node","_name":"icon","_parent":{"__id__":20},"_components":[{"__type__":"fcf5apGFRJIEZkZJ9CwiT4c","node":{"__id__":21},"where":1},{"__type__":"cc.Sprite","node":{"__id__":21},"_materials":[{"__uuid__":"ecpdLyjvZBwrvm+cedCcQy"}],"_spriteFrame":{"__uuid__":"6dXBYrBNtEiKJQUnopu+Lk"},"_type":1},{"__type__":"cc.RigidBody","node":{"__id__":21},"_type":0,"_allowSleep":false,"enabledContactListener":true},{"__type__":"cc.BoxCollider","node":{"__id__":21},"_offset":{"__type__":"cc.Vec2","y":1},"_size":{"__type__":"cc.Size","width":15,"height":299}},{"__type__":"cc.PhysicsBoxCollider","node":{"__id__":21},"_offset":{"__type__":"cc.Vec2","y":48.4},"_size":{"__type__":"cc.Size","width":12.3,"height":348.1}}],"_prefab":{"__type__":"cc.PrefabInfo","root":{"__id__":1},"asset":{"__uuid__":"f1as8cm7tDza74qUhfnAGv"},"fileId":"97JVw9qy1J6IbaDbskO/Oh"},"_contentSize":{"__type__":"cc.Size","width":76,"height":504},"_trs":{"__type__":"TypedArray","ctor":"Float64Array","array":[0,0,0,0,0,0,1,1,1,1]},"_groupIndex":15,"groupIndex":15},{"__type__":"cc.Node","_name":"key copy","_parent":{"__id__":11},"_children":[{"__id__":23},{"__id__":24},{"__id__":25}],"_prefab":{"__type__":"cc.PrefabInfo","root":{"__id__":1},"asset":{"__uuid__":"f1as8cm7tDza74qUhfnAGv"},"fileId":"71fI0xlIlJC6CjSDGf80hi"},"_trs":{"__type__":"TypedArray","ctor":"Float64Array","array":[-3.642,-340.86,0,0,0,0,1,1,1,1]}},{"__type__":"cc.Node","_name":"lock","_parent":{"__id__":22},"_components":[{"__type__":"cc.Sprite","node":{"__id__":23},"_materials":[{"__uuid__":"ecpdLyjvZBwrvm+cedCcQy"}],"_spriteFrame":{"__uuid__":"ebm9zOQlFI4IGgCc9Owdfe"}},{"__type__":"15b42uAdtxGLJO3hSFb7eHo","node":{"__id__":23}}],"_prefab":{"__type__":"cc.PrefabInfo","root":{"__id__":1},"asset":{"__uuid__":"f1as8cm7tDza74qUhfnAGv"},"fileId":"c4ejtQSQ1LC4MKfr5VwEZg"},"_contentSize":{"__type__":"cc.Size","width":56,"height":55},"_trs":{"__type__":"TypedArray","ctor":"Float64Array","array":[-1.086,-156.97,0,0,0,0,1,1,1,1]}},{"__type__":"cc.Node","_name":"lock","_parent":{"__id__":22},"_components":[{"__type__":"cc.Sprite","node":{"__id__":24},"_materials":[{"__uuid__":"ecpdLyjvZBwrvm+cedCcQy"}],"_spriteFrame":{"__uuid__":"ebm9zOQlFI4IGgCc9Owdfe"}},{"__type__":"15b42uAdtxGLJO3hSFb7eHo","node":{"__id__":24}}],"_prefab":{"__type__":"cc.PrefabInfo","root":{"__id__":1},"asset":{"__uuid__":"f1as8cm7tDza74qUhfnAGv"},"fileId":"66TGuwBuVDtpjZq6YF6hZI"},"_contentSize":{"__type__":"cc.Size","width":56,"height":55},"_trs":{"__type__":"TypedArray","ctor":"Float64Array","array":[-1.086,215.554,0,0,0,0,1,1,1,1]}},{"__type__":"cc.Node","_name":"key","_parent":{"__id__":22},"_children":[{"__id__":26}],"_prefab":{"__type__":"cc.PrefabInfo","root":{"__id__":1},"asset":{"__uuid__":"f1as8cm7tDza74qUhfnAGv"},"fileId":"c01at/F1FFkpyZi4gKDz4W"},"_contentSize":{"__type__":"cc.Size","width":100,"height":200},"_trs":{"__type__":"TypedArray","ctor":"Float64Array","array":[0,0,0,0,0,0,1,1,1,1]},"_groupIndex":15,"groupIndex":15},{"__type__":"cc.Node","_name":"icon","_parent":{"__id__":25},"_components":[{"__type__":"fcf5apGFRJIEZkZJ9CwiT4c","node":{"__id__":26},"keyType":1},{"__type__":"cc.Sprite","node":{"__id__":26},"_materials":[{"__uuid__":"ecpdLyjvZBwrvm+cedCcQy"}],"_spriteFrame":{"__uuid__":"6dXBYrBNtEiKJQUnopu+Lk"},"_type":1},{"__type__":"cc.RigidBody","node":{"__id__":26},"_type":0,"_allowSleep":false,"enabledContactListener":true},{"__type__":"cc.BoxCollider","node":{"__id__":26},"_offset":{"__type__":"cc.Vec2","y":1},"_size":{"__type__":"cc.Size","width":15,"height":299}},{"__type__":"cc.PhysicsBoxCollider","node":{"__id__":26},"_offset":{"__type__":"cc.Vec2","x":0.5},"_size":{"__type__":"cc.Size","width":17.9,"height":504}}],"_prefab":{"__type__":"cc.PrefabInfo","root":{"__id__":1},"asset":{"__uuid__":"f1as8cm7tDza74qUhfnAGv"},"fileId":"fffsyI6/VNzoVHnh6mqoOX"},"_contentSize":{"__type__":"cc.Size","width":76,"height":504},"_trs":{"__type__":"TypedArray","ctor":"Float64Array","array":[0,0,0,0,0,0,1,1,1,1]},"_groupIndex":15,"groupIndex":15},{"__type__":"cc.Node","_name":"key copy","_parent":{"__id__":11},"_children":[{"__id__":28},{"__id__":29},{"__id__":30}],"_prefab":{"__type__":"cc.PrefabInfo","root":{"__id__":1},"asset":{"__uuid__":"f1as8cm7tDza74qUhfnAGv"},"fileId":"00v0wDdxFM6qWmltBk4yQv"},"_trs":{"__type__":"TypedArray","ctor":"Float64Array","array":[-3.642,207.397,0,0,0,1,6.123233995736766e-17,1,1,1]},"_eulerAngles":{"__type__":"cc.Vec3","z":180}},{"__type__":"cc.Node","_name":"lock","_parent":{"__id__":27},"_components":[{"__type__":"cc.Sprite","node":{"__id__":28},"_materials":[{"__uuid__":"ecpdLyjvZBwrvm+cedCcQy"}],"_spriteFrame":{"__uuid__":"ebm9zOQlFI4IGgCc9Owdfe"}},{"__type__":"15b42uAdtxGLJO3hSFb7eHo","node":{"__id__":28}}],"_prefab":{"__type__":"cc.PrefabInfo","root":{"__id__":1},"asset":{"__uuid__":"f1as8cm7tDza74qUhfnAGv"},"fileId":"743o0QJt9GOYfu48gpI44K"},"_contentSize":{"__type__":"cc.Size","width":56,"height":55},"_trs":{"__type__":"TypedArray","ctor":"Float64Array","array":[-1.086,-156.97,0,0,0,0,1,1,1,1]}},{"__type__":"cc.Node","_name":"lock","_parent":{"__id__":27},"_components":[{"__type__":"cc.Sprite","node":{"__id__":29},"_materials":[{"__uuid__":"ecpdLyjvZBwrvm+cedCcQy"}],"_spriteFrame":{"__uuid__":"ebm9zOQlFI4IGgCc9Owdfe"}},{"__type__":"15b42uAdtxGLJO3hSFb7eHo","node":{"__id__":29}}],"_prefab":{"__type__":"cc.PrefabInfo","root":{"__id__":1},"asset":{"__uuid__":"f1as8cm7tDza74qUhfnAGv"},"fileId":"fd0xEgpH5BhbU2B53rEde2"},"_contentSize":{"__type__":"cc.Size","width":56,"height":55},"_trs":{"__type__":"TypedArray","ctor":"Float64Array","array":[-1.086,215.554,0,0,0,0,1,1,1,1]}},{"__type__":"cc.Node","_name":"key","_parent":{"__id__":27},"_children":[{"__id__":31}],"_prefab":{"__type__":"cc.PrefabInfo","root":{"__id__":1},"asset":{"__uuid__":"f1as8cm7tDza74qUhfnAGv"},"fileId":"1eVk1hZ15K4Zqd+ABiBVTW"},"_contentSize":{"__type__":"cc.Size","width":100,"height":200},"_trs":{"__type__":"TypedArray","ctor":"Float64Array","array":[0,0,0,0,0,0,1,1,1,1]},"_groupIndex":15,"groupIndex":15},{"__type__":"cc.Node","_name":"icon","_parent":{"__id__":30},"_components":[{"__type__":"fcf5apGFRJIEZkZJ9CwiT4c","node":{"__id__":31},"keyType":1,"where":1},{"__type__":"cc.Sprite","node":{"__id__":31},"_materials":[{"__uuid__":"ecpdLyjvZBwrvm+cedCcQy"}],"_spriteFrame":{"__uuid__":"6dXBYrBNtEiKJQUnopu+Lk"},"_type":1},{"__type__":"cc.RigidBody","node":{"__id__":31},"_type":0,"_allowSleep":false,"enabledContactListener":true},{"__type__":"cc.BoxCollider","node":{"__id__":31},"_offset":{"__type__":"cc.Vec2","y":1},"_size":{"__type__":"cc.Size","width":15,"height":299}},{"__type__":"cc.PhysicsBoxCollider","node":{"__id__":31},"_offset":{"__type__":"cc.Vec2","x":1},"_size":{"__type__":"cc.Size","width":13,"height":504}}],"_prefab":{"__type__":"cc.PrefabInfo","root":{"__id__":1},"asset":{"__uuid__":"f1as8cm7tDza74qUhfnAGv"},"fileId":"2cw4F2vsxI/qL0tMjaKBYD"},"_contentSize":{"__type__":"cc.Size","width":76,"height":504},"_trs":{"__type__":"TypedArray","ctor":"Float64Array","array":[0,0,0,0,0,0,1,1,1,1]},"_groupIndex":15,"groupIndex":15},{"__type__":"cc.Node","_name":"duwu","_parent":{"__id__":1},"_children":[{"__id__":33},{"__id__":35},{"__id__":37},{"__id__":39}],"_prefab":{"__type__":"cc.PrefabInfo","root":{"__id__":1},"asset":{"__uuid__":"f1as8cm7tDza74qUhfnAGv"},"fileId":"b5SmHhI6pE25msuXgG3Tzi"},"_trs":{"__type__":"TypedArray","ctor":"Float64Array","array":[0,0,0,0,0,0,1,1,1,1]}},{"__type__":"cc.Node","_name":"0","_parent":{"__id__":32},"_children":[{"__id__":34}],"_active":false,"_components":[{"__type__":"cc.Mask","node":{"__id__":33},"_materials":[{"__uuid__":"ecpdLyjvZBwrvm+cedCcQy"}],"_spriteFrame":{"__uuid__":"061KdZEhVLQ5PqCDhnef6r"},"_type":2,"_N$alphaThreshold":0.2},{"__type__":"cc.BoxCollider","node":{"__id__":33},"_size":{"__type__":"cc.Size","width":412,"height":411}}],"_prefab":{"__type__":"cc.PrefabInfo","root":{"__id__":1},"asset":{"__uuid__":"f1as8cm7tDza74qUhfnAGv"},"fileId":"36+Jb84xNMIomm7G+1e9jm"},"_opacity":0,"_contentSize":{"__type__":"cc.Size","width":412,"height":411},"_trs":{"__type__":"TypedArray","ctor":"Float64Array","array":[207,-273,0,0,0,0,1,1,1,1]},"_groupIndex":24,"groupIndex":24},{"__type__":"cc.Node","_name":"dsdh copy","_parent":{"__id__":33},"_components":[{"__type__":"sp.Skeleton","node":{"__id__":34},"_materials":[{"__uuid__":"7a/QZLET9IDreTiBfRn2PD"}],"defaultAnimation":"m","_preCacheMode":0,"premultipliedAlpha":false,"_animationName":"m","_N$skeletonData":{"__uuid__":"36kv17fgBCoaksls3Yv/7r"}}],"_prefab":{"__type__":"cc.PrefabInfo","root":{"__id__":1},"asset":{"__uuid__":"f1as8cm7tDza74qUhfnAGv"},"fileId":"8agNf7zvNI86It39rY5rd1"},"_contentSize":{"__type__":"cc.Size","width":3240,"height":2803.73},"_trs":{"__type__":"TypedArray","ctor":"Float64Array","array":[-39.13,896.515,0,0,0,0,1,1,1,1]}},{"__type__":"cc.Node","_name":"1","_parent":{"__id__":32},"_children":[{"__id__":36}],"_active":false,"_components":[{"__type__":"cc.Mask","node":{"__id__":35},"_materials":[{"__uuid__":"ecpdLyjvZBwrvm+cedCcQy"}],"_spriteFrame":{"__uuid__":"c9jVlyv0ZM5quQ3jQOpngz"},"_type":2},{"__type__":"cc.BoxCollider","node":{"__id__":35},"_size":{"__type__":"cc.Size","width":483,"height":535}}],"_prefab":{"__type__":"cc.PrefabInfo","root":{"__id__":1},"asset":{"__uuid__":"f1as8cm7tDza74qUhfnAGv"},"fileId":"a80q85ARxPJKSlBBsdg7+N"},"_opacity":0,"_contentSize":{"__type__":"cc.Size","width":483,"height":548.5},"_trs":{"__type__":"TypedArray","ctor":"Float64Array","array":[233,205.3,0,0,0,0,1,1,1,1]},"_groupIndex":24,"groupIndex":24},{"__type__":"cc.Node","_name":"dsdh copy","_parent":{"__id__":35},"_components":[{"__type__":"sp.Skeleton","node":{"__id__":36},"_materials":[{"__uuid__":"7a/QZLET9IDreTiBfRn2PD"}],"defaultAnimation":"m","_preCacheMode":0,"premultipliedAlpha":false,"_animationName":"m","_N$skeletonData":{"__uuid__":"36kv17fgBCoaksls3Yv/7r"}}],"_prefab":{"__type__":"cc.PrefabInfo","root":{"__id__":1},"asset":{"__uuid__":"f1as8cm7tDza74qUhfnAGv"},"fileId":"a1AO5tQ4dHnKnSOjTG84oJ"},"_contentSize":{"__type__":"cc.Size","width":3240,"height":2803.73},"_trs":{"__type__":"TypedArray","ctor":"Float64Array","array":[-65.13,411.515,0,0,0,0,1,1,1,1]}},{"__type__":"cc.Node","_name":"2","_parent":{"__id__":32},"_children":[{"__id__":38}],"_active":false,"_components":[{"__type__":"cc.Mask","node":{"__id__":37},"_materials":[{"__uuid__":"ecpdLyjvZBwrvm+cedCcQy"}],"_spriteFrame":{"__uuid__":"a8rQ9VG6VOuaGC9ONngbyb"},"_type":2},{"__type__":"cc.BoxCollider","node":{"__id__":37},"_size":{"__type__":"cc.Size","width":414.7,"height":416}}],"_prefab":{"__type__":"cc.PrefabInfo","root":{"__id__":1},"asset":{"__uuid__":"f1as8cm7tDza74qUhfnAGv"},"fileId":"0ap7OlsVpJJJ+cvhiH3Mn/"},"_opacity":0,"_contentSize":{"__type__":"cc.Size","width":414.7,"height":416},"_trs":{"__type__":"TypedArray","ctor":"Float64Array","array":[-215.3,152.5,0,0,0,0,1,1,1,1]},"_groupIndex":24,"groupIndex":24},{"__type__":"cc.Node","_name":"dsdh copy","_parent":{"__id__":37},"_components":[{"__type__":"sp.Skeleton","node":{"__id__":38},"_materials":[{"__uuid__":"7a/QZLET9IDreTiBfRn2PD"}],"defaultAnimation":"m","_preCacheMode":0,"premultipliedAlpha":false,"_animationName":"m","_N$skeletonData":{"__uuid__":"36kv17fgBCoaksls3Yv/7r"}}],"_prefab":{"__type__":"cc.PrefabInfo","root":{"__id__":1},"asset":{"__uuid__":"f1as8cm7tDza74qUhfnAGv"},"fileId":"aeF2mwvQdE1LGPK4eJU+Tk"},"_contentSize":{"__type__":"cc.Size","width":3240,"height":2803.73},"_trs":{"__type__":"TypedArray","ctor":"Float64Array","array":[383.17,471.015,0,0,0,0,1,1,1,1]}},{"__type__":"cc.Node","_name":"3","_parent":{"__id__":32},"_children":[{"__id__":40}],"_active":false,"_components":[{"__type__":"cc.Mask","node":{"__id__":39},"_materials":[{"__uuid__":"ecpdLyjvZBwrvm+cedCcQy"}],"_spriteFrame":{"__uuid__":"f3422RAGFFtLNPq6BiKPXO"},"_type":2},{"__type__":"cc.BoxCollider","node":{"__id__":39},"_size":{"__type__":"cc.Size","width":381.5,"height":416}}],"_prefab":{"__type__":"cc.PrefabInfo","root":{"__id__":1},"asset":{"__uuid__":"f1as8cm7tDza74qUhfnAGv"},"fileId":"362ejTCTdJpL7EoFVdDdGw"},"_opacity":0,"_contentSize":{"__type__":"cc.Size","width":381.5,"height":416},"_trs":{"__type__":"TypedArray","ctor":"Float64Array","array":[-188.7,-275.7,0,0,0,0,1,1,1,1]},"_groupIndex":24,"groupIndex":24},{"__type__":"cc.Node","_name":"dsdh copy","_parent":{"__id__":39},"_components":[{"__type__":"sp.Skeleton","node":{"__id__":40},"_materials":[{"__uuid__":"7a/QZLET9IDreTiBfRn2PD"}],"defaultAnimation":"m","_preCacheMode":0,"premultipliedAlpha":false,"_animationName":"m","_N$skeletonData":{"__uuid__":"36kv17fgBCoaksls3Yv/7r"}}],"_prefab":{"__type__":"cc.PrefabInfo","root":{"__id__":1},"asset":{"__uuid__":"f1as8cm7tDza74qUhfnAGv"},"fileId":"baj3V7w9xL/JX7mPsEef+b"},"_contentSize":{"__type__":"cc.Size","width":3240,"height":2803.73},"_trs":{"__type__":"TypedArray","ctor":"Float64Array","array":[356.57,899.215,0,0,0,0,1,1,1,1]}},{"__type__":"cc.Node","_name":"close","_parent":{"__id__":1},"_components":[{"__type__":"cc.BoxCollider","node":{"__id__":41},"_offset":{"__type__":"cc.Vec2","y":91},"_size":{"__type__":"cc.Size","width":100,"height":405}}],"_prefab":{"__type__":"cc.PrefabInfo","root":{"__id__":1},"asset":{"__uuid__":"f1as8cm7tDza74qUhfnAGv"},"fileId":"22B01aW81GuZkBg6Am+dCQ"},"_trs":{"__type__":"TypedArray","ctor":"Float64Array","array":[-381.664,119.27,0,0,0,0,1,1,1,1]},"_groupIndex":23,"groupIndex":23},{"__type__":"cc.Node","_name":"New Node","_parent":{"__id__":1},"_components":[{"__type__":"cc.RigidBody","node":{"__id__":42},"_type":0},{"__type__":"cc.PhysicsPolygonCollider","node":{"__id__":42},"points":[{"__type__":"cc.Vec2","x":97,"y":-241},{"__type__":"cc.Vec2","x":316,"y":-242},{"__type__":"cc.Vec2","x":310,"y":-140},{"__type__":"cc.Vec2","x":198,"y":-194},{"__type__":"cc.Vec2","x":-7,"y":-95}]}],"_prefab":{"__type__":"cc.PrefabInfo","root":{"__id__":1},"asset":{"__uuid__":"f1as8cm7tDza74qUhfnAGv"},"fileId":"c50BFocNRJtoJe4xYT85nx"},"_trs":{"__type__":"TypedArray","ctor":"Float64Array","array":[11.188,260.114,0,0,0,0,1,1,1,1]},"_groupIndex":15,"groupIndex":15}],{"__type__":"cc.SpriteFrame","content":{"name":"3","texture":"5eOVt7PqlMuachE2iSiaFU","rect":[0,0,367,415],"offset":[0,0],"originalSize":[367,415],"capInsets":[0,0,0,0]}}]