[[{"__type__":"cc.Prefab","_name":"UIDerived44","data":{"__id__":1}},{"__type__":"cc.Node","_name":"UIDerived50","_children":[{"__type__":"cc.Node","_name":"bule_node","_parent":{"__id__":1},"_prefab":{"__type__":"cc.PrefabInfo","root":{"__id__":1},"asset":{"__uuid__":"25E7JC73tGN4b/mDLpEy/3"},"fileId":"554kUqPi9O+bF8gbLaDpFP"},"_trs":{"__type__":"TypedArray","ctor":"Float64Array","array":[0,0,0,0,0,0,1,1,1,1]}},{"__type__":"cc.Node","_name":"greenwater_node","_parent":{"__id__":1},"_prefab":{"__type__":"cc.PrefabInfo","root":{"__id__":1},"asset":{"__uuid__":"25E7JC73tGN4b/mDLpEy/3"},"fileId":"68CoFXgARAK7W/hEE/0PzS"},"_trs":{"__type__":"TypedArray","ctor":"Float64Array","array":[0,0,0,0,0,0,1,1,1,1]}},{"__type__":"cc.Node","_name":"redwater_node","_parent":{"__id__":1},"_prefab":{"__type__":"cc.PrefabInfo","root":{"__id__":1},"asset":{"__uuid__":"25E7JC73tGN4b/mDLpEy/3"},"fileId":"cfVbIX8dVJJZC627ZbF3aD"},"_trs":{"__type__":"TypedArray","ctor":"Float64Array","array":[0,0,0,0,0,0,1,1,1,1]}},{"__id__":2},{"__id__":3},{"__id__":4},{"__id__":5},{"__type__":"cc.Node","_name":"greenPos_node","_parent":{"__id__":1},"_prefab":{"__type__":"cc.PrefabInfo","root":{"__id__":1},"asset":{"__uuid__":"25E7JC73tGN4b/mDLpEy/3"},"fileId":"73XfPB8phEcL6DX3ewH+5I"},"_trs":{"__type__":"TypedArray","ctor":"Float64Array","array":[0,0,0,0,0,0,1,1,1,1]}},{"__type__":"cc.Node","_name":"player","_parent":{"__id__":1},"_prefab":{"__type__":"cc.PrefabInfo","root":{"__id__":1},"asset":{"__uuid__":"25E7JC73tGN4b/mDLpEy/3"},"fileId":"f0wHIbv4hFSY+Mm2AZvRCm"},"_contentSize":{"__type__":"cc.Size","width":240,"height":140},"_trs":{"__type__":"TypedArray","ctor":"Float64Array","array":[-211.909,-657.254,0,0,0,0,1,-0.7,0.7,1]}},{"__id__":6},{"__id__":8},{"__id__":10},{"__id__":12},{"__id__":17}],"_components":[{"__type__":"cc.Sprite","node":{"__id__":1},"_materials":[{"__uuid__":"ecpdLyjvZBwrvm+cedCcQy"}],"_spriteFrame":{"__uuid__":"422dqhlahOkYQnGmojR9CO"}},{"__type__":"cc.RigidBody","node":{"__id__":1},"_type":0},{"__type__":"cc.PhysicsPolygonCollider","node":{"__id__":1},"_offset":{"__type__":"cc.Vec2","x":-442.4,"y":-126.5},"points":[{"__type__":"cc.Vec2","x":-50,"y":-50},{"__type__":"cc.Vec2","x":271.9,"y":-59},{"__type__":"cc.Vec2","x":273,"y":-29.6},{"__type__":"cc.Vec2","x":206,"y":52},{"__type__":"cc.Vec2","x":183,"y":150},{"__type__":"cc.Vec2","x":227,"y":216},{"__type__":"cc.Vec2","x":465,"y":311},{"__type__":"cc.Vec2","x":638,"y":320},{"__type__":"cc.Vec2","x":708,"y":264},{"__type__":"cc.Vec2","x":713,"y":-516},{"__type__":"cc.Vec2","x":794,"y":-504},{"__type__":"cc.Vec2","x":791,"y":480},{"__type__":"cc.Vec2","x":770,"y":505},{"__type__":"cc.Vec2","x":622,"y":510},{"__type__":"cc.Vec2","x":560,"y":553},{"__type__":"cc.Vec2","x":558,"y":602},{"__type__":"cc.Vec2","x":795,"y":600},{"__type__":"cc.Vec2","x":791,"y":728},{"__type__":"cc.Vec2","x":579,"y":760},{"__type__":"cc.Vec2","x":558,"y":817},{"__type__":"cc.Vec2","x":558,"y":897},{"__type__":"cc.Vec2","x":884,"y":890},{"__type__":"cc.Vec2","x":890,"y":-618.5},{"__type__":"cc.Vec2","x":614.5,"y":-614.6},{"__type__":"cc.Vec2","x":614.7,"y":131.4},{"__type__":"cc.Vec2","x":600.5,"y":154.3},{"__type__":"cc.Vec2","x":364,"y":90},{"__type__":"cc.Vec2","x":362,"y":-531},{"__type__":"cc.Vec2","x":324,"y":-623},{"__type__":"cc.Vec2","x":233,"y":-647},{"__type__":"cc.Vec2","x":123,"y":-608},{"__type__":"cc.Vec2","x":88,"y":-513},{"__type__":"cc.Vec2","x":107,"y":-383},{"__type__":"cc.Vec2","x":162,"y":-269},{"__type__":"cc.Vec2","x":257,"y":-169},{"__type__":"cc.Vec2","x":255,"y":-140},{"__type__":"cc.Vec2","x":-48,"y":-232},{"__type__":"cc.Vec2","x":-49,"y":-688},{"__type__":"cc.Vec2","x":936,"y":-690},{"__type__":"cc.Vec2","x":938,"y":940},{"__type__":"cc.Vec2","x":-50,"y":934}]},{"__type__":"1100eDGpRlLMYp5CrYQGpcQ","node":{"__id__":1}}],"_prefab":{"__type__":"cc.PrefabInfo","root":{"__id__":1},"asset":{"__uuid__":"25E7JC73tGN4b/mDLpEy/3"},"fileId":"a5pre2Ws9LiIYIq2qY/Yfq"},"_contentSize":{"__type__":"cc.Size","width":984,"height":1632},"_trs":{"__type__":"TypedArray","ctor":"Float64Array","array":[-58,0,0,0,0,0,1,1,1,1]}},{"__type__":"cc.Node","_name":"black_node","_parent":{"__id__":1},"_components":[{"__type__":"6c0e8KZwr5L34azTYX21stu","node":{"__id__":2}}],"_prefab":{"__type__":"cc.PrefabInfo","root":{"__id__":1},"asset":{"__uuid__":"25E7JC73tGN4b/mDLpEy/3"},"fileId":"57wAupYYBBpYkvQrHGHMmj"},"_trs":{"__type__":"TypedArray","ctor":"Float64Array","array":[0,0,0,0,0,0,1,1,1,1]}},{"__type__":"cc.Node","_name":"gray_node","_parent":{"__id__":1},"_components":[{"__type__":"3400dF2d2tHLK8+En9baGXY","node":{"__id__":3},"grey_prefab":{"__uuid__":"13FEeEL1NMaK5TFGpFQpJr"}}],"_prefab":{"__type__":"cc.PrefabInfo","root":{"__id__":1},"asset":{"__uuid__":"25E7JC73tGN4b/mDLpEy/3"},"fileId":"e1kfIUF8tM9b/B/C8Ahu+b"},"_trs":{"__type__":"TypedArray","ctor":"Float64Array","array":[0,0,0,0,0,0,1,1,1,1]}},{"__type__":"cc.Node","_name":"bulePos_node","_parent":{"__id__":1},"_children":[{"__type__":"cc.Node","_name":"New Node","_parent":{"__id__":4},"_prefab":{"__type__":"cc.PrefabInfo","root":{"__id__":1},"asset":{"__uuid__":"25E7JC73tGN4b/mDLpEy/3"},"fileId":"73CysB0GhEbLw7E7w/1kEv"},"_trs":{"__type__":"TypedArray","ctor":"Float64Array","array":[215.701,728.075,0,0,0,0,1,1,1,1]}}],"_prefab":{"__type__":"cc.PrefabInfo","root":{"__id__":1},"asset":{"__uuid__":"25E7JC73tGN4b/mDLpEy/3"},"fileId":"72Snagp49EubykV/Z1Ztx8"},"_trs":{"__type__":"TypedArray","ctor":"Float64Array","array":[0,0,0,0,0,0,1,1,1,1]}},{"__type__":"cc.Node","_name":"redPos_node","_parent":{"__id__":1},"_children":[{"__type__":"cc.Node","_name":"New Node","_parent":{"__id__":5},"_prefab":{"__type__":"cc.PrefabInfo","root":{"__id__":1},"asset":{"__uuid__":"25E7JC73tGN4b/mDLpEy/3"},"fileId":"cbDD1XcoBI866/B9gk/uLS"},"_trs":{"__type__":"TypedArray","ctor":"Float64Array","array":[386.551,459.543,0,0,0,0,1,1,1,1]}}],"_prefab":{"__type__":"cc.PrefabInfo","root":{"__id__":1},"asset":{"__uuid__":"25E7JC73tGN4b/mDLpEy/3"},"fileId":"cfktTzSRZEIoOCXrAduS5d"},"_trs":{"__type__":"TypedArray","ctor":"Float64Array","array":[0,0,0,0,0,0,1,1,1,1]}},{"__type__":"cc.Node","_name":"zhenNode","_parent":{"__id__":1},"_children":[{"__id__":7}],"_prefab":{"__type__":"cc.PrefabInfo","root":{"__id__":1},"asset":{"__uuid__":"25E7JC73tGN4b/mDLpEy/3"},"fileId":"0dGFeRt+tDtZ/TPXvmsnRQ"},"_trs":{"__type__":"TypedArray","ctor":"Float64Array","array":[355.714,545.114,0,0,0,1,6.123233995736766e-17,1,1,1]},"_eulerAngles":{"__type__":"cc.Vec3","z":180},"_groupIndex":8,"groupIndex":8},{"__type__":"cc.Node","_name":"zhen","_parent":{"__id__":6},"_components":[{"__type__":"cc.Sprite","node":{"__id__":7},"_materials":[{"__uuid__":"ecpdLyjvZBwrvm+cedCcQy"}],"_spriteFrame":{"__uuid__":"81u1O4l2lM2IGXbUA/0aw7"},"_type":1,"_sizeMode":0},{"__type__":"cc.RigidBody","node":{"__id__":7},"_type":3,"_allowSleep":false,"_gravityScale":0,"_fixedRotation":true,"enabledContactListener":true,"bullet":true},{"__type__":"cc.PhysicsPolygonCollider","node":{"__id__":7},"tag":222,"_offset":{"__type__":"cc.Vec2","x":80,"y":-3},"points":[{"__type__":"cc.Vec2","x":-48.9,"y":-66.3},{"__type__":"cc.Vec2","x":62.5,"y":-66.3},{"__type__":"cc.Vec2","x":63,"y":67.4},{"__type__":"cc.Vec2","x":-48.4,"y":69},{"__type__":"cc.Vec2","x":-52.2,"y":32.3},{"__type__":"cc.Vec2","x":-218.2,"y":33.4},{"__type__":"cc.Vec2","x":-217.4,"y":-25.9},{"__type__":"cc.Vec2","x":-50.9,"y":-29.2}]},{"__type__":"72555Q9muRD1505Zi2fOOxm","node":{"__id__":7},"linevelocityX":500}],"_prefab":{"__type__":"cc.PrefabInfo","root":{"__id__":1},"asset":{"__uuid__":"25E7JC73tGN4b/mDLpEy/3"},"fileId":"f43L2DZmVAx5n11tfHSyIX"},"_contentSize":{"__type__":"cc.Size","width":276,"height":111},"_trs":{"__type__":"TypedArray","ctor":"Float64Array","array":[0,0,0,0,0,0,1,0.8,0.8,0.8]},"_groupIndex":8,"groupIndex":8},{"__type__":"cc.Node","_name":"zhenNode","_parent":{"__id__":1},"_children":[{"__id__":9}],"_prefab":{"__type__":"cc.PrefabInfo","root":{"__id__":1},"asset":{"__uuid__":"25E7JC73tGN4b/mDLpEy/3"},"fileId":"26bDnpustIaIjzIGadKPFy"},"_trs":{"__type__":"TypedArray","ctor":"Float64Array","array":[355.714,295.114,0,0,0,1,6.123233995736766e-17,1,1,1]},"_eulerAngles":{"__type__":"cc.Vec3","z":180},"_groupIndex":8,"groupIndex":8},{"__type__":"cc.Node","_name":"zhen","_parent":{"__id__":8},"_components":[{"__type__":"cc.Sprite","node":{"__id__":9},"_materials":[{"__uuid__":"ecpdLyjvZBwrvm+cedCcQy"}],"_spriteFrame":{"__uuid__":"81u1O4l2lM2IGXbUA/0aw7"},"_type":1,"_sizeMode":0},{"__type__":"cc.RigidBody","node":{"__id__":9},"_type":3,"_allowSleep":false,"_gravityScale":0,"_fixedRotation":true,"enabledContactListener":true,"bullet":true},{"__type__":"cc.PhysicsPolygonCollider","node":{"__id__":9},"tag":222,"_offset":{"__type__":"cc.Vec2","x":80,"y":-3},"points":[{"__type__":"cc.Vec2","x":-48.9,"y":-66.3},{"__type__":"cc.Vec2","x":62.5,"y":-66.3},{"__type__":"cc.Vec2","x":63,"y":67.4},{"__type__":"cc.Vec2","x":-48.4,"y":69},{"__type__":"cc.Vec2","x":-52.2,"y":32.3},{"__type__":"cc.Vec2","x":-218.2,"y":33.4},{"__type__":"cc.Vec2","x":-217.4,"y":-25.9},{"__type__":"cc.Vec2","x":-50.9,"y":-29.2}]},{"__type__":"72555Q9muRD1505Zi2fOOxm","node":{"__id__":9},"linevelocityX":500}],"_prefab":{"__type__":"cc.PrefabInfo","root":{"__id__":1},"asset":{"__uuid__":"25E7JC73tGN4b/mDLpEy/3"},"fileId":"23YwSnrAtLPr+EMKf91SqL"},"_contentSize":{"__type__":"cc.Size","width":276,"height":111},"_trs":{"__type__":"TypedArray","ctor":"Float64Array","array":[0,0,0,0,0,0,1,0.8,0.8,0.8]},"_groupIndex":8,"groupIndex":8},{"__type__":"cc.Node","_name":"zhenNode","_parent":{"__id__":1},"_children":[{"__id__":11}],"_prefab":{"__type__":"cc.PrefabInfo","root":{"__id__":1},"asset":{"__uuid__":"25E7JC73tGN4b/mDLpEy/3"},"fileId":"41vwlbO+JGAbM75V5DPRn7"},"_trs":{"__type__":"TypedArray","ctor":"Float64Array","array":[-99.092,-263.67,0,0,0,0.13917310096006544,0.9902680687415704,1,1,1]},"_eulerAngles":{"__type__":"cc.Vec3","z":16},"_groupIndex":8,"groupIndex":8},{"__type__":"cc.Node","_name":"zhen","_parent":{"__id__":10},"_components":[{"__type__":"cc.Sprite","node":{"__id__":11},"_materials":[{"__uuid__":"ecpdLyjvZBwrvm+cedCcQy"}],"_spriteFrame":{"__uuid__":"81u1O4l2lM2IGXbUA/0aw7"},"_type":1,"_sizeMode":0},{"__type__":"cc.RigidBody","node":{"__id__":11},"_type":3,"_allowSleep":false,"_gravityScale":0,"_fixedRotation":true,"enabledContactListener":true,"bullet":true},{"__type__":"cc.PhysicsPolygonCollider","node":{"__id__":11},"tag":222,"_offset":{"__type__":"cc.Vec2","x":80,"y":-3},"points":[{"__type__":"cc.Vec2","x":-48.9,"y":-66.3},{"__type__":"cc.Vec2","x":62.5,"y":-66.3},{"__type__":"cc.Vec2","x":63,"y":67.4},{"__type__":"cc.Vec2","x":-48.4,"y":69},{"__type__":"cc.Vec2","x":-52.2,"y":32.3},{"__type__":"cc.Vec2","x":-218.2,"y":33.4},{"__type__":"cc.Vec2","x":-217.4,"y":-25.9},{"__type__":"cc.Vec2","x":-50.9,"y":-29.2}]},{"__type__":"72555Q9muRD1505Zi2fOOxm","node":{"__id__":11},"linevelocityX":500}],"_prefab":{"__type__":"cc.PrefabInfo","root":{"__id__":1},"asset":{"__uuid__":"25E7JC73tGN4b/mDLpEy/3"},"fileId":"ae6pZVNbdJ9b1DwmiAt0eo"},"_contentSize":{"__type__":"cc.Size","width":276,"height":111},"_trs":{"__type__":"TypedArray","ctor":"Float64Array","array":[0,0,0,0,0,0,1,0.8,0.8,0.8]},"_groupIndex":8,"groupIndex":8},{"__type__":"cc.Node","_name":"zhenNodeTwo","_parent":{"__id__":1},"_children":[{"__id__":13},{"__id__":14},{"__id__":15},{"__id__":16}],"_prefab":{"__type__":"cc.PrefabInfo","root":{"__id__":1},"asset":{"__uuid__":"25E7JC73tGN4b/mDLpEy/3"},"fileId":"b3GGPAxGBOP7635yWs589d"},"_trs":{"__type__":"TypedArray","ctor":"Float64Array","array":[434.505,71.374,0,0,0,1,6.123233995736766e-17,1,1,1]},"_eulerAngles":{"__type__":"cc.Vec3","z":180}},{"__type__":"cc.Node","_name":"huagui","_parent":{"__id__":12},"_components":[{"__type__":"cc.Sprite","node":{"__id__":13},"_materials":[{"__uuid__":"ecpdLyjvZBwrvm+cedCcQy"}],"_spriteFrame":{"__uuid__":"72AklVCzBN/asPCzYF9Gl5"},"_type":2,"_sizeMode":0}],"_prefab":{"__type__":"cc.PrefabInfo","root":{"__id__":1},"asset":{"__uuid__":"25E7JC73tGN4b/mDLpEy/3"},"fileId":"ed3qEY8kpMyL3Bp/QDoth/"},"_contentSize":{"__type__":"cc.Size","width":52,"height":933},"_trs":{"__type__":"TypedArray","ctor":"Float64Array","array":[-19,352,0,0,0,0,1,0.5,1,0.5]}},{"__type__":"cc.Node","_name":"zhen","_parent":{"__id__":12},"_components":[{"__type__":"cc.Sprite","node":{"__id__":14},"_materials":[{"__uuid__":"ecpdLyjvZBwrvm+cedCcQy"}],"_spriteFrame":{"__uuid__":"14vJwyNH1OspMXFimJtxkW"},"_type":1,"_sizeMode":0},{"__type__":"cc.RigidBody","node":{"__id__":14},"_type":3,"_gravityScale":0,"_fixedRotation":true,"enabledContactListener":true,"bullet":true},{"__type__":"cc.PhysicsPolygonCollider","node":{"__id__":14},"_offset":{"__type__":"cc.Vec2","x":207.6,"y":-4.1},"points":[{"__type__":"cc.Vec2","x":-325.3,"y":-52.5},{"__type__":"cc.Vec2","x":-229.6,"y":-44.2},{"__type__":"cc.Vec2","x":-220,"y":-12.4},{"__type__":"cc.Vec2","x":-84.3,"y":-15.7},{"__type__":"cc.Vec2","x":-85.6,"y":24.4},{"__type__":"cc.Vec2","x":-212.1,"y":25.2},{"__type__":"cc.Vec2","x":-234.9,"y":59.2},{"__type__":"cc.Vec2","x":-314.3,"y":60.3},{"__type__":"cc.Vec2","x":-329.3,"y":36.7}]},{"__type__":"1cb3eoIRdhJWZayW7A68Y7j","node":{"__id__":14},"applyUpsensor":true}],"_prefab":{"__type__":"cc.PrefabInfo","root":{"__id__":1},"asset":{"__uuid__":"25E7JC73tGN4b/mDLpEy/3"},"fileId":"17NWQ7/qJLIYlGgeJQeFtd"},"_contentSize":{"__type__":"cc.Size","width":243,"height":111},"_trs":{"__type__":"TypedArray","ctor":"Float64Array","array":[0,0,0,0,0,0,1,1,1,1]}},{"__type__":"cc.Node","_name":"zhenup","_parent":{"__id__":12},"_components":[{"__type__":"cc.RigidBody","node":{"__id__":15},"_type":0,"_gravityScale":0,"bullet":true}],"_prefab":{"__type__":"cc.PrefabInfo","root":{"__id__":1},"asset":{"__uuid__":"25E7JC73tGN4b/mDLpEy/3"},"fileId":"72jw10E3JIqqnWvTBwwdqY"},"_trs":{"__type__":"TypedArray","ctor":"Float64Array","array":[0,809.269,0,0,0,0,1,1,1,1]}},{"__type__":"cc.Node","_name":"zhendown","_parent":{"__id__":12},"_components":[{"__type__":"cc.RigidBody","node":{"__id__":16},"_type":0,"_gravityScale":0,"bullet":true}],"_prefab":{"__type__":"cc.PrefabInfo","root":{"__id__":1},"asset":{"__uuid__":"25E7JC73tGN4b/mDLpEy/3"},"fileId":"2cS8Krlh1GpZtHj1R+iZwE"},"_trs":{"__type__":"TypedArray","ctor":"Float64Array","array":[-10,-112.757,0,0,0,0,1,1,1,1]}},{"__type__":"cc.Node","_name":"zhenNodeTwo","_parent":{"__id__":1},"_children":[{"__id__":18},{"__id__":19},{"__id__":20},{"__id__":21}],"_prefab":{"__type__":"cc.PrefabInfo","root":{"__id__":1},"asset":{"__uuid__":"25E7JC73tGN4b/mDLpEy/3"},"fileId":"d3E16GPJFIsKXNv+YvtF0a"},"_trs":{"__type__":"TypedArray","ctor":"Float64Array","array":[182.579,-457.671,0,0,0,0,1,1,1,1]}},{"__type__":"cc.Node","_name":"huagui","_parent":{"__id__":17},"_components":[{"__type__":"cc.Sprite","node":{"__id__":18},"_materials":[{"__uuid__":"ecpdLyjvZBwrvm+cedCcQy"}],"_spriteFrame":{"__uuid__":"72AklVCzBN/asPCzYF9Gl5"},"_type":2,"_sizeMode":0}],"_prefab":{"__type__":"cc.PrefabInfo","root":{"__id__":1},"asset":{"__uuid__":"25E7JC73tGN4b/mDLpEy/3"},"fileId":"6995WHfxFFKbRnUsLatbOU"},"_contentSize":{"__type__":"cc.Size","width":52,"height":746.9},"_trs":{"__type__":"TypedArray","ctor":"Float64Array","array":[-19,84,0,0,0,0,1,0.5,1,0.5]}},{"__type__":"cc.Node","_name":"zhen","_parent":{"__id__":17},"_components":[{"__type__":"cc.Sprite","node":{"__id__":19},"_materials":[{"__uuid__":"ecpdLyjvZBwrvm+cedCcQy"}],"_spriteFrame":{"__uuid__":"14vJwyNH1OspMXFimJtxkW"},"_type":1,"_sizeMode":0},{"__type__":"cc.RigidBody","node":{"__id__":19},"_type":3,"_gravityScale":0,"_fixedRotation":true,"enabledContactListener":true,"bullet":true},{"__type__":"cc.PhysicsPolygonCollider","node":{"__id__":19},"_offset":{"__type__":"cc.Vec2","x":217},"points":[{"__type__":"cc.Vec2","x":-338,"y":-59},{"__type__":"cc.Vec2","x":-242,"y":-52},{"__type__":"cc.Vec2","x":-224,"y":-20},{"__type__":"cc.Vec2","x":-99,"y":-22},{"__type__":"cc.Vec2","x":-98,"y":21},{"__type__":"cc.Vec2","x":-229,"y":25},{"__type__":"cc.Vec2","x":-236,"y":59},{"__type__":"cc.Vec2","x":-344,"y":62}]},{"__type__":"1cb3eoIRdhJWZayW7A68Y7j","node":{"__id__":19},"applyDownsensor":true}],"_prefab":{"__type__":"cc.PrefabInfo","root":{"__id__":1},"asset":{"__uuid__":"25E7JC73tGN4b/mDLpEy/3"},"fileId":"4ep298KeNJKpd6eZW57orB"},"_contentSize":{"__type__":"cc.Size","width":243,"height":111},"_trs":{"__type__":"TypedArray","ctor":"Float64Array","array":[0,0,0,0,0,0,1,1,1,1]}},{"__type__":"cc.Node","_name":"zhenup","_parent":{"__id__":17},"_components":[{"__type__":"cc.RigidBody","node":{"__id__":20},"_type":0,"_gravityScale":0,"bullet":true}],"_prefab":{"__type__":"cc.PrefabInfo","root":{"__id__":1},"asset":{"__uuid__":"25E7JC73tGN4b/mDLpEy/3"},"fileId":"e6lxWy7ddF2bVJPEbS/OlK"},"_trs":{"__type__":"TypedArray","ctor":"Float64Array","array":[-12.126,451.265,0,0,0,0,1,1,1,1]}},{"__type__":"cc.Node","_name":"zhendown","_parent":{"__id__":17},"_components":[{"__type__":"cc.RigidBody","node":{"__id__":21},"_type":0,"_gravityScale":0,"bullet":true}],"_prefab":{"__type__":"cc.PrefabInfo","root":{"__id__":1},"asset":{"__uuid__":"25E7JC73tGN4b/mDLpEy/3"},"fileId":"64JO+c3zxAcLmnPKVg6MZQ"},"_trs":{"__type__":"TypedArray","ctor":"Float64Array","array":[-10,-285.016,0,0,0,0,1,1,1,1]}}],{"__type__":"cc.SpriteFrame","content":{"name":"guanqia91","texture":"64Eo/WsTxGCLde6jGlb7M3","rect":[0,1,984,1632],"offset":[-0.5,0],"originalSize":[985,1634],"capInsets":[0,0,0,0]}}]