[{"__type__":"cc.SpriteFrame","content":{"name":"guanqia43","texture":"b5YQzuee1Ce61kYi9bvAIl","rect":[1,1,902,1523],"offset":[0,0],"originalSize":[904,1525],"capInsets":[0,0,0,0]}},[{"__type__":"cc.Prefab","_name":"UIDerived23","data":{"__id__":1}},{"__type__":"cc.Node","_name":"UIDerived26","_children":[{"__type__":"cc.Node","_name":"player","_parent":{"__id__":1},"_prefab":{"__type__":"cc.PrefabInfo","root":{"__id__":1},"asset":{"__uuid__":"91jDwsMWVDL4z4xGt7IZdL"},"fileId":"d6shyopgJMJrgjkv7COFdw"},"_contentSize":{"__type__":"cc.Size","width":240,"height":140},"_trs":{"__type__":"TypedArray","ctor":"Float64Array","array":[301.507,-607.733,0,0,0,0,1,0.7,0.7,0.7]}},{"__type__":"cc.Node","_name":"greenPos_node","_parent":{"__id__":1},"_prefab":{"__type__":"cc.PrefabInfo","root":{"__id__":1},"asset":{"__uuid__":"91jDwsMWVDL4z4xGt7IZdL"},"fileId":"38ltH8c1hAa6e6GuYieKjU"},"_trs":{"__type__":"TypedArray","ctor":"Float64Array","array":[0,0,0,0,0,0,1,1,1,1]}},{"__type__":"cc.Node","_name":"redPos_node","_parent":{"__id__":1},"_prefab":{"__type__":"cc.PrefabInfo","root":{"__id__":1},"asset":{"__uuid__":"91jDwsMWVDL4z4xGt7IZdL"},"fileId":"bcS9Q+lldNn4moyhJ5k3UT"},"_trs":{"__type__":"TypedArray","ctor":"Float64Array","array":[0,0,0,0,0,0,1,1,1,1]}},{"__id__":2},{"__id__":3},{"__id__":4},{"__type__":"cc.Node","_name":"redwater_node","_parent":{"__id__":1},"_prefab":{"__type__":"cc.PrefabInfo","root":{"__id__":1},"asset":{"__uuid__":"91jDwsMWVDL4z4xGt7IZdL"},"fileId":"41kL81eIBGobcHn0jlC/OX"},"_trs":{"__type__":"TypedArray","ctor":"Float64Array","array":[0,0,0,0,0,0,1,1,1,1]}},{"__type__":"cc.Node","_name":"greenwater_node","_parent":{"__id__":1},"_prefab":{"__type__":"cc.PrefabInfo","root":{"__id__":1},"asset":{"__uuid__":"91jDwsMWVDL4z4xGt7IZdL"},"fileId":"6ee+i4zEhO0r/PqF+sLCzc"},"_trs":{"__type__":"TypedArray","ctor":"Float64Array","array":[0,0,0,0,0,0,1,1,1,1]}},{"__type__":"cc.Node","_name":"bule_node","_parent":{"__id__":1},"_prefab":{"__type__":"cc.PrefabInfo","root":{"__id__":1},"asset":{"__uuid__":"91jDwsMWVDL4z4xGt7IZdL"},"fileId":"3bLWBdOglAKZRGED04q38+"},"_trs":{"__type__":"TypedArray","ctor":"Float64Array","array":[0,0,0,0,0,0,1,1,1,1]}},{"__id__":5},{"__id__":7},{"__id__":9},{"__id__":11},{"__id__":13},{"__id__":15},{"__id__":17}],"_components":[{"__type__":"cc.Sprite","node":{"__id__":1},"_materials":[{"__uuid__":"ecpdLyjvZBwrvm+cedCcQy"}],"_spriteFrame":{"__uuid__":"1eD6tGB2pCyrLK8fsGiloG"}},{"__type__":"cc.RigidBody","node":{"__id__":1},"_type":0},{"__type__":"cc.PhysicsPolygonCollider","node":{"__id__":1},"points":[{"__type__":"cc.Vec2","x":-496,"y":-822},{"__type__":"cc.Vec2","x":512,"y":-812},{"__type__":"cc.Vec2","x":507,"y":801},{"__type__":"cc.Vec2","x":402.3,"y":-109.1},{"__type__":"cc.Vec2","x":402,"y":-154},{"__type__":"cc.Vec2","x":405,"y":-370.4},{"__type__":"cc.Vec2","x":404.6,"y":-467.8},{"__type__":"cc.Vec2","x":408.7,"y":-567.9},{"__type__":"cc.Vec2","x":404.4,"y":-627.7},{"__type__":"cc.Vec2","x":396.2,"y":-668.6},{"__type__":"cc.Vec2","x":370,"y":-701},{"__type__":"cc.Vec2","x":319,"y":-719.4},{"__type__":"cc.Vec2","x":263.9,"y":-719.6},{"__type__":"cc.Vec2","x":221.6,"y":-703.1},{"__type__":"cc.Vec2","x":202.6,"y":-680.3},{"__type__":"cc.Vec2","x":194.3,"y":-647.9},{"__type__":"cc.Vec2","x":196,"y":-561},{"__type__":"cc.Vec2","x":253,"y":-397},{"__type__":"cc.Vec2","x":260,"y":-358},{"__type__":"cc.Vec2","x":259,"y":-305},{"__type__":"cc.Vec2","x":213,"y":-270},{"__type__":"cc.Vec2","x":170,"y":-274},{"__type__":"cc.Vec2","x":47,"y":-592.8},{"__type__":"cc.Vec2","x":2,"y":-670},{"__type__":"cc.Vec2","x":-77,"y":-716},{"__type__":"cc.Vec2","x":-167,"y":-713},{"__type__":"cc.Vec2","x":-246,"y":-671},{"__type__":"cc.Vec2","x":-305,"y":-571},{"__type__":"cc.Vec2","x":-325,"y":-430},{"__type__":"cc.Vec2","x":-350},{"__type__":"cc.Vec2","x":-347.5,"y":434.8},{"__type__":"cc.Vec2","x":-404.3,"y":490.7},{"__type__":"cc.Vec2","x":-405.8,"y":719},{"__type__":"cc.Vec2","x":-107,"y":716},{"__type__":"cc.Vec2","x":-109,"y":493},{"__type__":"cc.Vec2","x":-182,"y":417},{"__type__":"cc.Vec2","x":-196,"y":-477},{"__type__":"cc.Vec2","x":-177.6,"y":-526.3},{"__type__":"cc.Vec2","x":-143.1,"y":-544.2},{"__type__":"cc.Vec2","x":-81.9,"y":-537.1},{"__type__":"cc.Vec2","x":-48,"y":-497},{"__type__":"cc.Vec2","x":49,"y":-217},{"__type__":"cc.Vec2","x":130,"y":-75},{"__type__":"cc.Vec2","x":193,"y":-32},{"__type__":"cc.Vec2","x":261,"y":-34},{"__type__":"cc.Vec2","x":315,"y":-47},{"__type__":"cc.Vec2","x":358,"y":-84},{"__type__":"cc.Vec2","x":398,"y":-149},{"__type__":"cc.Vec2","x":506,"y":802},{"__type__":"cc.Vec2","x":-504,"y":801}]},{"__type__":"1100eDGpRlLMYp5CrYQGpcQ","node":{"__id__":1}}],"_prefab":{"__type__":"cc.PrefabInfo","root":{"__id__":1},"asset":{"__uuid__":"91jDwsMWVDL4z4xGt7IZdL"},"fileId":"73J5DaxWhMsZHji3xHxsbR"},"_contentSize":{"__type__":"cc.Size","width":902,"height":1523},"_trs":{"__type__":"TypedArray","ctor":"Float64Array","array":[0,0,0,0,0,0,1,1,1,1]}},{"__type__":"cc.Node","_name":"bulePos_node","_parent":{"__id__":1},"_children":[{"__type__":"cc.Node","_name":"New Node","_parent":{"__id__":2},"_prefab":{"__type__":"cc.PrefabInfo","root":{"__id__":1},"asset":{"__uuid__":"91jDwsMWVDL4z4xGt7IZdL"},"fileId":"55H8zLBcVOEbdRwOBHDd4C"},"_trs":{"__type__":"TypedArray","ctor":"Float64Array","array":[-317.862,509.349,0,0,0,0,1,1,1,1]}}],"_prefab":{"__type__":"cc.PrefabInfo","root":{"__id__":1},"asset":{"__uuid__":"91jDwsMWVDL4z4xGt7IZdL"},"fileId":"1d8Dn/nVdBbItMG1H9tp4i"},"_trs":{"__type__":"TypedArray","ctor":"Float64Array","array":[0,0,0,0,0,0,1,1,1,1]}},{"__type__":"cc.Node","_name":"gray_node","_parent":{"__id__":1},"_components":[{"__type__":"3400dF2d2tHLK8+En9baGXY","node":{"__id__":3},"grey_prefab":{"__uuid__":"13FEeEL1NMaK5TFGpFQpJr"}}],"_prefab":{"__type__":"cc.PrefabInfo","root":{"__id__":1},"asset":{"__uuid__":"91jDwsMWVDL4z4xGt7IZdL"},"fileId":"a8UuYFhPBHQb0sU3Dqk+DT"},"_trs":{"__type__":"TypedArray","ctor":"Float64Array","array":[0,0,0,0,0,0,1,1,1,1]}},{"__type__":"cc.Node","_name":"black_node","_parent":{"__id__":1},"_components":[{"__type__":"6c0e8KZwr5L34azTYX21stu","node":{"__id__":4}}],"_prefab":{"__type__":"cc.PrefabInfo","root":{"__id__":1},"asset":{"__uuid__":"91jDwsMWVDL4z4xGt7IZdL"},"fileId":"8dHofJc61FxYvor4laQFFj"},"_trs":{"__type__":"TypedArray","ctor":"Float64Array","array":[0,0,0,0,0,0,1,1,1,1]}},{"__type__":"cc.Node","_name":"zhenNode","_parent":{"__id__":1},"_children":[{"__id__":6}],"_prefab":{"__type__":"cc.PrefabInfo","root":{"__id__":1},"asset":{"__uuid__":"91jDwsMWVDL4z4xGt7IZdL"},"fileId":"1d3iGooqtCML+1NR5yNHqO"},"_trs":{"__type__":"TypedArray","ctor":"Float64Array","array":[-298,401,0,0,0,1,6.123233995736766e-17,1,1,1]},"_eulerAngles":{"__type__":"cc.Vec3","z":180},"_groupIndex":8,"groupIndex":8},{"__type__":"cc.Node","_name":"zhen","_parent":{"__id__":5},"_components":[{"__type__":"cc.Sprite","node":{"__id__":6},"_materials":[{"__uuid__":"ecpdLyjvZBwrvm+cedCcQy"}],"_spriteFrame":{"__uuid__":"81u1O4l2lM2IGXbUA/0aw7"},"_type":1},{"__type__":"cc.RigidBody","node":{"__id__":6},"_type":3,"_allowSleep":false,"_gravityScale":0,"_fixedRotation":true,"enabledContactListener":true,"bullet":true},{"__type__":"cc.PhysicsPolygonCollider","node":{"__id__":6},"tag":222,"points":[{"__type__":"cc.Vec2","x":227.5,"y":55.5},{"__type__":"cc.Vec2","x":214.5,"y":51.5},{"__type__":"cc.Vec2","x":206.5,"y":45.5},{"__type__":"cc.Vec2","x":192,"y":33.4},{"__type__":"cc.Vec2","x":188.8,"y":24.1},{"__type__":"cc.Vec2","x":186,"y":17.9},{"__type__":"cc.Vec2","x":-283.4,"y":14.8},{"__type__":"cc.Vec2","x":-292.8,"y":-0.5},{"__type__":"cc.Vec2","x":-280.9,"y":-28.2},{"__type__":"cc.Vec2","x":182.8,"y":-30.7},{"__type__":"cc.Vec2","x":193.4,"y":-34.3},{"__type__":"cc.Vec2","x":209.9,"y":-47.8},{"__type__":"cc.Vec2","x":238.1,"y":-54.9},{"__type__":"cc.Vec2","x":261.8,"y":-50.5},{"__type__":"cc.Vec2","x":285.2,"y":-28.5},{"__type__":"cc.Vec2","x":291.1,"y":-15.6},{"__type__":"cc.Vec2","x":292.7,"y":0.3},{"__type__":"cc.Vec2","x":288.9,"y":22},{"__type__":"cc.Vec2","x":265.3,"y":49.4}]},{"__type__":"72555Q9muRD1505Zi2fOOxm","node":{"__id__":6},"linevelocityX":500}],"_prefab":{"__type__":"cc.PrefabInfo","root":{"__id__":1},"asset":{"__uuid__":"91jDwsMWVDL4z4xGt7IZdL"},"fileId":"f1MVtx4wJLPqfAZzp2FurV"},"_contentSize":{"__type__":"cc.Size","width":587,"height":111},"_trs":{"__type__":"TypedArray","ctor":"Float64Array","array":[0,0,0,0,0,0,1,0.8,0.8,0.8]},"_groupIndex":8,"groupIndex":8},{"__type__":"cc.Node","_name":"zhenNode","_parent":{"__id__":1},"_children":[{"__id__":8}],"_prefab":{"__type__":"cc.PrefabInfo","root":{"__id__":1},"asset":{"__uuid__":"91jDwsMWVDL4z4xGt7IZdL"},"fileId":"4db2YcSK5AWZc+17EnaEQU"},"_trs":{"__type__":"TypedArray","ctor":"Float64Array","array":[-298,299,0,0,0,1,6.123233995736766e-17,1,1,1]},"_eulerAngles":{"__type__":"cc.Vec3","z":180},"_groupIndex":8,"groupIndex":8},{"__type__":"cc.Node","_name":"zhen","_parent":{"__id__":7},"_components":[{"__type__":"cc.Sprite","node":{"__id__":8},"_materials":[{"__uuid__":"ecpdLyjvZBwrvm+cedCcQy"}],"_spriteFrame":{"__uuid__":"81u1O4l2lM2IGXbUA/0aw7"},"_type":1},{"__type__":"cc.RigidBody","node":{"__id__":8},"_type":3,"_allowSleep":false,"_gravityScale":0,"_fixedRotation":true,"enabledContactListener":true,"bullet":true},{"__type__":"cc.PhysicsPolygonCollider","node":{"__id__":8},"tag":222,"points":[{"__type__":"cc.Vec2","x":227.5,"y":55.5},{"__type__":"cc.Vec2","x":214.5,"y":51.5},{"__type__":"cc.Vec2","x":206.5,"y":45.5},{"__type__":"cc.Vec2","x":192,"y":33.4},{"__type__":"cc.Vec2","x":188.8,"y":24.1},{"__type__":"cc.Vec2","x":186,"y":17.9},{"__type__":"cc.Vec2","x":-283.4,"y":14.8},{"__type__":"cc.Vec2","x":-292.8,"y":-0.5},{"__type__":"cc.Vec2","x":-281.9,"y":-14.7},{"__type__":"cc.Vec2","x":184.9,"y":-17.2},{"__type__":"cc.Vec2","x":193.4,"y":-34.3},{"__type__":"cc.Vec2","x":209.9,"y":-47.8},{"__type__":"cc.Vec2","x":238.1,"y":-54.9},{"__type__":"cc.Vec2","x":261.8,"y":-50.5},{"__type__":"cc.Vec2","x":285.2,"y":-28.5},{"__type__":"cc.Vec2","x":291.1,"y":-15.6},{"__type__":"cc.Vec2","x":292.7,"y":0.3},{"__type__":"cc.Vec2","x":288.9,"y":22},{"__type__":"cc.Vec2","x":265.3,"y":49.4}]},{"__type__":"72555Q9muRD1505Zi2fOOxm","node":{"__id__":8},"linevelocityX":500}],"_prefab":{"__type__":"cc.PrefabInfo","root":{"__id__":1},"asset":{"__uuid__":"91jDwsMWVDL4z4xGt7IZdL"},"fileId":"09R7L/pgJHwYqUh6v1qPt3"},"_contentSize":{"__type__":"cc.Size","width":587,"height":111},"_trs":{"__type__":"TypedArray","ctor":"Float64Array","array":[0,0,0,0,0,0,1,0.8,0.8,0.8]},"_groupIndex":8,"groupIndex":8},{"__type__":"cc.Node","_name":"zhenNode","_parent":{"__id__":1},"_children":[{"__id__":10}],"_prefab":{"__type__":"cc.PrefabInfo","root":{"__id__":1},"asset":{"__uuid__":"91jDwsMWVDL4z4xGt7IZdL"},"fileId":"81t8Q+MyVAarvMI5Z1fihl"},"_trs":{"__type__":"TypedArray","ctor":"Float64Array","array":[-298,204,0,0,0,1,6.123233995736766e-17,1,1,1]},"_eulerAngles":{"__type__":"cc.Vec3","z":180},"_groupIndex":8,"groupIndex":8},{"__type__":"cc.Node","_name":"zhen","_parent":{"__id__":9},"_components":[{"__type__":"cc.Sprite","node":{"__id__":10},"_materials":[{"__uuid__":"ecpdLyjvZBwrvm+cedCcQy"}],"_spriteFrame":{"__uuid__":"81u1O4l2lM2IGXbUA/0aw7"},"_type":1},{"__type__":"cc.RigidBody","node":{"__id__":10},"_type":3,"_allowSleep":false,"_gravityScale":0,"_fixedRotation":true,"enabledContactListener":true,"bullet":true},{"__type__":"cc.PhysicsPolygonCollider","node":{"__id__":10},"tag":222,"points":[{"__type__":"cc.Vec2","x":227.5,"y":55.5},{"__type__":"cc.Vec2","x":214.5,"y":51.5},{"__type__":"cc.Vec2","x":206.5,"y":45.5},{"__type__":"cc.Vec2","x":192,"y":33.4},{"__type__":"cc.Vec2","x":188.8,"y":24.1},{"__type__":"cc.Vec2","x":186,"y":17.9},{"__type__":"cc.Vec2","x":-283.4,"y":14.8},{"__type__":"cc.Vec2","x":-292.8,"y":-0.5},{"__type__":"cc.Vec2","x":-281.9,"y":-14.7},{"__type__":"cc.Vec2","x":184.9,"y":-17.2},{"__type__":"cc.Vec2","x":193.4,"y":-34.3},{"__type__":"cc.Vec2","x":209.9,"y":-47.8},{"__type__":"cc.Vec2","x":238.1,"y":-54.9},{"__type__":"cc.Vec2","x":261.8,"y":-50.5},{"__type__":"cc.Vec2","x":285.2,"y":-28.5},{"__type__":"cc.Vec2","x":291.1,"y":-15.6},{"__type__":"cc.Vec2","x":292.7,"y":0.3},{"__type__":"cc.Vec2","x":288.9,"y":22},{"__type__":"cc.Vec2","x":265.3,"y":49.4}]},{"__type__":"72555Q9muRD1505Zi2fOOxm","node":{"__id__":10},"linevelocityX":500}],"_prefab":{"__type__":"cc.PrefabInfo","root":{"__id__":1},"asset":{"__uuid__":"91jDwsMWVDL4z4xGt7IZdL"},"fileId":"66GkEG/oxFMJgUWKuNpHqI"},"_contentSize":{"__type__":"cc.Size","width":587,"height":111},"_trs":{"__type__":"TypedArray","ctor":"Float64Array","array":[0,0,0,0,0,0,1,0.8,0.8,0.8]},"_groupIndex":8,"groupIndex":8},{"__type__":"cc.Node","_name":"zhenNode","_parent":{"__id__":1},"_children":[{"__id__":12}],"_prefab":{"__type__":"cc.PrefabInfo","root":{"__id__":1},"asset":{"__uuid__":"91jDwsMWVDL4z4xGt7IZdL"},"fileId":"f6lL0zSURLKbPd+TcpQfY5"},"_trs":{"__type__":"TypedArray","ctor":"Float64Array","array":[-298,113,0,0,0,1,6.123233995736766e-17,1,1,1]},"_eulerAngles":{"__type__":"cc.Vec3","z":180},"_groupIndex":8,"groupIndex":8},{"__type__":"cc.Node","_name":"zhen","_parent":{"__id__":11},"_components":[{"__type__":"cc.Sprite","node":{"__id__":12},"_materials":[{"__uuid__":"ecpdLyjvZBwrvm+cedCcQy"}],"_spriteFrame":{"__uuid__":"81u1O4l2lM2IGXbUA/0aw7"},"_type":1},{"__type__":"cc.RigidBody","node":{"__id__":12},"_type":3,"_allowSleep":false,"_gravityScale":0,"_fixedRotation":true,"enabledContactListener":true,"bullet":true},{"__type__":"cc.PhysicsPolygonCollider","node":{"__id__":12},"tag":222,"points":[{"__type__":"cc.Vec2","x":227.5,"y":55.5},{"__type__":"cc.Vec2","x":214.5,"y":51.5},{"__type__":"cc.Vec2","x":206.5,"y":45.5},{"__type__":"cc.Vec2","x":192,"y":33.4},{"__type__":"cc.Vec2","x":188.8,"y":24.1},{"__type__":"cc.Vec2","x":186,"y":17.9},{"__type__":"cc.Vec2","x":-283.4,"y":14.8},{"__type__":"cc.Vec2","x":-292.8,"y":-0.5},{"__type__":"cc.Vec2","x":-281.9,"y":-14.7},{"__type__":"cc.Vec2","x":184.9,"y":-17.2},{"__type__":"cc.Vec2","x":193.4,"y":-34.3},{"__type__":"cc.Vec2","x":209.9,"y":-47.8},{"__type__":"cc.Vec2","x":238.1,"y":-54.9},{"__type__":"cc.Vec2","x":261.8,"y":-50.5},{"__type__":"cc.Vec2","x":285.2,"y":-28.5},{"__type__":"cc.Vec2","x":291.1,"y":-15.6},{"__type__":"cc.Vec2","x":292.7,"y":0.3},{"__type__":"cc.Vec2","x":288.9,"y":22},{"__type__":"cc.Vec2","x":265.3,"y":49.4}]},{"__type__":"72555Q9muRD1505Zi2fOOxm","node":{"__id__":12},"linevelocityX":500}],"_prefab":{"__type__":"cc.PrefabInfo","root":{"__id__":1},"asset":{"__uuid__":"91jDwsMWVDL4z4xGt7IZdL"},"fileId":"7bsyuc6LNL6oZX4tybqxwz"},"_contentSize":{"__type__":"cc.Size","width":587,"height":111},"_trs":{"__type__":"TypedArray","ctor":"Float64Array","array":[0,0,0,0,0,0,1,0.8,0.8,0.8]},"_groupIndex":8,"groupIndex":8},{"__type__":"cc.Node","_name":"zhenNode","_parent":{"__id__":1},"_children":[{"__id__":14}],"_prefab":{"__type__":"cc.PrefabInfo","root":{"__id__":1},"asset":{"__uuid__":"91jDwsMWVDL4z4xGt7IZdL"},"fileId":"ffoSFfiqZOc5yJXFEThMgu"},"_trs":{"__type__":"TypedArray","ctor":"Float64Array","array":[-298,18,0,0,0,1,6.123233995736766e-17,1,1,1]},"_eulerAngles":{"__type__":"cc.Vec3","z":180},"_groupIndex":8,"groupIndex":8},{"__type__":"cc.Node","_name":"zhen","_parent":{"__id__":13},"_components":[{"__type__":"cc.Sprite","node":{"__id__":14},"_materials":[{"__uuid__":"ecpdLyjvZBwrvm+cedCcQy"}],"_spriteFrame":{"__uuid__":"81u1O4l2lM2IGXbUA/0aw7"},"_type":1},{"__type__":"cc.RigidBody","node":{"__id__":14},"_type":3,"_allowSleep":false,"_gravityScale":0,"_fixedRotation":true,"enabledContactListener":true,"bullet":true},{"__type__":"cc.PhysicsPolygonCollider","node":{"__id__":14},"tag":222,"points":[{"__type__":"cc.Vec2","x":227.5,"y":55.5},{"__type__":"cc.Vec2","x":214.5,"y":51.5},{"__type__":"cc.Vec2","x":206.5,"y":45.5},{"__type__":"cc.Vec2","x":192,"y":33.4},{"__type__":"cc.Vec2","x":188.8,"y":24.1},{"__type__":"cc.Vec2","x":186,"y":17.9},{"__type__":"cc.Vec2","x":-283.4,"y":14.8},{"__type__":"cc.Vec2","x":-292.8,"y":-0.5},{"__type__":"cc.Vec2","x":-281.9,"y":-14.7},{"__type__":"cc.Vec2","x":184.9,"y":-17.2},{"__type__":"cc.Vec2","x":193.4,"y":-34.3},{"__type__":"cc.Vec2","x":209.9,"y":-47.8},{"__type__":"cc.Vec2","x":238.1,"y":-54.9},{"__type__":"cc.Vec2","x":261.8,"y":-50.5},{"__type__":"cc.Vec2","x":285.2,"y":-28.5},{"__type__":"cc.Vec2","x":291.1,"y":-15.6},{"__type__":"cc.Vec2","x":292.7,"y":0.3},{"__type__":"cc.Vec2","x":288.9,"y":22},{"__type__":"cc.Vec2","x":265.3,"y":49.4}]},{"__type__":"72555Q9muRD1505Zi2fOOxm","node":{"__id__":14},"linevelocityX":500}],"_prefab":{"__type__":"cc.PrefabInfo","root":{"__id__":1},"asset":{"__uuid__":"91jDwsMWVDL4z4xGt7IZdL"},"fileId":"04h+8BU1tHR4M26VX5iq4Z"},"_contentSize":{"__type__":"cc.Size","width":587,"height":111},"_trs":{"__type__":"TypedArray","ctor":"Float64Array","array":[0,0,0,0,0,0,1,0.8,0.8,0.8]},"_groupIndex":8,"groupIndex":8},{"__type__":"cc.Node","_name":"zhenNode","_parent":{"__id__":1},"_children":[{"__id__":16}],"_prefab":{"__type__":"cc.PrefabInfo","root":{"__id__":1},"asset":{"__uuid__":"91jDwsMWVDL4z4xGt7IZdL"},"fileId":"50KVIIvQ9EzIMDr4j/voGr"},"_trs":{"__type__":"TypedArray","ctor":"Float64Array","array":[-298,-72,0,0,0,1,6.123233995736766e-17,1,1,1]},"_eulerAngles":{"__type__":"cc.Vec3","z":180},"_groupIndex":8,"groupIndex":8},{"__type__":"cc.Node","_name":"zhen","_parent":{"__id__":15},"_components":[{"__type__":"cc.Sprite","node":{"__id__":16},"_materials":[{"__uuid__":"ecpdLyjvZBwrvm+cedCcQy"}],"_spriteFrame":{"__uuid__":"81u1O4l2lM2IGXbUA/0aw7"},"_type":1},{"__type__":"cc.RigidBody","node":{"__id__":16},"_type":3,"_allowSleep":false,"_gravityScale":0,"_fixedRotation":true,"enabledContactListener":true,"bullet":true},{"__type__":"cc.PhysicsPolygonCollider","node":{"__id__":16},"tag":222,"points":[{"__type__":"cc.Vec2","x":227.5,"y":55.5},{"__type__":"cc.Vec2","x":214.5,"y":51.5},{"__type__":"cc.Vec2","x":206.5,"y":45.5},{"__type__":"cc.Vec2","x":192,"y":33.4},{"__type__":"cc.Vec2","x":188.8,"y":24.1},{"__type__":"cc.Vec2","x":186,"y":17.9},{"__type__":"cc.Vec2","x":-283.4,"y":14.8},{"__type__":"cc.Vec2","x":-292.8,"y":-0.5},{"__type__":"cc.Vec2","x":-281.9,"y":-14.7},{"__type__":"cc.Vec2","x":184.9,"y":-17.2},{"__type__":"cc.Vec2","x":193.4,"y":-34.3},{"__type__":"cc.Vec2","x":209.9,"y":-47.8},{"__type__":"cc.Vec2","x":238.1,"y":-54.9},{"__type__":"cc.Vec2","x":261.8,"y":-50.5},{"__type__":"cc.Vec2","x":285.2,"y":-28.5},{"__type__":"cc.Vec2","x":291.1,"y":-15.6},{"__type__":"cc.Vec2","x":292.7,"y":0.3},{"__type__":"cc.Vec2","x":288.9,"y":22},{"__type__":"cc.Vec2","x":265.3,"y":49.4}]},{"__type__":"72555Q9muRD1505Zi2fOOxm","node":{"__id__":16},"linevelocityX":500}],"_prefab":{"__type__":"cc.PrefabInfo","root":{"__id__":1},"asset":{"__uuid__":"91jDwsMWVDL4z4xGt7IZdL"},"fileId":"d4Hhojt7tLzqI6tdipcdLO"},"_contentSize":{"__type__":"cc.Size","width":587,"height":111},"_trs":{"__type__":"TypedArray","ctor":"Float64Array","array":[0,0,0,0,0,0,1,0.8,0.8,0.8]},"_groupIndex":8,"groupIndex":8},{"__type__":"cc.Node","_name":"zhenNode","_parent":{"__id__":1},"_children":[{"__id__":18}],"_prefab":{"__type__":"cc.PrefabInfo","root":{"__id__":1},"asset":{"__uuid__":"91jDwsMWVDL4z4xGt7IZdL"},"fileId":"919EzUeRVOybkt3F65ow51"},"_trs":{"__type__":"TypedArray","ctor":"Float64Array","array":[-298,-165,0,0,0,1,6.123233995736766e-17,1,1,1]},"_eulerAngles":{"__type__":"cc.Vec3","z":180},"_groupIndex":8,"groupIndex":8},{"__type__":"cc.Node","_name":"zhen","_parent":{"__id__":17},"_components":[{"__type__":"cc.Sprite","node":{"__id__":18},"_materials":[{"__uuid__":"ecpdLyjvZBwrvm+cedCcQy"}],"_spriteFrame":{"__uuid__":"81u1O4l2lM2IGXbUA/0aw7"},"_type":1},{"__type__":"cc.RigidBody","node":{"__id__":18},"_type":3,"_allowSleep":false,"_gravityScale":0,"_fixedRotation":true,"enabledContactListener":true,"bullet":true},{"__type__":"cc.PhysicsPolygonCollider","node":{"__id__":18},"tag":222,"points":[{"__type__":"cc.Vec2","x":227.5,"y":55.5},{"__type__":"cc.Vec2","x":214.5,"y":51.5},{"__type__":"cc.Vec2","x":206.5,"y":45.5},{"__type__":"cc.Vec2","x":192,"y":33.4},{"__type__":"cc.Vec2","x":188.8,"y":24.1},{"__type__":"cc.Vec2","x":186,"y":17.9},{"__type__":"cc.Vec2","x":-283.4,"y":14.8},{"__type__":"cc.Vec2","x":-292.8,"y":-0.5},{"__type__":"cc.Vec2","x":-281.9,"y":-14.7},{"__type__":"cc.Vec2","x":184.9,"y":-17.2},{"__type__":"cc.Vec2","x":193.4,"y":-34.3},{"__type__":"cc.Vec2","x":209.9,"y":-47.8},{"__type__":"cc.Vec2","x":238.1,"y":-54.9},{"__type__":"cc.Vec2","x":261.8,"y":-50.5},{"__type__":"cc.Vec2","x":285.2,"y":-28.5},{"__type__":"cc.Vec2","x":291.1,"y":-15.6},{"__type__":"cc.Vec2","x":292.7,"y":0.3},{"__type__":"cc.Vec2","x":288.9,"y":22},{"__type__":"cc.Vec2","x":265.3,"y":49.4}]},{"__type__":"72555Q9muRD1505Zi2fOOxm","node":{"__id__":18},"linevelocityX":500}],"_prefab":{"__type__":"cc.PrefabInfo","root":{"__id__":1},"asset":{"__uuid__":"91jDwsMWVDL4z4xGt7IZdL"},"fileId":"f14Fu+j0pDJ6g0NzpMrCiR"},"_contentSize":{"__type__":"cc.Size","width":587,"height":111},"_trs":{"__type__":"TypedArray","ctor":"Float64Array","array":[0,0,0,0,0,0,1,0.8,0.8,0.8]},"_groupIndex":8,"groupIndex":8}]]