[{"__type__":"cc.SpriteFrame","content":{"name":"guanqia13","texture":"40X0cPc/JOpoSW0WVOFqGx","rect":[1,1,957,1463],"offset":[0,-0.5],"originalSize":[959,1464],"capInsets":[0,0,0,0]}},[{"__type__":"cc.Prefab","_name":"UIDerived13","data":{"__id__":1}},{"__type__":"cc.Node","_name":"UIDerived13","_children":[{"__type__":"cc.Node","_name":"player","_parent":{"__id__":1},"_prefab":{"__type__":"cc.PrefabInfo","root":{"__id__":1},"asset":{"__uuid__":"88mudQ0GhLw5jsGF5Lh338"},"fileId":"c2fMmyMwFEqY6ywxBZY/2W"},"_contentSize":{"__type__":"cc.Size","width":234.2,"height":136},"_trs":{"__type__":"TypedArray","ctor":"Float64Array","array":[-335.249,265.25,0,0,0,0,1,0.7,0.7,0.7]}},{"__type__":"cc.Node","_name":"bule_node","_parent":{"__id__":1},"_prefab":{"__type__":"cc.PrefabInfo","root":{"__id__":1},"asset":{"__uuid__":"88mudQ0GhLw5jsGF5Lh338"},"fileId":"16AYj6LjtLXaBNrQr+6f8C"},"_trs":{"__type__":"TypedArray","ctor":"Float64Array","array":[0,0,0,0,0,0,1,1,1,1]}},{"__type__":"cc.Node","_name":"greenwater_node","_parent":{"__id__":1},"_prefab":{"__type__":"cc.PrefabInfo","root":{"__id__":1},"asset":{"__uuid__":"88mudQ0GhLw5jsGF5Lh338"},"fileId":"03XNORAZ1BYoEJKJyy4rO9"},"_trs":{"__type__":"TypedArray","ctor":"Float64Array","array":[0,0,0,0,0,0,1,1,1,1]}},{"__type__":"cc.Node","_name":"redwater_node","_parent":{"__id__":1},"_prefab":{"__type__":"cc.PrefabInfo","root":{"__id__":1},"asset":{"__uuid__":"88mudQ0GhLw5jsGF5Lh338"},"fileId":"47ZmS3ijNCKp47a1MEYiVA"},"_trs":{"__type__":"TypedArray","ctor":"Float64Array","array":[0,0,0,0,0,0,1,1,1,1]}},{"__id__":2},{"__type__":"cc.Node","_name":"gray_node","_parent":{"__id__":1},"_prefab":{"__type__":"cc.PrefabInfo","root":{"__id__":1},"asset":{"__uuid__":"88mudQ0GhLw5jsGF5Lh338"},"fileId":"f28WgfjDNNCaD9tAWsr/4J"},"_trs":{"__type__":"TypedArray","ctor":"Float64Array","array":[0,0,0,0,0,0,1,1,1,1]}},{"__id__":3},{"__type__":"cc.Node","_name":"redPos_node","_parent":{"__id__":1},"_prefab":{"__type__":"cc.PrefabInfo","root":{"__id__":1},"asset":{"__uuid__":"88mudQ0GhLw5jsGF5Lh338"},"fileId":"8b7xUO1qhF44PUA+BkwwXW"},"_trs":{"__type__":"TypedArray","ctor":"Float64Array","array":[0,0,0,0,0,0,1,1,1,1]}},{"__type__":"cc.Node","_name":"greenPos_node","_parent":{"__id__":1},"_prefab":{"__type__":"cc.PrefabInfo","root":{"__id__":1},"asset":{"__uuid__":"88mudQ0GhLw5jsGF5Lh338"},"fileId":"e0lu2SYcNINL4sb6j+Ax8E"},"_trs":{"__type__":"TypedArray","ctor":"Float64Array","array":[0,0,0,0,0,0,1,1,1,1]}},{"__id__":4},{"__id__":8},{"__id__":12}],"_components":[{"__type__":"cc.PhysicsPolygonCollider","node":{"__id__":1},"points":[{"__type__":"cc.Vec2","x":-440.1,"y":214.3},{"__type__":"cc.Vec2","x":-439,"y":497},{"__type__":"cc.Vec2","x":-432,"y":506},{"__type__":"cc.Vec2","x":-414.2,"y":510.6},{"__type__":"cc.Vec2","x":-647,"y":550},{"__type__":"cc.Vec2","x":-654,"y":53},{"__type__":"cc.Vec2","x":-479,"y":41},{"__type__":"cc.Vec2","x":-396,"y":50},{"__type__":"cc.Vec2","x":-204,"y":48},{"__type__":"cc.Vec2","x":-206,"y":-903},{"__type__":"cc.Vec2","x":603,"y":-897},{"__type__":"cc.Vec2","x":598,"y":498},{"__type__":"cc.Vec2","x":875,"y":497},{"__type__":"cc.Vec2","x":465.1,"y":720.8},{"__type__":"cc.Vec2","x":170.5,"y":717.5},{"__type__":"cc.Vec2","x":174.4,"y":-552.3},{"__type__":"cc.Vec2","x":144.4,"y":-551.6},{"__type__":"cc.Vec2","x":149,"y":746},{"__type__":"cc.Vec2","x":-491,"y":731},{"__type__":"cc.Vec2","x":-413,"y":511},{"__type__":"cc.Vec2","x":91.3,"y":510.2},{"__type__":"cc.Vec2","x":119,"y":492.3},{"__type__":"cc.Vec2","x":121.4,"y":-562.5},{"__type__":"cc.Vec2","x":132.7,"y":-575.6},{"__type__":"cc.Vec2","x":183.6,"y":-576.5},{"__type__":"cc.Vec2","x":198.4,"y":-558},{"__type__":"cc.Vec2","x":196.7,"y":692.8},{"__type__":"cc.Vec2","x":440.8,"y":693.9},{"__type__":"cc.Vec2","x":440.9,"y":524},{"__type__":"cc.Vec2","x":390.4,"y":524.3},{"__type__":"cc.Vec2","x":376.1,"y":511.5},{"__type__":"cc.Vec2","x":376.3,"y":-671.5},{"__type__":"cc.Vec2","x":362.2,"y":-691.3},{"__type__":"cc.Vec2","x":-29.7,"y":-693.3},{"__type__":"cc.Vec2","x":-55.9,"y":-679.1},{"__type__":"cc.Vec2","x":-57,"y":18.5},{"__type__":"cc.Vec2","x":-57.1,"y":314.8},{"__type__":"cc.Vec2","x":-72.8,"y":331.2},{"__type__":"cc.Vec2","x":-177,"y":333},{"__type__":"cc.Vec2","x":-187.4,"y":330.1},{"__type__":"cc.Vec2","x":-198.9,"y":315.8},{"__type__":"cc.Vec2","x":-199.3,"y":221.5},{"__type__":"cc.Vec2","x":-206.4,"y":205.8},{"__type__":"cc.Vec2","x":-421.7,"y":204.8}]},{"__type__":"cc.Sprite","node":{"__id__":1},"_materials":[{"__uuid__":"ecpdLyjvZBwrvm+cedCcQy"}],"_spriteFrame":{"__uuid__":"430bfvoQVNp4AHm3adDSJr"}},{"__type__":"1100eDGpRlLMYp5CrYQGpcQ","node":{"__id__":1}},{"__type__":"cc.RigidBody","node":{"__id__":1},"_type":0}],"_prefab":{"__type__":"cc.PrefabInfo","root":{"__id__":1},"asset":{"__uuid__":"88mudQ0GhLw5jsGF5Lh338"},"fileId":"58JnfJtLlDHLm9lZYy0Dwc"},"_contentSize":{"__type__":"cc.Size","width":957,"height":1463},"_trs":{"__type__":"TypedArray","ctor":"Float64Array","array":[0,86.758,0,0,0,0,1,1,1,1]}},{"__type__":"cc.Node","_name":"black_node","_parent":{"__id__":1},"_components":[{"__type__":"6c0e8KZwr5L34azTYX21stu","node":{"__id__":2}}],"_prefab":{"__type__":"cc.PrefabInfo","root":{"__id__":1},"asset":{"__uuid__":"88mudQ0GhLw5jsGF5Lh338"},"fileId":"87Ye92JNVPEIMghWOYUnMP"},"_trs":{"__type__":"TypedArray","ctor":"Float64Array","array":[0,0,0,0,0,0,1,1,1,1]}},{"__type__":"cc.Node","_name":"bulePos_node","_parent":{"__id__":1},"_children":[{"__type__":"cc.Node","_name":"New Node","_parent":{"__id__":3},"_prefab":{"__type__":"cc.PrefabInfo","root":{"__id__":1},"asset":{"__uuid__":"88mudQ0GhLw5jsGF5Lh338"},"fileId":"5c5sukXURNrbrzCnCJnW72"},"_trs":{"__type__":"TypedArray","ctor":"Float64Array","array":[241.96,403.643,0,0,0,0,1,1,1,1]}}],"_prefab":{"__type__":"cc.PrefabInfo","root":{"__id__":1},"asset":{"__uuid__":"88mudQ0GhLw5jsGF5Lh338"},"fileId":"fajyAMC9VGr6RwbMBYyu3k"},"_trs":{"__type__":"TypedArray","ctor":"Float64Array","array":[0,0,0,0,0,0,1,1,1,1]}},{"__type__":"cc.Node","_name":"zhenNodeTwo","_parent":{"__id__":1},"_children":[{"__id__":5},{"__id__":6},{"__id__":7}],"_prefab":{"__type__":"cc.PrefabInfo","root":{"__id__":1},"asset":{"__uuid__":"88mudQ0GhLw5jsGF5Lh338"},"fileId":"b0xzHvtwNN1JGC4QXRsZPX"},"_trs":{"__type__":"TypedArray","ctor":"Float64Array","array":[341.946,77.041,0,0,0,1,6.123233995736766e-17,1,1,1]},"_eulerAngles":{"__type__":"cc.Vec3","z":180}},{"__type__":"cc.Node","_name":"zhen","_parent":{"__id__":4},"_components":[{"__type__":"cc.Sprite","node":{"__id__":5},"_materials":[{"__uuid__":"ecpdLyjvZBwrvm+cedCcQy"}],"_spriteFrame":{"__uuid__":"14vJwyNH1OspMXFimJtxkW"},"_type":1,"_sizeMode":0},{"__type__":"cc.RigidBody","node":{"__id__":5},"_type":3,"_gravityScale":0,"_fixedRotation":true,"enabledContactListener":true,"bullet":true},{"__type__":"cc.PhysicsPolygonCollider","node":{"__id__":5},"_offset":{"__type__":"cc.Vec2","x":149.2,"y":3.3},"points":[{"__type__":"cc.Vec2","x":-319,"y":-58},{"__type__":"cc.Vec2","x":-210,"y":-58},{"__type__":"cc.Vec2","x":-211.2,"y":-25.8},{"__type__":"cc.Vec2","x":16.7,"y":-25.3},{"__type__":"cc.Vec2","x":16.4,"y":21.1},{"__type__":"cc.Vec2","x":-209.3,"y":21.1},{"__type__":"cc.Vec2","x":-207,"y":52},{"__type__":"cc.Vec2","x":-319,"y":51}]},{"__type__":"1cb3eoIRdhJWZayW7A68Y7j","node":{"__id__":5},"applyUpsensor":true}],"_prefab":{"__type__":"cc.PrefabInfo","root":{"__id__":1},"asset":{"__uuid__":"88mudQ0GhLw5jsGF5Lh338"},"fileId":"9bx1nWhntHwKPyt1J+COpu"},"_contentSize":{"__type__":"cc.Size","width":340,"height":111},"_trs":{"__type__":"TypedArray","ctor":"Float64Array","array":[0,0,0,0,0,0,1,1,1,1]},"_groupIndex":8,"groupIndex":8},{"__type__":"cc.Node","_name":"zhendown","_parent":{"__id__":4},"_components":[{"__type__":"cc.RigidBody","node":{"__id__":6},"_type":0,"_gravityScale":0,"bullet":true}],"_prefab":{"__type__":"cc.PrefabInfo","root":{"__id__":1},"asset":{"__uuid__":"88mudQ0GhLw5jsGF5Lh338"},"fileId":"a7tZcKhapAe4i7ikT+pjC1"},"_trs":{"__type__":"TypedArray","ctor":"Float64Array","array":[-67,-446,0,0,0,0,1,1,1,1]}},{"__type__":"cc.Node","_name":"zhenup","_parent":{"__id__":4},"_components":[{"__type__":"cc.RigidBody","node":{"__id__":7},"_type":0,"_gravityScale":0,"bullet":true}],"_prefab":{"__type__":"cc.PrefabInfo","root":{"__id__":1},"asset":{"__uuid__":"88mudQ0GhLw5jsGF5Lh338"},"fileId":"61OcL++HFJ/o26rhD56AeO"},"_trs":{"__type__":"TypedArray","ctor":"Float64Array","array":[-24.259,760.016,0,0,0,0,1,1,1,1]}},{"__type__":"cc.Node","_name":"zhenNodeTwo","_parent":{"__id__":1},"_children":[{"__id__":9},{"__id__":10},{"__id__":11}],"_prefab":{"__type__":"cc.PrefabInfo","root":{"__id__":1},"asset":{"__uuid__":"88mudQ0GhLw5jsGF5Lh338"},"fileId":"015T4bE9dA6IreOEYt1Ohu"},"_trs":{"__type__":"TypedArray","ctor":"Float64Array","array":[-18.054,175.041,0,0,0,0,1,1,1,1]}},{"__type__":"cc.Node","_name":"zhen","_parent":{"__id__":8},"_components":[{"__type__":"cc.Sprite","node":{"__id__":9},"_materials":[{"__uuid__":"ecpdLyjvZBwrvm+cedCcQy"}],"_spriteFrame":{"__uuid__":"14vJwyNH1OspMXFimJtxkW"},"_type":1,"_sizeMode":0},{"__type__":"cc.RigidBody","node":{"__id__":9},"_type":3,"_gravityScale":0,"_fixedRotation":true,"enabledContactListener":true,"bullet":true},{"__type__":"cc.PhysicsPolygonCollider","node":{"__id__":9},"_offset":{"__type__":"cc.Vec2","x":149.2,"y":3.3},"points":[{"__type__":"cc.Vec2","x":-319,"y":-58},{"__type__":"cc.Vec2","x":-210,"y":-58},{"__type__":"cc.Vec2","x":-210.7,"y":-25.3},{"__type__":"cc.Vec2","x":16.2,"y":-24.2},{"__type__":"cc.Vec2","x":15.9,"y":21.1},{"__type__":"cc.Vec2","x":-209.8,"y":21.6},{"__type__":"cc.Vec2","x":-207,"y":52},{"__type__":"cc.Vec2","x":-319,"y":51}]},{"__type__":"1cb3eoIRdhJWZayW7A68Y7j","node":{"__id__":9},"applyDownsensor":true}],"_prefab":{"__type__":"cc.PrefabInfo","root":{"__id__":1},"asset":{"__uuid__":"88mudQ0GhLw5jsGF5Lh338"},"fileId":"243/RVN2REW6wbm2FgYHFW"},"_contentSize":{"__type__":"cc.Size","width":340,"height":111},"_trs":{"__type__":"TypedArray","ctor":"Float64Array","array":[0,0,0,0,0,0,1,1,1,1]},"_groupIndex":8,"groupIndex":8},{"__type__":"cc.Node","_name":"zhendown","_parent":{"__id__":8},"_components":[{"__type__":"cc.RigidBody","node":{"__id__":10},"_type":0,"_gravityScale":0,"bullet":true}],"_prefab":{"__type__":"cc.PrefabInfo","root":{"__id__":1},"asset":{"__uuid__":"88mudQ0GhLw5jsGF5Lh338"},"fileId":"6ew57lWN1BVap5ro4U9fh0"},"_trs":{"__type__":"TypedArray","ctor":"Float64Array","array":[-57.435,-863.626,0,0,0,0,1,1,1,1]}},{"__type__":"cc.Node","_name":"zhenup","_parent":{"__id__":8},"_components":[{"__type__":"cc.RigidBody","node":{"__id__":11},"_type":0,"_gravityScale":0,"bullet":true}],"_prefab":{"__type__":"cc.PrefabInfo","root":{"__id__":1},"asset":{"__uuid__":"88mudQ0GhLw5jsGF5Lh338"},"fileId":"3boumfz1RHrK9JlppZQkEj"},"_trs":{"__type__":"TypedArray","ctor":"Float64Array","array":[-97,148,0,0,0,0,1,1,1,1]}},{"__type__":"cc.Node","_name":"outsize","_parent":{"__id__":1},"_components":[{"__type__":"cc.RigidBody","node":{"__id__":12},"_type":0,"enabledContactListener":true},{"__type__":"cc.PhysicsBoxCollider","node":{"__id__":12},"_sensor":true,"_offset":{"__type__":"cc.Vec2","x":456,"y":-409},"_size":{"__type__":"cc.Size","width":96,"height":609}},{"__type__":"cc.PhysicsBoxCollider","node":{"__id__":12},"_sensor":true,"_offset":{"__type__":"cc.Vec2","x":165,"y":-763},"_size":{"__type__":"cc.Size","width":490,"height":67}},{"__type__":"cc.PhysicsBoxCollider","node":{"__id__":12},"_sensor":true,"_offset":{"__type__":"cc.Vec2","x":-128,"y":-212},"_size":{"__type__":"cc.Size","width":77,"height":1006}},{"__type__":"88fdbqXNLxKvYazHV1tJhDp","node":{"__id__":12}}],"_prefab":{"__type__":"cc.PrefabInfo","root":{"__id__":1},"asset":{"__uuid__":"88mudQ0GhLw5jsGF5Lh338"},"fileId":"d855j3R3dMC4I0znfO5/Gf"},"_trs":{"__type__":"TypedArray","ctor":"Float64Array","array":[0,0,0,0,0,0,1,1,1,1]}}]]