[[{"__type__":"cc.Prefab","_name":"UIDerived11","data":{"__id__":1}},{"__type__":"cc.Node","_name":"UIDerived11","_children":[{"__type__":"cc.Node","_name":"player","_parent":{"__id__":1},"_prefab":{"__type__":"cc.PrefabInfo","root":{"__id__":1},"asset":{"__uuid__":"f1V8rP5cRKqINI8gH7ZM80"},"fileId":"0dBv6BxdVK+6g5n7y1lICU"},"_contentSize":{"__type__":"cc.Size","width":240,"height":140},"_trs":{"__type__":"TypedArray","ctor":"Float64Array","array":[0,-542.2,0,0,0,0,1,0.7,0.7,0.7]}},{"__type__":"cc.Node","_name":"bule_node","_parent":{"__id__":1},"_prefab":{"__type__":"cc.PrefabInfo","root":{"__id__":1},"asset":{"__uuid__":"f1V8rP5cRKqINI8gH7ZM80"},"fileId":"299PqhidFO95ioiR4ofX/h"},"_trs":{"__type__":"TypedArray","ctor":"Float64Array","array":[0,0,0,0,0,0,1,1,1,1]}},{"__type__":"cc.Node","_name":"greenwater_node","_parent":{"__id__":1},"_prefab":{"__type__":"cc.PrefabInfo","root":{"__id__":1},"asset":{"__uuid__":"f1V8rP5cRKqINI8gH7ZM80"},"fileId":"eb2lsD3rJJa6EYEM2rYIOm"},"_trs":{"__type__":"TypedArray","ctor":"Float64Array","array":[0,0,0,0,0,0,1,1,1,1]}},{"__type__":"cc.Node","_name":"redwater_node","_parent":{"__id__":1},"_prefab":{"__type__":"cc.PrefabInfo","root":{"__id__":1},"asset":{"__uuid__":"f1V8rP5cRKqINI8gH7ZM80"},"fileId":"47BHNQYtxO8Yurvn0H9h/g"},"_trs":{"__type__":"TypedArray","ctor":"Float64Array","array":[0,0,0,0,0,0,1,1,1,1]}},{"__id__":2},{"__type__":"cc.Node","_name":"gray_node","_parent":{"__id__":1},"_prefab":{"__type__":"cc.PrefabInfo","root":{"__id__":1},"asset":{"__uuid__":"f1V8rP5cRKqINI8gH7ZM80"},"fileId":"53G8rPHG1H370/3OhimbM8"},"_trs":{"__type__":"TypedArray","ctor":"Float64Array","array":[0,0,0,0,0,0,1,1,1,1]}},{"__id__":3},{"__type__":"cc.Node","_name":"redPos_node","_parent":{"__id__":1},"_prefab":{"__type__":"cc.PrefabInfo","root":{"__id__":1},"asset":{"__uuid__":"f1V8rP5cRKqINI8gH7ZM80"},"fileId":"77ip3XRNBKNIVGJK38Lt0l"},"_trs":{"__type__":"TypedArray","ctor":"Float64Array","array":[0,0,0,0,0,0,1,1,1,1]}},{"__type__":"cc.Node","_name":"greenPos_node","_parent":{"__id__":1},"_prefab":{"__type__":"cc.PrefabInfo","root":{"__id__":1},"asset":{"__uuid__":"f1V8rP5cRKqINI8gH7ZM80"},"fileId":"3b/dZPyflIwpSELHYWgZ44"},"_trs":{"__type__":"TypedArray","ctor":"Float64Array","array":[0,0,0,0,0,0,1,1,1,1]}},{"__id__":4},{"__id__":7}],"_components":[{"__type__":"cc.Sprite","node":{"__id__":1},"_materials":[{"__uuid__":"ecpdLyjvZBwrvm+cedCcQy"}],"_spriteFrame":{"__uuid__":"f6IGt5r3VOuY1jaSZD/olO"}},{"__type__":"cc.RigidBody","node":{"__id__":1},"_type":0},{"__type__":"cc.PhysicsPolygonCollider","node":{"__id__":1},"points":[{"__type__":"cc.Vec2","x":-241.5,"y":618.4},{"__type__":"cc.Vec2","x":244.5,"y":622.4},{"__type__":"cc.Vec2","x":366,"y":689},{"__type__":"cc.Vec2","x":-342,"y":689},{"__type__":"cc.Vec2","x":-339,"y":114},{"__type__":"cc.Vec2","x":-332,"y":-661},{"__type__":"cc.Vec2","x":367,"y":-664},{"__type__":"cc.Vec2","x":372,"y":680},{"__type__":"cc.Vec2","x":242,"y":618},{"__type__":"cc.Vec2","x":245,"y":130.5},{"__type__":"cc.Vec2","x":225.4,"y":110.5},{"__type__":"cc.Vec2","x":71.3,"y":61.1},{"__type__":"cc.Vec2","x":56.2,"y":45.6},{"__type__":"cc.Vec2","x":60.8,"y":-217.4},{"__type__":"cc.Vec2","x":111.5,"y":-232.6},{"__type__":"cc.Vec2","x":167.2,"y":-257.7},{"__type__":"cc.Vec2","x":212,"y":-290},{"__type__":"cc.Vec2","x":242,"y":-348},{"__type__":"cc.Vec2","x":242.3,"y":-427},{"__type__":"cc.Vec2","x":231,"y":-495.3},{"__type__":"cc.Vec2","x":211.7,"y":-537.8},{"__type__":"cc.Vec2","x":188.8,"y":-567.2},{"__type__":"cc.Vec2","x":139.6,"y":-595.9},{"__type__":"cc.Vec2","x":80.1,"y":-610.1},{"__type__":"cc.Vec2","x":24,"y":-620.2},{"__type__":"cc.Vec2","x":-55.5,"y":-620},{"__type__":"cc.Vec2","x":-121,"y":-603.5},{"__type__":"cc.Vec2","x":-172.3,"y":-577},{"__type__":"cc.Vec2","x":-217.4,"y":-525.2},{"__type__":"cc.Vec2","x":-237.8,"y":-456.7},{"__type__":"cc.Vec2","x":-242.8,"y":-386},{"__type__":"cc.Vec2","x":-236.5,"y":-344.3},{"__type__":"cc.Vec2","x":-214.8,"y":-300.1},{"__type__":"cc.Vec2","x":-166.8,"y":-260.4},{"__type__":"cc.Vec2","x":-123,"y":-238.5},{"__type__":"cc.Vec2","x":-57.6,"y":-214.7},{"__type__":"cc.Vec2","x":-54.5,"y":48},{"__type__":"cc.Vec2","x":-68.2,"y":64.9},{"__type__":"cc.Vec2","x":-203.7,"y":103.4},{"__type__":"cc.Vec2","x":-244,"y":116}]},{"__type__":"1100eDGpRlLMYp5CrYQGpcQ","node":{"__id__":1}}],"_prefab":{"__type__":"cc.PrefabInfo","root":{"__id__":1},"asset":{"__uuid__":"f1V8rP5cRKqINI8gH7ZM80"},"fileId":"aaTeYID/JI7av51mNH7Wa0"},"_contentSize":{"__type__":"cc.Size","width":573,"height":1328},"_trs":{"__type__":"TypedArray","ctor":"Float64Array","array":[0,0,0,0,0,0,1,1,1,1]}},{"__type__":"cc.Node","_name":"black_node","_parent":{"__id__":1},"_components":[{"__type__":"6c0e8KZwr5L34azTYX21stu","node":{"__id__":2}}],"_prefab":{"__type__":"cc.PrefabInfo","root":{"__id__":1},"asset":{"__uuid__":"f1V8rP5cRKqINI8gH7ZM80"},"fileId":"a7NRRbRxdF+I/uHdKcvdXw"},"_trs":{"__type__":"TypedArray","ctor":"Float64Array","array":[0,0,0,0,0,0,1,1,1,1]}},{"__type__":"cc.Node","_name":"bulePos_node","_parent":{"__id__":1},"_children":[{"__type__":"cc.Node","_name":"New Node","_parent":{"__id__":3},"_prefab":{"__type__":"cc.PrefabInfo","root":{"__id__":1},"asset":{"__uuid__":"f1V8rP5cRKqINI8gH7ZM80"},"fileId":"7685gbRuRJU6IntISJBOl0"},"_trs":{"__type__":"TypedArray","ctor":"Float64Array","array":[-34.066,412.077,0,0,0,0,1,1,1,1]}}],"_prefab":{"__type__":"cc.PrefabInfo","root":{"__id__":1},"asset":{"__uuid__":"f1V8rP5cRKqINI8gH7ZM80"},"fileId":"043qxwNipOQ6oVD649oPpx"},"_trs":{"__type__":"TypedArray","ctor":"Float64Array","array":[0,0,0,0,0,0,1,1,1,1]}},{"__type__":"cc.Node","_name":"MoveProp","_parent":{"__id__":1},"_children":[{"__id__":5},{"__id__":6}],"_prefab":{"__type__":"cc.PrefabInfo","root":{"__id__":1},"asset":{"__uuid__":"f1V8rP5cRKqINI8gH7ZM80"},"fileId":"df86ELf89ETJJFtSqrhwS1"},"_trs":{"__type__":"TypedArray","ctor":"Float64Array","array":[-21,0,0,0,0,0,1,1,1,1]}},{"__type__":"cc.Node","_name":"Bar","_parent":{"__id__":4},"_components":[{"__type__":"cc.Sprite","node":{"__id__":5},"_materials":[{"__uuid__":"ecpdLyjvZBwrvm+cedCcQy"}],"_spriteFrame":{"__uuid__":"36nyDwRspBQpKV3/57IicC"}},{"__type__":"cc.RigidBody","node":{"__id__":5},"_type":0},{"__type__":"cc.PhysicsPolygonCollider","node":{"__id__":5},"points":[{"__type__":"cc.Vec2","x":-114.4,"y":-31.1},{"__type__":"cc.Vec2","x":116,"y":-31.3},{"__type__":"cc.Vec2","x":115.1,"y":31.8},{"__type__":"cc.Vec2","x":-114.2,"y":31.3}]},{"__type__":"8a64bLvzRlHBakXZIa7SBbN","node":{"__id__":5}}],"_prefab":{"__type__":"cc.PrefabInfo","root":{"__id__":1},"asset":{"__uuid__":"f1V8rP5cRKqINI8gH7ZM80"},"fileId":"96Wo/AHdRKtq5U9wYkBppZ"},"_contentSize":{"__type__":"cc.Size","width":230,"height":65},"_trs":{"__type__":"TypedArray","ctor":"Float64Array","array":[0,0,0,0,0,0,1,1,1,1]}},{"__type__":"cc.Node","_name":"BarBG","_parent":{"__id__":4},"_components":[{"__type__":"cc.Sprite","node":{"__id__":6},"_materials":[{"__uuid__":"ecpdLyjvZBwrvm+cedCcQy"}],"_spriteFrame":{"__uuid__":"d8hqEurO5O3r/JLAsbxS//"}}],"_prefab":{"__type__":"cc.PrefabInfo","root":{"__id__":1},"asset":{"__uuid__":"f1V8rP5cRKqINI8gH7ZM80"},"fileId":"9eISm2YcVPyLRlpsF+Trf2"},"_contentSize":{"__type__":"cc.Size","width":427,"height":66},"_trs":{"__type__":"TypedArray","ctor":"Float64Array","array":[-84,0,0,0,0,0,1,1,1,1]}},{"__type__":"cc.Node","_name":"xinshou1","_parent":{"__id__":1},"_components":[{"__type__":"cc.Sprite","node":{"__id__":7},"_materials":[{"__uuid__":"ecpdLyjvZBwrvm+cedCcQy"}],"_spriteFrame":{"__uuid__":"1dAZsM1aZFRbHAsnIIdFyX"}}],"_prefab":{"__type__":"cc.PrefabInfo","root":{"__id__":1},"asset":{"__uuid__":"f1V8rP5cRKqINI8gH7ZM80"},"fileId":"a09gna4IZBEZfJYj+UKbf6"},"_contentSize":{"__type__":"cc.Size","width":205,"height":257},"_trs":{"__type__":"TypedArray","ctor":"Float64Array","array":[10,-117,0,0,0,0,1,1,1,1]}}],{"__type__":"cc.SpriteFrame","content":{"name":"guanqia22","texture":"b4CivfbwVN9onZMs1Qzqe7","rect":[1,1,573,1328],"offset":[0,0],"originalSize":[575,1330],"capInsets":[0,0,0,0]}}]