[{"__type__":"cc.SpriteFrame","content":{"name":"guanqia86","texture":"abZ58e45hPnIFdkZiay+oM","rect":[1,1,889,1600],"offset":[-0.5,0],"originalSize":[892,1602],"capInsets":[0,0,0,0]}},[{"__type__":"cc.Prefab","_name":"UIDerived66","data":{"__id__":1}},{"__type__":"cc.Node","_name":"UIDerived76","_children":[{"__type__":"cc.Node","_name":"bule_node","_parent":{"__id__":1},"_prefab":{"__type__":"cc.PrefabInfo","root":{"__id__":1},"asset":{"__uuid__":"63OOzf/sVIx7yIddnzuW5B"},"fileId":"554kUqPi9O+bF8gbLaDpFP"},"_trs":{"__type__":"TypedArray","ctor":"Float64Array","array":[0,0,0,0,0,0,1,1,1,1]}},{"__type__":"cc.Node","_name":"greenwater_node","_parent":{"__id__":1},"_prefab":{"__type__":"cc.PrefabInfo","root":{"__id__":1},"asset":{"__uuid__":"63OOzf/sVIx7yIddnzuW5B"},"fileId":"68CoFXgARAK7W/hEE/0PzS"},"_trs":{"__type__":"TypedArray","ctor":"Float64Array","array":[0,0,0,0,0,0,1,1,1,1]}},{"__type__":"cc.Node","_name":"redwater_node","_parent":{"__id__":1},"_prefab":{"__type__":"cc.PrefabInfo","root":{"__id__":1},"asset":{"__uuid__":"63OOzf/sVIx7yIddnzuW5B"},"fileId":"cfVbIX8dVJJZC627ZbF3aD"},"_trs":{"__type__":"TypedArray","ctor":"Float64Array","array":[0,0,0,0,0,0,1,1,1,1]}},{"__id__":2},{"__id__":3},{"__id__":4},{"__id__":5},{"__type__":"cc.Node","_name":"greenPos_node","_parent":{"__id__":1},"_prefab":{"__type__":"cc.PrefabInfo","root":{"__id__":1},"asset":{"__uuid__":"63OOzf/sVIx7yIddnzuW5B"},"fileId":"73XfPB8phEcL6DX3ewH+5I"},"_trs":{"__type__":"TypedArray","ctor":"Float64Array","array":[0,0,0,0,0,0,1,1,1,1]}},{"__type__":"cc.Node","_name":"player","_parent":{"__id__":1},"_prefab":{"__type__":"cc.PrefabInfo","root":{"__id__":1},"asset":{"__uuid__":"63OOzf/sVIx7yIddnzuW5B"},"fileId":"f0wHIbv4hFSY+Mm2AZvRCm"},"_contentSize":{"__type__":"cc.Size","width":240,"height":140},"_trs":{"__type__":"TypedArray","ctor":"Float64Array","array":[3.424,-691.195,0,0,0,0,1,-0.5,0.5,1]}},{"__type__":"cc.Node","_name":"enemy","_parent":{"__id__":1},"_prefab":{"__type__":"cc.PrefabInfo","root":{"__id__":1},"asset":{"__uuid__":"63OOzf/sVIx7yIddnzuW5B"},"fileId":"39Cv4j7VNJUYLFDkpj5wex"},"_trs":{"__type__":"TypedArray","ctor":"Float64Array","array":[277.985,-691.516,0,0,0,0,1,0.7,0.7,1]}},{"__id__":6},{"__id__":8},{"__id__":12}],"_components":[{"__type__":"cc.Sprite","node":{"__id__":1},"_materials":[{"__uuid__":"ecpdLyjvZBwrvm+cedCcQy"}],"_spriteFrame":{"__uuid__":"286cthK5VA5qRTelxNagDz"}},{"__type__":"cc.RigidBody","node":{"__id__":1},"_type":0},{"__type__":"cc.PhysicsPolygonCollider","node":{"__id__":1},"_offset":{"__type__":"cc.Vec2","x":4,"y":60},"points":[{"__type__":"cc.Vec2","x":-456,"y":-868},{"__type__":"cc.Vec2","x":500,"y":-869},{"__type__":"cc.Vec2","x":495.9,"y":801.2},{"__type__":"cc.Vec2","x":280,"y":690},{"__type__":"cc.Vec2","x":274,"y":517},{"__type__":"cc.Vec2","x":47,"y":473},{"__type__":"cc.Vec2","x":48,"y":278},{"__type__":"cc.Vec2","x":396,"y":275},{"__type__":"cc.Vec2","x":396,"y":116},{"__type__":"cc.Vec2","x":377,"y":17},{"__type__":"cc.Vec2","x":326,"y":-59},{"__type__":"cc.Vec2","x":225,"y":-116},{"__type__":"cc.Vec2","x":109,"y":-153},{"__type__":"cc.Vec2","x":116,"y":-192},{"__type__":"cc.Vec2","x":396,"y":-199},{"__type__":"cc.Vec2","x":396,"y":-817},{"__type__":"cc.Vec2","x":207,"y":-815},{"__type__":"cc.Vec2","x":130,"y":-411},{"__type__":"cc.Vec2","x":97,"y":-415},{"__type__":"cc.Vec2","x":72,"y":-819},{"__type__":"cc.Vec2","x":-74,"y":-818},{"__type__":"cc.Vec2","x":-106,"y":-421},{"__type__":"cc.Vec2","x":-130,"y":-417},{"__type__":"cc.Vec2","x":-210,"y":-818},{"__type__":"cc.Vec2","x":-404,"y":-814},{"__type__":"cc.Vec2","x":-399,"y":-203},{"__type__":"cc.Vec2","x":-115,"y":-195},{"__type__":"cc.Vec2","x":-118,"y":-147},{"__type__":"cc.Vec2","x":-274,"y":-103},{"__type__":"cc.Vec2","x":-364,"y":-35},{"__type__":"cc.Vec2","x":-409,"y":93},{"__type__":"cc.Vec2","x":-405,"y":279},{"__type__":"cc.Vec2","x":-54,"y":276},{"__type__":"cc.Vec2","x":-51,"y":462},{"__type__":"cc.Vec2","x":-66,"y":481},{"__type__":"cc.Vec2","x":-280,"y":521},{"__type__":"cc.Vec2","x":-284,"y":698},{"__type__":"cc.Vec2","x":287,"y":698},{"__type__":"cc.Vec2","x":493,"y":800},{"__type__":"cc.Vec2","x":-450.1,"y":798}]},{"__type__":"cc.PhysicsPolygonCollider","node":{"__id__":1},"_offset":{"__type__":"cc.Vec2","x":-261,"y":201},"points":[{"__type__":"cc.Vec2","x":-45,"y":-43},{"__type__":"cc.Vec2","x":575,"y":-42},{"__type__":"cc.Vec2","x":571,"y":51},{"__type__":"cc.Vec2","x":-47,"y":47}]},{"__type__":"1100eDGpRlLMYp5CrYQGpcQ","node":{"__id__":1},"player_happy":true}],"_prefab":{"__type__":"cc.PrefabInfo","root":{"__id__":1},"asset":{"__uuid__":"63OOzf/sVIx7yIddnzuW5B"},"fileId":"a5pre2Ws9LiIYIq2qY/Yfq"},"_contentSize":{"__type__":"cc.Size","width":889,"height":1600},"_trs":{"__type__":"TypedArray","ctor":"Float64Array","array":[-58.432,0,0,0,0,0,1,1,1,1]}},{"__type__":"cc.Node","_name":"black_node","_parent":{"__id__":1},"_components":[{"__type__":"6c0e8KZwr5L34azTYX21stu","node":{"__id__":2}}],"_prefab":{"__type__":"cc.PrefabInfo","root":{"__id__":1},"asset":{"__uuid__":"63OOzf/sVIx7yIddnzuW5B"},"fileId":"57wAupYYBBpYkvQrHGHMmj"},"_trs":{"__type__":"TypedArray","ctor":"Float64Array","array":[0,0,0,0,0,0,1,1,1,1]}},{"__type__":"cc.Node","_name":"gray_node","_parent":{"__id__":1},"_components":[{"__type__":"3400dF2d2tHLK8+En9baGXY","node":{"__id__":3},"grey_prefab":{"__uuid__":"13FEeEL1NMaK5TFGpFQpJr"}}],"_prefab":{"__type__":"cc.PrefabInfo","root":{"__id__":1},"asset":{"__uuid__":"63OOzf/sVIx7yIddnzuW5B"},"fileId":"e1kfIUF8tM9b/B/C8Ahu+b"},"_trs":{"__type__":"TypedArray","ctor":"Float64Array","array":[0,0,0,0,0,0,1,1,1,1]}},{"__type__":"cc.Node","_name":"bulePos_node","_parent":{"__id__":1},"_children":[{"__type__":"cc.Node","_name":"New Node","_parent":{"__id__":4},"_prefab":{"__type__":"cc.PrefabInfo","root":{"__id__":1},"asset":{"__uuid__":"63OOzf/sVIx7yIddnzuW5B"},"fileId":"73CysB0GhEbLw7E7w/1kEv"},"_trs":{"__type__":"TypedArray","ctor":"Float64Array","array":[-37.957,-605.387,0,0,0,0,1,1,1,1]}},{"__type__":"cc.Node","_name":"New Node","_parent":{"__id__":4},"_prefab":{"__type__":"cc.PrefabInfo","root":{"__id__":1},"asset":{"__uuid__":"63OOzf/sVIx7yIddnzuW5B"},"fileId":"72AGPlgDZJJ46PlrmOcs+E"},"_trs":{"__type__":"TypedArray","ctor":"Float64Array","array":[283.043,-591.387,0,0,0,0,1,1,1,1]}}],"_prefab":{"__type__":"cc.PrefabInfo","root":{"__id__":1},"asset":{"__uuid__":"63OOzf/sVIx7yIddnzuW5B"},"fileId":"72Snagp49EubykV/Z1Ztx8"},"_trs":{"__type__":"TypedArray","ctor":"Float64Array","array":[0,0,0,0,0,0,1,1,1,1]}},{"__type__":"cc.Node","_name":"redPos_node","_parent":{"__id__":1},"_children":[{"__type__":"cc.Node","_name":"New Node","_parent":{"__id__":5},"_prefab":{"__type__":"cc.PrefabInfo","root":{"__id__":1},"asset":{"__uuid__":"63OOzf/sVIx7yIddnzuW5B"},"fileId":"cbDD1XcoBI866/B9gk/uLS"},"_trs":{"__type__":"TypedArray","ctor":"Float64Array","array":[-18.385,703.998,0,0,0,0,1,1,1,1]}}],"_prefab":{"__type__":"cc.PrefabInfo","root":{"__id__":1},"asset":{"__uuid__":"63OOzf/sVIx7yIddnzuW5B"},"fileId":"cfktTzSRZEIoOCXrAduS5d"},"_trs":{"__type__":"TypedArray","ctor":"Float64Array","array":[0,0,0,0,0,0,1,1,1,1]}},{"__type__":"cc.Node","_name":"zhenNode","_parent":{"__id__":1},"_children":[{"__id__":7}],"_prefab":{"__type__":"cc.PrefabInfo","root":{"__id__":1},"asset":{"__uuid__":"63OOzf/sVIx7yIddnzuW5B"},"fileId":"81t6e5Q7JLtIFlWIONmKpW"},"_trs":{"__type__":"TypedArray","ctor":"Float64Array","array":[34.041,482.043,0,0,0,0,1,1,1,1]},"_groupIndex":8,"groupIndex":8},{"__type__":"cc.Node","_name":"zhen","_parent":{"__id__":6},"_components":[{"__type__":"cc.Sprite","node":{"__id__":7},"_materials":[{"__uuid__":"ecpdLyjvZBwrvm+cedCcQy"}],"_spriteFrame":{"__uuid__":"81u1O4l2lM2IGXbUA/0aw7"},"_type":1,"_sizeMode":0},{"__type__":"cc.RigidBody","node":{"__id__":7},"_type":3,"_allowSleep":false,"_gravityScale":0,"_fixedRotation":true,"enabledContactListener":true,"bullet":true},{"__type__":"cc.PhysicsPolygonCollider","node":{"__id__":7},"tag":222,"_offset":{"__type__":"cc.Vec2","x":80,"y":-3},"points":[{"__type__":"cc.Vec2","x":-48.9,"y":-66.3},{"__type__":"cc.Vec2","x":62.5,"y":-66.3},{"__type__":"cc.Vec2","x":63,"y":67.4},{"__type__":"cc.Vec2","x":-48.4,"y":69},{"__type__":"cc.Vec2","x":-52.2,"y":32.3},{"__type__":"cc.Vec2","x":-218.2,"y":33.4},{"__type__":"cc.Vec2","x":-217.4,"y":-25.9},{"__type__":"cc.Vec2","x":-50.9,"y":-29.2}]},{"__type__":"72555Q9muRD1505Zi2fOOxm","node":{"__id__":7},"linevelocityX":500}],"_prefab":{"__type__":"cc.PrefabInfo","root":{"__id__":1},"asset":{"__uuid__":"63OOzf/sVIx7yIddnzuW5B"},"fileId":"c74GvM+0JJBbgCuPpnaLcB"},"_contentSize":{"__type__":"cc.Size","width":276,"height":111},"_trs":{"__type__":"TypedArray","ctor":"Float64Array","array":[0,0,0,0,0,0,1,0.8,0.8,0.8]},"_groupIndex":8,"groupIndex":8},{"__type__":"cc.Node","_name":"zhenNodeTwo","_parent":{"__id__":1},"_children":[{"__id__":9},{"__id__":10},{"__id__":11}],"_prefab":{"__type__":"cc.PrefabInfo","root":{"__id__":1},"asset":{"__uuid__":"63OOzf/sVIx7yIddnzuW5B"},"fileId":"6cQfdk98lKaoTVh8BqASs/"},"_trs":{"__type__":"TypedArray","ctor":"Float64Array","array":[261.016,320.041,0,0,0,0.7071067811865476,-0.7071067811865475,1,1,1]},"_eulerAngles":{"__type__":"cc.Vec3","z":270}},{"__type__":"cc.Node","_name":"zhen","_parent":{"__id__":8},"_components":[{"__type__":"cc.Sprite","node":{"__id__":9},"_materials":[{"__uuid__":"ecpdLyjvZBwrvm+cedCcQy"}],"_spriteFrame":{"__uuid__":"14vJwyNH1OspMXFimJtxkW"},"_type":1,"_sizeMode":0},{"__type__":"cc.RigidBody","node":{"__id__":9},"_type":3,"_gravityScale":0,"_fixedRotation":true,"enabledContactListener":true,"bullet":true},{"__type__":"cc.PhysicsPolygonCollider","node":{"__id__":9},"_offset":{"__type__":"cc.Vec2","x":183,"y":2},"points":[{"__type__":"cc.Vec2","x":-319,"y":-58},{"__type__":"cc.Vec2","x":-210,"y":-58},{"__type__":"cc.Vec2","x":-208.7,"y":-24.6},{"__type__":"cc.Vec2","x":-47.2,"y":-22.5},{"__type__":"cc.Vec2","x":-45.7,"y":24.7},{"__type__":"cc.Vec2","x":-209.1,"y":23.5},{"__type__":"cc.Vec2","x":-207,"y":52},{"__type__":"cc.Vec2","x":-319,"y":51}]},{"__type__":"1cb3eoIRdhJWZayW7A68Y7j","node":{"__id__":9},"applyUpsensor":true}],"_prefab":{"__type__":"cc.PrefabInfo","root":{"__id__":1},"asset":{"__uuid__":"63OOzf/sVIx7yIddnzuW5B"},"fileId":"63TJKwWtVIY51uYSP+Ca15"},"_contentSize":{"__type__":"cc.Size","width":273,"height":111},"_trs":{"__type__":"TypedArray","ctor":"Float64Array","array":[0,0,0,0,0,0,1,1,1,1]}},{"__type__":"cc.Node","_name":"zhenup","_parent":{"__id__":8},"_components":[{"__type__":"cc.RigidBody","node":{"__id__":10},"_type":0,"_gravityScale":0,"bullet":true}],"_prefab":{"__type__":"cc.PrefabInfo","root":{"__id__":1},"asset":{"__uuid__":"63OOzf/sVIx7yIddnzuW5B"},"fileId":"2fdzoABaxFKJA5xAjYA2mz"},"_trs":{"__type__":"TypedArray","ctor":"Float64Array","array":[-30.767,136.891,0,0,0,0,1,1,1,1]}},{"__type__":"cc.Node","_name":"zhendown","_parent":{"__id__":8},"_components":[{"__type__":"cc.RigidBody","node":{"__id__":11},"_type":0,"_gravityScale":0,"bullet":true}],"_prefab":{"__type__":"cc.PrefabInfo","root":{"__id__":1},"asset":{"__uuid__":"63OOzf/sVIx7yIddnzuW5B"},"fileId":"7cZkbRlnpGnb+zY09aCEr3"},"_trs":{"__type__":"TypedArray","ctor":"Float64Array","array":[-38,-198,0,0,0,0,1,1,1,1]}},{"__type__":"cc.Node","_name":"zhenNodeTwo","_parent":{"__id__":1},"_children":[{"__id__":13},{"__id__":14},{"__id__":15}],"_prefab":{"__type__":"cc.PrefabInfo","root":{"__id__":1},"asset":{"__uuid__":"63OOzf/sVIx7yIddnzuW5B"},"fileId":"85Bav+dsBI6aOIuEl263Re"},"_trs":{"__type__":"TypedArray","ctor":"Float64Array","array":[-198.984,320.041,0,0,0,0.7071067811865476,-0.7071067811865475,1,1,1]},"_eulerAngles":{"__type__":"cc.Vec3","z":270}},{"__type__":"cc.Node","_name":"zhen","_parent":{"__id__":12},"_components":[{"__type__":"cc.Sprite","node":{"__id__":13},"_materials":[{"__uuid__":"ecpdLyjvZBwrvm+cedCcQy"}],"_spriteFrame":{"__uuid__":"14vJwyNH1OspMXFimJtxkW"},"_type":1,"_sizeMode":0},{"__type__":"cc.RigidBody","node":{"__id__":13},"_type":3,"_gravityScale":0,"_fixedRotation":true,"enabledContactListener":true,"bullet":true},{"__type__":"cc.PhysicsPolygonCollider","node":{"__id__":13},"_offset":{"__type__":"cc.Vec2","x":183,"y":2},"points":[{"__type__":"cc.Vec2","x":-319,"y":-58},{"__type__":"cc.Vec2","x":-210,"y":-58},{"__type__":"cc.Vec2","x":-208.7,"y":-24.6},{"__type__":"cc.Vec2","x":-47.2,"y":-22.5},{"__type__":"cc.Vec2","x":-45.7,"y":24.7},{"__type__":"cc.Vec2","x":-209.1,"y":23.5},{"__type__":"cc.Vec2","x":-207,"y":52},{"__type__":"cc.Vec2","x":-319,"y":51}]},{"__type__":"1cb3eoIRdhJWZayW7A68Y7j","node":{"__id__":13},"applyDownsensor":true}],"_prefab":{"__type__":"cc.PrefabInfo","root":{"__id__":1},"asset":{"__uuid__":"63OOzf/sVIx7yIddnzuW5B"},"fileId":"6ayzQGQ/dD3JuskjizM5hB"},"_contentSize":{"__type__":"cc.Size","width":273,"height":111},"_trs":{"__type__":"TypedArray","ctor":"Float64Array","array":[0,0,0,0,0,0,1,1,1,1]}},{"__type__":"cc.Node","_name":"zhenup","_parent":{"__id__":12},"_components":[{"__type__":"cc.RigidBody","node":{"__id__":14},"_type":0,"_gravityScale":0,"bullet":true}],"_prefab":{"__type__":"cc.PrefabInfo","root":{"__id__":1},"asset":{"__uuid__":"63OOzf/sVIx7yIddnzuW5B"},"fileId":"3eWYXmLTVEy6YpraQCXhCu"},"_trs":{"__type__":"TypedArray","ctor":"Float64Array","array":[-30.767,136.891,0,0,0,0,1,1,1,1]}},{"__type__":"cc.Node","_name":"zhendown","_parent":{"__id__":12},"_components":[{"__type__":"cc.RigidBody","node":{"__id__":15},"_type":0,"_gravityScale":0,"bullet":true}],"_prefab":{"__type__":"cc.PrefabInfo","root":{"__id__":1},"asset":{"__uuid__":"63OOzf/sVIx7yIddnzuW5B"},"fileId":"40DeVclp1FjoQ6XMxssIxm"},"_trs":{"__type__":"TypedArray","ctor":"Float64Array","array":[-38,-198,0,0,0,0,1,1,1,1]}}]]