[[{"__type__":"cc.Prefab","_name":"UIDerived58","data":{"__id__":1}},{"__type__":"cc.Node","_name":"UIDerived68","_children":[{"__type__":"cc.Node","_name":"bule_node","_parent":{"__id__":1},"_prefab":{"__type__":"cc.PrefabInfo","root":{"__id__":1},"asset":{"__uuid__":"8dIiQUudlJRIuIWyJ+feRd"},"fileId":"31knRqiSBAVZZfZ5zu9chb"},"_trs":{"__type__":"TypedArray","ctor":"Float64Array","array":[0,0,0,0,0,0,1,1,1,1]}},{"__type__":"cc.Node","_name":"greenwater_node","_parent":{"__id__":1},"_prefab":{"__type__":"cc.PrefabInfo","root":{"__id__":1},"asset":{"__uuid__":"8dIiQUudlJRIuIWyJ+feRd"},"fileId":"30qhfpHs9Cg6aGTBAOYkOi"},"_trs":{"__type__":"TypedArray","ctor":"Float64Array","array":[0,0,0,0,0,0,1,1,1,1]}},{"__type__":"cc.Node","_name":"redwater_node","_parent":{"__id__":1},"_prefab":{"__type__":"cc.PrefabInfo","root":{"__id__":1},"asset":{"__uuid__":"8dIiQUudlJRIuIWyJ+feRd"},"fileId":"14vJAV+epBA5RLM52Ni8/5"},"_trs":{"__type__":"TypedArray","ctor":"Float64Array","array":[0,0,0,0,0,0,1,1,1,1]}},{"__id__":2},{"__id__":3},{"__id__":4},{"__id__":5},{"__type__":"cc.Node","_name":"greenPos_node","_parent":{"__id__":1},"_prefab":{"__type__":"cc.PrefabInfo","root":{"__id__":1},"asset":{"__uuid__":"8dIiQUudlJRIuIWyJ+feRd"},"fileId":"59vPVDIm9GaL0T4whRfGAW"},"_trs":{"__type__":"TypedArray","ctor":"Float64Array","array":[0,0,0,0,0,0,1,1,1,1]}},{"__type__":"cc.Node","_name":"player","_parent":{"__id__":1},"_prefab":{"__type__":"cc.PrefabInfo","root":{"__id__":1},"asset":{"__uuid__":"8dIiQUudlJRIuIWyJ+feRd"},"fileId":"37fl2rwPdDNYy4ylrzefXC"},"_contentSize":{"__type__":"cc.Size","width":240,"height":140},"_trs":{"__type__":"TypedArray","ctor":"Float64Array","array":[-46.763,-634.667,0,0,0,0,1,-0.7,0.7,1]}},{"__type__":"cc.Node","_name":"enemy","_parent":{"__id__":1},"_prefab":{"__type__":"cc.PrefabInfo","root":{"__id__":1},"asset":{"__uuid__":"8dIiQUudlJRIuIWyJ+feRd"},"fileId":"c1CUV/3fNHR5w18rcQbh/d"},"_trs":{"__type__":"TypedArray","ctor":"Float64Array","array":[288.103,-634.81,0,0,0,0,1,1,1,1]}},{"__id__":6},{"__id__":9},{"__id__":12},{"__id__":15}],"_components":[{"__type__":"cc.Sprite","node":{"__id__":1},"_materials":[{"__uuid__":"ecpdLyjvZBwrvm+cedCcQy"}],"_spriteFrame":{"__uuid__":"aacl6QRDBPzpvAlI3nTsHC"}},{"__type__":"cc.RigidBody","node":{"__id__":1},"_type":0},{"__type__":"cc.PhysicsPolygonCollider","node":{"__id__":1},"_offset":{"__type__":"cc.Vec2","x":-435,"y":705},"points":[{"__type__":"cc.Vec2","x":-43,"y":-1470},{"__type__":"cc.Vec2","x":916,"y":-1466},{"__type__":"cc.Vec2","x":905,"y":50},{"__type__":"cc.Vec2","x":802,"y":-1},{"__type__":"cc.Vec2","x":809,"y":-131},{"__type__":"cc.Vec2","x":177,"y":-266},{"__type__":"cc.Vec2","x":73,"y":-391},{"__type__":"cc.Vec2","x":86,"y":-423},{"__type__":"cc.Vec2","x":579,"y":-419},{"__type__":"cc.Vec2","x":584,"y":-298},{"__type__":"cc.Vec2","x":869,"y":-294},{"__type__":"cc.Vec2","x":867,"y":-1413},{"__type__":"cc.Vec2","x":584,"y":-1415},{"__type__":"cc.Vec2","x":581,"y":-1256},{"__type__":"cc.Vec2","x":769,"y":-1246},{"__type__":"cc.Vec2","x":773,"y":-402},{"__type__":"cc.Vec2","x":681.4,"y":-399.1},{"__type__":"cc.Vec2","x":672.4,"y":-519.2},{"__type__":"cc.Vec2","x":100,"y":-527},{"__type__":"cc.Vec2","x":99.4,"y":-610},{"__type__":"cc.Vec2","x":664,"y":-626},{"__type__":"cc.Vec2","x":669,"y":-899},{"__type__":"cc.Vec2","x":100,"y":-911},{"__type__":"cc.Vec2","x":104,"y":-1003},{"__type__":"cc.Vec2","x":482,"y":-1000},{"__type__":"cc.Vec2","x":487,"y":-1410},{"__type__":"cc.Vec2","x":266,"y":-1413},{"__type__":"cc.Vec2","x":265,"y":-1261},{"__type__":"cc.Vec2","x":387,"y":-1257},{"__type__":"cc.Vec2","x":384,"y":-1096},{"__type__":"cc.Vec2","x":4,"y":-1093},{"__type__":"cc.Vec2","x":4,"y":-801},{"__type__":"cc.Vec2","x":261,"y":-797},{"__type__":"cc.Vec2","x":580,"y":-792},{"__type__":"cc.Vec2","x":571,"y":-713},{"__type__":"cc.Vec2","x":10,"y":-699},{"__type__":"cc.Vec2","x":15,"y":-419},{"__type__":"cc.Vec2","x":69,"y":-204},{"__type__":"cc.Vec2","x":76,"y":-3},{"__type__":"cc.Vec2","x":803,"y":3},{"__type__":"cc.Vec2","x":905,"y":52},{"__type__":"cc.Vec2","x":-50,"y":50}]},{"__type__":"1100eDGpRlLMYp5CrYQGpcQ","node":{"__id__":1},"player_happy":true}],"_prefab":{"__type__":"cc.PrefabInfo","root":{"__id__":1},"asset":{"__uuid__":"8dIiQUudlJRIuIWyJ+feRd"},"fileId":"02Uep0PvFEaLkHJcPAcDoa"},"_contentSize":{"__type__":"cc.Size","width":956,"height":1506},"_trs":{"__type__":"TypedArray","ctor":"Float64Array","array":[0,0,0,0,0,0,1,1,1,1]}},{"__type__":"cc.Node","_name":"black_node","_parent":{"__id__":1},"_components":[{"__type__":"6c0e8KZwr5L34azTYX21stu","node":{"__id__":2}}],"_prefab":{"__type__":"cc.PrefabInfo","root":{"__id__":1},"asset":{"__uuid__":"8dIiQUudlJRIuIWyJ+feRd"},"fileId":"f4HX9Z0KlAJpjCA3Kh2eaF"},"_trs":{"__type__":"TypedArray","ctor":"Float64Array","array":[0,0,0,0,0,0,1,1,1,1]}},{"__type__":"cc.Node","_name":"gray_node","_parent":{"__id__":1},"_components":[{"__type__":"3400dF2d2tHLK8+En9baGXY","node":{"__id__":3},"grey_prefab":{"__uuid__":"13FEeEL1NMaK5TFGpFQpJr"}}],"_prefab":{"__type__":"cc.PrefabInfo","root":{"__id__":1},"asset":{"__uuid__":"8dIiQUudlJRIuIWyJ+feRd"},"fileId":"e7PyAJO6JO9LLtUZGMwIdy"},"_trs":{"__type__":"TypedArray","ctor":"Float64Array","array":[0,0,0,0,0,0,1,1,1,1]}},{"__type__":"cc.Node","_name":"bulePos_node","_parent":{"__id__":1},"_children":[{"__type__":"cc.Node","_name":"New Node","_parent":{"__id__":4},"_prefab":{"__type__":"cc.PrefabInfo","root":{"__id__":1},"asset":{"__uuid__":"8dIiQUudlJRIuIWyJ+feRd"},"fileId":"89SfAOwPdKTKuGieYVXYq9"},"_trs":{"__type__":"TypedArray","ctor":"Float64Array","array":[-16.818,-431.031,0,0,0,0,1,1,1,1]}},{"__type__":"cc.Node","_name":"New Node","_parent":{"__id__":4},"_prefab":{"__type__":"cc.PrefabInfo","root":{"__id__":1},"asset":{"__uuid__":"8dIiQUudlJRIuIWyJ+feRd"},"fileId":"86zUyhkVVCirMwc8OpM8GX"},"_trs":{"__type__":"TypedArray","ctor":"Float64Array","array":[376,-483.887,0,0,0,0,1,1,1,1]}}],"_prefab":{"__type__":"cc.PrefabInfo","root":{"__id__":1},"asset":{"__uuid__":"8dIiQUudlJRIuIWyJ+feRd"},"fileId":"36GymNU65HnamCNX5I8maI"},"_trs":{"__type__":"TypedArray","ctor":"Float64Array","array":[0,0,0,0,0,0,1,1,1,1]}},{"__type__":"cc.Node","_name":"redPos_node","_parent":{"__id__":1},"_children":[{"__type__":"cc.Node","_name":"New Node","_parent":{"__id__":5},"_prefab":{"__type__":"cc.PrefabInfo","root":{"__id__":1},"asset":{"__uuid__":"8dIiQUudlJRIuIWyJ+feRd"},"fileId":"25qW+5cElIrKcT/aPVeZFo"},"_trs":{"__type__":"TypedArray","ctor":"Float64Array","array":[-294.538,640.899,0,0,0,0,1,1,1,1]}}],"_prefab":{"__type__":"cc.PrefabInfo","root":{"__id__":1},"asset":{"__uuid__":"8dIiQUudlJRIuIWyJ+feRd"},"fileId":"29Wsoq51hBPqtL3ZQc5vBe"},"_trs":{"__type__":"TypedArray","ctor":"Float64Array","array":[0,0,0,0,0,0,1,1,1,1]}},{"__type__":"cc.Node","_name":"MoveProp","_parent":{"__id__":1},"_children":[{"__id__":7},{"__id__":8}],"_prefab":{"__type__":"cc.PrefabInfo","root":{"__id__":1},"asset":{"__uuid__":"8dIiQUudlJRIuIWyJ+feRd"},"fileId":"eeiiGo53lN0b488P6lZBNd"},"_trs":{"__type__":"TypedArray","ctor":"Float64Array","array":[-343,376,0,0,0,0,1,1,1,1]}},{"__type__":"cc.Node","_name":"Bar","_parent":{"__id__":6},"_components":[{"__type__":"cc.Sprite","node":{"__id__":7},"_materials":[{"__uuid__":"ecpdLyjvZBwrvm+cedCcQy"}],"_spriteFrame":{"__uuid__":"36nyDwRspBQpKV3/57IicC"},"_type":1},{"__type__":"cc.RigidBody","node":{"__id__":7},"_type":0},{"__type__":"cc.PhysicsPolygonCollider","node":{"__id__":7},"points":[{"__type__":"cc.Vec2","x":-114.4,"y":-31.1},{"__type__":"cc.Vec2","x":116,"y":-31.3},{"__type__":"cc.Vec2","x":115.1,"y":31.8},{"__type__":"cc.Vec2","x":-114.2,"y":31.3}]},{"__type__":"8a64bLvzRlHBakXZIa7SBbN","node":{"__id__":7}}],"_prefab":{"__type__":"cc.PrefabInfo","root":{"__id__":1},"asset":{"__uuid__":"8dIiQUudlJRIuIWyJ+feRd"},"fileId":"e1p782qCZKbIHaTL6f16r4"},"_contentSize":{"__type__":"cc.Size","width":230,"height":65},"_trs":{"__type__":"TypedArray","ctor":"Float64Array","array":[0,0,0,0,0,0,1,1,1,1]}},{"__type__":"cc.Node","_name":"BarBG","_parent":{"__id__":6},"_components":[{"__type__":"cc.Sprite","node":{"__id__":8},"_materials":[{"__uuid__":"ecpdLyjvZBwrvm+cedCcQy"}],"_spriteFrame":{"__uuid__":"d8hqEurO5O3r/JLAsbxS//"},"_type":1}],"_prefab":{"__type__":"cc.PrefabInfo","root":{"__id__":1},"asset":{"__uuid__":"8dIiQUudlJRIuIWyJ+feRd"},"fileId":"24NsBYXO1MM5AS3DtxGuzp"},"_contentSize":{"__type__":"cc.Size","width":427,"height":66},"_trs":{"__type__":"TypedArray","ctor":"Float64Array","array":[83,0,0,0,0,0,1,1,1,1]}},{"__type__":"cc.Node","_name":"MoveProp","_parent":{"__id__":1},"_children":[{"__id__":10},{"__id__":11}],"_prefab":{"__type__":"cc.PrefabInfo","root":{"__id__":1},"asset":{"__uuid__":"8dIiQUudlJRIuIWyJ+feRd"},"fileId":"2cNJPg5TBC9re6OxFmZ8m2"},"_trs":{"__type__":"TypedArray","ctor":"Float64Array","array":[-367.259,140.876,0,0,0,0,1,1,1,1]}},{"__type__":"cc.Node","_name":"Bar","_parent":{"__id__":9},"_components":[{"__type__":"cc.Sprite","node":{"__id__":10},"_materials":[{"__uuid__":"ecpdLyjvZBwrvm+cedCcQy"}],"_spriteFrame":{"__uuid__":"36nyDwRspBQpKV3/57IicC"},"_type":1},{"__type__":"cc.RigidBody","node":{"__id__":10},"_type":0},{"__type__":"cc.PhysicsPolygonCollider","node":{"__id__":10},"points":[{"__type__":"cc.Vec2","x":-114.4,"y":-31.1},{"__type__":"cc.Vec2","x":116,"y":-31.3},{"__type__":"cc.Vec2","x":115.1,"y":31.8},{"__type__":"cc.Vec2","x":-114.2,"y":31.3}]},{"__type__":"8a64bLvzRlHBakXZIa7SBbN","node":{"__id__":10}}],"_prefab":{"__type__":"cc.PrefabInfo","root":{"__id__":1},"asset":{"__uuid__":"8dIiQUudlJRIuIWyJ+feRd"},"fileId":"d8Vt27IK9NZq2nVhb43gTE"},"_contentSize":{"__type__":"cc.Size","width":230,"height":65},"_trs":{"__type__":"TypedArray","ctor":"Float64Array","array":[0,0,0,0,0,0,1,1,1,1]}},{"__type__":"cc.Node","_name":"BarBG","_parent":{"__id__":9},"_components":[{"__type__":"cc.Sprite","node":{"__id__":11},"_materials":[{"__uuid__":"ecpdLyjvZBwrvm+cedCcQy"}],"_spriteFrame":{"__uuid__":"d8hqEurO5O3r/JLAsbxS//"},"_type":1}],"_prefab":{"__type__":"cc.PrefabInfo","root":{"__id__":1},"asset":{"__uuid__":"8dIiQUudlJRIuIWyJ+feRd"},"fileId":"ffOfQGnM9AlLsRTCSx8/rw"},"_contentSize":{"__type__":"cc.Size","width":427,"height":66},"_trs":{"__type__":"TypedArray","ctor":"Float64Array","array":[83,0,0,0,0,0,1,1,1,1]}},{"__type__":"cc.Node","_name":"MoveProp","_parent":{"__id__":1},"_children":[{"__id__":13},{"__id__":14}],"_prefab":{"__type__":"cc.PrefabInfo","root":{"__id__":1},"asset":{"__uuid__":"8dIiQUudlJRIuIWyJ+feRd"},"fileId":"86ouPUBytIS6RsiaXo8pBP"},"_trs":{"__type__":"TypedArray","ctor":"Float64Array","array":[-11.163,-473.41,0,0,0,0,1,1,1,1]}},{"__type__":"cc.Node","_name":"Bar","_parent":{"__id__":12},"_components":[{"__type__":"cc.Sprite","node":{"__id__":13},"_materials":[{"__uuid__":"ecpdLyjvZBwrvm+cedCcQy"}],"_spriteFrame":{"__uuid__":"36nyDwRspBQpKV3/57IicC"},"_type":1},{"__type__":"cc.RigidBody","node":{"__id__":13},"_type":0},{"__type__":"cc.PhysicsPolygonCollider","node":{"__id__":13},"points":[{"__type__":"cc.Vec2","x":-114.4,"y":-31.1},{"__type__":"cc.Vec2","x":116,"y":-31.3},{"__type__":"cc.Vec2","x":115.1,"y":31.8},{"__type__":"cc.Vec2","x":-114.2,"y":31.3}]},{"__type__":"8a64bLvzRlHBakXZIa7SBbN","node":{"__id__":13}}],"_prefab":{"__type__":"cc.PrefabInfo","root":{"__id__":1},"asset":{"__uuid__":"8dIiQUudlJRIuIWyJ+feRd"},"fileId":"b0QVZ0m5dBFLkwjxT0Y2Ea"},"_contentSize":{"__type__":"cc.Size","width":230,"height":65},"_trs":{"__type__":"TypedArray","ctor":"Float64Array","array":[0,0,0,0,0,0,1,1,1,1]}},{"__type__":"cc.Node","_name":"BarBG","_parent":{"__id__":12},"_components":[{"__type__":"cc.Sprite","node":{"__id__":14},"_materials":[{"__uuid__":"ecpdLyjvZBwrvm+cedCcQy"}],"_spriteFrame":{"__uuid__":"d8hqEurO5O3r/JLAsbxS//"},"_type":1}],"_prefab":{"__type__":"cc.PrefabInfo","root":{"__id__":1},"asset":{"__uuid__":"8dIiQUudlJRIuIWyJ+feRd"},"fileId":"dbAYnDfuhAO7ya3UOpxTao"},"_contentSize":{"__type__":"cc.Size","width":427,"height":66},"_trs":{"__type__":"TypedArray","ctor":"Float64Array","array":[83,0,0,0,0,0,1,1,1,1]}},{"__type__":"cc.Node","_name":"rotationStage","_parent":{"__id__":1},"_components":[{"__type__":"cc.Sprite","node":{"__id__":15},"_materials":[{"__uuid__":"ecpdLyjvZBwrvm+cedCcQy"}],"_spriteFrame":{"__uuid__":"7cQ9AZ2ihAL7w7j2iXN4dt"}},{"__type__":"ae444naYU1I/IZzwhFmo0bP","node":{"__id__":15}},{"__type__":"cc.RigidBody","node":{"__id__":15},"_type":0},{"__type__":"cc.PhysicsPolygonCollider","node":{"__id__":15},"_offset":{"__type__":"cc.Vec2","x":3.4,"y":220.1},"points":[{"__type__":"cc.Vec2","x":-45.2,"y":-474},{"__type__":"cc.Vec2","x":-69.3,"y":-497},{"__type__":"cc.Vec2","x":12.9,"y":-500},{"__type__":"cc.Vec2","x":41.7,"y":-469.2},{"__type__":"cc.Vec2","x":41.5,"y":29.2},{"__type__":"cc.Vec2","x":55.2,"y":61.5},{"__type__":"cc.Vec2","x":-22.2,"y":63.3},{"__type__":"cc.Vec2","x":-46.7,"y":22.5}]},{"__type__":"cc.PhysicsPolygonCollider","node":{"__id__":15},"points":[{"__type__":"cc.Vec2","x":-242.9,"y":-44.4},{"__type__":"cc.Vec2","x":254.1,"y":-39},{"__type__":"cc.Vec2","x":282.4,"y":-60.1},{"__type__":"cc.Vec2","x":284.3,"y":23},{"__type__":"cc.Vec2","x":232.7,"y":43.8},{"__type__":"cc.Vec2","x":-247.6,"y":44},{"__type__":"cc.Vec2","x":-276.6,"y":75.7},{"__type__":"cc.Vec2","x":-277.3,"y":-21.8}]}],"_prefab":{"__type__":"cc.PrefabInfo","root":{"__id__":1},"asset":{"__uuid__":"8dIiQUudlJRIuIWyJ+feRd"},"fileId":"3ap3Zexf5LgZmj0t2f9urk"},"_contentSize":{"__type__":"cc.Size","width":555,"height":555},"_trs":{"__type__":"TypedArray","ctor":"Float64Array","array":[292.891,248.052,0,0,0,0,1,0.6,0.6,1]}}],{"__type__":"cc.SpriteFrame","content":{"name":"guanqia53","texture":"07wuZ48shOR5StDAMcfWar","rect":[1,1,956,1506],"offset":[0,0],"originalSize":[958,1508],"capInsets":[0,0,0,0]}}]