[[{"__type__":"cc.Prefab","_name":"UIDerived94","data":{"__id__":1}},{"__type__":"cc.Node","_name":"UIDerived94","_children":[{"__type__":"cc.Node","_name":"bule_node","_parent":{"__id__":1},"_prefab":{"__type__":"cc.PrefabInfo","root":{"__id__":1},"asset":{"__uuid__":"27/5mwUaxI0ZMoVxi8R5l0"},"fileId":"8eUE3vdQVKm6C3AoK0yTK/"},"_trs":{"__type__":"TypedArray","ctor":"Float64Array","array":[0,0,0,0,0,0,1,1,1,1]}},{"__type__":"cc.Node","_name":"greenwater_node","_parent":{"__id__":1},"_prefab":{"__type__":"cc.PrefabInfo","root":{"__id__":1},"asset":{"__uuid__":"27/5mwUaxI0ZMoVxi8R5l0"},"fileId":"4erW4IRLVEc4LAzQpLuz1o"},"_trs":{"__type__":"TypedArray","ctor":"Float64Array","array":[0,0,0,0,0,0,1,1,1,1]}},{"__type__":"cc.Node","_name":"redwater_node","_parent":{"__id__":1},"_prefab":{"__type__":"cc.PrefabInfo","root":{"__id__":1},"asset":{"__uuid__":"27/5mwUaxI0ZMoVxi8R5l0"},"fileId":"b085O/6U9OULUQ1YE2vWn8"},"_trs":{"__type__":"TypedArray","ctor":"Float64Array","array":[0,0,0,0,0,0,1,1,1,1]}},{"__id__":2},{"__id__":3},{"__id__":4},{"__type__":"cc.Node","_name":"redPos_node","_parent":{"__id__":1},"_prefab":{"__type__":"cc.PrefabInfo","root":{"__id__":1},"asset":{"__uuid__":"27/5mwUaxI0ZMoVxi8R5l0"},"fileId":"baouxvCaNI4bCEtFtTnpuO"},"_trs":{"__type__":"TypedArray","ctor":"Float64Array","array":[0,0,0,0,0,0,1,1,1,1]}},{"__type__":"cc.Node","_name":"greenPos_node","_parent":{"__id__":1},"_prefab":{"__type__":"cc.PrefabInfo","root":{"__id__":1},"asset":{"__uuid__":"27/5mwUaxI0ZMoVxi8R5l0"},"fileId":"7b1Gef/ftKK76nY8XjDYac"},"_trs":{"__type__":"TypedArray","ctor":"Float64Array","array":[0,0,0,0,0,0,1,1,1,1]}},{"__id__":5},{"__id__":7},{"__type__":"cc.Node","_name":"player","_parent":{"__id__":1},"_prefab":{"__type__":"cc.PrefabInfo","root":{"__id__":1},"asset":{"__uuid__":"27/5mwUaxI0ZMoVxi8R5l0"},"fileId":"32cPNbfeRL/55YEjfaC6yh"},"_trs":{"__type__":"TypedArray","ctor":"Float64Array","array":[41.731,-628.612,0,0,0,0,1,-0.7,0.7,1]}}],"_components":[{"__type__":"cc.Sprite","node":{"__id__":1},"_materials":[{"__uuid__":"ecpdLyjvZBwrvm+cedCcQy"}],"_spriteFrame":{"__uuid__":"f07WfsWYxNaKaG6tl/rU13"}},{"__type__":"1100eDGpRlLMYp5CrYQGpcQ","node":{"__id__":1}},{"__type__":"cc.RigidBody","node":{"__id__":1},"_type":0},{"__type__":"cc.PhysicsPolygonCollider","node":{"__id__":1},"_offset":{"__type__":"cc.Vec2","x":-394,"y":700},"points":[{"__type__":"cc.Vec2","x":-55,"y":-1191},{"__type__":"cc.Vec2","x":123,"y":-1108.2},{"__type__":"cc.Vec2","x":160.1,"y":-1070.1},{"__type__":"cc.Vec2","x":159.8,"y":-1021.2},{"__type__":"cc.Vec2","x":134.5,"y":-969.7},{"__type__":"cc.Vec2","x":102.2,"y":-890.4},{"__type__":"cc.Vec2","x":103.9,"y":-810.5},{"__type__":"cc.Vec2","x":143,"y":-673},{"__type__":"cc.Vec2","x":209,"y":-586},{"__type__":"cc.Vec2","x":335,"y":-529},{"__type__":"cc.Vec2","x":421,"y":-512},{"__type__":"cc.Vec2","x":433.3,"y":-484.6},{"__type__":"cc.Vec2","x":411.5,"y":-462.5},{"__type__":"cc.Vec2","x":368.1,"y":-449.4},{"__type__":"cc.Vec2","x":280.7,"y":-446},{"__type__":"cc.Vec2","x":211.3,"y":-423.4},{"__type__":"cc.Vec2","x":180.9,"y":-382.2},{"__type__":"cc.Vec2","x":181.2,"y":-137.1},{"__type__":"cc.Vec2","x":207.6,"y":-90.9},{"__type__":"cc.Vec2","x":264.5,"y":-77.4},{"__type__":"cc.Vec2","x":303.1,"y":-32.5},{"__type__":"cc.Vec2","x":307,"y":8.2},{"__type__":"cc.Vec2","x":539.6,"y":6.8},{"__type__":"cc.Vec2","x":543.2,"y":-184.1},{"__type__":"cc.Vec2","x":523.1,"y":-229.2},{"__type__":"cc.Vec2","x":496.8,"y":-242.8},{"__type__":"cc.Vec2","x":455.5,"y":-251.7},{"__type__":"cc.Vec2","x":349.9,"y":-254.8},{"__type__":"cc.Vec2","x":295.7,"y":-261.2},{"__type__":"cc.Vec2","x":276.1,"y":-281.5},{"__type__":"cc.Vec2","x":276.8,"y":-312.3},{"__type__":"cc.Vec2","x":295.9,"y":-339.5},{"__type__":"cc.Vec2","x":323.6,"y":-346.4},{"__type__":"cc.Vec2","x":359.9,"y":-348},{"__type__":"cc.Vec2","x":435.8,"y":-365.9},{"__type__":"cc.Vec2","x":531.7,"y":-405.3},{"__type__":"cc.Vec2","x":602.4,"y":-443.3},{"__type__":"cc.Vec2","x":641.2,"y":-470.6},{"__type__":"cc.Vec2","x":681.1,"y":-470.6},{"__type__":"cc.Vec2","x":721.1,"y":-478.5},{"__type__":"cc.Vec2","x":750.9,"y":-491.1},{"__type__":"cc.Vec2","x":786.6,"y":-525.1},{"__type__":"cc.Vec2","x":801.9,"y":-578.5},{"__type__":"cc.Vec2","x":800.1,"y":-884.7},{"__type__":"cc.Vec2","x":784.4,"y":-938},{"__type__":"cc.Vec2","x":755.3,"y":-981.8},{"__type__":"cc.Vec2","x":713.5,"y":-1001.6},{"__type__":"cc.Vec2","x":393.2,"y":-1080.2},{"__type__":"cc.Vec2","x":372.1,"y":-1092.3},{"__type__":"cc.Vec2","x":371.7,"y":-1115},{"__type__":"cc.Vec2","x":547,"y":-1162},{"__type__":"cc.Vec2","x":595,"y":-1210},{"__type__":"cc.Vec2","x":612,"y":-1276},{"__type__":"cc.Vec2","x":600,"y":-1330},{"__type__":"cc.Vec2","x":562,"y":-1377},{"__type__":"cc.Vec2","x":492,"y":-1405},{"__type__":"cc.Vec2","x":425,"y":-1407},{"__type__":"cc.Vec2","x":368,"y":-1396},{"__type__":"cc.Vec2","x":310,"y":-1360},{"__type__":"cc.Vec2","x":277,"y":-1308},{"__type__":"cc.Vec2","x":261,"y":-1237},{"__type__":"cc.Vec2","x":244,"y":-1215},{"__type__":"cc.Vec2","x":201,"y":-1213},{"__type__":"cc.Vec2","x":-54,"y":-1334},{"__type__":"cc.Vec2","x":-54,"y":-1452},{"__type__":"cc.Vec2","x":837,"y":-1457},{"__type__":"cc.Vec2","x":840,"y":50},{"__type__":"cc.Vec2","x":-50,"y":50}]},{"__type__":"cc.PhysicsPolygonCollider","node":{"__id__":1},"_offset":{"__type__":"cc.Vec2","x":-49,"y":-27},"points":[{"__type__":"cc.Vec2","x":-85.6,"y":-4.6},{"__type__":"cc.Vec2","x":-111.1,"y":-74},{"__type__":"cc.Vec2","x":-112.1,"y":-153.6},{"__type__":"cc.Vec2","x":-74.7,"y":-209.3},{"__type__":"cc.Vec2","x":-7.6,"y":-239},{"__type__":"cc.Vec2","x":89.5,"y":-247.9},{"__type__":"cc.Vec2","x":190.6,"y":-238.8},{"__type__":"cc.Vec2","x":319.4,"y":-208.7},{"__type__":"cc.Vec2","x":350,"y":-180},{"__type__":"cc.Vec2","x":370.2,"y":21.6},{"__type__":"cc.Vec2","x":357.2,"y":56.3},{"__type__":"cc.Vec2","x":323.2,"y":88.1},{"__type__":"cc.Vec2","x":229.3,"y":118},{"__type__":"cc.Vec2","x":141.8,"y":122.2},{"__type__":"cc.Vec2","x":71,"y":114},{"__type__":"cc.Vec2","x":7,"y":93},{"__type__":"cc.Vec2","x":-50,"y":50}]}],"_prefab":{"__type__":"cc.PrefabInfo","root":{"__id__":1},"asset":{"__uuid__":"27/5mwUaxI0ZMoVxi8R5l0"},"fileId":"ccb9elq09CmZ9D6LrtxX3N"},"_contentSize":{"__type__":"cc.Size","width":896,"height":1504},"_trs":{"__type__":"TypedArray","ctor":"Float64Array","array":[-100,0,0,0,0,0,1,1,1,1]}},{"__type__":"cc.Node","_name":"black_node","_parent":{"__id__":1},"_components":[{"__type__":"6c0e8KZwr5L34azTYX21stu","node":{"__id__":2}}],"_prefab":{"__type__":"cc.PrefabInfo","root":{"__id__":1},"asset":{"__uuid__":"27/5mwUaxI0ZMoVxi8R5l0"},"fileId":"92dIe2PKpOW5Hvmi56+XGI"},"_trs":{"__type__":"TypedArray","ctor":"Float64Array","array":[0,0,0,0,0,0,1,1,1,1]}},{"__type__":"cc.Node","_name":"gray_node","_parent":{"__id__":1},"_components":[{"__type__":"3400dF2d2tHLK8+En9baGXY","node":{"__id__":3},"grey_prefab":{"__uuid__":"13FEeEL1NMaK5TFGpFQpJr"}}],"_prefab":{"__type__":"cc.PrefabInfo","root":{"__id__":1},"asset":{"__uuid__":"27/5mwUaxI0ZMoVxi8R5l0"},"fileId":"9dpUCvHzlP7rcqvPfEjh2s"},"_trs":{"__type__":"TypedArray","ctor":"Float64Array","array":[0,0,0,0,0,0,1,1,1,1]}},{"__type__":"cc.Node","_name":"bulePos_node","_parent":{"__id__":1},"_children":[{"__type__":"cc.Node","_name":"New Node","_parent":{"__id__":4},"_prefab":{"__type__":"cc.PrefabInfo","root":{"__id__":1},"asset":{"__uuid__":"27/5mwUaxI0ZMoVxi8R5l0"},"fileId":"594z1o/vpIL5txhuoXiVTv"},"_trs":{"__type__":"TypedArray","ctor":"Float64Array","array":[0,554.325,0,0,0,0,1,1,1,1]}}],"_prefab":{"__type__":"cc.PrefabInfo","root":{"__id__":1},"asset":{"__uuid__":"27/5mwUaxI0ZMoVxi8R5l0"},"fileId":"8bi2Eqf51GS517EXZEqVzt"},"_trs":{"__type__":"TypedArray","ctor":"Float64Array","array":[0,0,0,0,0,0,1,1,1,1]}},{"__type__":"cc.Node","_name":"zhenNode","_parent":{"__id__":1},"_children":[{"__id__":6}],"_prefab":{"__type__":"cc.PrefabInfo","root":{"__id__":1},"asset":{"__uuid__":"27/5mwUaxI0ZMoVxi8R5l0"},"fileId":"40cYv5nNVN26dyi6nhe9xk"},"_trs":{"__type__":"TypedArray","ctor":"Float64Array","array":[-204.741,400.224,0,0,0,-1,6.123233995736766e-17,1,1,1]},"_eulerAngles":{"__type__":"cc.Vec3","z":-180},"_groupIndex":8,"groupIndex":8},{"__type__":"cc.Node","_name":"zhen","_parent":{"__id__":5},"_components":[{"__type__":"cc.Sprite","node":{"__id__":6},"_materials":[{"__uuid__":"ecpdLyjvZBwrvm+cedCcQy"}],"_spriteFrame":{"__uuid__":"81u1O4l2lM2IGXbUA/0aw7"},"_type":1,"_sizeMode":0},{"__type__":"cc.RigidBody","node":{"__id__":6},"_type":3,"_allowSleep":false,"_gravityScale":0,"_fixedRotation":true,"enabledContactListener":true,"bullet":true},{"__type__":"cc.PhysicsPolygonCollider","node":{"__id__":6},"tag":222,"_offset":{"__type__":"cc.Vec2","x":241,"y":-1},"points":[{"__type__":"cc.Vec2","x":-125.1,"y":-53.1},{"__type__":"cc.Vec2","x":-41.8,"y":-55},{"__type__":"cc.Vec2","x":-41.5,"y":57.3},{"__type__":"cc.Vec2","x":-128.3,"y":56.8},{"__type__":"cc.Vec2","x":-154.7,"y":27.2},{"__type__":"cc.Vec2","x":-441.8,"y":26.8},{"__type__":"cc.Vec2","x":-441.7,"y":-26.1},{"__type__":"cc.Vec2","x":-155.6,"y":-23.9}]},{"__type__":"72555Q9muRD1505Zi2fOOxm","node":{"__id__":6},"linevelocityX":500}],"_prefab":{"__type__":"cc.PrefabInfo","root":{"__id__":1},"asset":{"__uuid__":"27/5mwUaxI0ZMoVxi8R5l0"},"fileId":"2c+55rxb1HqITgmd7ytrQ5"},"_contentSize":{"__type__":"cc.Size","width":400,"height":111},"_trs":{"__type__":"TypedArray","ctor":"Float64Array","array":[0,0,0,0,0,0,1,0.8,0.8,0.8]},"_groupIndex":8,"groupIndex":8},{"__type__":"cc.Node","_name":"zhenNodeTwo","_parent":{"__id__":1},"_children":[{"__id__":8},{"__id__":9},{"__id__":10}],"_prefab":{"__type__":"cc.PrefabInfo","root":{"__id__":1},"asset":{"__uuid__":"27/5mwUaxI0ZMoVxi8R5l0"},"fileId":"2eOZrBNipHzqxt1ZUmwzUU"},"_trs":{"__type__":"TypedArray","ctor":"Float64Array","array":[404.887,-266.303,0,0,0,-1,6.123233995736766e-17,1,1,1]},"_eulerAngles":{"__type__":"cc.Vec3","z":-180}},{"__type__":"cc.Node","_name":"zhen","_parent":{"__id__":7},"_components":[{"__type__":"cc.Sprite","node":{"__id__":8},"_materials":[{"__uuid__":"ecpdLyjvZBwrvm+cedCcQy"}],"_spriteFrame":{"__uuid__":"14vJwyNH1OspMXFimJtxkW"},"_type":1,"_sizeMode":0},{"__type__":"cc.RigidBody","node":{"__id__":8},"_type":3,"_gravityScale":0,"_fixedRotation":true,"enabledContactListener":true,"bullet":true},{"__type__":"cc.PhysicsPolygonCollider","node":{"__id__":8},"_offset":{"__type__":"cc.Vec2","x":151.5,"y":5.7},"points":[{"__type__":"cc.Vec2","x":-249.4,"y":-21.6},{"__type__":"cc.Vec2","x":-26.2,"y":-22.6},{"__type__":"cc.Vec2","x":-26.5,"y":13.5},{"__type__":"cc.Vec2","x":-249.7,"y":13.4}]},{"__type__":"1cb3eoIRdhJWZayW7A68Y7j","node":{"__id__":8}}],"_prefab":{"__type__":"cc.PrefabInfo","root":{"__id__":1},"asset":{"__uuid__":"27/5mwUaxI0ZMoVxi8R5l0"},"fileId":"abH/V2wGpBBbwX1O0Z3qtv"},"_contentSize":{"__type__":"cc.Size","width":250,"height":111},"_trs":{"__type__":"TypedArray","ctor":"Float64Array","array":[0,0,0,0,0,0.17364817766693033,0.984807753012208,1,1,1]},"_eulerAngles":{"__type__":"cc.Vec3","z":20}},{"__type__":"cc.Node","_name":"zhenup","_parent":{"__id__":7},"_components":[{"__type__":"cc.RigidBody","node":{"__id__":9},"_type":0,"_gravityScale":0,"bullet":true}],"_prefab":{"__type__":"cc.PrefabInfo","root":{"__id__":1},"asset":{"__uuid__":"27/5mwUaxI0ZMoVxi8R5l0"},"fileId":"4781M6C1RJx4ZuuysWeTvC"},"_trs":{"__type__":"TypedArray","ctor":"Float64Array","array":[0,0,0,0,0,0,1,1,1,1]}},{"__type__":"cc.Node","_name":"zhendown","_parent":{"__id__":7},"_components":[{"__type__":"cc.RigidBody","node":{"__id__":10},"_type":0,"_gravityScale":0,"bullet":true}],"_prefab":{"__type__":"cc.PrefabInfo","root":{"__id__":1},"asset":{"__uuid__":"27/5mwUaxI0ZMoVxi8R5l0"},"fileId":"e88AGKUPlOW5AbcpOMJJLx"},"_trs":{"__type__":"TypedArray","ctor":"Float64Array","array":[0,-466.21,0,0,0,0,1,1,1,1]}}],{"__type__":"cc.SpriteFrame","content":{"name":"guanqia114","texture":"b6fRw4AUVFjobAwtduSX0L","rect":[0,1,896,1503],"offset":[0,-0.5],"originalSize":[896,1504],"capInsets":[0,0,0,0]}}]