[[{"__type__":"cc.Prefab","_name":"UIDerived42","data":{"__id__":1}},{"__type__":"cc.Node","_name":"UIDerived47","_children":[{"__type__":"cc.Node","_name":"bule_node","_parent":{"__id__":1},"_prefab":{"__type__":"cc.PrefabInfo","root":{"__id__":1},"asset":{"__uuid__":"362C4x3QJCtaDeAYX/NdiB"},"fileId":"4eVL1OZCRPY6A0hDlYPKBg"},"_trs":{"__type__":"TypedArray","ctor":"Float64Array","array":[0,0,0,0,0,0,1,1,1,1]}},{"__type__":"cc.Node","_name":"greenwater_node","_parent":{"__id__":1},"_prefab":{"__type__":"cc.PrefabInfo","root":{"__id__":1},"asset":{"__uuid__":"362C4x3QJCtaDeAYX/NdiB"},"fileId":"081S/tCrxNW5JN1p+RoHgf"},"_trs":{"__type__":"TypedArray","ctor":"Float64Array","array":[0,0,0,0,0,0,1,1,1,1]}},{"__type__":"cc.Node","_name":"redwater_node","_parent":{"__id__":1},"_prefab":{"__type__":"cc.PrefabInfo","root":{"__id__":1},"asset":{"__uuid__":"362C4x3QJCtaDeAYX/NdiB"},"fileId":"124Sc8T5hJvYyODZ9cXuOs"},"_trs":{"__type__":"TypedArray","ctor":"Float64Array","array":[0,0,0,0,0,0,1,1,1,1]}},{"__id__":2},{"__id__":3},{"__id__":4},{"__id__":5},{"__type__":"cc.Node","_name":"greenPos_node","_parent":{"__id__":1},"_prefab":{"__type__":"cc.PrefabInfo","root":{"__id__":1},"asset":{"__uuid__":"362C4x3QJCtaDeAYX/NdiB"},"fileId":"c9Omv+4zhI4rR9er5klfsT"},"_trs":{"__type__":"TypedArray","ctor":"Float64Array","array":[0,0,0,0,0,0,1,1,1,1]}},{"__type__":"cc.Node","_name":"player","_parent":{"__id__":1},"_prefab":{"__type__":"cc.PrefabInfo","root":{"__id__":1},"asset":{"__uuid__":"362C4x3QJCtaDeAYX/NdiB"},"fileId":"8bJySNkdlBM4p2/AIqvo2v"},"_contentSize":{"__type__":"cc.Size","width":240,"height":140},"_trs":{"__type__":"TypedArray","ctor":"Float64Array","array":[-40.019,-654.844,0,0,0,0,1,-0.7,0.7,1]}},{"__id__":6},{"__id__":8},{"__id__":10}],"_components":[{"__type__":"cc.Sprite","node":{"__id__":1},"_materials":[{"__uuid__":"ecpdLyjvZBwrvm+cedCcQy"}],"_spriteFrame":{"__uuid__":"daWgVcvQ5CYKdaMmuUeBQ9"}},{"__type__":"cc.RigidBody","node":{"__id__":1},"_type":0},{"__type__":"cc.PhysicsPolygonCollider","node":{"__id__":1},"_offset":{"__type__":"cc.Vec2","x":-337,"y":789},"points":[{"__type__":"cc.Vec2","x":-23,"y":-1593},{"__type__":"cc.Vec2","x":767,"y":-1600},{"__type__":"cc.Vec2","x":764,"y":50},{"__type__":"cc.Vec2","x":638.1,"y":-65.6},{"__type__":"cc.Vec2","x":634,"y":-1317},{"__type__":"cc.Vec2","x":498,"y":-1345},{"__type__":"cc.Vec2","x":471,"y":-1375},{"__type__":"cc.Vec2","x":412,"y":-1493},{"__type__":"cc.Vec2","x":280,"y":-1519},{"__type__":"cc.Vec2","x":192,"y":-1492},{"__type__":"cc.Vec2","x":127,"y":-1429},{"__type__":"cc.Vec2","x":108,"y":-1318},{"__type__":"cc.Vec2","x":148,"y":-1237},{"__type__":"cc.Vec2","x":228,"y":-1186},{"__type__":"cc.Vec2","x":374,"y":-1189},{"__type__":"cc.Vec2","x":486,"y":-1212},{"__type__":"cc.Vec2","x":542,"y":-1202},{"__type__":"cc.Vec2","x":539,"y":-914},{"__type__":"cc.Vec2","x":524,"y":-889},{"__type__":"cc.Vec2","x":367.4,"y":-912.9},{"__type__":"cc.Vec2","x":322.5,"y":-933.1},{"__type__":"cc.Vec2","x":295.3,"y":-972.1},{"__type__":"cc.Vec2","x":284.7,"y":-1053.4},{"__type__":"cc.Vec2","x":252.4,"y":-1108.4},{"__type__":"cc.Vec2","x":113.4,"y":-1119.8},{"__type__":"cc.Vec2","x":57.9,"y":-1077.6},{"__type__":"cc.Vec2","x":40.6,"y":-983.8},{"__type__":"cc.Vec2","x":54.3,"y":-908.1},{"__type__":"cc.Vec2","x":91,"y":-839},{"__type__":"cc.Vec2","x":158,"y":-789.1},{"__type__":"cc.Vec2","x":258,"y":-770},{"__type__":"cc.Vec2","x":457,"y":-785},{"__type__":"cc.Vec2","x":523,"y":-791},{"__type__":"cc.Vec2","x":550,"y":-752},{"__type__":"cc.Vec2","x":552,"y":-579},{"__type__":"cc.Vec2","x":533,"y":-498},{"__type__":"cc.Vec2","x":492,"y":-473},{"__type__":"cc.Vec2","x":318,"y":-456},{"__type__":"cc.Vec2","x":228,"y":-410},{"__type__":"cc.Vec2","x":222,"y":-375},{"__type__":"cc.Vec2","x":255,"y":-366},{"__type__":"cc.Vec2","x":448,"y":-388},{"__type__":"cc.Vec2","x":513,"y":-367},{"__type__":"cc.Vec2","x":550,"y":-322},{"__type__":"cc.Vec2","x":543,"y":-253},{"__type__":"cc.Vec2","x":482,"y":-210},{"__type__":"cc.Vec2","x":272,"y":-186},{"__type__":"cc.Vec2","x":212,"y":-162},{"__type__":"cc.Vec2","x":181,"y":-116},{"__type__":"cc.Vec2","x":171,"y":-61},{"__type__":"cc.Vec2","x":634,"y":-68},{"__type__":"cc.Vec2","x":763,"y":53},{"__type__":"cc.Vec2","x":-10,"y":63}]},{"__type__":"1100eDGpRlLMYp5CrYQGpcQ","node":{"__id__":1}}],"_prefab":{"__type__":"cc.PrefabInfo","root":{"__id__":1},"asset":{"__uuid__":"362C4x3QJCtaDeAYX/NdiB"},"fileId":"8e+6nxV6BBsI8GMCd72J7a"},"_contentSize":{"__type__":"cc.Size","width":690,"height":1550},"_trs":{"__type__":"TypedArray","ctor":"Float64Array","array":[0,0,0,0,0,0,1,1,1,1]}},{"__type__":"cc.Node","_name":"black_node","_parent":{"__id__":1},"_components":[{"__type__":"6c0e8KZwr5L34azTYX21stu","node":{"__id__":2}}],"_prefab":{"__type__":"cc.PrefabInfo","root":{"__id__":1},"asset":{"__uuid__":"362C4x3QJCtaDeAYX/NdiB"},"fileId":"80nZ0cYrFKGouy8zFSL3YR"},"_trs":{"__type__":"TypedArray","ctor":"Float64Array","array":[0,0,0,0,0,0,1,1,1,1]}},{"__type__":"cc.Node","_name":"gray_node","_parent":{"__id__":1},"_components":[{"__type__":"3400dF2d2tHLK8+En9baGXY","node":{"__id__":3},"grey_prefab":{"__uuid__":"13FEeEL1NMaK5TFGpFQpJr"}}],"_prefab":{"__type__":"cc.PrefabInfo","root":{"__id__":1},"asset":{"__uuid__":"362C4x3QJCtaDeAYX/NdiB"},"fileId":"14bgQ5vKtLLp/427S+ssUx"},"_trs":{"__type__":"TypedArray","ctor":"Float64Array","array":[0,0,0,0,0,0,1,1,1,1]}},{"__type__":"cc.Node","_name":"bulePos_node","_parent":{"__id__":1},"_children":[{"__type__":"cc.Node","_name":"New Node","_parent":{"__id__":4},"_prefab":{"__type__":"cc.PrefabInfo","root":{"__id__":1},"asset":{"__uuid__":"362C4x3QJCtaDeAYX/NdiB"},"fileId":"66lcLQSFJNYLfHLxY9TFI9"},"_trs":{"__type__":"TypedArray","ctor":"Float64Array","array":[161.799,675.695,0,0,0,0,1,1,1,1]}}],"_prefab":{"__type__":"cc.PrefabInfo","root":{"__id__":1},"asset":{"__uuid__":"362C4x3QJCtaDeAYX/NdiB"},"fileId":"cegqNty11LDIuztICA3jDm"},"_trs":{"__type__":"TypedArray","ctor":"Float64Array","array":[0,0,0,0,0,0,1,1,1,1]}},{"__type__":"cc.Node","_name":"redPos_node","_parent":{"__id__":1},"_children":[{"__type__":"cc.Node","_name":"New Node","_parent":{"__id__":5},"_prefab":{"__type__":"cc.PrefabInfo","root":{"__id__":1},"asset":{"__uuid__":"362C4x3QJCtaDeAYX/NdiB"},"fileId":"e8+ASs2z1EYo3sBT6vY+ZO"},"_trs":{"__type__":"TypedArray","ctor":"Float64Array","array":[216.523,425.924,0,0,0,0,1,1,1,1]}}],"_prefab":{"__type__":"cc.PrefabInfo","root":{"__id__":1},"asset":{"__uuid__":"362C4x3QJCtaDeAYX/NdiB"},"fileId":"fcuE+b4+BLbZ0WRs7w4r1t"},"_trs":{"__type__":"TypedArray","ctor":"Float64Array","array":[0,0,0,0,0,0,1,1,1,1]}},{"__type__":"cc.Node","_name":"zhenNode","_parent":{"__id__":1},"_children":[{"__id__":7}],"_prefab":{"__type__":"cc.PrefabInfo","root":{"__id__":1},"asset":{"__uuid__":"362C4x3QJCtaDeAYX/NdiB"},"fileId":"3eC+RPCo1Adp6V1APLkL6W"},"_trs":{"__type__":"TypedArray","ctor":"Float64Array","array":[297.426,498.67,0,0,0,0,1,1,1,1]},"_groupIndex":8,"groupIndex":8},{"__type__":"cc.Node","_name":"zhen","_parent":{"__id__":6},"_components":[{"__type__":"cc.Sprite","node":{"__id__":7},"_materials":[{"__uuid__":"ecpdLyjvZBwrvm+cedCcQy"}],"_spriteFrame":{"__uuid__":"81u1O4l2lM2IGXbUA/0aw7"},"_type":1,"_sizeMode":0},{"__type__":"cc.RigidBody","node":{"__id__":7},"_type":3,"_allowSleep":false,"_gravityScale":0,"_fixedRotation":true,"enabledContactListener":true,"bullet":true},{"__type__":"cc.PhysicsPolygonCollider","node":{"__id__":7},"tag":222,"_offset":{"__type__":"cc.Vec2","x":116.4,"y":-4.3},"points":[{"__type__":"cc.Vec2","x":-48.9,"y":-66.3},{"__type__":"cc.Vec2","x":62.5,"y":-66.3},{"__type__":"cc.Vec2","x":63,"y":67.4},{"__type__":"cc.Vec2","x":-48.4,"y":69},{"__type__":"cc.Vec2","x":-52.2,"y":41.4},{"__type__":"cc.Vec2","x":-291.4,"y":45.8},{"__type__":"cc.Vec2","x":-289.6,"y":-27.9},{"__type__":"cc.Vec2","x":-49.2,"y":-34.3}]},{"__type__":"72555Q9muRD1505Zi2fOOxm","node":{"__id__":7},"linevelocityX":500}],"_prefab":{"__type__":"cc.PrefabInfo","root":{"__id__":1},"asset":{"__uuid__":"362C4x3QJCtaDeAYX/NdiB"},"fileId":"44ELa3VOpDqYMCF26upIcr"},"_contentSize":{"__type__":"cc.Size","width":347,"height":111},"_trs":{"__type__":"TypedArray","ctor":"Float64Array","array":[0,0,0,0,0,0,1,0.8,0.8,0.8]},"_groupIndex":8,"groupIndex":8},{"__type__":"cc.Node","_name":"zhenNode","_parent":{"__id__":1},"_children":[{"__id__":9}],"_prefab":{"__type__":"cc.PrefabInfo","root":{"__id__":1},"asset":{"__uuid__":"362C4x3QJCtaDeAYX/NdiB"},"fileId":"05LSSKRUJMZaXzpnl2n749"},"_trs":{"__type__":"TypedArray","ctor":"Float64Array","array":[297.426,252.67,0,0,0,0,1,1,1,1]},"_groupIndex":8,"groupIndex":8},{"__type__":"cc.Node","_name":"zhen","_parent":{"__id__":8},"_components":[{"__type__":"cc.Sprite","node":{"__id__":9},"_materials":[{"__uuid__":"ecpdLyjvZBwrvm+cedCcQy"}],"_spriteFrame":{"__uuid__":"81u1O4l2lM2IGXbUA/0aw7"},"_type":1,"_sizeMode":0},{"__type__":"cc.RigidBody","node":{"__id__":9},"_type":3,"_allowSleep":false,"_gravityScale":0,"_fixedRotation":true,"enabledContactListener":true,"bullet":true},{"__type__":"cc.PhysicsPolygonCollider","node":{"__id__":9},"tag":222,"_offset":{"__type__":"cc.Vec2","x":116.4,"y":-4.3},"points":[{"__type__":"cc.Vec2","x":-48.9,"y":-66.3},{"__type__":"cc.Vec2","x":62.5,"y":-66.3},{"__type__":"cc.Vec2","x":63,"y":67.4},{"__type__":"cc.Vec2","x":-48.4,"y":69},{"__type__":"cc.Vec2","x":-52.2,"y":41.4},{"__type__":"cc.Vec2","x":-291.4,"y":45.8},{"__type__":"cc.Vec2","x":-289.6,"y":-27.9},{"__type__":"cc.Vec2","x":-49.2,"y":-34.3}]},{"__type__":"72555Q9muRD1505Zi2fOOxm","node":{"__id__":9},"linevelocityX":500}],"_prefab":{"__type__":"cc.PrefabInfo","root":{"__id__":1},"asset":{"__uuid__":"362C4x3QJCtaDeAYX/NdiB"},"fileId":"dbDh3sgDxAL4I2Lay/faFL"},"_contentSize":{"__type__":"cc.Size","width":347,"height":111},"_trs":{"__type__":"TypedArray","ctor":"Float64Array","array":[0,0,0,0,0,0,1,0.8,0.8,0.8]},"_groupIndex":8,"groupIndex":8},{"__type__":"cc.Node","_name":"zhenNodeTwo","_parent":{"__id__":1},"_children":[{"__id__":11},{"__id__":12},{"__id__":13}],"_prefab":{"__type__":"cc.PrefabInfo","root":{"__id__":1},"asset":{"__uuid__":"362C4x3QJCtaDeAYX/NdiB"},"fileId":"9b5qq/07VAQJ2qxqIV1N3N"},"_trs":{"__type__":"TypedArray","ctor":"Float64Array","array":[314.946,95.041,0,0,0,1,6.123233995736766e-17,1,1,1]},"_eulerAngles":{"__type__":"cc.Vec3","z":180}},{"__type__":"cc.Node","_name":"zhen","_parent":{"__id__":10},"_components":[{"__type__":"cc.Sprite","node":{"__id__":11},"_materials":[{"__uuid__":"ecpdLyjvZBwrvm+cedCcQy"}],"_spriteFrame":{"__uuid__":"14vJwyNH1OspMXFimJtxkW"},"_type":1,"_sizeMode":0},{"__type__":"cc.RigidBody","node":{"__id__":11},"_type":3,"_gravityScale":0,"_fixedRotation":true,"enabledContactListener":true,"bullet":true},{"__type__":"cc.PhysicsPolygonCollider","node":{"__id__":11},"_offset":{"__type__":"cc.Vec2","x":176,"y":5},"points":[{"__type__":"cc.Vec2","x":-318.2,"y":-68.5},{"__type__":"cc.Vec2","x":-212.7,"y":-67.9},{"__type__":"cc.Vec2","x":-207.7,"y":-38.1},{"__type__":"cc.Vec2","x":-33.9,"y":-37.1},{"__type__":"cc.Vec2","x":-34.2,"y":33.5},{"__type__":"cc.Vec2","x":-205.9,"y":32.9},{"__type__":"cc.Vec2","x":-210.3,"y":56.6},{"__type__":"cc.Vec2","x":-320.9,"y":57.6}]},{"__type__":"1cb3eoIRdhJWZayW7A68Y7j","node":{"__id__":11}}],"_prefab":{"__type__":"cc.PrefabInfo","root":{"__id__":1},"asset":{"__uuid__":"362C4x3QJCtaDeAYX/NdiB"},"fileId":"4dRPjycItEyJmetks+YJY3"},"_contentSize":{"__type__":"cc.Size","width":262.1,"height":111},"_trs":{"__type__":"TypedArray","ctor":"Float64Array","array":[0,0,0,0,0,0,1,1,1,1]}},{"__type__":"cc.Node","_name":"zhenup","_parent":{"__id__":10},"_components":[{"__type__":"cc.RigidBody","node":{"__id__":12},"_type":0,"_gravityScale":0,"bullet":true}],"_prefab":{"__type__":"cc.PrefabInfo","root":{"__id__":1},"asset":{"__uuid__":"362C4x3QJCtaDeAYX/NdiB"},"fileId":"7eA5FI/jZE1YVf4+KCX6cR"},"_trs":{"__type__":"TypedArray","ctor":"Float64Array","array":[0,616.122,0,0,0,0,1,1,1,1]}},{"__type__":"cc.Node","_name":"zhendown","_parent":{"__id__":10},"_components":[{"__type__":"cc.RigidBody","node":{"__id__":13},"_type":0,"_gravityScale":0,"bullet":true}],"_prefab":{"__type__":"cc.PrefabInfo","root":{"__id__":1},"asset":{"__uuid__":"362C4x3QJCtaDeAYX/NdiB"},"fileId":"fbTtV4NpFAXY9jbIEE6tGv"},"_trs":{"__type__":"TypedArray","ctor":"Float64Array","array":[0,-37.806,0,0,0,0,1,1,1,1]}}],{"__type__":"cc.SpriteFrame","content":{"name":"guanqia52","texture":"0cIV6peb5DnJ/l4jGT8KzQ","rect":[1,1,690,1550],"offset":[-0.5,0],"originalSize":[693,1552],"capInsets":[0,0,0,0]}}]