[[{"__type__":"cc.Prefab","_name":"UIDerived26","data":{"__id__":1}},{"__type__":"cc.Node","_name":"UIDerived29","_children":[{"__type__":"cc.Node","_name":"player","_parent":{"__id__":1},"_prefab":{"__type__":"cc.PrefabInfo","root":{"__id__":1},"asset":{"__uuid__":"4f14JBAhhBLZP5GcC0m/xt"},"fileId":"f3TohQZelKaaJGFfThIJhY"},"_contentSize":{"__type__":"cc.Size","width":240,"height":140},"_trs":{"__type__":"TypedArray","ctor":"Float64Array","array":[-9.639,-634.156,0,0,0,0,1,0.7,0.7,0.7]}},{"__type__":"cc.Node","_name":"greenPos_node","_parent":{"__id__":1},"_prefab":{"__type__":"cc.PrefabInfo","root":{"__id__":1},"asset":{"__uuid__":"4f14JBAhhBLZP5GcC0m/xt"},"fileId":"26lU/y8tJHvq2y9e6shCwh"},"_trs":{"__type__":"TypedArray","ctor":"Float64Array","array":[0,0,0,0,0,0,1,1,1,1]}},{"__id__":2},{"__id__":3},{"__id__":4},{"__id__":5},{"__type__":"cc.Node","_name":"redwater_node","_parent":{"__id__":1},"_prefab":{"__type__":"cc.PrefabInfo","root":{"__id__":1},"asset":{"__uuid__":"4f14JBAhhBLZP5GcC0m/xt"},"fileId":"95CWSTZSZOkr3ZAMHhm2HZ"},"_trs":{"__type__":"TypedArray","ctor":"Float64Array","array":[0,0,0,0,0,0,1,1,1,1]}},{"__type__":"cc.Node","_name":"greenwater_node","_parent":{"__id__":1},"_prefab":{"__type__":"cc.PrefabInfo","root":{"__id__":1},"asset":{"__uuid__":"4f14JBAhhBLZP5GcC0m/xt"},"fileId":"c6DJvlyd9OoLqeqM+MI+A8"},"_trs":{"__type__":"TypedArray","ctor":"Float64Array","array":[0,0,0,0,0,0,1,1,1,1]}},{"__type__":"cc.Node","_name":"bule_node","_parent":{"__id__":1},"_prefab":{"__type__":"cc.PrefabInfo","root":{"__id__":1},"asset":{"__uuid__":"4f14JBAhhBLZP5GcC0m/xt"},"fileId":"7c7AzwfI9Dsr2PPgWKuXzl"},"_trs":{"__type__":"TypedArray","ctor":"Float64Array","array":[0,0,0,0,0,0,1,1,1,1]}},{"__id__":6},{"__id__":9}],"_components":[{"__type__":"cc.Sprite","node":{"__id__":1},"_materials":[{"__uuid__":"ecpdLyjvZBwrvm+cedCcQy"}],"_spriteFrame":{"__uuid__":"6f70qe64JNAJJ+g7LBN3jk"}},{"__type__":"1100eDGpRlLMYp5CrYQGpcQ","node":{"__id__":1}},{"__type__":"cc.RigidBody","node":{"__id__":1},"_type":0},{"__type__":"cc.PhysicsPolygonCollider","node":{"__id__":1},"points":[{"__type__":"cc.Vec2","x":-245,"y":-753.2},{"__type__":"cc.Vec2","x":254,"y":-754.4},{"__type__":"cc.Vec2","x":253.6,"y":-537.6},{"__type__":"cc.Vec2","x":255.3,"y":757.6},{"__type__":"cc.Vec2","x":-70,"y":748},{"__type__":"cc.Vec2","x":-40,"y":704},{"__type__":"cc.Vec2","x":43,"y":708},{"__type__":"cc.Vec2","x":48,"y":-77},{"__type__":"cc.Vec2","x":47,"y":-261},{"__type__":"cc.Vec2","x":107,"y":-266},{"__type__":"cc.Vec2","x":118,"y":-229},{"__type__":"cc.Vec2","x":116,"y":703},{"__type__":"cc.Vec2","x":203,"y":706},{"__type__":"cc.Vec2","x":206.5,"y":-515},{"__type__":"cc.Vec2","x":193.1,"y":-584.2},{"__type__":"cc.Vec2","x":143.5,"y":-661},{"__type__":"cc.Vec2","x":32,"y":-708.3},{"__type__":"cc.Vec2","x":-55.9,"y":-707.7},{"__type__":"cc.Vec2","x":-133.4,"y":-673.9},{"__type__":"cc.Vec2","x":-175.4,"y":-622.1},{"__type__":"cc.Vec2","x":-202.1,"y":-516.1},{"__type__":"cc.Vec2","x":-207,"y":-312},{"__type__":"cc.Vec2","x":-205.1,"y":711.7},{"__type__":"cc.Vec2","x":-117.8,"y":711.4},{"__type__":"cc.Vec2","x":-121,"y":-244},{"__type__":"cc.Vec2","x":-104,"y":-268},{"__type__":"cc.Vec2","x":-56,"y":-272},{"__type__":"cc.Vec2","x":-39,"y":-248},{"__type__":"cc.Vec2","x":-42,"y":706},{"__type__":"cc.Vec2","x":-72.7,"y":744.6},{"__type__":"cc.Vec2","x":-244,"y":747}]},{"__type__":"cc.PhysicsPolygonCollider","node":{"__id__":1},"_offset":{"__type__":"cc.Vec2","x":1,"y":-427},"points":[{"__type__":"cc.Vec2","x":-52.3,"y":-45.5},{"__type__":"cc.Vec2","x":50,"y":-50},{"__type__":"cc.Vec2","x":120.7,"y":-32},{"__type__":"cc.Vec2","x":110.2,"y":-2.4},{"__type__":"cc.Vec2","x":47.7,"y":38.7},{"__type__":"cc.Vec2","x":0.5,"y":50},{"__type__":"cc.Vec2","x":-58.8,"y":34.9},{"__type__":"cc.Vec2","x":-107.9,"y":4.1},{"__type__":"cc.Vec2","x":-122,"y":-25.8}]}],"_prefab":{"__type__":"cc.PrefabInfo","root":{"__id__":1},"asset":{"__uuid__":"4f14JBAhhBLZP5GcC0m/xt"},"fileId":"47/OIO339Mga8UZQIaIQ2/"},"_contentSize":{"__type__":"cc.Size","width":491,"height":1503},"_trs":{"__type__":"TypedArray","ctor":"Float64Array","array":[0,0,0,0,0,0,1,1,1,1]}},{"__type__":"cc.Node","_name":"redPos_node","_parent":{"__id__":1},"_children":[{"__type__":"cc.Node","_name":"New Node","_parent":{"__id__":2},"_prefab":{"__type__":"cc.PrefabInfo","root":{"__id__":1},"asset":{"__uuid__":"4f14JBAhhBLZP5GcC0m/xt"},"fileId":"8dtEOEm41FzrJXmgEhXuq0"},"_trs":{"__type__":"TypedArray","ctor":"Float64Array","array":[-177.276,524.365,0,0,0,0,1,1,1,1]}},{"__type__":"cc.Node","_name":"New Node","_parent":{"__id__":2},"_prefab":{"__type__":"cc.PrefabInfo","root":{"__id__":1},"asset":{"__uuid__":"4f14JBAhhBLZP5GcC0m/xt"},"fileId":"7bbl7o0O1KzpvoyEYW4V2I"},"_trs":{"__type__":"TypedArray","ctor":"Float64Array","array":[150.724,524.365,0,0,0,0,1,1,1,1]}}],"_prefab":{"__type__":"cc.PrefabInfo","root":{"__id__":1},"asset":{"__uuid__":"4f14JBAhhBLZP5GcC0m/xt"},"fileId":"687mB+yTFNGKn6ZVzuM13I"},"_trs":{"__type__":"TypedArray","ctor":"Float64Array","array":[0,0,0,0,0,0,1,1,1,1]}},{"__type__":"cc.Node","_name":"bulePos_node","_parent":{"__id__":1},"_children":[{"__type__":"cc.Node","_name":"New Node","_parent":{"__id__":3},"_prefab":{"__type__":"cc.PrefabInfo","root":{"__id__":1},"asset":{"__uuid__":"4f14JBAhhBLZP5GcC0m/xt"},"fileId":"f1bgtwXD9CB6WmZgyz2yIo"},"_trs":{"__type__":"TypedArray","ctor":"Float64Array","array":[-2.798,563.891,0,0,0,0,1,1,1,1]}}],"_prefab":{"__type__":"cc.PrefabInfo","root":{"__id__":1},"asset":{"__uuid__":"4f14JBAhhBLZP5GcC0m/xt"},"fileId":"35VIsza31GwossSR5ExDhB"},"_trs":{"__type__":"TypedArray","ctor":"Float64Array","array":[0,0,0,0,0,0,1,1,1,1]}},{"__type__":"cc.Node","_name":"gray_node","_parent":{"__id__":1},"_components":[{"__type__":"3400dF2d2tHLK8+En9baGXY","node":{"__id__":4},"grey_prefab":{"__uuid__":"13FEeEL1NMaK5TFGpFQpJr"}}],"_prefab":{"__type__":"cc.PrefabInfo","root":{"__id__":1},"asset":{"__uuid__":"4f14JBAhhBLZP5GcC0m/xt"},"fileId":"a00l4W0sNH9JTq5aR8w0z1"},"_trs":{"__type__":"TypedArray","ctor":"Float64Array","array":[0,0,0,0,0,0,1,1,1,1]}},{"__type__":"cc.Node","_name":"black_node","_parent":{"__id__":1},"_components":[{"__type__":"6c0e8KZwr5L34azTYX21stu","node":{"__id__":5}}],"_prefab":{"__type__":"cc.PrefabInfo","root":{"__id__":1},"asset":{"__uuid__":"4f14JBAhhBLZP5GcC0m/xt"},"fileId":"34OqnptgtBrZKeJwKNgpF3"},"_trs":{"__type__":"TypedArray","ctor":"Float64Array","array":[0,0,0,0,0,0,1,1,1,1]}},{"__type__":"cc.Node","_name":"MoveProp","_parent":{"__id__":1},"_children":[{"__id__":7},{"__id__":8}],"_prefab":{"__type__":"cc.PrefabInfo","root":{"__id__":1},"asset":{"__uuid__":"4f14JBAhhBLZP5GcC0m/xt"},"fileId":"2dHFzErFdKVqhVD1aPTbZC"},"_trs":{"__type__":"TypedArray","ctor":"Float64Array","array":[0,395.152,0,0,0,0,1,1,1,1]}},{"__type__":"cc.Node","_name":"Bar","_parent":{"__id__":6},"_components":[{"__type__":"cc.Sprite","node":{"__id__":7},"_materials":[{"__uuid__":"ecpdLyjvZBwrvm+cedCcQy"}],"_spriteFrame":{"__uuid__":"36nyDwRspBQpKV3/57IicC"},"_type":1,"_sizeMode":0},{"__type__":"cc.RigidBody","node":{"__id__":7},"_type":0},{"__type__":"cc.PhysicsPolygonCollider","node":{"__id__":7},"points":[{"__type__":"cc.Vec2","x":-212.3,"y":-32.2},{"__type__":"cc.Vec2","x":210,"y":-33.1},{"__type__":"cc.Vec2","x":208.8,"y":31.8},{"__type__":"cc.Vec2","x":-213.2,"y":32.7}]},{"__type__":"8a64bLvzRlHBakXZIa7SBbN","node":{"__id__":7}}],"_prefab":{"__type__":"cc.PrefabInfo","root":{"__id__":1},"asset":{"__uuid__":"4f14JBAhhBLZP5GcC0m/xt"},"fileId":"ee1PSwZhNNJYIo+5rveVO4"},"_contentSize":{"__type__":"cc.Size","width":423,"height":65},"_trs":{"__type__":"TypedArray","ctor":"Float64Array","array":[4,0,0,0,0,0,1,1,1,1]}},{"__type__":"cc.Node","_name":"BarBG","_parent":{"__id__":6},"_components":[{"__type__":"cc.Sprite","node":{"__id__":8},"_materials":[{"__uuid__":"ecpdLyjvZBwrvm+cedCcQy"}],"_spriteFrame":{"__uuid__":"d8hqEurO5O3r/JLAsbxS//"},"_type":1,"_sizeMode":0}],"_prefab":{"__type__":"cc.PrefabInfo","root":{"__id__":1},"asset":{"__uuid__":"4f14JBAhhBLZP5GcC0m/xt"},"fileId":"6bK09/0x9DOoRYtvsgiOcB"},"_contentSize":{"__type__":"cc.Size","width":1026,"height":66},"_trs":{"__type__":"TypedArray","ctor":"Float64Array","array":[17,0,0,0,0,0,1,1,1,1]}},{"__type__":"cc.Node","_name":"MoveProp","_parent":{"__id__":1},"_children":[{"__id__":10},{"__id__":11}],"_prefab":{"__type__":"cc.PrefabInfo","root":{"__id__":1},"asset":{"__uuid__":"4f14JBAhhBLZP5GcC0m/xt"},"fileId":"20RPNLyCRN+YvSEtCbsvxB"},"_trs":{"__type__":"TypedArray","ctor":"Float64Array","array":[0,-19.956,0,0,0,0,1,1,1,1]}},{"__type__":"cc.Node","_name":"Bar","_parent":{"__id__":9},"_components":[{"__type__":"cc.Sprite","node":{"__id__":10},"_materials":[{"__uuid__":"ecpdLyjvZBwrvm+cedCcQy"}],"_spriteFrame":{"__uuid__":"36nyDwRspBQpKV3/57IicC"},"_type":1,"_sizeMode":0},{"__type__":"cc.RigidBody","node":{"__id__":10},"_type":0},{"__type__":"cc.PhysicsPolygonCollider","node":{"__id__":10},"points":[{"__type__":"cc.Vec2","x":-212.3,"y":-32.2},{"__type__":"cc.Vec2","x":210,"y":-33.1},{"__type__":"cc.Vec2","x":208.8,"y":31.8},{"__type__":"cc.Vec2","x":-213.2,"y":32.7}]},{"__type__":"8a64bLvzRlHBakXZIa7SBbN","node":{"__id__":10}}],"_prefab":{"__type__":"cc.PrefabInfo","root":{"__id__":1},"asset":{"__uuid__":"4f14JBAhhBLZP5GcC0m/xt"},"fileId":"e1bhkbi75LAZT0F5zlc8iO"},"_contentSize":{"__type__":"cc.Size","width":423,"height":65},"_trs":{"__type__":"TypedArray","ctor":"Float64Array","array":[4,0,0,0,0,0,1,1,1,1]}},{"__type__":"cc.Node","_name":"BarBG","_parent":{"__id__":9},"_components":[{"__type__":"cc.Sprite","node":{"__id__":11},"_materials":[{"__uuid__":"ecpdLyjvZBwrvm+cedCcQy"}],"_spriteFrame":{"__uuid__":"d8hqEurO5O3r/JLAsbxS//"},"_type":1,"_sizeMode":0}],"_prefab":{"__type__":"cc.PrefabInfo","root":{"__id__":1},"asset":{"__uuid__":"4f14JBAhhBLZP5GcC0m/xt"},"fileId":"5dkuMnlZhAg5vU7IZsOEl7"},"_contentSize":{"__type__":"cc.Size","width":1034,"height":66},"_trs":{"__type__":"TypedArray","ctor":"Float64Array","array":[15,0,0,0,0,0,1,1,1,1]}}],{"__type__":"cc.SpriteFrame","content":{"name":"guanqia30","texture":"d2eF9GvwhNL7mjfvZqY3Cv","rect":[1,1,491,1503],"offset":[0.5,0],"originalSize":[492,1505],"capInsets":[0,0,0,0]}}]