[{"__type__":"cc.SpriteFrame","content":{"name":"guanqia1","texture":"ba+q95uvxJ25hMRg3faAXf","rect":[0,1,481,1448],"offset":[-1,-0.5],"originalSize":[483,1449],"capInsets":[0,0,0,0]}},[{"__type__":"cc.Prefab","_name":"UIDerived1","data":{"__id__":1}},{"__type__":"cc.Node","_name":"UIDerived1","_children":[{"__type__":"cc.Node","_name":"outLine","_parent":{"__id__":1},"_prefab":{"__type__":"cc.PrefabInfo","root":{"__id__":1},"asset":{"__uuid__":"edUyiT2kBEaKmBo9iETHrL"},"fileId":"04rETYo/dKEZEeQ6eThr7y"},"_trs":{"__type__":"TypedArray","ctor":"Float64Array","array":[0,0,0,0,0,0,1,1,1,1]}},{"__type__":"cc.Node","_name":"player","_parent":{"__id__":1},"_prefab":{"__type__":"cc.PrefabInfo","root":{"__id__":1},"asset":{"__uuid__":"edUyiT2kBEaKmBo9iETHrL"},"fileId":"0cHpnOA6hA8qWT4qv3OqGi"},"_trs":{"__type__":"TypedArray","ctor":"Float64Array","array":[0,-606.96,0,0,0,0,1,0.7,1,1]}},{"__type__":"cc.Node","_name":"bule_node","_parent":{"__id__":1},"_prefab":{"__type__":"cc.PrefabInfo","root":{"__id__":1},"asset":{"__uuid__":"edUyiT2kBEaKmBo9iETHrL"},"fileId":"7bAlcGZjpDkb/Q+TMs07xg"},"_trs":{"__type__":"TypedArray","ctor":"Float64Array","array":[-2.828,565.686,0,0,0,0,1,1,1,1]}},{"__type__":"cc.Node","_name":"greenwater_node","_parent":{"__id__":1},"_prefab":{"__type__":"cc.PrefabInfo","root":{"__id__":1},"asset":{"__uuid__":"edUyiT2kBEaKmBo9iETHrL"},"fileId":"03aIwCq7dJLJG/BLcm6ExJ"},"_trs":{"__type__":"TypedArray","ctor":"Float64Array","array":[0,0,0,0,0,0,1,1,1,1]}},{"__type__":"cc.Node","_name":"redwater_node","_parent":{"__id__":1},"_prefab":{"__type__":"cc.PrefabInfo","root":{"__id__":1},"asset":{"__uuid__":"edUyiT2kBEaKmBo9iETHrL"},"fileId":"6faFLAuStLO6AsluItopjM"},"_trs":{"__type__":"TypedArray","ctor":"Float64Array","array":[0,0,0,0,0,0,1,1,1,1]}},{"__type__":"cc.Node","_name":"black_node","_parent":{"__id__":1},"_prefab":{"__type__":"cc.PrefabInfo","root":{"__id__":1},"asset":{"__uuid__":"edUyiT2kBEaKmBo9iETHrL"},"fileId":"2dKw6X42dNna5d5dQXSnX0"},"_trs":{"__type__":"TypedArray","ctor":"Float64Array","array":[-2.828,565.686,0,0,0,0,1,1,1,1]}},{"__type__":"cc.Node","_name":"gray_node","_parent":{"__id__":1},"_prefab":{"__type__":"cc.PrefabInfo","root":{"__id__":1},"asset":{"__uuid__":"edUyiT2kBEaKmBo9iETHrL"},"fileId":"14wsaLemJOZ6YX0jkAtl1L"},"_trs":{"__type__":"TypedArray","ctor":"Float64Array","array":[-2.828,565.686,0,0,0,0,1,1,1,1]}},{"__id__":2},{"__type__":"cc.Node","_name":"redPos_node","_parent":{"__id__":1},"_prefab":{"__type__":"cc.PrefabInfo","root":{"__id__":1},"asset":{"__uuid__":"edUyiT2kBEaKmBo9iETHrL"},"fileId":"33yFJFNt1O9ZVOWsAfNp2H"},"_trs":{"__type__":"TypedArray","ctor":"Float64Array","array":[0,0,0,0,0,0,1,1,1,1]}},{"__type__":"cc.Node","_name":"greenPos_node","_parent":{"__id__":1},"_prefab":{"__type__":"cc.PrefabInfo","root":{"__id__":1},"asset":{"__uuid__":"edUyiT2kBEaKmBo9iETHrL"},"fileId":"68Gxtf/JZF3LCbdTCDtX2s"},"_trs":{"__type__":"TypedArray","ctor":"Float64Array","array":[0,0,0,0,0,0,1,1,1,1]}},{"__id__":3},{"__id__":5}],"_components":[{"__type__":"1100eDGpRlLMYp5CrYQGpcQ","node":{"__id__":1}},{"__type__":"cc.Sprite","node":{"__id__":1},"_materials":[{"__uuid__":"ecpdLyjvZBwrvm+cedCcQy"}],"_spriteFrame":{"__uuid__":"d5bSv4Pk9Gn4dgyFZ+a0wM"}},{"__type__":"cc.RigidBody","node":{"__id__":1},"_type":0},{"__type__":"cc.PhysicsPolygonCollider","node":{"__id__":1},"tag":963,"points":[{"__type__":"cc.Vec2","x":-309,"y":-768},{"__type__":"cc.Vec2","x":313,"y":-765},{"__type__":"cc.Vec2","x":303,"y":214},{"__type__":"cc.Vec2","x":299.6,"y":797.1},{"__type__":"cc.Vec2","x":154,"y":680},{"__type__":"cc.Vec2","x":182.7,"y":663.1},{"__type__":"cc.Vec2","x":180,"y":452.4},{"__type__":"cc.Vec2","x":114.3,"y":385.2},{"__type__":"cc.Vec2","x":196,"y":-471},{"__type__":"cc.Vec2","x":198,"y":-614},{"__type__":"cc.Vec2","x":128,"y":-670},{"__type__":"cc.Vec2","x":12,"y":-695},{"__type__":"cc.Vec2","x":-98,"y":-677},{"__type__":"cc.Vec2","x":-172,"y":-641},{"__type__":"cc.Vec2","x":-204,"y":-574},{"__type__":"cc.Vec2","x":-118,"y":388.9},{"__type__":"cc.Vec2","x":-185.9,"y":453.3},{"__type__":"cc.Vec2","x":-190.7,"y":657.2},{"__type__":"cc.Vec2","x":-174.2,"y":680.2},{"__type__":"cc.Vec2","x":155,"y":681},{"__type__":"cc.Vec2","x":302,"y":798},{"__type__":"cc.Vec2","x":-297,"y":798}]}],"_prefab":{"__type__":"cc.PrefabInfo","root":{"__id__":1},"asset":{"__uuid__":"edUyiT2kBEaKmBo9iETHrL"},"fileId":"96PFIAWKhD7Y6KjnrN4ETj"},"_contentSize":{"__type__":"cc.Size","width":481,"height":1448},"_trs":{"__type__":"TypedArray","ctor":"Float64Array","array":[0,0,0,0,0,0,1,1,1,1]}},{"__type__":"cc.Node","_name":"bulePos_node","_parent":{"__id__":1},"_children":[{"__type__":"cc.Node","_name":"New Node","_parent":{"__id__":2},"_prefab":{"__type__":"cc.PrefabInfo","root":{"__id__":1},"asset":{"__uuid__":"edUyiT2kBEaKmBo9iETHrL"},"fileId":"b1v8vV22xOtY2bVw3ibXXe"},"_trs":{"__type__":"TypedArray","ctor":"Float64Array","array":[0,497.155,0,0,0,0,1,1,1,1]}}],"_prefab":{"__type__":"cc.PrefabInfo","root":{"__id__":1},"asset":{"__uuid__":"edUyiT2kBEaKmBo9iETHrL"},"fileId":"b2UxfzDYxPTbEAM83a43e9"},"_trs":{"__type__":"TypedArray","ctor":"Float64Array","array":[0,0,0,0,0,0,1,1,1,1]}},{"__type__":"cc.Node","_name":"zhenNode","_parent":{"__id__":1},"_children":[{"__id__":4}],"_prefab":{"__type__":"cc.PrefabInfo","root":{"__id__":1},"asset":{"__uuid__":"edUyiT2kBEaKmBo9iETHrL"},"fileId":"7eyoozKWhMwa+dYOJAwlpH"},"_trs":{"__type__":"TypedArray","ctor":"Float64Array","array":[32.164,385.963,0,0,0,0,1,1,1,1]}},{"__type__":"cc.Node","_name":"zhen","_parent":{"__id__":3},"_components":[{"__type__":"cc.Sprite","node":{"__id__":4},"_materials":[{"__uuid__":"ecpdLyjvZBwrvm+cedCcQy"}],"_spriteFrame":{"__uuid__":"81u1O4l2lM2IGXbUA/0aw7"}},{"__type__":"cc.RigidBody","node":{"__id__":4},"_type":0,"_gravityScale":0,"bullet":true},{"__type__":"72555Q9muRD1505Zi2fOOxm","node":{"__id__":4},"guideNode":{"__id__":5},"linevelocityX":500},{"__type__":"cc.PhysicsPolygonCollider","node":{"__id__":4},"_offset":{"__type__":"cc.Vec2","x":239.8},"points":[{"__type__":"cc.Vec2","x":-50,"y":-50},{"__type__":"cc.Vec2","x":50,"y":-50},{"__type__":"cc.Vec2","x":50,"y":50},{"__type__":"cc.Vec2","x":-50,"y":50},{"__type__":"cc.Vec2","x":-49.6,"y":32.9},{"__type__":"cc.Vec2","x":-532.6,"y":31.1},{"__type__":"cc.Vec2","x":-532.3,"y":-26.8},{"__type__":"cc.Vec2","x":-51.6,"y":-28.2}]}],"_prefab":{"__type__":"cc.PrefabInfo","root":{"__id__":1},"asset":{"__uuid__":"edUyiT2kBEaKmBo9iETHrL"},"fileId":"3bnLel7CVPBK4NScO7UtEW"},"_contentSize":{"__type__":"cc.Size","width":587,"height":111},"_trs":{"__type__":"TypedArray","ctor":"Float64Array","array":[0,0,0,0,0,0,1,0.8,0.8,0.8]}},{"__type__":"cc.Node","_name":"xinshou1","_parent":{"__id__":1},"_components":[{"__type__":"cc.Sprite","node":{"__id__":5},"_materials":[{"__uuid__":"ecpdLyjvZBwrvm+cedCcQy"}],"_spriteFrame":{"__uuid__":"1dAZsM1aZFRbHAsnIIdFyX"}}],"_prefab":{"__type__":"cc.PrefabInfo","root":{"__id__":1},"asset":{"__uuid__":"edUyiT2kBEaKmBo9iETHrL"},"fileId":"46T3YMvABDIrkCa2E3W1ow"},"_contentSize":{"__type__":"cc.Size","width":205,"height":257},"_anchorPoint":{"__type__":"cc.Vec2","y":1},"_trs":{"__type__":"TypedArray","ctor":"Float64Array","array":[202.47,393.701,0,0,0,0,1,1,1,1]}}]]