{"__type__":"cc.JsonAsset","_name":"game","json":[{"level":1,"word":[{"word":["救命","快来人呀！"]},{"word":["终于逃出来了","雨下的好大"]}],"btns":[{"left":false,"right":true},{"left":true,"right":false}],"left_image":"1_1_1","right_image":"1_1_2"},{"level":2,"word":[{"word":["那就是绑架我的家伙吗","我要逃出去"]},{"word":["终于逃出来了","雨下的好大"]}],"btns":[{"left":false,"right":true},{"left":true,"right":false}],"left_image":"2_1_1","right_image":"2_1_2"},{"level":3,"word":[{"word":["那就是绑架我的家伙吗","我要逃出去"]},{"word":["终于逃出来了","雨下的好大"]}],"btns":[{"left":false,"right":true},{"left":true,"right":false}]},{"level":4,"word":[{"word":["那就是绑架我的家伙吗","我要逃出去"]},{"word":["终于逃出来了","雨下的好大"]}],"btns":[{"left":false,"right":true},{"left":true,"right":false}]}]}