[{"__type__":"cc.SpriteFrame","content":{"name":"guanqia110","texture":"b71doVZOxCxa4Z3CqpcZ3V","rect":[1,1,954,1503],"offset":[0,-0.5],"originalSize":[956,1504],"capInsets":[0,0,0,0]}},[{"__type__":"cc.Prefab","_name":"UIDerived90","data":{"__id__":1}},{"__type__":"cc.Node","_name":"UIDerived90","_children":[{"__type__":"cc.Node","_name":"bule_node","_parent":{"__id__":1},"_prefab":{"__type__":"cc.PrefabInfo","root":{"__id__":1},"asset":{"__uuid__":"a96jSL6FFOgoo9fZRQA4uM"},"fileId":"69+zHdD3tLu4NCvCy+ZgAV"},"_trs":{"__type__":"TypedArray","ctor":"Float64Array","array":[0,0,0,0,0,0,1,1,1,1]}},{"__type__":"cc.Node","_name":"greenwater_node","_parent":{"__id__":1},"_prefab":{"__type__":"cc.PrefabInfo","root":{"__id__":1},"asset":{"__uuid__":"a96jSL6FFOgoo9fZRQA4uM"},"fileId":"cc96at/FBAh5/o0FSCqNBp"},"_trs":{"__type__":"TypedArray","ctor":"Float64Array","array":[0,0,0,0,0,0,1,1,1,1]}},{"__type__":"cc.Node","_name":"redwater_node","_parent":{"__id__":1},"_prefab":{"__type__":"cc.PrefabInfo","root":{"__id__":1},"asset":{"__uuid__":"a96jSL6FFOgoo9fZRQA4uM"},"fileId":"09DiL5poxIWK2M6Vb/9Ndb"},"_trs":{"__type__":"TypedArray","ctor":"Float64Array","array":[0,0,0,0,0,0,1,1,1,1]}},{"__id__":2},{"__id__":3},{"__id__":4},{"__id__":5},{"__type__":"cc.Node","_name":"greenPos_node","_parent":{"__id__":1},"_prefab":{"__type__":"cc.PrefabInfo","root":{"__id__":1},"asset":{"__uuid__":"a96jSL6FFOgoo9fZRQA4uM"},"fileId":"5cBrLxDA1Mf55DJ6UhPZyP"},"_trs":{"__type__":"TypedArray","ctor":"Float64Array","array":[0,0,0,0,0,0,1,1,1,1]}},{"__id__":6},{"__id__":8},{"__id__":10},{"__id__":12},{"__id__":14},{"__type__":"cc.Node","_name":"player","_parent":{"__id__":1},"_prefab":{"__type__":"cc.PrefabInfo","root":{"__id__":1},"asset":{"__uuid__":"a96jSL6FFOgoo9fZRQA4uM"},"fileId":"daqz40kdRO777zlcmPkBx9"},"_trs":{"__type__":"TypedArray","ctor":"Float64Array","array":[-319.963,-611.924,0,0,0,0,1,-0.7,0.7,1]}}],"_components":[{"__type__":"cc.Sprite","node":{"__id__":1},"_materials":[{"__uuid__":"ecpdLyjvZBwrvm+cedCcQy"}],"_spriteFrame":{"__uuid__":"4ayxvTDIZItLDCOIp7qwog"}},{"__type__":"1100eDGpRlLMYp5CrYQGpcQ","node":{"__id__":1}},{"__type__":"cc.RigidBody","node":{"__id__":1},"_type":0},{"__type__":"cc.PhysicsPolygonCollider","node":{"__id__":1},"_offset":{"__type__":"cc.Vec2","x":-429,"y":-703},"points":[{"__type__":"cc.Vec2","x":-50,"y":-50},{"__type__":"cc.Vec2","x":906,"y":-50},{"__type__":"cc.Vec2","x":908,"y":1456},{"__type__":"cc.Vec2","x":-48.4,"y":1454.9},{"__type__":"cc.Vec2","x":215.6,"y":1407.7},{"__type__":"cc.Vec2","x":610,"y":1407},{"__type__":"cc.Vec2","x":614,"y":1100},{"__type__":"cc.Vec2","x":862,"y":1104},{"__type__":"cc.Vec2","x":859.4,"y":294.7},{"__type__":"cc.Vec2","x":282.2,"y":288.1},{"__type__":"cc.Vec2","x":251,"y":280.5},{"__type__":"cc.Vec2","x":228.7,"y":263.6},{"__type__":"cc.Vec2","x":214.5,"y":239.4},{"__type__":"cc.Vec2","x":214.4,"y":183.7},{"__type__":"cc.Vec2","x":233.5,"y":42.9},{"__type__":"cc.Vec2","x":217.6,"y":10.3},{"__type__":"cc.Vec2","x":192.1,"y":-3.5},{"__type__":"cc.Vec2","x":62.7,"y":-6.8},{"__type__":"cc.Vec2","x":31.9,"y":-1.2},{"__type__":"cc.Vec2","x":4.5,"y":10.1},{"__type__":"cc.Vec2","x":-6.2,"y":41.9},{"__type__":"cc.Vec2","x":-5.8,"y":75.6},{"__type__":"cc.Vec2","x":36.7,"y":318.4},{"__type__":"cc.Vec2","x":68,"y":359},{"__type__":"cc.Vec2","x":116.2,"y":376.7},{"__type__":"cc.Vec2","x":205.8,"y":386.2},{"__type__":"cc.Vec2","x":359.7,"y":386.5},{"__type__":"cc.Vec2","x":410.8,"y":396.5},{"__type__":"cc.Vec2","x":454.1,"y":418.1},{"__type__":"cc.Vec2","x":465.6,"y":439.3},{"__type__":"cc.Vec2","x":470.9,"y":471.9},{"__type__":"cc.Vec2","x":466.1,"y":496},{"__type__":"cc.Vec2","x":454.3,"y":523.3},{"__type__":"cc.Vec2","x":428.5,"y":538.1},{"__type__":"cc.Vec2","x":371,"y":550},{"__type__":"cc.Vec2","x":159,"y":545},{"__type__":"cc.Vec2","x":98.5,"y":555.6},{"__type__":"cc.Vec2","x":49.4,"y":582},{"__type__":"cc.Vec2","x":24.2,"y":613.1},{"__type__":"cc.Vec2","x":11.2,"y":666.2},{"__type__":"cc.Vec2","x":11.2,"y":705.1},{"__type__":"cc.Vec2","x":21.8,"y":743.4},{"__type__":"cc.Vec2","x":69.5,"y":799.5},{"__type__":"cc.Vec2","x":105.6,"y":821.5},{"__type__":"cc.Vec2","x":138.7,"y":822.8},{"__type__":"cc.Vec2","x":177.7,"y":809.8},{"__type__":"cc.Vec2","x":201.7,"y":791.5},{"__type__":"cc.Vec2","x":221,"y":768.7},{"__type__":"cc.Vec2","x":242.8,"y":741.8},{"__type__":"cc.Vec2","x":266,"y":727.4},{"__type__":"cc.Vec2","x":293.1,"y":721.3},{"__type__":"cc.Vec2","x":328.6,"y":722.7},{"__type__":"cc.Vec2","x":355.2,"y":734.6},{"__type__":"cc.Vec2","x":379.7,"y":769.3},{"__type__":"cc.Vec2","x":374.6,"y":983.1},{"__type__":"cc.Vec2","x":364.2,"y":998.8},{"__type__":"cc.Vec2","x":222.5,"y":1110.7},{"__type__":"cc.Vec2","x":214.6,"y":1133.2},{"__type__":"cc.Vec2","x":215.3,"y":1407.4},{"__type__":"cc.Vec2","x":-49,"y":1450.8},{"__type__":"cc.Vec2","x":-50,"y":50}]},{"__type__":"cc.PhysicsBoxCollider","node":{"__id__":1},"_offset":{"__type__":"cc.Vec2","x":241,"y":-4},"_size":{"__type__":"cc.Size","width":164,"height":598}}],"_prefab":{"__type__":"cc.PrefabInfo","root":{"__id__":1},"asset":{"__uuid__":"a96jSL6FFOgoo9fZRQA4uM"},"fileId":"921LoQKmpJR6EViETaslD2"},"_contentSize":{"__type__":"cc.Size","width":956,"height":1503},"_trs":{"__type__":"TypedArray","ctor":"Float64Array","array":[0,0,0,0,0,0,1,1,1,1]}},{"__type__":"cc.Node","_name":"black_node","_parent":{"__id__":1},"_components":[{"__type__":"6c0e8KZwr5L34azTYX21stu","node":{"__id__":2}}],"_prefab":{"__type__":"cc.PrefabInfo","root":{"__id__":1},"asset":{"__uuid__":"a96jSL6FFOgoo9fZRQA4uM"},"fileId":"93545tpVlO7bhfDHdJ1eWR"},"_trs":{"__type__":"TypedArray","ctor":"Float64Array","array":[0,0,0,0,0,0,1,1,1,1]}},{"__type__":"cc.Node","_name":"gray_node","_parent":{"__id__":1},"_components":[{"__type__":"3400dF2d2tHLK8+En9baGXY","node":{"__id__":3},"grey_prefab":{"__uuid__":"13FEeEL1NMaK5TFGpFQpJr"}}],"_prefab":{"__type__":"cc.PrefabInfo","root":{"__id__":1},"asset":{"__uuid__":"a96jSL6FFOgoo9fZRQA4uM"},"fileId":"05GhBQ/dZJQ7tXohAv4Ueg"},"_trs":{"__type__":"TypedArray","ctor":"Float64Array","array":[0,0,0,0,0,0,1,1,1,1]}},{"__type__":"cc.Node","_name":"bulePos_node","_parent":{"__id__":1},"_children":[{"__type__":"cc.Node","_name":"New Node","_parent":{"__id__":4},"_prefab":{"__type__":"cc.PrefabInfo","root":{"__id__":1},"asset":{"__uuid__":"a96jSL6FFOgoo9fZRQA4uM"},"fileId":"8aPGfcLWBIzIhYdOG6o0l8"},"_trs":{"__type__":"TypedArray","ctor":"Float64Array","array":[0,415.634,0,0,0,0,1,1,1,1]}}],"_prefab":{"__type__":"cc.PrefabInfo","root":{"__id__":1},"asset":{"__uuid__":"a96jSL6FFOgoo9fZRQA4uM"},"fileId":"20I+ZPHc9J9r6exLwEedf0"},"_trs":{"__type__":"TypedArray","ctor":"Float64Array","array":[0,0,0,0,0,0,1,1,1,1]}},{"__type__":"cc.Node","_name":"redPos_node","_parent":{"__id__":1},"_children":[{"__type__":"cc.Node","_name":"New Node","_parent":{"__id__":5},"_prefab":{"__type__":"cc.PrefabInfo","root":{"__id__":1},"asset":{"__uuid__":"a96jSL6FFOgoo9fZRQA4uM"},"fileId":"9anmHEnClH6Ks4rRoUHTC+"},"_trs":{"__type__":"TypedArray","ctor":"Float64Array","array":[-285.987,-38.132,0,0,0,0,1,1,1,1]}}],"_prefab":{"__type__":"cc.PrefabInfo","root":{"__id__":1},"asset":{"__uuid__":"a96jSL6FFOgoo9fZRQA4uM"},"fileId":"0bbU41QP9Jwb6ajtxgvDSP"},"_trs":{"__type__":"TypedArray","ctor":"Float64Array","array":[0,0,0,0,0,0,1,1,1,1]}},{"__type__":"cc.Node","_name":"zhenNode","_parent":{"__id__":1},"_children":[{"__id__":7}],"_prefab":{"__type__":"cc.PrefabInfo","root":{"__id__":1},"asset":{"__uuid__":"a96jSL6FFOgoo9fZRQA4uM"},"fileId":"20WQ8S0dBGlIl3Msm7Jhez"},"_trs":{"__type__":"TypedArray","ctor":"Float64Array","array":[24.028,278.695,0,0,0,-1,6.123233995736766e-17,1,1,1]},"_eulerAngles":{"__type__":"cc.Vec3","z":-180},"_groupIndex":8,"groupIndex":8},{"__type__":"cc.Node","_name":"zhen","_parent":{"__id__":6},"_components":[{"__type__":"cc.Sprite","node":{"__id__":7},"_materials":[{"__uuid__":"ecpdLyjvZBwrvm+cedCcQy"}],"_spriteFrame":{"__uuid__":"81u1O4l2lM2IGXbUA/0aw7"},"_type":1,"_sizeMode":0},{"__type__":"cc.RigidBody","node":{"__id__":7},"_type":3,"_allowSleep":false,"_gravityScale":0,"_fixedRotation":true,"enabledContactListener":true,"bullet":true},{"__type__":"cc.PhysicsPolygonCollider","node":{"__id__":7},"tag":222,"_offset":{"__type__":"cc.Vec2","x":241,"y":-1},"points":[{"__type__":"cc.Vec2","x":-88.2,"y":-53.1},{"__type__":"cc.Vec2","x":9.4,"y":-53.2},{"__type__":"cc.Vec2","x":8,"y":58.5},{"__type__":"cc.Vec2","x":-87.2,"y":58.6},{"__type__":"cc.Vec2","x":-105.8,"y":30.6},{"__type__":"cc.Vec2","x":-490.6,"y":29.3},{"__type__":"cc.Vec2","x":-491.8,"y":-27.1},{"__type__":"cc.Vec2","x":-105.5,"y":-25.3}]},{"__type__":"72555Q9muRD1505Zi2fOOxm","node":{"__id__":7},"linevelocityX":500}],"_prefab":{"__type__":"cc.PrefabInfo","root":{"__id__":1},"asset":{"__uuid__":"a96jSL6FFOgoo9fZRQA4uM"},"fileId":"fbP5J+GmFHEpTTPmoZEK1F"},"_contentSize":{"__type__":"cc.Size","width":500,"height":111},"_trs":{"__type__":"TypedArray","ctor":"Float64Array","array":[0,0,0,0,0,0,1,0.8,0.8,0.8]},"_groupIndex":8,"groupIndex":8},{"__type__":"cc.Node","_name":"zhenNode","_parent":{"__id__":1},"_children":[{"__id__":9}],"_prefab":{"__type__":"cc.PrefabInfo","root":{"__id__":1},"asset":{"__uuid__":"a96jSL6FFOgoo9fZRQA4uM"},"fileId":"4cAO2DxhFLqr/TMjMUOlV1"},"_trs":{"__type__":"TypedArray","ctor":"Float64Array","array":[292.43,373.695,0,0,0,0.7071067811865475,0.7071067811865476,1,1,1]},"_eulerAngles":{"__type__":"cc.Vec3","z":90},"_groupIndex":8,"groupIndex":8},{"__type__":"cc.Node","_name":"zhen","_parent":{"__id__":8},"_components":[{"__type__":"cc.Sprite","node":{"__id__":9},"_materials":[{"__uuid__":"ecpdLyjvZBwrvm+cedCcQy"}],"_spriteFrame":{"__uuid__":"81u1O4l2lM2IGXbUA/0aw7"},"_type":1,"_sizeMode":0},{"__type__":"cc.RigidBody","node":{"__id__":9},"_type":3,"_allowSleep":false,"_gravityScale":0,"_fixedRotation":true,"enabledContactListener":true,"bullet":true},{"__type__":"cc.PhysicsPolygonCollider","node":{"__id__":9},"tag":222,"_offset":{"__type__":"cc.Vec2","x":241,"y":-1},"points":[{"__type__":"cc.Vec2","x":-125.1,"y":-53.1},{"__type__":"cc.Vec2","x":-15.6,"y":-55},{"__type__":"cc.Vec2","x":-15.8,"y":59.1},{"__type__":"cc.Vec2","x":-128.3,"y":56.8},{"__type__":"cc.Vec2","x":-135,"y":33.6},{"__type__":"cc.Vec2","x":-468,"y":37},{"__type__":"cc.Vec2","x":-467,"y":-34},{"__type__":"cc.Vec2","x":-129,"y":-31}]},{"__type__":"72555Q9muRD1505Zi2fOOxm","node":{"__id__":9},"linevelocityX":500}],"_prefab":{"__type__":"cc.PrefabInfo","root":{"__id__":1},"asset":{"__uuid__":"a96jSL6FFOgoo9fZRQA4uM"},"fileId":"a3ChTYkEJF4pquF9O/m7WK"},"_contentSize":{"__type__":"cc.Size","width":450,"height":111},"_trs":{"__type__":"TypedArray","ctor":"Float64Array","array":[0,0,0,0,0,0,1,0.8,0.8,0.8]},"_groupIndex":8,"groupIndex":8},{"__type__":"cc.Node","_name":"zhenNode","_parent":{"__id__":1},"_children":[{"__id__":11}],"_prefab":{"__type__":"cc.PrefabInfo","root":{"__id__":1},"asset":{"__uuid__":"a96jSL6FFOgoo9fZRQA4uM"},"fileId":"59Q5Dq6P5ML7KwEaFefOCt"},"_trs":{"__type__":"TypedArray","ctor":"Float64Array","array":[277.973,-359.464,0,0,0,-0.7071067811865475,0.7071067811865476,1,1,1]},"_eulerAngles":{"__type__":"cc.Vec3","z":-90},"_groupIndex":8,"groupIndex":8},{"__type__":"cc.Node","_name":"zhen","_parent":{"__id__":10},"_components":[{"__type__":"cc.Sprite","node":{"__id__":11},"_materials":[{"__uuid__":"ecpdLyjvZBwrvm+cedCcQy"}],"_spriteFrame":{"__uuid__":"81u1O4l2lM2IGXbUA/0aw7"},"_type":1,"_sizeMode":0},{"__type__":"cc.RigidBody","node":{"__id__":11},"_type":3,"_allowSleep":false,"_gravityScale":0,"_fixedRotation":true,"enabledContactListener":true,"bullet":true},{"__type__":"cc.PhysicsPolygonCollider","node":{"__id__":11},"tag":222,"_offset":{"__type__":"cc.Vec2","x":241,"y":-1},"points":[{"__type__":"cc.Vec2","x":-125.1,"y":-53.1},{"__type__":"cc.Vec2","x":-15.6,"y":-55},{"__type__":"cc.Vec2","x":-15.8,"y":59.1},{"__type__":"cc.Vec2","x":-128.3,"y":56.8},{"__type__":"cc.Vec2","x":-135,"y":33.6},{"__type__":"cc.Vec2","x":-468,"y":37},{"__type__":"cc.Vec2","x":-467,"y":-34},{"__type__":"cc.Vec2","x":-129,"y":-31}]},{"__type__":"72555Q9muRD1505Zi2fOOxm","node":{"__id__":11},"linevelocityX":500}],"_prefab":{"__type__":"cc.PrefabInfo","root":{"__id__":1},"asset":{"__uuid__":"a96jSL6FFOgoo9fZRQA4uM"},"fileId":"1fbd1XusVIdY0e+9f9zXcy"},"_contentSize":{"__type__":"cc.Size","width":450,"height":111},"_trs":{"__type__":"TypedArray","ctor":"Float64Array","array":[0,0,0,0,0,0,1,0.8,0.8,0.8]},"_groupIndex":8,"groupIndex":8},{"__type__":"cc.Node","_name":"zhenNode","_parent":{"__id__":1},"_children":[{"__id__":13}],"_prefab":{"__type__":"cc.PrefabInfo","root":{"__id__":1},"asset":{"__uuid__":"a96jSL6FFOgoo9fZRQA4uM"},"fileId":"8bAtCQiAREbpT2LsyRr7w7"},"_trs":{"__type__":"TypedArray","ctor":"Float64Array","array":[-128.671,-153.653,0,0,0,0.7071067811865475,0.7071067811865476,1,1,1]},"_eulerAngles":{"__type__":"cc.Vec3","z":90},"_groupIndex":8,"groupIndex":8},{"__type__":"cc.Node","_name":"zhen","_parent":{"__id__":12},"_components":[{"__type__":"cc.Sprite","node":{"__id__":13},"_materials":[{"__uuid__":"ecpdLyjvZBwrvm+cedCcQy"}],"_spriteFrame":{"__uuid__":"81u1O4l2lM2IGXbUA/0aw7"},"_type":1,"_sizeMode":0},{"__type__":"cc.RigidBody","node":{"__id__":13},"_type":3,"_allowSleep":false,"_gravityScale":0,"_fixedRotation":true,"enabledContactListener":true,"bullet":true},{"__type__":"cc.PhysicsPolygonCollider","node":{"__id__":13},"tag":222,"_offset":{"__type__":"cc.Vec2","x":241,"y":-1},"points":[{"__type__":"cc.Vec2","x":127.2,"y":-53.8},{"__type__":"cc.Vec2","x":208,"y":-54},{"__type__":"cc.Vec2","x":208.5,"y":55.7},{"__type__":"cc.Vec2","x":113,"y":56.1},{"__type__":"cc.Vec2","x":95.3,"y":28.1},{"__type__":"cc.Vec2","x":-690.3,"y":26.1},{"__type__":"cc.Vec2","x":-690,"y":-24},{"__type__":"cc.Vec2","x":98.4,"y":-23.7}]},{"__type__":"72555Q9muRD1505Zi2fOOxm","node":{"__id__":13},"linevelocityX":500}],"_prefab":{"__type__":"cc.PrefabInfo","root":{"__id__":1},"asset":{"__uuid__":"a96jSL6FFOgoo9fZRQA4uM"},"fileId":"e1jg70R31EPZau6kS1MlYB"},"_contentSize":{"__type__":"cc.Size","width":900,"height":111},"_trs":{"__type__":"TypedArray","ctor":"Float64Array","array":[0,0,0,0,0,0,1,0.8,0.8,0.8]},"_groupIndex":8,"groupIndex":8},{"__type__":"cc.Node","_name":"zhenNode","_parent":{"__id__":1},"_children":[{"__id__":15}],"_prefab":{"__type__":"cc.PrefabInfo","root":{"__id__":1},"asset":{"__uuid__":"a96jSL6FFOgoo9fZRQA4uM"},"fileId":"feb6sbP0JJL4R23we27ckp"},"_trs":{"__type__":"TypedArray","ctor":"Float64Array","array":[68.842,-151.993,0,0,0,-0.9500401698251654,0.31212765932959374,1,1,1]},"_eulerAngles":{"__type__":"cc.Vec3","z":-143.625},"_groupIndex":8,"groupIndex":8},{"__type__":"cc.Node","_name":"zhen","_parent":{"__id__":14},"_components":[{"__type__":"cc.Sprite","node":{"__id__":15},"_materials":[{"__uuid__":"ecpdLyjvZBwrvm+cedCcQy"}],"_spriteFrame":{"__uuid__":"81u1O4l2lM2IGXbUA/0aw7"},"_type":1,"_sizeMode":0},{"__type__":"cc.RigidBody","node":{"__id__":15},"_type":3,"_allowSleep":false,"_gravityScale":0,"_fixedRotation":true,"enabledContactListener":true,"bullet":true},{"__type__":"cc.PhysicsPolygonCollider","node":{"__id__":15},"tag":222,"_offset":{"__type__":"cc.Vec2","x":241,"y":-1},"points":[{"__type__":"cc.Vec2","x":-125.1,"y":-53.1},{"__type__":"cc.Vec2","x":-15.6,"y":-55},{"__type__":"cc.Vec2","x":-15.8,"y":59.1},{"__type__":"cc.Vec2","x":-128.3,"y":56.8},{"__type__":"cc.Vec2","x":-135,"y":33.6},{"__type__":"cc.Vec2","x":-468,"y":37},{"__type__":"cc.Vec2","x":-467,"y":-34},{"__type__":"cc.Vec2","x":-129,"y":-31}]},{"__type__":"72555Q9muRD1505Zi2fOOxm","node":{"__id__":15},"linevelocityX":500}],"_prefab":{"__type__":"cc.PrefabInfo","root":{"__id__":1},"asset":{"__uuid__":"a96jSL6FFOgoo9fZRQA4uM"},"fileId":"98R2kgDZBAv4kM3HuKhnRy"},"_contentSize":{"__type__":"cc.Size","width":450,"height":111},"_trs":{"__type__":"TypedArray","ctor":"Float64Array","array":[0,0,0,0,0,0,1,0.8,0.8,0.8]},"_groupIndex":8,"groupIndex":8}]]