[{"__type__":"cc.Prefab","_name":"evilFish","data":{"__id__":1}},{"__type__":"cc.Node","_name":"evilFish","_components":[{"__type__":"sp.Skeleton","node":{"__id__":1},"_materials":[{"__uuid__":"7a/QZLET9IDreTiBfRn2PD"}],"_preCacheMode":0,"_N$skeletonData":{"__uuid__":"2dpI0oihRHGrJT4rUVPvz4"}}],"_prefab":{"__type__":"cc.PrefabInfo","root":{"__id__":1},"asset":{"__id__":0},"fileId":"03xmgSryVM5Znu9IvghM0o"},"_contentSize":{"__type__":"cc.Size","width":242.6,"height":165},"_trs":{"__type__":"TypedArray","ctor":"Float64Array","array":[0,0,0,0,0,0,1,1,1,1]}}]